INSERT INTO `card` (id, type, title, header, content, option) VALUES ('Zebra', 2, 'Pundamilia', 'assets/topic/zebra.svg', 'pamoja na alama zao za milia myeupe na myeusi, ni nani hatoweza kumtambua Pundamilia! Pundamilia ni mnyama mwenye kwato moja ambao asili yao ni Afrika. Pundamilia ni jamii ya familia ya farasi na wana husiana sana na farasi na Punda. Kwasasa Pundamilia Ni miongoni mwa wanyama walio hatarini kutoweka, kwa orodha ya 2500 - 2700 duniani.', 'FF9DEDE3');
INSERT INTO `card` (id, type, title, header, content, option) VALUES ('Zebra_3', 1, 'Ninaweza kumchora Pundamilia', 'assets/topic/zebraStripless_3.svg', 'Chora Milia kwa kutumia rangi nyeusi kwenye mnyama kubuni Pundamilia', NULL);
INSERT INTO `cardExtra` (cardId, type, serial, content) VALUES ('Zebra_3', 2, 1, 'assets/topic/zebraStripless_3.svg');
INSERT INTO `card` (id, type, title, header, content, option) VALUES ('Zebra_5', 1, 'Kubuni Pundamilia', 'assets/topic/zebrahandprint_6.svg', 'Buni Pundamilia kufuatisha Mchoro', NULL);
INSERT INTO `cardExtra` (cardId, type, serial, content) VALUES ('Zebra_5', 2, 1, 'assets/topic/zebrahandprint_6.svg');
INSERT INTO `card` (id, type, title, header, content, option) VALUES ('Zebra_7', 1, 'Sehemu yangu ya kubuni ya kuhifadhia Pundamilia', 'assets/topic/zebra_8.svg', 'kwa kutumia Picha, Buni hifadhi ya Pundamilia', 'zebra');
INSERT INTO `cardExtra` (cardId, type, serial, content) VALUES ('Zebra_7', 2, 1, 'assets/topic/zebra_8.svg');
INSERT INTO `card` (id, type, title, header, content, option) VALUES ('Zebra_9', 1, 'Alama za Pundamilia barabarani', 'assets/topic/zebracrossing_10.svg', 'Chora alama za Pundamilia kusaidia watu kuvuka barabara', NULL);
INSERT INTO `cardExtra` (cardId, type, serial, content) VALUES ('Zebra_9', 2, 1, 'assets/topic/zebracrossing_10.svg');
INSERT INTO `card` (id, type, title, header, content, option) VALUES ('Zebra_11', 3, 'Kuangalia kati ya uzao wa Familia yao', 'assets/topic/zebra_5.jpg', 'Pundamilia ni asili ya Bara la Afrika. Mara nyingine tunafikiri Pundamilia ni Farasi wenye MIlia. Hapana, hauko sahihi. Pundamilia ni jamii ya familia ya Farasi lakini ni wa kipekee sana. Lakini wana uhusiano wa karibu na Farasi, pamoja na Punda. Kuna aina tatu tofauti za Pundamilia. Pundamilia wa tambarare, pundamilia wa milimani na pundamilia wa nusu kame. Pundamilia wa tambarare wanapatikana kwenye ardhi yenye nyasi isiyokuwa na miti na katika misitu ya mashariki na kusini mwa Africa. Pundamilia wa milimani asili yao ni katika ukanda wa milimani wa kusini magharibi mwa Africa. Pundamilia wa nusu kame wanapatikana katika maeneo machache ya Kenya na Ethiopia. Pundamilia wa nusu kame wana uzito wa kati ya kilo 350 - 450. Pundamilia wa milimani wana uzito wa kati ya 240 hadi 372 na pundamilia wa tambarare wana uzito wa kilo 350. Wow huo ni uzito haswa.', NULL);
INSERT INTO `card` (id, type, title, header, content, option) VALUES ('Zebra_12', 0, 'Je Pundamilia ni jamii ya Farasi?', 'assets/topic/zebra_5.jpg', NULL, 'oneAtATime');
INSERT INTO `cardExtra` (cardId, type, serial, content) VALUES ('Zebra_12', 1, 1, 'Ndio');
INSERT INTO `cardExtra` (cardId, type, serial, content) VALUES ('Zebra_12', 0, 1, 'Hapana');
INSERT INTO `card` (id, type, title, header, content, option) VALUES ('Zebra_15', 3, 'Tabia ya kipekee ya rafiki Milia', 'assets/topic/zebraArticle_9.jpg', 'Pundamilia wanaishi kwenye makundi ya kifamilia wakiongozwa na Pundamilia wa kiume mwenye pundamilia wa kike wengi na watoto. Pundamilia wa kiume anajulikana kama fahali.Pundamilia wa kike anajulikana kama Pundamilia jike. Pundamilia mtoto anajulikana kama Kihongwe.  Mara nyingi Pundamilia hula Nyasi na wanaweza kusafiri hadi umbali wa maili 1800 kutafuta chakula. Kuwa wanyama wala Mimea, wakati mwingine hula Magome ya miti, matawi na pia Majani. Pundamilia Jike hubeba mimba kwa muda wa miezi 12 hadi 14. Pundamilia watoto huwa na uzito wa kilo 25 had 40 wanapozaliwa. Punde baada ya kuzaliwa, Pundamilia watoto wana uwezo wa kutembea na kukimbia. Pundamilia hujitegemea wanapofikisha umri wa miaka 3 hadi 6. Uhai wa Pundamilia ni kati ya miaka 30 hadi 40. Je! tabia hizi sio za kipekee?.', NULL);
INSERT INTO `card` (id, type, title, header, content, option) VALUES ('Zebra_16', 0, 'Chagua neno sahihi', 'assets/topic/zebra_5.jpg', NULL, 'oneAtATime');
INSERT INTO `cardExtra` (cardId, type, serial, content) VALUES ('Zebra_16', 1, 1, 'Mla mimea');
INSERT INTO `cardExtra` (cardId, type, serial, content) VALUES ('Zebra_16', 0, 1, 'Mla Memia');
INSERT INTO `cardExtra` (cardId, type, serial, content) VALUES ('Zebra_16', 0, 2, 'Memia Mla');
INSERT INTO `card` (id, type, title, header, content, option) VALUES ('Zebra_20', 3, 'Muungano wa kijamii wa Pundamilia', 'assets/topic/zebra_5.jpg', 'Mara nyingi Pundamilia hupatikana kwenye makundi mengine ya wanyama, hususani wanyama pori kwa ajili ya usalama wa idadi yao. Mara nyingi Kundi kubwa la wanyama huwachanganya wanyama wala Nyama. Pundamilia wana njia kadhaa za kuwasiliana na wengine. Ishara ya uso kama kufungua macho kwa mapana au kukenua meno, vyote vikiashiria vitu. Pia wanabweka, wanatoa milio na kukoroma ili kueleweka. Hata uwekaji wa masikio yao hutoa ishara za hisia zao. Wanaweza kuzungusha masikio yao kuelekea mwelekeo wowote. Pundamilia hulala wakiwa wamesimama na inapendeza sana. Unafikiri unaweza kulala ukiwa umesimama? na, hulala endapo wapo salama kwenye makundi yao. Je!, Muungano wa jamii yao haushangazi?.', NULL);
INSERT INTO `card` (id, type, title, header, content, option) VALUES ('Zebra_21', 3, 'Ukweli Muhimu ambao Pundamilia hubeba', 'assets/topic/zebra_5.jpg', 'Jina la Kingereza la Pundamilia ni Zebra.  Hii inapendeza sana! hakuna Pundamilia wawili wenye Milia miwili inayofanana. Wapo kama alama za vidole vyetu. Wow!. Lazima kutakua na tofauti kubwa ya chati zao! Alama za Pundamilia zimetokana na milia myeusi na myeupe ya Pundamilia. Alama za Pundamilia pia zinajulikana kama Kivuko cha watembea kwa miguu. Sasa huo sio uhamasishaji?. Pundamilia wenye kasi zaidi. Ukweli ni kwamba wana uwezo wa kukimbia hadi maili 65 kwa saa. Sasa hii ni kasi kweli!. Pundamilia huonekana wazuri na rafiki, lakini wanaweza kuwa wanyama wenye fujo pia! Ung''ataji wao wa kutoboa na mateke yenye nguvu vinatosha kusababisha uharibu mkubwa na mara nyingine hata kuua.! hiyo ni Tahadhari!. Kuwa mbali na wanyama wenye milia.', NULL);
INSERT INTO `card` (id, type, title, header, content, option) VALUES ('Zebra_22', 0, 'Chagua neno sahihi', 'assets/topic/zebraAfrica_39.jpg', NULL, 'oneAtATime');
INSERT INTO `cardExtra` (cardId, type, serial, content) VALUES ('Zebra_22', 1, 1, 'Afrika');
INSERT INTO `cardExtra` (cardId, type, serial, content) VALUES ('Zebra_22', 0, 1, 'Rikafa');
INSERT INTO `cardExtra` (cardId, type, serial, content) VALUES ('Zebra_22', 0, 2, 'Karifa');
INSERT INTO `card` (id, type, title, header, content, option) VALUES ('Zebra_26', 0, 'Chagua neno sahihi', 'assets/topic/zebra_5.jpg', NULL, 'oneAtATime');
INSERT INTO `cardExtra` (cardId, type, serial, content) VALUES ('Zebra_26', 1, 1, 'Pundamilia');
INSERT INTO `cardExtra` (cardId, type, serial, content) VALUES ('Zebra_26', 0, 1, 'Miliapunda');
INSERT INTO `cardExtra` (cardId, type, serial, content) VALUES ('Zebra_26', 0, 2, 'ndapumilia');
INSERT INTO `card` (id, type, title, header, content, option) VALUES ('Zebra_30', 0, 'Pundamilia ni mnyama mzuri sana, lakini anaweza kuwa____.', 'assets/topic/zebraArticle_9.jpg', NULL, 'oneAtATime');
INSERT INTO `cardExtra` (cardId, type, serial, content) VALUES ('Zebra_30', 1, 1, 'na fujo sana');
INSERT INTO `cardExtra` (cardId, type, serial, content) VALUES ('Zebra_30', 0, 1, 'Rafiki sana');
INSERT INTO `cardExtra` (cardId, type, serial, content) VALUES ('Zebra_30', 0, 2, 'Mkali sana');
INSERT INTO `card` (id, type, title, header, content, option) VALUES ('Zebra_34', 0, 'Hakuna miwili ____________ inayofanana.', 'assets/topic/zebraArticle_9.jpg', NULL, 'oneAtATime');
INSERT INTO `cardExtra` (cardId, type, serial, content) VALUES ('Zebra_34', 1, 1, 'Milia');
INSERT INTO `cardExtra` (cardId, type, serial, content) VALUES ('Zebra_34', 0, 1, 'Mikia');
INSERT INTO `cardExtra` (cardId, type, serial, content) VALUES ('Zebra_34', 0, 2, 'Chati');
INSERT INTO `card` (id, type, title, header, content, option) VALUES ('Zebra_38', 0, 'Pundamilia ni Mnyama mla Mimea?', 'assets/topic/zebra_5.jpg', NULL, 'oneAtATime');
INSERT INTO `cardExtra` (cardId, type, serial, content) VALUES ('Zebra_38', 1, 1, 'Ndio');
INSERT INTO `cardExtra` (cardId, type, serial, content) VALUES ('Zebra_38', 0, 1, 'hapana');
INSERT INTO `card` (id, type, title, header, content, option) VALUES ('Zebra_41', 0, 'Oaisha sehemu kukamilisha Picha', 'assets/topic/zebra_5.jpg', NULL, 'pair');
INSERT INTO `cardExtra` (cardId, type, serial, content) VALUES ('Zebra_41', 1, 1, 'assets/topic/zebraEars_35.jpg');
INSERT INTO `cardExtra` (cardId, type, serial, content) VALUES ('Zebra_41', 1, 2, 'Sikio');
INSERT INTO `cardExtra` (cardId, type, serial, content) VALUES ('Zebra_41', 1, 3, 'assets/topic/zebraLegs_36.jpg');
INSERT INTO `cardExtra` (cardId, type, serial, content) VALUES ('Zebra_41', 1, 4, 'Mguu');
INSERT INTO `cardExtra` (cardId, type, serial, content) VALUES ('Zebra_41', 1, 5, 'assets/topic/zebraTail_37.jpg');
INSERT INTO `cardExtra` (cardId, type, serial, content) VALUES ('Zebra_41', 1, 6, 'Mkia');
INSERT INTO `card` (id, type, title, header, content, option) VALUES ('Fischer''s lovebird', 2, 'Cherero machungwa', 'assets/topic/lovebird.svg', NULL, 'FFF4E1B5');
INSERT INTO `card` (id, type, title, header, content, option) VALUES ('Fischer''s lovebird_3', 1, 'Cherero machungwa wangu mdogo mzuri', 'assets/topic/lovebirdtemp_4.svg', NULL, NULL);
INSERT INTO `cardExtra` (cardId, type, serial, content) VALUES ('Fischer''s lovebird_3', 2, 1, 'assets/topic/lovebirdtemp_4.svg');
INSERT INTO `card` (id, type, title, header, content, option) VALUES ('Fischer''s lovebird_5', 1, 'Ninaweza kutengeneza Cherero machungwa wa peke yangu', 'assets/topic/lovebirdtemp_6.svg', NULL, NULL);
INSERT INTO `cardExtra` (cardId, type, serial, content) VALUES ('Fischer''s lovebird_5', 2, 1, 'assets/topic/lovebirdtemp_6.svg');
INSERT INTO `card` (id, type, title, header, content, option) VALUES ('Fischer''s lovebird_7', 1, 'Ndege wangu mtakatifu', 'assets/topic/lovebirdtemp_8.svg', NULL, NULL);
INSERT INTO `cardExtra` (cardId, type, serial, content) VALUES ('Fischer''s lovebird_7', 2, 1, 'assets/topic/lovebirdtemp_8.svg');
INSERT INTO `card` (id, type, title, header, content, option) VALUES ('Fischer''s lovebird_9', 1, 'isiyo rangi hadi yenye rangi', 'assets/topic/lovebirdtemp_10.svg', NULL, NULL);
INSERT INTO `cardExtra` (cardId, type, serial, content) VALUES ('Fischer''s lovebird_9', 2, 1, 'assets/topic/lovebirdtemp_10.svg');
INSERT INTO `card` (id, type, title, header, content, option) VALUES ('Fischer''s lovebird_11', 3, 'Uelewa Mdogo kuhusu ndege mdogo', 'assets/topic/lovebirdArticle_6.jpg', NULL, NULL);
INSERT INTO `card` (id, type, title, header, content, option) VALUES ('Fischer''s lovebird_12', 0, 'Asili ya Cherero machungwa ni wapi?', 'assets/topic/zebraAfrica_39.jpg', NULL, 'oneAtATime');
INSERT INTO `cardExtra` (cardId, type, serial, content) VALUES ('Fischer''s lovebird_12', 1, 1, 'Afrika ya kati');
INSERT INTO `cardExtra` (cardId, type, serial, content) VALUES ('Fischer''s lovebird_12', 0, 1, 'Marekani');
INSERT INTO `cardExtra` (cardId, type, serial, content) VALUES ('Fischer''s lovebird_12', 0, 2, 'India');
INSERT INTO `card` (id, type, title, header, content, option) VALUES ('Fischer''s lovebird_16', 3, 'Muonekano wake wa kuvutia', 'assets/topic/fischerslovebird_7.jpg', NULL, NULL);
INSERT INTO `card` (id, type, title, header, content, option) VALUES ('Fischer''s lovebird_17', 0, 'Tambua Sehemu za mwili na oanisha pamoja na majina yake', 'assets/topic/fischerslovebird_7.jpg', NULL, 'pair');
INSERT INTO `cardExtra` (cardId, type, serial, content) VALUES ('Fischer''s lovebird_17', 1, 1, 'Mkia');
INSERT INTO `cardExtra` (cardId, type, serial, content) VALUES ('Fischer''s lovebird_17', 1, 2, 'assets/topic/birdtail_31.jpg');
INSERT INTO `cardExtra` (cardId, type, serial, content) VALUES ('Fischer''s lovebird_17', 1, 3, 'Mwili');
INSERT INTO `cardExtra` (cardId, type, serial, content) VALUES ('Fischer''s lovebird_17', 1, 4, 'assets/topic/birdbody_33.jpg');
INSERT INTO `cardExtra` (cardId, type, serial, content) VALUES ('Fischer''s lovebird_17', 1, 5, 'Mdomo');
INSERT INTO `cardExtra` (cardId, type, serial, content) VALUES ('Fischer''s lovebird_17', 1, 6, 'assets/topic/birdbeak_35.jpg');
INSERT INTO `cardExtra` (cardId, type, serial, content) VALUES ('Fischer''s lovebird_17', 1, 7, 'Nyoya');
INSERT INTO `cardExtra` (cardId, type, serial, content) VALUES ('Fischer''s lovebird_17', 1, 8, 'assets/topic/birdfeather_37.jpg');
INSERT INTO `cardExtra` (cardId, type, serial, content) VALUES ('Fischer''s lovebird_17', 1, 9, 'Mguu');
INSERT INTO `cardExtra` (cardId, type, serial, content) VALUES ('Fischer''s lovebird_17', 1, 10, 'assets/topic/birdfeet_39.jpg');
INSERT INTO `card` (id, type, title, header, content, option) VALUES ('Fischer''s lovebird_28', 3, 'Kupata kujua Tabia', 'assets/topic/lovebirdArticle_6.jpg', NULL, NULL);
INSERT INTO `card` (id, type, title, header, content, option) VALUES ('Fischer''s lovebird_29', 0, 'Mtoto__________', 'assets/topic/lovebirdchick_34.jpg', NULL, 'oneAtATime');
INSERT INTO `cardExtra` (cardId, type, serial, content) VALUES ('Fischer''s lovebird_29', 1, 1, 'Vifaranga');
INSERT INTO `cardExtra` (cardId, type, serial, content) VALUES ('Fischer''s lovebird_29', 0, 1, 'Ndama');
INSERT INTO `card` (id, type, title, header, content, option) VALUES ('Fischer''s lovebird_32', 3, 'kuhusu vifaranga', 'assets/topic/lovebirdEgg_10.jpg', NULL, NULL);
INSERT INTO `card` (id, type, title, header, content, option) VALUES ('Fischer''s lovebird_33', 0, 'Cherero machungwa hutengeneza nyumba zao ndani ya maji', 'assets/topic/lovebirdArticle_6.jpg', NULL, 'oneAtATime');
INSERT INTO `cardExtra` (cardId, type, serial, content) VALUES ('Fischer''s lovebird_33', 1, 1, 'Si kweli');
INSERT INTO `cardExtra` (cardId, type, serial, content) VALUES ('Fischer''s lovebird_33', 0, 1, 'Kweli');
INSERT INTO `card` (id, type, title, header, content, option) VALUES ('Fischer''s lovebird_36', 3, 'Ukweli Muhimu usioweza kuepukika', 'assets/topic/lovebirdArticle_6.jpg', NULL, NULL);
INSERT INTO `card` (id, type, title, header, content, option) VALUES ('Fischer''s lovebird_41', 0, 'Gustav_________', 'assets/topic/fischerslovebird_7.jpg', NULL, 'oneAtATime');
INSERT INTO `cardExtra` (cardId, type, serial, content) VALUES ('Fischer''s lovebird_41', 1, 1, 'Fischer');
INSERT INTO `cardExtra` (cardId, type, serial, content) VALUES ('Fischer''s lovebird_41', 0, 1, 'Marvel');
INSERT INTO `card` (id, type, title, header, content, option) VALUES ('Fischer''s lovebird_44', 0, 'Ring___________', 'assets/topic/lovebirdEye_40.jpg', NULL, 'oneAtATime');
INSERT INTO `cardExtra` (cardId, type, serial, content) VALUES ('Fischer''s lovebird_44', 1, 1, 'Macho');
INSERT INTO `cardExtra` (cardId, type, serial, content) VALUES ('Fischer''s lovebird_44', 0, 1, 'Mkia');
INSERT INTO `card` (id, type, title, header, content, option) VALUES ('Animals', 2, 'Animals', NULL, NULL, NULL);
INSERT INTO `collection` (id, serial, cardId) VALUES ('Zebra', 1, 'Zebra_3');
INSERT INTO `collection` (id, serial, cardId) VALUES ('Zebra', 2, 'Zebra_5');
INSERT INTO `collection` (id, serial, cardId) VALUES ('Zebra', 3, 'Zebra_7');
INSERT INTO `collection` (id, serial, cardId) VALUES ('Zebra', 4, 'Zebra_9');
INSERT INTO `collection` (id, serial, cardId) VALUES ('Zebra', 5, 'Zebra_11');
INSERT INTO `collection` (id, serial, cardId) VALUES ('Zebra', 6, 'Zebra_12');
INSERT INTO `collection` (id, serial, cardId) VALUES ('Zebra', 7, 'Zebra_15');
INSERT INTO `collection` (id, serial, cardId) VALUES ('Zebra', 8, 'Zebra_16');
INSERT INTO `collection` (id, serial, cardId) VALUES ('Zebra', 9, 'Zebra_20');
INSERT INTO `collection` (id, serial, cardId) VALUES ('Zebra', 10, 'Zebra_21');
INSERT INTO `collection` (id, serial, cardId) VALUES ('Zebra', 11, 'Zebra_22');
INSERT INTO `collection` (id, serial, cardId) VALUES ('Zebra', 12, 'Zebra_26');
INSERT INTO `collection` (id, serial, cardId) VALUES ('Zebra', 13, 'Zebra_30');
INSERT INTO `collection` (id, serial, cardId) VALUES ('Zebra', 14, 'Zebra_34');
INSERT INTO `collection` (id, serial, cardId) VALUES ('Zebra', 15, 'Zebra_38');
INSERT INTO `collection` (id, serial, cardId) VALUES ('Zebra', 16, 'Zebra_41');
INSERT INTO `collection` (id, serial, cardId) VALUES ('Fischer''s lovebird', 1, 'Fischer''s lovebird_3');
INSERT INTO `collection` (id, serial, cardId) VALUES ('Fischer''s lovebird', 2, 'Fischer''s lovebird_5');
INSERT INTO `collection` (id, serial, cardId) VALUES ('Fischer''s lovebird', 3, 'Fischer''s lovebird_7');
INSERT INTO `collection` (id, serial, cardId) VALUES ('Fischer''s lovebird', 4, 'Fischer''s lovebird_9');
INSERT INTO `collection` (id, serial, cardId) VALUES ('Fischer''s lovebird', 5, 'Fischer''s lovebird_11');
INSERT INTO `collection` (id, serial, cardId) VALUES ('Fischer''s lovebird', 6, 'Fischer''s lovebird_12');
INSERT INTO `collection` (id, serial, cardId) VALUES ('Fischer''s lovebird', 7, 'Fischer''s lovebird_16');
INSERT INTO `collection` (id, serial, cardId) VALUES ('Fischer''s lovebird', 8, 'Fischer''s lovebird_17');
INSERT INTO `collection` (id, serial, cardId) VALUES ('Fischer''s lovebird', 9, 'Fischer''s lovebird_28');
INSERT INTO `collection` (id, serial, cardId) VALUES ('Fischer''s lovebird', 10, 'Fischer''s lovebird_29');
INSERT INTO `collection` (id, serial, cardId) VALUES ('Fischer''s lovebird', 11, 'Fischer''s lovebird_32');
INSERT INTO `collection` (id, serial, cardId) VALUES ('Fischer''s lovebird', 12, 'Fischer''s lovebird_33');
INSERT INTO `collection` (id, serial, cardId) VALUES ('Fischer''s lovebird', 13, 'Fischer''s lovebird_36');
INSERT INTO `collection` (id, serial, cardId) VALUES ('Fischer''s lovebird', 14, 'Fischer''s lovebird_41');
INSERT INTO `collection` (id, serial, cardId) VALUES ('Fischer''s lovebird', 15, 'Fischer''s lovebird_44');
INSERT INTO `collection` (id, serial, cardId) VALUES ('Animals', 0, 'Zebra');
INSERT INTO `collection` (id, serial, cardId) VALUES ('Animals', 1, 'Fischer''s lovebird');
