INSERT INTO `card` (id, type, title, header, content, option) VALUES ('Zebra', 2, 'Zebra', 'assets/topic/zebra.svg', 'With their signature black and white stripes who cannot recognize a zebra! Zebras are single-hoofed animals that are native of Africa. Zebras belong to horse family and are very closely realted to horses and donkeys. Zebras are now in the endangered animals list with only 2500 - 2700 population in the world.', 'FFB3C8FF');
INSERT INTO `card` (id, type, title, header, content, option) VALUES ('Zebra_3', 1, 'I can draw a Zebra', 'assets/topic/zebraStripless_3.svg', 'Draw stripes using the black color on the animal to create a zebra.', NULL);
INSERT INTO `cardExtra` (cardId, type, serial, content) VALUES ('Zebra_3', 2, 1, 'assets/topic/zebraStripless_3.svg');
INSERT INTO `card` (id, type, title, header, content, option) VALUES ('Zebra_5', 1, 'Creating a Zebra', 'assets/topic/zebrahandprint_6.svg', 'Create a zebra on the given hand print.', NULL);
INSERT INTO `cardExtra` (cardId, type, serial, content) VALUES ('Zebra_5', 2, 1, 'assets/topic/zebrahandprint_6.svg');
INSERT INTO `card` (id, type, title, header, content, option) VALUES ('Zebra_7', 1, 'My creative park of Zebras', 'assets/topic/zebra_8.svg', 'Using the pictures, create your park of Zebras.', 'zebra');
INSERT INTO `cardExtra` (cardId, type, serial, content) VALUES ('Zebra_7', 2, 1, 'assets/topic/zebra_8.svg');
INSERT INTO `card` (id, type, title, header, content, option) VALUES ('Zebra_9', 1, 'Zebra Crossing on the Road', 'assets/topic/zebracrossing_10.svg', 'Draw zebra crossing to help the people cross the road.', NULL);
INSERT INTO `cardExtra` (cardId, type, serial, content) VALUES ('Zebra_9', 2, 1, 'assets/topic/zebracrossing_10.svg');
INSERT INTO `card` (id, type, title, header, content, option) VALUES ('Fischer''s lovebird', 2, 'Fischer''s Lovebird', 'assets/topic/lovebird.svg', 'This cute looking bird has a cute name just like its look and its called as "Fischer''s Lovebird". It looks like a tiny parrot. This amazing bird was initially discovered by a German explorer, Gustav Fischer in 19th century. That''s why the name Fischer''s Lovebird.', 'FFCFB5DD');
INSERT INTO `card` (id, type, title, header, content, option) VALUES ('Fischer''s lovebird_3', 1, 'My cute little ''Fischer''', 'assets/topic/lovebirdtemp_4.svg', 'Choose the images and create the picture of a Fischer''s Lovebird.', NULL);
INSERT INTO `cardExtra` (cardId, type, serial, content) VALUES ('Fischer''s lovebird_3', 2, 1, 'assets/topic/lovebirdtemp_4.svg');
INSERT INTO `card` (id, type, title, header, content, option) VALUES ('Fischer''s lovebird_5', 1, 'I can make my own Fischer''s lovebird', 'assets/topic/lovebirdtemp_6.svg', 'Using the drawing tools draw, color and create your own Fischer''s lovebird', NULL);
INSERT INTO `cardExtra` (cardId, type, serial, content) VALUES ('Fischer''s lovebird_5', 2, 1, 'assets/topic/lovebirdtemp_6.svg');
INSERT INTO `card` (id, type, title, header, content, option) VALUES ('Fischer''s lovebird_7', 1, 'My Bird Sanctuary', 'assets/topic/lovebirdtemp_8.svg', 'Using the images and the drawing tools create a bird sanctuary for your Fischer''s lovebirds.', NULL);
INSERT INTO `cardExtra` (cardId, type, serial, content) VALUES ('Fischer''s lovebird_7', 2, 1, 'assets/topic/lovebirdtemp_8.svg');
INSERT INTO `card` (id, type, title, header, content, option) VALUES ('Fischer''s lovebird_9', 1, 'Colourless to colourful', 'assets/topic/lovebirdtemp_10.svg', 'Colour the fischer''s lovebirds using different colours of your choice.', NULL);
INSERT INTO `cardExtra` (cardId, type, serial, content) VALUES ('Fischer''s lovebird_9', 2, 1, 'assets/topic/lovebirdtemp_10.svg');
INSERT INTO `card` (id, type, title, header, content, option) VALUES ('African Safari Ant', 2, 'African Safari Ant', 'assets/topic/ant.svg', 'Don''t go by the size. Size is not a matter for these safari ants. They are commonly known as driver ants and found in Africa. Although it''s not common, safari ants can kill humans. Yes, you read it right. Tiny ants can take a man''s life! and that is truly scary.', 'FFB3C8FF');
INSERT INTO `card` (id, type, title, header, content, option) VALUES ('African Safari Ant_3', 1, 'Colour the Safari Ant', 'assets/topic/anttemp_4.svg', 'Colour the safari ants using the colours of your choice.', NULL);
INSERT INTO `cardExtra` (cardId, type, serial, content) VALUES ('African Safari Ant_3', 2, 1, 'assets/topic/anttemp_4.svg');
INSERT INTO `card` (id, type, title, header, content, option) VALUES ('African Safari Ant_5', 1, 'I can draw a Safari Ant', 'assets/topic/anttemp_6.svg', 'Use the drawing tools to draw the picture of a safari ant.', NULL);
INSERT INTO `cardExtra` (cardId, type, serial, content) VALUES ('African Safari Ant_5', 2, 1, 'assets/topic/anttemp_6.svg');
INSERT INTO `card` (id, type, title, header, content, option) VALUES ('African Safari Ant_7', 1, 'Column of Safari Ants', 'assets/topic/anttemp_8.svg', 'Use the images and create a column of safari ants', NULL);
INSERT INTO `cardExtra` (cardId, type, serial, content) VALUES ('African Safari Ant_7', 2, 1, 'assets/topic/anttemp_8.svg');
INSERT INTO `card` (id, type, title, header, content, option) VALUES ('Crocodile', 2, 'Crocodile', 'assets/topic/crocodile.svg', 'Who don''t recognise this water animal? Crocodiles......... aren''t they frightening. Crocodiles are water reptiles, and among the most feared carnivorous animal on earth. There are over 23 different types of crocodiles on the planet. These scary animals are one of the ancient living beings on earth. They have been here since 240 million years. The oldest ancestor ever.', 'FFCFB5DD');
INSERT INTO `card` (id, type, title, header, content, option) VALUES ('Crocodile_3', 1, 'The scariest reptile', 'assets/topic/crocodiletemp_4.svg', 'Draw scales on the given picture of the crocodile. Make it a scary crocodile.', NULL);
INSERT INTO `cardExtra` (cardId, type, serial, content) VALUES ('Crocodile_3', 2, 1, 'assets/topic/crocodiletemp_4.svg');
INSERT INTO `card` (id, type, title, header, content, option) VALUES ('Crocodile_5', 1, 'Look what I have drawn', 'assets/topic/croctemp_6.svg', 'Using the drawing tools draw, color and create the picture of a crocodile', NULL);
INSERT INTO `cardExtra` (cardId, type, serial, content) VALUES ('Crocodile_5', 2, 1, 'assets/topic/croctemp_6.svg');
INSERT INTO `card` (id, type, title, header, content, option) VALUES ('Crocodile_7', 1, 'Caution - Float of crocodiles', 'assets/topic/croctemp_8.svg', 'Using the images and the drawing tools create a group of crocodiles in the water with a danger zone board.', NULL);
INSERT INTO `cardExtra` (cardId, type, serial, content) VALUES ('Crocodile_7', 2, 1, 'assets/topic/croctemp_8.svg');
INSERT INTO `card` (id, type, title, header, content, option) VALUES ('Crocodile_9', 1, 'A Colourful and Trendy Crocodile', 'assets/topic/croctemp_10.svg', 'Colour the picture of the crocodile using your choice of colours. Add on dress, cap/hat or any accessories and make it a trendy looking crocodile.', NULL);
INSERT INTO `cardExtra` (cardId, type, serial, content) VALUES ('Crocodile_9', 2, 1, 'assets/topic/croctemp_10.svg');
INSERT INTO `card` (id, type, title, header, content, option) VALUES ('Lion', 2, 'Lion', 'assets/topic/lion.svg', 'The king of the forest. The big cat. The king of the beasts. The lion is known throughout the history for its courage and strength. This majestic animal is considered to be the second biggest cat in the world. Its truly a facinating creature.', 'FF9DEDE3');
INSERT INTO `card` (id, type, title, header, content, option) VALUES ('Lion_3', 1, 'The Majestic animal', 'assets/topic/africa-1300562.svg', 'Use different colours of your choice to make the lion colourful.', NULL);
INSERT INTO `cardExtra` (cardId, type, serial, content) VALUES ('Lion_3', 2, 1, 'assets/topic/africa-1300562.svg');
INSERT INTO `card` (id, type, title, header, content, option) VALUES ('Lion_5', 1, 'Look what I have drawn', 'assets/topic/Lion_clipart.svg', 'Using the drawing tools draw, color and create the picture of a lion', NULL);
INSERT INTO `cardExtra` (cardId, type, serial, content) VALUES ('Lion_5', 2, 1, 'assets/topic/Lion_clipart.svg');
INSERT INTO `card` (id, type, title, header, content, option) VALUES ('Lion_7', 1, 'Pride of lions', 'assets/topic/tree-576848.svg', 'Using the images and the drawing tools create a group of lions', NULL);
INSERT INTO `cardExtra` (cardId, type, serial, content) VALUES ('Lion_7', 2, 1, 'assets/topic/tree-576848.svg');
INSERT INTO `card` (id, type, title, header, content, option) VALUES ('Lion_9', 1, 'Magic in no time', 'assets/topic/lioness.svg', 'Add mane using the drawing tools to the face of the lioness and make it a lion.', NULL);
INSERT INTO `cardExtra` (cardId, type, serial, content) VALUES ('Lion_9', 2, 1, 'assets/topic/lioness.svg');
INSERT INTO `card` (id, type, title, header, content, option) VALUES ('Africanis', 2, 'Africanis', 'assets/topic/dog.svg', 'With an origin that goes back approximately 7000 years back, Africanis is one of the ancient African dog breed. Africanis is considered the dog of Africa.', 'FFB3C8FF');
INSERT INTO `card` (id, type, title, header, content, option) VALUES ('Africanis_3', 1, 'My Africanis, the best dog', 'assets/topic/dogtemp_4.svg', 'Using the images, build a kennel for your dog. Write a name on the name board and display at the kennel. Treat your pet with the bone. Add decorations using the drawing tools.', NULL);
INSERT INTO `cardExtra` (cardId, type, serial, content) VALUES ('Africanis_3', 2, 1, 'assets/topic/dogtemp_4.svg');
INSERT INTO `card` (id, type, title, header, content, option) VALUES ('Africanis_9', 1, 'Colour me Please', 'assets/topic/dogtemp_10.svg', 'Using the colours of your choice, colour the picture of the dog.', NULL);
INSERT INTO `cardExtra` (cardId, type, serial, content) VALUES ('Africanis_9', 2, 1, 'assets/topic/dogtemp_10.svg');
INSERT INTO `card` (id, type, title, header, content, option) VALUES ('Africanis_11', 1, 'Modified Africanis', 'assets/topic/dogtemp_12.svg', 'Using the images modify the picture of the dog as desired.', NULL);
INSERT INTO `cardExtra` (cardId, type, serial, content) VALUES ('Africanis_11', 2, 1, 'assets/topic/dogtemp_12.svg');
INSERT INTO `card` (id, type, title, header, content, option) VALUES ('Africanis_20', 1, 'Happy Family time', 'assets/topic/dogtemp_21.svg', 'Using the images create a fun family time picture.', NULL);
INSERT INTO `cardExtra` (cardId, type, serial, content) VALUES ('Africanis_20', 2, 1, 'assets/topic/dogtemp_21.svg');
INSERT INTO `card` (id, type, title, header, content, option) VALUES ('Elephant', 2, 'Elephant', 'assets/topic/elephant.svg', 'Have you ever stood beside an elephant? They are so big and beautiful with one long trunk, two tusks and 4 heavy legs. Wow! it''s such an amazing animal. Elephant is considered to be the world''s largest land mammal.', 'FF9DEDE3');
INSERT INTO `card` (id, type, title, header, content, option) VALUES ('Elephant_3', 1, 'Elephant recreated', 'assets/topic/Meuble_héraldique_Elephant.svg', 'Choose the images and recreate your elephant.', NULL);
INSERT INTO `cardExtra` (cardId, type, serial, content) VALUES ('Elephant_3', 2, 1, 'assets/topic/Meuble_héraldique_Elephant.svg');
INSERT INTO `card` (id, type, title, header, content, option) VALUES ('Elephant_14', 1, 'A stay for my Elephant', 'assets/topic/pines-576574.svg', 'Create a stay for your elephant by planting the trees of your choice.', NULL);
INSERT INTO `cardExtra` (cardId, type, serial, content) VALUES ('Elephant_14', 2, 1, 'assets/topic/pines-576574.svg');
INSERT INTO `card` (id, type, title, header, content, option) VALUES ('Elephant_21', 1, 'A rainbow Elephant', 'assets/topic/elephant-2403410__340.png', 'Use different colors of your choice to color the elephant in the picture.', NULL);
INSERT INTO `cardExtra` (cardId, type, serial, content) VALUES ('Elephant_21', 2, 1, 'assets/topic/elephant-311596.svg');
INSERT INTO `card` (id, type, title, header, content, option) VALUES ('Elephant_23', 1, 'Cuteness Overloaded', 'assets/topic/elephant-42339.svg', 'Using the drawing tools, add ornaments; chain, crown, dress, earrings, bangles, footware etc for the given picture of the elephant.', NULL);
INSERT INTO `cardExtra` (cardId, type, serial, content) VALUES ('Elephant_23', 2, 1, 'assets/topic/elephant-42339.svg');
INSERT INTO `card` (id, type, title, header, content, option) VALUES ('Goat', 2, 'Goat', 'assets/topic/Goat.svg', 'Who does''nt recognise a stout bodied mammal with horns and cloven hooves? Yes, you are right! It’s the goat, our domestic friend. Did you even know that goats were among the first animals to be domesticated by man 11,000 years ago in the North east! Being goat''s milk one of the most popular drink world-wide, goats have always been man''s most useful animal next door.', 'FF9DEDE3');
INSERT INTO `card` (id, type, title, header, content, option) VALUES ('Goat_3', 1, 'Creating a Goat', 'assets/topic/goattemp_4.svg', 'Using the drawing tools, draw the missing body parts of the goat.', NULL);
INSERT INTO `cardExtra` (cardId, type, serial, content) VALUES ('Goat_3', 2, 1, 'assets/topic/goattemp_4.svg');
INSERT INTO `card` (id, type, title, header, content, option) VALUES ('Goat_5', 1, 'I can draw a goat.', 'assets/topic/goattemp_8.svg', 'Using the drawing tools draw the picture of a goat .', NULL);
INSERT INTO `cardExtra` (cardId, type, serial, content) VALUES ('Goat_5', 2, 1, 'assets/topic/goattemp_6.svg');
INSERT INTO `card` (id, type, title, header, content, option) VALUES ('Goat_7', 1, 'My Healthy Goat', 'assets/topic/goattemp_8.svg', 'Add feed for the goat using the drawing tools.', NULL);
INSERT INTO `cardExtra` (cardId, type, serial, content) VALUES ('Goat_7', 2, 1, 'assets/topic/goattemp_8.svg');
INSERT INTO `card` (id, type, title, header, content, option) VALUES ('Goat_9', 1, 'Three Billy Goats Gruff', 'assets/topic/goattemp_10.svg', 'Color the story cards "Three Billy Goats Gruff"', NULL);
INSERT INTO `cardExtra` (cardId, type, serial, content) VALUES ('Goat_9', 2, 1, 'assets/topic/goattemp_10.svg');
INSERT INTO `card` (id, type, title, header, content, option) VALUES ('Animals', 2, 'Animals', NULL, NULL, NULL);
INSERT INTO `collection` (id, serial, cardId) VALUES ('Zebra', 1, 'Zebra_3');
INSERT INTO `collection` (id, serial, cardId) VALUES ('Zebra', 2, 'Zebra_5');
INSERT INTO `collection` (id, serial, cardId) VALUES ('Zebra', 3, 'Zebra_7');
INSERT INTO `collection` (id, serial, cardId) VALUES ('Zebra', 4, 'Zebra_9');
INSERT INTO `collection` (id, serial, cardId) VALUES ('Fischer''s lovebird', 1, 'Fischer''s lovebird_3');
INSERT INTO `collection` (id, serial, cardId) VALUES ('Fischer''s lovebird', 2, 'Fischer''s lovebird_5');
INSERT INTO `collection` (id, serial, cardId) VALUES ('Fischer''s lovebird', 3, 'Fischer''s lovebird_7');
INSERT INTO `collection` (id, serial, cardId) VALUES ('Fischer''s lovebird', 4, 'Fischer''s lovebird_9');
INSERT INTO `collection` (id, serial, cardId) VALUES ('African Safari Ant', 1, 'African Safari Ant_3');
INSERT INTO `collection` (id, serial, cardId) VALUES ('African Safari Ant', 2, 'African Safari Ant_5');
INSERT INTO `collection` (id, serial, cardId) VALUES ('African Safari Ant', 3, 'African Safari Ant_7');
INSERT INTO `collection` (id, serial, cardId) VALUES ('Crocodile', 1, 'Crocodile_3');
INSERT INTO `collection` (id, serial, cardId) VALUES ('Crocodile', 2, 'Crocodile_5');
INSERT INTO `collection` (id, serial, cardId) VALUES ('Crocodile', 3, 'Crocodile_7');
INSERT INTO `collection` (id, serial, cardId) VALUES ('Crocodile', 4, 'Crocodile_9');
INSERT INTO `collection` (id, serial, cardId) VALUES ('Lion', 1, 'Lion_3');
INSERT INTO `collection` (id, serial, cardId) VALUES ('Lion', 2, 'Lion_5');
INSERT INTO `collection` (id, serial, cardId) VALUES ('Lion', 3, 'Lion_7');
INSERT INTO `collection` (id, serial, cardId) VALUES ('Lion', 4, 'Lion_9');
INSERT INTO `collection` (id, serial, cardId) VALUES ('Africanis', 1, 'Africanis_3');
INSERT INTO `collection` (id, serial, cardId) VALUES ('Africanis', 2, 'Africanis_9');
INSERT INTO `collection` (id, serial, cardId) VALUES ('Africanis', 3, 'Africanis_11');
INSERT INTO `collection` (id, serial, cardId) VALUES ('Africanis', 4, 'Africanis_20');
INSERT INTO `collection` (id, serial, cardId) VALUES ('Elephant', 1, 'Elephant_3');
INSERT INTO `collection` (id, serial, cardId) VALUES ('Elephant', 2, 'Elephant_14');
INSERT INTO `collection` (id, serial, cardId) VALUES ('Elephant', 3, 'Elephant_21');
INSERT INTO `collection` (id, serial, cardId) VALUES ('Elephant', 4, 'Elephant_23');
INSERT INTO `collection` (id, serial, cardId) VALUES ('Goat', 1, 'Goat_3');
INSERT INTO `collection` (id, serial, cardId) VALUES ('Goat', 2, 'Goat_5');
INSERT INTO `collection` (id, serial, cardId) VALUES ('Goat', 3, 'Goat_7');
INSERT INTO `collection` (id, serial, cardId) VALUES ('Goat', 4, 'Goat_9');
INSERT INTO `collection` (id, serial, cardId) VALUES ('Animals', 0, 'Zebra');
INSERT INTO `collection` (id, serial, cardId) VALUES ('Animals', 1, 'Fischer''s lovebird');
INSERT INTO `collection` (id, serial, cardId) VALUES ('Animals', 2, 'African Safari Ant');
INSERT INTO `collection` (id, serial, cardId) VALUES ('Animals', 3, 'Crocodile');
INSERT INTO `collection` (id, serial, cardId) VALUES ('Animals', 4, 'Lion');
INSERT INTO `collection` (id, serial, cardId) VALUES ('Animals', 5, 'Africanis');
INSERT INTO `collection` (id, serial, cardId) VALUES ('Animals', 6, 'Elephant');
INSERT INTO `collection` (id, serial, cardId) VALUES ('Animals', 7, 'Goat');
