INSERT INTO `card` (id, type, title, header, content, option) VALUES ('Tomatoes', 2, 'Tomatoes', 'assets/topic/Tomato.svg', 'Tomatoes have been eaten since ancient times. Tomatoes are the fruit of tomato plant. Being originated from central America, it was first used by Aztecs in southern Mexico.', 'FF9DEDE3');
INSERT INTO `card` (id, type, title, header, content, option) VALUES ('Tomatoes_3', 1, 'I can draw a tomato', 'assets/topic/table-for-keeping-banana.svg', 'Using the drawing tools, draw a tomato and colour it.', NULL);
INSERT INTO `cardExtra` (cardId, type, serial, content) VALUES ('Tomatoes_3', 2, 1, 'assets/topic/table-for-keeping-banana.svg');
INSERT INTO `card` (id, type, title, header, content, option) VALUES ('Tomatoes_5', 1, 'My garden of colourful tomatoes', 'assets/topic/garden.svg', 'Use different colours to colour the tomatoes in the garden.', NULL);
INSERT INTO `cardExtra` (cardId, type, serial, content) VALUES ('Tomatoes_5', 2, 1, 'assets/topic/garden.svg');
INSERT INTO `card` (id, type, title, header, content, option) VALUES ('Tomatoes_7', 1, 'Healthy Tomato family', 'assets/topic/forest.svg', 'Using the drawing tools, create a family of tomato people. Draw arms, legs, eyes, nose, mouth, face and ears. Add more details to make it tomato father, mother, son, daughter, grandparents etc.', NULL);
INSERT INTO `cardExtra` (cardId, type, serial, content) VALUES ('Tomatoes_7', 2, 1, 'assets/topic/forest.svg');
INSERT INTO `card` (id, type, title, header, content, option) VALUES ('Tomatoes_9', 3, 'Believe it or not', 'assets/topic/tomatoes_variety_article.jpg', 'There are around 10,000 varieties of tomatoes world wide. Aren''t you surprised? How many varieties have you seen? Okay, now if you are thinking that tomato is always red you are wrong. Tomatoes grow in different colours. They can be yellow, pink, purple, black and white. While tomatoes are perfectly safe and healthy to eat, their leaves are actually poisonous.', NULL);
INSERT INTO `card` (id, type, title, header, content, option) VALUES ('Tomatoes_10', 3, 'Tomato Consumption', 'assets/topic/tomato_consumption.jpg', 'The tomato is eaten in many different ways. It is eaten raw as a fruit, salad, important ingredient in many dishes, sauces, soup, ketchup etc. Tomato juice is also made as a drink. Types of tomatoes include globe tomatoes, beefsteak tomatoes, oxheart tomatoes, plum tomatoes, cherry tomatoes and campari tomatoes. Did you ever know that there were so many varieties?', NULL);
INSERT INTO `card` (id, type, title, header, content, option) VALUES ('Tomatoes_11', 3, 'Health benefits of tomato', 'assets/topic/tomato_health.jpg', 'Tomatoes are the major dietry source. It has many health benifts. Eating tomatoes reduce the risk of heart disease and cancer. Tomatoes are good for eye health, skin, constipation and diabetes. Most importantly, tomatoes are tasty.', NULL);
INSERT INTO `card` (id, type, title, header, content, option) VALUES ('Tomatoes_12', 3, 'Some important facts', 'assets/topic/tomatoes_fact.jpg', 'Tomatoes can be kept longer if it''s stored with their stem down.
The world''s heaviest tomato weighed 3.51 kgs. 
The biggest tomato tree managed to grow 32 thousand tomatoes. It''s unbelievable! But true.
Green tomatoes will ripe if you store them with apples. Did you know that?
Leaves of tomato plant are poisonous. 
La tomatino is the tomato festival that is celebrated in spain. Having fun with lots and lots of tomatoes. Wow! that should be amazing.', NULL);
INSERT INTO `card` (id, type, title, header, content, option) VALUES ('Tomatoes_13', 0, 'Is tomato a fruit?', 'assets/topic/tomato_fruit.jpg', NULL, 'oneAtATime');
INSERT INTO `cardExtra` (cardId, type, serial, content) VALUES ('Tomatoes_13', 1, 1, 'yes');
INSERT INTO `cardExtra` (cardId, type, serial, content) VALUES ('Tomatoes_13', 0, 1, 'no');
INSERT INTO `card` (id, type, title, header, content, option) VALUES ('Tomatoes_16', 0, 'Leaves of the tomato are ___________.', 'assets/topic/leaves_tomatoes.jpg', NULL, 'oneAtATime');
INSERT INTO `cardExtra` (cardId, type, serial, content) VALUES ('Tomatoes_16', 1, 1, 'Poisonous');
INSERT INTO `cardExtra` (cardId, type, serial, content) VALUES ('Tomatoes_16', 0, 1, 'tasty');
INSERT INTO `cardExtra` (cardId, type, serial, content) VALUES ('Tomatoes_16', 0, 2, 'healthy');
INSERT INTO `card` (id, type, title, header, content, option) VALUES ('Tomatoes_20', 0, 'There are around ___________ varieties of tomatoes.', 'assets/topic/tomato_varieties.jpg', NULL, 'oneAtATime');
INSERT INTO `cardExtra` (cardId, type, serial, content) VALUES ('Tomatoes_20', 1, 1, '10000');
INSERT INTO `cardExtra` (cardId, type, serial, content) VALUES ('Tomatoes_20', 0, 1, '50000');
INSERT INTO `cardExtra` (cardId, type, serial, content) VALUES ('Tomatoes_20', 0, 2, '1000');
INSERT INTO `card` (id, type, title, header, content, option) VALUES ('Tomatoes_24', 0, 'Can tomatoes be eaten in many ways?', 'assets/topic/tomatoes_eaten.jpg', NULL, 'oneAtATime');
INSERT INTO `cardExtra` (cardId, type, serial, content) VALUES ('Tomatoes_24', 1, 1, 'yes');
INSERT INTO `cardExtra` (cardId, type, serial, content) VALUES ('Tomatoes_24', 0, 1, 'no');
INSERT INTO `card` (id, type, title, header, content, option) VALUES ('Tomatoes_27', 0, 'Match the names with the pictures', NULL, NULL, 'pair');
INSERT INTO `cardExtra` (cardId, type, serial, content) VALUES ('Tomatoes_27', 1, 1, 'seed');
INSERT INTO `cardExtra` (cardId, type, serial, content) VALUES ('Tomatoes_27', 1, 2, 'assets/topic/tomato_seed.jpg');
INSERT INTO `cardExtra` (cardId, type, serial, content) VALUES ('Tomatoes_27', 1, 3, 'plant');
INSERT INTO `cardExtra` (cardId, type, serial, content) VALUES ('Tomatoes_27', 1, 4, 'assets/topic/tomato_plant.png');
INSERT INTO `cardExtra` (cardId, type, serial, content) VALUES ('Tomatoes_27', 1, 5, 'leaf');
INSERT INTO `cardExtra` (cardId, type, serial, content) VALUES ('Tomatoes_27', 1, 6, 'assets/topic/tomato_leaf.jpg');
INSERT INTO `cardExtra` (cardId, type, serial, content) VALUES ('Tomatoes_27', 1, 7, 'tomato');
INSERT INTO `cardExtra` (cardId, type, serial, content) VALUES ('Tomatoes_27', 1, 8, 'assets/topic/tomato.jpg');
INSERT INTO `card` (id, type, title, header, content, option) VALUES ('Cabbage', 2, 'Cabbage', 'assets/topic/cabbage.svg', 'Doesn''t it look like a bunch of leaves wrapped together like a ball? You guessed it right! It is cabbage, one of the healthiest vegetable. This vegetable has been grown around the world for thousands of years and can be found in variety of dishes.', 'FFB3C8FF');
INSERT INTO `card` (id, type, title, header, content, option) VALUES ('Cabbage_3', 1, 'I can draw a cabbage', 'assets/topic/cabbage-37897_960_720.svg', 'Using the drawing tools, draw a cabbage and colour it.', NULL);
INSERT INTO `cardExtra` (cardId, type, serial, content) VALUES ('Cabbage_3', 2, 1, 'assets/topic/cabbage-37897_960_720.svg');
INSERT INTO `card` (id, type, title, header, content, option) VALUES ('Cabbage_5', 1, 'My garden of colourful cabbages', 'assets/topic/Unknown.svg', 'Use different colours to colour the cabbages in the garden.', NULL);
INSERT INTO `cardExtra` (cardId, type, serial, content) VALUES ('Cabbage_5', 2, 1, 'assets/topic/Unknown.svg');
INSERT INTO `card` (id, type, title, header, content, option) VALUES ('Cabbage_7', 1, 'Cabbage faces', 'assets/topic/306950.svg', 'Using the drawing tools, create different faces for the cabbages. Add a smiling, crying, scared, laughing any kind of emotions for the cabbages.', NULL);
INSERT INTO `cardExtra` (cardId, type, serial, content) VALUES ('Cabbage_7', 2, 1, 'assets/topic/306950.svg');
INSERT INTO `card` (id, type, title, header, content, option) VALUES ('Cabbage_9', 3, 'Let''s explore the vegetable', 'assets/topic/cabbage-salad.jpg', 'Cabbage is the most popular vegetables in the world. It can grow in wide range of climatic conditions and soil type. It is easy to grow and preserve a cabbage. Cabbage comes in different shapes and colours. Red, purple, white and green are the different colours. The cabbage leaves can either be crinkled or smooth.', NULL);
INSERT INTO `card` (id, type, title, header, content, option) VALUES ('Cabbage_10', 3, 'Cabbage Consumption', 'assets/topic/cabbage-boiled.jpg', 'Cabbage is aleafy vegetable. It can be eaten raw or cooked. Cabbage is used widely in variety of dishes across the world. Cabbage can be steamed, boiled, braised, microwaved, stuffed or stir fried. It''s alwats been one of the favorite vegetables. Hope you like it too!', NULL);
INSERT INTO `card` (id, type, title, header, content, option) VALUES ('Cabbage_11', 3, 'Health benefits of cabbage', 'assets/topic/cabbage-health.jpg', 'Cabbage carries lots of health benifits. Did you know that cabbage is good for your bones? Yes, that''s true. Cabbage promotes healthy bones. There is a chance of less infections if cabbage is often used in meals. Eating cabbage is good for heart as it controls blood pressure. Cabbage also helps in curing the stomach and intestine diseases. It also protects the body from cancer.', NULL);
INSERT INTO `card` (id, type, title, header, content, option) VALUES ('Cabbage_12', 3, 'Some important facts', 'assets/topic/red-cabbage.jpg', 'Did you know that cabbage can be applied externally on wounds? This is true. Cabbage application can heal the wounds.
Cabbage has been part of human diet for more than 1000 years. Cabbage has absolutely no fat so it is preferred to be the best diet food.
Red cabbage tastes like green cabbage. But, did you know that red cabbage bleeds its colour to other food when cooked. 
The heaviest cabbage weighed 62. 71 kgs and its a record.', NULL);
INSERT INTO `card` (id, type, title, header, content, option) VALUES ('Cabbage_13', 0, 'Is cabbage a diet food?', 'assets/topic/cabbage_diet.jpg', NULL, 'oneAtATime');
INSERT INTO `cardExtra` (cardId, type, serial, content) VALUES ('Cabbage_13', 1, 1, 'yes');
INSERT INTO `cardExtra` (cardId, type, serial, content) VALUES ('Cabbage_13', 0, 1, 'no');
INSERT INTO `card` (id, type, title, header, content, option) VALUES ('Cabbage_16', 0, 'Cabbage is a _______ vegetable.', 'assets/topic/cabbage_leafy.jpg', NULL, 'oneAtATime');
INSERT INTO `cardExtra` (cardId, type, serial, content) VALUES ('Cabbage_16', 1, 1, 'leafy');
INSERT INTO `cardExtra` (cardId, type, serial, content) VALUES ('Cabbage_16', 0, 1, 'root');
INSERT INTO `cardExtra` (cardId, type, serial, content) VALUES ('Cabbage_16', 0, 2, 'unhealthy');
INSERT INTO `card` (id, type, title, header, content, option) VALUES ('Cabbage_20', 0, 'Cabbage promotes healthy __________.', 'assets/topic/cabbage_healthy.jpg', NULL, 'oneAtATime');
INSERT INTO `cardExtra` (cardId, type, serial, content) VALUES ('Cabbage_20', 1, 1, 'bones');
INSERT INTO `cardExtra` (cardId, type, serial, content) VALUES ('Cabbage_20', 0, 1, 'hands');
INSERT INTO `cardExtra` (cardId, type, serial, content) VALUES ('Cabbage_20', 0, 2, 'skin');
INSERT INTO `card` (id, type, title, header, content, option) VALUES ('Cabbage_24', 0, 'Can cabbage be eaten in many ways?', 'assets/topic/cabbage_eaten.jpg', NULL, 'oneAtATime');
INSERT INTO `cardExtra` (cardId, type, serial, content) VALUES ('Cabbage_24', 1, 1, 'yes');
INSERT INTO `cardExtra` (cardId, type, serial, content) VALUES ('Cabbage_24', 0, 1, 'no');
INSERT INTO `card` (id, type, title, header, content, option) VALUES ('Cabbage_27', 0, 'Match the names with the pictures', NULL, NULL, 'pair');
INSERT INTO `cardExtra` (cardId, type, serial, content) VALUES ('Cabbage_27', 1, 1, 'cabbage core');
INSERT INTO `cardExtra` (cardId, type, serial, content) VALUES ('Cabbage_27', 1, 2, 'assets/topic/cabbage_core.png');
INSERT INTO `cardExtra` (cardId, type, serial, content) VALUES ('Cabbage_27', 1, 3, 'cabbage plant');
INSERT INTO `cardExtra` (cardId, type, serial, content) VALUES ('Cabbage_27', 1, 4, 'assets/topic/cabbage_plant.jpg');
INSERT INTO `cardExtra` (cardId, type, serial, content) VALUES ('Cabbage_27', 1, 5, 'cabbage leaf');
INSERT INTO `cardExtra` (cardId, type, serial, content) VALUES ('Cabbage_27', 1, 6, 'assets/topic/cabbage_leaf.jpg');
INSERT INTO `cardExtra` (cardId, type, serial, content) VALUES ('Cabbage_27', 1, 7, 'cabbage');
INSERT INTO `cardExtra` (cardId, type, serial, content) VALUES ('Cabbage_27', 1, 8, 'assets/topic/cabbage.jpg');
INSERT INTO `card` (id, type, title, header, content, option) VALUES ('Onion', 2, 'Onion', 'assets/topic/Onion.svg', 'Onions are one of the ancient food known to human race. It''s the most used vegetable all over the world. It is a member of the bulb family. That is because the most important part of the onion the bulb, grows under the ground. There are 27 different varieties of onion and it''s one of the easiest vegetable to grow.', 'FFCFB5DD');
INSERT INTO `card` (id, type, title, header, content, option) VALUES ('Onion_3', 1, 'I can draw an onion plant', 'assets/topic/soil-575643.svg', 'Using the drawing tools, draw a plant showing the onions under ground.', NULL);
INSERT INTO `cardExtra` (cardId, type, serial, content) VALUES ('Onion_3', 2, 1, 'assets/topic/soil-575643.svg');
INSERT INTO `card` (id, type, title, header, content, option) VALUES ('Onion_5', 1, 'Tri colour onion basket', 'assets/topic/basket-2075011.svg', 'Draw a basket full of onions. Colour the onions in purple, yellow and white colours.', NULL);
INSERT INTO `cardExtra` (cardId, type, serial, content) VALUES ('Onion_5', 2, 1, 'assets/topic/basket-2075011.svg');
INSERT INTO `card` (id, type, title, header, content, option) VALUES ('Onion_7', 1, 'A farm of Onion Snails', 'assets/topic/snail-48177.svg', 'Look at the image of snail. Using drawing tools create a farm of onion snails. Colour the onions as desired. Make it colourful with snails all around.', NULL);
INSERT INTO `cardExtra` (cardId, type, serial, content) VALUES ('Onion_7', 2, 1, 'assets/topic/snail-48177.svg');
INSERT INTO `card` (id, type, title, header, content, option) VALUES ('Onion_9', 3, 'Let''s explore the vegetable', 'assets/topic/market-onions.jpg', 'Onion was cultivated 7000 years back. It''s a fact that onion is widely used all over the world. Onions differ in size, shape, colour and taste. Apart from its taste it also adds health benifits. Onions develop roots, bulb and green leaves. Both bulb and leaves are used except the roots. Onions can be round, egg like or torpedo shaped. They grow in purple, white and yellow colour. pearl onions, bermuda onions, egyptian onions, green onions, vidalia onions, super-sweets, shallots and scallions are the different varieties of onions.', NULL);
INSERT INTO `card` (id, type, title, header, content, option) VALUES ('Onion_10', 3, 'Health benefits of onion', 'assets/topic/perspective-onion-7.jpg', 'Onion can be eaten raw, cooked or pickled. Onions are praised for its amazing health benifits. Onion is good for eyes, good for heart, cleans kidney, reduces the body swelling, leps in digestion and reduces body pains. In all onion is a healthy food and we have to accept it.', NULL);
INSERT INTO `card` (id, type, title, header, content, option) VALUES ('Onion_11', 3, 'Some important facts', 'assets/topic/chopped_onion.jpeg', 'Cutting of onions will bring tears in your eyes. Is it because you are feeling sorry for the onion. No, not at all. onions have sulphuric acid in them which burns your eyes. Don''t worry it is not dangerous to eat.
Did you know that placing a layer of sliced and cooked onion on your chest and wrapping yourself in blanket will help you get rid of fever and cough? So now you have the instant home medicine.
Onions are 97% water. Now you know why it''s good for health!
Largest onion ever grown weighed 5 kgs. 
Yellow onion is the most famous kind of onion. 
Don''t ignore this. Onions can be deadly to dogs. They reduce the blood cells and slows down the circulation. This might kill the animal.', NULL);
INSERT INTO `card` (id, type, title, header, content, option) VALUES ('Onion_12', 0, 'Match the names with the pictures', NULL, NULL, 'pair');
INSERT INTO `cardExtra` (cardId, type, serial, content) VALUES ('Onion_12', 1, 1, 'root');
INSERT INTO `cardExtra` (cardId, type, serial, content) VALUES ('Onion_12', 1, 2, 'assets/topic/onions-roots.jpg');
INSERT INTO `cardExtra` (cardId, type, serial, content) VALUES ('Onion_12', 1, 3, 'bulb');
INSERT INTO `cardExtra` (cardId, type, serial, content) VALUES ('Onion_12', 1, 4, 'assets/topic/bulb-1238339_960_720.jpg');
INSERT INTO `cardExtra` (cardId, type, serial, content) VALUES ('Onion_12', 1, 5, 'onion');
INSERT INTO `cardExtra` (cardId, type, serial, content) VALUES ('Onion_12', 1, 6, 'assets/topic/onion-1565604_960_720.jpg');
INSERT INTO `card` (id, type, title, header, content, option) VALUES ('Onion_19', 0, 'Onion grows ___________ the ground.', 'assets/topic/onion-3540502_960_720 .jpg', NULL, 'oneAtATime');
INSERT INTO `cardExtra` (cardId, type, serial, content) VALUES ('Onion_19', 1, 1, 'under');
INSERT INTO `cardExtra` (cardId, type, serial, content) VALUES ('Onion_19', 0, 1, 'above');
INSERT INTO `cardExtra` (cardId, type, serial, content) VALUES ('Onion_19', 0, 2, 'beside');
INSERT INTO `card` (id, type, title, header, content, option) VALUES ('Onion_23', 0, 'O n i ___ n', 'assets/topic/onion-899086_1920.jpg', NULL, 'oneAtATime');
INSERT INTO `cardExtra` (cardId, type, serial, content) VALUES ('Onion_23', 1, 1, 'o');
INSERT INTO `cardExtra` (cardId, type, serial, content) VALUES ('Onion_23', 0, 1, 'a');
INSERT INTO `cardExtra` (cardId, type, serial, content) VALUES ('Onion_23', 0, 2, 'u');
INSERT INTO `cardExtra` (cardId, type, serial, content) VALUES ('Onion_23', 0, 3, 'e');
INSERT INTO `card` (id, type, title, header, content, option) VALUES ('Onion_28', 0, 'b __ l b', 'assets/topic/onion-bulb.jpg', NULL, 'oneAtATime');
INSERT INTO `cardExtra` (cardId, type, serial, content) VALUES ('Onion_28', 1, 1, 'u');
INSERT INTO `cardExtra` (cardId, type, serial, content) VALUES ('Onion_28', 0, 1, 'a');
INSERT INTO `cardExtra` (cardId, type, serial, content) VALUES ('Onion_28', 0, 2, 'i');
INSERT INTO `cardExtra` (cardId, type, serial, content) VALUES ('Onion_28', 0, 3, 'e');
INSERT INTO `card` (id, type, title, header, content, option) VALUES ('Onion_33', 0, 'w a ___ e r', 'assets/topic/drops-of-water-578897_960_720.jpg', NULL, 'oneAtATime');
INSERT INTO `cardExtra` (cardId, type, serial, content) VALUES ('Onion_33', 1, 1, 't');
INSERT INTO `cardExtra` (cardId, type, serial, content) VALUES ('Onion_33', 0, 1, 'm');
INSERT INTO `cardExtra` (cardId, type, serial, content) VALUES ('Onion_33', 0, 2, 's');
INSERT INTO `cardExtra` (cardId, type, serial, content) VALUES ('Onion_33', 0, 3, 'd');
INSERT INTO `card` (id, type, title, header, content, option) VALUES ('Onion_38', 0, 'h e ___ l t h y', 'assets/topic/salad.jpg', NULL, 'oneAtATime');
INSERT INTO `cardExtra` (cardId, type, serial, content) VALUES ('Onion_38', 1, 1, 'a');
INSERT INTO `cardExtra` (cardId, type, serial, content) VALUES ('Onion_38', 0, 1, 'i');
INSERT INTO `cardExtra` (cardId, type, serial, content) VALUES ('Onion_38', 0, 2, 'u');
INSERT INTO `cardExtra` (cardId, type, serial, content) VALUES ('Onion_38', 0, 3, 'e');
INSERT INTO `card` (id, type, title, header, content, option) VALUES ('Onion_43', 0, 't e a ___ s', 'assets/topic/crying-baby.jpg', NULL, 'oneAtATime');
INSERT INTO `cardExtra` (cardId, type, serial, content) VALUES ('Onion_43', 1, 1, 'r');
INSERT INTO `cardExtra` (cardId, type, serial, content) VALUES ('Onion_43', 0, 1, 'w');
INSERT INTO `cardExtra` (cardId, type, serial, content) VALUES ('Onion_43', 0, 2, 'd');
INSERT INTO `cardExtra` (cardId, type, serial, content) VALUES ('Onion_43', 0, 3, 'j');
INSERT INTO `card` (id, type, title, header, content, option) VALUES ('Onion_48', 0, 'Purple, ___________ and yellow are the colours of the onion.', 'assets/topic/onion-white.jpg', NULL, 'oneAtATime');
INSERT INTO `cardExtra` (cardId, type, serial, content) VALUES ('Onion_48', 1, 1, 'white');
INSERT INTO `cardExtra` (cardId, type, serial, content) VALUES ('Onion_48', 0, 1, 'blue');
INSERT INTO `cardExtra` (cardId, type, serial, content) VALUES ('Onion_48', 0, 2, 'black');
INSERT INTO `cardExtra` (cardId, type, serial, content) VALUES ('Onion_48', 0, 3, 'orange');
INSERT INTO `card` (id, type, title, header, content, option) VALUES ('banana', 2, 'Banana', 'assets/topic/banana.svg', 'Who don''t crave for that curvy fleshy fruit called ''banana''. In fact banana is known to be fruit for all. Yes, there''s rarely any man on earth who doesn''t like to eat banana. Banana is healthy and tasty. Not only man but elephants and monkeys too love to eat banana.', 'FFB3C8FF');
INSERT INTO `card` (id, type, title, header, content, option) VALUES ('banana_3', 1, 'Look! I can draw a banana', 'assets/topic/table-for-keeping-banana.svg', 'Using the drawing tools, draw a banana. Add colours of your choice.', NULL);
INSERT INTO `cardExtra` (cardId, type, serial, content) VALUES ('banana_3', 2, 1, 'assets/topic/table-for-keeping-banana.svg');
INSERT INTO `card` (id, type, title, header, content, option) VALUES ('banana_5', 1, 'Go banana', 'assets/topic/blue-sea.svg', 'Using the drawing tools, draw a banana boat. Create the picture of sea with lots of banana boats sailing across.', NULL);
INSERT INTO `cardExtra` (cardId, type, serial, content) VALUES ('banana_5', 2, 1, 'assets/topic/blue-sea.svg');
INSERT INTO `card` (id, type, title, header, content, option) VALUES ('banana_7', 1, 'My house surrounded by banana plants', 'assets/topic/countryside-village.svg', 'Using drawing tools draw a picture of your house surrounded by banana plants.', NULL);
INSERT INTO `cardExtra` (cardId, type, serial, content) VALUES ('banana_7', 2, 1, 'assets/topic/countryside-village.svg');
INSERT INTO `card` (id, type, title, header, content, option) VALUES ('banana_9', 3, 'A little general knowledge', 'assets/topic/banana-tree.jpg', 'Is a banana, plant or a tree? Confused! Bananas do not grow on trees. Bananas grow from a root structure, that has an above ground stem. It is in fact a high herb which can grow to 15 metres. Banana plants are usually tall and often stand strong. Hence, it is often mistaken to be a tree. A banana is an edible fruit. Bananas are also used for cooking. These bananas are called as plantains. There is not much difference between a banana and a plantain. A banana is soft and sweet. A plantain is hard and starchy like raw potatoes. The fruit varies in size colour and firmness. But banana retains its shape of being curve like a boat.', NULL);
INSERT INTO `card` (id, type, title, header, content, option) VALUES ('banana_10', 3, 'All about bananas', 'assets/topic/bananas-3780761_960_720.jpg', 'Bananas have been part of our diet since thousands of years. Today they are one of the favorite fruit in the world. It is believed that banana was the first fruit on earth. The credit of naming the fruit goes to the Africans. Hey! that''s a great name. Did you even guess that there are around 1000 different varieties of bananas growing around the world. That is true and it''s amazing.', NULL);
INSERT INTO `card` (id, type, title, header, content, option) VALUES ('banana_11', 3, 'Health benefits of banana', 'assets/topic/banana-3404383_960_720.jpg', 'As most of the fruits, bananas are also good for heart. It controls the blood-pressure. Banana is known for its sleep inducing properties. Eating banana will help in relaxing the body muscles and have a good sleep. Banana is a dietry food. It helps in reducing the body weight. Bananas help in controlling blood sugar. Banana has its little but a good share towards the vision. It is good for eye health. Bananas help in keeping the bones strong. Eating banans will prevent kidney cancer. It is proved to be a great health supplement.', NULL);
INSERT INTO `card` (id, type, title, header, content, option) VALUES ('banana_12', 3, 'Facts about the boat shaped fruit', 'assets/topic/Drop-Of-Water-Banana-Plant-Fruit-Green-718618.jpg', 'Did you know that bananas float in water? Yes, it''s true. bananas flaot in water because they are less dense. Give a try and test it out.
Banans are curved because they grow towards the sun. Observe the banana plant to confirm. 
Bananas are actually berries. Banana plant is the world''s largest herb. 
An individual banana is called a finger. A bunch of bananas is called a hand. Quiet interesting names! Africans claim the credit of naming the fruit as such.
Bananas grow throughout the year. There don''t have a season. Did we know this?
About 75% of the weigfht of the banana is water. 
Banana peel is also edible if cooked. This is truly amazing!', NULL);
INSERT INTO `card` (id, type, title, header, content, option) VALUES ('banana_13', 0, 'Is banana available in different shapes?', 'assets/topic/bananas-3780761_960_720.jpg', NULL, 'oneAtATime');
INSERT INTO `cardExtra` (cardId, type, serial, content) VALUES ('banana_13', 1, 1, 'No');
INSERT INTO `cardExtra` (cardId, type, serial, content) VALUES ('banana_13', 0, 1, 'yes');
INSERT INTO `card` (id, type, title, header, content, option) VALUES ('banana_16', 0, 'Banana plant is the world''s _________ herb.', 'Banana_Tree_from_Kerala.JPG', NULL, 'oneAtATime');
INSERT INTO `cardExtra` (cardId, type, serial, content) VALUES ('banana_16', 1, 1, 'largest');
INSERT INTO `cardExtra` (cardId, type, serial, content) VALUES ('banana_16', 0, 1, 'smallest');
INSERT INTO `cardExtra` (cardId, type, serial, content) VALUES ('banana_16', 0, 2, 'shortest');
INSERT INTO `card` (id, type, title, header, content, option) VALUES ('banana_20', 0, 'Banana was named by ____________.', 'assets/topic/bananas-food-fruit.jpg', NULL, 'oneAtATime');
INSERT INTO `cardExtra` (cardId, type, serial, content) VALUES ('banana_20', 1, 1, 'Africans');
INSERT INTO `cardExtra` (cardId, type, serial, content) VALUES ('banana_20', 0, 1, 'Indians');
INSERT INTO `cardExtra` (cardId, type, serial, content) VALUES ('banana_20', 0, 2, 'Americans');
INSERT INTO `card` (id, type, title, header, content, option) VALUES ('banana_24', 0, 'A bunch of bananas is called as a hand.', 'assets/topic/banana-1549158_960_720.jpg', NULL, 'oneAtATime');
INSERT INTO `cardExtra` (cardId, type, serial, content) VALUES ('banana_24', 1, 1, 'yes');
INSERT INTO `cardExtra` (cardId, type, serial, content) VALUES ('banana_24', 0, 1, 'no');
INSERT INTO `card` (id, type, title, header, content, option) VALUES ('banana_27', 0, 'Match the names with the pictures', NULL, NULL, 'pair');
INSERT INTO `cardExtra` (cardId, type, serial, content) VALUES ('banana_27', 1, 1, 'banana');
INSERT INTO `cardExtra` (cardId, type, serial, content) VALUES ('banana_27', 1, 2, 'assets/topic/bananas-3780761_960_720.jpg');
INSERT INTO `cardExtra` (cardId, type, serial, content) VALUES ('banana_27', 1, 3, 'plantain');
INSERT INTO `cardExtra` (cardId, type, serial, content) VALUES ('banana_27', 1, 4, 'assets/topic/Plantain-Banana.jpg');
INSERT INTO `cardExtra` (cardId, type, serial, content) VALUES ('banana_27', 1, 5, 'leaf');
INSERT INTO `cardExtra` (cardId, type, serial, content) VALUES ('banana_27', 1, 6, 'assets/topic/banana-leafs.jpg');
INSERT INTO `cardExtra` (cardId, type, serial, content) VALUES ('banana_27', 1, 7, 'stem');
INSERT INTO `cardExtra` (cardId, type, serial, content) VALUES ('banana_27', 1, 8, 'assets/topic/banana-stem.jpg');
INSERT INTO `card` (id, type, title, header, content, option) VALUES ('pineapple', 2, 'Pineapple', 'assets/topic/Pineapple.svg', 'Everyone agree when a pineapple is called by the name spiky fruit. True, this is a weird fruit with a crown of spikes. It''s actually scary to buy a pineapple. The small spokes all around the fruit is sharp and painful when poked. But, let''s agree that it is a tasty fruit and we all love to eat one.', 'FF9DEDE3');
INSERT INTO `card` (id, type, title, header, content, option) VALUES ('pineapple_3', 1, 'Hey! how''s my spiky fruit?', 'assets/topic/table-for-keeping-banana.svg', 'Using the drawing tools, draw a pineapple. Add colours of your choice.', NULL);
INSERT INTO `cardExtra` (cardId, type, serial, content) VALUES ('pineapple_3', 2, 1, 'assets/topic/table-for-keeping-banana.svg');
INSERT INTO `card` (id, type, title, header, content, option) VALUES ('pineapple_5', 1, 'Let''s practice some colouring', 'assets/topic/pineapple111.svg', 'Colour the picture of the pineapple using the colours of your choice.', NULL);
INSERT INTO `cardExtra` (cardId, type, serial, content) VALUES ('pineapple_5', 2, 1, 'assets/topic/pineapple111.svg');
INSERT INTO `card` (id, type, title, header, content, option) VALUES ('pineapple_7', 1, 'Jack -o-lanterns', 'assets/topic/pineapple-304567.svg', 'Using the drawing tools create hallow eyes and mouth on the given pineapple. Fill in colours and add details to create a scary lantern.', NULL);
INSERT INTO `cardExtra` (cardId, type, serial, content) VALUES ('pineapple_7', 2, 1, 'assets/topic/pineapple-304567.svg');
INSERT INTO `card` (id, type, title, header, content, option) VALUES ('pineapple_9', 3, 'An amazing introduction', 'assets/topic/pinapple.jpg', 'Now this is truly interesting. Pineapple is a multiple fruit, with multiple berries all arranged in a pattern. A pineapple can take upto 3 years for growing  and becoming mature on a plant.  Now you know, why it''s priced so high! Pineapples are delicious tropical fruit. There are more than a hundered varieties of pineapples that grow in different sizes. Not a big number compared to bananas, but still quiet a big number. Pineapple plants have beautiful flowers that vary from lavender to light purple to red. When the fruit is created it usually produces upto 200 flowers. That is a great number! These flowers join together to form one big fruit, which we call pineapple. Isn''t this an amazing creation!', NULL);
INSERT INTO `card` (id, type, title, header, content, option) VALUES ('pineapple_10', 3, 'Pineapple and a little more', 'assets/topic/pineapple-plantation.jpg', 'Have you ever seen a pineapple plantation? It''s an amazing sight. The pineapple plants look like giant, burried pineapples. Planting a pineapple is quiet simple and easy. Cut off the top of the pineapple and plant it in the soil. Baby pineapples are the most addorable fruit you ever see growing. It''s a treat for the eyes to see the little pineapples sprouting off the leaves of its mamma plant. Once harvested pineapples don''t ripe anymore. That means every single pineapple that we buy in the market is as ripe as it will ever be.', NULL);
INSERT INTO `card` (id, type, title, header, content, option) VALUES ('pineapple_11', 3, 'Health benefits of a pineapple', 'assets/topic/pineapple-juice.jpg', 'Pineapple being the tropical fruit is rich in nutrients. Eating pineapple improves the respiratory health, cures cough and cold, improves digestion, helps in losing weight, strengthen bones, improve oral health, improves eye health, reduce swelling, prevents cancer, improves heart health and fights off the infections. The flesh and juice of the fruit is vastly used around the world. Pineapple is prepared and sold as snack on roadside. Chunks of pineapple are used in fruit salad, desserts and in almost many dishes. Crushed pineapple is used in yogurt, jam and ice-creams. And who have not tasted pineapple juice? Yes, a scary fruit has all these health benifits and we never knew.', NULL);
INSERT INTO `card` (id, type, title, header, content, option) VALUES ('pineapple_12', 3, 'Spiky fruit facts', 'assets/topic/pineapple-spiky.jpg', 'One pineapple plant can produce only one pineapple at a time. 
Did you know that, pineapple will ripen faster upside down.
Pineapples have exceptional juiciness and tropical taste. 
The juice from unripe pineapples cause severe vomiting. Avoid eating unripe pineapples.
The skin, core and ends of the pineapple are not discarded. All of these are used in making vinegar, alcohol and animal food.Wow! the whole fruit is useful.', NULL);
INSERT INTO `card` (id, type, title, header, content, option) VALUES ('pineapple_13', 0, 'A pineapple can take upto 10 years for growing and becoming mature as a plant.', 'assets/topic/pineapple-plant.jpg', NULL, 'oneAtATime');
INSERT INTO `cardExtra` (cardId, type, serial, content) VALUES ('pineapple_13', 1, 1, 'No');
INSERT INTO `cardExtra` (cardId, type, serial, content) VALUES ('pineapple_13', 0, 1, 'yes');
INSERT INTO `card` (id, type, title, header, content, option) VALUES ('pineapple_16', 0, 'The juice from unripe pineapple cause severe __________.', 'assets/topic/unripe-pineapple.jpg', NULL, 'oneAtATime');
INSERT INTO `cardExtra` (cardId, type, serial, content) VALUES ('pineapple_16', 1, 1, 'vomiting');
INSERT INTO `cardExtra` (cardId, type, serial, content) VALUES ('pineapple_16', 0, 1, 'headache');
INSERT INTO `cardExtra` (cardId, type, serial, content) VALUES ('pineapple_16', 0, 2, 'body pains');
INSERT INTO `card` (id, type, title, header, content, option) VALUES ('pineapple_20', 0, 'Nearly _______ flowers join together to form one pineapple.', 'assets/topic/pineappleflower.jpg', NULL, 'oneAtATime');
INSERT INTO `cardExtra` (cardId, type, serial, content) VALUES ('pineapple_20', 1, 1, '200');
INSERT INTO `cardExtra` (cardId, type, serial, content) VALUES ('pineapple_20', 0, 1, '500');
INSERT INTO `cardExtra` (cardId, type, serial, content) VALUES ('pineapple_20', 0, 2, '10');
INSERT INTO `cardExtra` (cardId, type, serial, content) VALUES ('pineapple_20', 0, 3, '300');
INSERT INTO `card` (id, type, title, header, content, option) VALUES ('pineapple_25', 0, 'Pineapple is prepared and sold as snack on the roadside.', 'assets/topic/pineapple-snack.jpg', NULL, 'oneAtATime');
INSERT INTO `cardExtra` (cardId, type, serial, content) VALUES ('pineapple_25', 1, 1, 'yes');
INSERT INTO `cardExtra` (cardId, type, serial, content) VALUES ('pineapple_25', 0, 1, 'no');
INSERT INTO `card` (id, type, title, header, content, option) VALUES ('pineapple_28', 0, 'Match the names with the pictures', NULL, NULL, 'pair');
INSERT INTO `cardExtra` (cardId, type, serial, content) VALUES ('pineapple_28', 1, 1, 'pineapple');
INSERT INTO `cardExtra` (cardId, type, serial, content) VALUES ('pineapple_28', 1, 2, 'assets/topic/pineapple-pic.jpg');
INSERT INTO `cardExtra` (cardId, type, serial, content) VALUES ('pineapple_28', 1, 3, 'crown');
INSERT INTO `cardExtra` (cardId, type, serial, content) VALUES ('pineapple_28', 1, 4, 'assets/topic/pineapple-crown.jpg');
INSERT INTO `cardExtra` (cardId, type, serial, content) VALUES ('pineapple_28', 1, 5, 'skin');
INSERT INTO `cardExtra` (cardId, type, serial, content) VALUES ('pineapple_28', 1, 6, 'assets/topic/pineapples-skin.jpg');
INSERT INTO `cardExtra` (cardId, type, serial, content) VALUES ('pineapple_28', 1, 7, 'flesh');
INSERT INTO `cardExtra` (cardId, type, serial, content) VALUES ('pineapple_28', 1, 8, 'assets/topic/pineapple-flesh.jpg');
INSERT INTO `card` (id, type, title, header, content, option) VALUES ('Orange', 2, 'Orange', 'assets/topic/orange.svg', 'Who doesn''t crave for oranges? From small kids to old people everyone love oranges. The taste is a treat for the taste buds. Besides being everyones favorite this citrus fruit has many other health benifits. Let''s all agree that we love the taste of the citrus king.', 'FF9DEDE3');
INSERT INTO `card` (id, type, title, header, content, option) VALUES ('Orange_3', 1, 'King of Citrus', 'assets/topic/table-for-keeping-banana.svg', 'Using the drawing tools, draw an orange and colour it. Add a crown to the king of citrus.', NULL);
INSERT INTO `cardExtra` (cardId, type, serial, content) VALUES ('Orange_3', 2, 1, 'assets/topic/table-for-keeping-banana.svg');
INSERT INTO `card` (id, type, title, header, content, option) VALUES ('Orange_5', 1, 'Colouring Fun', 'assets/topic/orange11.svg', 'Colour the picture using the colours of your choice.', NULL);
INSERT INTO `cardExtra` (cardId, type, serial, content) VALUES ('Orange_5', 2, 1, 'assets/topic/orange11.svg');
INSERT INTO `card` (id, type, title, header, content, option) VALUES ('Orange_7', 1, 'A family of Oranges', 'assets/topic/forest.svg', 'Using the drawing tools and the given template, create an orange family. Add arms, legs, and face for the oranges.', NULL);
INSERT INTO `cardExtra` (cardId, type, serial, content) VALUES ('Orange_7', 2, 1, 'assets/topic/forest.svg');
INSERT INTO `card` (id, type, title, header, content, option) VALUES ('Orange_9', 3, 'Important Introduction', 'assets/topic/orange-1.jpg', 'An orange is a citrus fruit. It is also called as sweet orange. This is to diffrentiate the orange from the bitter orange. Now, this is interesting... keep reading. Oranges don''t really exist in nature. Its the hybrid of two different fruit; pamelo and mandarin. When you closely look at an orange fruit along with the other two citrus fruit the concept is understood. Pamelo is a large green citrus fruit. It has a tough skin and a fibrous flesh. Mandarin is thin skinned, bright orange and very sweet. Hence the orange falls somewhere in between.', NULL);
INSERT INTO `card` (id, type, title, header, content, option) VALUES ('Orange_10', 3, 'Let''s peel into an orange', 'assets/topic/green-orange.jpg', 'Oranges are sweet and this is the truth. But, green oranges are also sweet. And, this is the fact. You should never judge an orange by its skin colour.  A skn of an orange doesn''t give any indication of flavour or ripeness. Cool nights can turn the fruit from green to orange, but a heat wave can turn it back to green. A firm fresh looking fruit is always sweet no matter it is green or orange.', NULL);
INSERT INTO `card` (id, type, title, header, content, option) VALUES ('Orange_11', 3, 'Health benefits of an Orange', 'assets/topic/orange-juice.jpg', 'A morning without an orange juice is not a healthy morning. This saying is true. Oranges have a bunch of healthy facts. Oranges will reduce the risk of cancer. This fruit is good in prevention of cold and recurrent ear infections. Eating oranges protects the skin from aging  and maintains the glow. Oranges helps in production of blood cells and prevents blood pressure. It controls the blood sugar. helps in digestion. wow! thats truly a lot of help. last but not the least, oranges are good for eye health.', NULL);
INSERT INTO `card` (id, type, title, header, content, option) VALUES ('Orange_12', 3, 'Facts to be noted', 'assets/topic/branches-citrus.jpg', 'Orange trees are evergreen. It''s a real treat to the eyes to see a tree with green leaves, orange and green oranges. 
An orange tree can grow to reach 30 feet and live for over a hundered years.
Can you believe that a single citrus tree can bear as many as 60,000 flowers but only one percent of these flowers will turn to be fruit.
Oranges are the largest citrus crop in the world.
Orange tree leaves are oval in shape. They have fine, rounded teeth on the edges. The leaves are alternately arranged on the branches. Never miss to observe an orange tree.', NULL);
INSERT INTO `card` (id, type, title, header, content, option) VALUES ('Orange_13', 0, 'An orange tree can live for over 100 years.', 'assets/topic/oranges-tree.jpg', NULL, 'oneAtATime');
INSERT INTO `cardExtra` (cardId, type, serial, content) VALUES ('Orange_13', 1, 1, 'yes');
INSERT INTO `cardExtra` (cardId, type, serial, content) VALUES ('Orange_13', 0, 1, 'no');
INSERT INTO `card` (id, type, title, header, content, option) VALUES ('Orange_16', 0, 'An orange is a __________ fruit.', 'assets/topic/citrus-citrus-fruit.jpg', NULL, 'oneAtATime');
INSERT INTO `cardExtra` (cardId, type, serial, content) VALUES ('Orange_16', 1, 1, 'citrus');
INSERT INTO `cardExtra` (cardId, type, serial, content) VALUES ('Orange_16', 0, 1, 'root');
INSERT INTO `cardExtra` (cardId, type, serial, content) VALUES ('Orange_16', 0, 2, 'stem');
INSERT INTO `card` (id, type, title, header, content, option) VALUES ('Orange_20', 0, 'Orange is the ___________ of two different citrus fruit.', 'assets/topic/appetizing-citrus.jpg', NULL, 'oneAtATime');
INSERT INTO `cardExtra` (cardId, type, serial, content) VALUES ('Orange_20', 1, 1, 'hybrid');
INSERT INTO `cardExtra` (cardId, type, serial, content) VALUES ('Orange_20', 0, 1, 'small');
INSERT INTO `cardExtra` (cardId, type, serial, content) VALUES ('Orange_20', 0, 2, 'large');
INSERT INTO `card` (id, type, title, header, content, option) VALUES ('Orange_24', 0, 'Orange trees are evergreen.', 'assets/topic/orange-tree-114.jpg', NULL, 'oneAtATime');
INSERT INTO `cardExtra` (cardId, type, serial, content) VALUES ('Orange_24', 1, 1, 'yes');
INSERT INTO `cardExtra` (cardId, type, serial, content) VALUES ('Orange_24', 0, 1, 'no');
INSERT INTO `card` (id, type, title, header, content, option) VALUES ('Orange_27', 0, 'Match the names with their images.', NULL, NULL, 'pair');
INSERT INTO `cardExtra` (cardId, type, serial, content) VALUES ('Orange_27', 1, 1, 'flower');
INSERT INTO `cardExtra` (cardId, type, serial, content) VALUES ('Orange_27', 1, 2, 'assets/topic/orange-tree-flower.jpg');
INSERT INTO `cardExtra` (cardId, type, serial, content) VALUES ('Orange_27', 1, 3, 'leaf');
INSERT INTO `cardExtra` (cardId, type, serial, content) VALUES ('Orange_27', 1, 4, 'assets/topic/orange-leaf.jpg');
INSERT INTO `cardExtra` (cardId, type, serial, content) VALUES ('Orange_27', 1, 5, 'fruit');
INSERT INTO `cardExtra` (cardId, type, serial, content) VALUES ('Orange_27', 1, 6, 'assets/topic/orange-fruit.jpg');
INSERT INTO `cardExtra` (cardId, type, serial, content) VALUES ('Orange_27', 1, 7, 'seed');
INSERT INTO `cardExtra` (cardId, type, serial, content) VALUES ('Orange_27', 1, 8, 'assets/topic/orange-seed.jpg');
INSERT INTO `card` (id, type, title, header, content, option) VALUES ('Maize', 2, 'Maize', 'assets/topic/Maize.svg', 'It may sound corny but, how much do you really know about corn? Maize is a more formal and internationally recognized name for corn. Being the highest cultivated crop of Tanzania, maize is the name given by Indians. Maize means ''sacred mother'' or ''Giver of life''.', 'FF9DEDE3');
INSERT INTO `card` (id, type, title, header, content, option) VALUES ('Maize_3', 1, 'Maize Fun', 'assets/topic/table-for-keeping-banana.svg', 'Using the drawing tools, draw a maize and colour it yellow', NULL);
INSERT INTO `cardExtra` (cardId, type, serial, content) VALUES ('Maize_3', 2, 1, 'assets/topic/table-for-keeping-banana.svg');
INSERT INTO `card` (id, type, title, header, content, option) VALUES ('Maize_5', 1, 'Colouring Fun', 'assets/topic/Maize12.svg', 'Colour the picture using the colours of your choice.', NULL);
INSERT INTO `cardExtra` (cardId, type, serial, content) VALUES ('Maize_5', 2, 1, 'assets/topic/Maize12.svg');
INSERT INTO `card` (id, type, title, header, content, option) VALUES ('Maize_7', 1, 'The maize cultivation in my community.', 'assets/topic/forest.svg', 'Using the drawing tools, create a picture of the community with houses surrounded by maize cultivation.', NULL);
INSERT INTO `cardExtra` (cardId, type, serial, content) VALUES ('Maize_7', 2, 1, 'assets/topic/forest.svg');
INSERT INTO `card` (id, type, title, header, content, option) VALUES ('Maize_9', 3, 'The Maize Knowledge', 'assets/topic/maize-1.jpg', 'Maize also known as corn has a fascinating past as well has milion uses in the modern days. Maize is the member of a grass family. It is a cereal grain. Maize is the third most important crop in the world. Growing maize is considered to be the national cultivation of Africa.  Maize is in fact the main food in most parts of the world. There are six major varieties of corn; flint corn, dent corn, pod corn, popcorn, flour corn and sweet corn.', NULL);
INSERT INTO `card` (id, type, title, header, content, option) VALUES ('Maize_10', 3, 'A little more about the maize', 'assets/topic/maize-seeds.jpg', 'Maize commonly known by its english name as corn is everyones favorite. Corn is used as livestock feed, as human food, as biofuel and as raw material in industry. Don''t you think it''s a celebrity in food? Corn is a domesticated plant and does not grow in wild. Corn is technically a grain and not a vegetable. The seed is a type of grass like wheat. Hence it''s considered as a whole grain. Corn plants consists of a single stem or stalk with leaves and ears attached. On an average a corn plant measures from 3 metres to 10 metres.', NULL);
INSERT INTO `card` (id, type, title, header, content, option) VALUES ('Maize_11', 3, 'Health benefits of a maize', 'assets/topic/vegetables-corn.jpg', 'Apart from being everyones favorite, maize has a list of health benifits hanging onto it. Corn controlls diabetes, prevents heart ailments, lowers hypertension, helps in digestion and promotes eye health. Corn is considered to be a healthy diet. Eating corn helps in weight loss. There''s nothing wrong in accepting that corn is a blessed food.', NULL);
INSERT INTO `card` (id, type, title, header, content, option) VALUES ('Maize_12', 3, 'Amazing facts of Maize', 'assets/topic/maize-color.jpg', 'Corn can be produced in different colours. The colours can be blackish, bluish  grey, purple, green, red, white and the most common yellow. Imagine all colours in one single corn.
An ear or cob of a corn is actually part of the flower. An individual kernel is a seed.
On average an ear of corn has 800 kernels in 16 rows. Isn''t this amazing. Next time you eat a corn, remember to count the kernels.
There are over 3500 different uses for corn products. 
The long threads on top of the ear of a corn are called silks. The touch is as soft as a silk. Don''t forget to feel the threads on the corn next time.', NULL);
INSERT INTO `card` (id, type, title, header, content, option) VALUES ('Maize_13', 0, 'There are 3500 different uses for corn products.', 'assets/topic/corn-soup.jpg', NULL, 'oneAtATime');
INSERT INTO `cardExtra` (cardId, type, serial, content) VALUES ('Maize_13', 1, 1, 'yes');
INSERT INTO `cardExtra` (cardId, type, serial, content) VALUES ('Maize_13', 0, 1, 'no');
INSERT INTO `card` (id, type, title, header, content, option) VALUES ('Maize_16', 0, 'A maize is a __________ grain.', 'assets/topic/agriculture-bright-cereal.jpg', NULL, 'oneAtATime');
INSERT INTO `cardExtra` (cardId, type, serial, content) VALUES ('Maize_16', 1, 1, 'cereal');
INSERT INTO `cardExtra` (cardId, type, serial, content) VALUES ('Maize_16', 0, 1, 'vegetable');
INSERT INTO `cardExtra` (cardId, type, serial, content) VALUES ('Maize_16', 0, 2, 'fruit');
INSERT INTO `card` (id, type, title, header, content, option) VALUES ('Maize_20', 0, 'Maize growing is considered to be the  _____________ cultivation of Africa.', 'assets/topic/africa-maize.jpg', NULL, 'oneAtATime');
INSERT INTO `cardExtra` (cardId, type, serial, content) VALUES ('Maize_20', 1, 1, 'national');
INSERT INTO `cardExtra` (cardId, type, serial, content) VALUES ('Maize_20', 0, 1, 'domestic');
INSERT INTO `cardExtra` (cardId, type, serial, content) VALUES ('Maize_20', 0, 2, 'international');
INSERT INTO `card` (id, type, title, header, content, option) VALUES ('Maize_24', 0, 'On an average the cob has 1000 kernels arranged in 16 rows.', 'assets/topic/corn-cob.jpg', NULL, 'oneAtATime');
INSERT INTO `cardExtra` (cardId, type, serial, content) VALUES ('Maize_24', 1, 1, 'no');
INSERT INTO `cardExtra` (cardId, type, serial, content) VALUES ('Maize_24', 0, 1, 'yes');
INSERT INTO `card` (id, type, title, header, content, option) VALUES ('Maize_27', 0, 'Match the names with their images.', NULL, NULL, 'pair');
INSERT INTO `cardExtra` (cardId, type, serial, content) VALUES ('Maize_27', 1, 1, 'silk');
INSERT INTO `cardExtra` (cardId, type, serial, content) VALUES ('Maize_27', 1, 2, 'assets/topic/silk.jpg');
INSERT INTO `cardExtra` (cardId, type, serial, content) VALUES ('Maize_27', 1, 3, 'kernels');
INSERT INTO `cardExtra` (cardId, type, serial, content) VALUES ('Maize_27', 1, 4, 'assets/topic/corn-kernels.jpg');
INSERT INTO `cardExtra` (cardId, type, serial, content) VALUES ('Maize_27', 1, 5, 'cob');
INSERT INTO `cardExtra` (cardId, type, serial, content) VALUES ('Maize_27', 1, 6, 'assets/topic/corn-on-the-cob.jpg');
INSERT INTO `cardExtra` (cardId, type, serial, content) VALUES ('Maize_27', 1, 7, 'maize plant');
INSERT INTO `cardExtra` (cardId, type, serial, content) VALUES ('Maize_27', 1, 8, 'assets/topic/cornfield-plant.jpg');
INSERT INTO `card` (id, type, title, header, content, option) VALUES ('Wheat', 2, 'Wheat', 'assets/topic/Wheat.svg', 'Let us agree that we all love that great slice of bread. Brown bread, milk bread, whole wheat bread, sweet bread and what not. But rarely do we think about where it comes from. Wheat belongs to the family of grasses. Having a strong foot in the history, wheat originates from Eupharates valley. It is part of human diet at least 9000 years.', 'FFB3C8FF');
INSERT INTO `card` (id, type, title, header, content, option) VALUES ('Wheat_3', 1, 'Wheat food', 'assets/topic/plate-307177.svg', 'Using drawing tools, draw the pictures of the food that we get from wheat.', NULL);
INSERT INTO `cardExtra` (cardId, type, serial, content) VALUES ('Wheat_3', 2, 1, 'assets/topic/plate-307177.svg');
INSERT INTO `card` (id, type, title, header, content, option) VALUES ('Wheat_5', 1, 'Colouring Fun', 'assets/topic/wheat-plant.svg', 'Colour the picture of the wheat plant using the colours of your choice.', NULL);
INSERT INTO `cardExtra` (cardId, type, serial, content) VALUES ('Wheat_5', 2, 1, 'assets/topic/wheat-plant.svg');
INSERT INTO `card` (id, type, title, header, content, option) VALUES ('Wheat_7', 1, 'The wheat food faces', 'assets/topic/bread-32176.svg', 'Draw faces on the given food templates.', NULL);
INSERT INTO `cardExtra` (cardId, type, serial, content) VALUES ('Wheat_7', 2, 1, 'assets/topic/bread-32176.svg');
INSERT INTO `card` (id, type, title, header, content, option) VALUES ('Wheat_9', 3, 'The wheat Story', 'assets/topic/wheat.jpg', 'Wheat originated more than 17,000 years ago. Early man gathered the seeds of the plant and ate them. After rubbing off the husks people simply chewed the kernels raw, parched or simmered. With advanced technology people started to grind wheat to produce flour. Wheat is a cereal grain that was domesticated from wild grass. There are many varieties of wheat. But, finally all the types can be divided into two major groups; spring and winter wheat. Wheat is the most important and essential food in today''s world.', NULL);
INSERT INTO `card` (id, type, title, header, content, option) VALUES ('Wheat_10', 3, 'Understanding the cereal', 'assets/topic/wheat-harvest.jpg', 'Wheat is the cereal which is cultivated all over the world. Wheat can grow almost anywhere in the world from sea level to 4,000 metres above sea level. Harvesting a wheat field consists of three parts; reaping, threshing and winnowing. Size of a wheat depends on the variety. Wheat usually reaches 2 to 4 feet in height. Wheat is an annual plant, which means it finish it''s life cycle in one year.', NULL);
INSERT INTO `card` (id, type, title, header, content, option) VALUES ('Wheat_11', 3, 'Wheat and Eat', 'assets/topic/baked-bakery-wheat.jpg', 'Apart from being one of the important food in the world, wheat has a good number of benificial health factors. Wheat is the third largest worldwide production after rice. Wheat can sustain life when other foods are unavailable. Wheat is the most nutricious grain. The health benefits of wheat depends entirely on the form in which it is eaten. Foods like bread, pasta, crackers, bagels, pancakes, pies, patries, cakes, cookies, muffins, chapathis and breakfast cereals are just a few common examples of wheat source.', NULL);
INSERT INTO `card` (id, type, title, header, content, option) VALUES ('Wheat_12', 3, 'The Wheat Facts', 'assets/topic/flour.jpg', 'Wheat is grouped into six types;hard red winter, hard red spring, soft red winter, durum, hard white and soft white. 
A wheat kernel has three main parts; endosperm, bran and germ
This is amazing! one bushel of wheat contains approximately one million individual kernels.
One bushel of wheat weighs 60 pounds and this is a lot of weight.
Did you know that wheat is used for kitchen cabinets, also used in paper, hair conditioners, adhesive on posdtage stamps, medical swabs and charcoal? These are few to name there are many more products. 
Kernels come in different colour which depend on their variety. It can be red, blue, purple, brown or white.', NULL);
INSERT INTO `card` (id, type, title, header, content, option) VALUES ('Wheat_13', 0, 'Wheat is grouped into 10 types.', 'assets/topic/agriculture-barley-cereal.jpg', NULL, 'oneAtATime');
INSERT INTO `cardExtra` (cardId, type, serial, content) VALUES ('Wheat_13', 1, 1, 'yes');
INSERT INTO `cardExtra` (cardId, type, serial, content) VALUES ('Wheat_13', 0, 1, 'no');
INSERT INTO `card` (id, type, title, header, content, option) VALUES ('Wheat_16', 0, 'One bushel of wheat weighs __________ pounds', 'assets/topic/weight.jpg', NULL, 'oneAtATime');
INSERT INTO `cardExtra` (cardId, type, serial, content) VALUES ('Wheat_16', 1, 1, '60');
INSERT INTO `cardExtra` (cardId, type, serial, content) VALUES ('Wheat_16', 0, 1, '40');
INSERT INTO `cardExtra` (cardId, type, serial, content) VALUES ('Wheat_16', 0, 2, '100');
INSERT INTO `card` (id, type, title, header, content, option) VALUES ('Wheat_20', 0, 'Wheat can reach from 2 to ______ feet in height.', 'assets/topic/wheat-height.jpg', NULL, 'oneAtATime');
INSERT INTO `cardExtra` (cardId, type, serial, content) VALUES ('Wheat_20', 1, 1, '4');
INSERT INTO `cardExtra` (cardId, type, serial, content) VALUES ('Wheat_20', 0, 1, '10');
INSERT INTO `cardExtra` (cardId, type, serial, content) VALUES ('Wheat_20', 0, 2, '5');
INSERT INTO `card` (id, type, title, header, content, option) VALUES ('Wheat_24', 0, 'Wheat is used to prepare hair conditioners.', 'assets/topic/wheat11.jpg', NULL, 'oneAtATime');
INSERT INTO `cardExtra` (cardId, type, serial, content) VALUES ('Wheat_24', 1, 1, 'yes');
INSERT INTO `cardExtra` (cardId, type, serial, content) VALUES ('Wheat_24', 0, 1, 'no');
INSERT INTO `card` (id, type, title, header, content, option) VALUES ('Wheat_27', 0, 'Match the names with their images.', NULL, NULL, 'pair');
INSERT INTO `cardExtra` (cardId, type, serial, content) VALUES ('Wheat_27', 1, 1, 'barn');
INSERT INTO `cardExtra` (cardId, type, serial, content) VALUES ('Wheat_27', 1, 2, 'assets/topic/barn.jpg');
INSERT INTO `cardExtra` (cardId, type, serial, content) VALUES ('Wheat_27', 1, 3, 'kernels');
INSERT INTO `cardExtra` (cardId, type, serial, content) VALUES ('Wheat_27', 1, 4, 'assets/topic/wheat-kernel.jpg');
INSERT INTO `cardExtra` (cardId, type, serial, content) VALUES ('Wheat_27', 1, 5, 'bushel');
INSERT INTO `cardExtra` (cardId, type, serial, content) VALUES ('Wheat_27', 1, 6, 'assets/topic/bushel.jpg');
INSERT INTO `cardExtra` (cardId, type, serial, content) VALUES ('Wheat_27', 1, 7, 'wheat plant');
INSERT INTO `cardExtra` (cardId, type, serial, content) VALUES ('Wheat_27', 1, 8, 'assets/topic/wheat-plant.jpg');
INSERT INTO `card` (id, type, title, header, content, option) VALUES ('Rice', 2, 'Rice', 'assets/topic/rice.svg', 'Rice is the second largest worldwide production. It is the most sought after food of man across the world. Having more than 40,000 varieties, rice grow across every continent except Antartica.', 'FFF4E1B5');
INSERT INTO `card` (id, type, title, header, content, option) VALUES ('Rice_3', 1, 'Women''s crop', 'assets/topic/rice-cult.svg', 'Using the drawing tools, create picture of women cultivating rice plantation', NULL);
INSERT INTO `cardExtra` (cardId, type, serial, content) VALUES ('Rice_3', 2, 1, 'assets/topic/rice-cult.svg');
INSERT INTO `card` (id, type, title, header, content, option) VALUES ('Rice_5', 1, 'Colouring Fun', 'assets/topic/forest.svg', 'Colour the picture of the rice cultivation using the colours of your choice.', NULL);
INSERT INTO `cardExtra` (cardId, type, serial, content) VALUES ('Rice_5', 2, 1, 'assets/topic/forest.svg');
INSERT INTO `card` (id, type, title, header, content, option) VALUES ('Rice_7', 1, 'A bowl of Rice', 'assets/topic/table-for-keeping-banana.svg', 'Draw a bowl of rice and add colours of your choice.', NULL);
INSERT INTO `cardExtra` (cardId, type, serial, content) VALUES ('Rice_7', 2, 1, 'assets/topic/table-for-keeping-banana.svg');
INSERT INTO `card` (id, type, title, header, content, option) VALUES ('Rice_9', 3, 'A Little Rice Talk', 'assets/topic/rice.jpg', 'The whole world claims to love rice. Rice is a grain or cereal just like wheat. As a cereal grain, it is most widely consumed food for the large part of the human population. African rice has been cultivated for 3500 years.There are also varieties of African rice. The exact number is unknown but there are nearly 40,000 varieties of rice.', NULL);
INSERT INTO `card` (id, type, title, header, content, option) VALUES ('Rice_10', 3, 'Growing Rice', 'assets/topic/rice-grow.jpg', 'Rice is an annual plant that is harvested once in a year. The rice plant can grow from 1 to 1.8 metres tall. The growth completely depends on the variety and fertility of soil. The leaves are long and thin. The rice seed is edible. Rice comes in many shapes and colours. Rice can be grown practically anywhere even on a steep hill or mountain area. But, remember that rice cultivation requires more rainfall. Methods of rice growing differs in different localities. Plowing, fertilizing and smoothing is the process of cultivating. The crop matures after 105 to 150 days after crop establishment.', NULL);
INSERT INTO `card` (id, type, title, header, content, option) VALUES ('Rice_11', 3, 'Rice and Health', 'assets/topic/rice-health.jpg', 'Rice is a good source of energy. It acts as a fuel to the body. Rice has high nutritional value. Consumption of rice controls blood pressure. It helps in prevention of cancer. It prevents constipation. Rice acts as a dietry food. It prevents obesity. Rice powder is used as medicine for skin related diseases in many parts of the world. Rice reduces the cholestrol level and helps in improving the heart health. Now, with all these health benifits rice is proved to be a nutritional food.', NULL);
INSERT INTO `card` (id, type, title, header, content, option) VALUES ('Rice_12', 3, 'The Rice facts', 'assets/topic/Rice_cultivation_Africa.jpg', 'Rice is everyones favorite food. But, did you know that growing rice takes lots of hard work? It''s usually hand planted and harvested. So next time when you waste rice just give a thought about the effort put in growing it.
Rice is low in fat and cholestrol free. It''s stomach filling and moreover very easy to cook.
Asia alone grows and consumes 90% of the world''s rice.
In Africa, rice cultivation is considered to be women''s crop. Women are involved in rice cultivation.
Rice stuffed pillows are considered to be excellent aid to relieve back and neck pain. Next time, you think of a craft, try making a rice pillow.', NULL);
INSERT INTO `card` (id, type, title, header, content, option) VALUES ('Rice_13', 0, 'Rice is a grain or a cereal just like potato.', 'assets/topic/rice-grain.jpg', NULL, 'oneAtATime');
INSERT INTO `cardExtra` (cardId, type, serial, content) VALUES ('Rice_13', 1, 1, 'no');
INSERT INTO `cardExtra` (cardId, type, serial, content) VALUES ('Rice_13', 0, 1, 'yes');
INSERT INTO `card` (id, type, title, header, content, option) VALUES ('Rice_16', 0, 'There are nearly __________ varieties of rice.', 'assets/topic/rice-variety.jpg', NULL, 'oneAtATime');
INSERT INTO `cardExtra` (cardId, type, serial, content) VALUES ('Rice_16', 1, 1, '40000');
INSERT INTO `cardExtra` (cardId, type, serial, content) VALUES ('Rice_16', 0, 1, '400');
INSERT INTO `cardExtra` (cardId, type, serial, content) VALUES ('Rice_16', 0, 2, '40');
INSERT INTO `card` (id, type, title, header, content, option) VALUES ('Rice_20', 0, 'Rice is __________ planted and harvested.', 'assets/topic/rice-hand.jpg', NULL, 'oneAtATime');
INSERT INTO `cardExtra` (cardId, type, serial, content) VALUES ('Rice_20', 1, 1, 'hand');
INSERT INTO `cardExtra` (cardId, type, serial, content) VALUES ('Rice_20', 0, 1, 'leg');
INSERT INTO `cardExtra` (cardId, type, serial, content) VALUES ('Rice_20', 0, 2, 'animal');
INSERT INTO `card` (id, type, title, header, content, option) VALUES ('Rice_24', 0, 'In Africa, rice is considered to be women''s crop.', 'assets/topic/rice-africa.jpg', NULL, 'oneAtATime');
INSERT INTO `cardExtra` (cardId, type, serial, content) VALUES ('Rice_24', 1, 1, 'yes');
INSERT INTO `cardExtra` (cardId, type, serial, content) VALUES ('Rice_24', 0, 1, 'no');
INSERT INTO `card` (id, type, title, header, content, option) VALUES ('Rice_27', 0, 'Match the names with their images.', NULL, NULL, 'pair');
INSERT INTO `cardExtra` (cardId, type, serial, content) VALUES ('Rice_27', 1, 1, 'Rice plantation');
INSERT INTO `cardExtra` (cardId, type, serial, content) VALUES ('Rice_27', 1, 2, 'assets/topic/rice-plantations1.jpg');
INSERT INTO `cardExtra` (cardId, type, serial, content) VALUES ('Rice_27', 1, 3, 'kernels');
INSERT INTO `cardExtra` (cardId, type, serial, content) VALUES ('Rice_27', 1, 4, 'assets/topic/rice-kernel.jpg');
INSERT INTO `cardExtra` (cardId, type, serial, content) VALUES ('Rice_27', 1, 5, 'rice bowl');
INSERT INTO `cardExtra` (cardId, type, serial, content) VALUES ('Rice_27', 1, 6, 'assets/topic/rice-bowl.jpg');
INSERT INTO `cardExtra` (cardId, type, serial, content) VALUES ('Rice_27', 1, 7, 'Rice harvesting');
INSERT INTO `cardExtra` (cardId, type, serial, content) VALUES ('Rice_27', 1, 8, 'assets/topic/rice-harvest1124.jpg');
INSERT INTO `card` (id, type, title, header, content, option) VALUES ('Cassava', 2, 'Casava', 'assets/topic/cassava.svg', 'This important crop of Africa was introduced in the 16th century. Cassava is cultivated for it''s edible root. Cassava is also known by the name tapiaco, yucca or sweet potato.', 'FFB3C8FF');
INSERT INTO `card` (id, type, title, header, content, option) VALUES ('Cassava_3', 1, 'Basket of Cassava', 'assets/topic/table-for-keeping-banana.svg', 'Using the drawing tools draw a basket of cassava. Colour the picture as desired.', NULL);
INSERT INTO `cardExtra` (cardId, type, serial, content) VALUES ('Cassava_3', 2, 1, 'assets/topic/table-for-keeping-banana.svg');
INSERT INTO `card` (id, type, title, header, content, option) VALUES ('Cassava_5', 1, 'Colouring Fun', 'assets/topic/forest.svg', 'Colour the oicture of cassava plant as desired.', NULL);
INSERT INTO `cardExtra` (cardId, type, serial, content) VALUES ('Cassava_5', 2, 1, 'assets/topic/forest.svg');
INSERT INTO `card` (id, type, title, header, content, option) VALUES ('Cassava_7', 1, 'The Cassava Food delight', 'assets/topic/bread.svg', 'Colour the pictures of the food.', NULL);
INSERT INTO `cardExtra` (cardId, type, serial, content) VALUES ('Cassava_7', 2, 1, 'assets/topic/bread.svg');
INSERT INTO `cardExtra` (cardId, type, serial, content) VALUES ('Cassava_7', 2, 2, 'assets/topic/chips.svg');
INSERT INTO `cardExtra` (cardId, type, serial, content) VALUES ('Cassava_7', 2, 3, 'assets/topic/table-for-keeping-banana.svg');
INSERT INTO `cardExtra` (cardId, type, serial, content) VALUES ('Cassava_7', 2, 4, 'assets/topic/cassava-bowl.svg');
INSERT INTO `card` (id, type, title, header, content, option) VALUES ('Cassava_12', 3, 'Cassava Knowledge', 'assets/topic/cassava-flower.jpg', 'Cassava is a flowering plant. Cultivation of cassava started 4000 years ago. It was brought to Africa in 16th century and immediately gained importance. It''s considered to be one of the important food in Africa. People love eating cassava. It can be found in tropical regions around the world today. It grows on fertile, well drained moist soil that is frost free. Cassava is cultivated for its edible root. It''s the long brown, tapred root vegetable which is favorite for almost everyone. It has long green leaves that are edible. Cassava can spoil very quickly after harvesting. It can stay for just few days. A good cassava is white inside and a bad one turns black. Next time don''t forget to check the root vegetable at the grocery.', NULL);
INSERT INTO `card` (id, type, title, header, content, option) VALUES ('Cassava_13', 3, 'Eating a Cassava', 'assets/topic/cassava-food.jpg', 'Cassava is a good source of dietry food. But, overall it has a poor nutritional value. Still people love eating Cassava. Moreover it''s highly perishable in one day if not used. Some types of Cassava, both roots and leaves are poisonous. It should be thoroughly cooked before consumed. Cassava roots are prepared into an amazing variety of foods. It is prepared differently in different regions. Cassava is prepared as a bread, roasted meal, as a beer, a flour, dough, added in chapatis, dosa, porridge, gravies, pellets, sauce, pie fillers, chips, pudding and also in baby food. Though not an healthy meal, it still has it''s flavour spread across the world.', NULL);
INSERT INTO `card` (id, type, title, header, content, option) VALUES ('Cassava_14', 3, 'The important facts', 'assets/topic/cassava-hay.jpg', 'Did you know that cassava is used as animal fodder. Yes, that''s true. The cassava prepared hay is used as food for cows, buffalo, goats and sheep. 
Cassava is used in the production of biofuel.
Cassava is an annual plant with a life span of 1 year. 
The flowers of a cassava plant are orange - red coloured with a tinge of green colour. Yes, have to do some observation. 
Cassava grows in the form of shrub that can reach 9 feet in height. 
Tuberous root of cassava consists of 4 to 8 individual tubers that grow at the base of stem. 
This is funny! The leaves of cassava are hand shaped composed of 3 to 7 narrow lobes. Leaves are dark green coloured on the upper side and bluish green on the underside.', NULL);
INSERT INTO `card` (id, type, title, header, content, option) VALUES ('Cassava_15', 0, 'Cultivation of cassava started 10,000 years ago.', 'assets/topic/cassava-cultivation.jpg', NULL, 'oneAtATime');
INSERT INTO `cardExtra` (cardId, type, serial, content) VALUES ('Cassava_15', 1, 1, 'no');
INSERT INTO `cardExtra` (cardId, type, serial, content) VALUES ('Cassava_15', 0, 1, 'yes');
INSERT INTO `card` (id, type, title, header, content, option) VALUES ('Cassava_18', 0, 'Tuberous root of cassava consists of 4 to ___ individual tubers.', 'assets/topic/cassava-tubers.jpg', NULL, 'oneAtATime');
INSERT INTO `cardExtra` (cardId, type, serial, content) VALUES ('Cassava_18', 1, 1, '8');
INSERT INTO `cardExtra` (cardId, type, serial, content) VALUES ('Cassava_18', 0, 1, '5');
INSERT INTO `cardExtra` (cardId, type, serial, content) VALUES ('Cassava_18', 0, 2, '10');
INSERT INTO `card` (id, type, title, header, content, option) VALUES ('Cassava_22', 0, 'Cassava grows into a shrub that can reach upto _____ feet in height.', 'assets/topic/cassava-height.jpg', NULL, 'oneAtATime');
INSERT INTO `cardExtra` (cardId, type, serial, content) VALUES ('Cassava_22', 1, 1, '9');
INSERT INTO `cardExtra` (cardId, type, serial, content) VALUES ('Cassava_22', 0, 1, '20');
INSERT INTO `cardExtra` (cardId, type, serial, content) VALUES ('Cassava_22', 0, 2, '3');
INSERT INTO `card` (id, type, title, header, content, option) VALUES ('Cassava_26', 0, 'Cassava prepared hay is used as baby food', 'assets/topic/cassava-hay-baby.jpg', NULL, 'oneAtATime');
INSERT INTO `cardExtra` (cardId, type, serial, content) VALUES ('Cassava_26', 1, 1, 'no');
INSERT INTO `cardExtra` (cardId, type, serial, content) VALUES ('Cassava_26', 0, 1, 'yes');
INSERT INTO `card` (id, type, title, header, content, option) VALUES ('Cassava_29', 0, 'Match the names with their images.', NULL, NULL, 'pair');
INSERT INTO `cardExtra` (cardId, type, serial, content) VALUES ('Cassava_29', 1, 1, 'cassava');
INSERT INTO `cardExtra` (cardId, type, serial, content) VALUES ('Cassava_29', 1, 2, 'assets/topic/cassava-veg.jpg');
INSERT INTO `cardExtra` (cardId, type, serial, content) VALUES ('Cassava_29', 1, 3, 'leaves');
INSERT INTO `cardExtra` (cardId, type, serial, content) VALUES ('Cassava_29', 1, 4, 'assets/topic/cassava-leaves.jpg');
INSERT INTO `cardExtra` (cardId, type, serial, content) VALUES ('Cassava_29', 1, 5, 'cassava chips');
INSERT INTO `cardExtra` (cardId, type, serial, content) VALUES ('Cassava_29', 1, 6, 'assets/topic/cassava-chips.jpg');
INSERT INTO `cardExtra` (cardId, type, serial, content) VALUES ('Cassava_29', 1, 7, 'biofuel');
INSERT INTO `cardExtra` (cardId, type, serial, content) VALUES ('Cassava_29', 1, 8, 'assets/topic/cassava-biofuel.jpg');
INSERT INTO `card` (id, type, title, header, content, option) VALUES ('Foods', 2, 'Foods', NULL, NULL, NULL);
INSERT INTO `collection` (id, serial, cardId) VALUES ('Tomatoes', 1, 'Tomatoes_3');
INSERT INTO `collection` (id, serial, cardId) VALUES ('Tomatoes', 2, 'Tomatoes_5');
INSERT INTO `collection` (id, serial, cardId) VALUES ('Tomatoes', 3, 'Tomatoes_7');
INSERT INTO `collection` (id, serial, cardId) VALUES ('Tomatoes', 4, 'Tomatoes_9');
INSERT INTO `collection` (id, serial, cardId) VALUES ('Tomatoes', 5, 'Tomatoes_10');
INSERT INTO `collection` (id, serial, cardId) VALUES ('Tomatoes', 6, 'Tomatoes_11');
INSERT INTO `collection` (id, serial, cardId) VALUES ('Tomatoes', 7, 'Tomatoes_12');
INSERT INTO `collection` (id, serial, cardId) VALUES ('Tomatoes', 8, 'Tomatoes_13');
INSERT INTO `collection` (id, serial, cardId) VALUES ('Tomatoes', 9, 'Tomatoes_16');
INSERT INTO `collection` (id, serial, cardId) VALUES ('Tomatoes', 10, 'Tomatoes_20');
INSERT INTO `collection` (id, serial, cardId) VALUES ('Tomatoes', 11, 'Tomatoes_24');
INSERT INTO `collection` (id, serial, cardId) VALUES ('Tomatoes', 12, 'Tomatoes_27');
INSERT INTO `collection` (id, serial, cardId) VALUES ('Cabbage', 1, 'Cabbage_3');
INSERT INTO `collection` (id, serial, cardId) VALUES ('Cabbage', 2, 'Cabbage_5');
INSERT INTO `collection` (id, serial, cardId) VALUES ('Cabbage', 3, 'Cabbage_7');
INSERT INTO `collection` (id, serial, cardId) VALUES ('Cabbage', 4, 'Cabbage_9');
INSERT INTO `collection` (id, serial, cardId) VALUES ('Cabbage', 5, 'Cabbage_10');
INSERT INTO `collection` (id, serial, cardId) VALUES ('Cabbage', 6, 'Cabbage_11');
INSERT INTO `collection` (id, serial, cardId) VALUES ('Cabbage', 7, 'Cabbage_12');
INSERT INTO `collection` (id, serial, cardId) VALUES ('Cabbage', 8, 'Cabbage_13');
INSERT INTO `collection` (id, serial, cardId) VALUES ('Cabbage', 9, 'Cabbage_16');
INSERT INTO `collection` (id, serial, cardId) VALUES ('Cabbage', 10, 'Cabbage_20');
INSERT INTO `collection` (id, serial, cardId) VALUES ('Cabbage', 11, 'Cabbage_24');
INSERT INTO `collection` (id, serial, cardId) VALUES ('Cabbage', 12, 'Cabbage_27');
INSERT INTO `collection` (id, serial, cardId) VALUES ('Onion', 1, 'Onion_3');
INSERT INTO `collection` (id, serial, cardId) VALUES ('Onion', 2, 'Onion_5');
INSERT INTO `collection` (id, serial, cardId) VALUES ('Onion', 3, 'Onion_7');
INSERT INTO `collection` (id, serial, cardId) VALUES ('Onion', 4, 'Onion_9');
INSERT INTO `collection` (id, serial, cardId) VALUES ('Onion', 5, 'Onion_10');
INSERT INTO `collection` (id, serial, cardId) VALUES ('Onion', 6, 'Onion_11');
INSERT INTO `collection` (id, serial, cardId) VALUES ('Onion', 7, 'Onion_12');
INSERT INTO `collection` (id, serial, cardId) VALUES ('Onion', 8, 'Onion_19');
INSERT INTO `collection` (id, serial, cardId) VALUES ('Onion', 9, 'Onion_23');
INSERT INTO `collection` (id, serial, cardId) VALUES ('Onion', 10, 'Onion_28');
INSERT INTO `collection` (id, serial, cardId) VALUES ('Onion', 11, 'Onion_33');
INSERT INTO `collection` (id, serial, cardId) VALUES ('Onion', 12, 'Onion_38');
INSERT INTO `collection` (id, serial, cardId) VALUES ('Onion', 13, 'Onion_43');
INSERT INTO `collection` (id, serial, cardId) VALUES ('Onion', 14, 'Onion_48');
INSERT INTO `collection` (id, serial, cardId) VALUES ('banana', 1, 'banana_3');
INSERT INTO `collection` (id, serial, cardId) VALUES ('banana', 2, 'banana_5');
INSERT INTO `collection` (id, serial, cardId) VALUES ('banana', 3, 'banana_7');
INSERT INTO `collection` (id, serial, cardId) VALUES ('banana', 4, 'banana_9');
INSERT INTO `collection` (id, serial, cardId) VALUES ('banana', 5, 'banana_10');
INSERT INTO `collection` (id, serial, cardId) VALUES ('banana', 6, 'banana_11');
INSERT INTO `collection` (id, serial, cardId) VALUES ('banana', 7, 'banana_12');
INSERT INTO `collection` (id, serial, cardId) VALUES ('banana', 8, 'banana_13');
INSERT INTO `collection` (id, serial, cardId) VALUES ('banana', 9, 'banana_16');
INSERT INTO `collection` (id, serial, cardId) VALUES ('banana', 10, 'banana_20');
INSERT INTO `collection` (id, serial, cardId) VALUES ('banana', 11, 'banana_24');
INSERT INTO `collection` (id, serial, cardId) VALUES ('banana', 12, 'banana_27');
INSERT INTO `collection` (id, serial, cardId) VALUES ('pineapple', 1, 'pineapple_3');
INSERT INTO `collection` (id, serial, cardId) VALUES ('pineapple', 2, 'pineapple_5');
INSERT INTO `collection` (id, serial, cardId) VALUES ('pineapple', 3, 'pineapple_7');
INSERT INTO `collection` (id, serial, cardId) VALUES ('pineapple', 4, 'pineapple_9');
INSERT INTO `collection` (id, serial, cardId) VALUES ('pineapple', 5, 'pineapple_10');
INSERT INTO `collection` (id, serial, cardId) VALUES ('pineapple', 6, 'pineapple_11');
INSERT INTO `collection` (id, serial, cardId) VALUES ('pineapple', 7, 'pineapple_12');
INSERT INTO `collection` (id, serial, cardId) VALUES ('pineapple', 8, 'pineapple_13');
INSERT INTO `collection` (id, serial, cardId) VALUES ('pineapple', 9, 'pineapple_16');
INSERT INTO `collection` (id, serial, cardId) VALUES ('pineapple', 10, 'pineapple_20');
INSERT INTO `collection` (id, serial, cardId) VALUES ('pineapple', 11, 'pineapple_25');
INSERT INTO `collection` (id, serial, cardId) VALUES ('pineapple', 12, 'pineapple_28');
INSERT INTO `collection` (id, serial, cardId) VALUES ('Orange', 1, 'Orange_3');
INSERT INTO `collection` (id, serial, cardId) VALUES ('Orange', 2, 'Orange_5');
INSERT INTO `collection` (id, serial, cardId) VALUES ('Orange', 3, 'Orange_7');
INSERT INTO `collection` (id, serial, cardId) VALUES ('Orange', 4, 'Orange_9');
INSERT INTO `collection` (id, serial, cardId) VALUES ('Orange', 5, 'Orange_10');
INSERT INTO `collection` (id, serial, cardId) VALUES ('Orange', 6, 'Orange_11');
INSERT INTO `collection` (id, serial, cardId) VALUES ('Orange', 7, 'Orange_12');
INSERT INTO `collection` (id, serial, cardId) VALUES ('Orange', 8, 'Orange_13');
INSERT INTO `collection` (id, serial, cardId) VALUES ('Orange', 9, 'Orange_16');
INSERT INTO `collection` (id, serial, cardId) VALUES ('Orange', 10, 'Orange_20');
INSERT INTO `collection` (id, serial, cardId) VALUES ('Orange', 11, 'Orange_24');
INSERT INTO `collection` (id, serial, cardId) VALUES ('Orange', 12, 'Orange_27');
INSERT INTO `collection` (id, serial, cardId) VALUES ('Maize', 1, 'Maize_3');
INSERT INTO `collection` (id, serial, cardId) VALUES ('Maize', 2, 'Maize_5');
INSERT INTO `collection` (id, serial, cardId) VALUES ('Maize', 3, 'Maize_7');
INSERT INTO `collection` (id, serial, cardId) VALUES ('Maize', 4, 'Maize_9');
INSERT INTO `collection` (id, serial, cardId) VALUES ('Maize', 5, 'Maize_10');
INSERT INTO `collection` (id, serial, cardId) VALUES ('Maize', 6, 'Maize_11');
INSERT INTO `collection` (id, serial, cardId) VALUES ('Maize', 7, 'Maize_12');
INSERT INTO `collection` (id, serial, cardId) VALUES ('Maize', 8, 'Maize_13');
INSERT INTO `collection` (id, serial, cardId) VALUES ('Maize', 9, 'Maize_16');
INSERT INTO `collection` (id, serial, cardId) VALUES ('Maize', 10, 'Maize_20');
INSERT INTO `collection` (id, serial, cardId) VALUES ('Maize', 11, 'Maize_24');
INSERT INTO `collection` (id, serial, cardId) VALUES ('Maize', 12, 'Maize_27');
INSERT INTO `collection` (id, serial, cardId) VALUES ('Wheat', 1, 'Wheat_3');
INSERT INTO `collection` (id, serial, cardId) VALUES ('Wheat', 2, 'Wheat_5');
INSERT INTO `collection` (id, serial, cardId) VALUES ('Wheat', 3, 'Wheat_7');
INSERT INTO `collection` (id, serial, cardId) VALUES ('Wheat', 4, 'Wheat_9');
INSERT INTO `collection` (id, serial, cardId) VALUES ('Wheat', 5, 'Wheat_10');
INSERT INTO `collection` (id, serial, cardId) VALUES ('Wheat', 6, 'Wheat_11');
INSERT INTO `collection` (id, serial, cardId) VALUES ('Wheat', 7, 'Wheat_12');
INSERT INTO `collection` (id, serial, cardId) VALUES ('Wheat', 8, 'Wheat_13');
INSERT INTO `collection` (id, serial, cardId) VALUES ('Wheat', 9, 'Wheat_16');
INSERT INTO `collection` (id, serial, cardId) VALUES ('Wheat', 10, 'Wheat_20');
INSERT INTO `collection` (id, serial, cardId) VALUES ('Wheat', 11, 'Wheat_24');
INSERT INTO `collection` (id, serial, cardId) VALUES ('Wheat', 12, 'Wheat_27');
INSERT INTO `collection` (id, serial, cardId) VALUES ('Rice', 1, 'Rice_3');
INSERT INTO `collection` (id, serial, cardId) VALUES ('Rice', 2, 'Rice_5');
INSERT INTO `collection` (id, serial, cardId) VALUES ('Rice', 3, 'Rice_7');
INSERT INTO `collection` (id, serial, cardId) VALUES ('Rice', 4, 'Rice_9');
INSERT INTO `collection` (id, serial, cardId) VALUES ('Rice', 5, 'Rice_10');
INSERT INTO `collection` (id, serial, cardId) VALUES ('Rice', 6, 'Rice_11');
INSERT INTO `collection` (id, serial, cardId) VALUES ('Rice', 7, 'Rice_12');
INSERT INTO `collection` (id, serial, cardId) VALUES ('Rice', 8, 'Rice_13');
INSERT INTO `collection` (id, serial, cardId) VALUES ('Rice', 9, 'Rice_16');
INSERT INTO `collection` (id, serial, cardId) VALUES ('Rice', 10, 'Rice_20');
INSERT INTO `collection` (id, serial, cardId) VALUES ('Rice', 11, 'Rice_24');
INSERT INTO `collection` (id, serial, cardId) VALUES ('Rice', 12, 'Rice_27');
INSERT INTO `collection` (id, serial, cardId) VALUES ('Cassava', 1, 'Cassava_3');
INSERT INTO `collection` (id, serial, cardId) VALUES ('Cassava', 2, 'Cassava_5');
INSERT INTO `collection` (id, serial, cardId) VALUES ('Cassava', 3, 'Cassava_7');
INSERT INTO `collection` (id, serial, cardId) VALUES ('Cassava', 4, 'Cassava_12');
INSERT INTO `collection` (id, serial, cardId) VALUES ('Cassava', 5, 'Cassava_13');
INSERT INTO `collection` (id, serial, cardId) VALUES ('Cassava', 6, 'Cassava_14');
INSERT INTO `collection` (id, serial, cardId) VALUES ('Cassava', 7, 'Cassava_15');
INSERT INTO `collection` (id, serial, cardId) VALUES ('Cassava', 8, 'Cassava_18');
INSERT INTO `collection` (id, serial, cardId) VALUES ('Cassava', 9, 'Cassava_22');
INSERT INTO `collection` (id, serial, cardId) VALUES ('Cassava', 10, 'Cassava_26');
INSERT INTO `collection` (id, serial, cardId) VALUES ('Cassava', 11, 'Cassava_29');
INSERT INTO `collection` (id, serial, cardId) VALUES ('Foods', 0, 'Tomatoes');
INSERT INTO `collection` (id, serial, cardId) VALUES ('Foods', 1, 'Cabbage');
INSERT INTO `collection` (id, serial, cardId) VALUES ('Foods', 2, 'Onion');
INSERT INTO `collection` (id, serial, cardId) VALUES ('Foods', 3, 'banana');
INSERT INTO `collection` (id, serial, cardId) VALUES ('Foods', 4, 'pineapple');
INSERT INTO `collection` (id, serial, cardId) VALUES ('Foods', 5, 'Orange');
INSERT INTO `collection` (id, serial, cardId) VALUES ('Foods', 6, 'Maize');
INSERT INTO `collection` (id, serial, cardId) VALUES ('Foods', 7, 'Wheat');
INSERT INTO `collection` (id, serial, cardId) VALUES ('Foods', 8, 'Rice');
INSERT INTO `collection` (id, serial, cardId) VALUES ('Foods', 9, 'Cassava');
