INSERT INTO `card` (id, type, title, header, content, option) VALUES ('Tomatoes', 2, 'Nyanya', 'assets/topic/Tomato.svg', 'Nyanya zimekua zikiliwa tangu zamani. Nyanya ni tunda kutoka mmea wa Mnyanya. Asili yake ni kutoka Marekani ya kati, ilitumika Meksiko ya kusini kwa mara ya kwanza na Aztecs', 'FFB3C8FF');
INSERT INTO `card` (id, type, title, header, content, option) VALUES ('Tomatoes_3', 1, 'Ninaweza kuchora Nyanya', 'assets/topic/table-for-keeping-banana.svg', 'Kwa kutumia vifaa vya uchoraji, chora Nyanya na uipake rangi.', NULL);
INSERT INTO `cardExtra` (cardId, type, serial, content) VALUES ('Tomatoes_3', 2, 1, 'assets/topic/table-for-keeping-banana.svg');
INSERT INTO `card` (id, type, title, header, content, option) VALUES ('Tomatoes_5', 1, 'Bustani yangu ya nyanya zenye rangi mbalimbali', 'assets/topic/garden.svg', 'Tumia rangi tofauti kupaka nyanya rangi katika bustani.', NULL);
INSERT INTO `cardExtra` (cardId, type, serial, content) VALUES ('Tomatoes_5', 2, 1, 'assets/topic/garden.svg');
INSERT INTO `card` (id, type, title, header, content, option) VALUES ('Tomatoes_7', 1, 'Familia ya Nyanya zenye Afya', 'assets/topic/forest.svg', 'kwa kutumia vifaa vya uchoraji, buni familia ya Watu Nyanya. Chora mikono, miguu, macho, pua, mdomo, uso na masikio. Ongezea ubunifu kufanya Nyanya baba, Nyanya mama, Nyanya kaka, nyanya dada, nyanya bibi, nyanya babu n.k.', NULL);
INSERT INTO `cardExtra` (cardId, type, serial, content) VALUES ('Tomatoes_7', 2, 1, 'assets/topic/forest.svg');
INSERT INTO `card` (id, type, title, header, content, option) VALUES ('Tomatoes_9', 3, 'Amini au Usiamini', 'assets/topic/tomatoes_variety_article.jpg', 'Kuna aina 10,000 za nyanya duniani. Haikushangazi?. Umeziona aina ngapi?. Sasa, kama unafikiria Nyanya zina rangi nyekundu tu, hauko sahihi. Nyanya hukua kwa rangi tofauti. Zinaweza kuwa za rangi ya njano, waridi, zambarau, nyeusi na nyeupe. Wakati Nyanya ni salama na Afya kwa kula, majani ya mmea wake ni sumu.', NULL);
INSERT INTO `card` (id, type, title, header, content, option) VALUES ('Tomatoes_10', 3, 'Matumizi ya Nyanya', 'assets/topic/tomato_consumption.jpg', 'Nyanya huliwa kwa njia tofauti. Inaweza kuliwa kama tunda, saladi, kiungo muhimu cha mboga katika mapishi mbalimbali, mchuzi, supu, achali rojo. Juisi itokanayo na nyanya hutumika kama kinywaji.  Aina za nyanya hujumuisha nyanya globe, nyanya beefsteak, nyanya oxheart, nyanya plum, nyanya cherry na nyanya campari. Je!, uliwahi kufahamu kuwa kuna aina nyingi tofauti za nyanya?.', NULL);
INSERT INTO `card` (id, type, title, header, content, option) VALUES ('Tomatoes_11', 3, 'Faida za Kiafya za Nyanya', 'assets/topic/tomato_health.jpg', 'Nyanya ni kiungo kikubwa cha Mlo. Nyanya ina faida kubwa kiafya. Ulaji wa nyanya Unapunguza hatari ya kupata magonjwa ya Moyo na Kansa. Nyanya ni nzuri kwa afya ya macho, ngozi, choo kigumu, ugonjwa wa kisukari. La muhumi zaidi, Nyanya ni tamu.', NULL);
INSERT INTO `card` (id, type, title, header, content, option) VALUES ('Tomatoes_12', 3, 'Baadhi ya ukweli Muhimu', 'assets/topic/tomatoes_fact.jpg', 'Nyanya zinaweza baki kwa muda mrefu kama zikihifadhiwa na shina lake. Nyanya yenye uzito mkubwa duniani ina kilo 3.51. Mmea mkubwa zaidi wa nyanya unaweza kuzalisha nyanya elfu 32. Si rahisi kuamini!, lakini ni kweli. Nyanya za kijani huiva kama zikihifadhiwa tunda Tofaa. Ulifahamu hilo?. Majani ya mmea wa Mnyanya ni Sumu. "La Tomatino" ni tamasha la Nyanya linalosherehekewa Hispania, kufurahia Nyanya nyingi. Wow! Hiyo inapaswa kushangaza.', NULL);
INSERT INTO `card` (id, type, title, header, content, option) VALUES ('Cabbage', 2, 'kabichi', 'assets/topic/cabbage.svg', 'Je!, Kabichi halionekani kama ni mkusanyiko wa majani yaliyokusanywa pamoja kama Mpira? Umekisia sawa! Ni kabichi, moja wapo ya mboga za majani zenye Afya. Mboga hizi za Majani zimekua zikizalishwa duniani kwa miaka elfu na zinaweza kupatikana katika aina mbali mbali za milo.', 'FF9DEDE3');
INSERT INTO `card` (id, type, title, header, content, option) VALUES ('Cabbage_3', 1, 'Ninaweza kuchora Kabichi', 'assets/topic/cabbage-37897_960_720.svg', 'Kwa kutumia vifaa vya uchoraji, chora kabichi na ulipake rangi.', NULL);
INSERT INTO `cardExtra` (cardId, type, serial, content) VALUES ('Cabbage_3', 2, 1, 'assets/topic/cabbage-37897_960_720.svg');
INSERT INTO `card` (id, type, title, header, content, option) VALUES ('Cabbage_5', 1, 'Bustani yangu ya kabichi zenye rangi mbalimbali', 'assets/topic/Unknown.svg', 'Tumia rangi tofauti kupaka rangi kabichi katika bustani.', NULL);
INSERT INTO `cardExtra` (cardId, type, serial, content) VALUES ('Cabbage_5', 2, 1, 'assets/topic/Unknown.svg');
INSERT INTO `card` (id, type, title, header, content, option) VALUES ('Cabbage_7', 1, 'Nyuso za Kabichi', 'assets/topic/306950.svg', 'Kwa kutumia vifaa vya uchoraji, buni nyuso tofauti za kabichi. Ongeza tabasamu, Kilio, Kuogofya, kicheko na aina yoyote ya hisia kwenye kabichi.', NULL);
INSERT INTO `cardExtra` (cardId, type, serial, content) VALUES ('Cabbage_7', 2, 1, 'assets/topic/306950.svg');
INSERT INTO `card` (id, type, title, header, content, option) VALUES ('Cabbage_9', 3, 'Tuchunguze Mboga za Majani', 'assets/topic/cabbage-salad.jpg', 'Kabichi ni Mboga za majani maarufu duniani. Inaweza kuzalishwa katika hali za hewa na aina za udongo mbalimbali. Ni rahisi kuzalishwa Kabichi na kuhifadhi. Kabichi zina maumbo mbalimbali na rangi tofauti ambazo ni Nyekundu, zambarau, nyeupe na kijani. Majani ya kabichi yanaweza kuwa  magumu au malaini.', NULL);
INSERT INTO `card` (id, type, title, header, content, option) VALUES ('Cabbage_10', 3, 'Matumizi ya Kabichi', 'assets/topic/cabbage-boiled.jpg', 'Kabichi ni Mboga za Majani manene. Zinaweza kuliwa zikiwa mbichi au zikiwa zimepikwa. Kabichi hutumika katika milo mbalimbali duniani. Kabichi zinaweza kufukizwa, kuchemshwa, kupashwa au kukaangwa. Kabichi zimekua moja kati ya mboga za majani zinazopendwa. Natumaini unapenda kabichi pia!.', NULL);
INSERT INTO `card` (id, type, title, header, content, option) VALUES ('Cabbage_11', 3, 'Faida za Kiafya za Kabichi', 'assets/topic/cabbage-health.jpg', 'Kabichi hubeba faidia nyingi kiafya. Ulifahamu kuwa Kabichi ni nzuri kwa mifupa yako?. Ndio, ni kweli. Kabichi husaidia Mifupa kiafya. Kuna uwezekano mdogo wa maambukizi endapo kabichi ikitumika katika milo mara kwa mara. Ulaji wa kabichi ni mzuri katika moyo kusaidia kudhibiti msukumo wa damu. Kabichi pia husaidia kutibu Tumbo na magonjwa katika utumbo mwembamba. Pia huzuia kansa Mwilini.', NULL);
INSERT INTO `card` (id, type, title, header, content, option) VALUES ('Cabbage_12', 3, 'Baadhi ya ukweli Muhimu', 'assets/topic/red-cabbage.jpg', 'Unafahamu kwamba Kabichi inaweza kupakwa katika vidonda? Hii ni kweli. Upakwaji wa kabichi hutibu vidonda. Kabichi imekua kati ya milo ya bindamu kwa zaidi ya miaka 1,000.  Kabichi haina mafuta kabisa, na imependekezwa kuwa mlo bora. Kabichi nyekundu ina ladha kama kabichi ya kijani. Lakini, Unafahamu kwamba Kabichi Nyekundu huchuja rangi yake inapopikwa na vyakula vingine?. Kabichi Yenye uzito mkubwa ina kilo 62.71 na kumbukumbu yake imehifadhiwa.', NULL);
INSERT INTO `card` (id, type, title, header, content, option) VALUES ('Cabbage_13', 0, 'Je!, Kabichi ni chakula cha mlo kamili?', 'assets/topic/cabbage_diet.jpg', NULL, 'oneAtATime');
INSERT INTO `cardExtra` (cardId, type, serial, content) VALUES ('Cabbage_13', 1, 1, 'Ndio');
INSERT INTO `cardExtra` (cardId, type, serial, content) VALUES ('Cabbage_13', 0, 1, 'Hapana');
INSERT INTO `card` (id, type, title, header, content, option) VALUES ('Cabbage_16', 0, 'Kabichi ni chakula cha majani_____', 'assets/topic/cabbage_leafy.jpg', NULL, 'oneAtATime');
INSERT INTO `cardExtra` (cardId, type, serial, content) VALUES ('Cabbage_16', 1, 1, 'Manene');
INSERT INTO `cardExtra` (cardId, type, serial, content) VALUES ('Cabbage_16', 0, 1, 'Mizizi');
INSERT INTO `cardExtra` (cardId, type, serial, content) VALUES ('Cabbage_16', 0, 2, 'Yasiyokua ya Afya');
INSERT INTO `card` (id, type, title, header, content, option) VALUES ('Cabbage_20', 0, 'Kabichi husaidia________yenye Afya.', 'assets/topic/cabbage_healthy.jpg', NULL, 'oneAtATime');
INSERT INTO `cardExtra` (cardId, type, serial, content) VALUES ('Cabbage_20', 1, 1, 'Mifupa');
INSERT INTO `cardExtra` (cardId, type, serial, content) VALUES ('Cabbage_20', 0, 1, 'Mikono');
INSERT INTO `cardExtra` (cardId, type, serial, content) VALUES ('Cabbage_20', 0, 2, 'Ngozi');
INSERT INTO `card` (id, type, title, header, content, option) VALUES ('Cabbage_24', 0, 'kabichi huweza kuliwa kwa namna nyingi tofauti?', 'assets/topic/cabbage_eaten.jpg', NULL, 'oneAtATime');
INSERT INTO `cardExtra` (cardId, type, serial, content) VALUES ('Cabbage_24', 1, 1, 'Ndio');
INSERT INTO `cardExtra` (cardId, type, serial, content) VALUES ('Cabbage_24', 0, 1, 'Hapana');
INSERT INTO `card` (id, type, title, header, content, option) VALUES ('Cabbage_27', 0, 'Oanisha Majina kwa Picha zake.', NULL, NULL, 'pair');
INSERT INTO `cardExtra` (cardId, type, serial, content) VALUES ('Cabbage_27', 1, 1, 'Kiini cha Kabichi');
INSERT INTO `cardExtra` (cardId, type, serial, content) VALUES ('Cabbage_27', 1, 2, 'assets/topic/cabbage_core.png');
INSERT INTO `cardExtra` (cardId, type, serial, content) VALUES ('Cabbage_27', 1, 3, 'Mmea wa Kabichi');
INSERT INTO `cardExtra` (cardId, type, serial, content) VALUES ('Cabbage_27', 1, 4, 'assets/topic/cabbage_plant.jpg');
INSERT INTO `cardExtra` (cardId, type, serial, content) VALUES ('Cabbage_27', 1, 5, 'Jani la kabichi');
INSERT INTO `cardExtra` (cardId, type, serial, content) VALUES ('Cabbage_27', 1, 6, 'assets/topic/cabbage_leaf.jpg');
INSERT INTO `cardExtra` (cardId, type, serial, content) VALUES ('Cabbage_27', 1, 7, 'Kabichi');
INSERT INTO `cardExtra` (cardId, type, serial, content) VALUES ('Cabbage_27', 1, 8, 'assets/topic/cabbage.jpg');
INSERT INTO `card` (id, type, title, header, content, option) VALUES ('Onion', 2, 'Kitunguu', 'assets/topic/Onion.svg', 'Vitunguu ni moja kati ya vyakula vya zamani kujulikana na binadamu.Ni mboga za majani zinazotumika sana duniani kote. Ni moja ya familia ya tungule. Hiyo ni kwasababu sehemu kubwa ya umbo la kitunguu ni tungule, huzalishwa chini ya ardhi. Kuna aina 27 tofauti za vitunguu na moja wapo ya zao rahisi kuzalishwa.', 'FFB3C8FF');
INSERT INTO `card` (id, type, title, header, content, option) VALUES ('Onion_3', 1, 'Ninaweza kuuchora mmea wa kitunguu', 'assets/topic/soil-575643.svg', 'Kwa kutumia vifaa vya uchoraji, chora mmea kuonyesha vitunguu vilivyopo chini ya ardhi.', NULL);
INSERT INTO `cardExtra` (cardId, type, serial, content) VALUES ('Onion_3', 2, 1, 'assets/topic/soil-575643.svg');
INSERT INTO `card` (id, type, title, header, content, option) VALUES ('Onion_5', 1, 'Paka kikapu cha Kitunguu mara tatu', 'assets/topic/basket-2075011.svg', 'Chora kikapu kilichojaa vitunguu. Paka vitunguu rangi ya zambarau, njano, na nyeupe.', NULL);
INSERT INTO `cardExtra` (cardId, type, serial, content) VALUES ('Onion_5', 2, 1, 'assets/topic/basket-2075011.svg');
INSERT INTO `card` (id, type, title, header, content, option) VALUES ('Onion_7', 1, 'Shamba la Konokono kitunguu', 'assets/topic/snail-48177.svg', 'Angalia katika picha ya konokono. Kwa kutumia vifaa vya uchoraji, buni shamba la Konokono kitunguu. Paka vitunguu rangi upendazo. Zifanye zipendeze vikizungukwa na konokono.', NULL);
INSERT INTO `cardExtra` (cardId, type, serial, content) VALUES ('Onion_7', 2, 1, 'assets/topic/snail-48177.svg');
INSERT INTO `card` (id, type, title, header, content, option) VALUES ('Onion_9', 3, 'Tuchunguze mboga za majani', 'assets/topic/market-onions.jpg', 'Kilimo cha vitunguu kilianza miaka 7,000 iliyopita. Ni ukweli kwamba vitunguu hutumika duniani kote. Vitunguu hutofautiana ukubwa, umbo, rangi, na ladha. Mbali na Ladha yake, pia huongeza faida za afya mwilini. Vitunguu hutoa mizizi, tungule na majani ya kijani. Majani na tungule hutumika, kasoro mizizi. Vitunguu huweza kuwa vya mviringo au umbo la yai. Humea katika rangi ya zambarau, nyeupe na njano. Kitunguu Pearl, Kitunguu Bermuda, Kitunguu egyptian, kitunguu cha kijani, kitunguu vidalia, kitunguu super-sweets, kitunguu shallots na kitunguu scallions ni aina mbalimbali za vitunguu.', NULL);
INSERT INTO `card` (id, type, title, header, content, option) VALUES ('Onion_10', 3, 'Faida za kiafya za Kitunguu', 'assets/topic/perspective-onion-7.jpg', 'Vitunguu huweza kuliwa vikiwa vibichi, vikiwa vimepikwa au kama achari. Vitunguu husifiwa kwa faida zake za kiafya za kiajabu. Vitunguu ni vizuri, kwa macho, vizuri kwa moyo, husafisha figo, hupunguza kuvimba kwa mwili, hurahisisha mmengényo wa chakula na kupunguza maumivu ya mwili. kwa ujumla, vitunguu mlo wenye Afya na hatuna budi kukubali.', NULL);
INSERT INTO `card` (id, type, title, header, content, option) VALUES ('Onion_11', 3, 'Baadhi ya ukweli muhimu', 'assets/topic/chopped_onion.jpeg', 'Ukataji wa vitunguu husababisha macho kutoa machozi. Ni kwasababu unavihurumia vitunguu?. Hapana, hapana kabisa. Vitunguu vina asidi ya sulfuriki inayounguza macho yako. Usihofu, sio hatari kula. Unafahamu kwamba kuweka kipande cha kitunguu kilichopikwa juu ya kifua chako na ukajifunika na blanketi itakusaida kuondoa homa na kikohozi?. Kwa hiyo sasa una dawa ya papo kwa hapo nyumbani. Asilimia 97 ya vitunguu ni maji. Sasa unafahamu kwanini ni vizuri kwa Afya! Kitunguu kikubwa kuvunwa kina uzito wa kilo 5. Vitunguu vya njano ni aina ya vitunguu maarufu. Usipuuzie hili, Vitunguu huweza kuua mbwa. Hupunguza chembe hai za damu na mzunguko wa damu. Hii huweza kuua Mnyama.', NULL);
INSERT INTO `card` (id, type, title, header, content, option) VALUES ('Onion_12', 0, 'Oanisha maji kwa picha zake', NULL, NULL, 'pair');
INSERT INTO `cardExtra` (cardId, type, serial, content) VALUES ('Onion_12', 1, 1, 'Mzizi');
INSERT INTO `cardExtra` (cardId, type, serial, content) VALUES ('Onion_12', 1, 2, 'assets/topic/onions-roots.jpg');
INSERT INTO `cardExtra` (cardId, type, serial, content) VALUES ('Onion_12', 1, 3, 'Tungule');
INSERT INTO `cardExtra` (cardId, type, serial, content) VALUES ('Onion_12', 1, 4, 'assets/topic/bulb-1238339_960_720.jpg');
INSERT INTO `cardExtra` (cardId, type, serial, content) VALUES ('Onion_12', 1, 5, 'Kitunguu');
INSERT INTO `cardExtra` (cardId, type, serial, content) VALUES ('Onion_12', 1, 6, 'assets/topic/onion-1565604_960_720.jpg');
INSERT INTO `card` (id, type, title, header, content, option) VALUES ('Onion_19', 0, 'Kitunguu huzalishwa _______ ya ardhi', 'assets/topic/onion-3540502_960_720 .jpg', NULL, 'oneAtATime');
INSERT INTO `cardExtra` (cardId, type, serial, content) VALUES ('Onion_19', 1, 1, 'Chini');
INSERT INTO `cardExtra` (cardId, type, serial, content) VALUES ('Onion_19', 0, 1, 'Juu');
INSERT INTO `cardExtra` (cardId, type, serial, content) VALUES ('Onion_19', 0, 2, 'Pembeni');
INSERT INTO `card` (id, type, title, header, content, option) VALUES ('Onion_23', 0, 'Kitung___u', 'assets/topic/onion-899086_1920.jpg', NULL, 'oneAtATime');
INSERT INTO `cardExtra` (cardId, type, serial, content) VALUES ('Onion_23', 1, 1, 'u');
INSERT INTO `cardExtra` (cardId, type, serial, content) VALUES ('Onion_23', 0, 1, 'a');
INSERT INTO `cardExtra` (cardId, type, serial, content) VALUES ('Onion_23', 0, 2, 'o');
INSERT INTO `cardExtra` (cardId, type, serial, content) VALUES ('Onion_23', 0, 3, 'e');
INSERT INTO `card` (id, type, title, header, content, option) VALUES ('Onion_28', 0, 'T___ngule.', 'assets/topic/onion-bulb.jpg', NULL, 'oneAtATime');
INSERT INTO `cardExtra` (cardId, type, serial, content) VALUES ('Onion_28', 1, 1, 'u');
INSERT INTO `cardExtra` (cardId, type, serial, content) VALUES ('Onion_28', 0, 1, 'a');
INSERT INTO `cardExtra` (cardId, type, serial, content) VALUES ('Onion_28', 0, 2, 'i');
INSERT INTO `cardExtra` (cardId, type, serial, content) VALUES ('Onion_28', 0, 3, 'e');
INSERT INTO `card` (id, type, title, header, content, option) VALUES ('Onion_33', 0, 'Ma__i', 'assets/topic/drops-of-water-578897_960_720.jpg', NULL, 'oneAtATime');
INSERT INTO `cardExtra` (cardId, type, serial, content) VALUES ('Onion_33', 1, 1, 'j');
INSERT INTO `cardExtra` (cardId, type, serial, content) VALUES ('Onion_33', 0, 1, 'm');
INSERT INTO `cardExtra` (cardId, type, serial, content) VALUES ('Onion_33', 0, 2, 's');
INSERT INTO `cardExtra` (cardId, type, serial, content) VALUES ('Onion_33', 0, 3, 'd');
INSERT INTO `card` (id, type, title, header, content, option) VALUES ('Onion_38', 0, 'Afy___', 'assets/topic/salad.jpg', NULL, 'oneAtATime');
INSERT INTO `cardExtra` (cardId, type, serial, content) VALUES ('Onion_38', 1, 1, 'a');
INSERT INTO `cardExtra` (cardId, type, serial, content) VALUES ('Onion_38', 0, 1, 'i');
INSERT INTO `cardExtra` (cardId, type, serial, content) VALUES ('Onion_38', 0, 2, 'u');
INSERT INTO `cardExtra` (cardId, type, serial, content) VALUES ('Onion_38', 0, 3, 'e');
INSERT INTO `card` (id, type, title, header, content, option) VALUES ('Onion_43', 0, 'Macho__i', 'assets/topic/crying-baby.jpg', NULL, 'oneAtATime');
INSERT INTO `cardExtra` (cardId, type, serial, content) VALUES ('Onion_43', 1, 1, 'z');
INSERT INTO `cardExtra` (cardId, type, serial, content) VALUES ('Onion_43', 0, 1, 'w');
INSERT INTO `cardExtra` (cardId, type, serial, content) VALUES ('Onion_43', 0, 2, 'd');
INSERT INTO `cardExtra` (cardId, type, serial, content) VALUES ('Onion_43', 0, 3, 'j');
INSERT INTO `card` (id, type, title, header, content, option) VALUES ('Onion_48', 0, 'Rangi kuu za kitunguu ni zambarau, ______ njano.', 'assets/topic/onion-white.jpg', NULL, 'oneAtATime');
INSERT INTO `cardExtra` (cardId, type, serial, content) VALUES ('Onion_48', 1, 1, 'nyeupe');
INSERT INTO `cardExtra` (cardId, type, serial, content) VALUES ('Onion_48', 0, 1, 'buluu');
INSERT INTO `cardExtra` (cardId, type, serial, content) VALUES ('Onion_48', 0, 2, 'nyeusi');
INSERT INTO `cardExtra` (cardId, type, serial, content) VALUES ('Onion_48', 0, 3, 'machungwa');
INSERT INTO `card` (id, type, title, header, content, option) VALUES ('banana', 2, 'Ndizi', 'assets/topic/banana.svg', 'Ni nani asiyetamani tunda kizingo lenye nyama liitwalo ''Ndizi''. Ukweli ni kwamba ndizi hujulikama kama tunda la wote. Ndio, Kuna wanadamu wachache duniani ambao hawapendelei kula ndizi. Ndizi zina Afya na ladha. Sio kwa Binadamu tu, hata Tembo na Nyani hupenda kula ndizi pia.', 'FF9DEDE3');
INSERT INTO `card` (id, type, title, header, content, option) VALUES ('banana_3', 1, 'Tazama! Ninaweza kuchora Ndizi.', 'assets/topic/table-for-keeping-banana.svg', 'Kwa kutumia vifaa vya uchoraji, chora ndizi. Ongeza rangi upendeleazo.', NULL);
INSERT INTO `cardExtra` (cardId, type, serial, content) VALUES ('banana_3', 2, 1, 'assets/topic/table-for-keeping-banana.svg');
INSERT INTO `card` (id, type, title, header, content, option) VALUES ('banana_5', 1, 'Ndizi nenda', 'assets/topic/blue-sea.svg', 'Kwa kutumia vifaa vya uchoraji, Chora ndizi mashua. Buni picha ya bahari yenye ndizi mashua nyingi zikielea.', NULL);
INSERT INTO `cardExtra` (cardId, type, serial, content) VALUES ('banana_5', 2, 1, 'assets/topic/blue-sea.svg');
INSERT INTO `card` (id, type, title, header, content, option) VALUES ('banana_7', 1, 'Nyumba yangu imezungukwa na mimea ya Ndizi', 'assets/topic/countryside-village.svg', 'Kwa kutumia vifaa vya uchoraji, chora nyumba yako ikiwa imezungukwa na Mimea ya Ndizi.', NULL);
INSERT INTO `cardExtra` (cardId, type, serial, content) VALUES ('banana_7', 2, 1, 'assets/topic/countryside-village.svg');
INSERT INTO `card` (id, type, title, header, content, option) VALUES ('banana_9', 3, 'Maarifa machache ya Ujumla', 'assets/topic/banana-tree.jpg', 'Ndizi ni mmea au Mti?. Inachanganya! Ndizi hazizalishwi kwenye miti. Ndizi humea katika muundo wa mzizi, ambao una shina lililo juu ya ardhi. Ukweli ni kwamba, Ni mmea unaoweza kumea kwa mita 15. Mmea wa ndizi ni mrefu na mara nyingi husimama Imara. Hivyo, mara nyingi hukosea kwa kudhaniwa ni Mti. Ndizi ni tunda chakula. Ndizi pia hutumika kupikwa. Hizi ndizi huitwa pia Migomba. Hakuna tofauti kubwa kati ya ndizi na mgomba. Ndizi ni laini na tamu. Mgomba ni mgumu una wanga kama viazi vibichi. Matunda haya hutofautiana ukubwa, rangi na uimara. Lakini ndizi huhifadhi umbo lake la kizingo lililo kama mashua.', NULL);
INSERT INTO `card` (id, type, title, header, content, option) VALUES ('banana_10', 3, 'Yote kuhusu Ndizi', 'assets/topic/bananas-3780761_960_720.jpg', 'Ndizi imekua ni sehemu ya mlo wetu tangu miaka elfu moja iliyopita. Leo ni moja kati ya tunda linalopendwa duniani. Inaaminika kuwa ndizi ni tunda la kwanza duniani. Sifa za upatikani wa jina la tunda hili ziwaendee Waafrika. Hey! Hilo ni jina bora. Ulishawahi kudhani kuwa kuna aina 1,000 tofauti za ndizi zinazomea duniani?. Hiyo ni kweli na inashangaza.', NULL);
INSERT INTO `card` (id, type, title, header, content, option) VALUES ('banana_11', 3, 'Faida za Kiafya za Ndizi', 'assets/topic/banana-3404383_960_720.jpg', 'Kama matunda mengine, ndizi pia ni nzuri kwa afya ya Moyo. Hudhibiti Msukumo wa damu. Ndizi hujulikana kwa ushawishi wa kupata usingizi. Ulaji wa Ndizi husaidia ulegevu wa misuli ya mwili na kupata usingizi mzuri. Ndizi pia ni mlo kamili. Inasaidia kupunguza uzito mwilini. Ndizi husaidia kudhibiti kiwango cha sukari katika damu. Ndizi ni ndogo kiumbo lakini hushiriki vizuri katika uwezo wa kuona. Ni nzuri kwa afya ya macho. Ndizi husaidia kuimarisha mifupa. Kula ndizi husaidia kuzia kansa ya figo. Imethibitishwa kuwa kiongeza afya bora.', NULL);
INSERT INTO `card` (id, type, title, header, content, option) VALUES ('banana_12', 3, 'Ukweli kuhusu tunda lenye umbo la mashua', 'assets/topic/Drop-Of-Water-Banana-Plant-Fruit-Green-718618.jpg', 'Unafahamu kwamba ndizi huelea kwenye maji?. Ndio, ni kweli. Ndizi huelea kwenye maji kwasababu Msongamano wake ni mdogo.  Jaribu na uone!. Ndizi zina umbo la kizingo kwasababu humuea kuelekea Jua. Chunguza mmea wa ndizi kuhakikisha. Mara nyingi Ndizi ni tunda dogo. Mmea wa ndizi ni mmea mkubwa zaidi duniani. Ndizi moja huitwa kidole. Kichane cha ndizi huitwa kiganja cha mkono. Ni maji yenye kuvutia!. Waafrika hujipatia sifa kwa kulipa jina tunda kama hilo. Ndizi humea kipindi chote cha mwaka. Hazina msimu. Tulilifahamu hilo?. Asilimia 75 ya uzito wa ndizi ni maji. Maganda ya ndizi pia ni chakula kama yakipikwa. Hii inashangaza kweli!.', NULL);
INSERT INTO `card` (id, type, title, header, content, option) VALUES ('banana_13', 0, 'Ndizi inapatikana katika maumbo tofauti tofauti?', 'assets/topic/bananas-3780761_960_720.jpg', NULL, 'oneAtATime');
INSERT INTO `cardExtra` (cardId, type, serial, content) VALUES ('banana_13', 1, 1, 'Hapana');
INSERT INTO `cardExtra` (cardId, type, serial, content) VALUES ('banana_13', 0, 1, 'Ndio');
INSERT INTO `card` (id, type, title, header, content, option) VALUES ('banana_16', 0, 'Mmea wa Ndizi ni mmea __________ duniani.', 'assets/topic/Banana_Tree_from_Kerala.JPG', NULL, 'oneAtATime');
INSERT INTO `cardExtra` (cardId, type, serial, content) VALUES ('banana_16', 1, 1, 'Mkubwa');
INSERT INTO `cardExtra` (cardId, type, serial, content) VALUES ('banana_16', 0, 1, 'Mdogo');
INSERT INTO `cardExtra` (cardId, type, serial, content) VALUES ('banana_16', 0, 2, 'Mfupi');
INSERT INTO `card` (id, type, title, header, content, option) VALUES ('banana_20', 0, 'Jina la ndizi limetoka kwa _______?', 'assets/topic/bananas-food-fruit.jpg', NULL, 'oneAtATime');
INSERT INTO `cardExtra` (cardId, type, serial, content) VALUES ('banana_20', 1, 1, 'Waafrika');
INSERT INTO `cardExtra` (cardId, type, serial, content) VALUES ('banana_20', 0, 1, 'Wahindi');
INSERT INTO `cardExtra` (cardId, type, serial, content) VALUES ('banana_20', 0, 2, 'Wamarekani');
INSERT INTO `card` (id, type, title, header, content, option) VALUES ('banana_24', 0, 'Kichane cha ndizi huitwa kiganja cha mkono?', 'assets/topic/banana-1549158_960_720.jpg', NULL, 'oneAtATime');
INSERT INTO `cardExtra` (cardId, type, serial, content) VALUES ('banana_24', 1, 1, 'Ndio');
INSERT INTO `cardExtra` (cardId, type, serial, content) VALUES ('banana_24', 0, 1, 'Hapana');
INSERT INTO `card` (id, type, title, header, content, option) VALUES ('banana_27', 0, 'Oanisha majina kwa Picha zake', NULL, NULL, 'pair');
INSERT INTO `cardExtra` (cardId, type, serial, content) VALUES ('banana_27', 1, 1, 'Ndizi');
INSERT INTO `cardExtra` (cardId, type, serial, content) VALUES ('banana_27', 1, 2, 'assets/topic/bananas-3780761_960_720.jpg');
INSERT INTO `cardExtra` (cardId, type, serial, content) VALUES ('banana_27', 1, 3, 'Mndizi');
INSERT INTO `cardExtra` (cardId, type, serial, content) VALUES ('banana_27', 1, 4, 'assets/topic/Plantain-Banana.jpg');
INSERT INTO `cardExtra` (cardId, type, serial, content) VALUES ('banana_27', 1, 5, 'Jani');
INSERT INTO `cardExtra` (cardId, type, serial, content) VALUES ('banana_27', 1, 6, 'assets/topic/banana-leafs.jpg');
INSERT INTO `cardExtra` (cardId, type, serial, content) VALUES ('banana_27', 1, 7, 'Shina');
INSERT INTO `cardExtra` (cardId, type, serial, content) VALUES ('banana_27', 1, 8, 'assets/topic/banana-stem.jpg');
INSERT INTO `card` (id, type, title, header, content, option) VALUES ('pineapple', 2, 'Nanasi', 'assets/topic/Pineapple.svg', 'Kila mtu hukubali pale nanasi linapoitwa tunda lenye ncha kali. Ni kweli na ni tunda ala ajabu lenye taji ambalo lina ncha kali. Huogopesha kununua Nanasi. Ncha hizo ndogo zimezunguka tunda lote, ni kali na zinauma zinapokuchoma. Lakini, tukubali kwamba ni tunda lenye ladha na wote tunapenda kula.', 'FFB3C8FF');
INSERT INTO `card` (id, type, title, header, content, option) VALUES ('pineapple_3', 1, 'Hey! Unalionaje tunda langu lenye ncha kali?', 'assets/topic/table-for-keeping-banana.svg', 'Kwa kutumia vifaa vya uchoraji, chora Nanasi. Ongeza rangi uzipendazo.', NULL);
INSERT INTO `cardExtra` (cardId, type, serial, content) VALUES ('pineapple_3', 2, 1, 'assets/topic/table-for-keeping-banana.svg');
INSERT INTO `card` (id, type, title, header, content, option) VALUES ('pineapple_5', 1, 'Tujaribu baadhi ya upakaji rangi', 'assets/topic/pineapple111.svg', 'Paka rangi picha ya Nanasi ukitumia rangi uzipendazo.', NULL);
INSERT INTO `cardExtra` (cardId, type, serial, content) VALUES ('pineapple_5', 2, 1, 'assets/topic/pineapple111.svg');
INSERT INTO `card` (id, type, title, header, content, option) VALUES ('pineapple_7', 1, 'Jack-o-lanterns', 'assets/topic/pineapple-304567.svg', 'Kwa kutumia vifaa vya uchoraji, buni mashimo ya macho na mdomo katika nanasi ulilopewa. Paka rangi na ongezea ubunifu kuunda taa ya kutisha.', NULL);
INSERT INTO `cardExtra` (cardId, type, serial, content) VALUES ('pineapple_7', 2, 1, 'assets/topic/pineapple-304567.svg');
INSERT INTO `card` (id, type, title, header, content, option) VALUES ('pineapple_9', 3, 'Utambulisho wa kushangaza', 'assets/topic/pinapple.jpg', 'Sasa hii inavutia kweli. Nanasi ni tunda lenye vitu vitu vingi, likiwa na matunda madogo yaliyopanga kwenye mfumo. Nanasi linaweza kuchukua miaka mitatu kumea na kukomaa. Sasa umeshajua, kwanini lina gharama sana! Mananasi ni matunda matamu ya kitropiki. Kuna aina 100 zaidi tofauti za mananasi ambayo humuea kwa ukubwa tofauti. Sio idadi kubwa ukilinganisha na ndizi, lakini bado ni namba kubwa. Mmea wa Nanasi una maua mazuri, ambayo hutofautia kwenye mvinyo kuangaza zambarau kwenda nyekundu. Wakati tunda linapoundwa, kawaida huzalisha maua hadi 200. Hiyo ni namba kubwa! maua haya huungana pamoja kuunda tunda moja kubwa ambalo tunaliita Nanasi. Undaji huu si wa kushangaza?', NULL);
INSERT INTO `card` (id, type, title, header, content, option) VALUES ('pineapple_10', 3, 'Nanasi na zaidi kidogo', 'assets/topic/pineapple-plantation.jpg', 'Umeshawahi kuona kilimo cha Nanasi?. Ni mtazamo wenye kushangaza. Mmea wa Nanasi huonekana kama Mkubwa, ulioficha Mananasi. Upandaji wa Nanasi ni rahisi. Kata kipande cha juu cha nanasi ukipande kwenye udongo. Mananasi machanga ni matunda yanayovutia kuyatizama yakimea. Inapendezesha macho kuona tunda dogo likichipua kwenye majani ya mmea mkuu wa nanasi. Pindi Nanasi likishavunwa, haliivi tena. Hiyo inamaanisha kila nanasi tunalonunua sokoni ni mbivu na litabaki hivohivo', NULL);
INSERT INTO `card` (id, type, title, header, content, option) VALUES ('pineapple_11', 3, 'Faida za kiafya za nanasi', 'assets/topic/pineapple-juice.jpg', 'Kuwa tunda na Kitropiki, Nanasi lina virutubisho vingi. Ulaji wa Nanasi husaidia kuimarisha afya ya Mfumo wa upumuaji, Hutibu mafua na kifua, huimarisha mmengényo wa chakula, husaidia kupunguza uzito wa mwili, huimarisha mifupa, huimarisha afya ya kinywa, huimarisha afya ya moyo, hupambana na maambukizi. Nyama na juisi ya tunda hilo hutumika duniani kote. Nanasi huandaliwa na kuuzwa kama kiburudisho bararabani. Kipande kinene cha nanasi hutumika katika saladi ya matunda, kitinda mlo, na kwenye karibia kila mlo. Mananasi yaliyopondwa hutumika kwenye mtindi, jamu, na aiskrimu. Ni nani ambaye hajaonja juisi ya nanasi?. Ndio, tunda linaloogofya lina faida zote za kiafya ambazo hatukuzijua.', NULL);
INSERT INTO `card` (id, type, title, header, content, option) VALUES ('pineapple_12', 3, 'Ukweli kuhusu tunda lenye ncha kali', 'assets/topic/pineapple-spiky.jpg', 'Mmea mmoja wa nanasi huzalisha nanasi moja kwa wakati mmoja. Ulifahamu kwamba Nanasi huiva haraka likigeuzwa juu chini, chini juu!. Mananasi yana juisi kipekee na ladha ya kitropiki. Juisi inayotoka katika mananasi mabichi husababisha kutapika sana. Epuka kula mananasi yasiyoiva. Ngozi, kiini na mwisho wa nanasi havitupwi. Vyote hutumika kutengeza siki, pombe na chakula cha wanyama. Wow! tunda zima lina faida.', NULL);
INSERT INTO `card` (id, type, title, header, content, option) VALUES ('pineapple_13', 0, 'Nanasi linaweza kuchukua hata miaka 10 na kukomaa', 'assets/topic/pineapple-plant.jpg', NULL, 'oneAtATime');
INSERT INTO `cardExtra` (cardId, type, serial, content) VALUES ('pineapple_13', 1, 1, 'Hapana');
INSERT INTO `cardExtra` (cardId, type, serial, content) VALUES ('pineapple_13', 0, 1, 'Ndio');
INSERT INTO `card` (id, type, title, header, content, option) VALUES ('pineapple_16', 0, 'Juice itokanayo na nanasi bichi husababisha _______sana', 'assets/topic/unripe-pineapple.jpg', NULL, 'oneAtATime');
INSERT INTO `cardExtra` (cardId, type, serial, content) VALUES ('pineapple_16', 1, 1, 'Kutapika');
INSERT INTO `cardExtra` (cardId, type, serial, content) VALUES ('pineapple_16', 0, 1, 'Maumivu ya kichwa');
INSERT INTO `cardExtra` (cardId, type, serial, content) VALUES ('pineapple_16', 0, 2, 'Maumivu ya mwili');
INSERT INTO `card` (id, type, title, header, content, option) VALUES ('pineapple_20', 0, 'Karibia maua __________ huungana pamoja kutengeneza Nanasi moja.', 'assets/topic/pineappleflower.jpg', NULL, 'oneAtATime');
INSERT INTO `cardExtra` (cardId, type, serial, content) VALUES ('pineapple_20', 1, 1, '200');
INSERT INTO `cardExtra` (cardId, type, serial, content) VALUES ('pineapple_20', 0, 1, '500');
INSERT INTO `cardExtra` (cardId, type, serial, content) VALUES ('pineapple_20', 0, 2, '10');
INSERT INTO `cardExtra` (cardId, type, serial, content) VALUES ('pineapple_20', 0, 3, '300');
INSERT INTO `card` (id, type, title, header, content, option) VALUES ('pineapple_25', 0, 'Nanasi huandaliwa na kuuzwa kama kiburudisho barabarani.', 'assets/topic/pineapple-snack.jpg', NULL, 'oneAtATime');
INSERT INTO `cardExtra` (cardId, type, serial, content) VALUES ('pineapple_25', 1, 1, 'Ndio');
INSERT INTO `cardExtra` (cardId, type, serial, content) VALUES ('pineapple_25', 0, 1, 'Hapana');
INSERT INTO `card` (id, type, title, header, content, option) VALUES ('pineapple_28', 0, 'Oanisha majina kwa picha zake', NULL, NULL, 'pair');
INSERT INTO `cardExtra` (cardId, type, serial, content) VALUES ('pineapple_28', 1, 1, 'Nanasi');
INSERT INTO `cardExtra` (cardId, type, serial, content) VALUES ('pineapple_28', 1, 2, 'assets/topic/pineapple-pic.jpg');
INSERT INTO `cardExtra` (cardId, type, serial, content) VALUES ('pineapple_28', 1, 3, 'Taji');
INSERT INTO `cardExtra` (cardId, type, serial, content) VALUES ('pineapple_28', 1, 4, 'assets/topic/pineapple-crown.jpg');
INSERT INTO `cardExtra` (cardId, type, serial, content) VALUES ('pineapple_28', 1, 5, 'Ngozi');
INSERT INTO `cardExtra` (cardId, type, serial, content) VALUES ('pineapple_28', 1, 6, 'assets/topic/pineapples-skin.jpg');
INSERT INTO `cardExtra` (cardId, type, serial, content) VALUES ('pineapple_28', 1, 7, 'Nyama');
INSERT INTO `cardExtra` (cardId, type, serial, content) VALUES ('pineapple_28', 1, 8, 'assets/topic/pineapple-flesh.jpg');
INSERT INTO `card` (id, type, title, header, content, option) VALUES ('Orange', 2, 'Chungwa', 'assets/topic/orange.svg', 'Nani asitamani Machungwa?. Kutokea utotoni mpaka ukubwani kila mtu anapenda machungwa. Ladha yake ni tamu sana kwenye ulimi. Mbali na kupendwa na watu wengi, Matunda haya ya jamii ya Michungwa yana faida nyingi sana za kiafya. Tukubaliane wote kuwa tunapenda ladha ya Mfalme wa jamii ya machungwa', 'FFB3C8FF');
INSERT INTO `card` (id, type, title, header, content, option) VALUES ('Orange_3', 1, 'Mfalme wa jamii ya Machungwa', 'assets/topic/table-for-keeping-banana.svg', 'Kwa kutumia vifaa vya uchoraji, chora chungwa na ulipake rangi. Ongeza taji kwa mfalme wa jamii ya Machungwa.', NULL);
INSERT INTO `cardExtra` (cardId, type, serial, content) VALUES ('Orange_3', 2, 1, 'assets/topic/table-for-keeping-banana.svg');
INSERT INTO `card` (id, type, title, header, content, option) VALUES ('Orange_5', 1, 'kufurahia kupaka rangi', 'assets/topic/orange11.svg', 'Paka rangi picha kwa kutumia rangi uzipendazo', NULL);
INSERT INTO `cardExtra` (cardId, type, serial, content) VALUES ('Orange_5', 2, 1, 'assets/topic/orange11.svg');
INSERT INTO `card` (id, type, title, header, content, option) VALUES ('Orange_7', 1, 'Familia ya Machungwa', 'assets/topic/forest.svg', 'Kwa kutumia vifaa vya kuchorea na mchoro wa kufuatisha, buni familia ya chungwa. Ongeza mikono, miguu na uso katika machungwa.', NULL);
INSERT INTO `cardExtra` (cardId, type, serial, content) VALUES ('Orange_7', 2, 1, 'assets/topic/forest.svg');
INSERT INTO `card` (id, type, title, header, content, option) VALUES ('Orange_9', 3, 'Utangulizi Muhimu', 'assets/topic/orange-1.jpg', 'Chungwa ni jamii ya michungwa. Pia huitwa Chungwa tamu. Hii ni kutofautisha chungwa na chungwa chungu. Sasa hii inavutia kuendelea kusoma. Mahungwa hayajawahi kuwepo duniani. Ni mseto wa matunda mawili tofauti ambayo ni pamelo na mandarin. Ukiliangalia chungwa kwa ukaribu zaidi sambamba na aina nyingine mbili za jamii ya michungwa utaelewa zaidi. Pamelo ni tunda kubwa la kijani la jamii ya michungwa. Ina maganda magumu na nyama zenye magamba gamba kama manyoya. Mandarin ni tunda lenye maganda membamba, chungwa lenye kungáa na tamu sana. Hivyo Chungwa lipo kati ya hayo matunda mawili.', NULL);
INSERT INTO `card` (id, type, title, header, content, option) VALUES ('Orange_10', 3, 'Tumenye Chungwa', 'assets/topic/green-orange.jpg', 'Mahungwa ni matamu na huu ni ukweli. Lakini Machungwa ya kijani pia ni matamu. Na huu ni ukweli. Usitathimini chungwa kwa kuangalia rangi ya ganda lake. Ganda la chungwa halielezei utamu wa chungwa au kuiva kwake. Usiku mwanana unaweza kubadili matunda kutoka rangi ya kijani kwenda rangi ya machungwa. lakini wimbi la jua huyarudisha katika rangi ya Kijani. Tunda safi lilochumwa moja kwa moja kutoka shambazi ni tamu, pasipo kujali rangi yake kama ni ya kijani au ya Machungwa.', NULL);
INSERT INTO `card` (id, type, title, header, content, option) VALUES ('Orange_11', 3, 'Faida za kiafya za Chungwa', 'assets/topic/orange-juice.jpg', 'Asubuhi bila juisi ya Machungwa sio asubuh yenye Afya. Huu msemo ni kweli. Machungwa yana ukweli mwingi wa Afya. Machungwa hupunguza hathari za kansa. Hili tunda ni zuri katika kukinga Mafua na magonjwa ya masikio. Kula machungwa kunakinga Ngozi kusinyaa na kuifanya ingáe. Inadhibiti Kiwango cha sukari mwilini. Husaidia katika Mmengényo wa chakula. Wow! huo ni msaa mkubwa kweli. Pamoja na hayo, Machungwa ni mazuri kwa afya ya Macho.', NULL);
INSERT INTO `card` (id, type, title, header, content, option) VALUES ('Orange_12', 3, 'Ukweli wa kuujua.', 'assets/topic/branches-citrus.jpg', 'Miti ya Michungwa ni ya kijani kibichi. Inapendeza sana machoni kuona miti yenye rangi ya kijani kibichi, machungwa yenye rangi ya machungwa na machungwa ya kijani. Mti wa mchungwa unaweza kukua kufikia futi 30 na kuishi kwa zaidi ya miaka mia. Unaweza kuamini mti mmoja wa jamii ya michungwa unabeba maua 60,000 lakini ni asilimia moja tu ya haya maua huwa tunda. Machungwa ni zao kubwa la jamii ya michungwa duniani. Majani ya mti wa mchungwa ni ya mviringo. Yana meno ya duara na laini kwenye kona zake. Majani yamejipanga katika matawi. Usikose kuchunguza Mti wa mchungwa.', NULL);
INSERT INTO `card` (id, type, title, header, content, option) VALUES ('Orange_13', 0, 'Mti wa Mchungwa unaweza ukaishi kwa muda wa zaidi ya miaka 100', 'assets/topic/oranges-tree.jpg', NULL, 'oneAtATime');
INSERT INTO `cardExtra` (cardId, type, serial, content) VALUES ('Orange_13', 1, 1, 'Ndio');
INSERT INTO `cardExtra` (cardId, type, serial, content) VALUES ('Orange_13', 0, 1, 'Hapana');
INSERT INTO `card` (id, type, title, header, content, option) VALUES ('Orange_16', 0, 'Chungwa ni tunda la _________.', 'assets/topic/citrus-citrus-fruit.jpg', NULL, 'oneAtATime');
INSERT INTO `cardExtra` (cardId, type, serial, content) VALUES ('Orange_16', 1, 1, 'jamii ya Machungwa');
INSERT INTO `cardExtra` (cardId, type, serial, content) VALUES ('Orange_16', 0, 1, 'jamii ya Mizizi');
INSERT INTO `cardExtra` (cardId, type, serial, content) VALUES ('Orange_16', 0, 2, 'jamii ya Shina');
INSERT INTO `card` (id, type, title, header, content, option) VALUES ('Orange_20', 0, 'Chungwa ni _________ wa jamii mbili tofauti za Machungwa', 'assets/topic/appetizing-citrus.jpg', NULL, 'oneAtATime');
INSERT INTO `cardExtra` (cardId, type, serial, content) VALUES ('Orange_20', 1, 1, 'Mseto');
INSERT INTO `cardExtra` (cardId, type, serial, content) VALUES ('Orange_20', 0, 1, 'Mdogo');
INSERT INTO `cardExtra` (cardId, type, serial, content) VALUES ('Orange_20', 0, 2, 'Mkubwa');
INSERT INTO `card` (id, type, title, header, content, option) VALUES ('Orange_24', 0, 'Miti ya Michungwa ni ya kijani kibichi.', 'assets/topic/orange-tree-114.jpg', NULL, 'oneAtATime');
INSERT INTO `cardExtra` (cardId, type, serial, content) VALUES ('Orange_24', 1, 1, 'Ndio');
INSERT INTO `cardExtra` (cardId, type, serial, content) VALUES ('Orange_24', 0, 1, 'Hapana');
INSERT INTO `card` (id, type, title, header, content, option) VALUES ('Orange_27', 0, 'Oanisha majina kwa picha zake', NULL, NULL, 'pair');
INSERT INTO `cardExtra` (cardId, type, serial, content) VALUES ('Orange_27', 1, 1, 'Ua');
INSERT INTO `cardExtra` (cardId, type, serial, content) VALUES ('Orange_27', 1, 2, 'assets/topic/orange-tree-flower.jpg');
INSERT INTO `cardExtra` (cardId, type, serial, content) VALUES ('Orange_27', 1, 3, 'Jani');
INSERT INTO `cardExtra` (cardId, type, serial, content) VALUES ('Orange_27', 1, 4, 'assets/topic/orange-leaf.jpg');
INSERT INTO `cardExtra` (cardId, type, serial, content) VALUES ('Orange_27', 1, 5, 'Tunda');
INSERT INTO `cardExtra` (cardId, type, serial, content) VALUES ('Orange_27', 1, 6, 'assets/topic/orange-fruit.jpg');
INSERT INTO `cardExtra` (cardId, type, serial, content) VALUES ('Orange_27', 1, 7, 'Mbegu');
INSERT INTO `cardExtra` (cardId, type, serial, content) VALUES ('Orange_27', 1, 8, 'assets/topic/orange-seed.jpg');
INSERT INTO `card` (id, type, title, header, content, option) VALUES ('Maize', 2, 'Mahindi', 'assets/topic/Maize.svg', 'Ni kiasi gani unafahamu kuhusu Mahindi?. Muhindi ni Jina rasmi na linalotambulika kimataifa. Pamoja na kuwa ni zao kuu linalolimwa Tanzania, Jina Muhindi limetokana na Wahindi. Muhindi humaanisha ''Mama Mtakatifu''', 'FF9DEDE3');
INSERT INTO `card` (id, type, title, header, content, option) VALUES ('Maize_3', 1, 'Furahia Mahindi', 'assets/topic/table-for-keeping-banana.svg', 'Kwa kutumia vifaa vya uchoraji chora muhindi na upake rangi ya njano.', NULL);
INSERT INTO `cardExtra` (cardId, type, serial, content) VALUES ('Maize_3', 2, 1, 'assets/topic/table-for-keeping-banana.svg');
INSERT INTO `card` (id, type, title, header, content, option) VALUES ('Maize_5', 1, 'Furahia kupaka rangi', 'assets/topic/Maize12.svg', 'Paka rangi picha ukitumia rangi upendazo.', NULL);
INSERT INTO `cardExtra` (cardId, type, serial, content) VALUES ('Maize_5', 2, 1, 'assets/topic/Maize12.svg');
INSERT INTO `card` (id, type, title, header, content, option) VALUES ('Maize_7', 1, 'Kilimo cha Mahindi katika jamii yangu', 'assets/topic/forest.svg', 'Kwa kutumia vifaa vya uchoraji, buni picha ya jamii pamoja na nyumba zao zilizozungukwa na kilimo cha mahindi.', NULL);
INSERT INTO `cardExtra` (cardId, type, serial, content) VALUES ('Maize_7', 2, 1, 'assets/topic/forest.svg');
INSERT INTO `card` (id, type, title, header, content, option) VALUES ('Maize_9', 3, 'Maarifa ya Mahindi', 'assets/topic/maize-1.jpg', 'Mahindi yana muonekano wa kuvutia wa kizamani, pamoja na matumizi milioni katika nyakati za sasa. Mahindi ni jamii ya familia ya Majani. Ni zao la nafaka. Mahindi ni zao la tatu Muhimu duniani. Uzalishwaji wa Mahindi huchukuliwa kama kilimo cha Taifa la Waafrika. Mahindi ni chakula kikuu katika maeneo mengi duniani. Kuna aina kuu sita za Mahindi ambazo ni Mahindi flint, Mahindi dent, mahindi pod, mahindi pop, mahindi flour, mahindi sweet.', NULL);
INSERT INTO `card` (id, type, title, header, content, option) VALUES ('Maize_10', 3, 'Nyongeza kidogo kuhusu Mahindi', 'assets/topic/maize-seeds.jpg', 'Mahindi hujulikana kwa kiingereza kama "Corn", hupendwa na kila mtu. Mahindi hutumika kama chakula cha Mifugo, chakula cha binadamu, nishati ya mimea na kama malighafi kiwandani.  Haufikirii kama ni zao maarufu la chakula?. Mahindi ni kilimo cha nyumbani na huwa hakizalishwi porini. Mahindi ni nafaka na sio mboga za majani. Mbegu zake ni aina ya majani kama ngano. Hivyo huchukuliwa kama nafaka kwa ujumla.  Mimea ya Mahindi inahusisha Shina moja au bua lenye majani yaliyoshikamana na Shina. Kwa Wastani mmea wa Mahindi hupimwa kutoka mita 3 hadi mita 10.', NULL);
INSERT INTO `card` (id, type, title, header, content, option) VALUES ('Maize_11', 3, 'Faida za kiafya za Mahindi', 'assets/topic/vegetables-corn.jpg', 'Mbali na kupendwa na kila mtu, Mahindi yana horodha ya faida za Afya. Mahindi hudhibiti kisukari, kukinga magonjwa ya moyo, kupunguza shinikizo la damu, kusaidia mmengényo wa chakula na kuimarisha Afya ya macho. Mahindi huchukuliwa kuwa ni mlo kamili wenye afya. Ulaji wa Mahindi hupunguza uzito wa mwili. Sio tatizo kukubali kuwa Mahindi ni chakula kilicho barikiwa.', NULL);
INSERT INTO `card` (id, type, title, header, content, option) VALUES ('Maize_12', 3, 'Ukweli wa kushangaza kuhusu Mahindi', 'assets/topic/maize-color.jpg', 'Muhindi huweza kuzalishwa katika rangi tofauti tofauti. Rangi zake huweza kuwa za Weusi, ubuluu kijivu, zambarau, nyekundu, nyeupe na rangi maarufu ya Njano. Fikiria rangi zote katika Muhindi mmoja. Majani ya Mahindi ni sehemu ya maua yake. Kawaida Gunzi la hindi ni sehemu ya ua. Punje Moja ya hindi ni mbege. Kwa wastani Gunzi la hindi lina punje za mahindi 800 katika mistari 16. Hii haishangazi?. Siku nyingine ukila Muhindi, kumbuka kuhesabu punje zake. Kuna zaidi ya matumizi 3500 ya zao la Mahindi. Nyizi ndefu zilizopo juu ya gunzi la Muhindi huitwa hariri. Ukizigusa ni laini kama hariri. Siku nyingine usisahau kuzihisi nyuzi zilizopo kwenye Muhindi.', NULL);
INSERT INTO `card` (id, type, title, header, content, option) VALUES ('Maize_13', 0, 'Kuna matumizi tofauti 3500 ya zao la Mahindi', 'assets/topic/corn-soup.jpg', NULL, 'oneAtATime');
INSERT INTO `cardExtra` (cardId, type, serial, content) VALUES ('Maize_13', 1, 1, 'Ndio');
INSERT INTO `cardExtra` (cardId, type, serial, content) VALUES ('Maize_13', 0, 1, 'Hapana');
INSERT INTO `card` (id, type, title, header, content, option) VALUES ('Maize_16', 0, 'Chagua neno kukamilisha maelezo.', 'assets/topic/agriculture-bright-cereal.jpg', NULL, 'oneAtATime');
INSERT INTO `cardExtra` (cardId, type, serial, content) VALUES ('Maize_16', 1, 1, 'Mahindi ni _______');
INSERT INTO `cardExtra` (cardId, type, serial, content) VALUES ('Maize_16', 0, 1, 'Nafaka');
INSERT INTO `cardExtra` (cardId, type, serial, content) VALUES ('Maize_16', 0, 2, 'Mboga za Majani');
INSERT INTO `card` (id, type, title, header, content, option) VALUES ('Maize_20', 0, 'Tunda', 'assets/topic/africa-maize.jpg', NULL, 'oneAtATime');
INSERT INTO `cardExtra` (cardId, type, serial, content) VALUES ('Maize_20', 1, 1, 'Uzalishwaji wa Mahindi huchukuliwa kama kilimo cha __________ la Afrika.');
INSERT INTO `cardExtra` (cardId, type, serial, content) VALUES ('Maize_20', 0, 1, 'Taifa');
INSERT INTO `cardExtra` (cardId, type, serial, content) VALUES ('Maize_20', 0, 2, 'Kitaifa');
INSERT INTO `card` (id, type, title, header, content, option) VALUES ('Maize_24', 0, 'Kimataifa', 'assets/topic/corn-cob.jpg', NULL, 'oneAtATime');
INSERT INTO `cardExtra` (cardId, type, serial, content) VALUES ('Maize_24', 1, 1, 'Kwa wastani, Gunzi huwa na punje za Mahindi 1000 zilizopangwa katika mistari 16.');
INSERT INTO `cardExtra` (cardId, type, serial, content) VALUES ('Maize_24', 0, 1, 'Hapana');
INSERT INTO `card` (id, type, title, header, content, option) VALUES ('Maize_27', 0, 'Ndio', NULL, NULL, 'pair');
INSERT INTO `cardExtra` (cardId, type, serial, content) VALUES ('Maize_27', 1, 1, 'Oanisha majina kwa Picha zake');
INSERT INTO `cardExtra` (cardId, type, serial, content) VALUES ('Maize_27', 1, 2, 'assets/topic/silk.jpg');
INSERT INTO `cardExtra` (cardId, type, serial, content) VALUES ('Maize_27', 1, 3, 'Hariri');
INSERT INTO `cardExtra` (cardId, type, serial, content) VALUES ('Maize_27', 1, 4, 'assets/topic/corn-kernels.jpg');
INSERT INTO `cardExtra` (cardId, type, serial, content) VALUES ('Maize_27', 1, 5, 'Punje za Muhindi');
INSERT INTO `cardExtra` (cardId, type, serial, content) VALUES ('Maize_27', 1, 6, 'assets/topic/corn-on-the-cob.jpg');
INSERT INTO `cardExtra` (cardId, type, serial, content) VALUES ('Maize_27', 1, 7, 'Mmea wa Muhindi');
INSERT INTO `cardExtra` (cardId, type, serial, content) VALUES ('Maize_27', 1, 8, 'assets/topic/cornfield-plant.jpg');
INSERT INTO `card` (id, type, title, header, content, option) VALUES ('Foods', 2, 'Foods', NULL, NULL, NULL);
INSERT INTO `collection` (id, serial, cardId) VALUES ('Tomatoes', 1, 'Tomatoes_3');
INSERT INTO `collection` (id, serial, cardId) VALUES ('Tomatoes', 2, 'Tomatoes_5');
INSERT INTO `collection` (id, serial, cardId) VALUES ('Tomatoes', 3, 'Tomatoes_7');
INSERT INTO `collection` (id, serial, cardId) VALUES ('Tomatoes', 4, 'Tomatoes_9');
INSERT INTO `collection` (id, serial, cardId) VALUES ('Tomatoes', 5, 'Tomatoes_10');
INSERT INTO `collection` (id, serial, cardId) VALUES ('Tomatoes', 6, 'Tomatoes_11');
INSERT INTO `collection` (id, serial, cardId) VALUES ('Tomatoes', 7, 'Tomatoes_12');
INSERT INTO `collection` (id, serial, cardId) VALUES ('Cabbage', 1, 'Cabbage_3');
INSERT INTO `collection` (id, serial, cardId) VALUES ('Cabbage', 2, 'Cabbage_5');
INSERT INTO `collection` (id, serial, cardId) VALUES ('Cabbage', 3, 'Cabbage_7');
INSERT INTO `collection` (id, serial, cardId) VALUES ('Cabbage', 4, 'Cabbage_9');
INSERT INTO `collection` (id, serial, cardId) VALUES ('Cabbage', 5, 'Cabbage_10');
INSERT INTO `collection` (id, serial, cardId) VALUES ('Cabbage', 6, 'Cabbage_11');
INSERT INTO `collection` (id, serial, cardId) VALUES ('Cabbage', 7, 'Cabbage_12');
INSERT INTO `collection` (id, serial, cardId) VALUES ('Cabbage', 8, 'Cabbage_13');
INSERT INTO `collection` (id, serial, cardId) VALUES ('Cabbage', 9, 'Cabbage_16');
INSERT INTO `collection` (id, serial, cardId) VALUES ('Cabbage', 10, 'Cabbage_20');
INSERT INTO `collection` (id, serial, cardId) VALUES ('Cabbage', 11, 'Cabbage_24');
INSERT INTO `collection` (id, serial, cardId) VALUES ('Cabbage', 12, 'Cabbage_27');
INSERT INTO `collection` (id, serial, cardId) VALUES ('Onion', 1, 'Onion_3');
INSERT INTO `collection` (id, serial, cardId) VALUES ('Onion', 2, 'Onion_5');
INSERT INTO `collection` (id, serial, cardId) VALUES ('Onion', 3, 'Onion_7');
INSERT INTO `collection` (id, serial, cardId) VALUES ('Onion', 4, 'Onion_9');
INSERT INTO `collection` (id, serial, cardId) VALUES ('Onion', 5, 'Onion_10');
INSERT INTO `collection` (id, serial, cardId) VALUES ('Onion', 6, 'Onion_11');
INSERT INTO `collection` (id, serial, cardId) VALUES ('Onion', 7, 'Onion_12');
INSERT INTO `collection` (id, serial, cardId) VALUES ('Onion', 8, 'Onion_19');
INSERT INTO `collection` (id, serial, cardId) VALUES ('Onion', 9, 'Onion_23');
INSERT INTO `collection` (id, serial, cardId) VALUES ('Onion', 10, 'Onion_28');
INSERT INTO `collection` (id, serial, cardId) VALUES ('Onion', 11, 'Onion_33');
INSERT INTO `collection` (id, serial, cardId) VALUES ('Onion', 12, 'Onion_38');
INSERT INTO `collection` (id, serial, cardId) VALUES ('Onion', 13, 'Onion_43');
INSERT INTO `collection` (id, serial, cardId) VALUES ('Onion', 14, 'Onion_48');
INSERT INTO `collection` (id, serial, cardId) VALUES ('banana', 1, 'banana_3');
INSERT INTO `collection` (id, serial, cardId) VALUES ('banana', 2, 'banana_5');
INSERT INTO `collection` (id, serial, cardId) VALUES ('banana', 3, 'banana_7');
INSERT INTO `collection` (id, serial, cardId) VALUES ('banana', 4, 'banana_9');
INSERT INTO `collection` (id, serial, cardId) VALUES ('banana', 5, 'banana_10');
INSERT INTO `collection` (id, serial, cardId) VALUES ('banana', 6, 'banana_11');
INSERT INTO `collection` (id, serial, cardId) VALUES ('banana', 7, 'banana_12');
INSERT INTO `collection` (id, serial, cardId) VALUES ('banana', 8, 'banana_13');
INSERT INTO `collection` (id, serial, cardId) VALUES ('banana', 9, 'banana_16');
INSERT INTO `collection` (id, serial, cardId) VALUES ('banana', 10, 'banana_20');
INSERT INTO `collection` (id, serial, cardId) VALUES ('banana', 11, 'banana_24');
INSERT INTO `collection` (id, serial, cardId) VALUES ('banana', 12, 'banana_27');
INSERT INTO `collection` (id, serial, cardId) VALUES ('pineapple', 1, 'pineapple_3');
INSERT INTO `collection` (id, serial, cardId) VALUES ('pineapple', 2, 'pineapple_5');
INSERT INTO `collection` (id, serial, cardId) VALUES ('pineapple', 3, 'pineapple_7');
INSERT INTO `collection` (id, serial, cardId) VALUES ('pineapple', 4, 'pineapple_9');
INSERT INTO `collection` (id, serial, cardId) VALUES ('pineapple', 5, 'pineapple_10');
INSERT INTO `collection` (id, serial, cardId) VALUES ('pineapple', 6, 'pineapple_11');
INSERT INTO `collection` (id, serial, cardId) VALUES ('pineapple', 7, 'pineapple_12');
INSERT INTO `collection` (id, serial, cardId) VALUES ('pineapple', 8, 'pineapple_13');
INSERT INTO `collection` (id, serial, cardId) VALUES ('pineapple', 9, 'pineapple_16');
INSERT INTO `collection` (id, serial, cardId) VALUES ('pineapple', 10, 'pineapple_20');
INSERT INTO `collection` (id, serial, cardId) VALUES ('pineapple', 11, 'pineapple_25');
INSERT INTO `collection` (id, serial, cardId) VALUES ('pineapple', 12, 'pineapple_28');
INSERT INTO `collection` (id, serial, cardId) VALUES ('Orange', 1, 'Orange_3');
INSERT INTO `collection` (id, serial, cardId) VALUES ('Orange', 2, 'Orange_5');
INSERT INTO `collection` (id, serial, cardId) VALUES ('Orange', 3, 'Orange_7');
INSERT INTO `collection` (id, serial, cardId) VALUES ('Orange', 4, 'Orange_9');
INSERT INTO `collection` (id, serial, cardId) VALUES ('Orange', 5, 'Orange_10');
INSERT INTO `collection` (id, serial, cardId) VALUES ('Orange', 6, 'Orange_11');
INSERT INTO `collection` (id, serial, cardId) VALUES ('Orange', 7, 'Orange_12');
INSERT INTO `collection` (id, serial, cardId) VALUES ('Orange', 8, 'Orange_13');
INSERT INTO `collection` (id, serial, cardId) VALUES ('Orange', 9, 'Orange_16');
INSERT INTO `collection` (id, serial, cardId) VALUES ('Orange', 10, 'Orange_20');
INSERT INTO `collection` (id, serial, cardId) VALUES ('Orange', 11, 'Orange_24');
INSERT INTO `collection` (id, serial, cardId) VALUES ('Orange', 12, 'Orange_27');
INSERT INTO `collection` (id, serial, cardId) VALUES ('Maize', 1, 'Maize_3');
INSERT INTO `collection` (id, serial, cardId) VALUES ('Maize', 2, 'Maize_5');
INSERT INTO `collection` (id, serial, cardId) VALUES ('Maize', 3, 'Maize_7');
INSERT INTO `collection` (id, serial, cardId) VALUES ('Maize', 4, 'Maize_9');
INSERT INTO `collection` (id, serial, cardId) VALUES ('Maize', 5, 'Maize_10');
INSERT INTO `collection` (id, serial, cardId) VALUES ('Maize', 6, 'Maize_11');
INSERT INTO `collection` (id, serial, cardId) VALUES ('Maize', 7, 'Maize_12');
INSERT INTO `collection` (id, serial, cardId) VALUES ('Maize', 8, 'Maize_13');
INSERT INTO `collection` (id, serial, cardId) VALUES ('Maize', 9, 'Maize_16');
INSERT INTO `collection` (id, serial, cardId) VALUES ('Maize', 10, 'Maize_20');
INSERT INTO `collection` (id, serial, cardId) VALUES ('Maize', 11, 'Maize_24');
INSERT INTO `collection` (id, serial, cardId) VALUES ('Maize', 12, 'Maize_27');
INSERT INTO `collection` (id, serial, cardId) VALUES ('Foods', 0, 'Tomatoes');
INSERT INTO `collection` (id, serial, cardId) VALUES ('Foods', 1, 'Cabbage');
INSERT INTO `collection` (id, serial, cardId) VALUES ('Foods', 2, 'Onion');
INSERT INTO `collection` (id, serial, cardId) VALUES ('Foods', 3, 'banana');
INSERT INTO `collection` (id, serial, cardId) VALUES ('Foods', 4, 'pineapple');
INSERT INTO `collection` (id, serial, cardId) VALUES ('Foods', 5, 'Orange');
INSERT INTO `collection` (id, serial, cardId) VALUES ('Foods', 6, 'Maize');
