INSERT INTO `card` (id, type, title, header, content, option) VALUES ('Tomatoes', 2, 'Tomatoes', 'assets/topic/Tomato.svg', 'Tomatoes have been eaten since ancient times. Tomatoes are the fruit of tomato plant. Being originated from central America, it was first used by Aztecs in southern Mexico.', 'FFF4E1B5');
INSERT INTO `card` (id, type, title, header, content, option) VALUES ('Tomatoes_3', 1, 'I can draw a tomato', 'assets/topic/table-for-keeping-banana.svg', 'Using the drawing tools, draw a tomato and colour it.', NULL);
INSERT INTO `cardExtra` (cardId, type, serial, content) VALUES ('Tomatoes_3', 2, 1, 'assets/topic/table-for-keeping-banana.svg');
INSERT INTO `card` (id, type, title, header, content, option) VALUES ('Tomatoes_5', 1, 'My garden of colourful tomatoes', 'assets/topic/garden.svg', 'Use different colours to colour the tomatoes in the garden.', NULL);
INSERT INTO `cardExtra` (cardId, type, serial, content) VALUES ('Tomatoes_5', 2, 1, 'assets/topic/garden.svg');
INSERT INTO `card` (id, type, title, header, content, option) VALUES ('Tomatoes_7', 1, 'Healthy Tomato family', 'assets/topic/forest.svg', 'Using the drawing tools, create a family of tomato people. Draw arms, legs, eyes, nose, mouth, face and ears. Add more details to make it tomato father, mother, son, daughter, grandparents etc.', NULL);
INSERT INTO `cardExtra` (cardId, type, serial, content) VALUES ('Tomatoes_7', 2, 1, 'assets/topic/forest.svg');
INSERT INTO `card` (id, type, title, header, content, option) VALUES ('Cabbage', 2, 'Cabbage', 'assets/topic/cabbage.svg', 'Doesn''t it look like a bunch of leaves wrapped together like a ball? You guessed it right! It is cabbage, one of the healthiest vegetable. This vegetable has been grown around the world for thousands of years and can be found in variety of dishes.', 'FFB3C8FF');
INSERT INTO `card` (id, type, title, header, content, option) VALUES ('Cabbage_3', 1, 'I can draw a cabbage', 'assets/topic/cabbage-37897_960_720.svg', 'Using the drawing tools, draw a cabbage and colour it.', NULL);
INSERT INTO `cardExtra` (cardId, type, serial, content) VALUES ('Cabbage_3', 2, 1, 'assets/topic/cabbage-37897_960_720.svg');
INSERT INTO `card` (id, type, title, header, content, option) VALUES ('Cabbage_5', 1, 'My garden of colourful cabbages', 'assets/topic/Unknown.svg', 'Use different colours to colour the cabbages in the garden.', NULL);
INSERT INTO `cardExtra` (cardId, type, serial, content) VALUES ('Cabbage_5', 2, 1, 'assets/topic/Unknown.svg');
INSERT INTO `card` (id, type, title, header, content, option) VALUES ('Cabbage_7', 1, 'Cabbage faces', 'assets/topic/306950.svg', 'Using the drawing tools, create different faces for the cabbages. Add a smiling, crying, scared, laughing any kind of emotions for the cabbages.', NULL);
INSERT INTO `cardExtra` (cardId, type, serial, content) VALUES ('Cabbage_7', 2, 1, 'assets/topic/306950.svg');
INSERT INTO `card` (id, type, title, header, content, option) VALUES ('Onion', 2, 'Onion', 'assets/topic/Onion.svg', 'Onions are one of the ancient food known to human race. It''s the most used vegetable all over the world. It is a member of the bulb family. That is because the most important part of the onion the bulb, grows under the ground. There are 27 different varieties of onion and it''s one of the easiest vegetable to grow.', 'FF9DEDE3');
INSERT INTO `card` (id, type, title, header, content, option) VALUES ('Onion_3', 1, 'I can draw an onion plant', 'assets/topic/soil-575643.svg', 'Using the drawing tools, draw a plant showing the onions under ground.', NULL);
INSERT INTO `cardExtra` (cardId, type, serial, content) VALUES ('Onion_3', 2, 1, 'assets/topic/soil-575643.svg');
INSERT INTO `card` (id, type, title, header, content, option) VALUES ('Onion_5', 1, 'Tri colour onion basket', 'assets/topic/basket-2075011.svg', 'Draw a basket full of onions. Colour the onions in purple, yellow and white colours.', NULL);
INSERT INTO `cardExtra` (cardId, type, serial, content) VALUES ('Onion_5', 2, 1, 'assets/topic/basket-2075011.svg');
INSERT INTO `card` (id, type, title, header, content, option) VALUES ('Onion_7', 1, 'A farm of Onion Snails', 'assets/topic/snail-48177.svg', 'Look at the image of snail. Using drawing tools create a farm of onion snails. Colour the onions as desired. Make it colourful with snails all around.', NULL);
INSERT INTO `cardExtra` (cardId, type, serial, content) VALUES ('Onion_7', 2, 1, 'assets/topic/snail-48177.svg');
INSERT INTO `card` (id, type, title, header, content, option) VALUES ('banana', 2, 'Banana', 'assets/topic/banana.svg', 'Who don''t crave for that curvy fleshy fruit called ''banana''. In fact banana is known to be fruit for all. Yes, there''s rarely any man on earth who doesn''t like to eat banana. Banana is healthy and tasty. Not only man but elephants and monkeys too love to eat banana.', 'FF9DEDE3');
INSERT INTO `card` (id, type, title, header, content, option) VALUES ('banana_3', 1, 'Look! I can draw a banana', 'assets/topic/table-for-keeping-banana.svg', 'Using the drawing tools, draw a banana. Add colours of your choice.', NULL);
INSERT INTO `cardExtra` (cardId, type, serial, content) VALUES ('banana_3', 2, 1, 'assets/topic/table-for-keeping-banana.svg');
INSERT INTO `card` (id, type, title, header, content, option) VALUES ('banana_5', 1, 'Go banana', 'assets/topic/blue-sea.svg', 'Using the drawing tools, draw a banana boat. Create the picture of sea with lots of banana boats sailing across.', NULL);
INSERT INTO `cardExtra` (cardId, type, serial, content) VALUES ('banana_5', 2, 1, 'assets/topic/blue-sea.svg');
INSERT INTO `card` (id, type, title, header, content, option) VALUES ('banana_7', 1, 'My house surrounded by banana plants', 'assets/topic/countryside-village.svg', 'Using drawing tools draw a picture of your house surrounded by banana plants.', NULL);
INSERT INTO `cardExtra` (cardId, type, serial, content) VALUES ('banana_7', 2, 1, 'assets/topic/countryside-village.svg');
INSERT INTO `card` (id, type, title, header, content, option) VALUES ('pineapple', 2, 'Pineapple', 'assets/topic/Pineapple.svg', 'Everyone agree when a pineapple is called by the name spiky fruit. True, this is a weird fruit with a crown of spikes. It''s actually scary to buy a pineapple. The small spokes all around the fruit is sharp and painful when poked. But, let''s agree that it is a tasty fruit and we all love to eat one.', 'FFB3C8FF');
INSERT INTO `card` (id, type, title, header, content, option) VALUES ('pineapple_3', 1, 'Hey! how''s my spiky fruit?', 'assets/topic/table-for-keeping-banana.svg', 'Using the drawing tools, draw a pineapple. Add colours of your choice.', NULL);
INSERT INTO `cardExtra` (cardId, type, serial, content) VALUES ('pineapple_3', 2, 1, 'assets/topic/table-for-keeping-banana.svg');
INSERT INTO `card` (id, type, title, header, content, option) VALUES ('pineapple_5', 1, 'Let''s practice some colouring', 'assets/topic/pineapple111.svg', 'Colour the picture of the pineapple using the colours of your choice.', NULL);
INSERT INTO `cardExtra` (cardId, type, serial, content) VALUES ('pineapple_5', 2, 1, 'assets/topic/pineapple111.svg');
INSERT INTO `card` (id, type, title, header, content, option) VALUES ('pineapple_7', 1, 'Jack -o-lanterns', 'assets/topic/pineapple-304567.svg', 'Using the drawing tools create hallow eyes and mouth on the given pineapple. Fill in colours and add details to create a scary lantern.', NULL);
INSERT INTO `cardExtra` (cardId, type, serial, content) VALUES ('pineapple_7', 2, 1, 'assets/topic/pineapple-304567.svg');
INSERT INTO `card` (id, type, title, header, content, option) VALUES ('Orange', 2, 'Orange', 'assets/topic/orange.svg', 'Who doesn''t crave for oranges? From small kids to old people everyone love oranges. The taste is a treat for the taste buds. Besides being everyones favorite this citrus fruit has many other health benifits. Let''s all agree that we love the taste of the citrus king.', 'FF9DEDE3');
INSERT INTO `card` (id, type, title, header, content, option) VALUES ('Orange_3', 1, 'King of Citrus', 'assets/topic/table-for-keeping-banana.svg', 'Using the drawing tools, draw an orange and colour it. Add a crown to the king of citrus.', NULL);
INSERT INTO `cardExtra` (cardId, type, serial, content) VALUES ('Orange_3', 2, 1, 'assets/topic/table-for-keeping-banana.svg');
INSERT INTO `card` (id, type, title, header, content, option) VALUES ('Orange_5', 1, 'Colouring Fun', 'assets/topic/orange11.svg', 'Colour the picture using the colours of your choice.', NULL);
INSERT INTO `cardExtra` (cardId, type, serial, content) VALUES ('Orange_5', 2, 1, 'assets/topic/orange11.svg');
INSERT INTO `card` (id, type, title, header, content, option) VALUES ('Orange_7', 1, 'A family of Oranges', 'assets/topic/forest.svg', 'Using the drawing tools and the given template, create an orange family. Add arms, legs, and face for the oranges.', NULL);
INSERT INTO `cardExtra` (cardId, type, serial, content) VALUES ('Orange_7', 2, 1, 'assets/topic/forest.svg');
INSERT INTO `card` (id, type, title, header, content, option) VALUES ('Maize', 2, 'Maize', 'assets/topic/Maize.svg', 'It may sound corny but, how much do you really know about corn? Maize is a more formal and internationally recognized name for corn. Being the highest cultivated crop of Tanzania, maize is the name given by Indians. Maize means ''sacred mother'' or ''Giver of life''.', 'FFCFB5DD');
INSERT INTO `card` (id, type, title, header, content, option) VALUES ('Maize_3', 1, 'Maize Fun', 'assets/topic/table-for-keeping-banana.svg', 'Using the drawing tools, draw a maize and colour it yellow', NULL);
INSERT INTO `cardExtra` (cardId, type, serial, content) VALUES ('Maize_3', 2, 1, 'assets/topic/table-for-keeping-banana.svg');
INSERT INTO `card` (id, type, title, header, content, option) VALUES ('Maize_5', 1, 'Colouring Fun', 'assets/topic/Maize12.svg', 'Colour the picture using the colours of your choice.', NULL);
INSERT INTO `cardExtra` (cardId, type, serial, content) VALUES ('Maize_5', 2, 1, 'assets/topic/Maize12.svg');
INSERT INTO `card` (id, type, title, header, content, option) VALUES ('Maize_7', 1, 'The maize cultivation in my community.', 'assets/topic/forest.svg', 'Using the drawing tools, create a picture of the community with houses surrounded by maize cultivation.', NULL);
INSERT INTO `cardExtra` (cardId, type, serial, content) VALUES ('Maize_7', 2, 1, 'assets/topic/forest.svg');
INSERT INTO `card` (id, type, title, header, content, option) VALUES ('Wheat', 2, 'Wheat', 'assets/topic/Wheat.svg', 'Let us agree that we all love that great slice of bread. Brown bread, milk bread, whole wheat bread, sweet bread and what not. But rarely do we think about where it comes from. Wheat belongs to the family of grasses. Having a strong foot in the history, wheat originates from Eupharates valley. It is part of human diet at least 9000 years.', 'FFB3C8FF');
INSERT INTO `card` (id, type, title, header, content, option) VALUES ('Wheat_3', 1, 'Wheat food', 'assets/topic/plate-307177.svg', 'Using drawing tools, draw the pictures of the food that we get from wheat.', NULL);
INSERT INTO `cardExtra` (cardId, type, serial, content) VALUES ('Wheat_3', 2, 1, 'assets/topic/plate-307177.svg');
INSERT INTO `card` (id, type, title, header, content, option) VALUES ('Wheat_5', 1, 'Colouring Fun', 'assets/topic/wheat-plant.svg', 'Colour the picture of the wheat plant using the colours of your choice.', NULL);
INSERT INTO `cardExtra` (cardId, type, serial, content) VALUES ('Wheat_5', 2, 1, 'assets/topic/wheat-plant.svg');
INSERT INTO `card` (id, type, title, header, content, option) VALUES ('Wheat_7', 1, 'The wheat food faces', 'assets/topic/bread-32176.svg', 'Draw faces on the given food templates.', NULL);
INSERT INTO `cardExtra` (cardId, type, serial, content) VALUES ('Wheat_7', 2, 1, 'assets/topic/bread-32176.svg');
INSERT INTO `card` (id, type, title, header, content, option) VALUES ('Rice', 2, 'Rice', 'assets/topic/rice.svg', 'Rice is the second largest worldwide production. It is the most sought after food of man across the world. Having more than 40,000 varieties, rice grow across every continent except Antartica.', 'FF9DEDE3');
INSERT INTO `card` (id, type, title, header, content, option) VALUES ('Rice_3', 1, 'Women''s crop', 'assets/topic/rice-cult.svg', 'Using the drawing tools, create picture of women cultivating rice plantation', NULL);
INSERT INTO `cardExtra` (cardId, type, serial, content) VALUES ('Rice_3', 2, 1, 'assets/topic/rice-cult.svg');
INSERT INTO `card` (id, type, title, header, content, option) VALUES ('Rice_5', 1, 'Colouring Fun', 'assets/topic/forest.svg', 'Colour the picture of the rice cultivation using the colours of your choice.', NULL);
INSERT INTO `cardExtra` (cardId, type, serial, content) VALUES ('Rice_5', 2, 1, 'assets/topic/forest.svg');
INSERT INTO `card` (id, type, title, header, content, option) VALUES ('Rice_7', 1, 'A bowl of Rice', 'assets/topic/table-for-keeping-banana.svg', 'Draw a bowl of rice and add colours of your choice.', NULL);
INSERT INTO `cardExtra` (cardId, type, serial, content) VALUES ('Rice_7', 2, 1, 'assets/topic/table-for-keeping-banana.svg');
INSERT INTO `card` (id, type, title, header, content, option) VALUES ('Cassava', 2, 'Casava', 'assets/topic/cassava.svg', 'This important crop of Africa was introduced in the 16th century. Cassava is cultivated for it''s edible root. Cassava is also known by the name tapiaco, yucca or sweet potato.', 'FF9DEDE3');
INSERT INTO `card` (id, type, title, header, content, option) VALUES ('Cassava_3', 1, 'Basket of Cassava', 'assets/topic/table-for-keeping-banana.svg', 'Using the drawing tools draw a basket of cassava. Colour the picture as desired.', NULL);
INSERT INTO `cardExtra` (cardId, type, serial, content) VALUES ('Cassava_3', 2, 1, 'assets/topic/table-for-keeping-banana.svg');
INSERT INTO `card` (id, type, title, header, content, option) VALUES ('Cassava_5', 1, 'Colouring Fun', 'assets/topic/forest.svg', 'Colour the oicture of cassava plant as desired.', NULL);
INSERT INTO `cardExtra` (cardId, type, serial, content) VALUES ('Cassava_5', 2, 1, 'assets/topic/forest.svg');
INSERT INTO `card` (id, type, title, header, content, option) VALUES ('Cassava_7', 1, 'The Cassava Food delight', 'assets/topic/bread.svg', 'Colour the pictures of the food.', NULL);
INSERT INTO `cardExtra` (cardId, type, serial, content) VALUES ('Cassava_7', 2, 1, 'assets/topic/bread.svg');
INSERT INTO `cardExtra` (cardId, type, serial, content) VALUES ('Cassava_7', 2, 2, 'assets/topic/chips.svg');
INSERT INTO `cardExtra` (cardId, type, serial, content) VALUES ('Cassava_7', 2, 3, 'assets/topic/table-for-keeping-banana.svg');
INSERT INTO `cardExtra` (cardId, type, serial, content) VALUES ('Cassava_7', 2, 4, 'assets/topic/cassava-bowl.svg');
INSERT INTO `card` (id, type, title, header, content, option) VALUES ('Foods', 2, 'Foods', NULL, NULL, NULL);
INSERT INTO `collection` (id, serial, cardId) VALUES ('Tomatoes', 1, 'Tomatoes_3');
INSERT INTO `collection` (id, serial, cardId) VALUES ('Tomatoes', 2, 'Tomatoes_5');
INSERT INTO `collection` (id, serial, cardId) VALUES ('Tomatoes', 3, 'Tomatoes_7');
INSERT INTO `collection` (id, serial, cardId) VALUES ('Cabbage', 1, 'Cabbage_3');
INSERT INTO `collection` (id, serial, cardId) VALUES ('Cabbage', 2, 'Cabbage_5');
INSERT INTO `collection` (id, serial, cardId) VALUES ('Cabbage', 3, 'Cabbage_7');
INSERT INTO `collection` (id, serial, cardId) VALUES ('Onion', 1, 'Onion_3');
INSERT INTO `collection` (id, serial, cardId) VALUES ('Onion', 2, 'Onion_5');
INSERT INTO `collection` (id, serial, cardId) VALUES ('Onion', 3, 'Onion_7');
INSERT INTO `collection` (id, serial, cardId) VALUES ('banana', 1, 'banana_3');
INSERT INTO `collection` (id, serial, cardId) VALUES ('banana', 2, 'banana_5');
INSERT INTO `collection` (id, serial, cardId) VALUES ('banana', 3, 'banana_7');
INSERT INTO `collection` (id, serial, cardId) VALUES ('pineapple', 1, 'pineapple_3');
INSERT INTO `collection` (id, serial, cardId) VALUES ('pineapple', 2, 'pineapple_5');
INSERT INTO `collection` (id, serial, cardId) VALUES ('pineapple', 3, 'pineapple_7');
INSERT INTO `collection` (id, serial, cardId) VALUES ('Orange', 1, 'Orange_3');
INSERT INTO `collection` (id, serial, cardId) VALUES ('Orange', 2, 'Orange_5');
INSERT INTO `collection` (id, serial, cardId) VALUES ('Orange', 3, 'Orange_7');
INSERT INTO `collection` (id, serial, cardId) VALUES ('Maize', 1, 'Maize_3');
INSERT INTO `collection` (id, serial, cardId) VALUES ('Maize', 2, 'Maize_5');
INSERT INTO `collection` (id, serial, cardId) VALUES ('Maize', 3, 'Maize_7');
INSERT INTO `collection` (id, serial, cardId) VALUES ('Wheat', 1, 'Wheat_3');
INSERT INTO `collection` (id, serial, cardId) VALUES ('Wheat', 2, 'Wheat_5');
INSERT INTO `collection` (id, serial, cardId) VALUES ('Wheat', 3, 'Wheat_7');
INSERT INTO `collection` (id, serial, cardId) VALUES ('Rice', 1, 'Rice_3');
INSERT INTO `collection` (id, serial, cardId) VALUES ('Rice', 2, 'Rice_5');
INSERT INTO `collection` (id, serial, cardId) VALUES ('Rice', 3, 'Rice_7');
INSERT INTO `collection` (id, serial, cardId) VALUES ('Cassava', 1, 'Cassava_3');
INSERT INTO `collection` (id, serial, cardId) VALUES ('Cassava', 2, 'Cassava_5');
INSERT INTO `collection` (id, serial, cardId) VALUES ('Cassava', 3, 'Cassava_7');
INSERT INTO `collection` (id, serial, cardId) VALUES ('Foods', 0, 'Tomatoes');
INSERT INTO `collection` (id, serial, cardId) VALUES ('Foods', 1, 'Cabbage');
INSERT INTO `collection` (id, serial, cardId) VALUES ('Foods', 2, 'Onion');
INSERT INTO `collection` (id, serial, cardId) VALUES ('Foods', 3, 'banana');
INSERT INTO `collection` (id, serial, cardId) VALUES ('Foods', 4, 'pineapple');
INSERT INTO `collection` (id, serial, cardId) VALUES ('Foods', 5, 'Orange');
INSERT INTO `collection` (id, serial, cardId) VALUES ('Foods', 6, 'Maize');
INSERT INTO `collection` (id, serial, cardId) VALUES ('Foods', 7, 'Wheat');
INSERT INTO `collection` (id, serial, cardId) VALUES ('Foods', 8, 'Rice');
INSERT INTO `collection` (id, serial, cardId) VALUES ('Foods', 9, 'Cassava');
