INSERT INTO `card` (id, type, title, header, content, option) VALUES ('Fisherman', 2, 'Mvuvi', 'assets/topic/fisherman.svg', 'Mvuvi ni mtu anayevua samaki na viumbe vingine vinavyoishi kwenye maji', 'FF9DEDE3');
INSERT INTO `card` (id, type, title, header, content, option) VALUES ('Fisherman_3', 1, 'Chora Mvuvi', 'assets/topic/fisherman_bg.svg', 'Chora mvuvi anayevua samaki', NULL);
INSERT INTO `cardExtra` (cardId, type, serial, content) VALUES ('Fisherman_3', 2, 1, 'assets/topic/fisherman_bg.svg');
INSERT INTO `card` (id, type, title, header, content, option) VALUES ('Fisherman_5', 1, 'Chukua picha ya Mvuvi', 'assets/topic/fisherman_background.svg', 'Mpige picha Mvuvi kisha irembe picha', NULL);
INSERT INTO `cardExtra` (cardId, type, serial, content) VALUES ('Fisherman_5', 2, 1, 'assets/topic/fisherman_background.svg');
INSERT INTO `card` (id, type, title, header, content, option) VALUES ('Fisherman_7', 1, 'Chora Fimbo ya kuvulia', 'assets/topic/fishing_bg.svg', 'Chora Fimbo ya kuvulia kisha irembe', NULL);
INSERT INTO `cardExtra` (cardId, type, serial, content) VALUES ('Fisherman_7', 2, 1, 'assets/topic/fishing_bg.svg');
INSERT INTO `card` (id, type, title, header, content, option) VALUES ('Fisherman_9', 3, 'Maisha ya Mvuvi', 'assets/topic/Fisherman_life.jpg', 'Umewahi kujiuliza ni wapi wavuvi huvua samaki? Na maisha yao yapoje?. Ngoja nikuambie. Maisha ya Mvuvi. Mvuvi ni mtu ambaye kazi yake ni kuvua samaki kwenye mabwawa, mifereji na hata kwenye mito kisha huuza kwenye masoko ya ndani. Taaluma yake kuu ni kuvua samaki na kuuza ili aweze kuishi.', NULL);
INSERT INTO `card` (id, type, title, header, content, option) VALUES ('Fisherman_10', 3, 'Faida za Mvuvi', 'assets/topic/Fisherman_02.jpg', 'Mvuvi huvua samaki mara kwa mara kufanya Uvuvi wa faida ambao huboresha chakula na kulinda lishe. Pia huongeza kipato ambacho huboresha maisha ya Mvuvi, kukuza uchumi na kulinda mazingira yetu na mali asili', NULL);
INSERT INTO `card` (id, type, title, header, content, option) VALUES ('Fisherman_11', 0, 'Mvuvi ni mtu ambaye kazi yake si kuvua samaki.', 'assets/topic/fisherman_catch_fish.jpg', NULL, 'oneAtATime');
INSERT INTO `cardExtra` (cardId, type, serial, content) VALUES ('Fisherman_11', 1, 1, 'Si kweli');
INSERT INTO `cardExtra` (cardId, type, serial, content) VALUES ('Fisherman_11', 0, 1, 'Kweli');
INSERT INTO `card` (id, type, title, header, content, option) VALUES ('Fisherman_14', 3, 'Ndoano ya kuvulia', 'assets/topic/Fisherman_03.jpg', 'Unazijua mbinu za Uvuvi?. Huzijui?. Basi, ngoja nikuambie, Mbinu za uvuvi ni neno ya ujumla linalojuimuisha vifaa anavyotumia mvuvi wakati anapovua samaki. Karibu vitu vyote anavyotumia Mvuvi huitwa Mbinu za uvuvi. Baadhi ya Mifano ni Ndoano, Kamba, Wazamiaji, Mikuki, Wavu, Mitego.', NULL);
INSERT INTO `card` (id, type, title, header, content, option) VALUES ('Fisherman_15', 0, 'Unda Makundi tofauti ya mbinu za Uvuvi', 'assets/topic/fishing_hook.png', NULL, 'many');
INSERT INTO `cardExtra` (cardId, type, serial, content) VALUES ('Fisherman_15', 1, 1, 'Ndoano ya kuvulia');
INSERT INTO `cardExtra` (cardId, type, serial, content) VALUES ('Fisherman_15', 1, 2, 'Wazamiaji');
INSERT INTO `cardExtra` (cardId, type, serial, content) VALUES ('Fisherman_15', 1, 3, 'Mikuki');
INSERT INTO `cardExtra` (cardId, type, serial, content) VALUES ('Fisherman_15', 1, 4, 'Wavu');
INSERT INTO `cardExtra` (cardId, type, serial, content) VALUES ('Fisherman_15', 1, 5, 'Mitego');
INSERT INTO `cardExtra` (cardId, type, serial, content) VALUES ('Fisherman_15', 0, 1, 'Mpira');
INSERT INTO `cardExtra` (cardId, type, serial, content) VALUES ('Fisherman_15', 0, 2, 'Pulizo');
INSERT INTO `cardExtra` (cardId, type, serial, content) VALUES ('Fisherman_15', 0, 3, 'Maji');
INSERT INTO `card` (id, type, title, header, content, option) VALUES ('Fisherman_24', 0, 'Wavu hutumika kama moja ya mbinu za uvuvi', 'assets/topic/fishing_net2.jpg', NULL, 'oneAtATime');
INSERT INTO `cardExtra` (cardId, type, serial, content) VALUES ('Fisherman_24', 1, 1, 'Kweli');
INSERT INTO `cardExtra` (cardId, type, serial, content) VALUES ('Fisherman_24', 0, 1, 'Si kweli');
INSERT INTO `card` (id, type, title, header, content, option) VALUES ('Fisherman_27', 3, 'Uvuvi ni mzuri kwa afya', 'assets/topic/fishing_for_health.jpg', 'Uvuvi Unakuongezea Vitamini D. Vitamini D husaidia kusimamia kiwango cha Kalisi na Phosfeti katika mwili wako, kuimarisha mifupa na meno yako. Huongeza mfumo wa Kinga na imehusishwa katika kupigana na maradhi.', NULL);
INSERT INTO `card` (id, type, title, header, content, option) VALUES ('Fisherman_28', 0, 'Samaki Huongeza vitamini gani kwenye miili yetu?', 'assets/topic/vitamin_D.jpg', NULL, 'oneAtATime');
INSERT INTO `cardExtra` (cardId, type, serial, content) VALUES ('Fisherman_28', 1, 1, 'Vitamini D');
INSERT INTO `cardExtra` (cardId, type, serial, content) VALUES ('Fisherman_28', 0, 1, 'Vitamini C');
INSERT INTO `cardExtra` (cardId, type, serial, content) VALUES ('Fisherman_28', 0, 2, 'Vitamini E');
INSERT INTO `cardExtra` (cardId, type, serial, content) VALUES ('Fisherman_28', 0, 3, 'Vitamini K');
INSERT INTO `card` (id, type, title, header, content, option) VALUES ('Fisherman_33', 0, 'Vitamini D husaidia kuimarisha mifupa na meno', 'assets/topic/teeth.png', NULL, 'oneAtATime');
INSERT INTO `cardExtra` (cardId, type, serial, content) VALUES ('Fisherman_33', 1, 1, 'Kweli');
INSERT INTO `cardExtra` (cardId, type, serial, content) VALUES ('Fisherman_33', 0, 1, 'Si kweli');
INSERT INTO `card` (id, type, title, header, content, option) VALUES ('Fisherman_36', 0, 'Mvuvi huvua wapi samaki?', 'assets/topic/fisherman_04.jpg', NULL, 'oneAtATime');
INSERT INTO `cardExtra` (cardId, type, serial, content) VALUES ('Fisherman_36', 1, 1, 'Kwenye maji');
INSERT INTO `cardExtra` (cardId, type, serial, content) VALUES ('Fisherman_36', 0, 1, 'kwenye ardhi');
INSERT INTO `cardExtra` (cardId, type, serial, content) VALUES ('Fisherman_36', 0, 2, 'Angani');
INSERT INTO `cardExtra` (cardId, type, serial, content) VALUES ('Fisherman_36', 0, 3, 'Kwenye Moto');
INSERT INTO `card` (id, type, title, header, content, option) VALUES ('Fisherman_41', 0, 'Oanisha Picha katika majina yake', 'assets/topic/fish_match.jpg', NULL, 'pair');
INSERT INTO `cardExtra` (cardId, type, serial, content) VALUES ('Fisherman_41', 1, 1, 'assets/topic/fishing_net.jpg');
INSERT INTO `cardExtra` (cardId, type, serial, content) VALUES ('Fisherman_41', 1, 2, 'Wavu wa kuvulia');
INSERT INTO `cardExtra` (cardId, type, serial, content) VALUES ('Fisherman_41', 1, 3, 'assets/topic/fishing_stick.jpg');
INSERT INTO `cardExtra` (cardId, type, serial, content) VALUES ('Fisherman_41', 1, 4, 'Fimbo ya kuvulia');
INSERT INTO `cardExtra` (cardId, type, serial, content) VALUES ('Fisherman_41', 1, 5, 'assets/topic/Fisherman.jpg');
INSERT INTO `cardExtra` (cardId, type, serial, content) VALUES ('Fisherman_41', 1, 6, 'Mvuvi');
INSERT INTO `card` (id, type, title, header, content, option) VALUES ('Farmer', 2, 'Mkulima', 'assets/topic/farmer.svg', 'Mkulima ni Mtu ambae hupanda mazao na kukuza wanyama kwaajili ya matumizi ya Binadamu. Wakulima wanatakiwa wafanye kazi kwa bidii na kwa muda mrefu bila kujali ni kiangazi au masika. Mkulima hufanya kazi kwa bidii ili kupata mazao mengi.', 'FF9DEDE3');
INSERT INTO `card` (id, type, title, header, content, option) VALUES ('Farmer_3', 1, 'Mchore Mkulima', 'assets/topic/crop_svg01.svg', 'Mchore Mkulima', NULL);
INSERT INTO `cardExtra` (cardId, type, serial, content) VALUES ('Farmer_3', 2, 1, 'assets/topic/crop_svg01.svg');
INSERT INTO `card` (id, type, title, header, content, option) VALUES ('Farmer_5', 1, 'Mpige Picha Mkulima', 'assets/topic/agriculture-2027001.svg', 'Mpige picha Mkulima na Uirembe', NULL);
INSERT INTO `cardExtra` (cardId, type, serial, content) VALUES ('Farmer_5', 2, 1, 'assets/topic/agriculture-2027001.svg');
INSERT INTO `card` (id, type, title, header, content, option) VALUES ('Farmer_7', 1, 'Piga picha mazao matano tofauti', 'assets/topic/forest_svg02.svg', 'Piga picha mazao matatu tofauti na utume', NULL);
INSERT INTO `cardExtra` (cardId, type, serial, content) VALUES ('Farmer_7', 2, 1, 'assets/topic/forest_svg02.svg');
INSERT INTO `card` (id, type, title, header, content, option) VALUES ('Farmer_9', 1, 'Piga picha wanyama au ndege watatu.', 'assets/topic/bull-47873.svg', 'Piga picha wanyama watatu tofauti wanaotumika kulimia', NULL);
INSERT INTO `cardExtra` (cardId, type, serial, content) VALUES ('Farmer_9', 2, 1, 'assets/topic/bull-47873.svg');
INSERT INTO `card` (id, type, title, header, content, option) VALUES ('Farmer_11', 3, 'Kuhus Mkulima', 'assets/topic/farmer_02.jpg', 'Nani hafahamu shughuli za kilimo?. Kila mmoja walau mara moja katika maisha yetu, amepanda mmea mmoja ama mwingine katika maeneo yaliyo karibu na nyumba tunazoishi, na kumwagilia maji kila siku na kuona mmea ukimea vyema. Vivyo hivyo pia, Mkulima hupanda mazao katika eneo kubwa. Shughuli za kilimo zimekua zikifanyika kwa muda wa miaka elfu moja sasa. Mkulima wa kwanza alianza kufuga wanyama na kupanda mazao katika eneo dogo. Baadae aliongeza eneo kubwa katika ufugaji na kilimo. Kila nchi inafanya kilimo, na mtu anayefanya kilimo huitwa Mkulima. Huitwa Uti wa mgongo wa nchi kwasababu kutokana na juhudi zake, nchi hutajirika. Shughuli hii yote huitwa Kilimo.', NULL);
INSERT INTO `card` (id, type, title, header, content, option) VALUES ('Farmer_12', 0, 'Nani hujulikana kama Uti wa Mgongo wa Nchi', 'assets/topic/farmer.jpg', NULL, 'oneAtATime');
INSERT INTO `cardExtra` (cardId, type, serial, content) VALUES ('Farmer_12', 1, 1, 'Mkulima');
INSERT INTO `cardExtra` (cardId, type, serial, content) VALUES ('Farmer_12', 0, 1, 'Mganga wa Afya');
INSERT INTO `cardExtra` (cardId, type, serial, content) VALUES ('Farmer_12', 0, 2, 'Seremala');
INSERT INTO `cardExtra` (cardId, type, serial, content) VALUES ('Farmer_12', 0, 3, 'Mvuvi');
INSERT INTO `card` (id, type, title, header, content, option) VALUES ('Farmer_17', 0, 'Mkulima ni Uti wa Mgongo wa Nchi', 'assets/topic/farmer.jpg', NULL, 'oneAtATime');
INSERT INTO `cardExtra` (cardId, type, serial, content) VALUES ('Farmer_17', 1, 1, 'Kweli');
INSERT INTO `cardExtra` (cardId, type, serial, content) VALUES ('Farmer_17', 0, 1, 'Si kweli');
INSERT INTO `card` (id, type, title, header, content, option) VALUES ('Farmer_20', 3, 'Aina za wakulima', 'assets/topic/farming.jpg', 'Kuna aina nyingi za kilimo lakini leo tunaenda kujifunza aina tatu kuu za kulimo. Kuna aina tatu za kilimo ambazo ni kilimo cha zao moja, kilimo cha ufugaji na kilimo cha mazao mchanganyiko. Katika kilimo cha zao moja, mkulima hupanda zao moja katika msimu wa mavuno, mfano kama Ngano ilipandwa msimu uliopita wa mavuno, msimu unaofuata atapanda mchele. Katika Kilimo cha mazao mchanganyiko kinachofanyika ni kwamba, Mkulima hupanda mazao mawili au zaidi ya aina tofauti katika shamba moja katika msimu mmoja wa mavuno, mfano Ngano, choroko hupandwa katika shamba moja. Kilimo cha Ufugaji ambacho huitwa kilimo cha wanyama ni uzalishaji wa mazao ya wanyama. Mfano kiwango kikubwa cha Ngómbe huzalishwa kwaajili ya kupata maziwa. Na ufugaji wa ndege kama kuku, bata, bata mzinga ni kwaajili ya kupata nyama na Mayai yao.', NULL);
INSERT INTO `card` (id, type, title, header, content, option) VALUES ('Farmer_24', 0, 'Aina gani ya ndege hufugwa sana Majumbani', 'assets/topic/hen.jpg', NULL, 'oneAtATime');
INSERT INTO `cardExtra` (cardId, type, serial, content) VALUES ('Farmer_24', 1, 1, 'Kuku');
INSERT INTO `cardExtra` (cardId, type, serial, content) VALUES ('Farmer_24', 0, 1, 'Tai');
INSERT INTO `cardExtra` (cardId, type, serial, content) VALUES ('Farmer_24', 0, 2, 'Kunguru');
INSERT INTO `cardExtra` (cardId, type, serial, content) VALUES ('Farmer_24', 0, 3, 'Tausi');
INSERT INTO `card` (id, type, title, header, content, option) VALUES ('Farmer_29', 0, 'Bata hufugwa majumbani.', 'assets/topic/duck01.jpg', NULL, 'oneAtATime');
INSERT INTO `cardExtra` (cardId, type, serial, content) VALUES ('Farmer_29', 1, 1, 'Kweli');
INSERT INTO `cardExtra` (cardId, type, serial, content) VALUES ('Farmer_29', 0, 1, 'Si kweli');
INSERT INTO `card` (id, type, title, header, content, option) VALUES ('Farmer_32', 3, 'Aina za mbegu mkulima apandazo na mali asili', 'assets/topic/seeds.jpg', 'Mahindi, mtama, mchele, Ngano, Viazi n.k. Haya ni aina ya mazao ya msingi ambayo mkulima huvuna. Ili kuwe na uzalishwaji mzuri wa mazao, Mkulima anapaswa alime kwenye udongo mzuri, kuwe na maji ya kutosha na Mwanga wa jua. Mali asili hizi tatu humsaidia mkulima kupata mazao mazuri.', NULL);
INSERT INTO `card` (id, type, title, header, content, option) VALUES ('Farmer_33', 0, 'Unda makundi tofauti ya Mbegu', 'assets/topic/seeds.jpg', NULL, 'oneAtATime');
INSERT INTO `cardExtra` (cardId, type, serial, content) VALUES ('Farmer_33', 1, 1, 'Mahindi');
INSERT INTO `cardExtra` (cardId, type, serial, content) VALUES ('Farmer_33', 1, 2, 'Mtama');
INSERT INTO `cardExtra` (cardId, type, serial, content) VALUES ('Farmer_33', 1, 3, 'Mchele');
INSERT INTO `cardExtra` (cardId, type, serial, content) VALUES ('Farmer_33', 1, 4, 'Ngano');
INSERT INTO `cardExtra` (cardId, type, serial, content) VALUES ('Farmer_33', 1, 5, 'Viazi');
INSERT INTO `cardExtra` (cardId, type, serial, content) VALUES ('Farmer_33', 0, 1, 'Kuku');
INSERT INTO `cardExtra` (cardId, type, serial, content) VALUES ('Farmer_33', 0, 2, 'Bata');
INSERT INTO `card` (id, type, title, header, content, option) VALUES ('Farmer_41', 3, 'Faida za Ulimaji', 'assets/topic/farming_imp.jpg', 'Je!, unajua kazi ya wakulima ni muhimu sana katika maisha yetu ya kila siku kwasababu kupitia wao tunapata vyakula na mavazi.. Wakulima wanazalisha mimea ya aina yote, wanyama, Sufi/manyoya, Pamba ambavyo watu hula na kutumia ulimwenguni kote. Kazi ya Mkulima ni ngumu na anatakiwa afanya kazi kwa masaa mengi. Teknolojia imeongeza mshine tofauti za uzalishaji na magari kama trekta ambavyo vimerahisisha kilimo. Minyoo wanajulikana kama rafiki wa karibu wa mkulima kwasababu wanasaidia kufanya ardhi iwe na rutuba, na udongo wenye rutuba ni mzuri katika kustawisha Mazao.', NULL);
INSERT INTO `card` (id, type, title, header, content, option) VALUES ('Farmer_42', 0, 'Rafiki wa karibu wa mkulima ni nani?', 'assets/topic/earthworm.jpg', NULL, 'oneAtATime');
INSERT INTO `cardExtra` (cardId, type, serial, content) VALUES ('Farmer_42', 1, 1, 'Minyoo');
INSERT INTO `cardExtra` (cardId, type, serial, content) VALUES ('Farmer_42', 0, 1, 'Kunguru');
INSERT INTO `cardExtra` (cardId, type, serial, content) VALUES ('Farmer_42', 0, 2, 'Popo');
INSERT INTO `cardExtra` (cardId, type, serial, content) VALUES ('Farmer_42', 0, 3, 'Chui');
INSERT INTO `card` (id, type, title, header, content, option) VALUES ('Farmer_47', 0, 'Trekta halitumiki katika shughuli za kilimo', 'assets/topic/tractor.jpg', NULL, 'oneAtATime');
INSERT INTO `cardExtra` (cardId, type, serial, content) VALUES ('Farmer_47', 1, 1, 'Si kweli');
INSERT INTO `cardExtra` (cardId, type, serial, content) VALUES ('Farmer_47', 0, 1, 'Kweli');
INSERT INTO `card` (id, type, title, header, content, option) VALUES ('Farmer_50', 0, 'Oanisha Picha', 'assets/topic/farming_47.jpg', NULL, 'pair');
INSERT INTO `cardExtra` (cardId, type, serial, content) VALUES ('Farmer_50', 1, 1, 'assets/topic/farmer.jpg');
INSERT INTO `cardExtra` (cardId, type, serial, content) VALUES ('Farmer_50', 1, 2, 'assets/topic/earthworm.jpg');
INSERT INTO `cardExtra` (cardId, type, serial, content) VALUES ('Farmer_50', 1, 3, 'assets/topic/tractor.jpg');
INSERT INTO `cardExtra` (cardId, type, serial, content) VALUES ('Farmer_50', 1, 4, 'assets/topic/tractor_tilling.jpg');
INSERT INTO `cardExtra` (cardId, type, serial, content) VALUES ('Farmer_50', 1, 5, 'assets/topic/poultry.jpg');
INSERT INTO `cardExtra` (cardId, type, serial, content) VALUES ('Farmer_50', 1, 6, 'assets/topic/egg.jpg');
INSERT INTO `cardExtra` (cardId, type, serial, content) VALUES ('Farmer_50', 1, 7, 'assets/topic/cow.jpg');
INSERT INTO `cardExtra` (cardId, type, serial, content) VALUES ('Farmer_50', 1, 8, 'assets/topic/milk.jpg');
INSERT INTO `card` (id, type, title, header, content, option) VALUES ('Teacher', 2, 'Mwalimu', 'assets/topic/teacher.svg', 'Mwalimu ni mtu anayesaidia watu kujifunza. Kawaida Mwalimu ni mtu anayefundisha.', 'FF9DEDE3');
INSERT INTO `card` (id, type, title, header, content, option) VALUES ('Teacher_3', 1, 'Mchore Mwalimu', 'assets/topic/teacher_svg01.svg', 'Mchore mwalimu pamoja na ubao mweusi nyuma yake.', NULL);
INSERT INTO `cardExtra` (cardId, type, serial, content) VALUES ('Teacher_3', 2, 1, 'assets/topic/teacher_svg01.svg');
INSERT INTO `card` (id, type, title, header, content, option) VALUES ('Teacher_5', 1, 'Mpige Picha Mwalimu', 'assets/topic/ground_svg02.svg', 'Mpige picha mwalimu na uirembe', NULL);
INSERT INTO `cardExtra` (cardId, type, serial, content) VALUES ('Teacher_5', 2, 1, 'assets/topic/ground_svg02.svg');
INSERT INTO `card` (id, type, title, header, content, option) VALUES ('Teacher_7', 1, 'Piga Picha Shule', 'assets/topic/school-295210.svg', 'Piga picha shule, paka rangi na uirembe.', NULL);
INSERT INTO `cardExtra` (cardId, type, serial, content) VALUES ('Teacher_7', 2, 1, 'assets/topic/school-295210.svg');
INSERT INTO `card` (id, type, title, header, content, option) VALUES ('Teacher_9', 3, 'Kuhusu Mwalimu', 'assets/topic/teacher_02.jpg', 'Mwalimu ni mtu anayesaidia watu kujifunza. Mara nyingi Mwalimu ni mtu anayefanya kazi darasani. Kuna aina nyingi tofauti za walimu.Baadhi ya walimu hufundisha watoto wadogo katika shule za awali na shule za msingi. Baadhi hufundisha watoto wakubwa katika shule za sekondari. baadhi ya walimu hufundisha watu wazima katika shule za elimu ya juu (mfano, vyuo)', NULL);
INSERT INTO `card` (id, type, title, header, content, option) VALUES ('Teacher_10', 0, 'Mara nyingi Mwalimu fanya kazi wapi?', 'assets/topic/classroom.jpg', NULL, 'oneAtATime');
INSERT INTO `cardExtra` (cardId, type, serial, content) VALUES ('Teacher_10', 1, 1, 'Darasani');
INSERT INTO `cardExtra` (cardId, type, serial, content) VALUES ('Teacher_10', 0, 1, 'Kwenye viwanja vya michezo');
INSERT INTO `cardExtra` (cardId, type, serial, content) VALUES ('Teacher_10', 0, 2, 'Porini');
INSERT INTO `cardExtra` (cardId, type, serial, content) VALUES ('Teacher_10', 0, 3, 'Ufukweni');
INSERT INTO `card` (id, type, title, header, content, option) VALUES ('Teacher_15', 3, 'Njia ya ufundishaji ya Walimu', 'assets/topic/teaching_way.jpg', 'Kuna aina tofauti za ufundishaji. Walimu wengi hutumia mbinu mbalimbali kufundisha. Walimu wa zamani walitumia vipande vya chaki kuandikia katika ubao mweusi lakini walimu wa sasa hutumia kalamu kuandikia katika ubao mweupe ambazo ni rahisi kufutika. Mara nyingi walimu hueleza maarifa mapya, huandika kwenye ubao mweusi au ubao mweupe, hukaa nyuma ya madawati yao au kwenye viti vyao, kusaidia wanafunzi katika kazi zao. Huweza kutumia kompyuta kuandika majaribio, kazi za darasani au matokeo. Huwapa wanafunzi "Kazi za nyumbani" na kumfuatilia kila mwanafunzi, ili kuwawezesha kutimiza ndoto zao.', NULL);
INSERT INTO `card` (id, type, title, header, content, option) VALUES ('Teacher_16', 0, 'Kalamu inayofutika hutumika kuandikia kwenye ubao mweupe', 'assets/topic/marker.jpg', NULL, 'oneAtATime');
INSERT INTO `cardExtra` (cardId, type, serial, content) VALUES ('Teacher_16', 1, 1, 'Kweli');
INSERT INTO `cardExtra` (cardId, type, serial, content) VALUES ('Teacher_16', 0, 1, 'Si kweli');
INSERT INTO `card` (id, type, title, header, content, option) VALUES ('Teacher_19', 0, 'Mwalimu hutumia nini kuandikia ubaoni?', 'assets/topic/chockpiece.jpg', NULL, 'oneAtATime');
INSERT INTO `cardExtra` (cardId, type, serial, content) VALUES ('Teacher_19', 1, 1, 'Chaki');
INSERT INTO `cardExtra` (cardId, type, serial, content) VALUES ('Teacher_19', 0, 1, 'Kalamu');
INSERT INTO `cardExtra` (cardId, type, serial, content) VALUES ('Teacher_19', 0, 2, 'Penseli');
INSERT INTO `cardExtra` (cardId, type, serial, content) VALUES ('Teacher_19', 0, 3, 'Ufutio');
INSERT INTO `card` (id, type, title, header, content, option) VALUES ('Teacher_24', 3, 'Dhamani ya Mwalimu kwa Mwanafunzi', 'assets/topic/teacher_03.jpg', 'Mwalimu wa shule ni mtu aliyefunzwa kuelimisha watoto kuanzia umri mdogo mpaka kufikia utu uzima na kila hatua hufundishwa na walimu tofauti. Wana wajibu katika elimu na ukuaji wa watoto katika darasa. Walimu bora huunda uhusiano mzuri na wanafunzi wao, huwaonyesha kuwajali na kuwafundisha masomo yahusuyo maisha na kuwafanya wawe watu wazuri. Walimu bora ni wale ambao huwapa vipaumbele wanafunzi wao, hutoa vyanzo, na kuwapa mapendekezo wazazi wao, kuweza kujua mapungufu na uimara wa wanafunzi wao.', NULL);
INSERT INTO `card` (id, type, title, header, content, option) VALUES ('Teacher_25', 0, 'Mwalimu wa shule ni mtu ambaye amefunzwa kuelemisha watoto', 'assets/topic/school_teacher.png', NULL, 'oneAtATime');
INSERT INTO `cardExtra` (cardId, type, serial, content) VALUES ('Teacher_25', 1, 1, 'Kweli');
INSERT INTO `cardExtra` (cardId, type, serial, content) VALUES ('Teacher_25', 0, 1, 'Si kweli');
INSERT INTO `card` (id, type, title, header, content, option) VALUES ('Teacher_28', 0, 'Walimu bora huunda uhusiano wa aina gani na wanafunzi wao?', 'assets/topic/teacher_04.jpg', NULL, 'oneAtATime');
INSERT INTO `cardExtra` (cardId, type, serial, content) VALUES ('Teacher_28', 1, 1, 'Uhusiano wenye nguvu');
INSERT INTO `cardExtra` (cardId, type, serial, content) VALUES ('Teacher_28', 0, 1, 'Uhusiano dhaifu');
INSERT INTO `cardExtra` (cardId, type, serial, content) VALUES ('Teacher_28', 0, 2, 'Hawaundi uhusiano wowote');
INSERT INTO `cardExtra` (cardId, type, serial, content) VALUES ('Teacher_28', 0, 3, 'Uhusiano mbaya');
INSERT INTO `card` (id, type, title, header, content, option) VALUES ('Teacher_33', 3, 'Sifa za Walimu.', 'assets/topic/teaching_12.jpg', 'Sifa kuu tano za walimu bora, kulingana na wafunzi ni: uwezo wa kuimarisha uhusiano wao na wanafunzi wao. Uvumilivu, kujali, na ukarimu. Kuwatambua wanafunzi wao humaanisha, mwalimu awe na uwezo wa kumuelewa mwanafunzi wake. Kujitolea kufundisha. Kushirikisha wanafunzi katika kujifunza.', NULL);
INSERT INTO `card` (id, type, title, header, content, option) VALUES ('Teacher_34', 0, 'Unda makundi ya sifa za walimu bora', 'assets/topic/caring.jpg', NULL, 'many');
INSERT INTO `cardExtra` (cardId, type, serial, content) VALUES ('Teacher_34', 1, 1, 'Kujali');
INSERT INTO `cardExtra` (cardId, type, serial, content) VALUES ('Teacher_34', 1, 2, 'uvumilivu');
INSERT INTO `cardExtra` (cardId, type, serial, content) VALUES ('Teacher_34', 1, 3, 'Maarifa mazuri');
INSERT INTO `cardExtra` (cardId, type, serial, content) VALUES ('Teacher_34', 1, 4, 'kujitolea');
INSERT INTO `cardExtra` (cardId, type, serial, content) VALUES ('Teacher_34', 1, 5, 'Uelewa');
INSERT INTO `cardExtra` (cardId, type, serial, content) VALUES ('Teacher_34', 0, 1, 'shari');
INSERT INTO `cardExtra` (cardId, type, serial, content) VALUES ('Teacher_34', 0, 2, 'Ujinga');
INSERT INTO `card` (id, type, title, header, content, option) VALUES ('Teacher_42', 0, 'Walimu bora wana uvumilivu mzuri.', 'assets/topic/teaching_way.jpg', NULL, 'oneAtATime');
INSERT INTO `cardExtra` (cardId, type, serial, content) VALUES ('Teacher_42', 1, 1, 'Kweli');
INSERT INTO `cardExtra` (cardId, type, serial, content) VALUES ('Teacher_42', 0, 1, 'Si kweli');
INSERT INTO `card` (id, type, title, header, content, option) VALUES ('Teacher_45', 0, 'Oanisha Picha katika picha zinazoshahabiana', 'assets/topic/teaching_45.jpg', NULL, 'pair');
INSERT INTO `cardExtra` (cardId, type, serial, content) VALUES ('Teacher_45', 1, 1, 'assets/topic/student.jpg');
INSERT INTO `cardExtra` (cardId, type, serial, content) VALUES ('Teacher_45', 1, 2, 'assets/topic/teacher.jpg');
INSERT INTO `cardExtra` (cardId, type, serial, content) VALUES ('Teacher_45', 1, 3, 'assets/topic/blackboard.jpg');
INSERT INTO `cardExtra` (cardId, type, serial, content) VALUES ('Teacher_45', 1, 4, 'assets/topic/chockpiece.jpg');
INSERT INTO `cardExtra` (cardId, type, serial, content) VALUES ('Teacher_45', 1, 5, 'assets/topic/whiteboard.jpg');
INSERT INTO `cardExtra` (cardId, type, serial, content) VALUES ('Teacher_45', 1, 6, 'assets/topic/marker.jpg');
INSERT INTO `card` (id, type, title, header, content, option) VALUES ('Doctor', 2, 'Mganga wa Afya', 'assets/topic/doctor.svg', 'Mganga wa Afya ni mtu ambaye hutoa matibabu kwa wagonjwa na kutoa tahadhari za kuchukuliwa pindi wanaposumbuliwa na magonjwa.', 'FFB3C8FF');
INSERT INTO `card` (id, type, title, header, content, option) VALUES ('Doctor_3', 1, 'Mchore Mganga wa Afya akiwa na Mgonjwa', 'assets/topic/doctorPat.svg', 'Mchore Mganga wa Afya akiwa na Mgonjwa.', NULL);
INSERT INTO `cardExtra` (cardId, type, serial, content) VALUES ('Doctor_3', 2, 1, 'assets/topic/doctorPat.svg');
INSERT INTO `card` (id, type, title, header, content, option) VALUES ('Doctor_5', 1, 'Chora "kipima mapigo ya moyo"', 'assets/topic/stethoscope-311855.svg', 'Chora kipima mapigo ya moyo.', NULL);
INSERT INTO `cardExtra` (cardId, type, serial, content) VALUES ('Doctor_5', 2, 1, 'assets/topic/stethoscope-311855.svg');
INSERT INTO `card` (id, type, title, header, content, option) VALUES ('Doctor_7', 1, 'Piga picha hospitali', 'assets/topic/hospitalbuilding.svg', 'Piga picha Hospital na uirembe.', NULL);
INSERT INTO `cardExtra` (cardId, type, serial, content) VALUES ('Doctor_7', 2, 1, 'assets/topic/hospitalbuilding.svg');
INSERT INTO `card` (id, type, title, header, content, option) VALUES ('Doctor_9', 3, 'Kuhusu Mganga wa Afya', 'assets/topic/doctor_02.jpg', 'Watoto, mnafahamu kuwa kila tunapougua, tunapopata homa, mafua au kukohoa, huwa tunaenda kwa Mganga wa Afya. Mganga wa Afya ni mtu anayetoa dawa  na amefunzwa kutunza afya za watu na kuwatibu wanaougua. Kuna sharti nyingi ambazo Mganga wa Afya huangalia kabla ya kutoa matibabu kwa mgonjwa. Kwanza huhitaji kutambua ni kipi kinachosababisha mtu augue kisha huamua ni matibabu gani apatiwe mgonjwa. Mganga wa Afya hubashiri ni wakati upi mgonjwa atapata ahueni. Ni kwamba Mganga wa Afya hujaribu kuzuia Magonjwa. Kuna watu wengi ambao husaidia Waganga wa Afya na kuikamilisha Hospitali.', NULL);
INSERT INTO `card` (id, type, title, header, content, option) VALUES ('Doctor_10', 0, 'Tukiugua tunaenda kwa nani?', 'assets/topic/doctor.jpg', NULL, 'oneAtATime');
INSERT INTO `cardExtra` (cardId, type, serial, content) VALUES ('Doctor_10', 1, 1, 'Kwa Mganga wa Afya');
INSERT INTO `cardExtra` (cardId, type, serial, content) VALUES ('Doctor_10', 0, 1, 'Fundi Bomba');
INSERT INTO `cardExtra` (cardId, type, serial, content) VALUES ('Doctor_10', 0, 2, 'Mwalimu');
INSERT INTO `cardExtra` (cardId, type, serial, content) VALUES ('Doctor_10', 0, 3, 'Mshonaji');
INSERT INTO `card` (id, type, title, header, content, option) VALUES ('Doctor_15', 3, 'Hospitali', 'assets/topic/hospital.jpg', 'Hospitali ni Mahali ambapo mtu huenda kupata matibabu wakati anapokua anaugua au kuumia. Waganga wa Afya na wauguzi wanafanya kazi hospitali. Waganga wa Afya hutumia teknolojia ya kisasa kutibu wagonjwa. Pia Hospitali hutoa hudai malipo ya matibabu na uchunguzi. Kuna watu wengi wanaofanya kazi Hospitali kama Waganga wa Afya, Wauguzi na wafanyakazi wa dawa mbalimbali. Pia Hospitali inahusisha Magari ya Wagonjwa ambayo hutumika kuwafuata wagonjwa wakati wa dharura na kuwabeba, kisha kuwafikisha Hospitali.', NULL);
INSERT INTO `card` (id, type, title, header, content, option) VALUES ('Doctor_16', 0, 'Waganga wa Afya hawafanyi kazi Hospitali.', 'assets/topic/doctors_img.jpg', NULL, 'oneAtATime');
INSERT INTO `cardExtra` (cardId, type, serial, content) VALUES ('Doctor_16', 1, 1, 'Si kweli.');
INSERT INTO `cardExtra` (cardId, type, serial, content) VALUES ('Doctor_16', 0, 1, 'Kweli.');
INSERT INTO `card` (id, type, title, header, content, option) VALUES ('Doctor_19', 3, '"Kipima mapigo ya moyo"', 'assets/topic/stethoscope.jpg', 'Kipima mapigo ya moyo n kifaa kinachotumika na Waganga wa Afya na wafanyakazi wengine wa dawa. Hutumika kupima mapigo ya moyo ya watu na kasi ya upumuaji. Huwekwa katika eneo ambalo kuna moyo au mgongoni. Kipima Mapigo ya Moyo kina umbo kama la herufi Y. "Vipande vya sikio" vimewekwa katika kila mwisho wa herufi Y na kinasa sauti katika upande mwingine.', NULL);
INSERT INTO `card` (id, type, title, header, content, option) VALUES ('Doctor_20', 0, 'Nini hutumika kupima watu mapigo ya moyo?', 'assets/topic/stethoscope.jpg', NULL, 'oneAtATime');
INSERT INTO `cardExtra` (cardId, type, serial, content) VALUES ('Doctor_20', 1, 1, 'Kipima mapigo ya moyo');
INSERT INTO `cardExtra` (cardId, type, serial, content) VALUES ('Doctor_20', 0, 1, 'Popo');
INSERT INTO `cardExtra` (cardId, type, serial, content) VALUES ('Doctor_20', 0, 2, 'Mpira');
INSERT INTO `cardExtra` (cardId, type, serial, content) VALUES ('Doctor_20', 0, 3, 'Hospitali');
INSERT INTO `card` (id, type, title, header, content, option) VALUES ('Doctor_25', 0, 'Kipima mapigo ya moyo hutumika kupima Mapigo ya Moyo.', 'assets/topic/stethoscope02.png', NULL, 'oneAtATime');
INSERT INTO `cardExtra` (cardId, type, serial, content) VALUES ('Doctor_25', 1, 1, 'Kweli.');
INSERT INTO `cardExtra` (cardId, type, serial, content) VALUES ('Doctor_25', 0, 1, 'Si kweli.');
INSERT INTO `card` (id, type, title, header, content, option) VALUES ('Doctor_28', 3, 'Gari la wagonjwa', 'assets/topic/ambulance.png', 'Mara nyingi inapotokea Mgonjwa anaumwa sana au kaumia sana na Mganga wa Afya hawezi kufika eneo alipo Mgonjwa kwasababu ya kuhudumia wagonjwa wengine, ndipo Gari la Wagonjwa hutolewa kumbeba Mgonjwa na kumfikisha Hospitali, ambapo Mganga wa Afya humpatia Mgonjwa matibabu ya haraka, kwasababu kuna vifaa vingi vya matibabu kuokolea maisha ya Mgonjwa. Kwa njia hii Gari la Wagonjwa hufanya kazi kubwa ya Muhimu kunusuru maisha ya Wagonjwa kwa kuwaleta kwa Mganga wa Afya.', NULL);
INSERT INTO `card` (id, type, title, header, content, option) VALUES ('Doctor_29', 0, 'Taja jina la gari la hospitali litumikalo kubebea wagonjwa wakati wa dharura?', 'assets/topic/ambulance.png', NULL, 'oneAtATime');
INSERT INTO `card` (id, type, title, header, content, option) VALUES ('Doctor_30', 0, 'Gari la wagonjwa hutumika kubeba wagonjwa.', 'assets/topic/ambulance02.jpg', NULL, 'oneAtATime');
INSERT INTO `cardExtra` (cardId, type, serial, content) VALUES ('Doctor_30', 1, 1, 'Kweli.');
INSERT INTO `cardExtra` (cardId, type, serial, content) VALUES ('Doctor_30', 0, 1, 'Si kweli.');
INSERT INTO `card` (id, type, title, header, content, option) VALUES ('Doctor_33', 0, 'Dawa', 'assets/topic/doctor_03.jpg', NULL, 'many');
INSERT INTO `cardExtra` (cardId, type, serial, content) VALUES ('Doctor_33', 1, 1, 'Wafanyakazi wa dawa');
INSERT INTO `cardExtra` (cardId, type, serial, content) VALUES ('Doctor_33', 1, 2, 'Dawa');
INSERT INTO `cardExtra` (cardId, type, serial, content) VALUES ('Doctor_33', 1, 3, 'Wafanyakazi wa dawa');
INSERT INTO `cardExtra` (cardId, type, serial, content) VALUES ('Doctor_33', 1, 4, 'Hospitali');
INSERT INTO `cardExtra` (cardId, type, serial, content) VALUES ('Doctor_33', 0, 1, 'Pundamilia');
INSERT INTO `cardExtra` (cardId, type, serial, content) VALUES ('Doctor_33', 0, 2, 'Mpira wa miguu');
INSERT INTO `card` (id, type, title, header, content, option) VALUES ('Doctor_40', 0, 'Oanisha picha kwa majina yao', 'assets/topic/doctor_03.jpg', NULL, 'pair');
INSERT INTO `cardExtra` (cardId, type, serial, content) VALUES ('Doctor_40', 1, 1, 'assets/topic/stethoscope.jpg');
INSERT INTO `cardExtra` (cardId, type, serial, content) VALUES ('Doctor_40', 1, 2, 'Kipima Mapigo ya Moyo');
INSERT INTO `cardExtra` (cardId, type, serial, content) VALUES ('Doctor_40', 1, 3, 'assets/topic/hospital_44.jpg');
INSERT INTO `cardExtra` (cardId, type, serial, content) VALUES ('Doctor_40', 1, 4, 'Mganga wa Afya');
INSERT INTO `cardExtra` (cardId, type, serial, content) VALUES ('Doctor_40', 1, 5, 'assets/topic/ambulance.png');
INSERT INTO `cardExtra` (cardId, type, serial, content) VALUES ('Doctor_40', 1, 6, 'Gari la Wagonjwa');
INSERT INTO `cardExtra` (cardId, type, serial, content) VALUES ('Doctor_40', 1, 7, 'assets/topic/patient.jpg');
INSERT INTO `cardExtra` (cardId, type, serial, content) VALUES ('Doctor_40', 1, 8, 'Mgonjwa');
INSERT INTO `card` (id, type, title, header, content, option) VALUES ('Barber', 2, 'Kinyozi', 'assets/topic/barber.svg', 'Kinyozi ni taaluma ya zamani inayofanywa kwaajili ya kumfanya mtu apendeze kwa kunyoa nywele na kuchonga ndevu.', 'FF9DEDE3');
INSERT INTO `card` (id, type, title, header, content, option) VALUES ('Barber_3', 1, 'Mchore Kinyozi', 'assets/topic/barber_svg1.svg', 'Mchore kinyozi na Mikasi', NULL);
INSERT INTO `cardExtra` (cardId, type, serial, content) VALUES ('Barber_3', 2, 1, 'assets/topic/barber_svg1.svg');
INSERT INTO `card` (id, type, title, header, content, option) VALUES ('Barber_5', 1, 'Mpige picha Kinyozi', 'assets/topic/barber_svg2.svg', 'Mpige picha kinyozi na uirembe', NULL);
INSERT INTO `cardExtra` (cardId, type, serial, content) VALUES ('Barber_5', 2, 1, 'assets/topic/barber_svg2.svg');
INSERT INTO `card` (id, type, title, header, content, option) VALUES ('Barber_7', 1, 'Unda saluni ikiwa na mteja', 'assets/topic/barber_svg3.svg', 'Unda saluni ikiwa na mteja', NULL);
INSERT INTO `cardExtra` (cardId, type, serial, content) VALUES ('Barber_7', 2, 1, 'assets/topic/barber_svg3.svg');
INSERT INTO `card` (id, type, title, header, content, option) VALUES ('Barber_9', 3, 'Kuhusu Kinyozi', 'assets/topic/barber_02.jpg', 'Kinyozi ni mtu anayenyoa nywele na kuchonga ndevu. Kawaida wanaume ndo huenda saluni. Wanawake mara nyingi huenda kwa mtengeneza nywele. Wakati mwingine Vinyozi huwa na nguzo zenye rangi nyeupe na nyekundu nje ya saluni zao katika nchi nyingi. Kazi ya kinyozi ni kazi ya zamani na ni taaluma ya heshima, yenye historia ya kuvutia. Kazi ya kinyozi ni kunyoa au kupunguza nywele. Ukiachana na kunyoa nywele, Kinyozi pia huosha na kuziweka nywele katika miundo tofauti, mara nyingi ni kwaajili ya wateja wa kiume. Vitu vinavyopatikana saluni ni mikasi, viwembe, vitana, poda, kioo, mafuta, etc', NULL);
INSERT INTO `card` (id, type, title, header, content, option) VALUES ('Barber_10', 0, 'Ni nani hukata nywele na kuchonga Ndevu?', 'assets/topic/barber.jpg', NULL, 'oneAtATime');
INSERT INTO `cardExtra` (cardId, type, serial, content) VALUES ('Barber_10', 1, 1, 'Kinyozi');
INSERT INTO `cardExtra` (cardId, type, serial, content) VALUES ('Barber_10', 0, 1, 'Seremela');
INSERT INTO `cardExtra` (cardId, type, serial, content) VALUES ('Barber_10', 0, 2, 'Rubani');
INSERT INTO `cardExtra` (cardId, type, serial, content) VALUES ('Barber_10', 0, 3, 'Mshonaji');
INSERT INTO `card` (id, type, title, header, content, option) VALUES ('Barber_15', 3, 'Maelezo ya kazi', 'assets/topic/barber_03.jpg', 'Kazi kuu ya kinyozi ni kunyoa nywele za mteja wake. Malengo huwa ni kuboresha muonekano wa nywele na kufanya muuondo wa nywele kulingana na mteja wake apendavyo. Kinyozi pia huunda na kunyoa ndevu na sharubu. Vifaa kama Mikasi, Vitana, vinapaswa viwekwe safi kabisa na katika hali nzuri. Kinyozi pia anawajibika kuweka saluni safi kwa kufagia nywele. Wamiliki wa saluni pia huagiza vifaa, hulipa bili na huweza kuajiri wafanyakazi. Ujuzi mzuri wa kipekee na mtazamo chanya ni sifa muhimu ambazo kinyozi anapaswa kuwa nazo.', NULL);
INSERT INTO `card` (id, type, title, header, content, option) VALUES ('Barber_16', 0, 'Kifaa kikuu cha Kinyozi ni kipi?', 'assets/topic/scissors.png', NULL, 'oneAtATime');
INSERT INTO `cardExtra` (cardId, type, serial, content) VALUES ('Barber_16', 1, 1, 'Mkasi');
INSERT INTO `cardExtra` (cardId, type, serial, content) VALUES ('Barber_16', 0, 1, 'jembe');
INSERT INTO `cardExtra` (cardId, type, serial, content) VALUES ('Barber_16', 0, 2, 'Popo');
INSERT INTO `cardExtra` (cardId, type, serial, content) VALUES ('Barber_16', 0, 3, 'Panga');
INSERT INTO `card` (id, type, title, header, content, option) VALUES ('Barber_21', 0, 'Unda makundi ya vitu vinavyopatikana saluni.', 'assets/topic/barber_things.jpg', NULL, 'many');
INSERT INTO `cardExtra` (cardId, type, serial, content) VALUES ('Barber_21', 1, 1, 'Mikasi');
INSERT INTO `cardExtra` (cardId, type, serial, content) VALUES ('Barber_21', 1, 2, 'Vitana');
INSERT INTO `cardExtra` (cardId, type, serial, content) VALUES ('Barber_21', 1, 3, 'Mafuta');
INSERT INTO `cardExtra` (cardId, type, serial, content) VALUES ('Barber_21', 1, 4, 'Poda');
INSERT INTO `cardExtra` (cardId, type, serial, content) VALUES ('Barber_21', 1, 5, 'Kioo');
INSERT INTO `cardExtra` (cardId, type, serial, content) VALUES ('Barber_21', 0, 1, 'Panga');
INSERT INTO `cardExtra` (cardId, type, serial, content) VALUES ('Barber_21', 0, 2, 'Basi');
INSERT INTO `card` (id, type, title, header, content, option) VALUES ('Barber_29', 0, 'Kazi kuu ya kinyozi ni kuwanyoa nywele na kuwachonga ndevu wateja wake', 'assets/topic/hair_cutting.jpg', NULL, 'oneAtATime');
INSERT INTO `cardExtra` (cardId, type, serial, content) VALUES ('Barber_29', 1, 1, 'kweli.');
INSERT INTO `cardExtra` (cardId, type, serial, content) VALUES ('Barber_29', 0, 1, 'Si kweli.');
INSERT INTO `card` (id, type, title, header, content, option) VALUES ('Barber_32', 0, 'Mikasi haitumiwi na kinyozi.', 'assets/topic/scissors02.jpg', NULL, 'oneAtATime');
INSERT INTO `cardExtra` (cardId, type, serial, content) VALUES ('Barber_32', 1, 1, 'Si kweli.');
INSERT INTO `cardExtra` (cardId, type, serial, content) VALUES ('Barber_32', 0, 1, 'Kweli.');
INSERT INTO `card` (id, type, title, header, content, option) VALUES ('Barber_35', 3, 'Historia', 'assets/topic/barber_04.jpg', 'Biashara ya Kinyozi ina historia ndefu. Nyembe zimegundulika Misri, miongoni mwa masanduku ya enzi za shaba. Katika utamaduni wa kale wa Misri, Vinyozi walikua wakiheshimika sana, kila mmoja. Makuhani/Mapadri na wanaume wa dawa ni kumbukumbu ya zamani ya mifano ya Vinyozi. katika makabila ya zamani, Kinyozi alikua ni mmoja wa watu muhimu sana wa kabila. Vinyozi waliweza hata kufanya sherehe za dini, kama sherehe za Ndoa na kubatiza watoto kwa kuwanyoa nywele na kuwachonga ndevu.', NULL);
INSERT INTO `card` (id, type, title, header, content, option) VALUES ('Barber_36', 0, 'Ni nini kiligunduliwa Misri kipindi cha Shaba?', 'assets/topic/razors.png', NULL, 'oneAtATime');
INSERT INTO `cardExtra` (cardId, type, serial, content) VALUES ('Barber_36', 1, 1, 'Viwembe');
INSERT INTO `cardExtra` (cardId, type, serial, content) VALUES ('Barber_36', 0, 1, 'Gari moshi');
INSERT INTO `cardExtra` (cardId, type, serial, content) VALUES ('Barber_36', 0, 2, 'Kofia');
INSERT INTO `cardExtra` (cardId, type, serial, content) VALUES ('Barber_36', 0, 3, 'Popo');
INSERT INTO `card` (id, type, title, header, content, option) VALUES ('Barber_41', 3, 'Mtengeneza Nywele', 'assets/topic/female_hair_dresser.jpg', 'Kihistoria, watengeneza nywele wote walihesabika kama Vinyozi. Kazi ya Mtengeneza Nywele ni kupunguza nywele katika muundo fulani na pia kutumia mapambo ili kumfanya mtu apendeze. Wanaweza kupunguza nywele, kuongeza rangi. Mtengeneza nywele mara nyingi huwa ni wa kike. Mtengeneza nywele wa kiume ambaye hupunguza nywele za wanaume huitwa Vinyozi. Mara nyingi hutumia muda mwingi kenye shule za urembo kuimara ujuzi wao.', NULL);
INSERT INTO `card` (id, type, title, header, content, option) VALUES ('Barber_42', 0, 'Mtengeneza Nywele mara nyingi huwa ni mwanamke.', 'assets/topic/hairdresser.jpg', NULL, 'oneAtATime');
INSERT INTO `cardExtra` (cardId, type, serial, content) VALUES ('Barber_42', 1, 1, 'Kweli');
INSERT INTO `cardExtra` (cardId, type, serial, content) VALUES ('Barber_42', 0, 1, 'SI kweli');
INSERT INTO `card` (id, type, title, header, content, option) VALUES ('Barber_45', 0, 'Oanisha Picha katika majina yake', 'assets/topic/haircut_45.jpg', NULL, 'pair');
INSERT INTO `cardExtra` (cardId, type, serial, content) VALUES ('Barber_45', 1, 1, 'assets/topic/barber.jpg');
INSERT INTO `cardExtra` (cardId, type, serial, content) VALUES ('Barber_45', 1, 2, 'Kinyozi');
INSERT INTO `cardExtra` (cardId, type, serial, content) VALUES ('Barber_45', 1, 3, 'assets/topic/scissors.png');
INSERT INTO `cardExtra` (cardId, type, serial, content) VALUES ('Barber_45', 1, 4, 'Mikasi');
INSERT INTO `cardExtra` (cardId, type, serial, content) VALUES ('Barber_45', 1, 5, 'assets/topic/comb.jpg');
INSERT INTO `cardExtra` (cardId, type, serial, content) VALUES ('Barber_45', 1, 6, 'Kitana');
INSERT INTO `card` (id, type, title, header, content, option) VALUES ('Kazi', 2, 'Kazi', NULL, NULL, NULL);
INSERT INTO `collection` (id, serial, cardId) VALUES ('Fisherman', 1, 'Fisherman_3');
INSERT INTO `collection` (id, serial, cardId) VALUES ('Fisherman', 2, 'Fisherman_5');
INSERT INTO `collection` (id, serial, cardId) VALUES ('Fisherman', 3, 'Fisherman_7');
INSERT INTO `collection` (id, serial, cardId) VALUES ('Fisherman', 4, 'Fisherman_9');
INSERT INTO `collection` (id, serial, cardId) VALUES ('Fisherman', 5, 'Fisherman_10');
INSERT INTO `collection` (id, serial, cardId) VALUES ('Fisherman', 6, 'Fisherman_11');
INSERT INTO `collection` (id, serial, cardId) VALUES ('Fisherman', 7, 'Fisherman_14');
INSERT INTO `collection` (id, serial, cardId) VALUES ('Fisherman', 8, 'Fisherman_15');
INSERT INTO `collection` (id, serial, cardId) VALUES ('Fisherman', 9, 'Fisherman_24');
INSERT INTO `collection` (id, serial, cardId) VALUES ('Fisherman', 10, 'Fisherman_27');
INSERT INTO `collection` (id, serial, cardId) VALUES ('Fisherman', 11, 'Fisherman_28');
INSERT INTO `collection` (id, serial, cardId) VALUES ('Fisherman', 12, 'Fisherman_33');
INSERT INTO `collection` (id, serial, cardId) VALUES ('Fisherman', 13, 'Fisherman_36');
INSERT INTO `collection` (id, serial, cardId) VALUES ('Fisherman', 14, 'Fisherman_41');
INSERT INTO `collection` (id, serial, cardId) VALUES ('Farmer', 1, 'Farmer_3');
INSERT INTO `collection` (id, serial, cardId) VALUES ('Farmer', 2, 'Farmer_5');
INSERT INTO `collection` (id, serial, cardId) VALUES ('Farmer', 3, 'Farmer_7');
INSERT INTO `collection` (id, serial, cardId) VALUES ('Farmer', 4, 'Farmer_9');
INSERT INTO `collection` (id, serial, cardId) VALUES ('Farmer', 5, 'Farmer_11');
INSERT INTO `collection` (id, serial, cardId) VALUES ('Farmer', 6, 'Farmer_12');
INSERT INTO `collection` (id, serial, cardId) VALUES ('Farmer', 7, 'Farmer_17');
INSERT INTO `collection` (id, serial, cardId) VALUES ('Farmer', 8, 'Farmer_20');
INSERT INTO `collection` (id, serial, cardId) VALUES ('Farmer', 12, 'Farmer_24');
INSERT INTO `collection` (id, serial, cardId) VALUES ('Farmer', 13, 'Farmer_29');
INSERT INTO `collection` (id, serial, cardId) VALUES ('Farmer', 14, 'Farmer_32');
INSERT INTO `collection` (id, serial, cardId) VALUES ('Farmer', 15, 'Farmer_33');
INSERT INTO `collection` (id, serial, cardId) VALUES ('Farmer', 16, 'Farmer_41');
INSERT INTO `collection` (id, serial, cardId) VALUES ('Farmer', 17, 'Farmer_42');
INSERT INTO `collection` (id, serial, cardId) VALUES ('Farmer', 18, 'Farmer_47');
INSERT INTO `collection` (id, serial, cardId) VALUES ('Farmer', 19, 'Farmer_50');
INSERT INTO `collection` (id, serial, cardId) VALUES ('Teacher', 1, 'Teacher_3');
INSERT INTO `collection` (id, serial, cardId) VALUES ('Teacher', 2, 'Teacher_5');
INSERT INTO `collection` (id, serial, cardId) VALUES ('Teacher', 3, 'Teacher_7');
INSERT INTO `collection` (id, serial, cardId) VALUES ('Teacher', 4, 'Teacher_9');
INSERT INTO `collection` (id, serial, cardId) VALUES ('Teacher', 5, 'Teacher_10');
INSERT INTO `collection` (id, serial, cardId) VALUES ('Teacher', 6, 'Teacher_15');
INSERT INTO `collection` (id, serial, cardId) VALUES ('Teacher', 7, 'Teacher_16');
INSERT INTO `collection` (id, serial, cardId) VALUES ('Teacher', 8, 'Teacher_19');
INSERT INTO `collection` (id, serial, cardId) VALUES ('Teacher', 9, 'Teacher_24');
INSERT INTO `collection` (id, serial, cardId) VALUES ('Teacher', 10, 'Teacher_25');
INSERT INTO `collection` (id, serial, cardId) VALUES ('Teacher', 11, 'Teacher_28');
INSERT INTO `collection` (id, serial, cardId) VALUES ('Teacher', 12, 'Teacher_33');
INSERT INTO `collection` (id, serial, cardId) VALUES ('Teacher', 13, 'Teacher_34');
INSERT INTO `collection` (id, serial, cardId) VALUES ('Teacher', 14, 'Teacher_42');
INSERT INTO `collection` (id, serial, cardId) VALUES ('Teacher', 15, 'Teacher_45');
INSERT INTO `collection` (id, serial, cardId) VALUES ('Doctor', 1, 'Doctor_3');
INSERT INTO `collection` (id, serial, cardId) VALUES ('Doctor', 2, 'Doctor_5');
INSERT INTO `collection` (id, serial, cardId) VALUES ('Doctor', 3, 'Doctor_7');
INSERT INTO `collection` (id, serial, cardId) VALUES ('Doctor', 4, 'Doctor_9');
INSERT INTO `collection` (id, serial, cardId) VALUES ('Doctor', 5, 'Doctor_10');
INSERT INTO `collection` (id, serial, cardId) VALUES ('Doctor', 6, 'Doctor_15');
INSERT INTO `collection` (id, serial, cardId) VALUES ('Doctor', 7, 'Doctor_16');
INSERT INTO `collection` (id, serial, cardId) VALUES ('Doctor', 8, 'Doctor_19');
INSERT INTO `collection` (id, serial, cardId) VALUES ('Doctor', 9, 'Doctor_20');
INSERT INTO `collection` (id, serial, cardId) VALUES ('Doctor', 10, 'Doctor_25');
INSERT INTO `collection` (id, serial, cardId) VALUES ('Doctor', 11, 'Doctor_28');
INSERT INTO `collection` (id, serial, cardId) VALUES ('Doctor', 12, 'Doctor_29');
INSERT INTO `collection` (id, serial, cardId) VALUES ('Doctor', 13, 'Doctor_30');
INSERT INTO `collection` (id, serial, cardId) VALUES ('Doctor', 14, 'Doctor_33');
INSERT INTO `collection` (id, serial, cardId) VALUES ('Doctor', 15, 'Doctor_40');
INSERT INTO `collection` (id, serial, cardId) VALUES ('Barber', 1, 'Barber_3');
INSERT INTO `collection` (id, serial, cardId) VALUES ('Barber', 2, 'Barber_5');
INSERT INTO `collection` (id, serial, cardId) VALUES ('Barber', 3, 'Barber_7');
INSERT INTO `collection` (id, serial, cardId) VALUES ('Barber', 4, 'Barber_9');
INSERT INTO `collection` (id, serial, cardId) VALUES ('Barber', 5, 'Barber_10');
INSERT INTO `collection` (id, serial, cardId) VALUES ('Barber', 6, 'Barber_15');
INSERT INTO `collection` (id, serial, cardId) VALUES ('Barber', 7, 'Barber_16');
INSERT INTO `collection` (id, serial, cardId) VALUES ('Barber', 8, 'Barber_21');
INSERT INTO `collection` (id, serial, cardId) VALUES ('Barber', 9, 'Barber_29');
INSERT INTO `collection` (id, serial, cardId) VALUES ('Barber', 10, 'Barber_32');
INSERT INTO `collection` (id, serial, cardId) VALUES ('Barber', 11, 'Barber_35');
INSERT INTO `collection` (id, serial, cardId) VALUES ('Barber', 12, 'Barber_36');
INSERT INTO `collection` (id, serial, cardId) VALUES ('Barber', 13, 'Barber_41');
INSERT INTO `collection` (id, serial, cardId) VALUES ('Barber', 14, 'Barber_42');
INSERT INTO `collection` (id, serial, cardId) VALUES ('Barber', 15, 'Barber_45');
INSERT INTO `collection` (id, serial, cardId) VALUES ('Kazi', 0, 'Fisherman');
INSERT INTO `collection` (id, serial, cardId) VALUES ('Kazi', 1, 'Farmer');
INSERT INTO `collection` (id, serial, cardId) VALUES ('Kazi', 2, 'Teacher');
INSERT INTO `collection` (id, serial, cardId) VALUES ('Kazi', 3, 'Doctor');
INSERT INTO `collection` (id, serial, cardId) VALUES ('Kazi', 4, 'Barber');
