INSERT INTO `card` (id, type, title, header, content, option) VALUES ('Auto rickshaw', 2, 'Bajaji', 'assets/topic/Auto.svg', 'Mkokoteni ni aina ya chombo cha usafiri chenye matairi mawili. Ilikua ikivutwa na Binadamu.', 'FFB3C8FF');
INSERT INTO `card` (id, type, title, header, content, option) VALUES ('Auto rickshaw_3', 1, 'Chora Mkokoteni wa kuvutwa', 'assets/topic/road_bg.svg', 'Chora Mkokoteni na Uupake rangi.', NULL);
INSERT INTO `cardExtra` (cardId, type, serial, content) VALUES ('Auto rickshaw_3', 2, 1, 'assets/topic/road_bg.svg');
INSERT INTO `card` (id, type, title, header, content, option) VALUES ('Auto rickshaw_5', 1, 'Ipige picha Bajaji', 'assets/topic/forest_bg.svg', 'Piga picha Bajaji na uirembe.', NULL);
INSERT INTO `cardExtra` (cardId, type, serial, content) VALUES ('Auto rickshaw_5', 2, 1, 'assets/topic/forest_bg.svg');
INSERT INTO `card` (id, type, title, header, content, option) VALUES ('Auto rickshaw_7', 1, 'Piga honi kwenye Bajaji', 'assets/topic/mountain_bg.svg', 'Piga honi kwenye bajaji na uirekodi.', NULL);
INSERT INTO `cardExtra` (cardId, type, serial, content) VALUES ('Auto rickshaw_7', 2, 1, 'assets/topic/mountain_bg.svg');
INSERT INTO `card` (id, type, title, header, content, option) VALUES ('Auto rickshaw_9', 3, 'Mkokoteni', 'assets/topic/pulled_rikshaw2.jpg', 'Chombo maarufu cha abiria barabarani ni Bajaji. Bajaji kiasilia ilitengenezwa kama gari ya abiria ya matairi mawili au matairi matatu. Sasa inajulikana kama mkokoteni wa kuvutwa. Mkokoteni wa kuvutwa Kiujumla ulivutwa na mtu mmoja ukiwa umebeba abiria mmoja. Muda ulivozidi kwenda Mikokoteni ya matairi iliyojulikana kama mikokoteni ya kusukumwa ilipelekea bajaji na mikokoteni ya umeme kuvumbuliwa. Si rahisi kukataa kuwa, mabadiliko mapya yaliwasaidia watalii.', NULL);
INSERT INTO `card` (id, type, title, header, content, option) VALUES ('Auto rickshaw_10', 3, 'Mkokoteni wa kuvutwa.', 'assets/topic/pulled_rikshaw.jpg', 'Katika siku za mwanzo za ugunduzi, mikokoteni ya kuvutwa iliunda muundo wa usafiri maarafu. Ilikua pia ni chanzo cha ajira kwa wanaume. Lakini wingi wake ulipungua baada ya Magari, Gari moshi, na vyombo vingine vya usafiri kupatikana kwa wingi. Ukweli ni kuwa mikokoteni ya kusukumwa haitumiki tena kwenye m,iji mikubwa. Lakini katika miji midogo bado wanatumia.', NULL);
INSERT INTO `card` (id, type, title, header, content, option) VALUES ('Auto rickshaw_11', 3, 'Bajaji', 'assets/topic/auto.jpg', 'Bajaji ni muundo mpya wa mikokoteni ya kuvutwa. Bajaji zina matairi matatu na mota. Bajaji ni maarufu kwa shughuli za usafiri mijini. Bajaji hutumiwa kwa kukodiwa na kwa matumizi binafsi. Hizi bajaji zinatumika sana katika miji mingi duniani. India ni watengenezaji wakubwa wa bajaji duniani. Bajaji zilikua zikiendeshwa kwa kutumia Mafuta ya Petrol, na kwa sasa zinaendeshwa kwa kutumia mafuta ya Dizeli. Uundwaji Mpya umekamilika ambapo bajaji zitaendeshwa kwa umeme, zitakazojulikana kama bajaji za umeme. Bajaji za Nishati ya Jua pia zipo mbioni kutengenezwa. Teknolojia nzuri!', NULL);
INSERT INTO `card` (id, type, title, header, content, option) VALUES ('Auto rickshaw_12', 3, 'Bajaji nchini Tanzania', 'assets/topic/auto_tanzania.jpg', 'bajaji zinajulikana kwa jina la Kingereza Auto Rickshaw. Bajaji ni moja ya chombo cha usafiri mjini Dar es salaam. Bajaji huitwa pia "Teksi mtoto" na zinaendeshwa pia kwa Gesi inayojulikana kwa kingereza Compressed natural gas (CNGs). Ni moja kati ya usafiri maarufu Tanzania. Inajulikana kwa ukubwa na spidi yake ambayo huisadia kwenda umbali mrefu, pia kupita vizuri hata kwenye sehemu yenye msongamano.', NULL);
INSERT INTO `card` (id, type, title, header, content, option) VALUES ('Auto rickshaw_13', 0, 'Usafiri wenye matairi mawili unaotumika kwa kuvutwa na mtu huitwa?', 'assets/topic/pulled_rikshaw3.jpg', NULL, 'oneAtATime');
INSERT INTO `cardExtra` (cardId, type, serial, content) VALUES ('Auto rickshaw_13', 1, 1, 'Mkokoteni wa kuvutwa');
INSERT INTO `cardExtra` (cardId, type, serial, content) VALUES ('Auto rickshaw_13', 0, 1, 'Bajaji');
INSERT INTO `cardExtra` (cardId, type, serial, content) VALUES ('Auto rickshaw_13', 0, 2, 'Basi');
INSERT INTO `cardExtra` (cardId, type, serial, content) VALUES ('Auto rickshaw_13', 0, 3, 'Gari moshi');
INSERT INTO `card` (id, type, title, header, content, option) VALUES ('Auto rickshaw_18', 0, 'Usafiri wa matairi matatu unaitwaje Tanzania?', 'assets/topic/auto_tanzania.jpg', NULL, 'oneAtATime');
INSERT INTO `cardExtra` (cardId, type, serial, content) VALUES ('Auto rickshaw_18', 1, 1, 'Bajaji');
INSERT INTO `cardExtra` (cardId, type, serial, content) VALUES ('Auto rickshaw_18', 0, 1, 'Texi');
INSERT INTO `cardExtra` (cardId, type, serial, content) VALUES ('Auto rickshaw_18', 0, 2, 'Baiskeli');
INSERT INTO `cardExtra` (cardId, type, serial, content) VALUES ('Auto rickshaw_18', 0, 3, 'Basi');
INSERT INTO `card` (id, type, title, header, content, option) VALUES ('Auto rickshaw_23', 0, 'Makundi tofauti ya mikokoteni ni yapi?', 'assets/topic/different_rikshsaw.jpg', NULL, 'many');
INSERT INTO `cardExtra` (cardId, type, serial, content) VALUES ('Auto rickshaw_23', 1, 1, 'Mkokoteni wa kuvutwa');
INSERT INTO `cardExtra` (cardId, type, serial, content) VALUES ('Auto rickshaw_23', 1, 2, 'Bajaji');
INSERT INTO `cardExtra` (cardId, type, serial, content) VALUES ('Auto rickshaw_23', 1, 3, 'Mkokoteni wa umeme');
INSERT INTO `cardExtra` (cardId, type, serial, content) VALUES ('Auto rickshaw_23', 1, 4, 'Mkokoteni wa CNG');
INSERT INTO `cardExtra` (cardId, type, serial, content) VALUES ('Auto rickshaw_23', 0, 1, 'Basi');
INSERT INTO `cardExtra` (cardId, type, serial, content) VALUES ('Auto rickshaw_23', 0, 2, 'Texi');
INSERT INTO `card` (id, type, title, header, content, option) VALUES ('Auto rickshaw_30', 0, 'Bajaji pia hufahamika kama mtoto wa texi.', 'assets/topic/rikshaw-2.jpg', NULL, 'oneAtATime');
INSERT INTO `cardExtra` (cardId, type, serial, content) VALUES ('Auto rickshaw_30', 1, 1, 'Kweli.');
INSERT INTO `cardExtra` (cardId, type, serial, content) VALUES ('Auto rickshaw_30', 0, 1, 'Si kweli.');
INSERT INTO `card` (id, type, title, header, content, option) VALUES ('Auto rickshaw_33', 0, 'katika siku za mwanzo za ugunduzi, mikokoteni ya kuvutwa iliunda muundo wa usafiri maarafu.', 'assets/topic/pulled_rikshaw.jpg', NULL, 'oneAtATime');
INSERT INTO `cardExtra` (cardId, type, serial, content) VALUES ('Auto rickshaw_33', 1, 1, 'kweli.');
INSERT INTO `cardExtra` (cardId, type, serial, content) VALUES ('Auto rickshaw_33', 0, 1, 'Si kweli.');
INSERT INTO `card` (id, type, title, header, content, option) VALUES ('Auto rickshaw_36', 0, 'Mkokoteni kiujumla ilikua ikivutwa na watu wawili ikiwa imebeba abiria', 'assets/topic/pulled_rikshaw2.jpg', NULL, 'oneAtATime');
INSERT INTO `cardExtra` (cardId, type, serial, content) VALUES ('Auto rickshaw_36', 1, 1, 'kweli.');
INSERT INTO `cardExtra` (cardId, type, serial, content) VALUES ('Auto rickshaw_36', 0, 1, 'Si kweli.');
INSERT INTO `card` (id, type, title, header, content, option) VALUES ('Auto rickshaw_39', 0, 'Oanisha Picha kwa majina yake.', NULL, NULL, 'pair');
INSERT INTO `cardExtra` (cardId, type, serial, content) VALUES ('Auto rickshaw_39', 1, 1, 'assets/topic/old_rikshaw.jpg');
INSERT INTO `cardExtra` (cardId, type, serial, content) VALUES ('Auto rickshaw_39', 1, 2, 'Mkokoteni wa kuvutwa.');
INSERT INTO `cardExtra` (cardId, type, serial, content) VALUES ('Auto rickshaw_39', 1, 3, 'assets/topic/new_rikshaw.jpg');
INSERT INTO `cardExtra` (cardId, type, serial, content) VALUES ('Auto rickshaw_39', 1, 4, 'Bajaji.');
INSERT INTO `card` (id, type, title, header, content, option) VALUES ('Tractor', 2, 'Trekta', 'assets/topic/tractor.svg', 'Trekta ni chombo cha kufanyia kazi imara kwaajili ya kilimo. Kwa kawaida ina kiti kimoja tu kwaajili ya dereva. Trekta hutumika kuvuta vifaa vingi mbali mbali au matrela', 'FF9DEDE3');
INSERT INTO `card` (id, type, title, header, content, option) VALUES ('Tractor_3', 1, 'Chora Trekta', 'assets/topic/farm_bg.svg', 'Chora na upake rangi trekta', NULL);
INSERT INTO `cardExtra` (cardId, type, serial, content) VALUES ('Tractor_3', 2, 1, 'assets/topic/farm_bg.svg');
INSERT INTO `card` (id, type, title, header, content, option) VALUES ('Tractor_5', 1, 'Piga picha', 'assets/topic/forest_bg.svg', 'Piga picha trekta na uirembe', NULL);
INSERT INTO `cardExtra` (cardId, type, serial, content) VALUES ('Tractor_5', 2, 1, 'assets/topic/forest_bg.svg');
INSERT INTO `card` (id, type, title, header, content, option) VALUES ('Tractor_7', 3, 'Gari la shamba', 'assets/topic/Tractor-on-farm.jpg', 'Trekta ni chombo kitumikacho shambani. Trekta la shambani hutumika kuvuta au kusukuma mashine za kilimo au matrela.Pia hutumika kwaajili ya kulimia, kupalilia, kuvunia,  kusafishia shamba, kupandia na shughuli zinazofanana na hizo.', NULL);
INSERT INTO `card` (id, type, title, header, content, option) VALUES ('Tractor_8', 3, 'kwanini trekta ni Muhimu sana?', 'assets/topic/Tractor_working_Farm.jpg', 'Trekta ni mashine ya kimsingi ambayo hutoa nguvu kazi kwaajili ya shughuli za kilimo. Trekta huweza kuvuta vifaa mbalimbali vya kilimo kwaajili ya kulimia, kupandia, Kukuzia na uvunaji mazao. Pia huweza kutumika kubeba vifaa na kwa usafiri binafsi.', NULL);
INSERT INTO `card` (id, type, title, header, content, option) VALUES ('Tractor_9', 3, 'Nafasi ya nguvu za binadamu zimechukuliwa na trekta', 'assets/topic/Farming-Agriculture-Tractor.jpg', 'Ndani ya miongo mifupi michache, trekta ilikuwa haitumiki sana. Baadae wakulima waligundua faida za kilimo cha kutumia trekta. Hakukuwa na uhitaji tena wa wafanyakazi wakati mashine rahisi kama trekta inaweza kufanya kazi hiyo. Hii iliokoa muda sana na gharama. Je hicho sio chombo cha kazi cha maaajabu?', NULL);
INSERT INTO `card` (id, type, title, header, content, option) VALUES ('Tractor_10', 3, 'gharama za awali zilikua kubwa sana', 'assets/topic/tractor-pulling-farm.jpg', 'Awali bei ya trekta ilikuwa kubwa sana. Lakini ndani ya miaka miwili ya uvumbuzi wake, bei ilishuka karibu nusu yake. Trekta ilikuwa nafuu kumilikiwa kwaajili ya kilimo karibu na kila mkulima. Hii ni kwasababu uzalishaji wake uliongezeka. Mahitaji yake na gharama zilikuwa juu. Na hivyo kuuzwa kwa bei nafuu. Kiukweli inawezekana ikaitwa rafiki wa mkulima.', NULL);
INSERT INTO `card` (id, type, title, header, content, option) VALUES ('Tractor_11', 3, 'Trekta na vifaa vyake.', 'assets/topic/tractor-farm-equipment.jpg', 'Trekta, katika kilimo inatumika kuvuta vifaa kama Jembe, Vifaa vya kupandia na Kufyekea. Husaidia sana kuendesha vifaa imara kama kama misumeno na winchi.Trekta pia hutumika kuondolea vizuizi vilivyopo barabarana kama mawe makubwa, magogo n.k. Matrekta ya awali yaliendeshwa kwa kutumia Injini za mvuke na sasa yanaendeshwa kwa kutumia injini za petroli na dizeli. Aina kuu mbili za trekta ni trekta ya matairi na trekta ya mitambo, ambayo hutembea kwa Mnyororo wa vipingilipingili.', NULL);
INSERT INTO `card` (id, type, title, header, content, option) VALUES ('Tractor_12', 0, 'Kuna viti vingapi kwenye trekta?', 'assets/topic/tractor-seats.png', NULL, 'oneAtATime');
INSERT INTO `cardExtra` (cardId, type, serial, content) VALUES ('Tractor_12', 1, 1, 'Kimoja');
INSERT INTO `cardExtra` (cardId, type, serial, content) VALUES ('Tractor_12', 0, 1, 'Viwili');
INSERT INTO `cardExtra` (cardId, type, serial, content) VALUES ('Tractor_12', 0, 2, 'Vitatu');
INSERT INTO `cardExtra` (cardId, type, serial, content) VALUES ('Tractor_12', 0, 3, 'Vinne');
INSERT INTO `card` (id, type, title, header, content, option) VALUES ('Tractor_22', 0, 'Trekta la shamba hutumika kwa ajili ya ___________, __________, _____________, _____________, _____________.', 'assets/topic/Tractor-Fields.jpg', NULL, 'oneAtATime');
INSERT INTO `cardExtra` (cardId, type, serial, content) VALUES ('Tractor_22', 1, 1, 'Kulimia');
INSERT INTO `cardExtra` (cardId, type, serial, content) VALUES ('Tractor_22', 1, 2, 'Kupalilia');
INSERT INTO `cardExtra` (cardId, type, serial, content) VALUES ('Tractor_22', 1, 3, 'Kuvunia');
INSERT INTO `cardExtra` (cardId, type, serial, content) VALUES ('Tractor_22', 1, 4, 'kusafishia shamba');
INSERT INTO `cardExtra` (cardId, type, serial, content) VALUES ('Tractor_22', 1, 5, 'Kupandia');
INSERT INTO `cardExtra` (cardId, type, serial, content) VALUES ('Tractor_22', 0, 1, 'Kuchimbia');
INSERT INTO `cardExtra` (cardId, type, serial, content) VALUES ('Tractor_22', 0, 2, 'kufukia');
INSERT INTO `card` (id, type, title, header, content, option) VALUES ('Tractor_30', 0, 'Matumizi maarufu ya neno "trekta" ni ya chombo kitumikacho shambani.', 'assets/topic/tractor-vehicle-farm.jpg', NULL, 'oneAtATime');
INSERT INTO `cardExtra` (cardId, type, serial, content) VALUES ('Tractor_30', 1, 1, 'Kweli');
INSERT INTO `cardExtra` (cardId, type, serial, content) VALUES ('Tractor_30', 0, 1, 'Si kweli');
INSERT INTO `card` (id, type, title, header, content, option) VALUES ('Tractor_33', 0, 'Kwa sasa trekta huendeshwa kwa kutumia dizeli', 'assets/topic/tractor-diesel-engine.JPG', NULL, 'oneAtATime');
INSERT INTO `cardExtra` (cardId, type, serial, content) VALUES ('Tractor_33', 1, 1, 'Kweli');
INSERT INTO `cardExtra` (cardId, type, serial, content) VALUES ('Tractor_33', 0, 1, 'si  kweli');
INSERT INTO `card` (id, type, title, header, content, option) VALUES ('Tractor_36', 0, 'Trekta ina viti viwili vya madereva?', 'assets/topic/tractor_driver.jpg', NULL, 'oneAtATime');
INSERT INTO `cardExtra` (cardId, type, serial, content) VALUES ('Tractor_36', 1, 1, 'Si kweli');
INSERT INTO `cardExtra` (cardId, type, serial, content) VALUES ('Tractor_36', 0, 1, 'Kweli');
INSERT INTO `card` (id, type, title, header, content, option) VALUES ('Tractor_39', 0, 'Oanisha picha kwa majina yake', NULL, NULL, 'pair');
INSERT INTO `cardExtra` (cardId, type, serial, content) VALUES ('Tractor_39', 1, 1, 'assets/topic/tractor-plow.jpg');
INSERT INTO `cardExtra` (cardId, type, serial, content) VALUES ('Tractor_39', 1, 2, 'Jembe');
INSERT INTO `cardExtra` (cardId, type, serial, content) VALUES ('Tractor_39', 1, 3, 'assets/topic/tractor_field_cultivator.jpg');
INSERT INTO `cardExtra` (cardId, type, serial, content) VALUES ('Tractor_39', 1, 4, 'kilimio');
INSERT INTO `cardExtra` (cardId, type, serial, content) VALUES ('Tractor_39', 1, 5, 'assets/topic/tractor-mower.jpg');
INSERT INTO `cardExtra` (cardId, type, serial, content) VALUES ('Tractor_39', 1, 6, 'Fyekeo');
INSERT INTO `card` (id, type, title, header, content, option) VALUES ('Boat', 2, 'Mashua', 'assets/topic/boat.svg', 'Unaweza kufikiria kusafiri juu maji? Ndio, inawezekana kwa chombo cha usafiri majini ambacho huweza kudhibitiwa kirahisi katika maji. Mashua huwa za aina tofauti za ukubwa na umbo.', 'FFB3C8FF');
INSERT INTO `card` (id, type, title, header, content, option) VALUES ('Boat_3', 1, 'Chora mashua', 'assets/topic/water_bg.svg', 'Chora mashua na uipake rangi.', NULL);
INSERT INTO `cardExtra` (cardId, type, serial, content) VALUES ('Boat_3', 2, 1, 'assets/topic/water_bg.svg');
INSERT INTO `card` (id, type, title, header, content, option) VALUES ('Boat_5', 1, 'Piga picha mashua', 'assets/topic/water_bg.svg', 'Piga picha ya mashua na uirembe.', NULL);
INSERT INTO `cardExtra` (cardId, type, serial, content) VALUES ('Boat_5', 2, 1, 'assets/topic/water_bg.svg');
INSERT INTO `card` (id, type, title, header, content, option) VALUES ('Boat_7', 1, 'Chora koti la kuokolea', 'assets/topic/water_bg.svg', 'Mchore mtu akiwa amevaa Koti la kuokolea.', NULL);
INSERT INTO `cardExtra` (cardId, type, serial, content) VALUES ('Boat_7', 2, 1, 'assets/topic/water_bg.svg');
INSERT INTO `card` (id, type, title, header, content, option) VALUES ('Boat_9', 3, 'Sehemu ya 1 ya Ukweli ufurahishao wa mashua.', 'assets/topic/boatDec.jpg', 'Kama umeshawahi kuwa katika mashua basi unafahamu kuna furahishaje. Mashua zimekuwepo tangu miaka elfu moja na zimebeba jukumu muhimu katika usafirishaji. Tunavitegemea hivi "vyombo vya majini" kwa vitu vingi. Kasome ili ujue zaidi kuhusu mashua. Tutakuwa tukichunguza historia kuhusu mashua, aina tofauti za mashua na mengine zaidi. Kwahiyo chukua jaketi la kuokolea lako na kisha tupige mbizi.', NULL);
INSERT INTO `card` (id, type, title, header, content, option) VALUES ('Boat_10', 3, 'Sehemu ya 2 ya Ukweli ufurahishao wa mashua.', 'assets/topic/boatart1.jpg', 'Amini usiamini, Mashua ya kwanza ilijulikana miaka 8,000 iliyopita. Sifa zote ziwaendee wamisri wa kale kwa kugundua mashua hiyo. Wamisri walitengeneza mashua kwa kutumia mmea papyrus. Mashua hizi zilikuwa ndefu na nyembamba na zilitumika kwa safari fupi au kuvua samaki kwenye mto Nile.', NULL);
INSERT INTO `card` (id, type, title, header, content, option) VALUES ('Boat_11', 3, 'Yote kuhusu mashua', 'assets/topic/boatart2.jpg', 'Ni nani hajawahi kuona mashua? Ni kweli hutembea juu ya maji na huchukuliwa kama usafiri wa majini. Kuna aina nyingi za usafiri wa majini. Mashua, meli, Mitumbwi, mashua ya uvuvi, mashua nyumba, mashua ya mizigo na mashua ya kuokoa ni baadhi tu ya usafiri wa majini. Mashua ni mtungi mdogo na inaweza kubebwa katika meli ambayo ni kubwa kiumbo. Mashua ndogo hupatikana katika mikondo ya maji ya bara kama vile ziwa, mito au maeneo ya pwani. Inawezekana ukawa umeona aina tofauti za mashua. Ndio, mashua zinatofautiana ukubwa na umbo. Hiyo ni kwa sababu ya malighafi zipatikanazo au utamaduni wa mahali husika.', NULL);
INSERT INTO `card` (id, type, title, header, content, option) VALUES ('Boat_12', 3, 'Mashua huusisha vitu gani?', 'assets/topic/boatart3.jpg', 'Sehemu ndefu kabisa ya mashua huitwa mlingoti. Umbo la mashua ni Mwili wa mashua. Sehemu ya nyuma ya mashua kwa kingereza huitwa ''Stern''. Mbele ya mashua ni upinde. Sehemu ya kulia ya mashua inayotizama mbele huitwa kwa kingereza starboard. Sehemu ya kushoto wa mashua ni bandari. nguzo ndefu iliyochongwa ubapa upande mmoja, ambapo huingizwa kwenye maji, na kutumika kusogezea maji kutoka mbele kwenda nyuma huitwa kasia. Mtu anayeongoza mashua huitwa nahodha.', NULL);
INSERT INTO `card` (id, type, title, header, content, option) VALUES ('Boat_13', 3, 'Koti la kuokolea.', 'assets/topic/lifejacket.jpg', 'Unatakiwa kuvaa Koti la kuokolea. Hata kama wewe ni muogeleaji hodari, fulana hizi maalumu zilizobuniwa huweza kukufanya uelee juu ya maji kama ukizama kwenye maji kwa bahati mbaya. Na katu usisahau kuzibeba.', NULL);
INSERT INTO `card` (id, type, title, header, content, option) VALUES ('Boat_14', 0, 'Muongoza mashua huitwa?', 'assets/topic/captain.png', NULL, 'oneAtATime');
INSERT INTO `cardExtra` (cardId, type, serial, content) VALUES ('Boat_14', 1, 1, 'Nahodha');
INSERT INTO `cardExtra` (cardId, type, serial, content) VALUES ('Boat_14', 0, 1, 'Baharia');
INSERT INTO `cardExtra` (cardId, type, serial, content) VALUES ('Boat_14', 0, 2, 'Abiria');
INSERT INTO `cardExtra` (cardId, type, serial, content) VALUES ('Boat_14', 0, 3, 'Dereva');
INSERT INTO `card` (id, type, title, header, content, option) VALUES ('Boat_19', 0, 'Mashua imeundwa kwa:', 'assets/topic/boattype.jpg', NULL, 'oneAtATime');
INSERT INTO `cardExtra` (cardId, type, serial, content) VALUES ('Boat_19', 1, 1, 'Mlingoti');
INSERT INTO `cardExtra` (cardId, type, serial, content) VALUES ('Boat_19', 1, 2, 'Wakali');
INSERT INTO `cardExtra` (cardId, type, serial, content) VALUES ('Boat_19', 1, 3, 'Upinde');
INSERT INTO `cardExtra` (cardId, type, serial, content) VALUES ('Boat_19', 1, 4, 'Bandari');
INSERT INTO `cardExtra` (cardId, type, serial, content) VALUES ('Boat_19', 1, 5, 'Mwili wa Mashua');
INSERT INTO `cardExtra` (cardId, type, serial, content) VALUES ('Boat_19', 0, 1, 'Mti');
INSERT INTO `cardExtra` (cardId, type, serial, content) VALUES ('Boat_19', 0, 2, 'Punda');
INSERT INTO `card` (id, type, title, header, content, option) VALUES ('Boat_27', 0, 'Umbo la mashua huitwa Mwili wa mashua', 'assets/topic/boatbody.jpg', NULL, 'oneAtATime');
INSERT INTO `cardExtra` (cardId, type, serial, content) VALUES ('Boat_27', 1, 1, 'Kweli');
INSERT INTO `cardExtra` (cardId, type, serial, content) VALUES ('Boat_27', 0, 1, 'Si kweli');
INSERT INTO `card` (id, type, title, header, content, option) VALUES ('Boat_30', 0, 'Koti la kuokolea, hukusaidia kuelea juu ya maji.', 'assets/topic/lifejacketsaver.jpg', NULL, 'oneAtATime');
INSERT INTO `cardExtra` (cardId, type, serial, content) VALUES ('Boat_30', 1, 1, 'Kweli');
INSERT INTO `cardExtra` (cardId, type, serial, content) VALUES ('Boat_30', 0, 1, 'Si kweli');
INSERT INTO `card` (id, type, title, header, content, option) VALUES ('Boat_33', 0, 'Mashua ni mtungi mkubwa.', 'assets/topic/Bigship.jpg', NULL, 'oneAtATime');
INSERT INTO `cardExtra` (cardId, type, serial, content) VALUES ('Boat_33', 1, 1, 'Kweli');
INSERT INTO `cardExtra` (cardId, type, serial, content) VALUES ('Boat_33', 0, 1, 'Si kweli');
INSERT INTO `card` (id, type, title, header, content, option) VALUES ('Boat_36', 0, 'Oanisha picha kwa majina yake', NULL, NULL, 'pair');
INSERT INTO `cardExtra` (cardId, type, serial, content) VALUES ('Boat_36', 1, 1, 'assets/topic/oar.png');
INSERT INTO `cardExtra` (cardId, type, serial, content) VALUES ('Boat_36', 1, 2, 'Kasia');
INSERT INTO `cardExtra` (cardId, type, serial, content) VALUES ('Boat_36', 1, 3, 'assets/topic/boatnew.jpg');
INSERT INTO `cardExtra` (cardId, type, serial, content) VALUES ('Boat_36', 1, 4, 'Mashua');
INSERT INTO `cardExtra` (cardId, type, serial, content) VALUES ('Boat_36', 1, 5, 'assets/topic/Redjacket.jpg');
INSERT INTO `cardExtra` (cardId, type, serial, content) VALUES ('Boat_36', 1, 6, 'Koti la kuokolea');
INSERT INTO `card` (id, type, title, header, content, option) VALUES ('Airplane', 2, 'Ndege', 'assets/topic/plane.svg', 'Umeshawahi kuona kitu chochote kinachotembea angani kikiwa na mabawa makubwa mawili? Hufanana na kiumbe ndege lakini sio kiumbe ndege. Ndio, umekisia kwa usahihi. Ni ndege. Pamoja na kuwa ni usafiri wa haraka, ndege huonyesha mandhari nzuri angani.', 'FF9DEDE3');
INSERT INTO `card` (id, type, title, header, content, option) VALUES ('Airplane_3', 1, 'Chora ndege', 'assets/topic/sky_bg.svg', 'Chora ndege na uipake rangi.', NULL);
INSERT INTO `cardExtra` (cardId, type, serial, content) VALUES ('Airplane_3', 2, 1, 'assets/topic/sky_bg.svg');
INSERT INTO `card` (id, type, title, header, content, option) VALUES ('Airplane_5', 1, 'Piga picha', 'assets/topic/no_bg.svg', 'Chukua Picha ya ndege kutoka sehemu yoyote uliyohifadhi na uirembe.', NULL);
INSERT INTO `cardExtra` (cardId, type, serial, content) VALUES ('Airplane_5', 2, 1, 'assets/topic/no_bg.svg');
INSERT INTO `card` (id, type, title, header, content, option) VALUES ('Airplane_7', 1, 'Ongeza sehemu za ndege', 'assets/topic/plane_wings.svg', 'Ongeza mabawa katika ndege', NULL);
INSERT INTO `cardExtra` (cardId, type, serial, content) VALUES ('Airplane_7', 2, 1, 'assets/topic/plane_wings.svg');
INSERT INTO `card` (id, type, title, header, content, option) VALUES ('Airplane_9', 3, 'Utangulizi', 'assets/topic/airplane-invention.jpg', 'Popote tunapomuona Kiumbe ndege akipaa angani nasi hutamani kupaa pia.Kupenda kuwa na mabawa na kupaa juu kabisa angani, kulimpa msukumo binadamu kuunda ndege. Wengi wao walijaribu kuunda mashine nyingi lakini mafanikio yalikuja kwa familia ya Wright. Familia ya Wright iliunda ndege ambayo kila siku itabaki kuwa kumbukumbu ya maajabu ya binadamu.', NULL);
INSERT INTO `card` (id, type, title, header, content, option) VALUES ('Airplane_10', 3, 'Historia', 'assets/topic/airplane-evolution.jpeg', 'Ndege huwa za aina tofaut kiukubwa na umbo. Awali ndege zilibeba idadi ya watu wawili tu. Baadaye ndege ziliendelezwa na kuzifanya zibebe idadi zaidi ya watu wakisafiri toka sehemu moja kwenda nyingine. Kusafiri kulijumuisha kupaa juu ya bahari na milima kufikia sehemu zilizo mbali zaidi. Muda uliotumika kusafiri ulikuwa ni mchache sana kulinganisha na usafiri mwingine. Je huu sio uvumbuzi wenye kushangaza?', NULL);
INSERT INTO `card` (id, type, title, header, content, option) VALUES ('Airplane_11', 3, 'Aina tofauti za ndege', 'assets/topic/Collection_of_military_aircraft.jpg', 'Ndege ya abiria ni usafiri unaobeba abiria toka sehemu moja kwenda nyingine. Ndege ya mizigo ni usafiri unaotumika kubeba bidhaa toka sehemu moja kwenda nyingine kwa muda mchache. Pia kuna ndege za kivita zitumikazo na jeshi. Baadhi ya ndege zimebuniwa kwa namna hiyo ambazo zinaweza kutua hata kwenye maji.', NULL);
INSERT INTO `card` (id, type, title, header, content, option) VALUES ('Airplane_12', 3, 'Uwanja wa ndege', 'assets/topic/airport.jpg', 'Uwanja wa ndege ni uwanja wenye vifaa vilivyowekwa ili kuhifadhi na kudhibiti ndege. Kuna njia za ndege kwaajili ya kutua, majengo ya kupokea abiria, mizigo, udhibiri wa ndege na mnara wa kuongoza ndege. Uwanja wa ndege una vifaa kwa ajili ya abiria. Kila mji mkubwa una uwanja wa ndege.', NULL);
INSERT INTO `card` (id, type, title, header, content, option) VALUES ('Airplane_13', 3, 'Ndege yenye mwendokasi zaidi', 'assets/topic/super-fast-planes.jpeg', 'Unaweza kufikiria kwenda umbali mrefu ndani ya saa moja au kwa dakika chache zisizozidi saa moja? Ndio, inawezekana kwa ndege tu. Ndege ina nguvu kubwa na hutumia petroli nyeupe kama mafuta yake. Ndege hufika eneo lolote ndani ya muda mfupi. Haiitaji kupanda mlima au kuendeshwa barabarani. Haiitaji hata kuendeshwa baharini wala kuvunja vizuizi. Ndege hupaa juu ya barabra mbovu,milima mikubwa au hata baharini. Kwahiyo sasa umeshafahamu kwanini ina mwendokasi.', NULL);
INSERT INTO `card` (id, type, title, header, content, option) VALUES ('Airplane_14', 0, 'Ndege ina mabawa mangapi?', 'assets/topic/aircrafts.jpeg', NULL, 'oneAtATime');
INSERT INTO `cardExtra` (cardId, type, serial, content) VALUES ('Airplane_14', 1, 1, 'Mawili');
INSERT INTO `cardExtra` (cardId, type, serial, content) VALUES ('Airplane_14', 0, 1, 'Matatu');
INSERT INTO `cardExtra` (cardId, type, serial, content) VALUES ('Airplane_14', 0, 2, 'Matano');
INSERT INTO `cardExtra` (cardId, type, serial, content) VALUES ('Airplane_14', 0, 3, 'Moja');
INSERT INTO `card` (id, type, title, header, content, option) VALUES ('Airplane_19', 0, 'Sehemu ambayo watu hupanda ndege na kushuka huitwa?', 'assets/topic/airport-india.jpg', NULL, 'oneAtATime');
INSERT INTO `cardExtra` (cardId, type, serial, content) VALUES ('Airplane_19', 1, 1, 'Uwanja wa ndege');
INSERT INTO `cardExtra` (cardId, type, serial, content) VALUES ('Airplane_19', 0, 1, 'Stesheni ya Gari moshi');
INSERT INTO `cardExtra` (cardId, type, serial, content) VALUES ('Airplane_19', 0, 2, 'Kituo cha basi');
INSERT INTO `cardExtra` (cardId, type, serial, content) VALUES ('Airplane_19', 0, 3, 'Kituo cha zimamoto');
INSERT INTO `card` (id, type, title, header, content, option) VALUES ('Airplane_24', 0, 'Ni aina zipi za ndege zinazotumika kwa madhumuni tofauti?', 'assets/topic/typplanes.jpg', NULL, 'oneAtATime');
INSERT INTO `cardExtra` (cardId, type, serial, content) VALUES ('Airplane_24', 1, 1, 'Ndege za abiria');
INSERT INTO `cardExtra` (cardId, type, serial, content) VALUES ('Airplane_24', 1, 2, 'Ndege za mizigo');
INSERT INTO `cardExtra` (cardId, type, serial, content) VALUES ('Airplane_24', 1, 3, 'Ndege zenye mwendokasi');
INSERT INTO `cardExtra` (cardId, type, serial, content) VALUES ('Airplane_24', 1, 4, 'Ndege za kivita');
INSERT INTO `cardExtra` (cardId, type, serial, content) VALUES ('Airplane_24', 1, 5, 'Ndege binafsi');
INSERT INTO `cardExtra` (cardId, type, serial, content) VALUES ('Airplane_24', 0, 1, 'Ndege za moto');
INSERT INTO `cardExtra` (cardId, type, serial, content) VALUES ('Airplane_24', 0, 2, 'Ndege za maji');
INSERT INTO `card` (id, type, title, header, content, option) VALUES ('Airplane_32', 0, 'Ndege hupaa juu ya Maji na bahari.', 'assets/topic/airplane-over-ocean.jpeg', NULL, 'oneAtATime');
INSERT INTO `cardExtra` (cardId, type, serial, content) VALUES ('Airplane_32', 1, 1, 'Kweli');
INSERT INTO `cardExtra` (cardId, type, serial, content) VALUES ('Airplane_32', 0, 1, 'Si kweli');
INSERT INTO `card` (id, type, title, header, content, option) VALUES ('Airplane_35', 0, 'Ndege husafiri kwa haraka na kwa muda mfupi', 'assets/topic/super-fast-planes.jpeg', NULL, 'oneAtATime');
INSERT INTO `cardExtra` (cardId, type, serial, content) VALUES ('Airplane_35', 1, 1, 'Kweli');
INSERT INTO `cardExtra` (cardId, type, serial, content) VALUES ('Airplane_35', 0, 1, 'Si kweli');
INSERT INTO `card` (id, type, title, header, content, option) VALUES ('Airplane_38', 0, 'Ndege huendeshwa juu ya milima', 'assets/topic/airplane-over-mountain.jpeg', NULL, 'oneAtATime');
INSERT INTO `cardExtra` (cardId, type, serial, content) VALUES ('Airplane_38', 1, 1, 'Si kweli');
INSERT INTO `cardExtra` (cardId, type, serial, content) VALUES ('Airplane_38', 0, 1, 'Kweli');
INSERT INTO `card` (id, type, title, header, content, option) VALUES ('Airplane_41', 0, 'Oanisha picha kwa majina yao', NULL, NULL, 'pair');
INSERT INTO `cardExtra` (cardId, type, serial, content) VALUES ('Airplane_41', 1, 1, 'assets/topic/Yoke.png');
INSERT INTO `cardExtra` (cardId, type, serial, content) VALUES ('Airplane_41', 1, 2, 'Nira');
INSERT INTO `cardExtra` (cardId, type, serial, content) VALUES ('Airplane_41', 1, 3, 'assets/topic/pilot.jpg');
INSERT INTO `cardExtra` (cardId, type, serial, content) VALUES ('Airplane_41', 1, 4, 'Rubani');
INSERT INTO `cardExtra` (cardId, type, serial, content) VALUES ('Airplane_41', 1, 5, 'assets/topic/wing.jpg');
INSERT INTO `cardExtra` (cardId, type, serial, content) VALUES ('Airplane_41', 1, 6, 'Mabawa ya ndege');
INSERT INTO `cardExtra` (cardId, type, serial, content) VALUES ('Airplane_41', 1, 7, 'assets/topic/cargo-plane.jpg');
INSERT INTO `cardExtra` (cardId, type, serial, content) VALUES ('Airplane_41', 1, 8, 'Ndege ya mizigo');
INSERT INTO `card` (id, type, title, header, content, option) VALUES ('Train', 2, 'Gari Moshi', 'assets/topic/train.svg', 'Ni nani asiyefahamu kuhusu Gari Moshi? Kila mtu anafahamu lakini, leo tutajifunza ukweli wenye kuvutia kuhusu Gari Moshi. Kimsingi Gari Moshi ni mkusanyiko wa Mabehewa yaliyounganisha moja baada ya lingine ambayo hutembea kwenye reli.', 'FF9DEDE3');
INSERT INTO `card` (id, type, title, header, content, option) VALUES ('Train_3', 1, 'Honi ya Gari Moshi', 'assets/topic/track.svg', 'Endesha na piga honi ya Gari Moshi kisha irekodi.', NULL);
INSERT INTO `cardExtra` (cardId, type, serial, content) VALUES ('Train_3', 2, 1, 'assets/topic/track.svg');
INSERT INTO `card` (id, type, title, header, content, option) VALUES ('Train_5', 1, 'Gari moshi langu kamili', 'assets/topic/track_mountain.svg', 'Unganisha mabehewa tofauti kwenye injini na utengeneze Gari Moshi kamili', NULL);
INSERT INTO `cardExtra` (cardId, type, serial, content) VALUES ('Train_5', 2, 1, 'assets/topic/track_mountain.svg');
INSERT INTO `card` (id, type, title, header, content, option) VALUES ('Train_7', 1, 'Gari moshi lenye rangi mbalimbali', 'assets/topic/track_mountain.svg', 'Paka rangi Gari Moshi kwa rangi tofauti na uirembe ukitumia stika tofauti.', NULL);
INSERT INTO `cardExtra` (cardId, type, serial, content) VALUES ('Train_7', 2, 1, 'assets/topic/track_mountain.svg');
INSERT INTO `card` (id, type, title, header, content, option) VALUES ('Train_9', 3, 'Ukweli kuhusu gari moshi', 'assets/topic/train_at_Station.jpg', 'Mahali ambapo Gari Moshi husimama na watu hupanda na kushuka panaitwa Stesheni ya Gari moshi. Natumaini wote mmeona! Gari Moshi za zamani zilitumia injini ya nguvu ya farasi kutembea kwenye reli za mbao au chuma. Unafahamu kwamba gari moshi ya injini ya mvuke ya kwanza ilitengenezwa Uingereza! Kuna injini ya reli inayosukuma mabahewa kwenye njia yake. Baadhi ya Gari Moshi huonekana kama mabasi maalumu ambayo yanaweza kuendeshwa kwenye reli. Gari Moshi hutumika kubeba watu pia kuingiza na kutoa mizigo kama mafuta na kadhalika.', NULL);
INSERT INTO `card` (id, type, title, header, content, option) VALUES ('Train_10', 3, 'Mizigo ya gari Moshi', 'assets/topic/goods-train.jpg', 'Gari Moshi za mizigo zina Mabehewa imara yanayoweza kubeba mizigo kutoka sehemu moja kwenda nyingine. Baadhi ya mabehewa huwa wazi au hufungwa kulingana na mizigo inaosafirishwa kutoka sehemu moja kwenda sehemu nyingine pia kuna behewa maalumu kwaajili ya mizigo maalumu.', NULL);
INSERT INTO `card` (id, type, title, header, content, option) VALUES ('Train_11', 3, 'Abiria wa Gari Moshi', 'assets/topic/passenger-train.jpg', 'Gari Moshi za abiria huwa na mabehewa ya abiria au makochi yaliyotengenezwa ili watu waweze kukaa na kuendeshwa kutoka kituo kimoja hadi kingine. Gari Moshi za abiria huwa za kustarehesha kwaajili ya safari kutoka sehemu moja hadi nyingine. Kuna abiria wa Gari Moshi za safari ndefu na safari fupi. Na ulimwengu wa sasa tunaona Gari Moshi za abiria zenye mwendo kasi ambazo zinaitwa  Gari Moshi risasi. Gari Moshi hizi hutembea katika reli maalamu.', NULL);
INSERT INTO `card` (id, type, title, header, content, option) VALUES ('Train_12', 0, 'Gari moshi huendeshwa wapi?', 'assets/topic/train on tracks.jpg', NULL, 'oneAtATime');
INSERT INTO `cardExtra` (cardId, type, serial, content) VALUES ('Train_12', 1, 1, 'Njia ya Gari Moshi');
INSERT INTO `cardExtra` (cardId, type, serial, content) VALUES ('Train_12', 0, 1, 'Njia ya kukimbilia');
INSERT INTO `cardExtra` (cardId, type, serial, content) VALUES ('Train_12', 0, 2, 'Njia ya basi');
INSERT INTO `cardExtra` (cardId, type, serial, content) VALUES ('Train_12', 0, 3, 'Njia ya gari');
INSERT INTO `card` (id, type, title, header, content, option) VALUES ('Train_17', 0, 'Sehemu watu wanapopanda na kushuka kwenye Gare moshi huitwaje?', 'assets/topic/train-railway-station.jpg', NULL, 'oneAtATime');
INSERT INTO `cardExtra` (cardId, type, serial, content) VALUES ('Train_17', 1, 1, 'Stesheni ya gari Moshi');
INSERT INTO `cardExtra` (cardId, type, serial, content) VALUES ('Train_17', 0, 1, 'Kituo cha basi');
INSERT INTO `cardExtra` (cardId, type, serial, content) VALUES ('Train_17', 0, 2, 'Kituo cha gari');
INSERT INTO `cardExtra` (cardId, type, serial, content) VALUES ('Train_17', 0, 3, 'Kituo cha baiskeli');
INSERT INTO `card` (id, type, title, header, content, option) VALUES ('Train_22', 0, 'Chagua vitu vinavyohusiana na gari moshi', 'assets/topic/train-parts.jpg', NULL, 'oneAtATime');
INSERT INTO `cardExtra` (cardId, type, serial, content) VALUES ('Train_22', 1, 1, 'Behewa');
INSERT INTO `cardExtra` (cardId, type, serial, content) VALUES ('Train_22', 1, 2, 'Injini');
INSERT INTO `cardExtra` (cardId, type, serial, content) VALUES ('Train_22', 1, 3, 'Njia ya gari moshi');
INSERT INTO `cardExtra` (cardId, type, serial, content) VALUES ('Train_22', 1, 4, 'Stesheni ya gari Moshi');
INSERT INTO `cardExtra` (cardId, type, serial, content) VALUES ('Train_22', 0, 1, 'Mchanga');
INSERT INTO `cardExtra` (cardId, type, serial, content) VALUES ('Train_22', 0, 2, 'Mlima');
INSERT INTO `card` (id, type, title, header, content, option) VALUES ('Train_29', 0, 'Watu husafiri kwa gari moshi ya abiria.', 'assets/topic/Train_Interior.jpg', NULL, 'oneAtATime');
INSERT INTO `cardExtra` (cardId, type, serial, content) VALUES ('Train_29', 1, 1, 'Kweli');
INSERT INTO `cardExtra` (cardId, type, serial, content) VALUES ('Train_29', 0, 1, 'Si kweli');
INSERT INTO `card` (id, type, title, header, content, option) VALUES ('Train_32', 0, 'Mizigo husafirishwa kwenye Gari Moshi ya abiria', 'assets/topic/train-cargo.JPG', NULL, 'oneAtATime');
INSERT INTO `cardExtra` (cardId, type, serial, content) VALUES ('Train_32', 1, 1, 'Si kweli.');
INSERT INTO `cardExtra` (cardId, type, serial, content) VALUES ('Train_32', 0, 1, 'Kweli.');
INSERT INTO `card` (id, type, title, header, content, option) VALUES ('Train_35', 0, 'Gari moshi za awali zilitumia Injini ya nguvu za farasi kuendeshwa kwenye njia za mbao au chuma', 'assets/topic/train-horsepower.jpg', NULL, 'oneAtATime');
INSERT INTO `cardExtra` (cardId, type, serial, content) VALUES ('Train_35', 1, 1, 'Kweli');
INSERT INTO `cardExtra` (cardId, type, serial, content) VALUES ('Train_35', 0, 1, 'Si kweli.');
INSERT INTO `card` (id, type, title, header, content, option) VALUES ('Train_38', 0, 'Oanisha picha kwa majina yake.', NULL, NULL, 'pair');
INSERT INTO `cardExtra` (cardId, type, serial, content) VALUES ('Train_38', 1, 1, 'assets/topic/Train_front.jpg');
INSERT INTO `cardExtra` (cardId, type, serial, content) VALUES ('Train_38', 1, 2, 'Injini ya mbele ya Gari Moshi');
INSERT INTO `cardExtra` (cardId, type, serial, content) VALUES ('Train_38', 1, 3, 'assets/topic/railway_station.jpg');
INSERT INTO `cardExtra` (cardId, type, serial, content) VALUES ('Train_38', 1, 4, 'Stesheni ya gari Moshi');
INSERT INTO `cardExtra` (cardId, type, serial, content) VALUES ('Train_38', 1, 5, 'assets/topic/railway_track.jpg');
INSERT INTO `cardExtra` (cardId, type, serial, content) VALUES ('Train_38', 1, 6, 'Njia ya Gari Moshi');
INSERT INTO `card` (id, type, title, header, content, option) VALUES ('Trucks', 2, 'Lori', 'assets/topic/lorry.svg', 'Nani hajawahi kuona hili gari kwenye Picha? Ni lori. Lori ni gari linalotumiwa kusafirishia bidhaa kutoka eneo moja kwenda eneno lingine. Inaweza kuwa usafirishwaji wa umbali mfupi au umbali mrefu. Lori huwa zinaendeshwa kwa Nguvu ya Mafuta ya Dizeli.', 'FFF4E1B5');
INSERT INTO `card` (id, type, title, header, content, option) VALUES ('Trucks_3', 1, 'Ninaweza kuchora Lori', 'assets/topic/road_bg.svg', 'Chora Lori kwa kutumia vifaa vya uchoraji', NULL);
INSERT INTO `cardExtra` (cardId, type, serial, content) VALUES ('Trucks_3', 2, 1, 'assets/topic/road_bg.svg');
INSERT INTO `card` (id, type, title, header, content, option) VALUES ('Trucks_5', 1, 'Ongeza sehemu za Lori', 'assets/topic/truck_tire.svg', 'Ongeza Matairi kwenye Lori', NULL);
INSERT INTO `cardExtra` (cardId, type, serial, content) VALUES ('Trucks_5', 2, 1, 'assets/topic/truck_tire.svg');
INSERT INTO `card` (id, type, title, header, content, option) VALUES ('Trucks_7', 1, 'Lori lenye Mizigo', 'assets/topic/mountain_bg.svg', 'Jaza lori kwa kutumia moja kati ya haya, mawe, Udongo au Mchanga', NULL);
INSERT INTO `cardExtra` (cardId, type, serial, content) VALUES ('Trucks_7', 2, 1, 'assets/topic/mountain_bg.svg');
INSERT INTO `card` (id, type, title, header, content, option) VALUES ('Trucks_9', 1, 'Gari Moshi la barabarani', 'assets/topic/farm_bg.svg', 'Fanya Gari moshi la barabarani kwa kuongezea trela', NULL);
INSERT INTO `cardExtra` (cardId, type, serial, content) VALUES ('Trucks_9', 2, 1, 'assets/topic/farm_bg.svg');
INSERT INTO `card` (id, type, title, header, content, option) VALUES ('Trucks_11', 1, 'Piga Picha', 'assets/topic/forest_bg.svg', 'Piga picha Lori na ulirembe', NULL);
INSERT INTO `cardExtra` (cardId, type, serial, content) VALUES ('Trucks_11', 2, 1, 'assets/topic/forest_bg.svg');
INSERT INTO `card` (id, type, title, header, content, option) VALUES ('Trucks_13', 3, 'Lori ni nini?', 'assets/topic/trainloaded.jpg', 'Lori ni gari zito la barabarani ambalo huja katika maumbo na ukubwa tofauti tofauti. Lori hizi hutumika kulingana na ukubwa wa mzigo unaohitajika kusafirishwa kutoka sehemu moja kwenda sehemu nyingine. Iliitwa lori kutokana na uwezo wake wa kufanya kazi kubwa na nzito.', NULL);
INSERT INTO `card` (id, type, title, header, content, option) VALUES ('Trucks_14', 3, 'Aina za Lori', 'assets/topic/trucktype.png', 'Kuna aina tofauti za lori kulingana na mahitaji. Lori ndogo ni lori ambazi zina ukubwa sawa na magari ya kawaida. Huwa yanamilikiwa na mtu mmoja au kampuni ndogo. Lori za saizi ya kati ni zito kuliko lori ndogo na mepesi kuliko lori kubwa zinzotembea barabarani. Lori hizi ni maalumu kwa matumizi ya madogo madogo na shughuli za Umma kama magari ya Taka. Lori kubwa ni zito, hujulikana kwa kingereza kama "Lorries". Mara nyingi Lori kubwa huvuta trela. Madereva wa wanaondesha lori kubwa huitwa Madereva Lori.', NULL);
INSERT INTO `card` (id, type, title, header, content, option) VALUES ('Trucks_15', 3, 'Lori la Austalia', 'assets/topic/austtruck.jpg', 'Unaweza kukisia ni sehemu gani ya dunia kuna Lori kubwa kuliko yote dunian? Na jaribu kufikiria linaonekanaje?. Lori kubwa linapatikana Australia na yapo tofauti sana na lori zingine. Hizi lori huitwa Gari-moshi-lori za Australia. Idadi kubwa ya trela hufungwa kwenye lori lenye Injini.  Hii inafanana na Gari moshi na linaonekana kama gari moshi likiwa barabarani. Lori halishangazi? Ndio, Ni gari moshi zuri lililoundwa.', NULL);
INSERT INTO `card` (id, type, title, header, content, option) VALUES ('Trucks_16', 3, 'Mwanasesere Lori', 'assets/topic/toytruck.jpg', 'nani hapendi kucheza na mwanasesere Lori.inaweza kuwa watoto ama watu wazima, kila mtu anapenda kucheza na Lori. Kuna makampuni mengi yanayotengeneza aina mbalimbali tofauti za wanasesere lori. Unaua jinsi ya kucheza na mwanasesere Lori? Ndio, Inategemea na fikra zako. kujaza mchanga, udongo na mawe, kupakua na kupakia vitu wanasesere wadogowadogo n.k . Sasa, tumia fikra zako na ufurahie kucheza kujaza mwanasesere Lori.', NULL);
INSERT INTO `card` (id, type, title, header, content, option) VALUES ('Trucks_17', 0, 'Gari Moshi la barabarani hujulikana kama _____', 'assets/topic/lorryimg.jpg', NULL, 'oneAtATime');
INSERT INTO `cardExtra` (cardId, type, serial, content) VALUES ('Trucks_17', 1, 1, 'Lori');
INSERT INTO `cardExtra` (cardId, type, serial, content) VALUES ('Trucks_17', 0, 1, 'Ndege');
INSERT INTO `cardExtra` (cardId, type, serial, content) VALUES ('Trucks_17', 0, 2, 'Basi');
INSERT INTO `cardExtra` (cardId, type, serial, content) VALUES ('Trucks_17', 0, 3, 'Meli');
INSERT INTO `card` (id, type, title, header, content, option) VALUES ('Trucks_22', 0, 'Wapi tunaweza kuona Gari Moshi za Barabarani?', 'assets/topic/semitrailer.jpg', NULL, 'oneAtATime');
INSERT INTO `cardExtra` (cardId, type, serial, content) VALUES ('Trucks_22', 1, 1, 'Australia');
INSERT INTO `cardExtra` (cardId, type, serial, content) VALUES ('Trucks_22', 0, 1, 'Urusi');
INSERT INTO `cardExtra` (cardId, type, serial, content) VALUES ('Trucks_22', 0, 2, 'Kanada');
INSERT INTO `cardExtra` (cardId, type, serial, content) VALUES ('Trucks_22', 0, 3, 'China');
INSERT INTO `card` (id, type, title, header, content, option) VALUES ('Trucks_27', 0, 'Lori ndogo zinafanana na ______', 'assets/topic/lighttruck.jpg', NULL, 'oneAtATime');
INSERT INTO `cardExtra` (cardId, type, serial, content) VALUES ('Trucks_27', 1, 1, 'Magari ya kawaida');
INSERT INTO `cardExtra` (cardId, type, serial, content) VALUES ('Trucks_27', 0, 1, 'Gari moshi');
INSERT INTO `cardExtra` (cardId, type, serial, content) VALUES ('Trucks_27', 0, 2, 'Ndege');
INSERT INTO `cardExtra` (cardId, type, serial, content) VALUES ('Trucks_27', 0, 3, 'Baiskeli');
INSERT INTO `card` (id, type, title, header, content, option) VALUES ('Trucks_32', 0, 'Lori za Australia hujulikana kama Gari moshi za Barabarani', 'assets/topic/austtruck.jpg', NULL, 'oneAtATime');
INSERT INTO `cardExtra` (cardId, type, serial, content) VALUES ('Trucks_32', 1, 1, 'Kweli.');
INSERT INTO `cardExtra` (cardId, type, serial, content) VALUES ('Trucks_32', 0, 1, 'Si kweli.');
INSERT INTO `card` (id, type, title, header, content, option) VALUES ('Trucks_35', 0, 'Watoto huvutiwa na Mwanasesere Lori.', 'assets/topic/toytruck.jpg', NULL, 'oneAtATime');
INSERT INTO `cardExtra` (cardId, type, serial, content) VALUES ('Trucks_35', 1, 1, 'Kweli.');
INSERT INTO `cardExtra` (cardId, type, serial, content) VALUES ('Trucks_35', 0, 1, 'Si kweli.');
INSERT INTO `card` (id, type, title, header, content, option) VALUES ('Trucks_38', 0, 'Lori haziji katika maumbo na ukubwa tofauti tofauti.', 'assets/topic/trucktype.png', NULL, 'oneAtATime');
INSERT INTO `cardExtra` (cardId, type, serial, content) VALUES ('Trucks_38', 1, 1, 'Si kweli.');
INSERT INTO `cardExtra` (cardId, type, serial, content) VALUES ('Trucks_38', 0, 1, 'Kweli.');
INSERT INTO `card` (id, type, title, header, content, option) VALUES ('Trucks_41', 0, 'Oanisha yafuatayo.', NULL, NULL, 'pair');
INSERT INTO `cardExtra` (cardId, type, serial, content) VALUES ('Trucks_41', 1, 1, 'assets/topic/toymini.jpg');
INSERT INTO `cardExtra` (cardId, type, serial, content) VALUES ('Trucks_41', 1, 2, 'Watoto');
INSERT INTO `cardExtra` (cardId, type, serial, content) VALUES ('Trucks_41', 1, 3, 'assets/topic/trainloaded.jpg');
INSERT INTO `cardExtra` (cardId, type, serial, content) VALUES ('Trucks_41', 1, 4, 'Gari Moshi la Barabarani');
INSERT INTO `cardExtra` (cardId, type, serial, content) VALUES ('Trucks_41', 1, 5, 'assets/topic/deliverytruck.jpg');
INSERT INTO `cardExtra` (cardId, type, serial, content) VALUES ('Trucks_41', 1, 6, 'Utoaji wa ndani.');
INSERT INTO `card` (id, type, title, header, content, option) VALUES ('Bicycle', 2, 'Baiskeli', 'assets/topic/cycle.svg', 'Hatujui Baiskeli ikoje?. Kila mtu anaipenda Baiskeli. Na, leo tunaenda kujifunza baadhi ya ukweli unaovutia na wa msingi kuhusu baiskeli.', 'FFCFB5DD');
INSERT INTO `card` (id, type, title, header, content, option) VALUES ('Bicycle_3', 1, 'Honi ya duara', 'assets/topic/mountain_bg.svg', 'Pige kengele ya Baiskeli na Uirekodi', NULL);
INSERT INTO `cardExtra` (cardId, type, serial, content) VALUES ('Bicycle_3', 2, 1, 'assets/topic/mountain_bg.svg');
INSERT INTO `card` (id, type, title, header, content, option) VALUES ('Bicycle_5', 1, 'Furahia kupaka rangi', 'assets/topic/road_bg.svg', 'Chora baiskeli na uipake rangi.', NULL);
INSERT INTO `cardExtra` (cardId, type, serial, content) VALUES ('Bicycle_5', 2, 1, 'assets/topic/road_bg.svg');
INSERT INTO `card` (id, type, title, header, content, option) VALUES ('Bicycle_7', 1, 'Picha ya baiskeli', 'assets/topic/forest_bg.svg', 'Bonyeza Picha ya Baiskeli na uirembe.', NULL);
INSERT INTO `cardExtra` (cardId, type, serial, content) VALUES ('Bicycle_7', 2, 1, 'assets/topic/forest_bg.svg');
INSERT INTO `card` (id, type, title, header, content, option) VALUES ('Bicycle_9', 3, 'Kuhusu', 'assets/topic/cycle-hero.jpg', 'Baiskeli huendeshwa Kwa Nguvu ya Binadamu, Chombo kinachoendeshwa kwa kunyonga vikanyagio vyake. Baiskeli ina Matairi mawili yaliyowekwa kwenye chuma lake, moja mbele na jingine nyuma. Mtu anayeendesha baiskeli huitwa Muendesha baiskeli.Uliwa kufahamu kuwa Baiskeli ilitambulishwa kwa mara ya kwanza Ulaya?. Baadae ikaenea katika maeneo yote ya duniani. Baiskeli imekua ikitumiwa na watoto pamoja na wakubwa, na pia katika shughuli nyingi za Umma kama wabeba mizigo, usambazaji wa mahitaji ya kila siku n.k.', NULL);
INSERT INTO `card` (id, type, title, header, content, option) VALUES ('Bicycle_10', 3, 'Baiskeli hutumika kwa usafiri wa Umma na Mizigo', 'assets/topic/woman-cycle.jpg', 'Katika nchi nyingi watu bado wanatumia Baiskeli kwa Usafiri wa Umma na Mizigo. Viti vinasafirishwa kwa kufunga Kibebea Mizigo kwenye Baiskeli,  Hivyo kuifanya kuwa baiskeli ya matairi matatu, ambayo hujulikana kama Guta. Idadi ya kawaida ya juu ya watu wanaoweza kukaa kwenye baiskeli ni watu wawili, na kibebea mizigo hufungwa kwaajili ya kubebea vitu. Ni nzuri sana na hutumika sehemu nyingi kwa kusafirishia vitu kutoka sehemu moja kwenda nyingine na haitumii petroli wala dizeli kuifanya iende. Chombo cha usafiri kisichotumia petroli na dizeli ni rahisi kumilikiwa hata na watu wa kawaida.', NULL);
INSERT INTO `card` (id, type, title, header, content, option) VALUES ('Bicycle_11', 3, 'Matumizi', 'assets/topic/cycle-transport.jpg', 'Kutokea zamani mpaka nyakati za sasa, Baiskeli zilitumika na zinaendelea kutumika kwa matumizi mbalimbali. Katika njia Nzuri na yenye faida, Baiskeli zinatumiwa kwa usafirishaji. Inawezeka kutumiwa kama Kazi ya farasi na wasambaza barua, askari, wasambaza ujumbe, usafiri wa Umma na huduma za utoaji kwa ujumla.', NULL);
INSERT INTO `card` (id, type, title, header, content, option) VALUES ('Bicycle_12', 0, 'Baiskeli (Guta) yenye sehemu ya kubebea mizigo ina matairi Mangapi?', 'assets/topic/cycle-transport2.jpg', NULL, 'oneAtATime');
INSERT INTO `cardExtra` (cardId, type, serial, content) VALUES ('Bicycle_12', 1, 1, 'Matatu');
INSERT INTO `cardExtra` (cardId, type, serial, content) VALUES ('Bicycle_12', 0, 1, 'Manne');
INSERT INTO `cardExtra` (cardId, type, serial, content) VALUES ('Bicycle_12', 0, 2, 'Mawili');
INSERT INTO `cardExtra` (cardId, type, serial, content) VALUES ('Bicycle_12', 0, 3, 'Moja');
INSERT INTO `card` (id, type, title, header, content, option) VALUES ('Bicycle_17', 0, 'Kwa kawaida Baiskeli huendeshwa kwa _______.', 'assets/topic/cycle_police.jpg', NULL, 'oneAtATime');
INSERT INTO `cardExtra` (cardId, type, serial, content) VALUES ('Bicycle_17', 1, 1, 'Nguvu za Binadamu');
INSERT INTO `cardExtra` (cardId, type, serial, content) VALUES ('Bicycle_17', 0, 1, 'Nguvu za makaa ya mawe');
INSERT INTO `cardExtra` (cardId, type, serial, content) VALUES ('Bicycle_17', 0, 2, 'Nguvu ya Dizeli');
INSERT INTO `cardExtra` (cardId, type, serial, content) VALUES ('Bicycle_17', 0, 3, 'Nguvu ya Mvuke');
INSERT INTO `card` (id, type, title, header, content, option) VALUES ('Bicycle_22', 0, 'Baiskeli hutumiwa na ______.', 'assets/topic/bicycle-bike.jpg', NULL, 'oneAtATime');
INSERT INTO `cardExtra` (cardId, type, serial, content) VALUES ('Bicycle_22', 1, 1, 'Wasambaza barua');
INSERT INTO `cardExtra` (cardId, type, serial, content) VALUES ('Bicycle_22', 1, 2, 'Askari');
INSERT INTO `cardExtra` (cardId, type, serial, content) VALUES ('Bicycle_22', 1, 3, 'Mtu wa Posta');
INSERT INTO `cardExtra` (cardId, type, serial, content) VALUES ('Bicycle_22', 1, 4, 'Usafiri wa Umma');
INSERT INTO `cardExtra` (cardId, type, serial, content) VALUES ('Bicycle_22', 1, 5, 'Matumizi binafsi');
INSERT INTO `cardExtra` (cardId, type, serial, content) VALUES ('Bicycle_22', 0, 1, 'Dereva wa Gari Moshi');
INSERT INTO `cardExtra` (cardId, type, serial, content) VALUES ('Bicycle_22', 0, 2, 'Dereva wa Basi');
INSERT INTO `card` (id, type, title, header, content, option) VALUES ('Bicycle_30', 0, 'Baiskeli pia hujulikana kama kazi ya Farasi', 'assets/topic/bicycle_ride.jpg', NULL, 'oneAtATime');
INSERT INTO `cardExtra` (cardId, type, serial, content) VALUES ('Bicycle_30', 1, 1, 'Kweli.');
INSERT INTO `cardExtra` (cardId, type, serial, content) VALUES ('Bicycle_30', 0, 1, 'Si kweli.');
INSERT INTO `card` (id, type, title, header, content, option) VALUES ('Bicycle_33', 0, 'Baiskeli kwa mara ya kwanza zilitambulishwa Ulaya.', 'assets/topic/cycle-hero.jpg', NULL, 'oneAtATime');
INSERT INTO `cardExtra` (cardId, type, serial, content) VALUES ('Bicycle_33', 1, 1, 'Kweli.');
INSERT INTO `cardExtra` (cardId, type, serial, content) VALUES ('Bicycle_33', 0, 1, 'Si kweli.');
INSERT INTO `card` (id, type, title, header, content, option) VALUES ('Bicycle_36', 0, 'Baiskeli zinatumiwa kwa matumizi Binafsi tu.', 'assets/topic/bicycles1.jpg', NULL, 'oneAtATime');
INSERT INTO `cardExtra` (cardId, type, serial, content) VALUES ('Bicycle_36', 1, 1, 'Si kweli.');
INSERT INTO `cardExtra` (cardId, type, serial, content) VALUES ('Bicycle_36', 0, 1, 'Kweli.');
INSERT INTO `card` (id, type, title, header, content, option) VALUES ('Bicycle_39', 0, 'Oanisha Picha kwa majina yake', NULL, NULL, 'pair');
INSERT INTO `cardExtra` (cardId, type, serial, content) VALUES ('Bicycle_39', 1, 1, 'assets/topic/bicycle-saddle.png');
INSERT INTO `cardExtra` (cardId, type, serial, content) VALUES ('Bicycle_39', 1, 2, 'Kiti cha Baiskeli');
INSERT INTO `cardExtra` (cardId, type, serial, content) VALUES ('Bicycle_39', 1, 3, 'assets/topic/bell-bicycle.jpg');
INSERT INTO `cardExtra` (cardId, type, serial, content) VALUES ('Bicycle_39', 1, 4, 'Kengele ya Baiskeli');
INSERT INTO `cardExtra` (cardId, type, serial, content) VALUES ('Bicycle_39', 1, 5, 'assets/topic/cycle-transport.jpg');
INSERT INTO `cardExtra` (cardId, type, serial, content) VALUES ('Bicycle_39', 1, 6, 'kibbea Mizigo cha Baiskeli');
INSERT INTO `card` (id, type, title, header, content, option) VALUES ('Car', 2, 'Gari', 'assets/topic/car.svg', 'Gari ni chombo chenye matairi manne ambacho hubeba watu wachache. Gari laweza kutumika kwa matumizi binafsi na pia kwa usafiri wa Umma kutoka sehemu moja kwenda sehemu nyingine.', 'FFF4E1B5');
INSERT INTO `card` (id, type, title, header, content, option) VALUES ('Car_3', 1, 'Ninaweza kuchora Gari', 'assets/topic/forest_bg.svg', 'chora gari kwa kutumia vifaa vya uchoraji.', NULL);
INSERT INTO `cardExtra` (cardId, type, serial, content) VALUES ('Car_3', 2, 1, 'assets/topic/forest_bg.svg');
INSERT INTO `card` (id, type, title, header, content, option) VALUES ('Car_5', 1, 'Gari langu lenye rangi mbalimbali', 'assets/topic/road_bg.svg', 'Paka rangi gari kwa kutumia rangi uzipendazo.', NULL);
INSERT INTO `cardExtra` (cardId, type, serial, content) VALUES ('Car_5', 2, 1, 'assets/topic/road_bg.svg');
INSERT INTO `card` (id, type, title, header, content, option) VALUES ('Car_7', 1, 'Honi za gari lako zina sauti kubwa kiasi gani?', 'assets/topic/mountain_bg.svg', 'Piga Honi ya Gari.', NULL);
INSERT INTO `cardExtra` (cardId, type, serial, content) VALUES ('Car_7', 2, 1, 'assets/topic/mountain_bg.svg');
INSERT INTO `card` (id, type, title, header, content, option) VALUES ('Car_9', 3, 'Aina za Magari', 'assets/topic/multicar.jpg', 'Kama sote tujuavyo, kuna aina mbili za magari. Tunaposema aina mbili za Magari, hatumaanishi muundo wa Magari. Kwasababu kuna Miundo mingi tofauti ya magari. Lakini tunapokuja kwenye swala la aina za Magari, aina ya kwanza ni magari ya Matumizi binafsi, na aina ya pili ni magari ya usafiri wa umma. Teksi zinazoendeshwa barabarani zimehorodheshwa kwenye Usafiri wa Umma.', NULL);
INSERT INTO `card` (id, type, title, header, content, option) VALUES ('Car_10', 3, 'Sehemu ya kwanza ya Historia', 'assets/topic/carOld.jpg', 'Unaweza kufikiria!, Gari la kwanza kabisa kuendeshwa ilikua ni mashine yenye matairi matatu tu, na iliendeshwa kwa Nguvu ya Mvuke.Ilitengenezwa kwa mara ya kwanza nchini Ufaransa. Lakini haya magari hayakua mazuri sana. Kwasababu mashine zilikua nzito ambazo zilipelekea Gari kutembea taratibu sana.', NULL);
INSERT INTO `card` (id, type, title, header, content, option) VALUES ('Car_12', 3, 'Hatua za Usalama', 'assets/topic/seatbelt.jpg', 'Kama sote tujuavyo, Magari ni vyombo vinavyoenda kwa kasi sana. Ni muhimu sana kuwa tunatakiwa tujifunge mikanda ya viti kwa sababu za kiusalama. Sio tu dereva anapaswa kujifunga mkanda, ila kila mmoja aliye kwenye gari anapaswa ajifunge mkanda. Kufuata hatua za kiusalama na sheria za barabarani hutusaidia kujikinga na ajali za barabani.', NULL);
INSERT INTO `card` (id, type, title, header, content, option) VALUES ('Car_13', 0, 'Gari lina Matairi mangapi', 'assets/topic/bottomcar.jpg', 'Jaribio', 'oneAtATime');
INSERT INTO `cardExtra` (cardId, type, serial, content) VALUES ('Car_13', 1, 1, 'Manne');
INSERT INTO `cardExtra` (cardId, type, serial, content) VALUES ('Car_13', 0, 1, 'Mawili');
INSERT INTO `cardExtra` (cardId, type, serial, content) VALUES ('Car_13', 0, 2, 'Moja');
INSERT INTO `cardExtra` (cardId, type, serial, content) VALUES ('Car_13', 0, 3, 'Matano');
INSERT INTO `card` (id, type, title, header, content, option) VALUES ('Car_18', 0, 'Gari la usafiri la Umma inaitwaje?', 'assets/topic/taxi.jpg', NULL, 'oneAtATime');
INSERT INTO `cardExtra` (cardId, type, serial, content) VALUES ('Car_18', 1, 1, 'Teksi');
INSERT INTO `cardExtra` (cardId, type, serial, content) VALUES ('Car_18', 0, 1, 'maggie');
INSERT INTO `cardExtra` (cardId, type, serial, content) VALUES ('Car_18', 0, 2, 'ndege');
INSERT INTO `cardExtra` (cardId, type, serial, content) VALUES ('Car_18', 0, 3, 'Mmea');
INSERT INTO `card` (id, type, title, header, content, option) VALUES ('Car_23', 0, 'Panga magari lililoundwa kwa mpangilio', 'assets/topic/oldtonew.jpg', NULL, 'oneAtATime');
INSERT INTO `cardExtra` (cardId, type, serial, content) VALUES ('Car_23', 1, 1, 'Gari liloendeshwa kwa mvuke');
INSERT INTO `cardExtra` (cardId, type, serial, content) VALUES ('Car_23', 1, 2, 'gari linaloendeshwa kwa umeme');
INSERT INTO `cardExtra` (cardId, type, serial, content) VALUES ('Car_23', 1, 3, 'gari linaloendeshwa kwa petroli');
INSERT INTO `cardExtra` (cardId, type, serial, content) VALUES ('Car_23', 1, 4, 'gari linaloendeshwa kwa dizeli');
INSERT INTO `cardExtra` (cardId, type, serial, content) VALUES ('Car_23', 1, 5, 'gari linaloendeshwa kwa nishati ya jua');
INSERT INTO `card` (id, type, title, header, content, option) VALUES ('Car_29', 0, 'Gari linaloendeshwa kwa Nishati ya jua hutumia Nishati ya jua.', 'assets/topic/solarcar.jpg', NULL, 'oneAtATime');
INSERT INTO `cardExtra` (cardId, type, serial, content) VALUES ('Car_29', 1, 1, 'Kweli');
INSERT INTO `cardExtra` (cardId, type, serial, content) VALUES ('Car_29', 0, 1, 'Si kweli');
INSERT INTO `card` (id, type, title, header, content, option) VALUES ('Car_32', 0, 'Hakuna mikanda ya viti kwenye gari.', 'assets/topic/car.png', NULL, 'oneAtATime');
INSERT INTO `cardExtra` (cardId, type, serial, content) VALUES ('Car_32', 1, 1, 'Si kweli');
INSERT INTO `cardExtra` (cardId, type, serial, content) VALUES ('Car_32', 0, 1, 'Kweli.');
INSERT INTO `card` (id, type, title, header, content, option) VALUES ('Car_35', 0, 'Gari la kwanza kutembea lililokua ni mashine yenye matairi matatu pekee.', 'assets/topic/4wheel.png', NULL, 'oneAtATime');
INSERT INTO `cardExtra` (cardId, type, serial, content) VALUES ('Car_35', 1, 1, 'Kweli.');
INSERT INTO `cardExtra` (cardId, type, serial, content) VALUES ('Car_35', 0, 1, 'Si kweli.');
INSERT INTO `card` (id, type, title, header, content, option) VALUES ('Car_38', 0, 'Oanisha Picha kwa majina yao.', NULL, NULL, 'pair');
INSERT INTO `cardExtra` (cardId, type, serial, content) VALUES ('Car_38', 1, 1, 'assets/topic/seat-cushion.jpg');
INSERT INTO `cardExtra` (cardId, type, serial, content) VALUES ('Car_38', 1, 2, 'assets/topic/carseatbelt.jpg');
INSERT INTO `cardExtra` (cardId, type, serial, content) VALUES ('Car_38', 1, 3, 'assets/topic/Wing_mirror.jpeg');
INSERT INTO `cardExtra` (cardId, type, serial, content) VALUES ('Car_38', 1, 4, 'assets/topic/CRV_side_mirror.jpeg');
INSERT INTO `cardExtra` (cardId, type, serial, content) VALUES ('Car_38', 1, 5, 'assets/topic/bmw-i8-car-steering-wheel.jpeg');
INSERT INTO `cardExtra` (cardId, type, serial, content) VALUES ('Car_38', 1, 6, 'assets/topic/Driver_free_car.jpeg');
INSERT INTO `card` (id, type, title, header, content, option) VALUES ('Bus', 2, 'Basi', 'assets/topic/bus.svg', 'Basi ni usafiri wa umma ambao hutumika kusafiria kutoka sehemu moja kwenda sehemu nyingine. Basi ni usafiri rahisi na salama kusafiria.', 'FFCFB5DD');
INSERT INTO `card` (id, type, title, header, content, option) VALUES ('Bus_3', 1, 'Ninaweza kuchora basi', 'assets/topic/road_bg.svg', 'Chora basi.', NULL);
INSERT INTO `cardExtra` (cardId, type, serial, content) VALUES ('Bus_3', 2, 1, 'assets/topic/road_bg.svg');
INSERT INTO `card` (id, type, title, header, content, option) VALUES ('Bus_5', 1, 'Ongeza sehemu za basi', 'assets/topic/bus_tire.svg', 'Ongeza matairi kwenye basi.', NULL);
INSERT INTO `cardExtra` (cardId, type, serial, content) VALUES ('Bus_5', 2, 1, 'assets/topic/bus_tire.svg');
INSERT INTO `card` (id, type, title, header, content, option) VALUES ('Bus_7', 1, 'Paka rangi', 'assets/topic/road_bg.svg', 'Paka rangi basi ukitumia rangi tatu au nne uzipendazo.', NULL);
INSERT INTO `cardExtra` (cardId, type, serial, content) VALUES ('Bus_7', 2, 1, 'assets/topic/road_bg.svg');
INSERT INTO `card` (id, type, title, header, content, option) VALUES ('Bus_9', 3, 'Kuhusu', 'assets/topic/aboutbus.jpg', 'Basi ni gari kubwa lenye matairi linalotumika kubeba watu wengi pamoja na dereva. Ni kubwa kuliko magari ya kawaida. Basi kwa kiingereza hujulikana kwa jina la Bus ambalo ni kifupi cha jina Omnibus lenye maana "for everyone" (kwa kila mtu). Mabasi ni muhimu yaliyowekwa kwaajili ya usafiri wa umma sehemu zote duniani. Watu wengi ambao hawana magari binafsi hutumia mabasi kusafiri kutoka sehemu moja kwenda sehemu nyingine.', NULL);
INSERT INTO `card` (id, type, title, header, content, option) VALUES ('Bus_10', 3, 'Historia ya Basi', 'assets/topic/historybus.jpg', 'Unaweza kufikiria! Gari la kwanza liliendeshwa kwa farasi. Ndio, Umekisia sahihi. Farasi ndiye aliyekua dereva wa kwanza. Haifurahishi?. Watu huendesha wakiwa wamekaa juu yake pia. Wow!, hiyo huwapa nafasi ya kuuona mji wote. Taratibu nafasi ya Farasi ilianza kuchukulia na Mabasi yenye Injini ya Mvuke na mabasi ya Umeme. Ilifurahisha, na kufanya iwe rahisi zaidi. Na inafurahisha sasa tuna muundo wa mabasi mapya ambayo yanaendeshwa kwa dizeli. Ni salama, yanafurahisha na rahisi, pia yana gharama ndogo. Njia bora ya kusafiri katika miji na kufurahia. Je, hadithi ya basi haivutii?', NULL);
INSERT INTO `card` (id, type, title, header, content, option) VALUES ('Bus_11', 3, 'Basi la Njano', 'assets/topic/yellowbus.jpg', 'Umewahi kujiuliza kwanini mabasi ya shule ni ya Njano?. Ukweli wake unaweza kukushangaza.  Njano ni rangi inayotambulika haraka machoni.Kwa kweli, inaonesha watu wengi huitambua rangi ya njano kwa haraka kuliko rangi nyingine yoyote. Rangi ya njano ni rahisi kuitambua katika mwanga hafifu au katika hali mbaya ya hewa. Kwasababu hizi mabasi ya shule ni ya njano duniani kote.', NULL);
INSERT INTO `card` (id, type, title, header, content, option) VALUES ('Bus_12', 3, 'Kwanini hakuna mikanda ya viti?', 'assets/topic/busseat.jpg', 'Inaweza kuwa unambiwa na dereva mara kwa mara "funga Mkanda" sasa kwanini haya magari hayana mikanda ya viti?.  Umeshawahi kuwaza juu ya hilo?. Ni kwasababu mikanda ya viti haifanyi kazi kwenye mabasi kama ilivo kwenye magari ya kawaida. Viti vya Mabasi vilivyowekwa karibu huwa na matumizi sawa na mikanda ya viti. Inawalinda wasafiri wasirushwe rushwe. Sasa unajua kuwa wapo salama bila hata mikanda ya viti.', NULL);
INSERT INTO `card` (id, type, title, header, content, option) VALUES ('Bus_13', 0, 'Gari la shule lina rangi gani?', 'assets/topic/yellowbustoy.jpg', NULL, 'oneAtATime');
INSERT INTO `cardExtra` (cardId, type, serial, content) VALUES ('Bus_13', 1, 1, 'Njano');
INSERT INTO `cardExtra` (cardId, type, serial, content) VALUES ('Bus_13', 0, 1, 'Kijani');
INSERT INTO `cardExtra` (cardId, type, serial, content) VALUES ('Bus_13', 0, 2, 'zambarau-buluu');
INSERT INTO `cardExtra` (cardId, type, serial, content) VALUES ('Bus_13', 0, 3, 'waridi');
INSERT INTO `card` (id, type, title, header, content, option) VALUES ('Bus_18', 0, 'Chagua aina tofauti za Mabasi', 'assets/topic/differentbusses.jpg', NULL, 'many');
INSERT INTO `cardExtra` (cardId, type, serial, content) VALUES ('Bus_18', 1, 1, 'Basi la Kuvutwa na Farasi');
INSERT INTO `cardExtra` (cardId, type, serial, content) VALUES ('Bus_18', 1, 2, 'Basi la injini ya Mvuke');
INSERT INTO `cardExtra` (cardId, type, serial, content) VALUES ('Bus_18', 1, 3, 'Basi la umeme');
INSERT INTO `cardExtra` (cardId, type, serial, content) VALUES ('Bus_18', 1, 4, 'Basi linaoendeshwa kwa dizeli');
INSERT INTO `cardExtra` (cardId, type, serial, content) VALUES ('Bus_18', 0, 1, 'Ndege');
INSERT INTO `cardExtra` (cardId, type, serial, content) VALUES ('Bus_18', 0, 2, 'Gari moshi');
INSERT INTO `card` (id, type, title, header, content, option) VALUES ('Bus_25', 0, 'Chagua basi lililozuliwa kwa Mpangilio.', 'assets/topic/busorder.jpg', NULL, 'many');
INSERT INTO `cardExtra` (cardId, type, serial, content) VALUES ('Bus_25', 1, 1, 'Basi la Kuvutwa na Farasi');
INSERT INTO `cardExtra` (cardId, type, serial, content) VALUES ('Bus_25', 1, 2, 'Basi la injini ya Mvuke');
INSERT INTO `cardExtra` (cardId, type, serial, content) VALUES ('Bus_25', 1, 3, 'Basi la umeme');
INSERT INTO `cardExtra` (cardId, type, serial, content) VALUES ('Bus_25', 1, 4, 'Basi linaoendeshwa kwa dizeli');
INSERT INTO `cardExtra` (cardId, type, serial, content) VALUES ('Bus_25', 1, 5, 'Basi la juu na chini');
INSERT INTO `card` (id, type, title, header, content, option) VALUES ('Bus_31', 0, 'Watu huendesha juu ya basi linalovutwa na farasi', 'assets/topic/horsebus.png', NULL, 'oneAtATime');
INSERT INTO `cardExtra` (cardId, type, serial, content) VALUES ('Bus_31', 1, 1, 'kweli');
INSERT INTO `cardExtra` (cardId, type, serial, content) VALUES ('Bus_31', 0, 1, 'Si kweli');
INSERT INTO `card` (id, type, title, header, content, option) VALUES ('Bus_34', 0, 'Rangi ya njano ni rahisi kuitambua katika mwanga Hafifu au katika hali mbaya ya hewa.', 'assets/topic/businsnow.jpg', NULL, 'oneAtATime');
INSERT INTO `cardExtra` (cardId, type, serial, content) VALUES ('Bus_34', 1, 1, 'Kweli');
INSERT INTO `cardExtra` (cardId, type, serial, content) VALUES ('Bus_34', 0, 1, 'Si kweli');
INSERT INTO `card` (id, type, title, header, content, option) VALUES ('Bus_37', 0, 'Kuna mikanda ya viti katika basi.', 'assets/topic/busseat.jpg', NULL, 'oneAtATime');
INSERT INTO `cardExtra` (cardId, type, serial, content) VALUES ('Bus_37', 1, 1, 'Si kweli');
INSERT INTO `cardExtra` (cardId, type, serial, content) VALUES ('Bus_37', 0, 1, 'Kweli');
INSERT INTO `card` (id, type, title, header, content, option) VALUES ('Bus_40', 0, 'Oanisha picha kwa majina yao', NULL, NULL, 'pair');
INSERT INTO `cardExtra` (cardId, type, serial, content) VALUES ('Bus_40', 1, 1, 'assets/topic/historybus.jpg');
INSERT INTO `cardExtra` (cardId, type, serial, content) VALUES ('Bus_40', 1, 2, 'Basi');
INSERT INTO `cardExtra` (cardId, type, serial, content) VALUES ('Bus_40', 1, 3, 'assets/topic/bussteering.jpg');
INSERT INTO `cardExtra` (cardId, type, serial, content) VALUES ('Bus_40', 1, 4, 'Usukani');
INSERT INTO `cardExtra` (cardId, type, serial, content) VALUES ('Bus_40', 1, 5, 'assets/topic/buswheel.jpg');
INSERT INTO `cardExtra` (cardId, type, serial, content) VALUES ('Bus_40', 1, 6, 'Tairi');
INSERT INTO `card` (id, type, title, header, content, option) VALUES ('Magari', 2, 'Magari', NULL, NULL, NULL);
INSERT INTO `collection` (id, serial, cardId) VALUES ('Auto rickshaw', 1, 'Auto rickshaw_3');
INSERT INTO `collection` (id, serial, cardId) VALUES ('Auto rickshaw', 2, 'Auto rickshaw_5');
INSERT INTO `collection` (id, serial, cardId) VALUES ('Auto rickshaw', 3, 'Auto rickshaw_7');
INSERT INTO `collection` (id, serial, cardId) VALUES ('Auto rickshaw', 4, 'Auto rickshaw_9');
INSERT INTO `collection` (id, serial, cardId) VALUES ('Auto rickshaw', 5, 'Auto rickshaw_10');
INSERT INTO `collection` (id, serial, cardId) VALUES ('Auto rickshaw', 6, 'Auto rickshaw_11');
INSERT INTO `collection` (id, serial, cardId) VALUES ('Auto rickshaw', 7, 'Auto rickshaw_12');
INSERT INTO `collection` (id, serial, cardId) VALUES ('Auto rickshaw', 8, 'Auto rickshaw_13');
INSERT INTO `collection` (id, serial, cardId) VALUES ('Auto rickshaw', 9, 'Auto rickshaw_18');
INSERT INTO `collection` (id, serial, cardId) VALUES ('Auto rickshaw', 10, 'Auto rickshaw_23');
INSERT INTO `collection` (id, serial, cardId) VALUES ('Auto rickshaw', 11, 'Auto rickshaw_30');
INSERT INTO `collection` (id, serial, cardId) VALUES ('Auto rickshaw', 12, 'Auto rickshaw_33');
INSERT INTO `collection` (id, serial, cardId) VALUES ('Auto rickshaw', 13, 'Auto rickshaw_36');
INSERT INTO `collection` (id, serial, cardId) VALUES ('Auto rickshaw', 14, 'Auto rickshaw_39');
INSERT INTO `collection` (id, serial, cardId) VALUES ('Tractor', 1, 'Tractor_3');
INSERT INTO `collection` (id, serial, cardId) VALUES ('Tractor', 2, 'Tractor_5');
INSERT INTO `collection` (id, serial, cardId) VALUES ('Tractor', 3, 'Tractor_7');
INSERT INTO `collection` (id, serial, cardId) VALUES ('Tractor', 4, 'Tractor_8');
INSERT INTO `collection` (id, serial, cardId) VALUES ('Tractor', 5, 'Tractor_9');
INSERT INTO `collection` (id, serial, cardId) VALUES ('Tractor', 6, 'Tractor_10');
INSERT INTO `collection` (id, serial, cardId) VALUES ('Tractor', 7, 'Tractor_11');
INSERT INTO `collection` (id, serial, cardId) VALUES ('Tractor', 8, 'Tractor_12');
INSERT INTO `collection` (id, serial, cardId) VALUES ('Tractor', 10, 'Tractor_22');
INSERT INTO `collection` (id, serial, cardId) VALUES ('Tractor', 11, 'Tractor_30');
INSERT INTO `collection` (id, serial, cardId) VALUES ('Tractor', 12, 'Tractor_33');
INSERT INTO `collection` (id, serial, cardId) VALUES ('Tractor', 13, 'Tractor_36');
INSERT INTO `collection` (id, serial, cardId) VALUES ('Tractor', 14, 'Tractor_39');
INSERT INTO `collection` (id, serial, cardId) VALUES ('Boat', 1, 'Boat_3');
INSERT INTO `collection` (id, serial, cardId) VALUES ('Boat', 2, 'Boat_5');
INSERT INTO `collection` (id, serial, cardId) VALUES ('Boat', 3, 'Boat_7');
INSERT INTO `collection` (id, serial, cardId) VALUES ('Boat', 4, 'Boat_9');
INSERT INTO `collection` (id, serial, cardId) VALUES ('Boat', 5, 'Boat_10');
INSERT INTO `collection` (id, serial, cardId) VALUES ('Boat', 6, 'Boat_11');
INSERT INTO `collection` (id, serial, cardId) VALUES ('Boat', 7, 'Boat_12');
INSERT INTO `collection` (id, serial, cardId) VALUES ('Boat', 8, 'Boat_13');
INSERT INTO `collection` (id, serial, cardId) VALUES ('Boat', 9, 'Boat_14');
INSERT INTO `collection` (id, serial, cardId) VALUES ('Boat', 10, 'Boat_19');
INSERT INTO `collection` (id, serial, cardId) VALUES ('Boat', 11, 'Boat_27');
INSERT INTO `collection` (id, serial, cardId) VALUES ('Boat', 12, 'Boat_30');
INSERT INTO `collection` (id, serial, cardId) VALUES ('Boat', 13, 'Boat_33');
INSERT INTO `collection` (id, serial, cardId) VALUES ('Boat', 14, 'Boat_36');
INSERT INTO `collection` (id, serial, cardId) VALUES ('Airplane', 1, 'Airplane_3');
INSERT INTO `collection` (id, serial, cardId) VALUES ('Airplane', 2, 'Airplane_5');
INSERT INTO `collection` (id, serial, cardId) VALUES ('Airplane', 3, 'Airplane_7');
INSERT INTO `collection` (id, serial, cardId) VALUES ('Airplane', 4, 'Airplane_9');
INSERT INTO `collection` (id, serial, cardId) VALUES ('Airplane', 5, 'Airplane_10');
INSERT INTO `collection` (id, serial, cardId) VALUES ('Airplane', 6, 'Airplane_11');
INSERT INTO `collection` (id, serial, cardId) VALUES ('Airplane', 7, 'Airplane_12');
INSERT INTO `collection` (id, serial, cardId) VALUES ('Airplane', 8, 'Airplane_13');
INSERT INTO `collection` (id, serial, cardId) VALUES ('Airplane', 9, 'Airplane_14');
INSERT INTO `collection` (id, serial, cardId) VALUES ('Airplane', 10, 'Airplane_19');
INSERT INTO `collection` (id, serial, cardId) VALUES ('Airplane', 11, 'Airplane_24');
INSERT INTO `collection` (id, serial, cardId) VALUES ('Airplane', 12, 'Airplane_32');
INSERT INTO `collection` (id, serial, cardId) VALUES ('Airplane', 13, 'Airplane_35');
INSERT INTO `collection` (id, serial, cardId) VALUES ('Airplane', 14, 'Airplane_38');
INSERT INTO `collection` (id, serial, cardId) VALUES ('Airplane', 15, 'Airplane_41');
INSERT INTO `collection` (id, serial, cardId) VALUES ('Train', 1, 'Train_3');
INSERT INTO `collection` (id, serial, cardId) VALUES ('Train', 2, 'Train_5');
INSERT INTO `collection` (id, serial, cardId) VALUES ('Train', 3, 'Train_7');
INSERT INTO `collection` (id, serial, cardId) VALUES ('Train', 4, 'Train_9');
INSERT INTO `collection` (id, serial, cardId) VALUES ('Train', 5, 'Train_10');
INSERT INTO `collection` (id, serial, cardId) VALUES ('Train', 6, 'Train_11');
INSERT INTO `collection` (id, serial, cardId) VALUES ('Train', 7, 'Train_12');
INSERT INTO `collection` (id, serial, cardId) VALUES ('Train', 8, 'Train_17');
INSERT INTO `collection` (id, serial, cardId) VALUES ('Train', 9, 'Train_22');
INSERT INTO `collection` (id, serial, cardId) VALUES ('Train', 10, 'Train_29');
INSERT INTO `collection` (id, serial, cardId) VALUES ('Train', 11, 'Train_32');
INSERT INTO `collection` (id, serial, cardId) VALUES ('Train', 12, 'Train_35');
INSERT INTO `collection` (id, serial, cardId) VALUES ('Train', 13, 'Train_38');
INSERT INTO `collection` (id, serial, cardId) VALUES ('Trucks', 1, 'Trucks_3');
INSERT INTO `collection` (id, serial, cardId) VALUES ('Trucks', 2, 'Trucks_5');
INSERT INTO `collection` (id, serial, cardId) VALUES ('Trucks', 3, 'Trucks_7');
INSERT INTO `collection` (id, serial, cardId) VALUES ('Trucks', 4, 'Trucks_9');
INSERT INTO `collection` (id, serial, cardId) VALUES ('Trucks', 5, 'Trucks_11');
INSERT INTO `collection` (id, serial, cardId) VALUES ('Trucks', 6, 'Trucks_13');
INSERT INTO `collection` (id, serial, cardId) VALUES ('Trucks', 7, 'Trucks_14');
INSERT INTO `collection` (id, serial, cardId) VALUES ('Trucks', 8, 'Trucks_15');
INSERT INTO `collection` (id, serial, cardId) VALUES ('Trucks', 9, 'Trucks_16');
INSERT INTO `collection` (id, serial, cardId) VALUES ('Trucks', 10, 'Trucks_17');
INSERT INTO `collection` (id, serial, cardId) VALUES ('Trucks', 11, 'Trucks_22');
INSERT INTO `collection` (id, serial, cardId) VALUES ('Trucks', 12, 'Trucks_27');
INSERT INTO `collection` (id, serial, cardId) VALUES ('Trucks', 13, 'Trucks_32');
INSERT INTO `collection` (id, serial, cardId) VALUES ('Trucks', 14, 'Trucks_35');
INSERT INTO `collection` (id, serial, cardId) VALUES ('Trucks', 15, 'Trucks_38');
INSERT INTO `collection` (id, serial, cardId) VALUES ('Trucks', 16, 'Trucks_41');
INSERT INTO `collection` (id, serial, cardId) VALUES ('Bicycle', 1, 'Bicycle_3');
INSERT INTO `collection` (id, serial, cardId) VALUES ('Bicycle', 2, 'Bicycle_5');
INSERT INTO `collection` (id, serial, cardId) VALUES ('Bicycle', 3, 'Bicycle_7');
INSERT INTO `collection` (id, serial, cardId) VALUES ('Bicycle', 4, 'Bicycle_9');
INSERT INTO `collection` (id, serial, cardId) VALUES ('Bicycle', 5, 'Bicycle_10');
INSERT INTO `collection` (id, serial, cardId) VALUES ('Bicycle', 6, 'Bicycle_11');
INSERT INTO `collection` (id, serial, cardId) VALUES ('Bicycle', 7, 'Bicycle_12');
INSERT INTO `collection` (id, serial, cardId) VALUES ('Bicycle', 8, 'Bicycle_17');
INSERT INTO `collection` (id, serial, cardId) VALUES ('Bicycle', 9, 'Bicycle_22');
INSERT INTO `collection` (id, serial, cardId) VALUES ('Bicycle', 10, 'Bicycle_30');
INSERT INTO `collection` (id, serial, cardId) VALUES ('Bicycle', 11, 'Bicycle_33');
INSERT INTO `collection` (id, serial, cardId) VALUES ('Bicycle', 12, 'Bicycle_36');
INSERT INTO `collection` (id, serial, cardId) VALUES ('Bicycle', 13, 'Bicycle_39');
INSERT INTO `collection` (id, serial, cardId) VALUES ('Car', 1, 'Car_3');
INSERT INTO `collection` (id, serial, cardId) VALUES ('Car', 2, 'Car_5');
INSERT INTO `collection` (id, serial, cardId) VALUES ('Car', 3, 'Car_7');
INSERT INTO `collection` (id, serial, cardId) VALUES ('Car', 4, 'Car_9');
INSERT INTO `collection` (id, serial, cardId) VALUES ('Car', 5, 'Car_10');
INSERT INTO `collection` (id, serial, cardId) VALUES ('Car', 6, 'Car_12');
INSERT INTO `collection` (id, serial, cardId) VALUES ('Car', 7, 'Car_13');
INSERT INTO `collection` (id, serial, cardId) VALUES ('Car', 8, 'Car_18');
INSERT INTO `collection` (id, serial, cardId) VALUES ('Car', 9, 'Car_23');
INSERT INTO `collection` (id, serial, cardId) VALUES ('Car', 10, 'Car_29');
INSERT INTO `collection` (id, serial, cardId) VALUES ('Car', 11, 'Car_32');
INSERT INTO `collection` (id, serial, cardId) VALUES ('Car', 12, 'Car_35');
INSERT INTO `collection` (id, serial, cardId) VALUES ('Car', 13, 'Car_38');
INSERT INTO `collection` (id, serial, cardId) VALUES ('Bus', 1, 'Bus_3');
INSERT INTO `collection` (id, serial, cardId) VALUES ('Bus', 2, 'Bus_5');
INSERT INTO `collection` (id, serial, cardId) VALUES ('Bus', 3, 'Bus_7');
INSERT INTO `collection` (id, serial, cardId) VALUES ('Bus', 4, 'Bus_9');
INSERT INTO `collection` (id, serial, cardId) VALUES ('Bus', 5, 'Bus_10');
INSERT INTO `collection` (id, serial, cardId) VALUES ('Bus', 6, 'Bus_11');
INSERT INTO `collection` (id, serial, cardId) VALUES ('Bus', 7, 'Bus_12');
INSERT INTO `collection` (id, serial, cardId) VALUES ('Bus', 8, 'Bus_13');
INSERT INTO `collection` (id, serial, cardId) VALUES ('Bus', 9, 'Bus_18');
INSERT INTO `collection` (id, serial, cardId) VALUES ('Bus', 10, 'Bus_25');
INSERT INTO `collection` (id, serial, cardId) VALUES ('Bus', 11, 'Bus_31');
INSERT INTO `collection` (id, serial, cardId) VALUES ('Bus', 12, 'Bus_34');
INSERT INTO `collection` (id, serial, cardId) VALUES ('Bus', 13, 'Bus_37');
INSERT INTO `collection` (id, serial, cardId) VALUES ('Bus', 14, 'Bus_40');
INSERT INTO `collection` (id, serial, cardId) VALUES ('Magari', 0, 'Auto rickshaw');
INSERT INTO `collection` (id, serial, cardId) VALUES ('Magari', 1, 'Tractor');
INSERT INTO `collection` (id, serial, cardId) VALUES ('Magari', 2, 'Boat');
INSERT INTO `collection` (id, serial, cardId) VALUES ('Magari', 3, 'Airplane');
INSERT INTO `collection` (id, serial, cardId) VALUES ('Magari', 4, 'Train');
INSERT INTO `collection` (id, serial, cardId) VALUES ('Magari', 5, 'Trucks');
INSERT INTO `collection` (id, serial, cardId) VALUES ('Magari', 6, 'Bicycle');
INSERT INTO `collection` (id, serial, cardId) VALUES ('Magari', 7, 'Car');
INSERT INTO `collection` (id, serial, cardId) VALUES ('Magari', 8, 'Bus');
