INSERT INTO `card` (id, type, title, header, content, option) VALUES ('Fisherman', 2, 'Fisherman', 'assets/topic/fisherman.svg', 'A fisherman or fisher is someone who catch fish and other water animals for their living or for sport.', 'FFCFB5DD');
INSERT INTO `card` (id, type, title, header, content, option) VALUES ('Fisherman_3', 1, 'Draw a fisherman', 'assets/topic/fisherman_bg.svg', 'Draw a fisherman catching fish', NULL);
INSERT INTO `cardExtra` (cardId, type, serial, content) VALUES ('Fisherman_3', 2, 1, 'assets/topic/fisherman_bg.svg');
INSERT INTO `card` (id, type, title, header, content, option) VALUES ('Fisherman_5', 1, 'Take a picture of fisherman', 'assets/topic/fisherman_background.svg', 'Take a picture of fisherman and decorate it', NULL);
INSERT INTO `cardExtra` (cardId, type, serial, content) VALUES ('Fisherman_5', 2, 1, 'assets/topic/fisherman_background.svg');
INSERT INTO `card` (id, type, title, header, content, option) VALUES ('Fisherman_7', 1, 'Draw a fishing stick', 'assets/topic/fishing_bg.svg', 'Draw a fishing stick and decorate it.', NULL);
INSERT INTO `cardExtra` (cardId, type, serial, content) VALUES ('Fisherman_7', 2, 1, 'assets/topic/fishing_bg.svg');
INSERT INTO `card` (id, type, title, header, content, option) VALUES ('Fisherman_9', 3, 'Life of a fisherman', 'assets/topic/Fisherman_life.jpg', 'A fisherman is an individual whose work is to catch fish in the ponds, canals and even 
in rivers and sell it in the local markets. His main profession is to earn his living by 
selling fish.', NULL);
INSERT INTO `card` (id, type, title, header, content, option) VALUES ('Fisherman_10', 3, 'Importance of a fisherman', 'assets/topic/Fisherman_02.jpg', 'A fisherman catches fish everyday. The fishermen promote economic growth and protect our 
environment and natural resources.', NULL);
INSERT INTO `card` (id, type, title, header, content, option) VALUES ('Fisherman_11', 0, 'A fisherman is an individual whose work is not to 
catch fish.', 'assets/topic/fisherman_catch_fish.jpg', NULL, 'oneAtATime');
INSERT INTO `cardExtra` (cardId, type, serial, content) VALUES ('Fisherman_11', 1, 1, 'False.');
INSERT INTO `cardExtra` (cardId, type, serial, content) VALUES ('Fisherman_11', 0, 1, 'True.');
INSERT INTO `card` (id, type, title, header, content, option) VALUES ('Fisherman_14', 3, 'Fishing tackle', 'assets/topic/Fisherman_03.jpg', 'Fishing tackle is a general term that refers to the equipment used by fishermen when 
fishing. Almost any equipment used for fishing can be called a fishing tackle. 
Some examples are hooks, lines, sinkers, spears, nets, traps, waders and tackle boxes.', NULL);
INSERT INTO `card` (id, type, title, header, content, option) VALUES ('Fisherman_15', 0, 'Group different types of fishing tackles.', 'assets/topic/fishing_hook.png', NULL, 'many');
INSERT INTO `cardExtra` (cardId, type, serial, content) VALUES ('Fisherman_15', 1, 1, 'Hooks');
INSERT INTO `cardExtra` (cardId, type, serial, content) VALUES ('Fisherman_15', 1, 2, 'Sinkers');
INSERT INTO `cardExtra` (cardId, type, serial, content) VALUES ('Fisherman_15', 1, 3, 'Spears');
INSERT INTO `cardExtra` (cardId, type, serial, content) VALUES ('Fisherman_15', 1, 4, 'Nets');
INSERT INTO `cardExtra` (cardId, type, serial, content) VALUES ('Fisherman_15', 1, 5, 'Traps');
INSERT INTO `cardExtra` (cardId, type, serial, content) VALUES ('Fisherman_15', 0, 1, 'Ball');
INSERT INTO `cardExtra` (cardId, type, serial, content) VALUES ('Fisherman_15', 0, 2, 'Balloon');
INSERT INTO `cardExtra` (cardId, type, serial, content) VALUES ('Fisherman_15', 0, 3, 'Water');
INSERT INTO `card` (id, type, title, header, content, option) VALUES ('Fisherman_24', 0, 'Net is used as one of the fishing tackle.', 'assets/topic/fishing_net2.jpg', NULL, 'oneAtATime');
INSERT INTO `cardExtra` (cardId, type, serial, content) VALUES ('Fisherman_24', 1, 1, 'True.');
INSERT INTO `cardExtra` (cardId, type, serial, content) VALUES ('Fisherman_24', 0, 1, 'False.');
INSERT INTO `card` (id, type, title, header, content, option) VALUES ('Fisherman_27', 3, 'Benifits of Fishing', 'assets/topic/fishing_for_health.jpg', 'Fishing increases vitamin D. Vitamin D helps regulate the amount of calcium in the 
human body, keeping the bones and teeth healthy. It boosts the immune system.', NULL);
INSERT INTO `card` (id, type, title, header, content, option) VALUES ('Fisherman_28', 0, 'Which vitamin is increased by the fishing activity?', 'assets/topic/vitamin_D.jpg', NULL, 'oneAtATime');
INSERT INTO `cardExtra` (cardId, type, serial, content) VALUES ('Fisherman_28', 1, 1, 'Vitamin D');
INSERT INTO `cardExtra` (cardId, type, serial, content) VALUES ('Fisherman_28', 0, 1, 'Vitamin C');
INSERT INTO `cardExtra` (cardId, type, serial, content) VALUES ('Fisherman_28', 0, 2, 'Vitamin E');
INSERT INTO `cardExtra` (cardId, type, serial, content) VALUES ('Fisherman_28', 0, 3, 'Vitamin K');
INSERT INTO `card` (id, type, title, header, content, option) VALUES ('Fisherman_33', 0, 'Vitamin D helps in keeping the bone and teeth
healthy.', 'assets/topic/teeth.png', NULL, 'oneAtATime');
INSERT INTO `cardExtra` (cardId, type, serial, content) VALUES ('Fisherman_33', 1, 1, 'True.');
INSERT INTO `cardExtra` (cardId, type, serial, content) VALUES ('Fisherman_33', 0, 1, 'False.');
INSERT INTO `card` (id, type, title, header, content, option) VALUES ('Fisherman_36', 0, 'Where do fisherman catch fish?', 'assets/topic/fisherman_04.jpg', NULL, 'oneAtATime');
INSERT INTO `cardExtra` (cardId, type, serial, content) VALUES ('Fisherman_36', 1, 1, 'Water bodies');
INSERT INTO `cardExtra` (cardId, type, serial, content) VALUES ('Fisherman_36', 0, 1, 'Land');
INSERT INTO `cardExtra` (cardId, type, serial, content) VALUES ('Fisherman_36', 0, 2, 'Air');
INSERT INTO `cardExtra` (cardId, type, serial, content) VALUES ('Fisherman_36', 0, 3, 'Fire');
INSERT INTO `card` (id, type, title, header, content, option) VALUES ('Fisherman_41', 0, 'Match image with their names.', 'assets/topic/fish_match.jpg', NULL, 'pair');
INSERT INTO `cardExtra` (cardId, type, serial, content) VALUES ('Fisherman_41', 1, 1, 'assets/topic/fishing_net.jpg');
INSERT INTO `cardExtra` (cardId, type, serial, content) VALUES ('Fisherman_41', 1, 2, 'Fishing net');
INSERT INTO `cardExtra` (cardId, type, serial, content) VALUES ('Fisherman_41', 1, 3, 'assets/topic/fishing_stick.jpg');
INSERT INTO `cardExtra` (cardId, type, serial, content) VALUES ('Fisherman_41', 1, 4, 'Fishing stick');
INSERT INTO `cardExtra` (cardId, type, serial, content) VALUES ('Fisherman_41', 1, 5, 'assets/topic/Fisherman.jpg');
INSERT INTO `cardExtra` (cardId, type, serial, content) VALUES ('Fisherman_41', 1, 6, 'Fisherman');
INSERT INTO `card` (id, type, title, header, content, option) VALUES ('Engineer', 2, 'Engineer', 'assets/topic/engineer.svg', 'Engineers are people who design or build things that we use every day.
Engineering is the use of science and math to design or make things. 
People who do engineering are called engineers.', 'FFB3C8FF');
INSERT INTO `card` (id, type, title, header, content, option) VALUES ('Engineer_3', 1, 'Take a picture of electrical engineer.', 'assets/topic/engineer_svg01.svg', 'Take a picture of electrical engineer and decorate it.', NULL);
INSERT INTO `cardExtra` (cardId, type, serial, content) VALUES ('Engineer_3', 2, 1, 'assets/topic/engineer_svg01.svg');
INSERT INTO `card` (id, type, title, header, content, option) VALUES ('Engineer_5', 1, 'Take a picture of mechanical engineer.', 'assets/topic/mech_engineer.svg', 'Take a picture of mechanical engineer and decorate it.', NULL);
INSERT INTO `cardExtra` (cardId, type, serial, content) VALUES ('Engineer_5', 2, 1, 'assets/topic/mech_engineer.svg');
INSERT INTO `card` (id, type, title, header, content, option) VALUES ('Engineer_7', 1, 'Take a picture of civil engineer.', 'assets/topic/civ_engineer.svg', 'Take a picture of civil engineer and decorate it.', NULL);
INSERT INTO `cardExtra` (cardId, type, serial, content) VALUES ('Engineer_7', 2, 1, 'assets/topic/civ_engineer.svg');
INSERT INTO `card` (id, type, title, header, content, option) VALUES ('Engineer_9', 3, 'About engineers', 'assets/topic/engineer_02.jpg', 'Engineers are individuals who design and build things that are used in everyday life. There are different types of engineers working in different fields such as electrical engineer, mechanical engineer, civil engineer etc', NULL);
INSERT INTO `card` (id, type, title, header, content, option) VALUES ('Engineer_10', 0, 'People who do engineering are called as?', 'assets/topic/engineer.jpg', NULL, 'oneAtATime');
INSERT INTO `cardExtra` (cardId, type, serial, content) VALUES ('Engineer_10', 1, 1, 'Engineers');
INSERT INTO `cardExtra` (cardId, type, serial, content) VALUES ('Engineer_10', 0, 1, 'Carpenter');
INSERT INTO `cardExtra` (cardId, type, serial, content) VALUES ('Engineer_10', 0, 2, 'Plumber');
INSERT INTO `cardExtra` (cardId, type, serial, content) VALUES ('Engineer_10', 0, 3, 'Police');
INSERT INTO `card` (id, type, title, header, content, option) VALUES ('Engineer_15', 3, 'Electrical engineer', 'assets/topic/electrical_engineer.jpg', 'Look around your house or outdoors. You find devices that are plugged in or use batteries 
to get electricity to work  All of these devices have been created and designed by electrical 
engineers.', NULL);
INSERT INTO `card` (id, type, title, header, content, option) VALUES ('Engineer_16', 0, 'Any device that are plugged in or use 
batteries to get electricity to work is designed 
by?', 'assets/topic/electrical_engineer.jpg', NULL, 'oneAtATime');
INSERT INTO `cardExtra` (cardId, type, serial, content) VALUES ('Engineer_16', 1, 1, 'Electrical engineer');
INSERT INTO `cardExtra` (cardId, type, serial, content) VALUES ('Engineer_16', 0, 1, 'Carpenter');
INSERT INTO `cardExtra` (cardId, type, serial, content) VALUES ('Engineer_16', 0, 2, 'Plumber');
INSERT INTO `cardExtra` (cardId, type, serial, content) VALUES ('Engineer_16', 0, 3, 'Police');
INSERT INTO `card` (id, type, title, header, content, option) VALUES ('Engineer_21', 0, 'Electrical engineering is the name for the field 
in which people invent and fix electronic 
devices.', 'assets/topic/electronic_device.jpg', NULL, 'oneAtATime');
INSERT INTO `cardExtra` (cardId, type, serial, content) VALUES ('Engineer_21', 1, 1, 'True.');
INSERT INTO `cardExtra` (cardId, type, serial, content) VALUES ('Engineer_21', 0, 1, 'False.');
INSERT INTO `card` (id, type, title, header, content, option) VALUES ('Engineer_24', 3, 'Mechanical engineer', 'assets/topic/mechanical_engineer.jpg', 'Mechanical engineer builts a car and other vehicles and. It is one of the oldest and broadest 
engineering disciplines.', NULL);
INSERT INTO `card` (id, type, title, header, content, option) VALUES ('Engineer_25', 0, 'Mechanical engineer builts a car and other 
vehicles.', 'assets/topic/cars.jpg', NULL, 'oneAtATime');
INSERT INTO `cardExtra` (cardId, type, serial, content) VALUES ('Engineer_25', 1, 1, 'True.');
INSERT INTO `cardExtra` (cardId, type, serial, content) VALUES ('Engineer_25', 0, 1, 'False.');
INSERT INTO `card` (id, type, title, header, content, option) VALUES ('Engineer_28', 3, 'Civil engineer', 'assets/topic/civil_engineer.jpg', 'Civil engineering is the term for the work of designing and building structures. 
It usually means large structures, like bridges, dams, buildings, and tunnels.', NULL);
INSERT INTO `card` (id, type, title, header, content, option) VALUES ('Engineer_29', 0, 'Who designs and builds structure?', 'assets/topic/civil_engineer.jpg', NULL, 'oneAtATime');
INSERT INTO `cardExtra` (cardId, type, serial, content) VALUES ('Engineer_29', 1, 1, 'Civil engineer');
INSERT INTO `cardExtra` (cardId, type, serial, content) VALUES ('Engineer_29', 0, 1, 'Electrical engineer');
INSERT INTO `cardExtra` (cardId, type, serial, content) VALUES ('Engineer_29', 0, 2, 'Driver');
INSERT INTO `cardExtra` (cardId, type, serial, content) VALUES ('Engineer_29', 0, 3, 'Swimmer');
INSERT INTO `card` (id, type, title, header, content, option) VALUES ('Engineer_34', 0, 'Group structures built by civil engeineer.', 'assets/topic/bridges.jpg', NULL, 'many');
INSERT INTO `cardExtra` (cardId, type, serial, content) VALUES ('Engineer_34', 1, 1, 'Bridges');
INSERT INTO `cardExtra` (cardId, type, serial, content) VALUES ('Engineer_34', 1, 2, 'Dams');
INSERT INTO `cardExtra` (cardId, type, serial, content) VALUES ('Engineer_34', 1, 3, 'Buildings');
INSERT INTO `cardExtra` (cardId, type, serial, content) VALUES ('Engineer_34', 1, 4, 'Tunnels');
INSERT INTO `cardExtra` (cardId, type, serial, content) VALUES ('Engineer_34', 0, 1, 'Radio');
INSERT INTO `cardExtra` (cardId, type, serial, content) VALUES ('Engineer_34', 0, 2, 'Fan');
INSERT INTO `cardExtra` (cardId, type, serial, content) VALUES ('Engineer_34', 0, 3, 'Table');
INSERT INTO `card` (id, type, title, header, content, option) VALUES ('Engineer_42', 0, 'Civil engineers involve planning and 
construction, maintenance and demolition 
Structres.', 'assets/topic/demolition.jpg', NULL, 'oneAtATime');
INSERT INTO `cardExtra` (cardId, type, serial, content) VALUES ('Engineer_42', 1, 1, 'True.');
INSERT INTO `cardExtra` (cardId, type, serial, content) VALUES ('Engineer_42', 0, 1, 'False.');
INSERT INTO `card` (id, type, title, header, content, option) VALUES ('Engineer_45', 0, 'Match the engineers with their job tools.', 'assets/topic/engineer_45.jpg', NULL, 'pair');
INSERT INTO `cardExtra` (cardId, type, serial, content) VALUES ('Engineer_45', 1, 1, 'assets/topic/electrical_engineer.jpg');
INSERT INTO `cardExtra` (cardId, type, serial, content) VALUES ('Engineer_45', 1, 2, 'Wires and circuit boards.');
INSERT INTO `cardExtra` (cardId, type, serial, content) VALUES ('Engineer_45', 1, 3, 'assets/topic/mechanical_engineer.jpg');
INSERT INTO `cardExtra` (cardId, type, serial, content) VALUES ('Engineer_45', 1, 4, 'Car');
INSERT INTO `cardExtra` (cardId, type, serial, content) VALUES ('Engineer_45', 1, 5, 'assets/topic/civil_engineer.jpg');
INSERT INTO `cardExtra` (cardId, type, serial, content) VALUES ('Engineer_45', 1, 6, 'Bridge');
INSERT INTO `card` (id, type, title, header, content, option) VALUES ('Farmer', 2, 'Farmer.', 'assets/topic/farmer.svg', 'A farmer is  an individual who grows crops and raises animals for human use. Farmers work hard and for long hours. They work in all season and all weather conditions.', 'FF9DEDE3');
INSERT INTO `card` (id, type, title, header, content, option) VALUES ('Farmer_3', 1, 'Draw a farmer.', 'assets/topic/crop_svg01.svg', 'Draw a farmer', NULL);
INSERT INTO `cardExtra` (cardId, type, serial, content) VALUES ('Farmer_3', 2, 1, 'assets/topic/crop_svg01.svg');
INSERT INTO `card` (id, type, title, header, content, option) VALUES ('Farmer_5', 1, 'Take a picture of a farmer.', 'assets/topic/agriculture-2027001.svg', 'Take a picture of a farmer and decorate it.', NULL);
INSERT INTO `cardExtra` (cardId, type, serial, content) VALUES ('Farmer_5', 2, 1, 'assets/topic/agriculture-2027001.svg');
INSERT INTO `card` (id, type, title, header, content, option) VALUES ('Farmer_7', 1, 'Take picture of different crops.', 'assets/topic/forest_svg02.svg', 'Take picture of five different crops and post it.', NULL);
INSERT INTO `cardExtra` (cardId, type, serial, content) VALUES ('Farmer_7', 2, 1, 'assets/topic/forest_svg02.svg');
INSERT INTO `card` (id, type, title, header, content, option) VALUES ('Farmer_9', 1, 'Take picture of domestic animals', 'assets/topic/bull-47873.svg', 'Take picture of three different domesticated animals for farming', NULL);
INSERT INTO `cardExtra` (cardId, type, serial, content) VALUES ('Farmer_9', 2, 1, 'assets/topic/bull-47873.svg');
INSERT INTO `card` (id, type, title, header, content, option) VALUES ('Farmer_11', 3, 'About farmer', 'assets/topic/farmer_02.jpg', 'The farmer grow crops in a larger scale. Farming has been practiced in mankind since ten thousand years. 
The first farmer started taming animals and growing crops in smaller scale.Farming is practiced all around 
the world. The one who does farming is called as a farmer. He is actually called as the country''s backbone. 
The whole process of farming is called as agriculture.', NULL);
INSERT INTO `card` (id, type, title, header, content, option) VALUES ('Farmer_12', 0, 'Who is called as the backbone of the country?', 'assets/topic/farmer.jpg', NULL, 'oneAtATime');
INSERT INTO `cardExtra` (cardId, type, serial, content) VALUES ('Farmer_12', 1, 1, 'Farmer');
INSERT INTO `cardExtra` (cardId, type, serial, content) VALUES ('Farmer_12', 0, 1, 'Doctor');
INSERT INTO `cardExtra` (cardId, type, serial, content) VALUES ('Farmer_12', 0, 2, 'Carpenter');
INSERT INTO `cardExtra` (cardId, type, serial, content) VALUES ('Farmer_12', 0, 3, 'Fisherman');
INSERT INTO `card` (id, type, title, header, content, option) VALUES ('Farmer_17', 0, 'Farmer is a backbone of the country.', 'assets/topic/farmer.jpg', NULL, 'oneAtATime');
INSERT INTO `cardExtra` (cardId, type, serial, content) VALUES ('Farmer_17', 1, 1, 'True.');
INSERT INTO `cardExtra` (cardId, type, serial, content) VALUES ('Farmer_17', 0, 1, 'False.');
INSERT INTO `card` (id, type, title, header, content, option) VALUES ('Farmer_20', 3, 'Types of farming', 'assets/topic/farming.jpg', 'There are many types of farming. The three basic types of farming are crop farming, animal farming and mixed crop farming.', NULL);
INSERT INTO `card` (id, type, title, header, content, option) VALUES ('Farmer_21', 3, 'Types of farming 1', 'assets/topic/farmer_sowing1.jpg', 'Basically in crop farming, the farmer sows same crop for a particular season for example if wheat is sown 
in first season then rice is sown in the next season.', NULL);
INSERT INTO `card` (id, type, title, header, content, option) VALUES ('Farmer_22', 3, 'Types of farming 2', 'assets/topic/farmer_sowing2.jpg', 'In mixed croping, the farmer sow two or more different types of crops in the same field at same season 
for example wheat, gram and mustard are grown in the same field.', NULL);
INSERT INTO `card` (id, type, title, header, content, option) VALUES ('Farmer_23', 3, 'Types of farming 3', 'assets/topic/farmer_sowing3.jpg', 'Animal farming is the practice of animal breeding. The breeding is done for animal products. Cows are 
breed for dairy products. Poultry farming, where domesticated birds like hen, duck, turkey etc are raised 
to get meat and egg.', NULL);
INSERT INTO `card` (id, type, title, header, content, option) VALUES ('Farmer_24', 0, 'What type of bird is domesticated in 
poultry farming?', 'assets/topic/hen.jpg', NULL, 'oneAtATime');
INSERT INTO `cardExtra` (cardId, type, serial, content) VALUES ('Farmer_24', 1, 1, 'Hen');
INSERT INTO `cardExtra` (cardId, type, serial, content) VALUES ('Farmer_24', 0, 1, 'Eagle');
INSERT INTO `cardExtra` (cardId, type, serial, content) VALUES ('Farmer_24', 0, 2, 'Crow');
INSERT INTO `cardExtra` (cardId, type, serial, content) VALUES ('Farmer_24', 0, 3, 'Peacock');
INSERT INTO `card` (id, type, title, header, content, option) VALUES ('Farmer_29', 0, 'Duck is used for poultry farming.', 'assets/topic/duck01.jpg', NULL, 'oneAtATime');
INSERT INTO `cardExtra` (cardId, type, serial, content) VALUES ('Farmer_29', 1, 1, 'True.');
INSERT INTO `cardExtra` (cardId, type, serial, content) VALUES ('Farmer_29', 0, 1, 'False.');
INSERT INTO `card` (id, type, title, header, content, option) VALUES ('Farmer_32', 3, 'Types of seeds farmer grows and natural 
resources.', 'assets/topic/seeds.jpg', 'Maize, sorghum, millet, rice, wheat, Potatoes etc are the basic types of food crops a farmer grows. Fertile soil, continues water supply and sunlight are the three natural resources that help a farmer to have good crop production.', NULL);
INSERT INTO `card` (id, type, title, header, content, option) VALUES ('Farmer_33', 0, 'Group differnt types of seeds.', 'assets/topic/seeds.jpg', NULL, 'oneAtATime');
INSERT INTO `cardExtra` (cardId, type, serial, content) VALUES ('Farmer_33', 1, 1, 'Maize');
INSERT INTO `cardExtra` (cardId, type, serial, content) VALUES ('Farmer_33', 1, 2, 'Millet');
INSERT INTO `cardExtra` (cardId, type, serial, content) VALUES ('Farmer_33', 1, 3, 'Rice');
INSERT INTO `cardExtra` (cardId, type, serial, content) VALUES ('Farmer_33', 1, 4, 'Wheat');
INSERT INTO `cardExtra` (cardId, type, serial, content) VALUES ('Farmer_33', 1, 5, 'Potato');
INSERT INTO `cardExtra` (cardId, type, serial, content) VALUES ('Farmer_33', 0, 1, 'Hen');
INSERT INTO `cardExtra` (cardId, type, serial, content) VALUES ('Farmer_33', 0, 2, 'Duck');
INSERT INTO `card` (id, type, title, header, content, option) VALUES ('Farmer_41', 3, 'A little more about the farming and farmer.', 'assets/topic/farming_imp.jpg', 'Technology has produced different machine and vehicle like tractor which has made farming very easier. 
Earthworms are known to be a farmer''s best friend. Earthworms helps in making the land fertile that is 
good for growing crops.', NULL);
INSERT INTO `card` (id, type, title, header, content, option) VALUES ('Farmer_42', 0, 'Who is a farmer''s best friend?', 'assets/topic/earthworm.jpg', NULL, 'oneAtATime');
INSERT INTO `cardExtra` (cardId, type, serial, content) VALUES ('Farmer_42', 1, 1, 'Earthworm');
INSERT INTO `cardExtra` (cardId, type, serial, content) VALUES ('Farmer_42', 0, 1, 'Crow');
INSERT INTO `cardExtra` (cardId, type, serial, content) VALUES ('Farmer_42', 0, 2, 'Bat');
INSERT INTO `cardExtra` (cardId, type, serial, content) VALUES ('Farmer_42', 0, 3, 'Tiger');
INSERT INTO `card` (id, type, title, header, content, option) VALUES ('Farmer_47', 0, 'Tractor is not used for farming.', 'assets/topic/tractor.jpg', NULL, 'oneAtATime');
INSERT INTO `cardExtra` (cardId, type, serial, content) VALUES ('Farmer_47', 1, 1, 'False.');
INSERT INTO `cardExtra` (cardId, type, serial, content) VALUES ('Farmer_47', 0, 1, 'True.');
INSERT INTO `card` (id, type, title, header, content, option) VALUES ('Farmer_50', 0, 'Match the images', 'assets/topic/farming_47.jpg', NULL, 'pair');
INSERT INTO `cardExtra` (cardId, type, serial, content) VALUES ('Farmer_50', 1, 1, 'assets/topic/farmer.jpg');
INSERT INTO `cardExtra` (cardId, type, serial, content) VALUES ('Farmer_50', 1, 2, 'assets/topic/earthworm.jpg');
INSERT INTO `cardExtra` (cardId, type, serial, content) VALUES ('Farmer_50', 1, 3, 'assets/topic/tractor.jpg');
INSERT INTO `cardExtra` (cardId, type, serial, content) VALUES ('Farmer_50', 1, 4, 'assets/topic/tractor_tilling.jpg');
INSERT INTO `cardExtra` (cardId, type, serial, content) VALUES ('Farmer_50', 1, 5, 'assets/topic/poultry.jpg');
INSERT INTO `cardExtra` (cardId, type, serial, content) VALUES ('Farmer_50', 1, 6, 'assets/topic/egg.jpg');
INSERT INTO `cardExtra` (cardId, type, serial, content) VALUES ('Farmer_50', 1, 7, 'assets/topic/cow.jpg');
INSERT INTO `cardExtra` (cardId, type, serial, content) VALUES ('Farmer_50', 1, 8, 'assets/topic/milk.jpg');
INSERT INTO `card` (id, type, title, header, content, option) VALUES ('Teacher', 2, 'Teacher', 'assets/topic/teacher.svg', 'A teacher is an individual who is trained to teach children. A teacher teaches from early stage of the children to their adult stage.', 'FFCFB5DD');
INSERT INTO `card` (id, type, title, header, content, option) VALUES ('Teacher_3', 1, 'Draw a teacher', 'assets/topic/teacher_svg01.svg', 'Draw teacher with black board behind her.', NULL);
INSERT INTO `cardExtra` (cardId, type, serial, content) VALUES ('Teacher_3', 2, 1, 'assets/topic/teacher_svg01.svg');
INSERT INTO `card` (id, type, title, header, content, option) VALUES ('Teacher_5', 1, 'Take a picture of teacher', 'assets/topic/ground_svg02.svg', 'Take a picture of teacher and decorate it.', NULL);
INSERT INTO `cardExtra` (cardId, type, serial, content) VALUES ('Teacher_5', 2, 1, 'assets/topic/ground_svg02.svg');
INSERT INTO `card` (id, type, title, header, content, option) VALUES ('Teacher_7', 1, 'Take a picture of school.', 'assets/topic/school-295210.svg', 'Take a picture of school. Paint and decorate the picture', NULL);
INSERT INTO `cardExtra` (cardId, type, serial, content) VALUES ('Teacher_7', 2, 1, 'assets/topic/school-295210.svg');
INSERT INTO `card` (id, type, title, header, content, option) VALUES ('Teacher_9', 3, 'About teacher.', 'assets/topic/teacher_02.jpg', 'A teacher is an individual who helps others to learn. A teacher often works in a 
classroom.', NULL);
INSERT INTO `card` (id, type, title, header, content, option) VALUES ('Teacher_10', 0, 'Where does a teacher often work?', 'assets/topic/classroom.jpg', NULL, 'oneAtATime');
INSERT INTO `cardExtra` (cardId, type, serial, content) VALUES ('Teacher_10', 1, 1, 'Classroom');
INSERT INTO `cardExtra` (cardId, type, serial, content) VALUES ('Teacher_10', 0, 1, 'Play ground');
INSERT INTO `cardExtra` (cardId, type, serial, content) VALUES ('Teacher_10', 0, 2, 'Forest');
INSERT INTO `cardExtra` (cardId, type, serial, content) VALUES ('Teacher_10', 0, 3, 'Beaches');
INSERT INTO `card` (id, type, title, header, content, option) VALUES ('Teacher_15', 3, 'Teachers way of teaching.', 'assets/topic/teaching_way.jpg', 'There are different ways of teaching. Initially teachers used chalk to write on the black board but 
today teachers are using marker pens to write on the white boards. Teachers often explain new 
concept, and help students with their work.', NULL);
INSERT INTO `card` (id, type, title, header, content, option) VALUES ('Teacher_16', 0, 'Erasable marker pen is used to write on white
board.', 'assets/topic/marker.jpg', NULL, 'oneAtATime');
INSERT INTO `cardExtra` (cardId, type, serial, content) VALUES ('Teacher_16', 1, 1, 'True.');
INSERT INTO `cardExtra` (cardId, type, serial, content) VALUES ('Teacher_16', 0, 1, 'False.');
INSERT INTO `card` (id, type, title, header, content, option) VALUES ('Teacher_19', 0, 'What will teachers use to write on a black 
board.', 'assets/topic/chockpiece.jpg', NULL, 'oneAtATime');
INSERT INTO `cardExtra` (cardId, type, serial, content) VALUES ('Teacher_19', 1, 1, 'Chalk piece');
INSERT INTO `cardExtra` (cardId, type, serial, content) VALUES ('Teacher_19', 0, 1, 'Pen');
INSERT INTO `cardExtra` (cardId, type, serial, content) VALUES ('Teacher_19', 0, 2, 'pencil');
INSERT INTO `cardExtra` (cardId, type, serial, content) VALUES ('Teacher_19', 0, 3, 'Rubber');
INSERT INTO `card` (id, type, title, header, content, option) VALUES ('Teacher_24', 3, 'Teacher bond with student.', 'assets/topic/teacher_03.jpg', 'A school teacher is person who is trained to educate childrens. The teachers form strong 
relationships with their students. The teachers teach them life lessons making them good human.', NULL);
INSERT INTO `card` (id, type, title, header, content, option) VALUES ('Teacher_25', 0, 'A school teacher is person who is trained to 
educate childrens.', 'assets/topic/school_teacher.png', NULL, 'oneAtATime');
INSERT INTO `cardExtra` (cardId, type, serial, content) VALUES ('Teacher_25', 1, 1, 'True.');
INSERT INTO `cardExtra` (cardId, type, serial, content) VALUES ('Teacher_25', 0, 1, 'False.');
INSERT INTO `card` (id, type, title, header, content, option) VALUES ('Teacher_28', 0, 'What type of relationship do teachers form
with their students.', 'assets/topic/teacher_04.jpg', NULL, 'oneAtATime');
INSERT INTO `cardExtra` (cardId, type, serial, content) VALUES ('Teacher_28', 1, 1, 'Strong relationship');
INSERT INTO `cardExtra` (cardId, type, serial, content) VALUES ('Teacher_28', 0, 1, 'Week relationship');
INSERT INTO `cardExtra` (cardId, type, serial, content) VALUES ('Teacher_28', 0, 2, 'No relationship');
INSERT INTO `cardExtra` (cardId, type, serial, content) VALUES ('Teacher_28', 0, 3, 'Mad relationship');
INSERT INTO `card` (id, type, title, header, content, option) VALUES ('Teacher_33', 3, 'Qualities of teachers.', 'assets/topic/teaching_12.jpg', 'The top five qualities of a teacher are:
Care
Patience
Good knowledge
Dedication 
understanding', NULL);
INSERT INTO `card` (id, type, title, header, content, option) VALUES ('Teacher_34', 0, 'Group the qualities of great teacher', 'assets/topic/caring.jpg', NULL, 'many');
INSERT INTO `cardExtra` (cardId, type, serial, content) VALUES ('Teacher_34', 1, 1, 'Care');
INSERT INTO `cardExtra` (cardId, type, serial, content) VALUES ('Teacher_34', 1, 2, 'Patience');
INSERT INTO `cardExtra` (cardId, type, serial, content) VALUES ('Teacher_34', 1, 3, 'Good knowledge');
INSERT INTO `cardExtra` (cardId, type, serial, content) VALUES ('Teacher_34', 1, 4, 'Dedication');
INSERT INTO `cardExtra` (cardId, type, serial, content) VALUES ('Teacher_34', 1, 5, 'understanding');
INSERT INTO `cardExtra` (cardId, type, serial, content) VALUES ('Teacher_34', 0, 1, 'Agressive');
INSERT INTO `cardExtra` (cardId, type, serial, content) VALUES ('Teacher_34', 0, 2, 'Foolish');
INSERT INTO `card` (id, type, title, header, content, option) VALUES ('Teacher_42', 0, 'Great teachers have good patience.', 'assets/topic/teaching_way.jpg', NULL, 'oneAtATime');
INSERT INTO `cardExtra` (cardId, type, serial, content) VALUES ('Teacher_42', 1, 1, 'True.');
INSERT INTO `cardExtra` (cardId, type, serial, content) VALUES ('Teacher_42', 0, 1, 'False.');
INSERT INTO `card` (id, type, title, header, content, option) VALUES ('Teacher_45', 0, 'Match images with their relative images', 'assets/topic/teaching_45.jpg', NULL, 'pair');
INSERT INTO `cardExtra` (cardId, type, serial, content) VALUES ('Teacher_45', 1, 1, 'assets/topic/student.jpg');
INSERT INTO `cardExtra` (cardId, type, serial, content) VALUES ('Teacher_45', 1, 2, 'assets/topic/teacher.jpg');
INSERT INTO `cardExtra` (cardId, type, serial, content) VALUES ('Teacher_45', 1, 3, 'assets/topic/blackboard.jpg');
INSERT INTO `cardExtra` (cardId, type, serial, content) VALUES ('Teacher_45', 1, 4, 'assets/topic/chockpiece.jpg');
INSERT INTO `cardExtra` (cardId, type, serial, content) VALUES ('Teacher_45', 1, 5, 'assets/topic/whiteboard.jpg');
INSERT INTO `cardExtra` (cardId, type, serial, content) VALUES ('Teacher_45', 1, 6, 'assets/topic/marker.jpg');
INSERT INTO `card` (id, type, title, header, content, option) VALUES ('Doctor', 2, 'Doctor', 'assets/topic/doctor.svg', 'A Doctor is a person who gives treatment to sick people. The doctor prescribes the medicine for the sick people. The doctor advices precautionary measures to lead a healthy life.', 'FFB3C8FF');
INSERT INTO `card` (id, type, title, header, content, option) VALUES ('Doctor_3', 1, 'Draw a doctor with a patient.', 'assets/topic/doctorPat.svg', 'Draw a doctor with a patient.', NULL);
INSERT INTO `cardExtra` (cardId, type, serial, content) VALUES ('Doctor_3', 2, 1, 'assets/topic/doctorPat.svg');
INSERT INTO `card` (id, type, title, header, content, option) VALUES ('Doctor_5', 1, 'Draw a stethoscope.', 'assets/topic/stethoscope-311855.svg', 'Draw a stethoscope.', NULL);
INSERT INTO `cardExtra` (cardId, type, serial, content) VALUES ('Doctor_5', 2, 1, 'assets/topic/stethoscope-311855.svg');
INSERT INTO `card` (id, type, title, header, content, option) VALUES ('Doctor_7', 1, 'Take a picture of hospital.', 'assets/topic/hospitalbuilding.svg', 'Take a picture of the hospital and decorate it.', NULL);
INSERT INTO `cardExtra` (cardId, type, serial, content) VALUES ('Doctor_7', 2, 1, 'assets/topic/hospitalbuilding.svg');
INSERT INTO `card` (id, type, title, header, content, option) VALUES ('Doctor_9', 3, 'About doctor.', 'assets/topic/doctor_02.jpg', 'We all admit that whenever we have fever, cold or cough we always go to a doctor.  Doctor is the person who has practiced medicine and is been trained to heal the sick.', NULL);
INSERT INTO `card` (id, type, title, header, content, option) VALUES ('Doctor_10', 0, 'Where do we go when we are sick?', 'assets/topic/doctor.jpg', '', 'oneAtATime');
INSERT INTO `cardExtra` (cardId, type, serial, content) VALUES ('Doctor_10', 1, 1, 'Doctor');
INSERT INTO `cardExtra` (cardId, type, serial, content) VALUES ('Doctor_10', 0, 1, 'Plumber');
INSERT INTO `cardExtra` (cardId, type, serial, content) VALUES ('Doctor_10', 0, 2, 'Teacher');
INSERT INTO `cardExtra` (cardId, type, serial, content) VALUES ('Doctor_10', 0, 3, 'Tailor');
INSERT INTO `card` (id, type, title, header, content, option) VALUES ('Doctor_15', 3, 'Hospital', 'assets/topic/hospital.jpg', 'A hospital is a place where the sick and the injured are healed. Doctors and nurses work at the hospital. Doctors make use of advanced medical technology to heal patients.', NULL);
INSERT INTO `card` (id, type, title, header, content, option) VALUES ('Doctor_16', 0, 'Doctors do not work in hospitals.', 'assets/topic/doctors_img.jpg', NULL, 'oneAtATime');
INSERT INTO `cardExtra` (cardId, type, serial, content) VALUES ('Doctor_16', 1, 1, 'Fasle.');
INSERT INTO `cardExtra` (cardId, type, serial, content) VALUES ('Doctor_16', 0, 1, 'True.');
INSERT INTO `card` (id, type, title, header, content, option) VALUES ('Doctor_19', 3, 'Stethoscope', 'assets/topic/stethoscope.jpg', 'A stethoscope is an instrument used by doctors and other medical people. It is used to measure the heartbeat and the breathing speed of an individual.', NULL);
INSERT INTO `card` (id, type, title, header, content, option) VALUES ('Doctor_20', 0, 'What is used to measure the heartbeat of a patient?', 'assets/topic/stethoscope.jpg', NULL, 'oneAtATime');
INSERT INTO `cardExtra` (cardId, type, serial, content) VALUES ('Doctor_20', 1, 1, 'Stethoscope');
INSERT INTO `cardExtra` (cardId, type, serial, content) VALUES ('Doctor_20', 0, 1, 'Bat');
INSERT INTO `cardExtra` (cardId, type, serial, content) VALUES ('Doctor_20', 0, 2, 'Ball');
INSERT INTO `cardExtra` (cardId, type, serial, content) VALUES ('Doctor_20', 0, 3, 'Hospital');
INSERT INTO `card` (id, type, title, header, content, option) VALUES ('Doctor_25', 0, 'Stethoscope is used to measure heartbeat.', 'assets/topic/stethoscope02.png', NULL, 'oneAtATime');
INSERT INTO `cardExtra` (cardId, type, serial, content) VALUES ('Doctor_25', 1, 1, 'True.');
INSERT INTO `cardExtra` (cardId, type, serial, content) VALUES ('Doctor_25', 0, 1, 'False.');
INSERT INTO `card` (id, type, title, header, content, option) VALUES ('Doctor_28', 3, 'Ambulance', 'assets/topic/ambulance.png', 'Every hospital has an ambulance. The ambulance is a vehicle used to attend the sick person in case of medical emergency. It has a symbol of red cross.', NULL);
INSERT INTO `card` (id, type, title, header, content, option) VALUES ('Doctor_29', 0, 'Name the hospital vehicle which is used to carry 
patients in times of emergency?', 'assets/topic/ambulance.png', NULL, 'oneAtATime');
INSERT INTO `card` (id, type, title, header, content, option) VALUES ('Doctor_30', 0, 'Ambulance is used to carry sick people.', 'assets/topic/ambulance02.jpg', NULL, 'oneAtATime');
INSERT INTO `cardExtra` (cardId, type, serial, content) VALUES ('Doctor_30', 1, 1, 'True.');
INSERT INTO `cardExtra` (cardId, type, serial, content) VALUES ('Doctor_30', 0, 1, 'False.');
INSERT INTO `card` (id, type, title, header, content, option) VALUES ('Doctor_33', 0, 'Select things related to a doctor', 'assets/topic/doctor_03.jpg', NULL, 'many');
INSERT INTO `cardExtra` (cardId, type, serial, content) VALUES ('Doctor_33', 1, 1, 'Stethoscope');
INSERT INTO `cardExtra` (cardId, type, serial, content) VALUES ('Doctor_33', 1, 2, 'Medicine');
INSERT INTO `cardExtra` (cardId, type, serial, content) VALUES ('Doctor_33', 1, 3, 'Medical staff');
INSERT INTO `cardExtra` (cardId, type, serial, content) VALUES ('Doctor_33', 1, 4, 'Hospital');
INSERT INTO `cardExtra` (cardId, type, serial, content) VALUES ('Doctor_33', 0, 1, 'Zebra');
INSERT INTO `cardExtra` (cardId, type, serial, content) VALUES ('Doctor_33', 0, 2, 'Football');
INSERT INTO `card` (id, type, title, header, content, option) VALUES ('Doctor_40', 0, 'Match images with their names.', 'assets/topic/doctor_03.jpg', NULL, 'pair');
INSERT INTO `cardExtra` (cardId, type, serial, content) VALUES ('Doctor_40', 1, 1, 'assets/topic/stethoscope.jpg');
INSERT INTO `cardExtra` (cardId, type, serial, content) VALUES ('Doctor_40', 1, 2, 'Stethoscope');
INSERT INTO `cardExtra` (cardId, type, serial, content) VALUES ('Doctor_40', 1, 3, 'assets/topic/hospital_44.jpg');
INSERT INTO `cardExtra` (cardId, type, serial, content) VALUES ('Doctor_40', 1, 4, 'doctor');
INSERT INTO `cardExtra` (cardId, type, serial, content) VALUES ('Doctor_40', 1, 5, 'assets/topic/ambulance.png');
INSERT INTO `cardExtra` (cardId, type, serial, content) VALUES ('Doctor_40', 1, 6, 'Ambulance');
INSERT INTO `cardExtra` (cardId, type, serial, content) VALUES ('Doctor_40', 1, 7, 'assets/topic/patient.jpg');
INSERT INTO `cardExtra` (cardId, type, serial, content) VALUES ('Doctor_40', 1, 8, 'Patient');
INSERT INTO `card` (id, type, title, header, content, option) VALUES ('Barber', 2, 'Barber', 'assets/topic/barber.svg', 'A barber is a person whose occupation is mainly to cut, dress, groom, style and shave men''s and boys'' hair.', 'FFF4E1B5');
INSERT INTO `card` (id, type, title, header, content, option) VALUES ('Barber_3', 1, 'Draw a barber', 'assets/topic/barber_svg1.svg', 'Draw a barber with scissors.', NULL);
INSERT INTO `cardExtra` (cardId, type, serial, content) VALUES ('Barber_3', 2, 1, 'assets/topic/barber_svg1.svg');
INSERT INTO `card` (id, type, title, header, content, option) VALUES ('Barber_5', 1, 'Take a picture of barber', 'assets/topic/barber_svg2.svg', 'Take a picture of barber and decorate it.', NULL);
INSERT INTO `cardExtra` (cardId, type, serial, content) VALUES ('Barber_5', 2, 1, 'assets/topic/barber_svg2.svg');
INSERT INTO `card` (id, type, title, header, content, option) VALUES ('Barber_7', 1, 'A Barber shop', 'assets/topic/barber_svg3.svg', 'Make a barber shop with customers', NULL);
INSERT INTO `cardExtra` (cardId, type, serial, content) VALUES ('Barber_7', 2, 1, 'assets/topic/barber_svg3.svg');
INSERT INTO `card` (id, type, title, header, content, option) VALUES ('Barber_9', 3, 'About barber', 'assets/topic/barber_02.jpg', 'A barber is someone who cuts and dresses the hair and shaves beards of men and boys. 
Barbering is an ancient and honorable profession. It has a very interesting history.', NULL);
INSERT INTO `card` (id, type, title, header, content, option) VALUES ('Barber_10', 0, 'Who is the person that cuts hair and shaves beard?', 'assets/topic/barber.jpg', NULL, 'oneAtATime');
INSERT INTO `cardExtra` (cardId, type, serial, content) VALUES ('Barber_10', 1, 1, 'Barber');
INSERT INTO `cardExtra` (cardId, type, serial, content) VALUES ('Barber_10', 0, 1, 'Carpenter');
INSERT INTO `cardExtra` (cardId, type, serial, content) VALUES ('Barber_10', 0, 2, 'Pilot');
INSERT INTO `cardExtra` (cardId, type, serial, content) VALUES ('Barber_10', 0, 3, 'Tailor');
INSERT INTO `card` (id, type, title, header, content, option) VALUES ('Barber_15', 3, 'Job description', 'assets/topic/barber_03.jpg', 'The main job of a barber is to cut hair of his customer. Barbers also shape and trim beards 
and mustaches. Instruments such as scissors and combs are kept sterile and in good condition.', NULL);
INSERT INTO `card` (id, type, title, header, content, option) VALUES ('Barber_16', 0, 'What is the main instrument of a barber?', 'assets/topic/scissors.png', NULL, 'oneAtATime');
INSERT INTO `cardExtra` (cardId, type, serial, content) VALUES ('Barber_16', 1, 1, 'Scissors');
INSERT INTO `cardExtra` (cardId, type, serial, content) VALUES ('Barber_16', 0, 1, 'Axe');
INSERT INTO `cardExtra` (cardId, type, serial, content) VALUES ('Barber_16', 0, 2, 'Bat');
INSERT INTO `cardExtra` (cardId, type, serial, content) VALUES ('Barber_16', 0, 3, 'Sword');
INSERT INTO `card` (id, type, title, header, content, option) VALUES ('Barber_21', 0, 'Group things found in barber shop.', 'assets/topic/barber_things.jpg', NULL, 'many');
INSERT INTO `cardExtra` (cardId, type, serial, content) VALUES ('Barber_21', 1, 1, 'Scissors');
INSERT INTO `cardExtra` (cardId, type, serial, content) VALUES ('Barber_21', 1, 2, 'Combs');
INSERT INTO `cardExtra` (cardId, type, serial, content) VALUES ('Barber_21', 1, 3, 'Oil');
INSERT INTO `cardExtra` (cardId, type, serial, content) VALUES ('Barber_21', 1, 4, 'Powder');
INSERT INTO `cardExtra` (cardId, type, serial, content) VALUES ('Barber_21', 1, 5, 'Mirror');
INSERT INTO `cardExtra` (cardId, type, serial, content) VALUES ('Barber_21', 0, 1, 'Sword');
INSERT INTO `cardExtra` (cardId, type, serial, content) VALUES ('Barber_21', 0, 2, 'Bus');
INSERT INTO `card` (id, type, title, header, content, option) VALUES ('Barber_29', 0, 'The main job of a barber is to cut customer''s hair and shave beard.', 'assets/topic/hair_cutting.jpg', NULL, 'oneAtATime');
INSERT INTO `cardExtra` (cardId, type, serial, content) VALUES ('Barber_29', 1, 1, 'True.');
INSERT INTO `cardExtra` (cardId, type, serial, content) VALUES ('Barber_29', 0, 1, 'False.');
INSERT INTO `card` (id, type, title, header, content, option) VALUES ('Barber_32', 0, 'Scissors are not used by barber.', 'assets/topic/scissors02.jpg', NULL, 'oneAtATime');
INSERT INTO `cardExtra` (cardId, type, serial, content) VALUES ('Barber_32', 1, 1, 'False.');
INSERT INTO `cardExtra` (cardId, type, serial, content) VALUES ('Barber_32', 0, 1, 'True.');
INSERT INTO `card` (id, type, title, header, content, option) VALUES ('Barber_35', 3, 'History', 'assets/topic/barber_04.jpg', 'The barber''s trade has a long history. It''s recorded that razors have been found among relics of
 the bronze age in Egypt. In ancient Egyptian culture, barbers were highly respected individuals.', NULL);
INSERT INTO `card` (id, type, title, header, content, option) VALUES ('Barber_36', 0, 'What have been found during the bronze age in Egypt?', 'assets/topic/razors.png', NULL, 'oneAtATime');
INSERT INTO `cardExtra` (cardId, type, serial, content) VALUES ('Barber_36', 1, 1, 'Razors');
INSERT INTO `cardExtra` (cardId, type, serial, content) VALUES ('Barber_36', 0, 1, 'Train');
INSERT INTO `cardExtra` (cardId, type, serial, content) VALUES ('Barber_36', 0, 2, 'Cap');
INSERT INTO `cardExtra` (cardId, type, serial, content) VALUES ('Barber_36', 0, 3, 'Bat');
INSERT INTO `card` (id, type, title, header, content, option) VALUES ('Barber_41', 3, 'Hair dresser', 'assets/topic/female_hair_dresser.jpg', 'A hairdresser''s job is to cut in a certain style and also apply cosmetics to make people look 
good. A hairdresser is usually female.  A Hair dresser''s job is considered to be highly skilled and 
creative.', NULL);
INSERT INTO `card` (id, type, title, header, content, option) VALUES ('Barber_42', 0, 'Hair dresser is usually a female.', 'assets/topic/hairdresser.jpg', NULL, 'oneAtATime');
INSERT INTO `cardExtra` (cardId, type, serial, content) VALUES ('Barber_42', 1, 1, 'True.');
INSERT INTO `cardExtra` (cardId, type, serial, content) VALUES ('Barber_42', 0, 1, 'False.');
INSERT INTO `card` (id, type, title, header, content, option) VALUES ('Barber_45', 0, 'Match the images with their names', 'assets/topic/haircut_45.jpg', NULL, 'pair');
INSERT INTO `cardExtra` (cardId, type, serial, content) VALUES ('Barber_45', 1, 1, 'assets/topic/barber.jpg');
INSERT INTO `cardExtra` (cardId, type, serial, content) VALUES ('Barber_45', 1, 2, 'Barber');
INSERT INTO `cardExtra` (cardId, type, serial, content) VALUES ('Barber_45', 1, 3, 'assets/topic/scissors.png');
INSERT INTO `cardExtra` (cardId, type, serial, content) VALUES ('Barber_45', 1, 4, 'scissors');
INSERT INTO `cardExtra` (cardId, type, serial, content) VALUES ('Barber_45', 1, 5, 'assets/topic/comb.jpg');
INSERT INTO `cardExtra` (cardId, type, serial, content) VALUES ('Barber_45', 1, 6, 'Comb');
INSERT INTO `card` (id, type, title, header, content, option) VALUES ('Plumber', 2, 'Plumber', 'assets/topic/plumber.svg', 'A plumber is a person whose main job is to connect and repair things such as water and drainage pipes, baths and toilets.', 'FFF4E1B5');
INSERT INTO `card` (id, type, title, header, content, option) VALUES ('Plumber_3', 1, 'Draw a plumber', 'assets/topic/plumbtemp_4.svg', 'Draw a plumber and paint it.', NULL);
INSERT INTO `cardExtra` (cardId, type, serial, content) VALUES ('Plumber_3', 2, 1, 'assets/topic/plumbtemp_4.svg');
INSERT INTO `card` (id, type, title, header, content, option) VALUES ('Plumber_5', 1, 'Take picture of plumber', 'assets/topic/plumbtemp_6.svg', 'Take a picture of plumber and decorate it', NULL);
INSERT INTO `cardExtra` (cardId, type, serial, content) VALUES ('Plumber_5', 2, 1, 'assets/topic/plumbtemp_6.svg');
INSERT INTO `card` (id, type, title, header, content, option) VALUES ('Plumber_7', 1, 'Draw a tap connected to a pipe.', 'assets/topic/plumbtemp_8.svg', 'Draw a tap connected to a pipe.', NULL);
INSERT INTO `cardExtra` (cardId, type, serial, content) VALUES ('Plumber_7', 2, 1, 'assets/topic/plumbtemp_8.svg');
INSERT INTO `card` (id, type, title, header, content, option) VALUES ('Plumber_9', 3, 'About plumbing', 'assets/topic/plumbing.jpg', 'Plumbing was previously known as plumbum. The one who does plumbing is called 
plumber.', NULL);
INSERT INTO `card` (id, type, title, header, content, option) VALUES ('Plumber_10', 0, 'What was plumbing previously known as?', 'assets/topic/plumbing_airforce.jpg', NULL, 'oneAtATime');
INSERT INTO `cardExtra` (cardId, type, serial, content) VALUES ('Plumber_10', 1, 1, 'Plumbum');
INSERT INTO `cardExtra` (cardId, type, serial, content) VALUES ('Plumber_10', 0, 1, 'Plumdam');
INSERT INTO `cardExtra` (cardId, type, serial, content) VALUES ('Plumber_10', 0, 2, 'Plumbing');
INSERT INTO `cardExtra` (cardId, type, serial, content) VALUES ('Plumber_10', 0, 3, 'Chewing gum');
INSERT INTO `card` (id, type, title, header, content, option) VALUES ('Plumber_15', 0, 'The one who does plumbing is called as________.', 'assets/topic/plumber_2.jpg', NULL, 'oneAtATime');
INSERT INTO `cardExtra` (cardId, type, serial, content) VALUES ('Plumber_15', 1, 1, 'Plumber.');
INSERT INTO `cardExtra` (cardId, type, serial, content) VALUES ('Plumber_15', 0, 1, 'Carpenter');
INSERT INTO `cardExtra` (cardId, type, serial, content) VALUES ('Plumber_15', 0, 2, 'Driver');
INSERT INTO `cardExtra` (cardId, type, serial, content) VALUES ('Plumber_15', 0, 3, 'Police');
INSERT INTO `card` (id, type, title, header, content, option) VALUES ('Plumber_20', 3, 'History1', 'assets/topic/basement_plumber.jpg', 'There were some plumbing pipes in the city of the Indus Valley Civilization some 
thousand years ago.', NULL);
INSERT INTO `card` (id, type, title, header, content, option) VALUES ('Plumber_21', 0, 'There were some plumbing pipes in the city of the Indus Valley Civilization some thousand years ago.', 'assets/topic/pplumb_pipes.jpg', NULL, 'oneAtATime');
INSERT INTO `cardExtra` (cardId, type, serial, content) VALUES ('Plumber_21', 1, 1, 'True.');
INSERT INTO `cardExtra` (cardId, type, serial, content) VALUES ('Plumber_21', 0, 1, 'False.');
INSERT INTO `card` (id, type, title, header, content, option) VALUES ('Plumber_24', 3, 'Materials used for plumbing', 'assets/topic/tools_and_fittings.jpg', 'Water systems in ancient times used gravity to move water. They used pipes or 
channels usually made of clay, lead, bamboo or stone.', NULL);
INSERT INTO `card` (id, type, title, header, content, option) VALUES ('Plumber_25', 0, 'What was the system used to move water in ancient times?', 'assets/topic/sink_hd.jpg', NULL, 'oneAtATime');
INSERT INTO `cardExtra` (cardId, type, serial, content) VALUES ('Plumber_25', 1, 1, 'Gravity system');
INSERT INTO `cardExtra` (cardId, type, serial, content) VALUES ('Plumber_25', 0, 1, 'No gravity system');
INSERT INTO `cardExtra` (cardId, type, serial, content) VALUES ('Plumber_25', 0, 2, 'Pumping system');
INSERT INTO `cardExtra` (cardId, type, serial, content) VALUES ('Plumber_25', 0, 3, 'No pumping system');
INSERT INTO `card` (id, type, title, header, content, option) VALUES ('Plumber_30', 3, 'Plumbing fixture', 'assets/topic/kitchen_sink.jpg', 'Plumbing fixtures are designed for the people who use the water. Plumbers must have 
great mechanical skills, be physically strong, and be comfortable working in small spaces.', NULL);
INSERT INTO `card` (id, type, title, header, content, option) VALUES ('Plumber_31', 0, 'Plumbing fixtures are designed for the people who use the water.', 'assets/topic/toilet-plumbing.jpg', NULL, 'oneAtATime');
INSERT INTO `cardExtra` (cardId, type, serial, content) VALUES ('Plumber_31', 1, 1, 'True.');
INSERT INTO `cardExtra` (cardId, type, serial, content) VALUES ('Plumber_31', 0, 1, 'False.');
INSERT INTO `card` (id, type, title, header, content, option) VALUES ('Plumber_34', 0, 'Plumber must have great mechanical skill.', 'assets/topic/basement_plumber.jpg', NULL, 'oneAtATime');
INSERT INTO `cardExtra` (cardId, type, serial, content) VALUES ('Plumber_34', 1, 1, 'True.');
INSERT INTO `cardExtra` (cardId, type, serial, content) VALUES ('Plumber_34', 0, 1, 'False.');
INSERT INTO `card` (id, type, title, header, content, option) VALUES ('Plumber_37', 0, 'Match images with their names.', 'assets/topic/plumbing_45.jpg', NULL, 'pair');
INSERT INTO `cardExtra` (cardId, type, serial, content) VALUES ('Plumber_37', 1, 1, 'assets/topic/basin-sink-plumbing.jpg');
INSERT INTO `cardExtra` (cardId, type, serial, content) VALUES ('Plumber_37', 1, 2, 'Sink');
INSERT INTO `cardExtra` (cardId, type, serial, content) VALUES ('Plumber_37', 1, 3, 'assets/topic/pipe_plumbing.jpg');
INSERT INTO `cardExtra` (cardId, type, serial, content) VALUES ('Plumber_37', 1, 4, 'Pipe');
INSERT INTO `cardExtra` (cardId, type, serial, content) VALUES ('Plumber_37', 1, 5, 'assets/topic/plumber_3.jpg');
INSERT INTO `cardExtra` (cardId, type, serial, content) VALUES ('Plumber_37', 1, 6, 'Plumber');
INSERT INTO `card` (id, type, title, header, content, option) VALUES ('Police', 2, 'Police officer', 'assets/topic/police.svg', 'A police officer is a person who is working in a police force in order to maintain peace among people.', 'FF9DEDE3');
INSERT INTO `card` (id, type, title, header, content, option) VALUES ('Police_3', 1, 'Draw a police officer.', 'assets/topic/police_temp.svg', 'Draw a police officer and paint it.', NULL);
INSERT INTO `cardExtra` (cardId, type, serial, content) VALUES ('Police_3', 2, 1, 'assets/topic/police_temp.svg');
INSERT INTO `card` (id, type, title, header, content, option) VALUES ('Police_5', 1, 'Take a picture of a police car.', 'assets/topic/police_car.svg', 'Take a picture of a police car and record the sound of its siren.', NULL);
INSERT INTO `cardExtra` (cardId, type, serial, content) VALUES ('Police_5', 2, 1, 'assets/topic/police_car.svg');
INSERT INTO `card` (id, type, title, header, content, option) VALUES ('Police_7', 1, 'Decorate the police station.', 'assets/topic/station_bg.svg', 'Decorate the police station with police dog, police car, and police.', NULL);
INSERT INTO `cardExtra` (cardId, type, serial, content) VALUES ('Police_7', 2, 1, 'assets/topic/station_bg.svg');
INSERT INTO `card` (id, type, title, header, content, option) VALUES ('Police_9', 3, 'About police officer.', 'assets/topic/police_officer_02.jpg', 'Police officers work in police station. Police officers are given vehicles such as bicycle, bikes, cars, jeeps 
and vans.  Police officers arrest criminals, prevent crime, protect and help people and maintain law and 
order among people and in the society.', NULL);
INSERT INTO `card` (id, type, title, header, content, option) VALUES ('Police_10', 0, 'Where do police officers work from?', 'assets/topic/police_station02.jpg', NULL, 'oneAtATime');
INSERT INTO `cardExtra` (cardId, type, serial, content) VALUES ('Police_10', 1, 1, 'Police station.');
INSERT INTO `cardExtra` (cardId, type, serial, content) VALUES ('Police_10', 0, 1, 'Railway station');
INSERT INTO `cardExtra` (cardId, type, serial, content) VALUES ('Police_10', 0, 2, 'Radio station');
INSERT INTO `cardExtra` (cardId, type, serial, content) VALUES ('Police_10', 0, 3, 'Hospital');
INSERT INTO `card` (id, type, title, header, content, option) VALUES ('Police_15', 0, 'Who is the person who protect people and maintain law and order?', 'assets/topic/police_officer.jpg', NULL, 'oneAtATime');
INSERT INTO `cardExtra` (cardId, type, serial, content) VALUES ('Police_15', 1, 1, 'Police officer');
INSERT INTO `cardExtra` (cardId, type, serial, content) VALUES ('Police_15', 0, 1, 'Carpenter');
INSERT INTO `cardExtra` (cardId, type, serial, content) VALUES ('Police_15', 0, 2, 'Driver');
INSERT INTO `cardExtra` (cardId, type, serial, content) VALUES ('Police_15', 0, 3, 'Tailor');
INSERT INTO `card` (id, type, title, header, content, option) VALUES ('Police_20', 0, 'Select vehicles given to a police officer.', 'assets/topic/police_vehicles.jpg', NULL, 'oneAtATime');
INSERT INTO `cardExtra` (cardId, type, serial, content) VALUES ('Police_20', 1, 1, 'Bicycle');
INSERT INTO `cardExtra` (cardId, type, serial, content) VALUES ('Police_20', 1, 2, 'Bike');
INSERT INTO `cardExtra` (cardId, type, serial, content) VALUES ('Police_20', 1, 3, 'Car');
INSERT INTO `cardExtra` (cardId, type, serial, content) VALUES ('Police_20', 1, 4, 'Jeep');
INSERT INTO `cardExtra` (cardId, type, serial, content) VALUES ('Police_20', 1, 5, 'Van');
INSERT INTO `cardExtra` (cardId, type, serial, content) VALUES ('Police_20', 0, 1, 'Train');
INSERT INTO `cardExtra` (cardId, type, serial, content) VALUES ('Police_20', 0, 2, 'Airplane');
INSERT INTO `card` (id, type, title, header, content, option) VALUES ('Police_28', 3, 'Powers and duties.', 'assets/topic/police_officer_03.jpg', 'As a part of their job, police officers have rights that a normal person does not have. This includes the power to arrest a person who they think have committed a crime. The power to search a person and etc and they work from police station.', NULL);
INSERT INTO `card` (id, type, title, header, content, option) VALUES ('Police_29', 0, 'Police officer works from railway station.', 'assets/topic/police_station.jpg', NULL, 'oneAtATime');
INSERT INTO `cardExtra` (cardId, type, serial, content) VALUES ('Police_29', 1, 1, 'False.');
INSERT INTO `cardExtra` (cardId, type, serial, content) VALUES ('Police_29', 0, 1, 'True.');
INSERT INTO `card` (id, type, title, header, content, option) VALUES ('Police_32', 3, 'Police duty can be dangerous.', 'assets/topic/police_officer_04.jpg', 'Being a police officer can be dangerous. Police officers are sometimes killed or hurt by criminals when 
they are sent to crime incidents, The police have to carry the equipment needed to defend themselves 
such as a gun or a baton in order to stop crime.', NULL);
INSERT INTO `card` (id, type, title, header, content, option) VALUES ('Police_33', 0, 'Being a police officer can be dangerous.', 'assets/topic/police_officer_04.jpg', NULL, 'oneAtATime');
INSERT INTO `cardExtra` (cardId, type, serial, content) VALUES ('Police_33', 1, 1, 'True.');
INSERT INTO `cardExtra` (cardId, type, serial, content) VALUES ('Police_33', 0, 1, 'False.');
INSERT INTO `card` (id, type, title, header, content, option) VALUES ('Police_36', 3, 'Police dogs', 'assets/topic/police_dog.jpg', 'Have you ever wondered who would be your partner in solving crime? Yes you are rite a dog  would 
partner with you and solve crimes and protecting people. And this dog will be given to the best police 
officer.', NULL);
INSERT INTO `card` (id, type, title, header, content, option) VALUES ('Police_37', 0, 'Who is the partner given to best police officer?', 'assets/topic/police_dog.jpg', NULL, 'oneAtATime');
INSERT INTO `cardExtra` (cardId, type, serial, content) VALUES ('Police_37', 1, 1, 'Police dog');
INSERT INTO `cardExtra` (cardId, type, serial, content) VALUES ('Police_37', 0, 1, 'Police cat');
INSERT INTO `cardExtra` (cardId, type, serial, content) VALUES ('Police_37', 0, 2, 'Police rat');
INSERT INTO `cardExtra` (cardId, type, serial, content) VALUES ('Police_37', 0, 3, 'Police tiger');
INSERT INTO `card` (id, type, title, header, content, option) VALUES ('Police_42', 3, 'Police dog facts.', 'assets/topic/police_dog02.jpg', 'A dogs nose is about fifty times more sensitive than a humans nose. And this is the fact. Police dogs are
trained to smell and identify drugs, bombs or weapons that humans cant find.', NULL);
INSERT INTO `card` (id, type, title, header, content, option) VALUES ('Police_43', 0, 'A dogs nose is about fifty times more sensitive than a humans nose .', 'assets/topic/police_dog02.jpg', NULL, 'oneAtATime');
INSERT INTO `cardExtra` (cardId, type, serial, content) VALUES ('Police_43', 1, 1, 'True.');
INSERT INTO `cardExtra` (cardId, type, serial, content) VALUES ('Police_43', 0, 1, 'False.');
INSERT INTO `card` (id, type, title, header, content, option) VALUES ('Police_46', 0, 'Match images that best suits.', 'assets/topic/police_46.jpg', NULL, 'pair');
INSERT INTO `cardExtra` (cardId, type, serial, content) VALUES ('Police_46', 1, 1, 'assets/topic/police_best.jpg');
INSERT INTO `cardExtra` (cardId, type, serial, content) VALUES ('Police_46', 1, 2, 'assets/topic/police_dog.jpg');
INSERT INTO `cardExtra` (cardId, type, serial, content) VALUES ('Police_46', 1, 3, 'assets/topic/police_car02.jpg');
INSERT INTO `cardExtra` (cardId, type, serial, content) VALUES ('Police_46', 1, 4, 'assets/topic/siren.jpg');
INSERT INTO `cardExtra` (cardId, type, serial, content) VALUES ('Police_46', 1, 5, 'assets/topic/police_station.jpg');
INSERT INTO `cardExtra` (cardId, type, serial, content) VALUES ('Police_46', 1, 6, 'assets/topic/criminal.jpg');
INSERT INTO `card` (id, type, title, header, content, option) VALUES ('House wife', 2, 'House wife', 'assets/topic/housewife.svg', 'A house wife''s main role is to take care of her own family that includes her home, her children, and her husband mainly.', 'FFF4E1B5');
INSERT INTO `card` (id, type, title, header, content, option) VALUES ('House wife_3', 1, 'Draw a house wife.', 'assets/topic/living-room_temp_housewife.svg', 'Draw an house wife and paint it.', NULL);
INSERT INTO `cardExtra` (cardId, type, serial, content) VALUES ('House wife_3', 2, 1, 'assets/topic/living-room_temp_housewife.svg');
INSERT INTO `card` (id, type, title, header, content, option) VALUES ('House wife_5', 1, 'Take a picture of house wife.', 'assets/topic/kitchen-temp_housewife.svg', 'Take a picture of house wife and decorate it.', NULL);
INSERT INTO `cardExtra` (cardId, type, serial, content) VALUES ('House wife_5', 2, 1, 'assets/topic/kitchen-temp_housewife.svg');
INSERT INTO `card` (id, type, title, header, content, option) VALUES ('House wife_7', 1, 'Take a picture of house wife.', 'assets/topic/room-temp_housewife.svg', 'Take a picture of house wife with different activity such as, cooking, washing, playing with children, cleaning house etc.', NULL);
INSERT INTO `cardExtra` (cardId, type, serial, content) VALUES ('House wife_7', 2, 1, 'assets/topic/room-temp_housewife.svg');
INSERT INTO `card` (id, type, title, header, content, option) VALUES ('House wife_9', 3, 'About house wife', 'assets/topic/housewife_1.jpg', 'House wife is also called as a homemaker. She is an important person in the family, who dedicates all her life in building up the family in good environment. Traditionally, the job of homemaker is done by women and the job 
of provider is done by men. Both men and women can be providers and homemakers.', NULL);
INSERT INTO `card` (id, type, title, header, content, option) VALUES ('House wife_10', 0, 'Apart from women who else is called as a homemaker?', 'assets/topic/honmemaker.jpg', NULL, 'oneAtATime');
INSERT INTO `cardExtra` (cardId, type, serial, content) VALUES ('House wife_10', 1, 1, 'House wife');
INSERT INTO `cardExtra` (cardId, type, serial, content) VALUES ('House wife_10', 0, 1, 'Husband');
INSERT INTO `cardExtra` (cardId, type, serial, content) VALUES ('House wife_10', 0, 2, 'Children');
INSERT INTO `cardExtra` (cardId, type, serial, content) VALUES ('House wife_10', 0, 3, 'Neighbour');
INSERT INTO `card` (id, type, title, header, content, option) VALUES ('House wife_15', 0, 'House wife is also called as homemaker.', 'assets/topic/housewife_3.jpg', NULL, 'oneAtATime');
INSERT INTO `cardExtra` (cardId, type, serial, content) VALUES ('House wife_15', 1, 1, 'True.');
INSERT INTO `cardExtra` (cardId, type, serial, content) VALUES ('House wife_15', 0, 1, 'False.');
INSERT INTO `card` (id, type, title, header, content, option) VALUES ('House wife_18', 3, 'History of tradition', 'assets/topic/housewife_2.jpg', 'We have seen from past thousands of years and we know that men have been always prefered by society as 
the main "breadwinners". The women have cared for children, prepared food for eating, cleaned the home, 
and mend the clothes.', NULL);
INSERT INTO `card` (id, type, title, header, content, option) VALUES ('House wife_19', 0, 'Who was considered to be the bread winner of the family?', 'assets/topic/family_housewife.jpg', NULL, 'oneAtATime');
INSERT INTO `cardExtra` (cardId, type, serial, content) VALUES ('House wife_19', 1, 1, 'Male');
INSERT INTO `cardExtra` (cardId, type, serial, content) VALUES ('House wife_19', 0, 1, 'Children');
INSERT INTO `cardExtra` (cardId, type, serial, content) VALUES ('House wife_19', 0, 2, 'House wife');
INSERT INTO `cardExtra` (cardId, type, serial, content) VALUES ('House wife_19', 0, 3, 'Neighbour');
INSERT INTO `card` (id, type, title, header, content, option) VALUES ('House wife_24', 3, 'Work of an house wife', 'assets/topic/housewife_3.jpg', 'Basic important things a house wife does in her day to day life and they are 
Cooking food
Keeping house clean
Spending time with children', NULL);
INSERT INTO `card` (id, type, title, header, content, option) VALUES ('House wife_25', 0, 'Select the work done by a house wife.', 'assets/topic/housewife_2.jpg', NULL, 'many');
INSERT INTO `cardExtra` (cardId, type, serial, content) VALUES ('House wife_25', 1, 1, 'Cooking food');
INSERT INTO `cardExtra` (cardId, type, serial, content) VALUES ('House wife_25', 1, 2, 'Keeping house clean');
INSERT INTO `cardExtra` (cardId, type, serial, content) VALUES ('House wife_25', 1, 3, 'Spending time with children');
INSERT INTO `cardExtra` (cardId, type, serial, content) VALUES ('House wife_25', 0, 1, 'Going for hunting animals');
INSERT INTO `card` (id, type, title, header, content, option) VALUES ('House wife_30', 3, 'How important is mother''s day for an 
house wife playing the role of a mother.', 'assets/topic/housewife_4.jpg', 'A housewife is a loving mother too. She dedicates her whole life for her children without any selfishness. To 
honour mpther Mother''s day is celebrated on every second sunday of may in many parts of the country. On 
this day children treat their mothers with love and gifts.', NULL);
INSERT INTO `card` (id, type, title, header, content, option) VALUES ('House wife_31', 0, 'Mother''s day is celebrated on every second sunday of may month in many countries.', 'assets/topic/Mother_housewife.jpg', NULL, 'oneAtATime');
INSERT INTO `cardExtra` (cardId, type, serial, content) VALUES ('House wife_31', 1, 1, 'True.');
INSERT INTO `cardExtra` (cardId, type, serial, content) VALUES ('House wife_31', 0, 1, 'False.');
INSERT INTO `card` (id, type, title, header, content, option) VALUES ('House wife_34', 0, 'House wife does not dedicate her life in 
building up the family', 'assets/topic/retro-housewife.jpg', NULL, 'oneAtATime');
INSERT INTO `cardExtra` (cardId, type, serial, content) VALUES ('House wife_34', 1, 1, 'False.');
INSERT INTO `cardExtra` (cardId, type, serial, content) VALUES ('House wife_34', 0, 1, 'True.');
INSERT INTO `card` (id, type, title, header, content, option) VALUES ('House wife_37', 0, 'Match the images with their images that 
suits best.', 'assets/topic/housewife_41.jpg', NULL, 'pair');
INSERT INTO `cardExtra` (cardId, type, serial, content) VALUES ('House wife_37', 1, 1, 'assets/topic/mother_match.jpg');
INSERT INTO `cardExtra` (cardId, type, serial, content) VALUES ('House wife_37', 1, 2, 'assets/topic/baby_match.jpg');
INSERT INTO `cardExtra` (cardId, type, serial, content) VALUES ('House wife_37', 1, 3, 'assets/topic/mother_match_housewife.jpg');
INSERT INTO `cardExtra` (cardId, type, serial, content) VALUES ('House wife_37', 1, 4, 'assets/topic/gift-housewife.jpg');
INSERT INTO `cardExtra` (cardId, type, serial, content) VALUES ('House wife_37', 1, 5, 'assets/topic/family_housewife.jpg');
INSERT INTO `cardExtra` (cardId, type, serial, content) VALUES ('House wife_37', 1, 6, 'assets/topic/women_housewife.jpg');
INSERT INTO `card` (id, type, title, header, content, option) VALUES ('Carpenter', 2, 'Carpenter', 'assets/topic/carpenter.svg', 'A carpenter is a person who works with wood and make wooden furnitures like cots, cabinets, build houses, or do other useful things.', 'FF9DEDE3');
INSERT INTO `card` (id, type, title, header, content, option) VALUES ('Carpenter_3', 1, 'Draw a carpenter', 'assets/topic/carpenTemp_4.svg', 'Draw a carpenter and paint it.', NULL);
INSERT INTO `cardExtra` (cardId, type, serial, content) VALUES ('Carpenter_3', 2, 1, 'assets/topic/carpenTemp_4.svg');
INSERT INTO `card` (id, type, title, header, content, option) VALUES ('Carpenter_5', 1, 'Take a picture of carpenter making chair.', 'assets/topic/carpenTemp_6.svg', 'Take a picture of carpenter making chair and decorate it..', NULL);
INSERT INTO `cardExtra` (cardId, type, serial, content) VALUES ('Carpenter_5', 2, 1, 'assets/topic/carpenTemp_6.svg');
INSERT INTO `card` (id, type, title, header, content, option) VALUES ('Carpenter_7', 1, 'Take a picture of carpenter tool.', 'assets/topic/carpenTemp_8.svg', 'Take a picture of carpenter tool and decorate it.', NULL);
INSERT INTO `cardExtra` (cardId, type, serial, content) VALUES ('Carpenter_7', 2, 1, 'assets/topic/carpenTemp_8.svg');
INSERT INTO `card` (id, type, title, header, content, option) VALUES ('Carpenter_9', 3, 'About carpenter.', 'assets/topic/carpenter_9.jpg', 'A carpenter is someone who builds and repairs things made from wood. He has been 
building useful products out of wood from a very long time.', NULL);
INSERT INTO `card` (id, type, title, header, content, option) VALUES ('Carpenter_10', 0, 'Who is a person that builds and repairs 
things made from wood?', 'assets/topic/carpenter_13.jpg', NULL, 'oneAtATime');
INSERT INTO `cardExtra` (cardId, type, serial, content) VALUES ('Carpenter_10', 1, 1, 'Carpenter');
INSERT INTO `cardExtra` (cardId, type, serial, content) VALUES ('Carpenter_10', 0, 1, 'Driver');
INSERT INTO `cardExtra` (cardId, type, serial, content) VALUES ('Carpenter_10', 0, 2, 'Cheff');
INSERT INTO `cardExtra` (cardId, type, serial, content) VALUES ('Carpenter_10', 0, 3, 'Police officer');
INSERT INTO `card` (id, type, title, header, content, option) VALUES ('Carpenter_15', 3, 'Carpenter tools.', 'assets/topic/carpenter_10.jpg', 'Carpenters tools are Hammer, measuring tape, nail puller, wood chisel, circular saw, drilling 
machine, nail gun etc are the main tools in todays world.These tools has made life of a 
carpenter very easy as he can save time and money.', NULL);
INSERT INTO `card` (id, type, title, header, content, option) VALUES ('Carpenter_16', 0, 'Select tools of carpenter.', 'assets/topic/carpenter_23.jpg', NULL, 'many');
INSERT INTO `cardExtra` (cardId, type, serial, content) VALUES ('Carpenter_16', 1, 1, 'Hammer');
INSERT INTO `cardExtra` (cardId, type, serial, content) VALUES ('Carpenter_16', 1, 2, 'wood chisel');
INSERT INTO `cardExtra` (cardId, type, serial, content) VALUES ('Carpenter_16', 1, 3, 'Circular saw');
INSERT INTO `cardExtra` (cardId, type, serial, content) VALUES ('Carpenter_16', 1, 4, 'Measuring tape');
INSERT INTO `cardExtra` (cardId, type, serial, content) VALUES ('Carpenter_16', 1, 5, 'drilling machine');
INSERT INTO `cardExtra` (cardId, type, serial, content) VALUES ('Carpenter_16', 0, 1, 'Pot');
INSERT INTO `cardExtra` (cardId, type, serial, content) VALUES ('Carpenter_16', 0, 2, 'Match stick');
INSERT INTO `card` (id, type, title, header, content, option) VALUES ('Carpenter_24', 3, 'Carpenter and his skill', 'assets/topic/carpenter_11.jpg', 'Many carpenters will choose to focus their skills in one of two broad ranging categories. 
Rough carpenters will focus on building things that need to be simple and structural. 
Finish carpenters will focus on things that are detailed and artistic.', NULL);
INSERT INTO `card` (id, type, title, header, content, option) VALUES ('Carpenter_25', 0, 'Finish carpenters will focus on things that are detailed and artistic like furnitures.', 'assets/topic/carpenter_34.jpg', NULL, 'oneAtATime');
INSERT INTO `cardExtra` (cardId, type, serial, content) VALUES ('Carpenter_25', 1, 1, 'True.');
INSERT INTO `cardExtra` (cardId, type, serial, content) VALUES ('Carpenter_25', 0, 1, 'False.');
INSERT INTO `card` (id, type, title, header, content, option) VALUES ('Carpenter_28', 3, 'History', 'assets/topic/carpenter_12.jpg', 'Wood is one of the mankind''s oldest building materials. The ability to shape wood improved 
with technological advances from the stone age to the bronze age and to the iron age. Some 
of the oldest, surviving, wooden buildings in the world are the temples in China such as the 
Nanchan Temple.', NULL);
INSERT INTO `card` (id, type, title, header, content, option) VALUES ('Carpenter_29', 0, 'Some of the oldest, surviving, wooden buildings in the world are the temples in China.', 'assets/topic/carpenter_31.jpg', NULL, 'oneAtATime');
INSERT INTO `cardExtra` (cardId, type, serial, content) VALUES ('Carpenter_29', 1, 1, 'True.');
INSERT INTO `cardExtra` (cardId, type, serial, content) VALUES ('Carpenter_29', 0, 1, 'False.');
INSERT INTO `card` (id, type, title, header, content, option) VALUES ('Carpenter_32', 0, 'What is the human''s one of the oldest building matrial.', 'assets/topic/carpenter_18.jpg', NULL, 'oneAtATime');
INSERT INTO `cardExtra` (cardId, type, serial, content) VALUES ('Carpenter_32', 1, 1, 'Wood');
INSERT INTO `cardExtra` (cardId, type, serial, content) VALUES ('Carpenter_32', 0, 1, 'Steel');
INSERT INTO `cardExtra` (cardId, type, serial, content) VALUES ('Carpenter_32', 0, 2, 'Fire');
INSERT INTO `cardExtra` (cardId, type, serial, content) VALUES ('Carpenter_32', 0, 3, 'Water');
INSERT INTO `card` (id, type, title, header, content, option) VALUES ('Carpenter_37', 0, 'Match images with their names.', 'assets/topic/carpenter_40.jpg', NULL, 'pair');
INSERT INTO `cardExtra` (cardId, type, serial, content) VALUES ('Carpenter_37', 1, 1, 'assets/topic/carpenter_41.jpg');
INSERT INTO `cardExtra` (cardId, type, serial, content) VALUES ('Carpenter_37', 1, 2, 'Hammer');
INSERT INTO `cardExtra` (cardId, type, serial, content) VALUES ('Carpenter_37', 1, 3, 'assets/topic/carpenter_43.jpg');
INSERT INTO `cardExtra` (cardId, type, serial, content) VALUES ('Carpenter_37', 1, 4, 'wood chisel');
INSERT INTO `cardExtra` (cardId, type, serial, content) VALUES ('Carpenter_37', 1, 5, 'assets/topic/carpenter_45.jpg');
INSERT INTO `cardExtra` (cardId, type, serial, content) VALUES ('Carpenter_37', 1, 6, 'Carpenter');
INSERT INTO `cardExtra` (cardId, type, serial, content) VALUES ('Carpenter_37', 1, 7, 'assets/topic/carpenter_47.jpg');
INSERT INTO `cardExtra` (cardId, type, serial, content) VALUES ('Carpenter_37', 1, 8, 'Measuring tape');
INSERT INTO `card` (id, type, title, header, content, option) VALUES ('Occupations', 2, 'Occupations', NULL, NULL, NULL);
INSERT INTO `collection` (id, serial, cardId) VALUES ('Fisherman', 1, 'Fisherman_3');
INSERT INTO `collection` (id, serial, cardId) VALUES ('Fisherman', 2, 'Fisherman_5');
INSERT INTO `collection` (id, serial, cardId) VALUES ('Fisherman', 3, 'Fisherman_7');
INSERT INTO `collection` (id, serial, cardId) VALUES ('Fisherman', 4, 'Fisherman_9');
INSERT INTO `collection` (id, serial, cardId) VALUES ('Fisherman', 5, 'Fisherman_10');
INSERT INTO `collection` (id, serial, cardId) VALUES ('Fisherman', 6, 'Fisherman_11');
INSERT INTO `collection` (id, serial, cardId) VALUES ('Fisherman', 7, 'Fisherman_14');
INSERT INTO `collection` (id, serial, cardId) VALUES ('Fisherman', 8, 'Fisherman_15');
INSERT INTO `collection` (id, serial, cardId) VALUES ('Fisherman', 9, 'Fisherman_24');
INSERT INTO `collection` (id, serial, cardId) VALUES ('Fisherman', 10, 'Fisherman_27');
INSERT INTO `collection` (id, serial, cardId) VALUES ('Fisherman', 11, 'Fisherman_28');
INSERT INTO `collection` (id, serial, cardId) VALUES ('Fisherman', 12, 'Fisherman_33');
INSERT INTO `collection` (id, serial, cardId) VALUES ('Fisherman', 13, 'Fisherman_36');
INSERT INTO `collection` (id, serial, cardId) VALUES ('Fisherman', 14, 'Fisherman_41');
INSERT INTO `collection` (id, serial, cardId) VALUES ('Engineer', 1, 'Engineer_3');
INSERT INTO `collection` (id, serial, cardId) VALUES ('Engineer', 2, 'Engineer_5');
INSERT INTO `collection` (id, serial, cardId) VALUES ('Engineer', 3, 'Engineer_7');
INSERT INTO `collection` (id, serial, cardId) VALUES ('Engineer', 4, 'Engineer_9');
INSERT INTO `collection` (id, serial, cardId) VALUES ('Engineer', 5, 'Engineer_10');
INSERT INTO `collection` (id, serial, cardId) VALUES ('Engineer', 6, 'Engineer_15');
INSERT INTO `collection` (id, serial, cardId) VALUES ('Engineer', 7, 'Engineer_16');
INSERT INTO `collection` (id, serial, cardId) VALUES ('Engineer', 8, 'Engineer_21');
INSERT INTO `collection` (id, serial, cardId) VALUES ('Engineer', 9, 'Engineer_24');
INSERT INTO `collection` (id, serial, cardId) VALUES ('Engineer', 10, 'Engineer_25');
INSERT INTO `collection` (id, serial, cardId) VALUES ('Engineer', 11, 'Engineer_28');
INSERT INTO `collection` (id, serial, cardId) VALUES ('Engineer', 12, 'Engineer_29');
INSERT INTO `collection` (id, serial, cardId) VALUES ('Engineer', 13, 'Engineer_34');
INSERT INTO `collection` (id, serial, cardId) VALUES ('Engineer', 14, 'Engineer_42');
INSERT INTO `collection` (id, serial, cardId) VALUES ('Engineer', 15, 'Engineer_45');
INSERT INTO `collection` (id, serial, cardId) VALUES ('Farmer', 1, 'Farmer_3');
INSERT INTO `collection` (id, serial, cardId) VALUES ('Farmer', 2, 'Farmer_5');
INSERT INTO `collection` (id, serial, cardId) VALUES ('Farmer', 3, 'Farmer_7');
INSERT INTO `collection` (id, serial, cardId) VALUES ('Farmer', 4, 'Farmer_9');
INSERT INTO `collection` (id, serial, cardId) VALUES ('Farmer', 5, 'Farmer_11');
INSERT INTO `collection` (id, serial, cardId) VALUES ('Farmer', 6, 'Farmer_12');
INSERT INTO `collection` (id, serial, cardId) VALUES ('Farmer', 7, 'Farmer_17');
INSERT INTO `collection` (id, serial, cardId) VALUES ('Farmer', 8, 'Farmer_20');
INSERT INTO `collection` (id, serial, cardId) VALUES ('Farmer', 9, 'Farmer_21');
INSERT INTO `collection` (id, serial, cardId) VALUES ('Farmer', 10, 'Farmer_22');
INSERT INTO `collection` (id, serial, cardId) VALUES ('Farmer', 11, 'Farmer_23');
INSERT INTO `collection` (id, serial, cardId) VALUES ('Farmer', 12, 'Farmer_24');
INSERT INTO `collection` (id, serial, cardId) VALUES ('Farmer', 13, 'Farmer_29');
INSERT INTO `collection` (id, serial, cardId) VALUES ('Farmer', 14, 'Farmer_32');
INSERT INTO `collection` (id, serial, cardId) VALUES ('Farmer', 15, 'Farmer_33');
INSERT INTO `collection` (id, serial, cardId) VALUES ('Farmer', 16, 'Farmer_41');
INSERT INTO `collection` (id, serial, cardId) VALUES ('Farmer', 17, 'Farmer_42');
INSERT INTO `collection` (id, serial, cardId) VALUES ('Farmer', 18, 'Farmer_47');
INSERT INTO `collection` (id, serial, cardId) VALUES ('Farmer', 19, 'Farmer_50');
INSERT INTO `collection` (id, serial, cardId) VALUES ('Teacher', 1, 'Teacher_3');
INSERT INTO `collection` (id, serial, cardId) VALUES ('Teacher', 2, 'Teacher_5');
INSERT INTO `collection` (id, serial, cardId) VALUES ('Teacher', 3, 'Teacher_7');
INSERT INTO `collection` (id, serial, cardId) VALUES ('Teacher', 4, 'Teacher_9');
INSERT INTO `collection` (id, serial, cardId) VALUES ('Teacher', 5, 'Teacher_10');
INSERT INTO `collection` (id, serial, cardId) VALUES ('Teacher', 6, 'Teacher_15');
INSERT INTO `collection` (id, serial, cardId) VALUES ('Teacher', 7, 'Teacher_16');
INSERT INTO `collection` (id, serial, cardId) VALUES ('Teacher', 8, 'Teacher_19');
INSERT INTO `collection` (id, serial, cardId) VALUES ('Teacher', 9, 'Teacher_24');
INSERT INTO `collection` (id, serial, cardId) VALUES ('Teacher', 10, 'Teacher_25');
INSERT INTO `collection` (id, serial, cardId) VALUES ('Teacher', 11, 'Teacher_28');
INSERT INTO `collection` (id, serial, cardId) VALUES ('Teacher', 12, 'Teacher_33');
INSERT INTO `collection` (id, serial, cardId) VALUES ('Teacher', 13, 'Teacher_34');
INSERT INTO `collection` (id, serial, cardId) VALUES ('Teacher', 14, 'Teacher_42');
INSERT INTO `collection` (id, serial, cardId) VALUES ('Teacher', 15, 'Teacher_45');
INSERT INTO `collection` (id, serial, cardId) VALUES ('Doctor', 1, 'Doctor_3');
INSERT INTO `collection` (id, serial, cardId) VALUES ('Doctor', 2, 'Doctor_5');
INSERT INTO `collection` (id, serial, cardId) VALUES ('Doctor', 3, 'Doctor_7');
INSERT INTO `collection` (id, serial, cardId) VALUES ('Doctor', 4, 'Doctor_9');
INSERT INTO `collection` (id, serial, cardId) VALUES ('Doctor', 5, 'Doctor_10');
INSERT INTO `collection` (id, serial, cardId) VALUES ('Doctor', 6, 'Doctor_15');
INSERT INTO `collection` (id, serial, cardId) VALUES ('Doctor', 7, 'Doctor_16');
INSERT INTO `collection` (id, serial, cardId) VALUES ('Doctor', 8, 'Doctor_19');
INSERT INTO `collection` (id, serial, cardId) VALUES ('Doctor', 9, 'Doctor_20');
INSERT INTO `collection` (id, serial, cardId) VALUES ('Doctor', 10, 'Doctor_25');
INSERT INTO `collection` (id, serial, cardId) VALUES ('Doctor', 11, 'Doctor_28');
INSERT INTO `collection` (id, serial, cardId) VALUES ('Doctor', 12, 'Doctor_29');
INSERT INTO `collection` (id, serial, cardId) VALUES ('Doctor', 13, 'Doctor_30');
INSERT INTO `collection` (id, serial, cardId) VALUES ('Doctor', 14, 'Doctor_33');
INSERT INTO `collection` (id, serial, cardId) VALUES ('Doctor', 15, 'Doctor_40');
INSERT INTO `collection` (id, serial, cardId) VALUES ('Barber', 1, 'Barber_3');
INSERT INTO `collection` (id, serial, cardId) VALUES ('Barber', 2, 'Barber_5');
INSERT INTO `collection` (id, serial, cardId) VALUES ('Barber', 3, 'Barber_7');
INSERT INTO `collection` (id, serial, cardId) VALUES ('Barber', 4, 'Barber_9');
INSERT INTO `collection` (id, serial, cardId) VALUES ('Barber', 5, 'Barber_10');
INSERT INTO `collection` (id, serial, cardId) VALUES ('Barber', 6, 'Barber_15');
INSERT INTO `collection` (id, serial, cardId) VALUES ('Barber', 7, 'Barber_16');
INSERT INTO `collection` (id, serial, cardId) VALUES ('Barber', 8, 'Barber_21');
INSERT INTO `collection` (id, serial, cardId) VALUES ('Barber', 9, 'Barber_29');
INSERT INTO `collection` (id, serial, cardId) VALUES ('Barber', 10, 'Barber_32');
INSERT INTO `collection` (id, serial, cardId) VALUES ('Barber', 11, 'Barber_35');
INSERT INTO `collection` (id, serial, cardId) VALUES ('Barber', 12, 'Barber_36');
INSERT INTO `collection` (id, serial, cardId) VALUES ('Barber', 13, 'Barber_41');
INSERT INTO `collection` (id, serial, cardId) VALUES ('Barber', 14, 'Barber_42');
INSERT INTO `collection` (id, serial, cardId) VALUES ('Barber', 15, 'Barber_45');
INSERT INTO `collection` (id, serial, cardId) VALUES ('Plumber', 1, 'Plumber_3');
INSERT INTO `collection` (id, serial, cardId) VALUES ('Plumber', 2, 'Plumber_5');
INSERT INTO `collection` (id, serial, cardId) VALUES ('Plumber', 3, 'Plumber_7');
INSERT INTO `collection` (id, serial, cardId) VALUES ('Plumber', 4, 'Plumber_9');
INSERT INTO `collection` (id, serial, cardId) VALUES ('Plumber', 5, 'Plumber_10');
INSERT INTO `collection` (id, serial, cardId) VALUES ('Plumber', 6, 'Plumber_15');
INSERT INTO `collection` (id, serial, cardId) VALUES ('Plumber', 7, 'Plumber_20');
INSERT INTO `collection` (id, serial, cardId) VALUES ('Plumber', 8, 'Plumber_21');
INSERT INTO `collection` (id, serial, cardId) VALUES ('Plumber', 9, 'Plumber_24');
INSERT INTO `collection` (id, serial, cardId) VALUES ('Plumber', 10, 'Plumber_25');
INSERT INTO `collection` (id, serial, cardId) VALUES ('Plumber', 11, 'Plumber_30');
INSERT INTO `collection` (id, serial, cardId) VALUES ('Plumber', 12, 'Plumber_31');
INSERT INTO `collection` (id, serial, cardId) VALUES ('Plumber', 13, 'Plumber_34');
INSERT INTO `collection` (id, serial, cardId) VALUES ('Plumber', 14, 'Plumber_37');
INSERT INTO `collection` (id, serial, cardId) VALUES ('Police', 1, 'Police_3');
INSERT INTO `collection` (id, serial, cardId) VALUES ('Police', 2, 'Police_5');
INSERT INTO `collection` (id, serial, cardId) VALUES ('Police', 3, 'Police_7');
INSERT INTO `collection` (id, serial, cardId) VALUES ('Police', 4, 'Police_9');
INSERT INTO `collection` (id, serial, cardId) VALUES ('Police', 5, 'Police_10');
INSERT INTO `collection` (id, serial, cardId) VALUES ('Police', 6, 'Police_15');
INSERT INTO `collection` (id, serial, cardId) VALUES ('Police', 7, 'Police_20');
INSERT INTO `collection` (id, serial, cardId) VALUES ('Police', 8, 'Police_28');
INSERT INTO `collection` (id, serial, cardId) VALUES ('Police', 9, 'Police_29');
INSERT INTO `collection` (id, serial, cardId) VALUES ('Police', 10, 'Police_32');
INSERT INTO `collection` (id, serial, cardId) VALUES ('Police', 11, 'Police_33');
INSERT INTO `collection` (id, serial, cardId) VALUES ('Police', 12, 'Police_36');
INSERT INTO `collection` (id, serial, cardId) VALUES ('Police', 13, 'Police_37');
INSERT INTO `collection` (id, serial, cardId) VALUES ('Police', 14, 'Police_42');
INSERT INTO `collection` (id, serial, cardId) VALUES ('Police', 15, 'Police_43');
INSERT INTO `collection` (id, serial, cardId) VALUES ('Police', 16, 'Police_46');
INSERT INTO `collection` (id, serial, cardId) VALUES ('House wife', 1, 'House wife_3');
INSERT INTO `collection` (id, serial, cardId) VALUES ('House wife', 2, 'House wife_5');
INSERT INTO `collection` (id, serial, cardId) VALUES ('House wife', 3, 'House wife_7');
INSERT INTO `collection` (id, serial, cardId) VALUES ('House wife', 4, 'House wife_9');
INSERT INTO `collection` (id, serial, cardId) VALUES ('House wife', 5, 'House wife_10');
INSERT INTO `collection` (id, serial, cardId) VALUES ('House wife', 6, 'House wife_15');
INSERT INTO `collection` (id, serial, cardId) VALUES ('House wife', 7, 'House wife_18');
INSERT INTO `collection` (id, serial, cardId) VALUES ('House wife', 8, 'House wife_19');
INSERT INTO `collection` (id, serial, cardId) VALUES ('House wife', 9, 'House wife_24');
INSERT INTO `collection` (id, serial, cardId) VALUES ('House wife', 10, 'House wife_25');
INSERT INTO `collection` (id, serial, cardId) VALUES ('House wife', 11, 'House wife_30');
INSERT INTO `collection` (id, serial, cardId) VALUES ('House wife', 12, 'House wife_31');
INSERT INTO `collection` (id, serial, cardId) VALUES ('House wife', 13, 'House wife_34');
INSERT INTO `collection` (id, serial, cardId) VALUES ('House wife', 14, 'House wife_37');
INSERT INTO `collection` (id, serial, cardId) VALUES ('Carpenter', 1, 'Carpenter_3');
INSERT INTO `collection` (id, serial, cardId) VALUES ('Carpenter', 2, 'Carpenter_5');
INSERT INTO `collection` (id, serial, cardId) VALUES ('Carpenter', 3, 'Carpenter_7');
INSERT INTO `collection` (id, serial, cardId) VALUES ('Carpenter', 4, 'Carpenter_9');
INSERT INTO `collection` (id, serial, cardId) VALUES ('Carpenter', 5, 'Carpenter_10');
INSERT INTO `collection` (id, serial, cardId) VALUES ('Carpenter', 6, 'Carpenter_15');
INSERT INTO `collection` (id, serial, cardId) VALUES ('Carpenter', 7, 'Carpenter_16');
INSERT INTO `collection` (id, serial, cardId) VALUES ('Carpenter', 8, 'Carpenter_24');
INSERT INTO `collection` (id, serial, cardId) VALUES ('Carpenter', 9, 'Carpenter_25');
INSERT INTO `collection` (id, serial, cardId) VALUES ('Carpenter', 10, 'Carpenter_28');
INSERT INTO `collection` (id, serial, cardId) VALUES ('Carpenter', 11, 'Carpenter_29');
INSERT INTO `collection` (id, serial, cardId) VALUES ('Carpenter', 12, 'Carpenter_32');
INSERT INTO `collection` (id, serial, cardId) VALUES ('Carpenter', 13, 'Carpenter_37');
INSERT INTO `collection` (id, serial, cardId) VALUES ('Occupations', 0, 'Fisherman');
INSERT INTO `collection` (id, serial, cardId) VALUES ('Occupations', 1, 'Engineer');
INSERT INTO `collection` (id, serial, cardId) VALUES ('Occupations', 2, 'Farmer');
INSERT INTO `collection` (id, serial, cardId) VALUES ('Occupations', 3, 'Teacher');
INSERT INTO `collection` (id, serial, cardId) VALUES ('Occupations', 4, 'Doctor');
INSERT INTO `collection` (id, serial, cardId) VALUES ('Occupations', 5, 'Barber');
INSERT INTO `collection` (id, serial, cardId) VALUES ('Occupations', 6, 'Plumber');
INSERT INTO `collection` (id, serial, cardId) VALUES ('Occupations', 7, 'Police');
INSERT INTO `collection` (id, serial, cardId) VALUES ('Occupations', 8, 'House wife');
INSERT INTO `collection` (id, serial, cardId) VALUES ('Occupations', 9, 'Carpenter');
