INSERT INTO `card` (id, type, title, header, content, option) VALUES ('open_2', 0, 'Hutokea nini wakati mvua inaponyesha?', 'assets/topic/afvepicfails_fails?.gif', NULL, 'open');
INSERT INTO `cardExtra` (cardId, type, serial, content) VALUES ('open_2', 0, 1, 'Maji katika mitaa');
INSERT INTO `cardExtra` (cardId, type, serial, content) VALUES ('open_2', 0, 2, 'Watu huloa');
INSERT INTO `cardExtra` (cardId, type, serial, content) VALUES ('open_2', 0, 3, 'Mwamvuli hupaa');
INSERT INTO `cardExtra` (cardId, type, serial, content) VALUES ('open_2', 0, 4, 'Barabara huteleza');
INSERT INTO `card` (id, type, title, header, content, option) VALUES ('open_7', 0, 'Unaona nini hapa?', 'assets/topic/babay_funny_cute_aa.gif', NULL, 'open');
INSERT INTO `cardExtra` (cardId, type, serial, content) VALUES ('open_7', 0, 1, 'Kucheza');
INSERT INTO `cardExtra` (cardId, type, serial, content) VALUES ('open_7', 0, 2, 'Kuburudika');
INSERT INTO `cardExtra` (cardId, type, serial, content) VALUES ('open_7', 0, 3, 'Watu wanaangalia');
INSERT INTO `cardExtra` (cardId, type, serial, content) VALUES ('open_7', 0, 4, 'Kuadhimisha');
INSERT INTO `card` (id, type, title, header, content, option) VALUES ('open_12', 0, 'Kwanini unafanya mazoezi?', 'assets/topic/baby_pull_ups.gif', NULL, 'open');
INSERT INTO `cardExtra` (cardId, type, serial, content) VALUES ('open_12', 0, 1, 'Kuwa na afya');
INSERT INTO `cardExtra` (cardId, type, serial, content) VALUES ('open_12', 0, 2, 'Kuwa na amani');
INSERT INTO `cardExtra` (cardId, type, serial, content) VALUES ('open_12', 0, 3, 'Kujenga misuli');
INSERT INTO `cardExtra` (cardId, type, serial, content) VALUES ('open_12', 0, 4, 'Kuwa na nguvu');
INSERT INTO `card` (id, type, title, header, content, option) VALUES ('open_17', 0, 'unaona nini hapa?', 'assets/topic/baby_swiming.gif', NULL, 'open');
INSERT INTO `cardExtra` (cardId, type, serial, content) VALUES ('open_17', 0, 1, 'Michezo');
INSERT INTO `cardExtra` (cardId, type, serial, content) VALUES ('open_17', 0, 2, 'Uogeleaji');
INSERT INTO `cardExtra` (cardId, type, serial, content) VALUES ('open_17', 0, 3, 'Ufurahiaji');
INSERT INTO `cardExtra` (cardId, type, serial, content) VALUES ('open_17', 0, 4, 'Maputo');
INSERT INTO `card` (id, type, title, header, content, option) VALUES ('open_22', 0, 'Unafanya nini unapokuwa umechoka?', 'assets/topic/baby_tired_sleep?.gif', NULL, 'open');
INSERT INTO `cardExtra` (cardId, type, serial, content) VALUES ('open_22', 0, 1, 'Unapumzika');
INSERT INTO `cardExtra` (cardId, type, serial, content) VALUES ('open_22', 0, 2, 'Unalala');
INSERT INTO `cardExtra` (cardId, type, serial, content) VALUES ('open_22', 0, 3, 'Unalala usingizi');
INSERT INTO `cardExtra` (cardId, type, serial, content) VALUES ('open_22', 0, 4, 'Unafumba macho');
INSERT INTO `card` (id, type, title, header, content, option) VALUES ('open_27', 0, 'Unaufanyia nini mpira?', 'assets/topic/ball.gif', NULL, 'open');
INSERT INTO `cardExtra` (cardId, type, serial, content) VALUES ('open_27', 0, 1, 'Unauchezea');
INSERT INTO `cardExtra` (cardId, type, serial, content) VALUES ('open_27', 0, 2, 'Unautupa');
INSERT INTO `cardExtra` (cardId, type, serial, content) VALUES ('open_27', 0, 3, 'Michezo');
INSERT INTO `cardExtra` (cardId, type, serial, content) VALUES ('open_27', 0, 4, 'Unaburudisha');
INSERT INTO `card` (id, type, title, header, content, option) VALUES ('open_32', 0, 'Kwanini tunakula matunda?', 'assets/topic/banan_happy_kid.gif', NULL, 'open');
INSERT INTO `cardExtra` (cardId, type, serial, content) VALUES ('open_32', 0, 1, 'Yana afya');
INSERT INTO `cardExtra` (cardId, type, serial, content) VALUES ('open_32', 0, 2, 'Yana rangi mbali mbali');
INSERT INTO `cardExtra` (cardId, type, serial, content) VALUES ('open_32', 0, 3, 'Yana ladha nzuri');
INSERT INTO `cardExtra` (cardId, type, serial, content) VALUES ('open_32', 0, 4, 'Yanafanya uwe imara');
INSERT INTO `card` (id, type, title, header, content, option) VALUES ('open_37', 0, 'Kwanini tunacheza michezo?', 'assets/topic/basket.gif', NULL, 'open');
INSERT INTO `cardExtra` (cardId, type, serial, content) VALUES ('open_37', 0, 1, 'Ni afya');
INSERT INTO `cardExtra` (cardId, type, serial, content) VALUES ('open_37', 0, 2, 'Inaburudisha');
INSERT INTO `cardExtra` (cardId, type, serial, content) VALUES ('open_37', 0, 3, 'Kucheza na rafiki zako');
INSERT INTO `cardExtra` (cardId, type, serial, content) VALUES ('open_37', 0, 4, 'Unapenda Kuruka');
INSERT INTO `card` (id, type, title, header, content, option) VALUES ('open_42', 0, 'Je, unaadhimishaje siku yako ya kuzaliwa?', 'assets/topic/birthday_celebration.gif', NULL, 'open');
INSERT INTO `cardExtra` (cardId, type, serial, content) VALUES ('open_42', 0, 1, 'Kwa kunywa kinywaji baridi');
INSERT INTO `cardExtra` (cardId, type, serial, content) VALUES ('open_42', 0, 2, 'Kwa kusheherekea na rafiki zako');
INSERT INTO `cardExtra` (cardId, type, serial, content) VALUES ('open_42', 0, 3, 'Kwa kukata keki');
INSERT INTO `cardExtra` (cardId, type, serial, content) VALUES ('open_42', 0, 4, 'Kwa kucheza michezo');
INSERT INTO `card` (id, type, title, header, content, option) VALUES ('open_47', 0, 'Kwa nini mbwa ni wanyama wazuri?', 'assets/topic/birthday_dog.gif', NULL, 'open');
INSERT INTO `cardExtra` (cardId, type, serial, content) VALUES ('open_47', 0, 1, 'Ni waaminifu');
INSERT INTO `cardExtra` (cardId, type, serial, content) VALUES ('open_47', 0, 2, 'Ni wenye akili');
INSERT INTO `cardExtra` (cardId, type, serial, content) VALUES ('open_47', 0, 3, 'Wanaburudisha');
INSERT INTO `cardExtra` (cardId, type, serial, content) VALUES ('open_47', 0, 4, 'Wanacheza nawe');
INSERT INTO `card` (id, type, title, header, content, option) VALUES ('open_52', 0, 'Kwanini unampenda paka?', 'assets/topic/bithday_cat.gif', NULL, 'open');
INSERT INTO `cardExtra` (cardId, type, serial, content) VALUES ('open_52', 0, 1, 'Wanafurahisha');
INSERT INTO `cardExtra` (cardId, type, serial, content) VALUES ('open_52', 0, 2, 'Wanacheza michezo');
INSERT INTO `cardExtra` (cardId, type, serial, content) VALUES ('open_52', 0, 3, 'Wanapenda chakula');
INSERT INTO `cardExtra` (cardId, type, serial, content) VALUES ('open_52', 0, 4, 'Wanaweza kuwa rafiki yako');
INSERT INTO `card` (id, type, title, header, content, option) VALUES ('open_57', 0, 'Hii ni nini?', 'assets/topic/bloomers.gif', NULL, 'open');
INSERT INTO `cardExtra` (cardId, type, serial, content) VALUES ('open_57', 0, 1, 'Maua');
INSERT INTO `cardExtra` (cardId, type, serial, content) VALUES ('open_57', 0, 2, 'Rangi');
INSERT INTO `cardExtra` (cardId, type, serial, content) VALUES ('open_57', 0, 3, 'Nzuri');
INSERT INTO `cardExtra` (cardId, type, serial, content) VALUES ('open_57', 0, 4, 'Mimea');
INSERT INTO `card` (id, type, title, header, content, option) VALUES ('open_62', 0, 'Je, kuku hufanya nini?', 'assets/topic/blue_chicken_wearing.gif', NULL, 'open');
INSERT INTO `cardExtra` (cardId, type, serial, content) VALUES ('open_62', 0, 1, 'Hutupatia mayai');
INSERT INTO `cardExtra` (cardId, type, serial, content) VALUES ('open_62', 0, 2, 'Hutupatia nyama');
INSERT INTO `cardExtra` (cardId, type, serial, content) VALUES ('open_62', 0, 3, 'Hawawezi kuruka');
INSERT INTO `cardExtra` (cardId, type, serial, content) VALUES ('open_62', 0, 4, 'Hupiga kelele');
INSERT INTO `card` (id, type, title, header, content, option) VALUES ('open_67', 0, 'Kwa nini unasoma vitabu?', 'assets/topic/book.gif', NULL, 'open');
INSERT INTO `cardExtra` (cardId, type, serial, content) VALUES ('open_67', 0, 1, 'Kupata ujuzi');
INSERT INTO `cardExtra` (cardId, type, serial, content) VALUES ('open_67', 0, 2, 'Huvutia');
INSERT INTO `cardExtra` (cardId, type, serial, content) VALUES ('open_67', 0, 3, 'Huburudisha');
INSERT INTO `cardExtra` (cardId, type, serial, content) VALUES ('open_67', 0, 4, 'Hufurahisha');
INSERT INTO `card` (id, type, title, header, content, option) VALUES ('open_72', 0, 'unaona ninihapa?', 'assets/topic/bored_sleeping.gif', NULL, 'open');
INSERT INTO `cardExtra` (cardId, type, serial, content) VALUES ('open_72', 0, 1, 'Watu wanapiga makofi');
INSERT INTO `cardExtra` (cardId, type, serial, content) VALUES ('open_72', 0, 2, 'Kijana amelala');
INSERT INTO `cardExtra` (cardId, type, serial, content) VALUES ('open_72', 0, 3, 'Michezo');
INSERT INTO `cardExtra` (cardId, type, serial, content) VALUES ('open_72', 0, 4, 'Kila mtu anafurahia');
INSERT INTO `card` (id, type, title, header, content, option) VALUES ('open_77', 0, 'unaona nini hapa?', 'assets/topic/camp_fire.gif', NULL, 'open');
INSERT INTO `cardExtra` (cardId, type, serial, content) VALUES ('open_77', 0, 1, 'Mlima');
INSERT INTO `cardExtra` (cardId, type, serial, content) VALUES ('open_77', 0, 2, 'Moto');
INSERT INTO `cardExtra` (cardId, type, serial, content) VALUES ('open_77', 0, 3, 'Maji');
INSERT INTO `cardExtra` (cardId, type, serial, content) VALUES ('open_77', 0, 4, 'Mandhari mazuri');
INSERT INTO `card` (id, type, title, header, content, option) VALUES ('open_82', 0, 'Je! Unaweza kufanya nini kwenye barabara?', 'assets/topic/car_drift.gif', NULL, 'open');
INSERT INTO `cardExtra` (cardId, type, serial, content) VALUES ('open_82', 0, 1, 'Kuendesha gari');
INSERT INTO `cardExtra` (cardId, type, serial, content) VALUES ('open_82', 0, 2, 'Kuangalia mandhari');
INSERT INTO `cardExtra` (cardId, type, serial, content) VALUES ('open_82', 0, 3, 'Kusafiri toka sehemu moja hadi nyingine');
INSERT INTO `cardExtra` (cardId, type, serial, content) VALUES ('open_82', 0, 4, 'Kutembea');
INSERT INTO `card` (id, type, title, header, content, option) VALUES ('open_87', 0, 'unaona ninihapa?', 'assets/topic/car_funny.gif', NULL, 'open');
INSERT INTO `cardExtra` (cardId, type, serial, content) VALUES ('open_87', 0, 1, 'Mbwa');
INSERT INTO `cardExtra` (cardId, type, serial, content) VALUES ('open_87', 0, 2, 'Gari');
INSERT INTO `cardExtra` (cardId, type, serial, content) VALUES ('open_87', 0, 3, 'Nafurahia katika uwanja wa michezo');
INSERT INTO `cardExtra` (cardId, type, serial, content) VALUES ('open_87', 0, 4, 'Mashindano');
INSERT INTO `card` (id, type, title, header, content, option) VALUES ('open_92', 0, 'Paka anaangalia wapi?', 'assets/topic/cat_rain.gif', NULL, 'open');
INSERT INTO `cardExtra` (cardId, type, serial, content) VALUES ('open_92', 0, 1, 'Nje ya mji');
INSERT INTO `cardExtra` (cardId, type, serial, content) VALUES ('open_92', 0, 2, 'Kunavyonyesha');
INSERT INTO `cardExtra` (cardId, type, serial, content) VALUES ('open_92', 0, 3, 'Mitaa iliyolowa na majengo');
INSERT INTO `cardExtra` (cardId, type, serial, content) VALUES ('open_92', 0, 4, 'Anga');
INSERT INTO `card` (id, type, title, header, content, option) VALUES ('open_97', 0, 'Kwa nini paka anasoma kitabu?', 'assets/topic/cat_reading_book.gif', NULL, 'open');
INSERT INTO `cardExtra` (cardId, type, serial, content) VALUES ('open_97', 0, 1, 'Inamfanya awe na akili');
INSERT INTO `cardExtra` (cardId, type, serial, content) VALUES ('open_97', 0, 2, 'Huburudika akiwa anasoma');
INSERT INTO `cardExtra` (cardId, type, serial, content) VALUES ('open_97', 0, 3, 'Anataka kwenda shule');
INSERT INTO `cardExtra` (cardId, type, serial, content) VALUES ('open_97', 0, 4, 'Paka anaenda vitani');
INSERT INTO `card` (id, type, title, header, content, option) VALUES ('open_102', 0, 'unaona nini hapa?', 'assets/topic/chamelion.gif', NULL, 'open');
INSERT INTO `cardExtra` (cardId, type, serial, content) VALUES ('open_102', 0, 1, 'Sanamu');
INSERT INTO `cardExtra` (cardId, type, serial, content) VALUES ('open_102', 0, 2, 'Dinosau');
INSERT INTO `cardExtra` (cardId, type, serial, content) VALUES ('open_102', 0, 3, 'Nyasi');
INSERT INTO `cardExtra` (cardId, type, serial, content) VALUES ('open_102', 0, 4, 'Hifadhi ya dinosau');
INSERT INTO `card` (id, type, title, header, content, option) VALUES ('open_107', 0, 'Kwanini Duma alimuua Paa?', 'assets/topic/cheetah_hunting.gif', NULL, 'open');
INSERT INTO `cardExtra` (cardId, type, serial, content) VALUES ('open_107', 0, 1, 'Alikuwa na njaa');
INSERT INTO `cardExtra` (cardId, type, serial, content) VALUES ('open_107', 0, 2, 'Anapenda kuwinda');
INSERT INTO `cardExtra` (cardId, type, serial, content) VALUES ('open_107', 0, 3, 'Hawapendi mnyama Paa');
INSERT INTO `cardExtra` (cardId, type, serial, content) VALUES ('open_107', 0, 4, 'Alitaka kulisha watoto wake');
INSERT INTO `card` (id, type, title, header, content, option) VALUES ('open_112', 0, 'Duma hufanya nini?', 'assets/topic/cheetah_running.gif', NULL, 'open');
INSERT INTO `cardExtra` (cardId, type, serial, content) VALUES ('open_112', 0, 1, 'Hupenda kukimbia');
INSERT INTO `cardExtra` (cardId, type, serial, content) VALUES ('open_112', 0, 2, 'Hupenda kuwinda');
INSERT INTO `cardExtra` (cardId, type, serial, content) VALUES ('open_112', 0, 3, 'Hukimbiza mawindo');
INSERT INTO `cardExtra` (cardId, type, serial, content) VALUES ('open_112', 0, 4, 'Hukimbiana wao kwa wao');
INSERT INTO `card` (id, type, title, header, content, option) VALUES ('open_117', 0, 'Watoto wanafanya nini?', 'assets/topic/cheezburger_kids_karma.gif', NULL, 'open');
INSERT INTO `cardExtra` (cardId, type, serial, content) VALUES ('open_117', 0, 1, 'Wanacheza');
INSERT INTO `cardExtra` (cardId, type, serial, content) VALUES ('open_117', 0, 2, 'Wanaketi juu ya kitanda');
INSERT INTO `cardExtra` (cardId, type, serial, content) VALUES ('open_117', 0, 3, 'Wanapiga mateke');
INSERT INTO `cardExtra` (cardId, type, serial, content) VALUES ('open_117', 0, 4, 'Wanaanguka chini');
INSERT INTO `card` (id, type, title, header, content, option) VALUES ('open_122', 0, 'Wale wanafanya nini?', 'assets/topic/cheezburger_kids_waving.gif', NULL, 'open');
INSERT INTO `cardExtra` (cardId, type, serial, content) VALUES ('open_122', 0, 1, 'Msichana anapunga mkono');
INSERT INTO `cardExtra` (cardId, type, serial, content) VALUES ('open_122', 0, 2, 'Watu wakiwa kwenye ngazi za umeme');
INSERT INTO `cardExtra` (cardId, type, serial, content) VALUES ('open_122', 0, 3, 'Wanatabasamu');
INSERT INTO `cardExtra` (cardId, type, serial, content) VALUES ('open_122', 0, 4, 'Wanaondoka');
INSERT INTO `card` (id, type, title, header, content, option) VALUES ('open_127', 0, 'Unaona nini?', 'assets/topic/chickens.gif', NULL, 'open');
INSERT INTO `cardExtra` (cardId, type, serial, content) VALUES ('open_127', 0, 1, 'Kuku wakiruka');
INSERT INTO `cardExtra` (cardId, type, serial, content) VALUES ('open_127', 0, 2, 'Kuku wakiwa wengi');
INSERT INTO `cardExtra` (cardId, type, serial, content) VALUES ('open_127', 0, 3, 'Kuku wakishindwa kupaa');
INSERT INTO `cardExtra` (cardId, type, serial, content) VALUES ('open_127', 0, 4, 'Mtu akiwapa chakula kuku');
INSERT INTO `card` (id, type, title, header, content, option) VALUES ('open_132', 0, 'Huwa unafanya nini katika siku yako ya kuzaliwa?', 'assets/topic/child_celebrating.gif', NULL, 'open');
INSERT INTO `cardExtra` (cardId, type, serial, content) VALUES ('open_132', 0, 1, 'Unacheza michezo');
INSERT INTO `cardExtra` (cardId, type, serial, content) VALUES ('open_132', 0, 2, 'Unakata keki');
INSERT INTO `cardExtra` (cardId, type, serial, content) VALUES ('open_132', 0, 3, 'Unafurahi na marafiki');
INSERT INTO `cardExtra` (cardId, type, serial, content) VALUES ('open_132', 0, 4, 'Unapiga kelele');
INSERT INTO `card` (id, type, title, header, content, option) VALUES ('open_137', 0, 'Mnyama huyu anafanya nini?', 'assets/topic/chimp_housing.gif', NULL, 'open');
INSERT INTO `cardExtra` (cardId, type, serial, content) VALUES ('open_137', 0, 1, 'Sokwe anaruka');
INSERT INTO `cardExtra` (cardId, type, serial, content) VALUES ('open_137', 0, 2, 'Anacheza na kijana');
INSERT INTO `cardExtra` (cardId, type, serial, content) VALUES ('open_137', 0, 3, 'Baba wa kijana amelala');
INSERT INTO `cardExtra` (cardId, type, serial, content) VALUES ('open_137', 0, 4, 'Anajiviringisha kwenye sakafu');
INSERT INTO `card` (id, type, title, header, content, option) VALUES ('open_142', 0, 'Sokwe anafanya nini?', 'assets/topic/chimpanzee.gif', NULL, 'open');
INSERT INTO `cardExtra` (cardId, type, serial, content) VALUES ('open_142', 0, 1, 'Anaandika kitabu');
INSERT INTO `cardExtra` (cardId, type, serial, content) VALUES ('open_142', 0, 2, 'Anaandika barua');
INSERT INTO `cardExtra` (cardId, type, serial, content) VALUES ('open_142', 0, 3, 'Anamalizia kazi ya shuleni');
INSERT INTO `cardExtra` (cardId, type, serial, content) VALUES ('open_142', 0, 4, 'Anaandika zoezi');
INSERT INTO `card` (id, type, title, header, content, option) VALUES ('open_147', 0, 'Kinatokea nini katika mji huu?', 'assets/topic/city.gif', NULL, 'open');
INSERT INTO `cardExtra` (cardId, type, serial, content) VALUES ('open_147', 0, 1, 'Basi jekundu katika barabara');
INSERT INTO `cardExtra` (cardId, type, serial, content) VALUES ('open_147', 0, 2, 'Magari kucheza');
INSERT INTO `cardExtra` (cardId, type, serial, content) VALUES ('open_147', 0, 3, 'Majengo mazuri');
INSERT INTO `cardExtra` (cardId, type, serial, content) VALUES ('open_147', 0, 4, 'Mwanga an''gavu mitaani');
INSERT INTO `card` (id, type, title, header, content, option) VALUES ('open_152', 0, 'unaona ninihapa?', 'assets/topic/clique_top_shelf.gif', NULL, 'open');
INSERT INTO `cardExtra` (cardId, type, serial, content) VALUES ('open_152', 0, 1, 'Mtu anaandika');
INSERT INTO `cardExtra` (cardId, type, serial, content) VALUES ('open_152', 0, 2, 'Ufukweni');
INSERT INTO `cardExtra` (cardId, type, serial, content) VALUES ('open_152', 0, 3, 'Kukaa katika kiti');
INSERT INTO `cardExtra` (cardId, type, serial, content) VALUES ('open_152', 0, 4, 'Maji');
INSERT INTO `card` (id, type, title, header, content, option) VALUES ('open_157', 0, 'unaona ninihapa?', 'assets/topic/clouds.gif', NULL, 'open');
INSERT INTO `cardExtra` (cardId, type, serial, content) VALUES ('open_157', 0, 1, 'Nyumba');
INSERT INTO `cardExtra` (cardId, type, serial, content) VALUES ('open_157', 0, 2, 'Kuta');
INSERT INTO `cardExtra` (cardId, type, serial, content) VALUES ('open_157', 0, 3, 'Mawingu');
INSERT INTO `cardExtra` (cardId, type, serial, content) VALUES ('open_157', 0, 4, 'Madirisha');
INSERT INTO `card` (id, type, title, header, content, option) VALUES ('open_162', 0, 'Mnyama huyu anafanya nini?', 'assets/topic/common_marmoset?.gif', NULL, 'open');
INSERT INTO `cardExtra` (cardId, type, serial, content) VALUES ('open_162', 0, 1, 'Amekaa juu ya mti');
INSERT INTO `cardExtra` (cardId, type, serial, content) VALUES ('open_162', 0, 2, 'Amepumzika');
INSERT INTO `cardExtra` (cardId, type, serial, content) VALUES ('open_162', 0, 3, 'Anatafuta chakula');
INSERT INTO `cardExtra` (cardId, type, serial, content) VALUES ('open_162', 0, 4, 'Mimea ya kijani');
INSERT INTO `card` (id, type, title, header, content, option) VALUES ('open_167', 0, 'Unaona nini?', 'assets/topic/cow_grazing.gif', NULL, 'open');
INSERT INTO `cardExtra` (cardId, type, serial, content) VALUES ('open_167', 0, 1, 'Nyasi za kijani');
INSERT INTO `cardExtra` (cardId, type, serial, content) VALUES ('open_167', 0, 2, 'Malisho ya ng''ombe');
INSERT INTO `cardExtra` (cardId, type, serial, content) VALUES ('open_167', 0, 3, 'Milima');
INSERT INTO `cardExtra` (cardId, type, serial, content) VALUES ('open_167', 0, 4, 'Utafunaji');
INSERT INTO `card` (id, type, title, header, content, option) VALUES ('open_172', 0, 'Watoto wanafanya nini?', 'assets/topic/cycle.gif', NULL, 'open');
INSERT INTO `cardExtra` (cardId, type, serial, content) VALUES ('open_172', 0, 1, 'Msichana anaendesha baiskeli yake');
INSERT INTO `cardExtra` (cardId, type, serial, content) VALUES ('open_172', 0, 2, 'Mama na kaka wanamwangalia');
INSERT INTO `cardExtra` (cardId, type, serial, content) VALUES ('open_172', 0, 3, 'Kuna kuta nyeupe');
INSERT INTO `cardExtra` (cardId, type, serial, content) VALUES ('open_172', 0, 4, 'Anaegesha baiskeli');
INSERT INTO `card` (id, type, title, header, content, option) VALUES ('open_177', 0, 'Kwanini unaendesha baiskeli?', 'assets/topic/cycle_kid.gif', NULL, 'open');
INSERT INTO `cardExtra` (cardId, type, serial, content) VALUES ('open_177', 0, 1, 'Ni burudani');
INSERT INTO `cardExtra` (cardId, type, serial, content) VALUES ('open_177', 0, 2, 'Ni afya');
INSERT INTO `cardExtra` (cardId, type, serial, content) VALUES ('open_177', 0, 3, 'Unaweza kuendesha kwa asili');
INSERT INTO `cardExtra` (cardId, type, serial, content) VALUES ('open_177', 0, 4, 'Unashindana na rafiki zako');
INSERT INTO `card` (id, type, title, header, content, option) VALUES ('open_182', 0, 'Unaona nini?', 'assets/topic/dad_daughter.gif', NULL, 'open');
INSERT INTO `cardExtra` (cardId, type, serial, content) VALUES ('open_182', 0, 1, 'Baba na binti wanacheza');
INSERT INTO `cardExtra` (cardId, type, serial, content) VALUES ('open_182', 0, 2, 'Picha ukutani');
INSERT INTO `cardExtra` (cardId, type, serial, content) VALUES ('open_182', 0, 3, 'Pale pana kabati la vyombo');
INSERT INTO `cardExtra` (cardId, type, serial, content) VALUES ('open_182', 0, 4, 'Unaweza kuruka juu ya shuka gumu');
INSERT INTO `card` (id, type, title, header, content, option) VALUES ('open_187', 0, 'Mtoto anafanya nini?', 'assets/topic/dancing_baby_adorable?.gif', NULL, 'open');
INSERT INTO `cardExtra` (cardId, type, serial, content) VALUES ('open_187', 0, 1, 'Mtoto anacheza');
INSERT INTO `cardExtra` (cardId, type, serial, content) VALUES ('open_187', 0, 2, 'Mtoto anafurahia');
INSERT INTO `cardExtra` (cardId, type, serial, content) VALUES ('open_187', 0, 3, 'Mtoto amesimama');
INSERT INTO `cardExtra` (cardId, type, serial, content) VALUES ('open_187', 0, 4, 'Mtoto ana pacifier');
INSERT INTO `card` (id, type, title, header, content, option) VALUES ('open_192', 0, 'Wale wanafanya nini?', 'assets/topic/dancing_kid_child.gif', NULL, 'open');
INSERT INTO `cardExtra` (cardId, type, serial, content) VALUES ('open_192', 0, 1, 'Mtoto mmoja anacheza');
INSERT INTO `cardExtra` (cardId, type, serial, content) VALUES ('open_192', 0, 2, 'Mmoja wao anaruka');
INSERT INTO `cardExtra` (cardId, type, serial, content) VALUES ('open_192', 0, 3, 'Wanaburudika');
INSERT INTO `cardExtra` (cardId, type, serial, content) VALUES ('open_192', 0, 4, 'Wanacheza wao kwa wao');
INSERT INTO `card` (id, type, title, header, content, option) VALUES ('open_197', 0, 'Ni kwa jinsi gani wanaburudika hapa?', 'assets/topic/daniel_daaaamn.gif', NULL, 'open');
INSERT INTO `cardExtra` (cardId, type, serial, content) VALUES ('open_197', 0, 1, 'Watoto wapo katika uwanja wa michezo');
INSERT INTO `cardExtra` (cardId, type, serial, content) VALUES ('open_197', 0, 2, 'Baadhi yao wanacheza');
INSERT INTO `cardExtra` (cardId, type, serial, content) VALUES ('open_197', 0, 3, 'Mmoja anachezea mpira');
INSERT INTO `cardExtra` (cardId, type, serial, content) VALUES ('open_197', 0, 4, 'Wanajifurahia wenyewe');
INSERT INTO `card` (id, type, title, header, content, option) VALUES ('open_202', 0, 'Nini kimetokea hapa?', 'assets/topic/dayum.gif', NULL, 'open');
INSERT INTO `cardExtra` (cardId, type, serial, content) VALUES ('open_202', 0, 1, 'Kuna gari moshi inatokezea');
INSERT INTO `cardExtra` (cardId, type, serial, content) VALUES ('open_202', 0, 2, 'Mtu yupo kwenye baiskeli');
INSERT INTO `cardExtra` (cardId, type, serial, content) VALUES ('open_202', 0, 3, 'Mtu huyo anaogopa gari moshi');
INSERT INTO `cardExtra` (cardId, type, serial, content) VALUES ('open_202', 0, 4, 'Wana haraka sana');
INSERT INTO `card` (id, type, title, header, content, option) VALUES ('open_207', 0, 'Kwa nini unaandika?', 'assets/topic/diary.gif.crdownload.gif', NULL, 'open');
INSERT INTO `cardExtra` (cardId, type, serial, content) VALUES ('open_207', 0, 1, 'Inakufanya uwe na akili');
INSERT INTO `cardExtra` (cardId, type, serial, content) VALUES ('open_207', 0, 2, 'Kuandika hadithi');
INSERT INTO `cardExtra` (cardId, type, serial, content) VALUES ('open_207', 0, 3, 'Kuandika barua kwa marafiki zako');
INSERT INTO `cardExtra` (cardId, type, serial, content) VALUES ('open_207', 0, 4, 'Unaweza kuchora');
INSERT INTO `card` (id, type, title, header, content, option) VALUES ('open_212', 0, 'Mbwa alifanya nini?', 'assets/topic/dog.gif', NULL, 'open');
INSERT INTO `cardExtra` (cardId, type, serial, content) VALUES ('open_212', 0, 1, 'Mtu fulani alimtupia mpira');
INSERT INTO `cardExtra` (cardId, type, serial, content) VALUES ('open_212', 0, 2, 'Ni mvivu');
INSERT INTO `cardExtra` (cardId, type, serial, content) VALUES ('open_212', 0, 3, 'Hupiga miayo');
INSERT INTO `cardExtra` (cardId, type, serial, content) VALUES ('open_212', 0, 4, 'Huchoka');
INSERT INTO `card` (id, type, title, header, content, option) VALUES ('open_217', 0, 'Wanafanya nini ufukweni?', 'assets/topic/dog_animal.gif', NULL, 'open');
INSERT INTO `cardExtra` (cardId, type, serial, content) VALUES ('open_217', 0, 1, 'Wanatupa mpira');
INSERT INTO `cardExtra` (cardId, type, serial, content) VALUES ('open_217', 0, 2, 'Mbwa anakimbilia mpira');
INSERT INTO `cardExtra` (cardId, type, serial, content) VALUES ('open_217', 0, 3, 'Kuna mchanga kote');
INSERT INTO `cardExtra` (cardId, type, serial, content) VALUES ('open_217', 0, 4, 'Mbwa amechoka');
INSERT INTO `card` (id, type, title, header, content, option) VALUES ('open_222', 0, 'Kwanini mbwa ana furaha?', 'assets/topic/dog_beach.gif', NULL, 'open');
INSERT INTO `cardExtra` (cardId, type, serial, content) VALUES ('open_222', 0, 1, 'Anasafiri kwenye mashua');
INSERT INTO `cardExtra` (cardId, type, serial, content) VALUES ('open_222', 0, 2, 'Anapenda ufukwe');
INSERT INTO `cardExtra` (cardId, type, serial, content) VALUES ('open_222', 0, 3, 'Anasafiri mahali');
INSERT INTO `cardExtra` (cardId, type, serial, content) VALUES ('open_222', 0, 4, 'Upepo mwanana');
INSERT INTO `card` (id, type, title, header, content, option) VALUES ('open_227', 0, 'Mbwa na msichana wanafanya nini?', 'assets/topic/dog_money_counting.gif', NULL, 'open');
INSERT INTO `cardExtra` (cardId, type, serial, content) VALUES ('open_227', 0, 1, 'Msichana amesimama nyuma ya mbwa');
INSERT INTO `cardExtra` (cardId, type, serial, content) VALUES ('open_227', 0, 2, 'Wanahesabu fedha');
INSERT INTO `cardExtra` (cardId, type, serial, content) VALUES ('open_227', 0, 3, 'Mbwa amevaa shati juu yake');
INSERT INTO `cardExtra` (cardId, type, serial, content) VALUES ('open_227', 0, 4, 'Wanaburudika');
INSERT INTO `card` (id, type, title, header, content, option) VALUES ('open_232', 0, 'Kuna nini katika mikono ya mbwa?', 'assets/topic/dog_on_phone.gif', NULL, 'open');
INSERT INTO `cardExtra` (cardId, type, serial, content) VALUES ('open_232', 0, 1, 'Kuna simu katika mikono ya mbwa');
INSERT INTO `cardExtra` (cardId, type, serial, content) VALUES ('open_232', 0, 2, 'Anamwita mtu');
INSERT INTO `cardExtra` (cardId, type, serial, content) VALUES ('open_232', 0, 3, 'Amekaa');
INSERT INTO `cardExtra` (cardId, type, serial, content) VALUES ('open_232', 0, 4, 'Anazungumza na mtu');
INSERT INTO `card` (id, type, title, header, content, option) VALUES ('open_237', 0, 'Kwanini mbwa anapiga kinanda?', 'assets/topic/dog_piano.gif', NULL, 'open');
INSERT INTO `cardExtra` (cardId, type, serial, content) VALUES ('open_237', 0, 1, 'Anapenda mziki');
INSERT INTO `cardExtra` (cardId, type, serial, content) VALUES ('open_237', 0, 2, 'Anaimba wimbo');
INSERT INTO `cardExtra` (cardId, type, serial, content) VALUES ('open_237', 0, 3, 'Anataka kuwa mwanamuziki');
INSERT INTO `cardExtra` (cardId, type, serial, content) VALUES ('open_237', 0, 4, 'Amekaa juu ya benchi');
INSERT INTO `card` (id, type, title, header, content, option) VALUES ('open_242', 0, 'Kwanini mbwa hupiga mswaki?', 'assets/topic/dog_teeth_brush.gif', NULL, 'open');
INSERT INTO `cardExtra` (cardId, type, serial, content) VALUES ('open_242', 0, 1, 'Kulinda meno');
INSERT INTO `cardExtra` (cardId, type, serial, content) VALUES ('open_242', 0, 2, 'Inafanya mdomo wake kuwa msafi');
INSERT INTO `cardExtra` (cardId, type, serial, content) VALUES ('open_242', 0, 3, 'Inamfanya awe na afya njema');
INSERT INTO `cardExtra` (cardId, type, serial, content) VALUES ('open_242', 0, 4, 'Ni tabia nzuri');
INSERT INTO `card` (id, type, title, header, content, option) VALUES ('open_247', 0, 'Pomboo anafanya nini?', 'assets/topic/dolphin.gif', NULL, 'open');
INSERT INTO `cardExtra` (cardId, type, serial, content) VALUES ('open_247', 0, 1, 'Pomboo huruka');
INSERT INTO `cardExtra` (cardId, type, serial, content) VALUES ('open_247', 0, 2, 'Anapenda kuogelea');
INSERT INTO `cardExtra` (cardId, type, serial, content) VALUES ('open_247', 0, 3, 'Anapenda kucheza');
INSERT INTO `cardExtra` (cardId, type, serial, content) VALUES ('open_247', 0, 4, 'Pomboo huburudisha');
INSERT INTO `card` (id, type, title, header, content, option) VALUES ('open_252', 0, 'Mtu anafanya nini?', 'assets/topic/dragging_dog.gif', NULL, 'open');
INSERT INTO `cardExtra` (cardId, type, serial, content) VALUES ('open_252', 0, 1, 'Mbwa hataki kuondoka');
INSERT INTO `cardExtra` (cardId, type, serial, content) VALUES ('open_252', 0, 2, 'Mbwa amechoka');
INSERT INTO `cardExtra` (cardId, type, serial, content) VALUES ('open_252', 0, 3, 'Anataka kulala');
INSERT INTO `cardExtra` (cardId, type, serial, content) VALUES ('open_252', 0, 4, 'Mbwa anataka kupumzika');
INSERT INTO `card` (id, type, title, header, content, option) VALUES ('open_257', 0, 'Samaki anafanya nini?', 'assets/topic/drinking_water.gif', NULL, 'open');
INSERT INTO `cardExtra` (cardId, type, serial, content) VALUES ('open_257', 0, 1, 'Samaki anakunywa maji');
INSERT INTO `cardExtra` (cardId, type, serial, content) VALUES ('open_257', 0, 2, 'Samaki amechoka');
INSERT INTO `cardExtra` (cardId, type, serial, content) VALUES ('open_257', 0, 3, 'Watu wanavua samaki');
INSERT INTO `cardExtra` (cardId, type, serial, content) VALUES ('open_257', 0, 4, 'Samaki anahisi kiu');
INSERT INTO `card` (id, type, title, header, content, option) VALUES ('open_262', 0, 'Kwa nini mbwa huyu anaendesha gari?', 'assets/topic/driving_dog.gif', NULL, 'open');
INSERT INTO `cardExtra` (cardId, type, serial, content) VALUES ('open_262', 0, 1, 'Anapenda kuendesha gari');
INSERT INTO `cardExtra` (cardId, type, serial, content) VALUES ('open_262', 0, 2, 'Anatembelea mahali');
INSERT INTO `cardExtra` (cardId, type, serial, content) VALUES ('open_262', 0, 3, 'Anataka kuwa mshindanaji wa mbio za magari');
INSERT INTO `cardExtra` (cardId, type, serial, content) VALUES ('open_262', 0, 4, 'Anakwenda nyumbani');
INSERT INTO `card` (id, type, title, header, content, option) VALUES ('open_267', 0, 'Je gari linafanya nini?', 'assets/topic/dump_question.gif', NULL, 'open');
INSERT INTO `cardExtra` (cardId, type, serial, content) VALUES ('open_267', 0, 1, 'Inasafiri mahali fulani');
INSERT INTO `cardExtra` (cardId, type, serial, content) VALUES ('open_267', 0, 2, 'Inakwenda kupita katika bwawa');
INSERT INTO `cardExtra` (cardId, type, serial, content) VALUES ('open_267', 0, 3, 'Barabara imeharibiwa');
INSERT INTO `cardExtra` (cardId, type, serial, content) VALUES ('open_267', 0, 4, 'Imeunganishwa na gari nyumba');
INSERT INTO `card` (id, type, title, header, content, option) VALUES ('open_272', 0, 'Paa anafanya nini?', 'assets/topic/eat_deer.gif', NULL, 'open');
INSERT INTO `cardExtra` (cardId, type, serial, content) VALUES ('open_272', 0, 1, 'Paa ana njaa');
INSERT INTO `cardExtra` (cardId, type, serial, content) VALUES ('open_272', 0, 2, 'Paa anakula nyasi');
INSERT INTO `cardExtra` (cardId, type, serial, content) VALUES ('open_272', 0, 3, 'Amepumzika');
INSERT INTO `cardExtra` (cardId, type, serial, content) VALUES ('open_272', 0, 4, 'Paa ni mwangalifu');
INSERT INTO `card` (id, type, title, header, content, option) VALUES ('open_277', 0, 'Kwanini mtu anakula?', 'assets/topic/eat_fat_obese.gif', NULL, 'open');
INSERT INTO `cardExtra` (cardId, type, serial, content) VALUES ('open_277', 0, 1, 'Huhisi njaa');
INSERT INTO `cardExtra` (cardId, type, serial, content) VALUES ('open_277', 0, 2, 'Anafurahia kula');
INSERT INTO `cardExtra` (cardId, type, serial, content) VALUES ('open_277', 0, 3, 'Anasheherekea');
INSERT INTO `cardExtra` (cardId, type, serial, content) VALUES ('open_277', 0, 4, 'Amechoka');
INSERT INTO `card` (id, type, title, header, content, option) VALUES ('open_282', 0, 'Kwanini lazima ule ndizi?', 'assets/topic/eating_banana.gif', NULL, 'open');
INSERT INTO `cardExtra` (cardId, type, serial, content) VALUES ('open_282', 0, 1, 'Ndizi zina afya');
INSERT INTO `cardExtra` (cardId, type, serial, content) VALUES ('open_282', 0, 2, 'Zina rangi ya njano');
INSERT INTO `cardExtra` (cardId, type, serial, content) VALUES ('open_282', 0, 3, 'Zinakupa nguvu');
INSERT INTO `cardExtra` (cardId, type, serial, content) VALUES ('open_282', 0, 4, 'Zina ladha tamu');
INSERT INTO `card` (id, type, title, header, content, option) VALUES ('open_287', 0, 'Mnyama hufanya nini?', 'assets/topic/eating_squirrel.gif', NULL, 'open');
INSERT INTO `cardExtra` (cardId, type, serial, content) VALUES ('open_287', 0, 1, 'Chindi huishi kwenye miti');
INSERT INTO `cardExtra` (cardId, type, serial, content) VALUES ('open_287', 0, 2, 'Hukusanya karanga');
INSERT INTO `cardExtra` (cardId, type, serial, content) VALUES ('open_287', 0, 3, 'Chindi hufurahia kula karanga');
INSERT INTO `cardExtra` (cardId, type, serial, content) VALUES ('open_287', 0, 4, 'Chindi wana akili');
INSERT INTO `card` (id, type, title, header, content, option) VALUES ('open_292', 0, 'Mtu anafanya nini?', 'assets/topic/egg_chicken.gif', NULL, 'open');
INSERT INTO `cardExtra` (cardId, type, serial, content) VALUES ('open_292', 0, 1, 'Anapasua yai');
INSERT INTO `cardExtra` (cardId, type, serial, content) VALUES ('open_292', 0, 2, 'Anataka kupika chakula');
INSERT INTO `cardExtra` (cardId, type, serial, content) VALUES ('open_292', 0, 3, 'Vifaranga wameanguliwa toka kwenye mayai');
INSERT INTO `cardExtra` (cardId, type, serial, content) VALUES ('open_292', 0, 4, 'Vifaranga ni vidogo');
INSERT INTO `card` (id, type, title, header, content, option) VALUES ('open_297', 0, 'Mnyama huyu anafanya nini?', 'assets/topic/elephant_baby.gif', NULL, 'open');
INSERT INTO `cardExtra` (cardId, type, serial, content) VALUES ('open_297', 0, 1, 'Huyu ni mtoto wa tembo');
INSERT INTO `cardExtra` (cardId, type, serial, content) VALUES ('open_297', 0, 2, 'Wana rangi ya kijivu');
INSERT INTO `cardExtra` (cardId, type, serial, content) VALUES ('open_297', 0, 3, 'Hupenda kucheza');
INSERT INTO `cardExtra` (cardId, type, serial, content) VALUES ('open_297', 0, 4, 'Ndama huogopa binadamu');
INSERT INTO `card` (id, type, title, header, content, option) VALUES ('open_302', 0, 'Ndama wa tembo anafanya nini?', 'assets/topic/elephant_baby_ribbon.gif', NULL, 'open');
INSERT INTO `cardExtra` (cardId, type, serial, content) VALUES ('open_302', 0, 1, 'Anacheza na kamba ya buluu.');
INSERT INTO `cardExtra` (cardId, type, serial, content) VALUES ('open_302', 0, 2, 'Anafurahia');
INSERT INTO `cardExtra` (cardId, type, serial, content) VALUES ('open_302', 0, 3, 'Ndama mwingine anakula nyasi.');
INSERT INTO `cardExtra` (cardId, type, serial, content) VALUES ('open_302', 0, 4, 'Ndama anacheza.');
INSERT INTO `card` (id, type, title, header, content, option) VALUES ('open_307', 0, 'Wanafanya nini?', 'assets/topic/elephant_baby_trunk.gif', NULL, 'open');
INSERT INTO `cardExtra` (cardId, type, serial, content) VALUES ('open_307', 0, 1, 'Ndama wa Tembo anadadisi.');
INSERT INTO `cardExtra` (cardId, type, serial, content) VALUES ('open_307', 0, 2, 'Anacheza na Binadamu');
INSERT INTO `cardExtra` (cardId, type, serial, content) VALUES ('open_307', 0, 3, 'Anapenda kula nyasi');
INSERT INTO `cardExtra` (cardId, type, serial, content) VALUES ('open_307', 0, 4, 'Mtu anakaa.');
INSERT INTO `card` (id, type, title, header, content, option) VALUES ('open_312', 0, 'Kwa nini Tembo alianguka?', 'assets/topic/elephant_cuteness.gif', NULL, 'open');
INSERT INTO `cardExtra` (cardId, type, serial, content) VALUES ('open_312', 0, 1, 'Tembo anapenda kucheza mpira wa miguu');
INSERT INTO `cardExtra` (cardId, type, serial, content) VALUES ('open_312', 0, 2, 'Ameteleza wakati anacheza.');
INSERT INTO `cardExtra` (cardId, type, serial, content) VALUES ('open_312', 0, 3, 'hatilii maanani');
INSERT INTO `cardExtra` (cardId, type, serial, content) VALUES ('open_312', 0, 4, 'Tembo kaumia');
INSERT INTO `card` (id, type, title, header, content, option) VALUES ('open_317', 0, 'Kwanini Tembo amevaa viatu?', 'assets/topic/elephant_wearing_shoes.gif', NULL, 'open');
INSERT INTO `cardExtra` (cardId, type, serial, content) VALUES ('open_317', 0, 1, 'Ili kulinda miguu yake');
INSERT INTO `cardExtra` (cardId, type, serial, content) VALUES ('open_317', 0, 2, 'Anapenda kukimbia');
INSERT INTO `cardExtra` (cardId, type, serial, content) VALUES ('open_317', 0, 3, 'Anataka kuwa mwanariadha');
INSERT INTO `cardExtra` (cardId, type, serial, content) VALUES ('open_317', 0, 4, 'Tembo anaogopa');
INSERT INTO `card` (id, type, title, header, content, option) VALUES ('open_322', 0, 'Kwa nini unaogelea', 'assets/topic/empty_swiming_pool.gif', NULL, 'open');
INSERT INTO `cardExtra` (cardId, type, serial, content) VALUES ('open_322', 0, 1, 'Inakufanya uwe imara');
INSERT INTO `cardExtra` (cardId, type, serial, content) VALUES ('open_322', 0, 2, 'Kuogelea ni furaha');
INSERT INTO `cardExtra` (cardId, type, serial, content) VALUES ('open_322', 0, 3, 'Kucheza na maji kunafurahisha');
INSERT INTO `cardExtra` (cardId, type, serial, content) VALUES ('open_322', 0, 4, 'Ni ahueni kipindi cha kiangazi');
INSERT INTO `card` (id, type, title, header, content, option) VALUES ('open_327', 0, 'Kwanini kifaranga cha bata kinalala?', 'assets/topic/exhausted_kid?.gif', NULL, 'open');
INSERT INTO `cardExtra` (cardId, type, serial, content) VALUES ('open_327', 0, 1, 'Kifaranga cha Bata kinasinzia');
INSERT INTO `cardExtra` (cardId, type, serial, content) VALUES ('open_327', 0, 2, 'Kifaranga cha bata kimechoka');
INSERT INTO `cardExtra` (cardId, type, serial, content) VALUES ('open_327', 0, 3, 'Kifaranga cha bata kinataka kupumzika');
INSERT INTO `cardExtra` (cardId, type, serial, content) VALUES ('open_327', 0, 4, 'Kifaranga cha Bata kilikuwa kinajaribu');
INSERT INTO `card` (id, type, title, header, content, option) VALUES ('open_332', 0, 'Kimetokea nini kwa mtoto?', 'assets/topic/fail_kids_gg.gif', NULL, 'open');
INSERT INTO `cardExtra` (cardId, type, serial, content) VALUES ('open_332', 0, 1, 'Mtoto akaanguka chini');
INSERT INTO `cardExtra` (cardId, type, serial, content) VALUES ('open_332', 0, 2, 'Mama hakumuona');
INSERT INTO `cardExtra` (cardId, type, serial, content) VALUES ('open_332', 0, 3, 'Mtoto kaumia');
INSERT INTO `cardExtra` (cardId, type, serial, content) VALUES ('open_332', 0, 4, 'Mtoto analia');
INSERT INTO `card` (id, type, title, header, content, option) VALUES ('open_337', 0, 'Watu hawa wanafanya nini?', 'assets/topic/fake_waves.gif', NULL, 'open');
INSERT INTO `cardExtra` (cardId, type, serial, content) VALUES ('open_337', 0, 1, 'Mtu anasafisha sakafu');
INSERT INTO `cardExtra` (cardId, type, serial, content) VALUES ('open_337', 0, 2, 'Kuna uchafu kwenye sakafu');
INSERT INTO `cardExtra` (cardId, type, serial, content) VALUES ('open_337', 0, 3, 'Viatu vyao vimeloa');
INSERT INTO `cardExtra` (cardId, type, serial, content) VALUES ('open_337', 0, 4, 'Wanaume wanaburudika');
INSERT INTO `card` (id, type, title, header, content, option) VALUES ('open_342', 0, 'Baba na mtoto wanafanya nini?', 'assets/topic/father_son.gif', NULL, 'open');
INSERT INTO `cardExtra` (cardId, type, serial, content) VALUES ('open_342', 0, 1, 'Wanateleza juu ya barafu');
INSERT INTO `cardExtra` (cardId, type, serial, content) VALUES ('open_342', 0, 2, 'Wanacheza wao kwa wao');
INSERT INTO `cardExtra` (cardId, type, serial, content) VALUES ('open_342', 0, 3, 'Wanateleza juu ya barafu kwa kasi zaidi');
INSERT INTO `cardExtra` (cardId, type, serial, content) VALUES ('open_342', 0, 4, 'Mashindano');
INSERT INTO `card` (id, type, title, header, content, option) VALUES ('open_347', 0, 'Unautumia moto kwa matumizi gani?', 'assets/topic/fire_candles.gif', NULL, 'open');
INSERT INTO `cardExtra` (cardId, type, serial, content) VALUES ('open_347', 0, 1, 'Kupika');
INSERT INTO `cardExtra` (cardId, type, serial, content) VALUES ('open_347', 0, 2, 'Ili kujipatia joto');
INSERT INTO `cardExtra` (cardId, type, serial, content) VALUES ('open_347', 0, 3, 'kwa mwanga');
INSERT INTO `cardExtra` (cardId, type, serial, content) VALUES ('open_347', 0, 4, 'Kuchemsha maji');
INSERT INTO `card` (id, type, title, header, content, option) VALUES ('open_352', 0, 'Kwa nini mbwa alianguka?', 'assets/topic/fish_dog.gif', NULL, 'open');
INSERT INTO `cardExtra` (cardId, type, serial, content) VALUES ('open_352', 0, 1, 'Samaki yupo hai');
INSERT INTO `cardExtra` (cardId, type, serial, content) VALUES ('open_352', 0, 2, 'Mbwa aliogopa');
INSERT INTO `cardExtra` (cardId, type, serial, content) VALUES ('open_352', 0, 3, 'Mbwa alishtua');
INSERT INTO `cardExtra` (cardId, type, serial, content) VALUES ('open_352', 0, 4, 'Mbwa aliteleza');
INSERT INTO `card` (id, type, title, header, content, option) VALUES ('open_357', 0, 'Kwa nini unakula chakula?', 'assets/topic/food_potato.gif', NULL, 'open');
INSERT INTO `cardExtra` (cardId, type, serial, content) VALUES ('open_357', 0, 1, 'Chakula ni afya');
INSERT INTO `cardExtra` (cardId, type, serial, content) VALUES ('open_357', 0, 2, 'Mara nyingi chakula ni kitamu.');
INSERT INTO `cardExtra` (cardId, type, serial, content) VALUES ('open_357', 0, 3, 'Chakula hukufanya uwe imara');
INSERT INTO `cardExtra` (cardId, type, serial, content) VALUES ('open_357', 0, 4, 'Nishati ya kucheza');
INSERT INTO `card` (id, type, title, header, content, option) VALUES ('open_362', 0, 'Kwa nini unacheza soka?', 'assets/topic/football_june.gif', NULL, 'open');
INSERT INTO `cardExtra` (cardId, type, serial, content) VALUES ('open_362', 0, 1, 'Inafanya mwili wako uwe imara');
INSERT INTO `cardExtra` (cardId, type, serial, content) VALUES ('open_362', 0, 2, 'Soka ni burudani kuicheza');
INSERT INTO `cardExtra` (cardId, type, serial, content) VALUES ('open_362', 0, 3, 'Cheza Soka na marafiki zako.');
INSERT INTO `cardExtra` (cardId, type, serial, content) VALUES ('open_362', 0, 4, 'Shindana na marafiki zako.');
INSERT INTO `card` (id, type, title, header, content, option) VALUES ('open_367', 0, 'Mtoto anafanya nini?', 'assets/topic/football_skills.gif', NULL, 'open');
INSERT INTO `cardExtra` (cardId, type, serial, content) VALUES ('open_367', 0, 1, 'Anajaribu kupiga mpira');
INSERT INTO `cardExtra` (cardId, type, serial, content) VALUES ('open_367', 0, 2, 'Anapenda kucheza na marafiki zake');
INSERT INTO `cardExtra` (cardId, type, serial, content) VALUES ('open_367', 0, 3, 'Mtoto ameukosa mpira');
INSERT INTO `cardExtra` (cardId, type, serial, content) VALUES ('open_367', 0, 4, 'Mtoto ameanguka');
INSERT INTO `card` (id, type, title, header, content, option) VALUES ('open_372', 0, 'Watu hawa wanafanya nini?', 'assets/topic/football_soccer.gif', NULL, 'open');
INSERT INTO `cardExtra` (cardId, type, serial, content) VALUES ('open_372', 0, 1, 'Wanacheza Mpira');
INSERT INTO `cardExtra` (cardId, type, serial, content) VALUES ('open_372', 0, 2, 'Wote wapo ndani ya Puto');
INSERT INTO `cardExtra` (cardId, type, serial, content) VALUES ('open_372', 0, 3, 'Wanagongana na kila mmoja');
INSERT INTO `cardExtra` (cardId, type, serial, content) VALUES ('open_372', 0, 4, 'Wanaburudika');
INSERT INTO `card` (id, type, title, header, content, option) VALUES ('open_377', 0, 'Kwa nini mnyama huyu anakimbia?', 'assets/topic/forest_running.gif', NULL, 'open');
INSERT INTO `cardExtra` (cardId, type, serial, content) VALUES ('open_377', 0, 1, 'Pundamilia huishi Msituni.');
INSERT INTO `cardExtra` (cardId, type, serial, content) VALUES ('open_377', 0, 2, 'Kuna simba anamkimbiza');
INSERT INTO `cardExtra` (cardId, type, serial, content) VALUES ('open_377', 0, 3, 'Anakwenda nyumbani');
INSERT INTO `cardExtra` (cardId, type, serial, content) VALUES ('open_377', 0, 4, 'Pundamilia ana miguu mirefu na ana mbio');
INSERT INTO `card` (id, type, title, header, content, option) VALUES ('open_382', 0, 'Kwa nini nguchiro huyu anacheka?', 'assets/topic/fox.gif', NULL, 'open');
INSERT INTO `cardExtra` (cardId, type, serial, content) VALUES ('open_382', 0, 1, 'Anacheza na marafiki zake');
INSERT INTO `cardExtra` (cardId, type, serial, content) VALUES ('open_382', 0, 2, 'Anapenda kuburudika');
INSERT INTO `cardExtra` (cardId, type, serial, content) VALUES ('open_382', 0, 3, 'Nguchiro ameshangazwa');
INSERT INTO `cardExtra` (cardId, type, serial, content) VALUES ('open_382', 0, 4, 'Nguchiro amesikia utani.');
INSERT INTO `card` (id, type, title, header, content, option) VALUES ('open_387', 0, 'Je, mbweha anafanya nini?', 'assets/topic/fox_fish.gif', NULL, 'open');
INSERT INTO `cardExtra` (cardId, type, serial, content) VALUES ('open_387', 0, 1, 'Anajaribu kukamata samaki');
INSERT INTO `cardExtra` (cardId, type, serial, content) VALUES ('open_387', 0, 2, 'Mbweha ana njaa');
INSERT INTO `cardExtra` (cardId, type, serial, content) VALUES ('open_387', 0, 3, 'Mbweha hupenda kula samaki');
INSERT INTO `cardExtra` (cardId, type, serial, content) VALUES ('open_387', 0, 4, 'Mbweha anacheza');
INSERT INTO `card` (id, type, title, header, content, option) VALUES ('open_392', 0, 'Je, paka anafanya nini?', 'assets/topic/funny_cat.gif', NULL, 'open');
INSERT INTO `cardExtra` (cardId, type, serial, content) VALUES ('open_392', 0, 1, 'Anajifunza');
INSERT INTO `cardExtra` (cardId, type, serial, content) VALUES ('open_392', 0, 2, 'Anacheza mchezo');
INSERT INTO `cardExtra` (cardId, type, serial, content) VALUES ('open_392', 0, 3, 'Anaangalia mchezo');
INSERT INTO `cardExtra` (cardId, type, serial, content) VALUES ('open_392', 0, 4, 'Anatuma barua pepe');
INSERT INTO `card` (id, type, title, header, content, option) VALUES ('open_397', 0, 'Paka huyu anafanya nini?', 'assets/topic/funny_cats_family.gif', NULL, 'open');
INSERT INTO `cardExtra` (cardId, type, serial, content) VALUES ('open_397', 0, 1, 'Anacheza na rafiki yake');
INSERT INTO `cardExtra` (cardId, type, serial, content) VALUES ('open_397', 0, 2, 'Anatumia mguu wake.');
INSERT INTO `cardExtra` (cardId, type, serial, content) VALUES ('open_397', 0, 3, 'Anampa tano.');
INSERT INTO `cardExtra` (cardId, type, serial, content) VALUES ('open_397', 0, 4, 'Anajaribu kumpiga mvulana');
INSERT INTO `card` (id, type, title, header, content, option) VALUES ('open_402', 0, 'Mbwa anafanya nini?', 'assets/topic/funny_dog.gif', NULL, 'open');
INSERT INTO `cardExtra` (cardId, type, serial, content) VALUES ('open_402', 0, 1, 'Kwa sababu ya upepo mkali');
INSERT INTO `cardExtra` (cardId, type, serial, content) VALUES ('open_402', 0, 2, 'Mbwa anapenda kusafiri');
INSERT INTO `cardExtra` (cardId, type, serial, content) VALUES ('open_402', 0, 3, 'Anajaribu kula kitu');
INSERT INTO `cardExtra` (cardId, type, serial, content) VALUES ('open_402', 0, 4, 'Mbwa anaburudika');
INSERT INTO `card` (id, type, title, header, content, option) VALUES ('open_407', 0, 'Kwa nini mtu huyu anaogopa?', 'assets/topic/funny_fail_crab.gif', NULL, 'open');
INSERT INTO `cardExtra` (cardId, type, serial, content) VALUES ('open_407', 0, 1, 'Msichana ameshika kaa');
INSERT INTO `cardExtra` (cardId, type, serial, content) VALUES ('open_407', 0, 2, 'Kaa ana kucha kali');
INSERT INTO `cardExtra` (cardId, type, serial, content) VALUES ('open_407', 0, 3, 'Kaa kamwangukia mtu');
INSERT INTO `cardExtra` (cardId, type, serial, content) VALUES ('open_407', 0, 4, 'Mtu kaumia');
INSERT INTO `card` (id, type, title, header, content, option) VALUES ('open_412', 0, 'Kwa nini mbwa unaruka?', 'assets/topic/funny_fail_dog?.gif', NULL, 'open');
INSERT INTO `cardExtra` (cardId, type, serial, content) VALUES ('open_412', 0, 1, 'Anataka kukamata mpira');
INSERT INTO `cardExtra` (cardId, type, serial, content) VALUES ('open_412', 0, 2, 'Kucheza na mpira');
INSERT INTO `cardExtra` (cardId, type, serial, content) VALUES ('open_412', 0, 3, 'Mbwa anapenda kuruka');
INSERT INTO `cardExtra` (cardId, type, serial, content) VALUES ('open_412', 0, 4, 'Mbwa ana ukimbiza mpira.');
INSERT INTO `card` (id, type, title, header, content, option) VALUES ('open_417', 0, 'Kwanini taa ilipasuka?', 'assets/topic/funny_fail_fan.gif', NULL, 'open');
INSERT INTO `cardExtra` (cardId, type, serial, content) VALUES ('open_417', 0, 1, 'Taa imetengenezwa kwa kioo');
INSERT INTO `cardExtra` (cardId, type, serial, content) VALUES ('open_417', 0, 2, 'Gongo la mvulana limeupiga mpira.');
INSERT INTO `cardExtra` (cardId, type, serial, content) VALUES ('open_417', 0, 3, 'Kioo ni rahisi kuvunjika.');
INSERT INTO `cardExtra` (cardId, type, serial, content) VALUES ('open_417', 0, 4, 'Kioo kilichovunjika kila sehemu.');
INSERT INTO `card` (id, type, title, header, content, option) VALUES ('open_422', 0, 'Kwa nini mvulana huyu alianguka?', 'assets/topic/funny_fail_kid.gif', NULL, 'open');
INSERT INTO `cardExtra` (cardId, type, serial, content) VALUES ('open_422', 0, 1, 'Mvulana anakimbia');
INSERT INTO `cardExtra` (cardId, type, serial, content) VALUES ('open_422', 0, 2, 'Kuna shimo katika ardhi');
INSERT INTO `cardExtra` (cardId, type, serial, content) VALUES ('open_422', 0, 3, 'Mvulana ameumia');
INSERT INTO `cardExtra` (cardId, type, serial, content) VALUES ('open_422', 0, 4, 'Mvulana ameshinda riadha.');
INSERT INTO `card` (id, type, title, header, content, option) VALUES ('open_427', 0, 'Farasi anakwenda wapi?', 'assets/topic/funny_horse.gif', NULL, 'open');
INSERT INTO `cardExtra` (cardId, type, serial, content) VALUES ('open_427', 0, 1, 'Anaogopa vikwazo.');
INSERT INTO `cardExtra` (cardId, type, serial, content) VALUES ('open_427', 0, 2, 'Farasi ameteleza');
INSERT INTO `cardExtra` (cardId, type, serial, content) VALUES ('open_427', 0, 3, 'Anaenda upande mwingine.');
INSERT INTO `cardExtra` (cardId, type, serial, content) VALUES ('open_427', 0, 4, 'Farasi ana kiu');
INSERT INTO `card` (id, type, title, header, content, option) VALUES ('open_432', 0, 'Kimetokea nini kwa mtoto?', 'assets/topic/funny_kid_beach.gif', NULL, 'open');
INSERT INTO `cardExtra` (cardId, type, serial, content) VALUES ('open_432', 0, 1, 'Mtoto yuko ufukweni.');
INSERT INTO `cardExtra` (cardId, type, serial, content) VALUES ('open_432', 0, 2, 'Anachezea mchanga na maji.');
INSERT INTO `cardExtra` (cardId, type, serial, content) VALUES ('open_432', 0, 3, 'Mawimbi yana nguvu.');
INSERT INTO `cardExtra` (cardId, type, serial, content) VALUES ('open_432', 0, 4, 'Mawimbi yalimsukuma chini');
INSERT INTO `card` (id, type, title, header, content, option) VALUES ('open_437', 0, 'Kwa nini mtoto anachimba?', 'assets/topic/funny_kid_mud.gif', NULL, 'open');
INSERT INTO `cardExtra` (cardId, type, serial, content) VALUES ('open_437', 0, 1, 'Kupanda mti');
INSERT INTO `cardExtra` (cardId, type, serial, content) VALUES ('open_437', 0, 2, 'Anachezea matope');
INSERT INTO `cardExtra` (cardId, type, serial, content) VALUES ('open_437', 0, 3, 'Kusafisha');
INSERT INTO `cardExtra` (cardId, type, serial, content) VALUES ('open_437', 0, 4, 'Mtoto anaburudika');
INSERT INTO `card` (id, type, title, header, content, option) VALUES ('open_442', 0, 'Watoto wanafanya nini?', 'assets/topic/funny_kids_dogs.gif', NULL, 'open');
INSERT INTO `cardExtra` (cardId, type, serial, content) VALUES ('open_442', 0, 1, 'Wanacheza');
INSERT INTO `cardExtra` (cardId, type, serial, content) VALUES ('open_442', 0, 2, 'Mbwa pia anacheza');
INSERT INTO `cardExtra` (cardId, type, serial, content) VALUES ('open_442', 0, 3, 'Wanaburudika wenyewe');
INSERT INTO `cardExtra` (cardId, type, serial, content) VALUES ('open_442', 0, 4, 'Wanacheza kwenye mtaro');
INSERT INTO `card` (id, type, title, header, content, option) VALUES ('open_447', 0, 'Mtu huyu aliumiaje?', 'assets/topic/funny_lebron.gif', NULL, 'open');
INSERT INTO `cardExtra` (cardId, type, serial, content) VALUES ('open_447', 0, 1, 'Analipia Mpira wa kikapu');
INSERT INTO `cardExtra` (cardId, type, serial, content) VALUES ('open_447', 0, 2, 'Mpira wa kikapu ni mgumu');
INSERT INTO `cardExtra` (cardId, type, serial, content) VALUES ('open_447', 0, 3, 'Mpira wa Kikapu umeupiga uso wake');
INSERT INTO `cardExtra` (cardId, type, serial, content) VALUES ('open_447', 0, 4, 'hatilii maanani');
INSERT INTO `card` (id, type, title, header, content, option) VALUES ('open_452', 0, 'Mtoto wa mbwa anafanya nini?', 'assets/topic/funny_puppy.gif', NULL, 'open');
INSERT INTO `cardExtra` (cardId, type, serial, content) VALUES ('open_452', 0, 1, 'Anaogopa Maji');
INSERT INTO `cardExtra` (cardId, type, serial, content) VALUES ('open_452', 0, 2, 'Hawataki kuanguka ndani ya maji');
INSERT INTO `cardExtra` (cardId, type, serial, content) VALUES ('open_452', 0, 3, 'Mwili unaelea');
INSERT INTO `cardExtra` (cardId, type, serial, content) VALUES ('open_452', 0, 4, 'Puppy anataka kwenda upande mwingine');
INSERT INTO `card` (id, type, title, header, content, option) VALUES ('open_457', 0, 'Mwanamke aliangukaje chini?', 'assets/topic/funny_swimimg_pool.gif', NULL, 'open');
INSERT INTO `cardExtra` (cardId, type, serial, content) VALUES ('open_457', 0, 1, 'Akiendesha baiskeli');
INSERT INTO `cardExtra` (cardId, type, serial, content) VALUES ('open_457', 0, 2, 'Hatilii maanani');
INSERT INTO `cardExtra` (cardId, type, serial, content) VALUES ('open_457', 0, 3, 'Aligonga kiti');
INSERT INTO `cardExtra` (cardId, type, serial, content) VALUES ('open_457', 0, 4, 'Akaanguka kwenye bwana la kuogelea');
INSERT INTO `card` (id, type, title, header, content, option) VALUES ('open_462', 0, 'Wanafanya nini?', 'assets/topic/funny_tigers.gif', NULL, 'open');
INSERT INTO `cardExtra` (cardId, type, serial, content) VALUES ('open_462', 0, 1, 'Kumtambulisha Paka kwa Chui');
INSERT INTO `cardExtra` (cardId, type, serial, content) VALUES ('open_462', 0, 2, 'Chui ni wadadisi');
INSERT INTO `cardExtra` (cardId, type, serial, content) VALUES ('open_462', 0, 3, 'Chui wanamuangalia Paka');
INSERT INTO `cardExtra` (cardId, type, serial, content) VALUES ('open_462', 0, 4, 'Paka anaogopa');
INSERT INTO `card` (id, type, title, header, content, option) VALUES ('open_467', 0, 'Kwa nini mbwa na kijana wanalala?', 'assets/topic/funny_twins.gif', NULL, 'open');
INSERT INTO `cardExtra` (cardId, type, serial, content) VALUES ('open_467', 0, 1, 'Wamechoka');
INSERT INTO `cardExtra` (cardId, type, serial, content) VALUES ('open_467', 0, 2, 'Wanapumzika');
INSERT INTO `cardExtra` (cardId, type, serial, content) VALUES ('open_467', 0, 3, 'Mbwa na mvulana ni kutafakari');
INSERT INTO `cardExtra` (cardId, type, serial, content) VALUES ('open_467', 0, 4, 'Wapo ni kwenye sofa');
INSERT INTO `card` (id, type, title, header, content, option) VALUES ('open_472', 0, 'Kwa nini paka huyu anaogopesha?', 'assets/topic/funnycat.gif', NULL, 'open');
INSERT INTO `cardExtra` (cardId, type, serial, content) VALUES ('open_472', 0, 1, 'Anajaribu kushambulia mtu');
INSERT INTO `cardExtra` (cardId, type, serial, content) VALUES ('open_472', 0, 2, 'Anataka kukamata wadudu');
INSERT INTO `cardExtra` (cardId, type, serial, content) VALUES ('open_472', 0, 3, 'Paka anaruka');
INSERT INTO `cardExtra` (cardId, type, serial, content) VALUES ('open_472', 0, 4, 'Paka anacheza');
INSERT INTO `card` (id, type, title, header, content, option) VALUES ('open_477', 0, 'Mbuzi na mvulana wanafanya nini?', 'assets/topic/goat_eating.gif', NULL, 'open');
INSERT INTO `cardExtra` (cardId, type, serial, content) VALUES ('open_477', 0, 1, 'Mvulana anatumia kompyuta');
INSERT INTO `cardExtra` (cardId, type, serial, content) VALUES ('open_477', 0, 2, 'Mvulana anacheza mchezo');
INSERT INTO `cardExtra` (cardId, type, serial, content) VALUES ('open_477', 0, 3, 'Yeye ameketi juu ya mbuzi');
INSERT INTO `cardExtra` (cardId, type, serial, content) VALUES ('open_477', 0, 4, 'Mbuzi anakula kitabu');
INSERT INTO `card` (id, type, title, header, content, option) VALUES ('open_482', 0, 'Mfuko wa mtu uliangukaje?', 'assets/topic/golf.gif', NULL, 'open');
INSERT INTO `cardExtra` (cardId, type, serial, content) VALUES ('open_482', 0, 1, 'Mtu anacheza mchezo wa gofu');
INSERT INTO `cardExtra` (cardId, type, serial, content) VALUES ('open_482', 0, 2, 'Mtu yupo juu ya mlima');
INSERT INTO `cardExtra` (cardId, type, serial, content) VALUES ('open_482', 0, 3, 'Anataka kupiga mpira');
INSERT INTO `cardExtra` (cardId, type, serial, content) VALUES ('open_482', 0, 4, 'Mtu akapiga mfuko, badala yakr.');
INSERT INTO `card` (id, type, title, header, content, option) VALUES ('open_487', 0, 'Kwa nini farasi huyu anaonekana ya ajabu?', 'assets/topic/half_horse.gif', NULL, 'open');
INSERT INTO `cardExtra` (cardId, type, serial, content) VALUES ('open_487', 0, 1, 'Farasi wote wana miguu minne');
INSERT INTO `cardExtra` (cardId, type, serial, content) VALUES ('open_487', 0, 2, 'Farasi kukimbia haraka');
INSERT INTO `cardExtra` (cardId, type, serial, content) VALUES ('open_487', 0, 3, 'Farasi huyu ana miguu miwili tu');
INSERT INTO `cardExtra` (cardId, type, serial, content) VALUES ('open_487', 0, 4, 'Farasi anaogopa');
INSERT INTO `card` (id, type, title, header, content, option) VALUES ('open_492', 0, 'Pony na mbwa wanafanya nini?', 'assets/topic/horse_dog.gif', NULL, 'open');
INSERT INTO `cardExtra` (cardId, type, serial, content) VALUES ('open_492', 0, 1, 'Pony ni farasi mdogo.');
INSERT INTO `cardExtra` (cardId, type, serial, content) VALUES ('open_492', 0, 2, 'Mbwa yupo juu ya farasi');
INSERT INTO `cardExtra` (cardId, type, serial, content) VALUES ('open_492', 0, 3, 'Mbwa anaendesha farasi');
INSERT INTO `cardExtra` (cardId, type, serial, content) VALUES ('open_492', 0, 4, 'Farasi na mbwa wanaburudika');
INSERT INTO `card` (id, type, title, header, content, option) VALUES ('open_497', 0, 'Hii ni nini?', 'assets/topic/infinity_oops.gif', NULL, 'open');
INSERT INTO `cardExtra` (cardId, type, serial, content) VALUES ('open_497', 0, 1, 'Penseli hutumiwa kuandikia');
INSERT INTO `cardExtra` (cardId, type, serial, content) VALUES ('open_497', 0, 2, 'Ufutio kwenye penseli ili kufuta');
INSERT INTO `cardExtra` (cardId, type, serial, content) VALUES ('open_497', 0, 3, 'Andika barua au vitabu');
INSERT INTO `cardExtra` (cardId, type, serial, content) VALUES ('open_497', 0, 4, 'Fanya michoro mizuri');
INSERT INTO `card` (id, type, title, header, content, option) VALUES ('open_502', 0, 'Je Mtoto wa mbwa na mtu wanafanya nini?', 'assets/topic/jump_common.gif', NULL, 'open');
INSERT INTO `cardExtra` (cardId, type, serial, content) VALUES ('open_502', 0, 1, 'Mtoto wa mbwa anapenda kucheza');
INSERT INTO `cardExtra` (cardId, type, serial, content) VALUES ('open_502', 0, 2, 'Mtoto wa Mbwa anaruka kutoka kwenye sofa');
INSERT INTO `cardExtra` (cardId, type, serial, content) VALUES ('open_502', 0, 3, 'Mtu anamkamata Mtoto wa mbwa.');
INSERT INTO `cardExtra` (cardId, type, serial, content) VALUES ('open_502', 0, 4, 'Wanaburudika');
INSERT INTO `card` (id, type, title, header, content, option) VALUES ('open_507', 0, 'Nini kinachoonekana katika uwanja wa michezo?', 'assets/topic/jump_dad_land.gif', NULL, 'open');
INSERT INTO `cardExtra` (cardId, type, serial, content) VALUES ('open_507', 0, 1, 'Watoto wanacheza kwenye Bembea');
INSERT INTO `cardExtra` (cardId, type, serial, content) VALUES ('open_507', 0, 2, 'Mchanga kila mahali');
INSERT INTO `cardExtra` (cardId, type, serial, content) VALUES ('open_507', 0, 3, 'Uwanja uliojaa burudani.');
INSERT INTO `cardExtra` (cardId, type, serial, content) VALUES ('open_507', 0, 4, 'Watoto wanaumia');
INSERT INTO `card` (id, type, title, header, content, option) VALUES ('open_512', 0, 'Nini kinachoonekana?', 'assets/topic/justviral_horse_dog.gif', NULL, 'open');
INSERT INTO `cardExtra` (cardId, type, serial, content) VALUES ('open_512', 0, 1, 'Mbwa anatembea');
INSERT INTO `cardExtra` (cardId, type, serial, content) VALUES ('open_512', 0, 2, 'Panda karibu na shingo ya farasi');
INSERT INTO `cardExtra` (cardId, type, serial, content) VALUES ('open_512', 0, 3, 'Wanaburudika');
INSERT INTO `cardExtra` (cardId, type, serial, content) VALUES ('open_512', 0, 4, 'Wanatembea pamoja');
INSERT INTO `card` (id, type, title, header, content, option) VALUES ('open_517', 0, 'Mtoto wa nani amechangamka?', 'assets/topic/kid.gif', NULL, 'open');
INSERT INTO `cardExtra` (cardId, type, serial, content) VALUES ('open_517', 0, 1, 'Mchezaji anayempenda sana');
INSERT INTO `cardExtra` (cardId, type, serial, content) VALUES ('open_517', 0, 2, 'Farasi anayempenda sana');
INSERT INTO `cardExtra` (cardId, type, serial, content) VALUES ('open_517', 0, 3, 'Baba yake');
INSERT INTO `cardExtra` (cardId, type, serial, content) VALUES ('open_517', 0, 4, 'Timu yake anayoipenda');
INSERT INTO `card` (id, type, title, header, content, option) VALUES ('open_522', 0, 'Unaona nini?', 'assets/topic/kid_bathing.gif', NULL, 'open');
INSERT INTO `cardExtra` (cardId, type, serial, content) VALUES ('open_522', 0, 1, 'Kupiga mbizi ya mgongomgongo');
INSERT INTO `cardExtra` (cardId, type, serial, content) VALUES ('open_522', 0, 2, 'ameumizwa sana.');
INSERT INTO `cardExtra` (cardId, type, serial, content) VALUES ('open_522', 0, 3, 'Maji katika bwawa');
INSERT INTO `cardExtra` (cardId, type, serial, content) VALUES ('open_522', 0, 4, 'Mazoezi zaidi');
INSERT INTO `card` (id, type, title, header, content, option) VALUES ('open_527', 0, 'Je! Unaweza kuona nini?', 'assets/topic/kid_golf.gif', NULL, 'open');
INSERT INTO `cardExtra` (cardId, type, serial, content) VALUES ('open_527', 0, 1, 'Anajaribu kugonga mpira');
INSERT INTO `cardExtra` (cardId, type, serial, content) VALUES ('open_527', 0, 2, 'Upepo mkali');
INSERT INTO `cardExtra` (cardId, type, serial, content) VALUES ('open_527', 0, 3, 'Kikundi cha Mchezo wa Gofu');
INSERT INTO `cardExtra` (cardId, type, serial, content) VALUES ('open_527', 0, 4, 'Kampuni ya mpira');
INSERT INTO `card` (id, type, title, header, content, option) VALUES ('open_532', 0, 'Unaona nini?', 'assets/topic/kid_sleeping_ang.gif', NULL, 'open');
INSERT INTO `cardExtra` (cardId, type, serial, content) VALUES ('open_532', 0, 1, 'Mtoto ameketi kwenye Choo chake cha kiti');
INSERT INTO `cardExtra` (cardId, type, serial, content) VALUES ('open_532', 0, 2, 'Mtoto aliyelala');
INSERT INTO `cardExtra` (cardId, type, serial, content) VALUES ('open_532', 0, 3, 'Kuunganishwa kidogo');
INSERT INTO `cardExtra` (cardId, type, serial, content) VALUES ('open_532', 0, 4, 'Kuchoka kusubiri');
INSERT INTO `card` (id, type, title, header, content, option) VALUES ('open_537', 0, 'Wasichana wanafanya nini?', 'assets/topic/kids_fighting_exercise?.gif', NULL, 'open');
INSERT INTO `cardExtra` (cardId, type, serial, content) VALUES ('open_537', 0, 1, 'Kujifunza kupigana');
INSERT INTO `cardExtra` (cardId, type, serial, content) VALUES ('open_537', 0, 2, 'Kuonyesha mateke yao bora');
INSERT INTO `cardExtra` (cardId, type, serial, content) VALUES ('open_537', 0, 3, 'Kuchukua zamu katika kupiga');
INSERT INTO `cardExtra` (cardId, type, serial, content) VALUES ('open_537', 0, 4, 'Kutafuta');
INSERT INTO `card` (id, type, title, header, content, option) VALUES ('open_542', 0, 'Unaona nini?', 'assets/topic/kids_fish.gif', NULL, 'open');
INSERT INTO `cardExtra` (cardId, type, serial, content) VALUES ('open_542', 0, 1, 'Samaki mdogo anamtisha mtoto.');
INSERT INTO `cardExtra` (cardId, type, serial, content) VALUES ('open_542', 0, 2, 'Mtoto anageuka');
INSERT INTO `cardExtra` (cardId, type, serial, content) VALUES ('open_542', 0, 3, 'Mtoto anayeogopa');
INSERT INTO `cardExtra` (cardId, type, serial, content) VALUES ('open_542', 0, 4, 'Kukata tamaa');
INSERT INTO `card` (id, type, title, header, content, option) VALUES ('open_547', 0, 'Unaona nini?', 'assets/topic/kittens.gif', NULL, 'open');
INSERT INTO `cardExtra` (cardId, type, serial, content) VALUES ('open_547', 0, 1, 'Watoto wa paka wazuri wapo katika mstari');
INSERT INTO `cardExtra` (cardId, type, serial, content) VALUES ('open_547', 0, 2, 'Maelezo mazuri');
INSERT INTO `cardExtra` (cardId, type, serial, content) VALUES ('open_547', 0, 3, 'Kazi ya pamoja ya watoto wa paka');
INSERT INTO `cardExtra` (cardId, type, serial, content) VALUES ('open_547', 0, 4, 'Watoto wa paka wadadisi');
INSERT INTO `card` (id, type, title, header, content, option) VALUES ('open_552', 0, 'Je! Unaweza kuona nini?', 'assets/topic/library.gif', NULL, 'open');
INSERT INTO `cardExtra` (cardId, type, serial, content) VALUES ('open_552', 0, 1, 'Maktaba inayoendelea.');
INSERT INTO `cardExtra` (cardId, type, serial, content) VALUES ('open_552', 0, 2, 'Vitabu vingi');
INSERT INTO `cardExtra` (cardId, type, serial, content) VALUES ('open_552', 0, 3, 'Vitabu vinavyoedelea');
INSERT INTO `cardExtra` (cardId, type, serial, content) VALUES ('open_552', 0, 4, 'Mwendo ya Haraka');
INSERT INTO `card` (id, type, title, header, content, option) VALUES ('open_557', 0, 'Unaona nini?', 'assets/topic/lil_wayne.gif', NULL, 'open');
INSERT INTO `cardExtra` (cardId, type, serial, content) VALUES ('open_557', 0, 1, 'Watoto wanaocheza');
INSERT INTO `cardExtra` (cardId, type, serial, content) VALUES ('open_557', 0, 2, 'Mvulana anajaribu kucheza');
INSERT INTO `cardExtra` (cardId, type, serial, content) VALUES ('open_557', 0, 3, 'Mvulana yuko peke yake');
INSERT INTO `cardExtra` (cardId, type, serial, content) VALUES ('open_557', 0, 4, 'Ni wakati wa kusherehekea');
INSERT INTO `card` (id, type, title, header, content, option) VALUES ('open_562', 0, 'Je! Unaweza kuona nini?', 'assets/topic/lion.gif', NULL, 'open');
INSERT INTO `cardExtra` (cardId, type, serial, content) VALUES ('open_562', 0, 1, 'Simba anaenda mbele na kurudi nyuma');
INSERT INTO `cardExtra` (cardId, type, serial, content) VALUES ('open_562', 0, 2, 'Mtu mmoja anapasua Puto');
INSERT INTO `cardExtra` (cardId, type, serial, content) VALUES ('open_562', 0, 3, 'Kamata Puto');
INSERT INTO `cardExtra` (cardId, type, serial, content) VALUES ('open_562', 0, 4, 'Simba Mweupe');
INSERT INTO `card` (id, type, title, header, content, option) VALUES ('open_567', 0, 'Je! Unaweza kuona nini?', 'assets/topic/lion_baby.gif', NULL, 'open');
INSERT INTO `cardExtra` (cardId, type, serial, content) VALUES ('open_567', 0, 1, 'Simba na Mtoto');
INSERT INTO `cardExtra` (cardId, type, serial, content) VALUES ('open_567', 0, 2, 'Anajaribu kula');
INSERT INTO `cardExtra` (cardId, type, serial, content) VALUES ('open_567', 0, 3, 'Mtoto asiye na hofu');
INSERT INTO `cardExtra` (cardId, type, serial, content) VALUES ('open_567', 0, 4, 'Hakati tamaa');
INSERT INTO `card` (id, type, title, header, content, option) VALUES ('open_572', 0, 'Ni nini kinachofanya iwe picha nzuri?', 'assets/topic/lion_cub.gif', NULL, 'open');
INSERT INTO `cardExtra` (cardId, type, serial, content) VALUES ('open_572', 0, 1, 'Mtoto mdogo mzuri wa Mbwa');
INSERT INTO `cardExtra` (cardId, type, serial, content) VALUES ('open_572', 0, 2, 'Mtoto wa mbwa anayecheza');
INSERT INTO `cardExtra` (cardId, type, serial, content) VALUES ('open_572', 0, 3, 'Mtoto wa Mbwa anajaribu Jani');
INSERT INTO `cardExtra` (cardId, type, serial, content) VALUES ('open_572', 0, 4, 'Mtoto mwa mbwa mpweke');
INSERT INTO `card` (id, type, title, header, content, option) VALUES ('open_577', 0, 'Je! Unaweza kuona nini?', 'assets/topic/little_boy.gif', NULL, 'open');
INSERT INTO `cardExtra` (cardId, type, serial, content) VALUES ('open_577', 0, 1, 'Mtoto mdadisi');
INSERT INTO `cardExtra` (cardId, type, serial, content) VALUES ('open_577', 0, 2, 'Anaonesha nje');
INSERT INTO `cardExtra` (cardId, type, serial, content) VALUES ('open_577', 0, 3, 'Amemaliza chakula');
INSERT INTO `cardExtra` (cardId, type, serial, content) VALUES ('open_577', 0, 4, 'Mtoto mwenye furaha');
INSERT INTO `card` (id, type, title, header, content, option) VALUES ('open_582', 0, 'Je! Unaweza kuona nini?', 'assets/topic/lol_funny.gif', NULL, 'open');
INSERT INTO `cardExtra` (cardId, type, serial, content) VALUES ('open_582', 0, 1, 'Mama anayesubiri');
INSERT INTO `cardExtra` (cardId, type, serial, content) VALUES ('open_582', 0, 2, 'Mtoto mwenye furaha');
INSERT INTO `cardExtra` (cardId, type, serial, content) VALUES ('open_582', 0, 3, 'Mbwa mwenye furaha');
INSERT INTO `cardExtra` (cardId, type, serial, content) VALUES ('open_582', 0, 4, 'Baba kubeba mtoto');
INSERT INTO `card` (id, type, title, header, content, option) VALUES ('open_587', 0, 'Unaona nini?', 'assets/topic/lucy_composition?.gif', NULL, 'open');
INSERT INTO `cardExtra` (cardId, type, serial, content) VALUES ('open_587', 0, 1, 'Mbwa amelala');
INSERT INTO `cardExtra` (cardId, type, serial, content) VALUES ('open_587', 0, 2, 'Mtu anayecheza gitaa');
INSERT INTO `cardExtra` (cardId, type, serial, content) VALUES ('open_587', 0, 3, 'Mbwa na kofia');
INSERT INTO `cardExtra` (cardId, type, serial, content) VALUES ('open_587', 0, 4, 'Mbwa anacheza Marimba');
INSERT INTO `card` (id, type, title, header, content, option) VALUES ('open_592', 0, 'Je! Unaweza kuona nini?', 'assets/topic/machine_wind_wing.gif', NULL, 'open');
INSERT INTO `cardExtra` (cardId, type, serial, content) VALUES ('open_592', 0, 1, 'Ng''ombe maarufu');
INSERT INTO `cardExtra` (cardId, type, serial, content) VALUES ('open_592', 0, 2, 'Upepo mkali');
INSERT INTO `cardExtra` (cardId, type, serial, content) VALUES ('open_592', 0, 3, 'Ng''ombe anakodoa Macho');
INSERT INTO `cardExtra` (cardId, type, serial, content) VALUES ('open_592', 0, 4, 'Nywele zinazoningngia');
INSERT INTO `card` (id, type, title, header, content, option) VALUES ('open_597', 0, 'Unaona nini?', 'assets/topic/magic_happines.gif', NULL, 'open');
INSERT INTO `cardExtra` (cardId, type, serial, content) VALUES ('open_597', 0, 1, 'Wakati wa familia kwenye meza');
INSERT INTO `cardExtra` (cardId, type, serial, content) VALUES ('open_597', 0, 2, 'Kila mtu anaburudika');
INSERT INTO `cardExtra` (cardId, type, serial, content) VALUES ('open_597', 0, 3, 'mtoto mwenye maajabu');
INSERT INTO `cardExtra` (cardId, type, serial, content) VALUES ('open_597', 0, 4, 'Familia iliyochangamka');
INSERT INTO `card` (id, type, title, header, content, option) VALUES ('open_602', 0, 'Unaona nini?', 'assets/topic/man_fish_sleepsoff.gif', NULL, 'open');
INSERT INTO `cardExtra` (cardId, type, serial, content) VALUES ('open_602', 0, 1, 'Mtu anayeshika samaki');
INSERT INTO `cardExtra` (cardId, type, serial, content) VALUES ('open_602', 0, 2, 'kujaribu kwa bidii kushika');
INSERT INTO `cardExtra` (cardId, type, serial, content) VALUES ('open_602', 0, 3, 'Kuhangaika kutoroka');
INSERT INTO `cardExtra` (cardId, type, serial, content) VALUES ('open_602', 0, 4, 'Kuteleza kutoka kwenye mkono');
INSERT INTO `card` (id, type, title, header, content, option) VALUES ('open_607', 0, 'Tumbili hufanya nini?', 'assets/topic/marmoset.gif', NULL, 'open');
INSERT INTO `cardExtra` (cardId, type, serial, content) VALUES ('open_607', 0, 1, 'Kushikilia kwenye mti');
INSERT INTO `cardExtra` (cardId, type, serial, content) VALUES ('open_607', 0, 2, 'Kuweka ulimi nje');
INSERT INTO `cardExtra` (cardId, type, serial, content) VALUES ('open_607', 0, 3, 'Kumsumbua mtu');
INSERT INTO `cardExtra` (cardId, type, serial, content) VALUES ('open_607', 0, 4, 'kujaribu kukamata mawindo yake');
INSERT INTO `card` (id, type, title, header, content, option) VALUES ('open_612', 0, 'Unaona nini?', 'assets/topic/monkey.gif', NULL, 'open');
INSERT INTO `cardExtra` (cardId, type, serial, content) VALUES ('open_612', 0, 1, 'Mtoto tumbili');
INSERT INTO `cardExtra` (cardId, type, serial, content) VALUES ('open_612', 0, 2, 'Tumbili na gitaa');
INSERT INTO `cardExtra` (cardId, type, serial, content) VALUES ('open_612', 0, 3, 'Kucheza gitaa');
INSERT INTO `cardExtra` (cardId, type, serial, content) VALUES ('open_612', 0, 4, 'Kucheza wimbo');
INSERT INTO `card` (id, type, title, header, content, option) VALUES ('open_617', 0, 'Unaona nini?', 'assets/topic/monkey_dog.gif', NULL, 'open');
INSERT INTO `cardExtra` (cardId, type, serial, content) VALUES ('open_617', 0, 1, 'Tumbili anamsumbua Mbwa');
INSERT INTO `cardExtra` (cardId, type, serial, content) VALUES ('open_617', 0, 2, 'Anauvuta mkia wa mbwa');
INSERT INTO `cardExtra` (cardId, type, serial, content) VALUES ('open_617', 0, 3, 'Anauvuta mkono wa Mbwa');
INSERT INTO `cardExtra` (cardId, type, serial, content) VALUES ('open_617', 0, 4, 'Mbwa aliyehudhika');
INSERT INTO `card` (id, type, title, header, content, option) VALUES ('open_622', 0, 'Je! Unaweza kuona nini?', 'assets/topic/monta_ellis.gif', NULL, 'open');
INSERT INTO `cardExtra` (cardId, type, serial, content) VALUES ('open_622', 0, 1, 'Kuangalia mchezo');
INSERT INTO `cardExtra` (cardId, type, serial, content) VALUES ('open_622', 0, 2, 'Kushiriki kabisa');
INSERT INTO `cardExtra` (cardId, type, serial, content) VALUES ('open_622', 0, 3, 'Kupiga mikono');
INSERT INTO `cardExtra` (cardId, type, serial, content) VALUES ('open_622', 0, 4, 'Tatuu mkononi');
INSERT INTO `card` (id, type, title, header, content, option) VALUES ('open_627', 0, 'Unaona nini?', 'assets/topic/move_bear_kids.gif', NULL, 'open');
INSERT INTO `cardExtra` (cardId, type, serial, content) VALUES ('open_627', 0, 1, 'Watoto na dubu');
INSERT INTO `cardExtra` (cardId, type, serial, content) VALUES ('open_627', 0, 2, 'Kuiga');
INSERT INTO `cardExtra` (cardId, type, serial, content) VALUES ('open_627', 0, 3, 'Wanasalimiana');
INSERT INTO `cardExtra` (cardId, type, serial, content) VALUES ('open_627', 0, 4, 'Wanaburudika kwa pamoja');
INSERT INTO `card` (id, type, title, header, content, option) VALUES ('open_632', 0, 'Nini kinachoonekana?', 'assets/topic/mrw_get_dance.gif', NULL, 'open');
INSERT INTO `cardExtra` (cardId, type, serial, content) VALUES ('open_632', 0, 1, 'Darasa lililojaa burudani');
INSERT INTO `cardExtra` (cardId, type, serial, content) VALUES ('open_632', 0, 2, 'Watoto wanaburudika');
INSERT INTO `cardExtra` (cardId, type, serial, content) VALUES ('open_632', 0, 3, 'Mvulana anaye cheza');
INSERT INTO `cardExtra` (cardId, type, serial, content) VALUES ('open_632', 0, 4, 'Watoto wanachangamka');
INSERT INTO `card` (id, type, title, header, content, option) VALUES ('open_637', 0, 'Ndege hufanya nini?', 'assets/topic/nest_bird.gif', NULL, 'open');
INSERT INTO `cardExtra` (cardId, type, serial, content) VALUES ('open_637', 0, 1, 'Huruka angani');
INSERT INTO `cardExtra` (cardId, type, serial, content) VALUES ('open_637', 0, 2, 'Anatafuta chakula');
INSERT INTO `cardExtra` (cardId, type, serial, content) VALUES ('open_637', 0, 3, 'Ndege anatoa sauti nyembamba');
INSERT INTO `cardExtra` (cardId, type, serial, content) VALUES ('open_637', 0, 4, 'Anapiga mbawa');
INSERT INTO `card` (id, type, title, header, content, option) VALUES ('open_642', 0, 'Unaona nini?', 'assets/topic/noodles.gif', NULL, 'open');
INSERT INTO `cardExtra` (cardId, type, serial, content) VALUES ('open_642', 0, 1, 'Msichana katika Mgahawa');
INSERT INTO `cardExtra` (cardId, type, serial, content) VALUES ('open_642', 0, 2, 'Anakula tambi');
INSERT INTO `cardExtra` (cardId, type, serial, content) VALUES ('open_642', 0, 3, 'Anafurahia chakula');
INSERT INTO `cardExtra` (cardId, type, serial, content) VALUES ('open_642', 0, 4, 'Begi nyuma ya kiti');
INSERT INTO `card` (id, type, title, header, content, option) VALUES ('open_647', 0, 'Tumbili anafanya nini', 'assets/topic/office_monkey.gif', NULL, 'open');
INSERT INTO `cardExtra` (cardId, type, serial, content) VALUES ('open_647', 0, 1, 'Anasukuma kompyuta');
INSERT INTO `cardExtra` (cardId, type, serial, content) VALUES ('open_647', 0, 2, 'Tumbili mwenye hasira');
INSERT INTO `cardExtra` (cardId, type, serial, content) VALUES ('open_647', 0, 3, 'Ameketi kwenye kiti');
INSERT INTO `cardExtra` (cardId, type, serial, content) VALUES ('open_647', 0, 4, 'Tumbili asiye na furaha.');
INSERT INTO `card` (id, type, title, header, content, option) VALUES ('open_652', 0, 'Nini kinachoonekana katika msitu?', 'assets/topic/orangutan.gif', NULL, 'open');
INSERT INTO `cardExtra` (cardId, type, serial, content) VALUES ('open_652', 0, 1, 'Tumbili anayecheza');
INSERT INTO `cardExtra` (cardId, type, serial, content) VALUES ('open_652', 0, 2, 'Tumbili aliyesisimuka');
INSERT INTO `cardExtra` (cardId, type, serial, content) VALUES ('open_652', 0, 3, 'Kuimba na kucheza');
INSERT INTO `cardExtra` (cardId, type, serial, content) VALUES ('open_652', 0, 4, 'Alika wengine kujiunga');
INSERT INTO `card` (id, type, title, header, content, option) VALUES ('open_657', 0, 'Nini kinachoonekana?', 'assets/topic/orangutan_dancing.gif', NULL, 'open');
INSERT INTO `cardExtra` (cardId, type, serial, content) VALUES ('open_657', 0, 1, 'Sokwe anayecheza');
INSERT INTO `cardExtra` (cardId, type, serial, content) VALUES ('open_657', 0, 2, 'Kucheza kwa wimbo');
INSERT INTO `cardExtra` (cardId, type, serial, content) VALUES ('open_657', 0, 3, 'Kuimba kwa furaha');
INSERT INTO `cardExtra` (cardId, type, serial, content) VALUES ('open_657', 0, 4, 'Harakati za furaha.');
INSERT INTO `card` (id, type, title, header, content, option) VALUES ('open_662', 0, 'Unaona nini?', 'assets/topic/panda.gif', NULL, 'open');
INSERT INTO `cardExtra` (cardId, type, serial, content) VALUES ('open_662', 0, 1, 'Mlima wenye theluji iliyojaa');
INSERT INTO `cardExtra` (cardId, type, serial, content) VALUES ('open_662', 0, 2, 'Panda anayejiviringisha');
INSERT INTO `cardExtra` (cardId, type, serial, content) VALUES ('open_662', 0, 3, 'Burudani kwenye theluji');
INSERT INTO `cardExtra` (cardId, type, serial, content) VALUES ('open_662', 0, 4, 'Kuteleza chini');
INSERT INTO `card` (id, type, title, header, content, option) VALUES ('open_667', 0, 'Unaona nini?', 'assets/topic/panda_fighting.gif', NULL, 'open');
INSERT INTO `cardExtra` (cardId, type, serial, content) VALUES ('open_667', 0, 1, 'Marafiki wawili wa Dubu');
INSERT INTO `cardExtra` (cardId, type, serial, content) VALUES ('open_667', 0, 2, 'Dubu wanaocheza');
INSERT INTO `cardExtra` (cardId, type, serial, content) VALUES ('open_667', 0, 3, 'Kuporomoka chini.');
INSERT INTO `cardExtra` (cardId, type, serial, content) VALUES ('open_667', 0, 4, 'Nyasi za kijani');
INSERT INTO `card` (id, type, title, header, content, option) VALUES ('open_672', 0, 'Nini kinachoonekana?', 'assets/topic/parrot.gif', NULL, 'open');
INSERT INTO `cardExtra` (cardId, type, serial, content) VALUES ('open_672', 0, 1, 'Kasuku na mpira');
INSERT INTO `cardExtra` (cardId, type, serial, content) VALUES ('open_672', 0, 2, 'Kasuku kwenye Mpira');
INSERT INTO `cardExtra` (cardId, type, serial, content) VALUES ('open_672', 0, 3, 'Usawa kwenye Mpira');
INSERT INTO `cardExtra` (cardId, type, serial, content) VALUES ('open_672', 0, 4, 'Sakafu laini');
INSERT INTO `card` (id, type, title, header, content, option) VALUES ('open_677', 0, 'Unaona nini?', 'assets/topic/paw_kisser.gif', NULL, 'open');
INSERT INTO `cardExtra` (cardId, type, serial, content) VALUES ('open_677', 0, 1, 'Msichana anachezea Boga');
INSERT INTO `cardExtra` (cardId, type, serial, content) VALUES ('open_677', 0, 2, 'Kutembea mshtuko');
INSERT INTO `cardExtra` (cardId, type, serial, content) VALUES ('open_677', 0, 3, 'Kupiga kwa nguvu');
INSERT INTO `cardExtra` (cardId, type, serial, content) VALUES ('open_677', 0, 4, 'Mpira unaodunda');
INSERT INTO `card` (id, type, title, header, content, option) VALUES ('open_682', 0, 'Nini kinachoonekana?', 'assets/topic/penguin.gif', NULL, 'open');
INSERT INTO `cardExtra` (cardId, type, serial, content) VALUES ('open_682', 0, 1, 'Mtoto wa Pinguin');
INSERT INTO `cardExtra` (cardId, type, serial, content) VALUES ('open_682', 0, 2, 'Kutembea peke yako');
INSERT INTO `cardExtra` (cardId, type, serial, content) VALUES ('open_682', 0, 3, 'Penguins wanatembea haraka');
INSERT INTO `cardExtra` (cardId, type, serial, content) VALUES ('open_682', 0, 4, 'Kutembea polepole');
INSERT INTO `card` (id, type, title, header, content, option) VALUES ('open_687', 0, 'Nini kinachoonekana?', 'assets/topic/perfect_practise.gif', NULL, 'open');
INSERT INTO `cardExtra` (cardId, type, serial, content) VALUES ('open_687', 0, 1, 'Mtu anajaribu');
INSERT INTO `cardExtra` (cardId, type, serial, content) VALUES ('open_687', 0, 2, 'Mtu anajaribu kusawazisha');
INSERT INTO `cardExtra` (cardId, type, serial, content) VALUES ('open_687', 0, 3, 'Usawa kamilifu');
INSERT INTO `cardExtra` (cardId, type, serial, content) VALUES ('open_687', 0, 4, 'Mazoezi hufanya kamili');
INSERT INTO `card` (id, type, title, header, content, option) VALUES ('open_692', 0, 'Je! Unaweza kuona nini?', 'assets/topic/pets_eating.gif', NULL, 'open');
INSERT INTO `cardExtra` (cardId, type, serial, content) VALUES ('open_692', 0, 1, 'Mlishe Mbwa');
INSERT INTO `cardExtra` (cardId, type, serial, content) VALUES ('open_692', 0, 2, 'Mbwa wamekaa kwa msitari');
INSERT INTO `cardExtra` (cardId, type, serial, content) VALUES ('open_692', 0, 3, 'Kusubiri kula');
INSERT INTO `cardExtra` (cardId, type, serial, content) VALUES ('open_692', 0, 4, 'Mbwa aliyechanganyikiwa');
INSERT INTO `card` (id, type, title, header, content, option) VALUES ('open_697', 0, 'Unaona nini?', 'assets/topic/pig_partyanimal.gif', NULL, 'open');
INSERT INTO `cardExtra` (cardId, type, serial, content) VALUES ('open_697', 0, 1, 'Nguruwe wa sherehe');
INSERT INTO `cardExtra` (cardId, type, serial, content) VALUES ('open_697', 0, 2, 'Kuangalia nje kutoka kwenye gari linalotembea');
INSERT INTO `cardExtra` (cardId, type, serial, content) VALUES ('open_697', 0, 3, 'Pinwheels katika upepo');
INSERT INTO `cardExtra` (cardId, type, serial, content) VALUES ('open_697', 0, 4, 'Gurudumu kwenye Upepo');
INSERT INTO `card` (id, type, title, header, content, option) VALUES ('open_702', 0, 'Unaona nini?', 'assets/topic/pigeons.gif', NULL, 'open');
INSERT INTO `cardExtra` (cardId, type, serial, content) VALUES ('open_702', 0, 1, 'Njiwa katika Mkunjo');
INSERT INTO `cardExtra` (cardId, type, serial, content) VALUES ('open_702', 0, 2, 'Kusimama kwenye matofali');
INSERT INTO `cardExtra` (cardId, type, serial, content) VALUES ('open_702', 0, 3, 'Kula nafaka');
INSERT INTO `cardExtra` (cardId, type, serial, content) VALUES ('open_702', 0, 4, 'Kusubiri chakula');
INSERT INTO `card` (id, type, title, header, content, option) VALUES ('open_707', 0, 'Nini kinachoonekana?', 'assets/topic/prank.gif', NULL, 'open');
INSERT INTO `cardExtra` (cardId, type, serial, content) VALUES ('open_707', 0, 1, 'Watu wanachangamkia Mchezo');
INSERT INTO `cardExtra` (cardId, type, serial, content) VALUES ('open_707', 0, 2, 'Mtu aliyelala');
INSERT INTO `cardExtra` (cardId, type, serial, content) VALUES ('open_707', 0, 3, 'Watu wanacheza mzaha');
INSERT INTO `cardExtra` (cardId, type, serial, content) VALUES ('open_707', 0, 4, 'kuweka sawa kwa sawa tumbla');
INSERT INTO `card` (id, type, title, header, content, option) VALUES ('open_712', 0, 'Unaona nini?', 'assets/topic/robot.gif', NULL, 'open');
INSERT INTO `cardExtra` (cardId, type, serial, content) VALUES ('open_712', 0, 1, 'Ndege mbinguni');
INSERT INTO `cardExtra` (cardId, type, serial, content) VALUES ('open_712', 0, 2, 'Roboti katika maficho');
INSERT INTO `cardExtra` (cardId, type, serial, content) VALUES ('open_712', 0, 3, 'Roboti mrefu');
INSERT INTO `cardExtra` (cardId, type, serial, content) VALUES ('open_712', 0, 4, 'Ndege kwa robot');
INSERT INTO `card` (id, type, title, header, content, option) VALUES ('open_717', 0, 'Je! Unaweza kuona nini?', 'assets/topic/rollingBox.gif', NULL, 'open');
INSERT INTO `cardExtra` (cardId, type, serial, content) VALUES ('open_717', 0, 1, 'Sanduku kwenye eskaleta');
INSERT INTO `cardExtra` (cardId, type, serial, content) VALUES ('open_717', 0, 2, 'Sanduku la kugeuka');
INSERT INTO `cardExtra` (cardId, type, serial, content) VALUES ('open_717', 0, 3, 'kusogeza eskaleta');
INSERT INTO `cardExtra` (cardId, type, serial, content) VALUES ('open_717', 0, 4, 'Vitu vichanga');
INSERT INTO `card` (id, type, title, header, content, option) VALUES ('open_722', 0, 'Unaona nini?', 'assets/topic/rope_jumping.gif', NULL, 'open');
INSERT INTO `cardExtra` (cardId, type, serial, content) VALUES ('open_722', 0, 1, 'Kila mtu anacheza');
INSERT INTO `cardExtra` (cardId, type, serial, content) VALUES ('open_722', 0, 2, 'Wao ni kusawazisha');
INSERT INTO `cardExtra` (cardId, type, serial, content) VALUES ('open_722', 0, 3, 'Wanaburudika');
INSERT INTO `cardExtra` (cardId, type, serial, content) VALUES ('open_722', 0, 4, 'Kuna kamba');
INSERT INTO `card` (id, type, title, header, content, option) VALUES ('open_727', 0, 'Unaona nini?', 'assets/topic/run_away.gif', NULL, 'open');
INSERT INTO `cardExtra` (cardId, type, serial, content) VALUES ('open_727', 0, 1, 'Gari linalotembea');
INSERT INTO `cardExtra` (cardId, type, serial, content) VALUES ('open_727', 0, 2, 'Mtu anayekimbia');
INSERT INTO `cardExtra` (cardId, type, serial, content) VALUES ('open_727', 0, 3, 'Kukimbia haraka');
INSERT INTO `cardExtra` (cardId, type, serial, content) VALUES ('open_727', 0, 4, 'Kukimbiza gari');
INSERT INTO `card` (id, type, title, header, content, option) VALUES ('open_732', 0, 'Nini kinachoonekana katika msitu?', 'assets/topic/running_lion.gif', NULL, 'open');
INSERT INTO `cardExtra` (cardId, type, serial, content) VALUES ('open_732', 0, 1, 'Paa');
INSERT INTO `cardExtra` (cardId, type, serial, content) VALUES ('open_732', 0, 2, 'Simba anayekimbiza');
INSERT INTO `cardExtra` (cardId, type, serial, content) VALUES ('open_732', 0, 3, 'Kamata windo');
INSERT INTO `cardExtra` (cardId, type, serial, content) VALUES ('open_732', 0, 4, 'Tukio la kutisha');
INSERT INTO `card` (id, type, title, header, content, option) VALUES ('open_737', 0, 'Msichana anafanya nini?', 'assets/topic/sad.gif', NULL, 'open');
INSERT INTO `cardExtra` (cardId, type, serial, content) VALUES ('open_737', 0, 1, 'Msichana anaonekana ana huzuni');
INSERT INTO `cardExtra` (cardId, type, serial, content) VALUES ('open_737', 0, 2, 'Msichana analia');
INSERT INTO `cardExtra` (cardId, type, serial, content) VALUES ('open_737', 0, 3, 'Kujaribu kusema');
INSERT INTO `cardExtra` (cardId, type, serial, content) VALUES ('open_737', 0, 4, 'kudhibiti machozi');
INSERT INTO `card` (id, type, title, header, content, option) VALUES ('open_742', 0, 'Unaona nini?', 'assets/topic/scooter_dog.gif', NULL, 'open');
INSERT INTO `cardExtra` (cardId, type, serial, content) VALUES ('open_742', 0, 1, 'Pikipiki');
INSERT INTO `cardExtra` (cardId, type, serial, content) VALUES ('open_742', 0, 2, 'Mbwa anaendesha');
INSERT INTO `cardExtra` (cardId, type, serial, content) VALUES ('open_742', 0, 3, 'Kusawazisha');
INSERT INTO `cardExtra` (cardId, type, serial, content) VALUES ('open_742', 0, 4, 'Mtu kwenye safari');
INSERT INTO `card` (id, type, title, header, content, option) VALUES ('open_747', 0, 'Nini kinachoonekana?', 'assets/topic/sheep_tounge.gif', NULL, 'open');
INSERT INTO `cardExtra` (cardId, type, serial, content) VALUES ('open_747', 0, 1, 'Kondoo mweupe nzuri');
INSERT INTO `cardExtra` (cardId, type, serial, content) VALUES ('open_747', 0, 2, 'Kuuliza chakula');
INSERT INTO `cardExtra` (cardId, type, serial, content) VALUES ('open_747', 0, 3, 'Kusema kitu');
INSERT INTO `cardExtra` (cardId, type, serial, content) VALUES ('open_747', 0, 4, 'Kutegesha kamera');
INSERT INTO `card` (id, type, title, header, content, option) VALUES ('open_752', 0, 'Unaona nini?', 'assets/topic/sky_diving.gif', NULL, 'open');
INSERT INTO `cardExtra` (cardId, type, serial, content) VALUES ('open_752', 0, 1, 'Kikundi cha wanaume');
INSERT INTO `cardExtra` (cardId, type, serial, content) VALUES ('open_752', 0, 2, 'Kuruka mbali');
INSERT INTO `cardExtra` (cardId, type, serial, content) VALUES ('open_752', 0, 3, 'Kuogelea');
INSERT INTO `cardExtra` (cardId, type, serial, content) VALUES ('open_752', 0, 4, 'Kutupa');
INSERT INTO `card` (id, type, title, header, content, option) VALUES ('open_757', 0, 'Unaona nini?', 'assets/topic/sleeping_bhutan.gif', NULL, 'open');
INSERT INTO `cardExtra` (cardId, type, serial, content) VALUES ('open_757', 0, 1, 'Darasa');
INSERT INTO `cardExtra` (cardId, type, serial, content) VALUES ('open_757', 0, 2, 'Mvulana aliyelala');
INSERT INTO `cardExtra` (cardId, type, serial, content) VALUES ('open_757', 0, 3, 'Watoto wanaosoma vitabu');
INSERT INTO `cardExtra` (cardId, type, serial, content) VALUES ('open_757', 0, 4, 'Mvulana anayecheka');
INSERT INTO `card` (id, type, title, header, content, option) VALUES ('open_762', 0, 'Nini kinachoonekana?', 'assets/topic/sleeping_kitten.gif', NULL, 'open');
INSERT INTO `cardExtra` (cardId, type, serial, content) VALUES ('open_762', 0, 1, 'Mtoto wa Paka kwenye meza');
INSERT INTO `cardExtra` (cardId, type, serial, content) VALUES ('open_762', 0, 2, 'Lala Mtoto wa Paka');
INSERT INTO `cardExtra` (cardId, type, serial, content) VALUES ('open_762', 0, 3, 'kupoteza usawa');
INSERT INTO `cardExtra` (cardId, type, serial, content) VALUES ('open_762', 0, 4, 'Kupoteza mkusanyiko');
INSERT INTO `card` (id, type, title, header, content, option) VALUES ('open_767', 0, 'Unaona nini?', 'assets/topic/smile_dog.gif', NULL, 'open');
INSERT INTO `cardExtra` (cardId, type, serial, content) VALUES ('open_767', 0, 1, 'Mbwa anayecheka');
INSERT INTO `cardExtra` (cardId, type, serial, content) VALUES ('open_767', 0, 2, 'Kutegesha kwa camera.');
INSERT INTO `cardExtra` (cardId, type, serial, content) VALUES ('open_767', 0, 3, 'Macho nyeupe');
INSERT INTO `cardExtra` (cardId, type, serial, content) VALUES ('open_767', 0, 4, 'Picha nzuri');
INSERT INTO `card` (id, type, title, header, content, option) VALUES ('open_772', 0, 'Umeona hili kabla?', 'assets/topic/sparkles.gif', NULL, 'open');
INSERT INTO `cardExtra` (cardId, type, serial, content) VALUES ('open_772', 0, 1, 'Ndiyo, ni cheche');
INSERT INTO `cardExtra` (cardId, type, serial, content) VALUES ('open_772', 0, 2, 'Wapiga Baruti');
INSERT INTO `cardExtra` (cardId, type, serial, content) VALUES ('open_772', 0, 3, 'Nyota ndogo pande zote');
INSERT INTO `cardExtra` (cardId, type, serial, content) VALUES ('open_772', 0, 4, 'Sikukuu na tukio');
INSERT INTO `card` (id, type, title, header, content, option) VALUES ('open_777', 0, 'Unaona nini?', 'assets/topic/sumo.gif', NULL, 'open');
INSERT INTO `cardExtra` (cardId, type, serial, content) VALUES ('open_777', 0, 1, 'Wapiganaji wa sumo');
INSERT INTO `cardExtra` (cardId, type, serial, content) VALUES ('open_777', 0, 2, 'Wapiganaji wa Mafuta');
INSERT INTO `cardExtra` (cardId, type, serial, content) VALUES ('open_777', 0, 3, 'Wapiganaji wadogo');
INSERT INTO `cardExtra` (cardId, type, serial, content) VALUES ('open_777', 0, 4, 'Kuketi');
INSERT INTO `card` (id, type, title, header, content, option) VALUES ('open_782', 0, 'Unaona nini?', 'assets/topic/swiming.gif', NULL, 'open');
INSERT INTO `cardExtra` (cardId, type, serial, content) VALUES ('open_782', 0, 1, 'Mtu kuogelea');
INSERT INTO `cardExtra` (cardId, type, serial, content) VALUES ('open_782', 0, 2, 'Kuruka ndani ya Maji');
INSERT INTO `cardExtra` (cardId, type, serial, content) VALUES ('open_782', 0, 3, 'Kupiga maji');
INSERT INTO `cardExtra` (cardId, type, serial, content) VALUES ('open_782', 0, 4, 'Maji ya Buluu');
INSERT INTO `card` (id, type, title, header, content, option) VALUES ('open_787', 0, 'Nini kinachoonekana?', 'assets/topic/swiming_phelps.gif', NULL, 'open');
INSERT INTO `cardExtra` (cardId, type, serial, content) VALUES ('open_787', 0, 1, 'Mtu anajaribu kuogelea');
INSERT INTO `cardExtra` (cardId, type, serial, content) VALUES ('open_787', 0, 2, 'Njia ya barabara');
INSERT INTO `cardExtra` (cardId, type, serial, content) VALUES ('open_787', 0, 3, 'Maji ya matope');
INSERT INTO `cardExtra` (cardId, type, serial, content) VALUES ('open_787', 0, 4, 'kulowa na uchafu');
INSERT INTO `card` (id, type, title, header, content, option) VALUES ('open_792', 0, 'Unaona nini?', 'assets/topic/teacher.gif', NULL, 'open');
INSERT INTO `cardExtra` (cardId, type, serial, content) VALUES ('open_792', 0, 1, 'Mwanamume');
INSERT INTO `cardExtra` (cardId, type, serial, content) VALUES ('open_792', 0, 2, 'Ubao mweusi na Chaki');
INSERT INTO `cardExtra` (cardId, type, serial, content) VALUES ('open_792', 0, 3, 'Mtu anachora duara');
INSERT INTO `cardExtra` (cardId, type, serial, content) VALUES ('open_792', 0, 4, 'Darasa');
INSERT INTO `card` (id, type, title, header, content, option) VALUES ('open_797', 0, 'Je, teddy hufanya nini?', 'assets/topic/teddy.gif', NULL, 'open');
INSERT INTO `cardExtra` (cardId, type, serial, content) VALUES ('open_797', 0, 1, 'Anabusu');
INSERT INTO `cardExtra` (cardId, type, serial, content) VALUES ('open_797', 0, 2, 'Kushika waridi');
INSERT INTO `cardExtra` (cardId, type, serial, content) VALUES ('open_797', 0, 3, 'Waridi kinywani');
INSERT INTO `cardExtra` (cardId, type, serial, content) VALUES ('open_797', 0, 4, 'Kunusa');
INSERT INTO `card` (id, type, title, header, content, option) VALUES ('open_802', 0, 'Mtu anafanya nini?', 'assets/topic/thinking_clipper.gif', NULL, 'open');
INSERT INTO `cardExtra` (cardId, type, serial, content) VALUES ('open_802', 0, 1, 'Anafikiria');
INSERT INTO `cardExtra` (cardId, type, serial, content) VALUES ('open_802', 0, 2, 'Anatazama juu');
INSERT INTO `cardExtra` (cardId, type, serial, content) VALUES ('open_802', 0, 3, 'Ana maoni mapya');
INSERT INTO `cardExtra` (cardId, type, serial, content) VALUES ('open_802', 0, 4, 'Anajaribu kukumbuka');
INSERT INTO `card` (id, type, title, header, content, option) VALUES ('open_807', 0, 'Unaona nini?', 'assets/topic/tree.gif', NULL, 'open');
INSERT INTO `cardExtra` (cardId, type, serial, content) VALUES ('open_807', 0, 1, 'Nyumba yenye upweke');
INSERT INTO `cardExtra` (cardId, type, serial, content) VALUES ('open_807', 0, 2, 'Mti wenye matawi');
INSERT INTO `cardExtra` (cardId, type, serial, content) VALUES ('open_807', 0, 3, 'Nyumba ya zamani');
INSERT INTO `cardExtra` (cardId, type, serial, content) VALUES ('open_807', 0, 4, 'Kidole ni kama matawi');
INSERT INTO `card` (id, type, title, header, content, option) VALUES ('open_812', 0, 'Unaona nini?', 'assets/topic/uniform_chalk_duster.gif', NULL, 'open');
INSERT INTO `cardExtra` (cardId, type, serial, content) VALUES ('open_812', 0, 1, 'Darasa lenye nidhamu');
INSERT INTO `cardExtra` (cardId, type, serial, content) VALUES ('open_812', 0, 2, 'Wanafunzi wamesimama');
INSERT INTO `cardExtra` (cardId, type, serial, content) VALUES ('open_812', 0, 3, 'Darasa safi');
INSERT INTO `cardExtra` (cardId, type, serial, content) VALUES ('open_812', 0, 4, 'Chati juu ya ukuta');
INSERT INTO `card` (id, type, title, header, content, option) VALUES ('open_817', 0, 'Unaona nini?', 'assets/topic/warm_fire.gif', NULL, 'open');
INSERT INTO `cardExtra` (cardId, type, serial, content) VALUES ('open_817', 0, 1, 'Mahali penye Moto');
INSERT INTO `cardExtra` (cardId, type, serial, content) VALUES ('open_817', 0, 2, 'Usiku wenye baridi');
INSERT INTO `cardExtra` (cardId, type, serial, content) VALUES ('open_817', 0, 3, 'Magogo yaliyoungua');
INSERT INTO `cardExtra` (cardId, type, serial, content) VALUES ('open_817', 0, 4, 'Moto mkali mwekundu');
INSERT INTO `card` (id, type, title, header, content, option) VALUES ('open_822', 0, 'Watoto wanafanya nini?', 'assets/topic/water_kids.gif', NULL, 'open');
INSERT INTO `cardExtra` (cardId, type, serial, content) VALUES ('open_822', 0, 1, 'Wanacheza kwenye mtelezo');
INSERT INTO `cardExtra` (cardId, type, serial, content) VALUES ('open_822', 0, 2, 'Wanateleza katika maji');
INSERT INTO `cardExtra` (cardId, type, serial, content) VALUES ('open_822', 0, 3, 'Mvulana anayeruka');
INSERT INTO `cardExtra` (cardId, type, serial, content) VALUES ('open_822', 0, 4, 'Msichana anayeteleza');
INSERT INTO `card` (id, type, title, header, content, option) VALUES ('open_827', 0, 'Unaona nini?', 'assets/topic/water_tiny_step.gif', NULL, 'open');
INSERT INTO `cardExtra` (cardId, type, serial, content) VALUES ('open_827', 0, 1, 'Mtoto wa tembo');
INSERT INTO `cardExtra` (cardId, type, serial, content) VALUES ('open_827', 0, 2, 'Tembo anaoga');
INSERT INTO `cardExtra` (cardId, type, serial, content) VALUES ('open_827', 0, 3, 'Maji yakiruka');
INSERT INTO `cardExtra` (cardId, type, serial, content) VALUES ('open_827', 0, 4, 'Maji kutoka katika bomba la maji');
INSERT INTO `card` (id, type, title, header, content, option) VALUES ('open_832', 0, 'Je! Unaweza kuona nini?', 'assets/topic/waving.gif', NULL, 'open');
INSERT INTO `cardExtra` (cardId, type, serial, content) VALUES ('open_832', 0, 1, 'Mkono ukipunga');
INSERT INTO `cardExtra` (cardId, type, serial, content) VALUES ('open_832', 0, 2, 'Glavu nyeupe');
INSERT INTO `cardExtra` (cardId, type, serial, content) VALUES ('open_832', 0, 3, 'Kusalimia');
INSERT INTO `cardExtra` (cardId, type, serial, content) VALUES ('open_832', 0, 4, 'Kusema kwaheri');
INSERT INTO `card` (id, type, title, header, content, option) VALUES ('open_837', 0, 'Je! Unaweza kuona nini?', 'assets/topic/weeding_funny_kid.gif', NULL, 'open');
INSERT INTO `cardExtra` (cardId, type, serial, content) VALUES ('open_837', 0, 1, 'Sherehe ya harusi');
INSERT INTO `cardExtra` (cardId, type, serial, content) VALUES ('open_837', 0, 2, 'Mvulana mdogo akitembea');
INSERT INTO `cardExtra` (cardId, type, serial, content) VALUES ('open_837', 0, 3, 'Mchungaji');
INSERT INTO `cardExtra` (cardId, type, serial, content) VALUES ('open_837', 0, 4, 'Watu wanacheka');
INSERT INTO `card` (id, type, title, header, content, option) VALUES ('open_842', 0, 'Unaona nini?', 'assets/topic/wiggle.gif', NULL, 'open');
INSERT INTO `cardExtra` (cardId, type, serial, content) VALUES ('open_842', 0, 1, 'Paka akichacharika');
INSERT INTO `cardExtra` (cardId, type, serial, content) VALUES ('open_842', 0, 2, 'Mtu akichacharika');
INSERT INTO `cardExtra` (cardId, type, serial, content) VALUES ('open_842', 0, 3, 'Kuiga');
INSERT INTO `cardExtra` (cardId, type, serial, content) VALUES ('open_842', 0, 4, 'Mtu anayetabasamu');
INSERT INTO `card` (id, type, title, header, content, option) VALUES ('open_847', 0, 'Unaona nini?', 'assets/topic/wild_deadly_fish.gif', NULL, 'open');
INSERT INTO `cardExtra` (cardId, type, serial, content) VALUES ('open_847', 0, 1, 'Dubu mkubwa wa porini');
INSERT INTO `cardExtra` (cardId, type, serial, content) VALUES ('open_847', 0, 2, 'Samaki waliotegwa');
INSERT INTO `cardExtra` (cardId, type, serial, content) VALUES ('open_847', 0, 3, 'Samaki wa rangi ya fedha');
INSERT INTO `cardExtra` (cardId, type, serial, content) VALUES ('open_847', 0, 4, 'maji');
INSERT INTO `card` (id, type, title, header, content, option) VALUES ('open_852', 0, 'Unaona nini?', 'assets/topic/with_dad_son.gif', NULL, 'open');
INSERT INTO `cardExtra` (cardId, type, serial, content) VALUES ('open_852', 0, 1, 'Baba na mtoto wakicheza');
INSERT INTO `cardExtra` (cardId, type, serial, content) VALUES ('open_852', 0, 2, 'Usawa');
INSERT INTO `cardExtra` (cardId, type, serial, content) VALUES ('open_852', 0, 3, 'Kuburudika');
INSERT INTO `cardExtra` (cardId, type, serial, content) VALUES ('open_852', 0, 4, 'Mtego mzuri');
INSERT INTO `card` (id, type, title, header, content, option) VALUES ('open_857', 0, 'Je! Unaweza kuona nini?', 'assets/topic/working.gif', NULL, 'open');
INSERT INTO `cardExtra` (cardId, type, serial, content) VALUES ('open_857', 0, 1, 'Mwanamke mchapakazi');
INSERT INTO `cardExtra` (cardId, type, serial, content) VALUES ('open_857', 0, 2, 'Kompyuta');
INSERT INTO `cardExtra` (cardId, type, serial, content) VALUES ('open_857', 0, 3, 'Mwanamke aliyelala');
INSERT INTO `cardExtra` (cardId, type, serial, content) VALUES ('open_857', 0, 4, 'Macho yaliyofunguliwa sana');
INSERT INTO `card` (id, type, title, header, content, option) VALUES ('open_862', 0, 'Je! Unaweza kuona nini?', 'assets/topic/writing.gif', NULL, 'open');
INSERT INTO `cardExtra` (cardId, type, serial, content) VALUES ('open_862', 0, 1, 'Mwanamke akiandika');
INSERT INTO `cardExtra` (cardId, type, serial, content) VALUES ('open_862', 0, 2, 'Kuandika kwa kalamu');
INSERT INTO `cardExtra` (cardId, type, serial, content) VALUES ('open_862', 0, 3, 'Maneno juu ya karatasi');
INSERT INTO `cardExtra` (cardId, type, serial, content) VALUES ('open_862', 0, 4, 'Pete ya kidole gumba');
INSERT INTO `card` (id, type, title, header, content, option) VALUES ('open_867', 0, 'Unaona nini?', 'assets/topic/year_father_funsubstance.gif', NULL, 'open');
INSERT INTO `cardExtra` (cardId, type, serial, content) VALUES ('open_867', 0, 1, 'Baba na mtoto');
INSERT INTO `cardExtra` (cardId, type, serial, content) VALUES ('open_867', 0, 2, 'Soka kubwa');
INSERT INTO `cardExtra` (cardId, type, serial, content) VALUES ('open_867', 0, 3, 'Baba anayecheza');
INSERT INTO `cardExtra` (cardId, type, serial, content) VALUES ('open_867', 0, 4, 'Watoto walioanguka');
INSERT INTO `card` (id, type, title, header, content, option) VALUES ('open_872', 0, 'Je! Unaweza kuona nini?', 'assets/topic/afvpets_dog_owner.gif', NULL, 'open');
INSERT INTO `cardExtra` (cardId, type, serial, content) VALUES ('open_872', 0, 1, 'Mtu na mnyama wake');
INSERT INTO `cardExtra` (cardId, type, serial, content) VALUES ('open_872', 0, 2, 'Wanacheza');
INSERT INTO `cardExtra` (cardId, type, serial, content) VALUES ('open_872', 0, 3, 'Kupiga tano');
INSERT INTO `cardExtra` (cardId, type, serial, content) VALUES ('open_872', 0, 4, 'Wote wanaburudika');
INSERT INTO `card` (id, type, title, header, content, option) VALUES ('open_877', 0, 'Je! Unaweza kuona nini?', 'assets/topic/afvpets_dog_tounge_out?.gif', NULL, 'open');
INSERT INTO `cardExtra` (cardId, type, serial, content) VALUES ('open_877', 0, 1, 'Mbwa amelala');
INSERT INTO `cardExtra` (cardId, type, serial, content) VALUES ('open_877', 0, 2, 'Kuvuta ulimi');
INSERT INTO `cardExtra` (cardId, type, serial, content) VALUES ('open_877', 0, 3, 'Kulala sana');
INSERT INTO `cardExtra` (cardId, type, serial, content) VALUES ('open_877', 0, 4, 'Macho yanayokonyeza');
INSERT INTO `card` (id, type, title, header, content, option) VALUES ('open_882', 0, 'Unaona nini?', 'assets/topic/afvpets?.gif', NULL, 'open');
INSERT INTO `cardExtra` (cardId, type, serial, content) VALUES ('open_882', 0, 1, 'Masikio yaliyoambatana');
INSERT INTO `cardExtra` (cardId, type, serial, content) VALUES ('open_882', 0, 2, 'Ulimi uliotokeza nje');
INSERT INTO `cardExtra` (cardId, type, serial, content) VALUES ('open_882', 0, 3, 'Ng''ombe akitikisa kichwa');
INSERT INTO `cardExtra` (cardId, type, serial, content) VALUES ('open_882', 0, 4, 'Zizi la ng''ombe');
INSERT INTO `card` (id, type, title, header, content, option) VALUES ('open_887', 0, 'Hawa wawili wanafanya nini!?', 'assets/topic/arm_wrestling.gif', NULL, 'open');
INSERT INTO `cardExtra` (cardId, type, serial, content) VALUES ('open_887', 0, 1, 'wamekaa mezani');
INSERT INTO `cardExtra` (cardId, type, serial, content) VALUES ('open_887', 0, 2, 'Masumbwi');
INSERT INTO `cardExtra` (cardId, type, serial, content) VALUES ('open_887', 0, 3, 'Kuanguka kutoka kwenye kwen');
INSERT INTO `cardExtra` (cardId, type, serial, content) VALUES ('open_887', 0, 4, 'Mwanamke alishinda');
INSERT INTO `card` (id, type, title, header, content, option) VALUES ('open_892', 0, 'Je! Nguruwe hufanya nini?', 'assets/topic/artist_painting.gif', NULL, 'open');
INSERT INTO `cardExtra` (cardId, type, serial, content) VALUES ('open_892', 0, 1, 'Huchora');
INSERT INTO `cardExtra` (cardId, type, serial, content) VALUES ('open_892', 0, 2, 'Huchora kwa burashi');
INSERT INTO `cardExtra` (cardId, type, serial, content) VALUES ('open_892', 0, 3, 'Mchoro wenye rangi mbali mbali');
INSERT INTO `cardExtra` (cardId, type, serial, content) VALUES ('open_892', 0, 4, 'Kusugua kutoka kwenye mdomo');
INSERT INTO `card` (id, type, title, header, content, option) VALUES ('open_897', 0, 'Mtoto anafanya nini?', 'assets/topic/baby_abs_workout.gif', NULL, 'open');
INSERT INTO `cardExtra` (cardId, type, serial, content) VALUES ('open_897', 0, 1, 'Amelala kwenye kiti chenye springi');
INSERT INTO `cardExtra` (cardId, type, serial, content) VALUES ('open_897', 0, 2, 'Anasogea mbele na nyuma');
INSERT INTO `cardExtra` (cardId, type, serial, content) VALUES ('open_897', 0, 3, 'Anafanya mazoezi');
INSERT INTO `cardExtra` (cardId, type, serial, content) VALUES ('open_897', 0, 4, 'Anaburudika');
INSERT INTO `card` (id, type, title, header, content, option) VALUES ('open_902', 0, 'Unaona nini?', 'assets/topic/baby_funny_beach.gif', NULL, 'open');
INSERT INTO `cardExtra` (cardId, type, serial, content) VALUES ('open_902', 0, 1, 'Mchanga wa ufukweni');
INSERT INTO `cardExtra` (cardId, type, serial, content) VALUES ('open_902', 0, 2, 'Watoto kwenye ufukwe');
INSERT INTO `cardExtra` (cardId, type, serial, content) VALUES ('open_902', 0, 3, 'Mvulana akirusha mchanga');
INSERT INTO `cardExtra` (cardId, type, serial, content) VALUES ('open_902', 0, 4, 'Mvulana akifuta vumbi machoni');
INSERT INTO `card` (id, type, title, header, content, option) VALUES ('open_907', 0, 'Dubu anafanya nini?', 'assets/topic/bear_scratching_back.gif', NULL, 'open');
INSERT INTO `cardExtra` (cardId, type, serial, content) VALUES ('open_907', 0, 1, 'Amekaa');
INSERT INTO `cardExtra` (cardId, type, serial, content) VALUES ('open_907', 0, 2, 'Anajikwaruza mgongoni');
INSERT INTO `cardExtra` (cardId, type, serial, content) VALUES ('open_907', 0, 3, 'Amekaa juu ya kiti');
INSERT INTO `cardExtra` (cardId, type, serial, content) VALUES ('open_907', 0, 4, 'Anajikwaruza kwa misumari');
INSERT INTO `card` (id, type, title, header, content, option) VALUES ('open_912', 0, 'Unaona nini?', 'assets/topic/brother_sisters.gif', NULL, 'open');
INSERT INTO `cardExtra` (cardId, type, serial, content) VALUES ('open_912', 0, 1, 'Watoto kwenye sofa');
INSERT INTO `cardExtra` (cardId, type, serial, content) VALUES ('open_912', 0, 2, 'Wamekaa pamoja');
INSERT INTO `cardExtra` (cardId, type, serial, content) VALUES ('open_912', 0, 3, 'Mtoto anayelia');
INSERT INTO `cardExtra` (cardId, type, serial, content) VALUES ('open_912', 0, 4, 'Mtoto aliyechanganyikiwa');
INSERT INTO `card` (id, type, title, header, content, option) VALUES ('open_917', 0, 'Unaona nini?', 'assets/topic/bruno_mars.gif', NULL, 'open');
INSERT INTO `cardExtra` (cardId, type, serial, content) VALUES ('open_917', 0, 1, 'Mtu wa vitendo');
INSERT INTO `cardExtra` (cardId, type, serial, content) VALUES ('open_917', 0, 2, 'Kuendesha gari');
INSERT INTO `cardExtra` (cardId, type, serial, content) VALUES ('open_917', 0, 3, 'Kusogeza magurudumu');
INSERT INTO `cardExtra` (cardId, type, serial, content) VALUES ('open_917', 0, 4, 'Mwendo wenye kuchekesha');
INSERT INTO `card` (id, type, title, header, content, option) VALUES ('open_922', 0, 'Unaona nini?', 'assets/topic/bublywater_bubly_water?.gif', NULL, 'open');
INSERT INTO `cardExtra` (cardId, type, serial, content) VALUES ('open_922', 0, 1, 'Tabasamu');
INSERT INTO `cardExtra` (cardId, type, serial, content) VALUES ('open_922', 0, 2, 'Tabasamu kubadilika kuwa duara');
INSERT INTO `cardExtra` (cardId, type, serial, content) VALUES ('open_922', 0, 3, 'Marafiki wanaoendesha');
INSERT INTO `cardExtra` (cardId, type, serial, content) VALUES ('open_922', 0, 4, 'Kuburudika');
INSERT INTO `card` (id, type, title, header, content, option) VALUES ('open_927', 0, 'Unaona nini?', 'assets/topic/candle_light.gif', NULL, 'open');
INSERT INTO `cardExtra` (cardId, type, serial, content) VALUES ('open_927', 0, 1, 'Rundo la wigo la maua ya miti iliyooteshwa');
INSERT INTO `cardExtra` (cardId, type, serial, content) VALUES ('open_927', 0, 2, 'Wigo mwepesi');
INSERT INTO `cardExtra` (cardId, type, serial, content) VALUES ('open_927', 0, 3, 'Washa mshumaa');
INSERT INTO `cardExtra` (cardId, type, serial, content) VALUES ('open_927', 0, 4, 'Mshumaa uliowaka');
INSERT INTO `card` (id, type, title, header, content, option) VALUES ('open_932', 0, 'Je! Unaweza kuona nini?', 'assets/topic/cheezburger_funny_kids?.gif', NULL, 'open');
INSERT INTO `cardExtra` (cardId, type, serial, content) VALUES ('open_932', 0, 1, 'Watu kwenye mgahawa');
INSERT INTO `cardExtra` (cardId, type, serial, content) VALUES ('open_932', 0, 2, 'Mvulana mcheshi');
INSERT INTO `cardExtra` (cardId, type, serial, content) VALUES ('open_932', 0, 3, 'Tabasamu lenye kuchekesha');
INSERT INTO `cardExtra` (cardId, type, serial, content) VALUES ('open_932', 0, 4, 'Kuifuta jasho');
INSERT INTO `card` (id, type, title, header, content, option) VALUES ('open_937', 0, 'Mtu anafanya nini?', 'assets/topic/cysle_funny_falling_water.gif', NULL, 'open');
INSERT INTO `cardExtra` (cardId, type, serial, content) VALUES ('open_937', 0, 1, 'Baiskeli');
INSERT INTO `cardExtra` (cardId, type, serial, content) VALUES ('open_937', 0, 2, 'Kuendesha baiskeli ndogo');
INSERT INTO `cardExtra` (cardId, type, serial, content) VALUES ('open_937', 0, 3, 'Kuendesha ndani ya maji');
INSERT INTO `cardExtra` (cardId, type, serial, content) VALUES ('open_937', 0, 4, 'Kupanda daraja');
INSERT INTO `card` (id, type, title, header, content, option) VALUES ('open_942', 0, 'Unaona nini?', 'assets/topic/dad_reflexes.gif', NULL, 'open');
INSERT INTO `cardExtra` (cardId, type, serial, content) VALUES ('open_942', 0, 1, 'Baba na mtoto');
INSERT INTO `cardExtra` (cardId, type, serial, content) VALUES ('open_942', 0, 2, 'Kuchunguza juu ya maji');
INSERT INTO `cardExtra` (cardId, type, serial, content) VALUES ('open_942', 0, 3, 'Kuteleza kwenye ubao');
INSERT INTO `cardExtra` (cardId, type, serial, content) VALUES ('open_942', 0, 4, 'Baba alimkuta mtoto');
INSERT INTO `card` (id, type, title, header, content, option) VALUES ('open_947', 0, 'Unaona nini?', 'assets/topic/dog_hallowen_costume.gif', NULL, 'open');
INSERT INTO `cardExtra` (cardId, type, serial, content) VALUES ('open_947', 0, 1, 'Mbwa wa wanyama');
INSERT INTO `cardExtra` (cardId, type, serial, content) VALUES ('open_947', 0, 2, 'Mkia wa kugusa');
INSERT INTO `cardExtra` (cardId, type, serial, content) VALUES ('open_947', 0, 3, 'Nywele Bandia na macho makubwa');
INSERT INTO `cardExtra` (cardId, type, serial, content) VALUES ('open_947', 0, 4, 'Uso wa kuchekesha kwa nyuma');
INSERT INTO `card` (id, type, title, header, content, option) VALUES ('open_952', 0, 'Unafikiria nini?', 'assets/topic/dog_icecream.gif', NULL, 'open');
INSERT INTO `cardExtra` (cardId, type, serial, content) VALUES ('open_952', 0, 1, 'Mbwa kula Aiskrimu');
INSERT INTO `cardExtra` (cardId, type, serial, content) VALUES ('open_952', 0, 2, 'Kuipenda ladha');
INSERT INTO `cardExtra` (cardId, type, serial, content) VALUES ('open_952', 0, 3, 'kuburudika');
INSERT INTO `cardExtra` (cardId, type, serial, content) VALUES ('open_952', 0, 4, 'anataka zaidi');
INSERT INTO `card` (id, type, title, header, content, option) VALUES ('open_957', 0, 'Je! Ni kweli?', 'assets/topic/dog_surfing.gif', NULL, 'open');
INSERT INTO `cardExtra` (cardId, type, serial, content) VALUES ('open_957', 0, 1, 'Ndio, mbwa anatafuta');
INSERT INTO `cardExtra` (cardId, type, serial, content) VALUES ('open_957', 0, 2, 'Mbwa asiyeogopa');
INSERT INTO `cardExtra` (cardId, type, serial, content) VALUES ('open_957', 0, 3, 'anaburudika');
INSERT INTO `cardExtra` (cardId, type, serial, content) VALUES ('open_957', 0, 4, 'Kufurahia kupigwa');
INSERT INTO `card` (id, type, title, header, content, option) VALUES ('open_962', 0, 'Ongea kuhusu mtoto wa Tenbo', 'assets/topic/elephant_baby_dog.gif', NULL, 'open');
INSERT INTO `cardExtra` (cardId, type, serial, content) VALUES ('open_962', 0, 1, 'ni wa kuchezea');
INSERT INTO `cardExtra` (cardId, type, serial, content) VALUES ('open_962', 0, 2, 'ana burudika');
INSERT INTO `cardExtra` (cardId, type, serial, content) VALUES ('open_962', 0, 3, 'Wapendanao wnacheza na mbwa');
INSERT INTO `cardExtra` (cardId, type, serial, content) VALUES ('open_962', 0, 4, 'Hawezi kupata uchovu hivi karibuni');
INSERT INTO `card` (id, type, title, header, content, option) VALUES ('open_967', 0, 'Unaona nini?', 'assets/topic/elephant_brushing.gif', NULL, 'open');
INSERT INTO `cardExtra` (cardId, type, serial, content) VALUES ('open_967', 0, 1, 'Tembo anajisafisha');
INSERT INTO `cardExtra` (cardId, type, serial, content) VALUES ('open_967', 0, 2, 'Mtu aliwasafisha tembo');
INSERT INTO `cardExtra` (cardId, type, serial, content) VALUES ('open_967', 0, 3, 'Mtoto tembo wa kuchezea.');
INSERT INTO `cardExtra` (cardId, type, serial, content) VALUES ('open_967', 0, 4, 'Mwelewaji haraka');
INSERT INTO `card` (id, type, title, header, content, option) VALUES ('open_972', 0, 'Tembo anafanya nini?', 'assets/topic/elephant_painting.gif', NULL, 'open');
INSERT INTO `cardExtra` (cardId, type, serial, content) VALUES ('open_972', 0, 1, 'Anapaka rangi picha');
INSERT INTO `cardExtra` (cardId, type, serial, content) VALUES ('open_972', 0, 2, 'Anachora picha');
INSERT INTO `cardExtra` (cardId, type, serial, content) VALUES ('open_972', 0, 3, 'Anatumia rangi na burashi');
INSERT INTO `cardExtra` (cardId, type, serial, content) VALUES ('open_972', 0, 4, 'Amebeba burashi kwa mkonga wake');
INSERT INTO `card` (id, type, title, header, content, option) VALUES ('open_977', 0, 'Wanafanya nini?', 'assets/topic/father_kid_playing.gif', NULL, 'open');
INSERT INTO `cardExtra` (cardId, type, serial, content) VALUES ('open_977', 0, 1, 'Wanacheza');
INSERT INTO `cardExtra` (cardId, type, serial, content) VALUES ('open_977', 0, 2, 'Wanaruka juu ya mvulana');
INSERT INTO `cardExtra` (cardId, type, serial, content) VALUES ('open_977', 0, 3, 'Wote wanaburudika');
INSERT INTO `cardExtra` (cardId, type, serial, content) VALUES ('open_977', 0, 4, 'Mvulana anakimbia');
INSERT INTO `card` (id, type, title, header, content, option) VALUES ('open_982', 0, 'Unaona nini?', 'assets/topic/father_skill_bonding.gif', NULL, 'open');
INSERT INTO `cardExtra` (cardId, type, serial, content) VALUES ('open_982', 0, 1, 'Baba na mtoto wanacheza');
INSERT INTO `cardExtra` (cardId, type, serial, content) VALUES ('open_982', 0, 2, 'Anaonesha Tumbo');
INSERT INTO `cardExtra` (cardId, type, serial, content) VALUES ('open_982', 0, 3, 'Mtoto anaiga');
INSERT INTO `cardExtra` (cardId, type, serial, content) VALUES ('open_982', 0, 4, 'Wote wanaburudika');
INSERT INTO `card` (id, type, title, header, content, option) VALUES ('open_987', 0, 'Je! Wote wanafanya nini?', 'assets/topic/father_son_falling.gif', NULL, 'open');
INSERT INTO `cardExtra` (cardId, type, serial, content) VALUES ('open_987', 0, 1, 'Wanapigana');
INSERT INTO `cardExtra` (cardId, type, serial, content) VALUES ('open_987', 0, 2, 'Wanataniana');
INSERT INTO `cardExtra` (cardId, type, serial, content) VALUES ('open_987', 0, 3, 'Wanaburudisha');
INSERT INTO `cardExtra` (cardId, type, serial, content) VALUES ('open_987', 0, 4, 'Wanaburudika');
INSERT INTO `card` (id, type, title, header, content, option) VALUES ('open_992', 0, 'Jogoo anafanya nini?', 'assets/topic/fathers_sons_day.gif', NULL, 'open');
INSERT INTO `cardExtra` (cardId, type, serial, content) VALUES ('open_992', 0, 1, 'Anacheza muziki');
INSERT INTO `cardExtra` (cardId, type, serial, content) VALUES ('open_992', 0, 2, 'Hiphop');
INSERT INTO `cardExtra` (cardId, type, serial, content) VALUES ('open_992', 0, 3, 'Anatania');
INSERT INTO `cardExtra` (cardId, type, serial, content) VALUES ('open_992', 0, 4, 'Kichwa kimekwama');
INSERT INTO `card` (id, type, title, header, content, option) VALUES ('open_997', 0, 'Nini kinakufurahisha?', 'assets/topic/funny_chicken.gif', NULL, 'open');
INSERT INTO `cardExtra` (cardId, type, serial, content) VALUES ('open_997', 0, 1, 'Kuku roboti');
INSERT INTO `cardExtra` (cardId, type, serial, content) VALUES ('open_997', 0, 2, 'Shingo imara ya kuku');
INSERT INTO `cardExtra` (cardId, type, serial, content) VALUES ('open_997', 0, 3, 'Mwili laini');
INSERT INTO `cardExtra` (cardId, type, serial, content) VALUES ('open_997', 0, 4, 'Mwendo wa Furaha');
INSERT INTO `card` (id, type, title, header, content, option) VALUES ('open_1002', 0, 'Kwanini Mvulana hatozama?', 'assets/topic/funny_cute_fail_baby_swiming.gif', NULL, 'open');
INSERT INTO `cardExtra` (cardId, type, serial, content) VALUES ('open_1002', 0, 1, 'Anajua kuogelea');
INSERT INTO `cardExtra` (cardId, type, serial, content) VALUES ('open_1002', 0, 2, 'Mifuko ya upepo imefungwa mikononi');
INSERT INTO `cardExtra` (cardId, type, serial, content) VALUES ('open_1002', 0, 3, 'Wazazi wapo pale');
INSERT INTO `cardExtra` (cardId, type, serial, content) VALUES ('open_1002', 0, 4, 'Maji hayana kina kirefu');
INSERT INTO `card` (id, type, title, header, content, option) VALUES ('open_1007', 0, 'Masikio ya mbwa yanasemaje?', 'assets/topic/funny_lol_dog.gif', NULL, 'open');
INSERT INTO `cardExtra` (cardId, type, serial, content) VALUES ('open_1007', 0, 1, 'Mambo');
INSERT INTO `cardExtra` (cardId, type, serial, content) VALUES ('open_1007', 0, 2, 'Habari');
INSERT INTO `cardExtra` (cardId, type, serial, content) VALUES ('open_1007', 0, 3, 'Wewe ni nani?');
INSERT INTO `cardExtra` (cardId, type, serial, content) VALUES ('open_1007', 0, 4, 'Unaonekana mrembo');
INSERT INTO `card` (id, type, title, header, content, option) VALUES ('open_1012', 0, 'Mpe jina moja nguruwe', 'assets/topic/funny_pig.gif', NULL, 'open');
INSERT INTO `cardExtra` (cardId, type, serial, content) VALUES ('open_1012', 0, 1, 'Nguruwe');
INSERT INTO `cardExtra` (cardId, type, serial, content) VALUES ('open_1012', 0, 2, 'Waridi');
INSERT INTO `cardExtra` (cardId, type, serial, content) VALUES ('open_1012', 0, 3, 'Mrembo');
INSERT INTO `cardExtra` (cardId, type, serial, content) VALUES ('open_1012', 0, 4, 'Nzuri');
INSERT INTO `card` (id, type, title, header, content, option) VALUES ('open_1017', 0, 'Je, chui anafanya nini?', 'assets/topic/funny_tigers.gif', NULL, 'open');
INSERT INTO `cardExtra` (cardId, type, serial, content) VALUES ('open_1017', 0, 1, 'Anahema');
INSERT INTO `cardExtra` (cardId, type, serial, content) VALUES ('open_1017', 0, 2, 'Anatania');
INSERT INTO `cardExtra` (cardId, type, serial, content) VALUES ('open_1017', 0, 3, 'Anacheka');
INSERT INTO `cardExtra` (cardId, type, serial, content) VALUES ('open_1017', 0, 4, 'Analamba');
INSERT INTO `card` (id, type, title, header, content, option) VALUES ('open_1022', 0, 'Anaendesha nini?', 'assets/topic/game_minecraft.gif', NULL, 'open');
INSERT INTO `cardExtra` (cardId, type, serial, content) VALUES ('open_1022', 0, 1, 'Farasi');
INSERT INTO `cardExtra` (cardId, type, serial, content) VALUES ('open_1022', 0, 2, 'Mbwa');
INSERT INTO `cardExtra` (cardId, type, serial, content) VALUES ('open_1022', 0, 3, 'Simba');
INSERT INTO `cardExtra` (cardId, type, serial, content) VALUES ('open_1022', 0, 4, 'Chui');
INSERT INTO `card` (id, type, title, header, content, option) VALUES ('open_1027', 0, 'Je, ni Tunda gani kubwa kama hili?', 'assets/topic/halloween_ashley?.gif', NULL, 'open');
INSERT INTO `cardExtra` (cardId, type, serial, content) VALUES ('open_1027', 0, 1, 'Boga');
INSERT INTO `cardExtra` (cardId, type, serial, content) VALUES ('open_1027', 0, 2, 'Tikiti Maji');
INSERT INTO `cardExtra` (cardId, type, serial, content) VALUES ('open_1027', 0, 3, 'Boga');
INSERT INTO `cardExtra` (cardId, type, serial, content) VALUES ('open_1027', 0, 4, 'Fenesi');
INSERT INTO `card` (id, type, title, header, content, option) VALUES ('open_1032', 0, 'Unapendelea Nguo gani?', 'assets/topic/hallowen.gif', NULL, 'open');
INSERT INTO `cardExtra` (cardId, type, serial, content) VALUES ('open_1032', 0, 1, 'Simba');
INSERT INTO `cardExtra` (cardId, type, serial, content) VALUES ('open_1032', 0, 2, 'Vempaya');
INSERT INTO `cardExtra` (cardId, type, serial, content) VALUES ('open_1032', 0, 3, 'Vempaya');
INSERT INTO `cardExtra` (cardId, type, serial, content) VALUES ('open_1032', 0, 4, 'Kobe');
INSERT INTO `card` (id, type, title, header, content, option) VALUES ('open_1037', 0, 'Ufutio unafanya nini?', 'assets/topic/jiraff_painting.gif', NULL, 'open');
INSERT INTO `cardExtra` (cardId, type, serial, content) VALUES ('open_1037', 0, 1, 'Unatania');
INSERT INTO `cardExtra` (cardId, type, serial, content) VALUES ('open_1037', 0, 2, 'Unamfuta Twiga');
INSERT INTO `cardExtra` (cardId, type, serial, content) VALUES ('open_1037', 0, 3, 'Unatoroka');
INSERT INTO `cardExtra` (cardId, type, serial, content) VALUES ('open_1037', 0, 4, 'Umekamatwa');
INSERT INTO `card` (id, type, title, header, content, option) VALUES ('open_1042', 0, 'Sema kitu kuhusu msichana.', 'assets/topic/kid_lol_drinking_water.gif', NULL, 'open');
INSERT INTO `cardExtra` (cardId, type, serial, content) VALUES ('open_1042', 0, 1, 'Ana akili');
INSERT INTO `cardExtra` (cardId, type, serial, content) VALUES ('open_1042', 0, 2, 'Malezi mazuri ya mzazi');
INSERT INTO `cardExtra` (cardId, type, serial, content) VALUES ('open_1042', 0, 3, 'Mtanashati');
INSERT INTO `cardExtra` (cardId, type, serial, content) VALUES ('open_1042', 0, 4, 'Anajitegemea');
INSERT INTO `card` (id, type, title, header, content, option) VALUES ('open_1047', 0, 'Unajisikiaje kuhusu mtoto', 'assets/topic/kid_pumpkin?.gif', NULL, 'open');
INSERT INTO `cardExtra` (cardId, type, serial, content) VALUES ('open_1047', 0, 1, 'Huzuni');
INSERT INTO `cardExtra` (cardId, type, serial, content) VALUES ('open_1047', 0, 2, 'Vibaya');
INSERT INTO `cardExtra` (cardId, type, serial, content) VALUES ('open_1047', 0, 3, 'Wazazi hawaja wajibika');
INSERT INTO `cardExtra` (cardId, type, serial, content) VALUES ('open_1047', 0, 4, 'Mashambulizi ya Boga');
INSERT INTO `card` (id, type, title, header, content, option) VALUES ('open_1052', 0, 'Je, ni Puto gani unalopenda ndani yake?', 'assets/topic/painting.gif', NULL, 'open');
INSERT INTO `cardExtra` (cardId, type, serial, content) VALUES ('open_1052', 0, 1, 'Puto la kijani');
INSERT INTO `cardExtra` (cardId, type, serial, content) VALUES ('open_1052', 0, 2, 'Puto la buluu');
INSERT INTO `cardExtra` (cardId, type, serial, content) VALUES ('open_1052', 0, 3, 'Puto la Zambarau buluu');
INSERT INTO `cardExtra` (cardId, type, serial, content) VALUES ('open_1052', 0, 4, 'Puto la rangi ya chungwa');
INSERT INTO `card` (id, type, title, header, content, option) VALUES ('open_1057', 0, 'Unajisikiaje kupanda farasi wa mbao?', 'assets/topic/panda_enjoying.gif', NULL, 'open');
INSERT INTO `cardExtra` (cardId, type, serial, content) VALUES ('open_1057', 0, 1, 'Furaha');
INSERT INTO `cardExtra` (cardId, type, serial, content) VALUES ('open_1057', 0, 2, 'Burudani');
INSERT INTO `cardExtra` (cardId, type, serial, content) VALUES ('open_1057', 0, 3, 'Kuchoka');
INSERT INTO `cardExtra` (cardId, type, serial, content) VALUES ('open_1057', 0, 4, 'Kusisimuka');
INSERT INTO `card` (id, type, title, header, content, option) VALUES ('open_1062', 0, 'Dubu anafanya nini?', 'assets/topic/panda_scratching_back.gif', NULL, 'open');
INSERT INTO `cardExtra` (cardId, type, serial, content) VALUES ('open_1062', 0, 1, 'Anacheza Muziki');
INSERT INTO `cardExtra` (cardId, type, serial, content) VALUES ('open_1062', 0, 2, 'Anaimba');
INSERT INTO `cardExtra` (cardId, type, serial, content) VALUES ('open_1062', 0, 3, 'Anajikwaruza mgongoni');
INSERT INTO `cardExtra` (cardId, type, serial, content) VALUES ('open_1062', 0, 4, 'Anatii Amri');
INSERT INTO `card` (id, type, title, header, content, option) VALUES ('open_1067', 0, 'Sema kitu kuhusu tembo.', 'assets/topic/smart_elephant.gif', NULL, 'open');
INSERT INTO `cardExtra` (cardId, type, serial, content) VALUES ('open_1067', 0, 1, 'Tembo ana akili');
INSERT INTO `cardExtra` (cardId, type, serial, content) VALUES ('open_1067', 0, 2, 'Muaminifu');
INSERT INTO `cardExtra` (cardId, type, serial, content) VALUES ('open_1067', 0, 3, 'Ana Heshima kwa Mmiliki');
INSERT INTO `cardExtra` (cardId, type, serial, content) VALUES ('open_1067', 0, 4, 'Anajua tofauti');
INSERT INTO `card` (id, type, title, header, content, option) VALUES ('open_1072', 0, 'Kwa nini alianguka?', 'assets/topic/swing_fail.gif', NULL, 'open');
INSERT INTO `cardExtra` (cardId, type, serial, content) VALUES ('open_1072', 0, 1, 'Aliteleza');
INSERT INTO `cardExtra` (cardId, type, serial, content) VALUES ('open_1072', 0, 2, 'Hakuwa na usawa');
INSERT INTO `cardExtra` (cardId, type, serial, content) VALUES ('open_1072', 0, 3, 'Alikimbia nyuma ya Binti');
INSERT INTO `cardExtra` (cardId, type, serial, content) VALUES ('open_1072', 0, 4, 'Hakukaa vizuri');
INSERT INTO `card` (id, type, title, header, content, option) VALUES ('open_1077', 0, 'Je, Unapendelea ladha gani?', 'assets/topic/vanilla.gif', NULL, 'open');
INSERT INTO `cardExtra` (cardId, type, serial, content) VALUES ('open_1077', 0, 1, 'Vanila');
INSERT INTO `cardExtra` (cardId, type, serial, content) VALUES ('open_1077', 0, 2, 'Pista');
INSERT INTO `cardExtra` (cardId, type, serial, content) VALUES ('open_1077', 0, 3, 'Stroberi');
INSERT INTO `cardExtra` (cardId, type, serial, content) VALUES ('open_1077', 0, 4, 'Chokoleti');
INSERT INTO `card` (id, type, title, header, content, option) VALUES ('open_1082', 0, 'Nini ni maoni yako?', 'assets/topic/walking_baby.gif', NULL, 'open');
INSERT INTO `cardExtra` (cardId, type, serial, content) VALUES ('open_1082', 0, 1, 'Inatisha');
INSERT INTO `cardExtra` (cardId, type, serial, content) VALUES ('open_1082', 0, 2, 'Haiaminiki');
INSERT INTO `cardExtra` (cardId, type, serial, content) VALUES ('open_1082', 0, 3, 'Ya maajabu');
INSERT INTO `cardExtra` (cardId, type, serial, content) VALUES ('open_1082', 0, 4, 'Hila');
INSERT INTO `card` (id, type, title, header, content, option) VALUES ('open_1087', 0, 'Je! Unataka kumkumbatia mtoto wa Mnyama gani?', 'assets/topic/walking_elephant.gif', NULL, 'open');
INSERT INTO `cardExtra` (cardId, type, serial, content) VALUES ('open_1087', 0, 1, 'Tembo');
INSERT INTO `cardExtra` (cardId, type, serial, content) VALUES ('open_1087', 0, 2, 'Chui');
INSERT INTO `cardExtra` (cardId, type, serial, content) VALUES ('open_1087', 0, 3, 'Mbwa');
INSERT INTO `cardExtra` (cardId, type, serial, content) VALUES ('open_1087', 0, 4, 'Sungura');
INSERT INTO `card` (id, type, title, header, content, option) VALUES ('open_1092', 0, 'Kwa nini anakula hivyo?', 'assets/topic/year_icecream.gif', NULL, 'open');
INSERT INTO `cardExtra` (cardId, type, serial, content) VALUES ('open_1092', 0, 1, 'Yeye ni kipofu');
INSERT INTO `cardExtra` (cardId, type, serial, content) VALUES ('open_1092', 0, 2, 'Yeye ana wazimu');
INSERT INTO `cardExtra` (cardId, type, serial, content) VALUES ('open_1092', 0, 3, 'Anaipenda sana');
INSERT INTO `cardExtra` (cardId, type, serial, content) VALUES ('open_1092', 0, 4, 'Aiskirimu huyeyuka haraka');
INSERT INTO `card` (id, type, title, header, content, option) VALUES ('open_1097', 0, 'Unaona nini?', 'assets/topic/adjusting_pan.gif', NULL, 'open');
INSERT INTO `cardExtra` (cardId, type, serial, content) VALUES ('open_1097', 0, 1, 'Mtu amechuchumaa');
INSERT INTO `cardExtra` (cardId, type, serial, content) VALUES ('open_1097', 0, 2, 'Amechuchumaa kwenye suruali');
INSERT INTO `cardExtra` (cardId, type, serial, content) VALUES ('open_1097', 0, 3, 'Mkamilifu');
INSERT INTO `cardExtra` (cardId, type, serial, content) VALUES ('open_1097', 0, 4, 'Bustani ya wazi');
INSERT INTO `card` (id, type, title, header, content, option) VALUES ('open_1102', 0, 'Nini kilichotokea kwa mtoto?', 'assets/topic/baby_dive.gif', NULL, 'open');
INSERT INTO `cardExtra` (cardId, type, serial, content) VALUES ('open_1102', 0, 1, 'Aliangukia mdomoni mwa Pomboo');
INSERT INTO `cardExtra` (cardId, type, serial, content) VALUES ('open_1102', 0, 2, 'Alisukumwa na mtoto mwingine.');
INSERT INTO `cardExtra` (cardId, type, serial, content) VALUES ('open_1102', 0, 3, 'Alipiga mbizi kwenye maji');
INSERT INTO `cardExtra` (cardId, type, serial, content) VALUES ('open_1102', 0, 4, 'Muanguko sahihi.');
INSERT INTO `card` (id, type, title, header, content, option) VALUES ('open_1107', 0, 'Mtoto anafanya nini?', 'assets/topic/baby_story reading.gif', NULL, 'open');
INSERT INTO `cardExtra` (cardId, type, serial, content) VALUES ('open_1107', 0, 1, 'Anasoma kitabu');
INSERT INTO `cardExtra` (cardId, type, serial, content) VALUES ('open_1107', 0, 2, 'Anasoma Picha');
INSERT INTO `cardExtra` (cardId, type, serial, content) VALUES ('open_1107', 0, 3, 'Anaangalia Picha');
INSERT INTO `cardExtra` (cardId, type, serial, content) VALUES ('open_1107', 0, 4, 'Anajaribu kuelewa');
INSERT INTO `card` (id, type, title, header, content, option) VALUES ('open_1112', 0, 'Mtoto anafanya nini?', 'assets/topic/baby_watermelon.gif', NULL, 'open');
INSERT INTO `cardExtra` (cardId, type, serial, content) VALUES ('open_1112', 0, 1, 'Anakula tikiti Maji');
INSERT INTO `cardExtra` (cardId, type, serial, content) VALUES ('open_1112', 0, 2, 'Amekaa katika tikiti maji');
INSERT INTO `cardExtra` (cardId, type, serial, content) VALUES ('open_1112', 0, 3, 'Anangta tunda');
INSERT INTO `cardExtra` (cardId, type, serial, content) VALUES ('open_1112', 0, 4, 'Ametulia');
INSERT INTO `card` (id, type, title, header, content, option) VALUES ('open_1117', 0, 'Unaona nini?', 'assets/topic/balls_creative.gif', NULL, 'open');
INSERT INTO `cardExtra` (cardId, type, serial, content) VALUES ('open_1117', 0, 1, 'Mipira inajiviringisha');
INSERT INTO `cardExtra` (cardId, type, serial, content) VALUES ('open_1117', 0, 2, 'Nguzo inazunguka');
INSERT INTO `cardExtra` (cardId, type, serial, content) VALUES ('open_1117', 0, 3, 'Mipira ya rangi tofauti');
INSERT INTO `cardExtra` (cardId, type, serial, content) VALUES ('open_1117', 0, 4, 'Mteremko umeunganishwa na Nguzo');
INSERT INTO `card` (id, type, title, header, content, option) VALUES ('open_1122', 0, 'Kwanini mvulana alianguka?', 'assets/topic/bike_backward.gif', NULL, 'open');
INSERT INTO `cardExtra` (cardId, type, serial, content) VALUES ('open_1122', 0, 1, 'Alikalia mpini');
INSERT INTO `cardExtra` (cardId, type, serial, content) VALUES ('open_1122', 0, 2, 'Aliendesha kinyume');
INSERT INTO `cardExtra` (cardId, type, serial, content) VALUES ('open_1122', 0, 3, 'Aliteleza kwa usawa');
INSERT INTO `cardExtra` (cardId, type, serial, content) VALUES ('open_1122', 0, 4, 'Alianguka kwa furaha');
INSERT INTO `card` (id, type, title, header, content, option) VALUES ('open_1127', 0, 'Kwanini Msichana aligonga ukuta?', 'assets/topic/bike_learning.gif', NULL, 'open');
INSERT INTO `cardExtra` (cardId, type, serial, content) VALUES ('open_1127', 0, 1, 'Alienda haraka');
INSERT INTO `cardExtra` (cardId, type, serial, content) VALUES ('open_1127', 0, 2, 'Hajui kuendesha');
INSERT INTO `cardExtra` (cardId, type, serial, content) VALUES ('open_1127', 0, 3, 'Alikua anafanya tukio la kufurahisha');
INSERT INTO `cardExtra` (cardId, type, serial, content) VALUES ('open_1127', 0, 4, 'Hakuna na usawa');
INSERT INTO `card` (id, type, title, header, content, option) VALUES ('open_1132', 0, 'Je, ni kiatu gani cha rangi unachokipenda?', 'assets/topic/black_man_shoes.gif', NULL, 'open');
INSERT INTO `cardExtra` (cardId, type, serial, content) VALUES ('open_1132', 0, 1, 'Nyekundu');
INSERT INTO `cardExtra` (cardId, type, serial, content) VALUES ('open_1132', 0, 2, 'Buluu');
INSERT INTO `cardExtra` (cardId, type, serial, content) VALUES ('open_1132', 0, 3, 'Njano');
INSERT INTO `cardExtra` (cardId, type, serial, content) VALUES ('open_1132', 0, 4, 'Nyeusi');
INSERT INTO `card` (id, type, title, header, content, option) VALUES ('open_1137', 0, 'Uliona nini?', 'assets/topic/bottle_shooting.gif', NULL, 'open');
INSERT INTO `cardExtra` (cardId, type, serial, content) VALUES ('open_1137', 0, 1, 'Mtu analenga kutoka mbali');
INSERT INTO `cardExtra` (cardId, type, serial, content) VALUES ('open_1137', 0, 2, 'Mtu analenga kutoka karibu');
INSERT INTO `cardExtra` (cardId, type, serial, content) VALUES ('open_1137', 0, 3, 'Analenga chupa');
INSERT INTO `cardExtra` (cardId, type, serial, content) VALUES ('open_1137', 0, 4, 'Hajalenga chochote');
INSERT INTO `card` (id, type, title, header, content, option) VALUES ('open_1142', 0, 'Umekumbatia mnyama gani?', 'assets/topic/boy_chicken_hug.gif', NULL, 'open');
INSERT INTO `cardExtra` (cardId, type, serial, content) VALUES ('open_1142', 0, 1, 'Ng''ombe');
INSERT INTO `cardExtra` (cardId, type, serial, content) VALUES ('open_1142', 0, 2, 'Nyati');
INSERT INTO `cardExtra` (cardId, type, serial, content) VALUES ('open_1142', 0, 3, 'Mbwa');
INSERT INTO `cardExtra` (cardId, type, serial, content) VALUES ('open_1142', 0, 4, 'Mbuzi');
INSERT INTO `card` (id, type, title, header, content, option) VALUES ('open_1147', 0, 'Ulipiga tano na nani?', 'assets/topic/bro_high_five.gif', NULL, 'open');
INSERT INTO `cardExtra` (cardId, type, serial, content) VALUES ('open_1147', 0, 1, 'Pamoja na rafiki zangu.');
INSERT INTO `cardExtra` (cardId, type, serial, content) VALUES ('open_1147', 0, 2, 'Pamoja na rafiki yangu wa dhati');
INSERT INTO `cardExtra` (cardId, type, serial, content) VALUES ('open_1147', 0, 3, 'Pamoja na mwalimu wangu');
INSERT INTO `cardExtra` (cardId, type, serial, content) VALUES ('open_1147', 0, 4, 'Pamoja na kaka yangu');
INSERT INTO `card` (id, type, title, header, content, option) VALUES ('open_1152', 0, 'Uliona nini?', 'assets/topic/bro_paw.gif', NULL, 'open');
INSERT INTO `cardExtra` (cardId, type, serial, content) VALUES ('open_1152', 0, 1, 'Mtu anaendesha baiskeli');
INSERT INTO `cardExtra` (cardId, type, serial, content) VALUES ('open_1152', 0, 2, 'Paka anaangalia');
INSERT INTO `cardExtra` (cardId, type, serial, content) VALUES ('open_1152', 0, 3, 'Anapiga tano');
INSERT INTO `cardExtra` (cardId, type, serial, content) VALUES ('open_1152', 0, 4, 'Urafiki mzuri');
INSERT INTO `card` (id, type, title, header, content, option) VALUES ('open_1157', 0, 'Unapiga Mswaki?', 'assets/topic/brushing_teeth.gif', NULL, 'open');
INSERT INTO `cardExtra` (cardId, type, serial, content) VALUES ('open_1157', 0, 1, 'Ndio, ninapiga mswaki.');
INSERT INTO `cardExtra` (cardId, type, serial, content) VALUES ('open_1157', 0, 2, 'Hapana, sipigi mswaki.');
INSERT INTO `cardExtra` (cardId, type, serial, content) VALUES ('open_1157', 0, 3, 'Mara tatu kwa wiki');
INSERT INTO `cardExtra` (cardId, type, serial, content) VALUES ('open_1157', 0, 4, 'Ninapiga mswaki siku ya jumapili');
INSERT INTO `card` (id, type, title, header, content, option) VALUES ('open_1162', 0, 'Uliona nini kwenye picha?', 'assets/topic/camel_owner_fun.gif', NULL, 'open');
INSERT INTO `cardExtra` (cardId, type, serial, content) VALUES ('open_1162', 0, 1, 'Ngamia wawili');
INSERT INTO `cardExtra` (cardId, type, serial, content) VALUES ('open_1162', 0, 2, 'Mtu juu ya ngamia');
INSERT INTO `cardExtra` (cardId, type, serial, content) VALUES ('open_1162', 0, 3, 'Ngamia akimngta mtu');
INSERT INTO `cardExtra` (cardId, type, serial, content) VALUES ('open_1162', 0, 4, 'Ngamia akifurahi');
INSERT INTO `card` (id, type, title, header, content, option) VALUES ('open_1167', 0, 'Uapendelea mnyama gani?', 'assets/topic/cat_cool_comb.gif', NULL, 'open');
INSERT INTO `cardExtra` (cardId, type, serial, content) VALUES ('open_1167', 0, 1, 'Mbwa');
INSERT INTO `cardExtra` (cardId, type, serial, content) VALUES ('open_1167', 0, 2, 'Sungura');
INSERT INTO `cardExtra` (cardId, type, serial, content) VALUES ('open_1167', 0, 3, 'Kondoo');
INSERT INTO `cardExtra` (cardId, type, serial, content) VALUES ('open_1167', 0, 4, 'Ng''ombe');
INSERT INTO `card` (id, type, title, header, content, option) VALUES ('open_1172', 0, 'Nani mwingine hunywa kama paka?', 'assets/topic/cat_drinks_water.gif', NULL, 'open');
INSERT INTO `cardExtra` (cardId, type, serial, content) VALUES ('open_1172', 0, 1, 'Mbuzi');
INSERT INTO `cardExtra` (cardId, type, serial, content) VALUES ('open_1172', 0, 2, 'Paa');
INSERT INTO `cardExtra` (cardId, type, serial, content) VALUES ('open_1172', 0, 3, 'Mbwa');
INSERT INTO `cardExtra` (cardId, type, serial, content) VALUES ('open_1172', 0, 4, 'Simba');
INSERT INTO `card` (id, type, title, header, content, option) VALUES ('open_1177', 0, 'Je! Kinachotokea kwa paka?', 'assets/topic/cat_hungry_trademill.gif', NULL, 'open');
INSERT INTO `cardExtra` (cardId, type, serial, content) VALUES ('open_1177', 0, 1, 'Paka anatembea');
INSERT INTO `cardExtra` (cardId, type, serial, content) VALUES ('open_1177', 0, 2, 'Hawezi kufikia chakula');
INSERT INTO `cardExtra` (cardId, type, serial, content) VALUES ('open_1177', 0, 3, 'Anaangalia chakula');
INSERT INTO `cardExtra` (cardId, type, serial, content) VALUES ('open_1177', 0, 4, 'Mfanye paka awe mwembamba');
INSERT INTO `card` (id, type, title, header, content, option) VALUES ('open_1182', 0, 'Je! Paka anafanya nini?', 'assets/topic/cat_loop_thirsty?.gif', NULL, 'open');
INSERT INTO `cardExtra` (cardId, type, serial, content) VALUES ('open_1182', 0, 1, 'Anaongea');
INSERT INTO `cardExtra` (cardId, type, serial, content) VALUES ('open_1182', 0, 2, 'Anaimba');
INSERT INTO `cardExtra` (cardId, type, serial, content) VALUES ('open_1182', 0, 3, 'Anakunywa maji');
INSERT INTO `cardExtra` (cardId, type, serial, content) VALUES ('open_1182', 0, 4, 'Anapayuka');
INSERT INTO `card` (id, type, title, header, content, option) VALUES ('open_1187', 0, 'Unaona nini?', 'assets/topic/cat_video_game.gif', NULL, 'open');
INSERT INTO `cardExtra` (cardId, type, serial, content) VALUES ('open_1187', 0, 1, 'Plasta');
INSERT INTO `cardExtra` (cardId, type, serial, content) VALUES ('open_1187', 0, 2, 'Paka');
INSERT INTO `cardExtra` (cardId, type, serial, content) VALUES ('open_1187', 0, 3, 'Mchezo wa Plasta');
INSERT INTO `cardExtra` (cardId, type, serial, content) VALUES ('open_1187', 0, 4, 'Paka anacheza mchezo');
INSERT INTO `card` (id, type, title, header, content, option) VALUES ('open_1192', 0, 'Je! Unafikiri paka anaogopa maji?', 'assets/topic/cats_cleaniing_dishes.gif', NULL, 'open');
INSERT INTO `cardExtra` (cardId, type, serial, content) VALUES ('open_1192', 0, 1, 'Ndiyo');
INSERT INTO `cardExtra` (cardId, type, serial, content) VALUES ('open_1192', 0, 2, 'Hapana');
INSERT INTO `cardExtra` (cardId, type, serial, content) VALUES ('open_1192', 0, 3, 'Anacheza kwenye maji');
INSERT INTO `cardExtra` (cardId, type, serial, content) VALUES ('open_1192', 0, 4, 'Anafua nguo');
INSERT INTO `card` (id, type, title, header, content, option) VALUES ('open_1197', 0, 'Je! Paka anasema nini?', 'assets/topic/cats_revenge.gif', NULL, 'open');
INSERT INTO `cardExtra` (cardId, type, serial, content) VALUES ('open_1197', 0, 1, 'Usinitanie');
INSERT INTO `cardExtra` (cardId, type, serial, content) VALUES ('open_1197', 0, 2, 'Usipigane nami');
INSERT INTO `cardExtra` (cardId, type, serial, content) VALUES ('open_1197', 0, 3, 'Nitakusukuma');
INSERT INTO `cardExtra` (cardId, type, serial, content) VALUES ('open_1197', 0, 4, 'Nitakimbia');
INSERT INTO `card` (id, type, title, header, content, option) VALUES ('open_1202', 0, 'Kwa nini wasichana walianguka?', 'assets/topic/cheezburger_girls_horse?.gif', NULL, 'open');
INSERT INTO `cardExtra` (cardId, type, serial, content) VALUES ('open_1202', 0, 1, 'Walikuwa wazito sana');
INSERT INTO `cardExtra` (cardId, type, serial, content) VALUES ('open_1202', 0, 2, 'Walipoteza usawa');
INSERT INTO `cardExtra` (cardId, type, serial, content) VALUES ('open_1202', 0, 3, 'Farasi aliteleza');
INSERT INTO `cardExtra` (cardId, type, serial, content) VALUES ('open_1202', 0, 4, 'Farasi aliwafanya waanguke');
INSERT INTO `card` (id, type, title, header, content, option) VALUES ('open_1207', 0, 'Uliona nini?', 'assets/topic/cheezburger_horse_kick?.gif', NULL, 'open');
INSERT INTO `cardExtra` (cardId, type, serial, content) VALUES ('open_1207', 0, 1, 'Farasi watatu');
INSERT INTO `cardExtra` (cardId, type, serial, content) VALUES ('open_1207', 0, 2, 'Watu watatu');
INSERT INTO `cardExtra` (cardId, type, serial, content) VALUES ('open_1207', 0, 3, 'Mtu Jumoing juu ya farasi');
INSERT INTO `cardExtra` (cardId, type, serial, content) VALUES ('open_1207', 0, 4, 'Farasi anampiga teke mtu');
INSERT INTO `card` (id, type, title, header, content, option) VALUES ('open_1212', 0, 'Nyati anatafuna nini?', 'assets/topic/chewing_gum.gif', NULL, 'open');
INSERT INTO `cardExtra` (cardId, type, serial, content) VALUES ('open_1212', 0, 1, 'Nyasi');
INSERT INTO `cardExtra` (cardId, type, serial, content) VALUES ('open_1212', 0, 2, 'Majani');
INSERT INTO `cardExtra` (cardId, type, serial, content) VALUES ('open_1212', 0, 3, 'Bigijii');
INSERT INTO `cardExtra` (cardId, type, serial, content) VALUES ('open_1212', 0, 4, 'Pipi');
INSERT INTO `card` (id, type, title, header, content, option) VALUES ('open_1217', 0, 'Kuku anajaribu nini?', 'assets/topic/chicken_funny_apples.gif', NULL, 'open');
INSERT INTO `cardExtra` (cardId, type, serial, content) VALUES ('open_1217', 0, 1, 'Kuruka');
INSERT INTO `cardExtra` (cardId, type, serial, content) VALUES ('open_1217', 0, 2, 'Anajaribu kukamata tunda');
INSERT INTO `cardExtra` (cardId, type, serial, content) VALUES ('open_1217', 0, 3, 'Njaa');
INSERT INTO `cardExtra` (cardId, type, serial, content) VALUES ('open_1217', 0, 4, 'Anaonesha anaweza kuruka juu zaidi');
INSERT INTO `card` (id, type, title, header, content, option) VALUES ('open_1222', 0, 'Unachoona nini?', 'assets/topic/chimpanzee_game_memory.gif', NULL, 'open');
INSERT INTO `cardExtra` (cardId, type, serial, content) VALUES ('open_1222', 0, 1, 'Sokwe');
INSERT INTO `cardExtra` (cardId, type, serial, content) VALUES ('open_1222', 0, 2, 'Kompyuta');
INSERT INTO `cardExtra` (cardId, type, serial, content) VALUES ('open_1222', 0, 3, 'Michezo');
INSERT INTO `cardExtra` (cardId, type, serial, content) VALUES ('open_1222', 0, 4, 'Sokwe anacheza mchezo');
INSERT INTO `card` (id, type, title, header, content, option) VALUES ('open_1227', 0, 'Unapendelea juisi gani?', 'assets/topic/chimpanzee_straw_juuice.gif', NULL, 'open');
INSERT INTO `cardExtra` (cardId, type, serial, content) VALUES ('open_1227', 0, 1, 'Juisi ya tikiti maji');
INSERT INTO `cardExtra` (cardId, type, serial, content) VALUES ('open_1227', 0, 2, 'Juisi ya machungwa');
INSERT INTO `cardExtra` (cardId, type, serial, content) VALUES ('open_1227', 0, 3, 'Juisi ya Embe');
INSERT INTO `cardExtra` (cardId, type, serial, content) VALUES ('open_1227', 0, 4, 'Juisi ya Tofaa');
INSERT INTO `card` (id, type, title, header, content, option) VALUES ('open_1232', 0, 'Unaona nini?', 'assets/topic/chocolate_sweet_sugar?.gif', NULL, 'open');
INSERT INTO `cardExtra` (cardId, type, serial, content) VALUES ('open_1232', 0, 1, 'Chokoleti');
INSERT INTO `cardExtra` (cardId, type, serial, content) VALUES ('open_1232', 0, 2, 'Keki');
INSERT INTO `cardExtra` (cardId, type, serial, content) VALUES ('open_1232', 0, 3, 'Aiskirimu');
INSERT INTO `cardExtra` (cardId, type, serial, content) VALUES ('open_1232', 0, 4, 'Biskuti');
INSERT INTO `card` (id, type, title, header, content, option) VALUES ('open_1237', 0, 'Unakata nini kwa njia hii?', 'assets/topic/christmas_cookoing.gif', NULL, 'open');
INSERT INTO `cardExtra` (cardId, type, serial, content) VALUES ('open_1237', 0, 1, 'Pilipili mbichi');
INSERT INTO `cardExtra` (cardId, type, serial, content) VALUES ('open_1237', 0, 2, 'Tango');
INSERT INTO `cardExtra` (cardId, type, serial, content) VALUES ('open_1237', 0, 3, 'Karoti');
INSERT INTO `cardExtra` (cardId, type, serial, content) VALUES ('open_1237', 0, 4, 'Figili');
INSERT INTO `card` (id, type, title, header, content, option) VALUES ('open_1242', 0, 'Unaona nini?', 'assets/topic/clean_shave.gif', NULL, 'open');
INSERT INTO `cardExtra` (cardId, type, serial, content) VALUES ('open_1242', 0, 1, 'Mtu');
INSERT INTO `cardExtra` (cardId, type, serial, content) VALUES ('open_1242', 0, 2, 'Kukata nywele');
INSERT INTO `cardExtra` (cardId, type, serial, content) VALUES ('open_1242', 0, 3, 'Wembe');
INSERT INTO `cardExtra` (cardId, type, serial, content) VALUES ('open_1242', 0, 4, 'Kichwa kinanyolewa');
INSERT INTO `card` (id, type, title, header, content, option) VALUES ('open_1247', 0, 'Nani ni mjeuri nyumbani kwenu?', 'assets/topic/climbing_skills.gif', NULL, 'open');
INSERT INTO `cardExtra` (cardId, type, serial, content) VALUES ('open_1247', 0, 1, 'Mimi mwenyewe');
INSERT INTO `cardExtra` (cardId, type, serial, content) VALUES ('open_1247', 0, 2, 'Kaka mdogo');
INSERT INTO `cardExtra` (cardId, type, serial, content) VALUES ('open_1247', 0, 3, 'Dada mdogo');
INSERT INTO `cardExtra` (cardId, type, serial, content) VALUES ('open_1247', 0, 4, 'Kila mtu');
INSERT INTO `card` (id, type, title, header, content, option) VALUES ('open_1252', 0, 'Ni rangi gani unapenda kuvaa?', 'assets/topic/color_throw.gif', NULL, 'open');
INSERT INTO `cardExtra` (cardId, type, serial, content) VALUES ('open_1252', 0, 1, 'Kijani');
INSERT INTO `cardExtra` (cardId, type, serial, content) VALUES ('open_1252', 0, 2, 'rangi ya chungwa');
INSERT INTO `cardExtra` (cardId, type, serial, content) VALUES ('open_1252', 0, 3, 'Nyekundu');
INSERT INTO `cardExtra` (cardId, type, serial, content) VALUES ('open_1252', 0, 4, 'Buluu');
INSERT INTO `card` (id, type, title, header, content, option) VALUES ('open_1257', 0, 'Msichana anaonekanaje?', 'assets/topic/cotton_candy.gif', NULL, 'open');
INSERT INTO `cardExtra` (cardId, type, serial, content) VALUES ('open_1257', 0, 1, 'Mrembo');
INSERT INTO `cardExtra` (cardId, type, serial, content) VALUES ('open_1257', 0, 2, 'Anatisha');
INSERT INTO `cardExtra` (cardId, type, serial, content) VALUES ('open_1257', 0, 3, 'Anaogopesha');
INSERT INTO `cardExtra` (cardId, type, serial, content) VALUES ('open_1257', 0, 4, 'Ana hasira');
INSERT INTO `card` (id, type, title, header, content, option) VALUES ('open_1262', 0, 'Kwa nini analia?', 'assets/topic/crying_sadness.gif', NULL, 'open');
INSERT INTO `cardExtra` (cardId, type, serial, content) VALUES ('open_1262', 0, 1, 'Hajapenda chakula');
INSERT INTO `cardExtra` (cardId, type, serial, content) VALUES ('open_1262', 0, 2, 'Anahisi kulia');
INSERT INTO `cardExtra` (cardId, type, serial, content) VALUES ('open_1262', 0, 3, 'Amekaripiwa');
INSERT INTO `cardExtra` (cardId, type, serial, content) VALUES ('open_1262', 0, 4, 'Anasinzia');
INSERT INTO `card` (id, type, title, header, content, option) VALUES ('open_1267', 0, 'Ni wapi umeruka kama hivi?', 'assets/topic/cute_aww_eyebleach?.gif', NULL, 'open');
INSERT INTO `cardExtra` (cardId, type, serial, content) VALUES ('open_1267', 0, 1, 'Kwenye mchanga');
INSERT INTO `cardExtra` (cardId, type, serial, content) VALUES ('open_1267', 0, 2, 'Kwenye maji');
INSERT INTO `cardExtra` (cardId, type, serial, content) VALUES ('open_1267', 0, 3, 'Kwenye majani');
INSERT INTO `cardExtra` (cardId, type, serial, content) VALUES ('open_1267', 0, 4, 'kwenye vichaka');
INSERT INTO `card` (id, type, title, header, content, option) VALUES ('open_1272', 0, 'Unaona nini?', 'assets/topic/cute_aww_mud?.gif', NULL, 'open');
INSERT INTO `cardExtra` (cardId, type, serial, content) VALUES ('open_1272', 0, 1, 'Mbwa ana burudika');
INSERT INTO `cardExtra` (cardId, type, serial, content) VALUES ('open_1272', 0, 2, 'Anaoga');
INSERT INTO `cardExtra` (cardId, type, serial, content) VALUES ('open_1272', 0, 3, 'Anapambana na matope');
INSERT INTO `cardExtra` (cardId, type, serial, content) VALUES ('open_1272', 0, 4, 'Anatambaa katika matope');
INSERT INTO `card` (id, type, title, header, content, option) VALUES ('open_1277', 0, 'Unaona nini kwenye picha?', 'assets/topic/cute_high_five.gif', NULL, 'open');
INSERT INTO `cardExtra` (cardId, type, serial, content) VALUES ('open_1277', 0, 1, 'Basi la buluu');
INSERT INTO `cardExtra` (cardId, type, serial, content) VALUES ('open_1277', 0, 2, 'Mtu anaruka');
INSERT INTO `cardExtra` (cardId, type, serial, content) VALUES ('open_1277', 0, 3, 'Anatoa tano');
INSERT INTO `cardExtra` (cardId, type, serial, content) VALUES ('open_1277', 0, 4, 'Watu wanatembea');
INSERT INTO `card` (id, type, title, header, content, option) VALUES ('open_1282', 0, 'Unapendelea kumkumbatia mnyama gani?', 'assets/topic/cute_hug.gif', NULL, 'open');
INSERT INTO `cardExtra` (cardId, type, serial, content) VALUES ('open_1282', 0, 1, 'Mbuzi');
INSERT INTO `cardExtra` (cardId, type, serial, content) VALUES ('open_1282', 0, 2, 'Kondoo');
INSERT INTO `cardExtra` (cardId, type, serial, content) VALUES ('open_1282', 0, 3, 'Ng''ombe');
INSERT INTO `cardExtra` (cardId, type, serial, content) VALUES ('open_1282', 0, 4, 'Nyati');
INSERT INTO `card` (id, type, title, header, content, option) VALUES ('open_1287', 0, 'Nani anacheza kama hivyo?', 'assets/topic/dancing_baby_adorable.gif', NULL, 'open');
INSERT INTO `cardExtra` (cardId, type, serial, content) VALUES ('open_1287', 0, 1, 'Mimi mwenyewe');
INSERT INTO `cardExtra` (cardId, type, serial, content) VALUES ('open_1287', 0, 2, 'Dada mdogo');
INSERT INTO `cardExtra` (cardId, type, serial, content) VALUES ('open_1287', 0, 3, 'Kaka mdogo');
INSERT INTO `cardExtra` (cardId, type, serial, content) VALUES ('open_1287', 0, 4, 'Jirani yangu');
INSERT INTO `card` (id, type, title, header, content, option) VALUES ('open_1292', 0, 'Nani analia kama hivi?', 'assets/topic/deliverance?.gif', NULL, 'open');
INSERT INTO `cardExtra` (cardId, type, serial, content) VALUES ('open_1292', 0, 1, 'Mimi mwenyewe');
INSERT INTO `cardExtra` (cardId, type, serial, content) VALUES ('open_1292', 0, 2, 'Dada mdogo');
INSERT INTO `cardExtra` (cardId, type, serial, content) VALUES ('open_1292', 0, 3, 'Kaka mdogo');
INSERT INTO `cardExtra` (cardId, type, serial, content) VALUES ('open_1292', 0, 4, 'Jirani yangu');
INSERT INTO `card` (id, type, title, header, content, option) VALUES ('open_1297', 0, 'Unaona nini?', 'assets/topic/dog_basket.gif', NULL, 'open');
INSERT INTO `cardExtra` (cardId, type, serial, content) VALUES ('open_1297', 0, 1, 'Mtu na mbwa');
INSERT INTO `cardExtra` (cardId, type, serial, content) VALUES ('open_1297', 0, 2, 'Mtu anapiga chenga mpira');
INSERT INTO `cardExtra` (cardId, type, serial, content) VALUES ('open_1297', 0, 3, 'Mbwa anadaka mpira');
INSERT INTO `cardExtra` (cardId, type, serial, content) VALUES ('open_1297', 0, 4, 'Mpira');
INSERT INTO `card` (id, type, title, header, content, option) VALUES ('open_1302', 0, 'Nani ana Bunduki mwanasesere', 'assets/topic/dog_gun.gif', NULL, 'open');
INSERT INTO `cardExtra` (cardId, type, serial, content) VALUES ('open_1302', 0, 1, 'Mimi mwenyewe');
INSERT INTO `cardExtra` (cardId, type, serial, content) VALUES ('open_1302', 0, 2, 'Dada mdogo');
INSERT INTO `cardExtra` (cardId, type, serial, content) VALUES ('open_1302', 0, 3, 'Kaka mdogo');
INSERT INTO `cardExtra` (cardId, type, serial, content) VALUES ('open_1302', 0, 4, 'Jirani yangu');
INSERT INTO `card` (id, type, title, header, content, option) VALUES ('open_1307', 0, 'Nani anageuka kama hivi?', 'assets/topic/dog_jump_really.gif', NULL, 'open');
INSERT INTO `cardExtra` (cardId, type, serial, content) VALUES ('open_1307', 0, 1, 'Mimi mwenyewe');
INSERT INTO `cardExtra` (cardId, type, serial, content) VALUES ('open_1307', 0, 2, 'Rafiki');
INSERT INTO `cardExtra` (cardId, type, serial, content) VALUES ('open_1307', 0, 3, 'Kaka');
INSERT INTO `cardExtra` (cardId, type, serial, content) VALUES ('open_1307', 0, 4, 'Jirani yangu');
INSERT INTO `card` (id, type, title, header, content, option) VALUES ('open_1312', 0, 'Unaona nini?', 'assets/topic/dog_ladder_climbing.gif', NULL, 'open');
INSERT INTO `cardExtra` (cardId, type, serial, content) VALUES ('open_1312', 0, 1, 'Mbwa');
INSERT INTO `cardExtra` (cardId, type, serial, content) VALUES ('open_1312', 0, 2, 'Ngazi');
INSERT INTO `cardExtra` (cardId, type, serial, content) VALUES ('open_1312', 0, 3, 'Mbwa anapanda juu ya ngazi');
INSERT INTO `cardExtra` (cardId, type, serial, content) VALUES ('open_1312', 0, 4, 'Mbwa kufika juu');
INSERT INTO `card` (id, type, title, header, content, option) VALUES ('open_1317', 0, 'Huyu ni mnyama gani?', 'assets/topic/dog_or_lion.gif', NULL, 'open');
INSERT INTO `cardExtra` (cardId, type, serial, content) VALUES ('open_1317', 0, 1, 'Mbwa');
INSERT INTO `cardExtra` (cardId, type, serial, content) VALUES ('open_1317', 0, 2, 'Simba');
INSERT INTO `cardExtra` (cardId, type, serial, content) VALUES ('open_1317', 0, 3, 'Mtoto wa Simba');
INSERT INTO `cardExtra` (cardId, type, serial, content) VALUES ('open_1317', 0, 4, 'Mtoto wa mbwa');
INSERT INTO `card` (id, type, title, header, content, option) VALUES ('open_1322', 0, 'Je! Mbwa hufanya nini?', 'assets/topic/dog_puppy_embarrassed?.gif', NULL, 'open');
INSERT INTO `cardExtra` (cardId, type, serial, content) VALUES ('open_1322', 0, 1, 'Huhisi aibu');
INSERT INTO `cardExtra` (cardId, type, serial, content) VALUES ('open_1322', 0, 2, 'Huhisi Haya');
INSERT INTO `cardExtra` (cardId, type, serial, content) VALUES ('open_1322', 0, 3, 'Hufanya kosa');
INSERT INTO `cardExtra` (cardId, type, serial, content) VALUES ('open_1322', 0, 4, 'Huficha uso');
INSERT INTO `card` (id, type, title, header, content, option) VALUES ('open_1327', 0, 'Kwa nini mbwa alipiga?', 'assets/topic/dog_slaps_owner.gif', NULL, 'open');
INSERT INTO `cardExtra` (cardId, type, serial, content) VALUES ('open_1327', 0, 1, 'Alitania');
INSERT INTO `cardExtra` (cardId, type, serial, content) VALUES ('open_1327', 0, 2, 'Anapenda kupiga');
INSERT INTO `cardExtra` (cardId, type, serial, content) VALUES ('open_1327', 0, 3, 'Alikasirika');
INSERT INTO `cardExtra` (cardId, type, serial, content) VALUES ('open_1327', 0, 4, 'Alikua ana burudika');
INSERT INTO `card` (id, type, title, header, content, option) VALUES ('open_1332', 0, 'Unaona nini?', 'assets/topic/dog_wearing_monkey_cap.gif', NULL, 'open');
INSERT INTO `cardExtra` (cardId, type, serial, content) VALUES ('open_1332', 0, 1, 'Uso wa Mbwa');
INSERT INTO `cardExtra` (cardId, type, serial, content) VALUES ('open_1332', 0, 2, 'Mkono wa binadamu');
INSERT INTO `cardExtra` (cardId, type, serial, content) VALUES ('open_1332', 0, 3, 'Mbwa wa binadamu');
INSERT INTO `cardExtra` (cardId, type, serial, content) VALUES ('open_1332', 0, 4, 'Salamu');
INSERT INTO `card` (id, type, title, header, content, option) VALUES ('open_1337', 0, 'Unajisikiaje kuhusu mbwa?', 'assets/topic/dogs_hugging.gif', NULL, 'open');
INSERT INTO `cardExtra` (cardId, type, serial, content) VALUES ('open_1337', 0, 1, 'Marafki wa dhati');
INSERT INTO `cardExtra` (cardId, type, serial, content) VALUES ('open_1337', 0, 2, 'Kutegesha kamera');
INSERT INTO `cardExtra` (cardId, type, serial, content) VALUES ('open_1337', 0, 3, 'Upendo');
INSERT INTO `cardExtra` (cardId, type, serial, content) VALUES ('open_1337', 0, 4, 'Kukumbatia');
INSERT INTO `card` (id, type, title, header, content, option) VALUES ('open_1342', 0, 'Unaona nini?', 'assets/topic/dogs_teamwork.gif', NULL, 'open');
INSERT INTO `cardExtra` (cardId, type, serial, content) VALUES ('open_1342', 0, 1, 'Mbwa wawili');
INSERT INTO `cardExtra` (cardId, type, serial, content) VALUES ('open_1342', 0, 2, 'Bwawa la kuogelea');
INSERT INTO `cardExtra` (cardId, type, serial, content) VALUES ('open_1342', 0, 3, 'Kufanya kazi pamoja');
INSERT INTO `cardExtra` (cardId, type, serial, content) VALUES ('open_1342', 0, 4, 'Kuondoa mpira pamoja');
INSERT INTO `card` (id, type, title, header, content, option) VALUES ('open_1347', 0, 'Unaona nini', 'assets/topic/eat_apple.gif', NULL, 'open');
INSERT INTO `cardExtra` (cardId, type, serial, content) VALUES ('open_1347', 0, 1, 'Tofaa');
INSERT INTO `cardExtra` (cardId, type, serial, content) VALUES ('open_1347', 0, 2, 'Tofaa linaliwa');
INSERT INTO `cardExtra` (cardId, type, serial, content) VALUES ('open_1347', 0, 3, 'Mtu asiyeonekana akila');
INSERT INTO `cardExtra` (cardId, type, serial, content) VALUES ('open_1347', 0, 4, 'Tofaa linazunguka');
INSERT INTO `card` (id, type, title, header, content, option) VALUES ('open_1352', 0, 'Je, unapendelea chakula gani?', 'assets/topic/eating_burrito?.gif', NULL, 'open');
INSERT INTO `cardExtra` (cardId, type, serial, content) VALUES ('open_1352', 0, 1, 'Piza');
INSERT INTO `cardExtra` (cardId, type, serial, content) VALUES ('open_1352', 0, 2, 'Baga');
INSERT INTO `cardExtra` (cardId, type, serial, content) VALUES ('open_1352', 0, 3, 'Yai');
INSERT INTO `cardExtra` (cardId, type, serial, content) VALUES ('open_1352', 0, 4, 'Kuku');
INSERT INTO `card` (id, type, title, header, content, option) VALUES ('open_1357', 0, 'Je, unapendelea Tunda gani?', 'assets/topic/eating_grape.gif', NULL, 'open');
INSERT INTO `cardExtra` (cardId, type, serial, content) VALUES ('open_1357', 0, 1, 'Embe');
INSERT INTO `cardExtra` (cardId, type, serial, content) VALUES ('open_1357', 0, 2, 'Stroberi');
INSERT INTO `cardExtra` (cardId, type, serial, content) VALUES ('open_1357', 0, 3, 'Cheri');
INSERT INTO `cardExtra` (cardId, type, serial, content) VALUES ('open_1357', 0, 4, 'Tini');
INSERT INTO `card` (id, type, title, header, content, option) VALUES ('open_1362', 0, 'Nani anayecheza kama hivi?', 'assets/topic/electric_cycle.gif', NULL, 'open');
INSERT INTO `cardExtra` (cardId, type, serial, content) VALUES ('open_1362', 0, 1, 'Mimi mwenyewe');
INSERT INTO `cardExtra` (cardId, type, serial, content) VALUES ('open_1362', 0, 2, 'Rafiki');
INSERT INTO `cardExtra` (cardId, type, serial, content) VALUES ('open_1362', 0, 3, 'Kaka');
INSERT INTO `cardExtra` (cardId, type, serial, content) VALUES ('open_1362', 0, 4, 'Jirani yangu');
INSERT INTO `card` (id, type, title, header, content, option) VALUES ('open_1367', 0, 'Je, Tembo anapendelea chakula gani?', 'assets/topic/elephant_bye?.gif', NULL, 'open');
INSERT INTO `cardExtra` (cardId, type, serial, content) VALUES ('open_1367', 0, 1, 'Muwa');
INSERT INTO `cardExtra` (cardId, type, serial, content) VALUES ('open_1367', 0, 2, 'Ndizi');
INSERT INTO `cardExtra` (cardId, type, serial, content) VALUES ('open_1367', 0, 3, 'Tikiti maji');
INSERT INTO `cardExtra` (cardId, type, serial, content) VALUES ('open_1367', 0, 4, 'Pipi');
INSERT INTO `card` (id, type, title, header, content, option) VALUES ('open_1372', 0, 'Mnyama yupi aliyevuka njia yako kama hivi?', 'assets/topic/elephant_kid_tail_running.gif', NULL, 'open');
INSERT INTO `cardExtra` (cardId, type, serial, content) VALUES ('open_1372', 0, 1, 'Mbwa');
INSERT INTO `cardExtra` (cardId, type, serial, content) VALUES ('open_1372', 0, 2, 'Paka');
INSERT INTO `cardExtra` (cardId, type, serial, content) VALUES ('open_1372', 0, 3, 'Nguchiro');
INSERT INTO `cardExtra` (cardId, type, serial, content) VALUES ('open_1372', 0, 4, 'Mbuzi');
INSERT INTO `card` (id, type, title, header, content, option) VALUES ('open_1377', 0, 'Sema kitu kuhusu mvulana?', 'assets/topic/excersise_compulsory.gif', NULL, 'open');
INSERT INTO `cardExtra` (cardId, type, serial, content) VALUES ('open_1377', 0, 1, 'Mvivu');
INSERT INTO `cardExtra` (cardId, type, serial, content) VALUES ('open_1377', 0, 2, 'Mchapakazi');
INSERT INTO `cardExtra` (cardId, type, serial, content) VALUES ('open_1377', 0, 3, 'Mfanya mazoezi');
INSERT INTO `cardExtra` (cardId, type, serial, content) VALUES ('open_1377', 0, 4, 'Hali vizuri');
INSERT INTO `card` (id, type, title, header, content, option) VALUES ('open_1382', 0, 'Je, umepiga nani kwa bahati mbaya?', 'assets/topic/fail_baseball_baby.gif', NULL, 'open');
INSERT INTO `cardExtra` (cardId, type, serial, content) VALUES ('open_1382', 0, 1, 'Mbwa wangu');
INSERT INTO `cardExtra` (cardId, type, serial, content) VALUES ('open_1382', 0, 2, 'Rafiki');
INSERT INTO `cardExtra` (cardId, type, serial, content) VALUES ('open_1382', 0, 3, 'Kaka');
INSERT INTO `cardExtra` (cardId, type, serial, content) VALUES ('open_1382', 0, 4, 'Jirani yangu');
INSERT INTO `card` (id, type, title, header, content, option) VALUES ('open_1387', 0, 'Kwa nini alianguka?', 'assets/topic/fall_pool.gif', NULL, 'open');
INSERT INTO `cardExtra` (cardId, type, serial, content) VALUES ('open_1387', 0, 1, 'Aliteleza');
INSERT INTO `cardExtra` (cardId, type, serial, content) VALUES ('open_1387', 0, 2, 'Hukumu mbaya');
INSERT INTO `cardExtra` (cardId, type, serial, content) VALUES ('open_1387', 0, 3, 'Anafanya kwa burudani');
INSERT INTO `cardExtra` (cardId, type, serial, content) VALUES ('open_1387', 0, 4, 'Alitaka kuumia');
INSERT INTO `card` (id, type, title, header, content, option) VALUES ('open_1392', 0, 'Unaona nini?', 'assets/topic/family_call.gif', NULL, 'open');
INSERT INTO `cardExtra` (cardId, type, serial, content) VALUES ('open_1392', 0, 1, 'Wanaume wanne');
INSERT INTO `cardExtra` (cardId, type, serial, content) VALUES ('open_1392', 0, 2, 'Kuzungumza kwenye simu');
INSERT INTO `cardExtra` (cardId, type, serial, content) VALUES ('open_1392', 0, 3, 'Kukaa pamoja');
INSERT INTO `cardExtra` (cardId, type, serial, content) VALUES ('open_1392', 0, 4, 'Kuzungumza na kila mmoja');
INSERT INTO `card` (id, type, title, header, content, option) VALUES ('open_1397', 0, 'Nani kafagia katika nyumba yako?', 'assets/topic/family_cleaning.gif', NULL, 'open');
INSERT INTO `cardExtra` (cardId, type, serial, content) VALUES ('open_1397', 0, 1, 'Mimi mwenyewe');
INSERT INTO `cardExtra` (cardId, type, serial, content) VALUES ('open_1397', 0, 2, 'Dada');
INSERT INTO `cardExtra` (cardId, type, serial, content) VALUES ('open_1397', 0, 3, 'Kaka');
INSERT INTO `cardExtra` (cardId, type, serial, content) VALUES ('open_1397', 0, 4, 'Mama');
INSERT INTO `card` (id, type, title, header, content, option) VALUES ('open_1402', 0, 'Mtu anafanya nini?', 'assets/topic/fat_guy.gif', NULL, 'open');
INSERT INTO `cardExtra` (cardId, type, serial, content) VALUES ('open_1402', 0, 1, 'Anacheza');
INSERT INTO `cardExtra` (cardId, type, serial, content) VALUES ('open_1402', 0, 2, 'Analia');
INSERT INTO `cardExtra` (cardId, type, serial, content) VALUES ('open_1402', 0, 3, 'Mkaidi');
INSERT INTO `cardExtra` (cardId, type, serial, content) VALUES ('open_1402', 0, 4, 'Ana hasira');
INSERT INTO `card` (id, type, title, header, content, option) VALUES ('open_1407', 0, 'Unaona nini?', 'assets/topic/father_son_enterainment.gif', NULL, 'open');
INSERT INTO `cardExtra` (cardId, type, serial, content) VALUES ('open_1407', 0, 1, 'Baba');
INSERT INTO `cardExtra` (cardId, type, serial, content) VALUES ('open_1407', 0, 2, 'Mtoto');
INSERT INTO `cardExtra` (cardId, type, serial, content) VALUES ('open_1407', 0, 3, 'Nguzo za soka');
INSERT INTO `cardExtra` (cardId, type, serial, content) VALUES ('open_1407', 0, 4, 'Mvulana amepigwa');
INSERT INTO `card` (id, type, title, header, content, option) VALUES ('open_1412', 0, 'Unaona nini?', 'assets/topic/flower_smell.gif', NULL, 'open');
INSERT INTO `cardExtra` (cardId, type, serial, content) VALUES ('open_1412', 0, 1, 'Mvulana');
INSERT INTO `cardExtra` (cardId, type, serial, content) VALUES ('open_1412', 0, 2, 'Ua');
INSERT INTO `cardExtra` (cardId, type, serial, content) VALUES ('open_1412', 0, 3, 'Ua la kunukia');
INSERT INTO `cardExtra` (cardId, type, serial, content) VALUES ('open_1412', 0, 4, 'Kula ua');
INSERT INTO `card` (id, type, title, header, content, option) VALUES ('open_1417', 0, 'Mpe jina mtoto huyu?', 'assets/topic/food_baby.gif', NULL, 'open');
INSERT INTO `cardExtra` (cardId, type, serial, content) VALUES ('open_1417', 0, 1, 'Mpole');
INSERT INTO `cardExtra` (cardId, type, serial, content) VALUES ('open_1417', 0, 2, 'Mwale wa jua');
INSERT INTO `cardExtra` (cardId, type, serial, content) VALUES ('open_1417', 0, 3, 'Mwanga wa mwezi');
INSERT INTO `cardExtra` (cardId, type, serial, content) VALUES ('open_1417', 0, 4, 'Sungura');
INSERT INTO `card` (id, type, title, header, content, option) VALUES ('open_1422', 0, 'Je, chakula kipi kinachopendwa?', 'assets/topic/food_hot_dog.gif', NULL, 'open');
INSERT INTO `cardExtra` (cardId, type, serial, content) VALUES ('open_1422', 0, 1, 'Piza');
INSERT INTO `cardExtra` (cardId, type, serial, content) VALUES ('open_1422', 0, 2, 'Mkate');
INSERT INTO `cardExtra` (cardId, type, serial, content) VALUES ('open_1422', 0, 3, 'Baga');
INSERT INTO `cardExtra` (cardId, type, serial, content) VALUES ('open_1422', 0, 4, 'Kuku choma');
INSERT INTO `card` (id, type, title, header, content, option) VALUES ('open_1427', 0, 'Ladha inayopendwa ya aiskirimu', 'assets/topic/food_kawaii.gif', NULL, 'open');
INSERT INTO `cardExtra` (cardId, type, serial, content) VALUES ('open_1427', 0, 1, 'Chokoleti');
INSERT INTO `cardExtra` (cardId, type, serial, content) VALUES ('open_1427', 0, 2, 'Vanila');
INSERT INTO `cardExtra` (cardId, type, serial, content) VALUES ('open_1427', 0, 3, 'Pista');
INSERT INTO `cardExtra` (cardId, type, serial, content) VALUES ('open_1427', 0, 4, 'Bataskochi');
INSERT INTO `card` (id, type, title, header, content, option) VALUES ('open_1432', 0, 'Mnyama yupi alichukua chakula chako?', 'assets/topic/food_kid_child?.gif', NULL, 'open');
INSERT INTO `cardExtra` (cardId, type, serial, content) VALUES ('open_1432', 0, 1, 'Mbwa');
INSERT INTO `cardExtra` (cardId, type, serial, content) VALUES ('open_1432', 0, 2, 'Paka');
INSERT INTO `cardExtra` (cardId, type, serial, content) VALUES ('open_1432', 0, 3, 'Kondoo');
INSERT INTO `cardExtra` (cardId, type, serial, content) VALUES ('open_1432', 0, 4, 'Mbuzi');
INSERT INTO `card` (id, type, title, header, content, option) VALUES ('open_1437', 0, 'Unaona nini?', 'assets/topic/friendship_hugs?.gif', NULL, 'open');
INSERT INTO `cardExtra` (cardId, type, serial, content) VALUES ('open_1437', 0, 1, 'Tumbili mweusi');
INSERT INTO `cardExtra` (cardId, type, serial, content) VALUES ('open_1437', 0, 2, 'Tumbili wa dhahabu');
INSERT INTO `cardExtra` (cardId, type, serial, content) VALUES ('open_1437', 0, 3, 'Marafiki wa dhati');
INSERT INTO `cardExtra` (cardId, type, serial, content) VALUES ('open_1437', 0, 4, 'Kukumbatia na kila mmoja');
INSERT INTO `card` (id, type, title, header, content, option) VALUES ('open_1442', 0, 'Nani mjeuri nyumbani kwenu?', 'assets/topic/frustrated_writing_writers?.gif', NULL, 'open');
INSERT INTO `cardExtra` (cardId, type, serial, content) VALUES ('open_1442', 0, 1, 'Mimi mwenyewe');
INSERT INTO `cardExtra` (cardId, type, serial, content) VALUES ('open_1442', 0, 2, 'Kaka mdogo');
INSERT INTO `cardExtra` (cardId, type, serial, content) VALUES ('open_1442', 0, 3, 'dada mdogo');
INSERT INTO `cardExtra` (cardId, type, serial, content) VALUES ('open_1442', 0, 4, 'Jirani yangu');
INSERT INTO `card` (id, type, title, header, content, option) VALUES ('open_1447', 0, 'Unaona nini?', 'assets/topic/funny_angry_panda?.gif', NULL, 'open');
INSERT INTO `cardExtra` (cardId, type, serial, content) VALUES ('open_1447', 0, 1, 'Dubu');
INSERT INTO `cardExtra` (cardId, type, serial, content) VALUES ('open_1447', 0, 2, 'Mpishi');
INSERT INTO `cardExtra` (cardId, type, serial, content) VALUES ('open_1447', 0, 3, 'Dubu anapiga unga');
INSERT INTO `cardExtra` (cardId, type, serial, content) VALUES ('open_1447', 0, 4, 'Dubu anacheza');
INSERT INTO `card` (id, type, title, header, content, option) VALUES ('open_1452', 0, 'Nini kingine unaweza kubeba?', 'assets/topic/funny_animation?.gif', NULL, 'open');
INSERT INTO `cardExtra` (cardId, type, serial, content) VALUES ('open_1452', 0, 1, 'Mbogamboga');
INSERT INTO `cardExtra` (cardId, type, serial, content) VALUES ('open_1452', 0, 2, 'Matunda');
INSERT INTO `cardExtra` (cardId, type, serial, content) VALUES ('open_1452', 0, 3, 'Nyasi');
INSERT INTO `cardExtra` (cardId, type, serial, content) VALUES ('open_1452', 0, 4, 'Muwa');
INSERT INTO `card` (id, type, title, header, content, option) VALUES ('open_1457', 0, 'Unaona nini', 'assets/topic/funny_boxing.gif', NULL, 'open');
INSERT INTO `cardExtra` (cardId, type, serial, content) VALUES ('open_1457', 0, 1, 'Msichana');
INSERT INTO `cardExtra` (cardId, type, serial, content) VALUES ('open_1457', 0, 2, 'Mvulana');
INSERT INTO `cardExtra` (cardId, type, serial, content) VALUES ('open_1457', 0, 3, 'Ndondi');
INSERT INTO `cardExtra` (cardId, type, serial, content) VALUES ('open_1457', 0, 4, 'Msichana anampiga Mvulana');
INSERT INTO `card` (id, type, title, header, content, option) VALUES ('open_1462', 0, 'Nini kinafurahisha?', 'assets/topic/funny_fail_accident_football.gif', NULL, 'open');
INSERT INTO `cardExtra` (cardId, type, serial, content) VALUES ('open_1462', 0, 1, 'Mvulana');
INSERT INTO `cardExtra` (cardId, type, serial, content) VALUES ('open_1462', 0, 2, 'Mvulana akipiga mpira');
INSERT INTO `cardExtra` (cardId, type, serial, content) VALUES ('open_1462', 0, 3, 'Mvulana akipigwa');
INSERT INTO `cardExtra` (cardId, type, serial, content) VALUES ('open_1462', 0, 4, 'Inafurahisha');
INSERT INTO `card` (id, type, title, header, content, option) VALUES ('open_1467', 0, 'Unaona nini?', 'assets/topic/funny_giraffe.gif', NULL, 'open');
INSERT INTO `cardExtra` (cardId, type, serial, content) VALUES ('open_1467', 0, 1, 'Twiga wawili');
INSERT INTO `cardExtra` (cardId, type, serial, content) VALUES ('open_1467', 0, 2, 'Twiga wakipigana');
INSERT INTO `cardExtra` (cardId, type, serial, content) VALUES ('open_1467', 0, 3, 'Wanasukumana kila mmoja');
INSERT INTO `cardExtra` (cardId, type, serial, content) VALUES ('open_1467', 0, 4, 'Twiga wenye hasira');
INSERT INTO `card` (id, type, title, header, content, option) VALUES ('open_1472', 0, 'Hifadhi jina lake', 'assets/topic/girl_chocolate.gif', NULL, 'open');
INSERT INTO `cardExtra` (cardId, type, serial, content) VALUES ('open_1472', 0, 1, 'Tamu');
INSERT INTO `cardExtra` (cardId, type, serial, content) VALUES ('open_1472', 0, 2, 'Ndege');
INSERT INTO `cardExtra` (cardId, type, serial, content) VALUES ('open_1472', 0, 3, 'Kipepeo');
INSERT INTO `cardExtra` (cardId, type, serial, content) VALUES ('open_1472', 0, 4, 'Bahati');
INSERT INTO `card` (id, type, title, header, content, option) VALUES ('open_1477', 0, 'Unaona nini?', 'assets/topic/goat_attack_kid.gif', NULL, 'open');
INSERT INTO `cardExtra` (cardId, type, serial, content) VALUES ('open_1477', 0, 1, 'Mvulana');
INSERT INTO `cardExtra` (cardId, type, serial, content) VALUES ('open_1477', 0, 2, 'Kondoo');
INSERT INTO `cardExtra` (cardId, type, serial, content) VALUES ('open_1477', 0, 3, 'Mvulala anakimbia');
INSERT INTO `cardExtra` (cardId, type, serial, content) VALUES ('open_1477', 0, 4, 'Kondoo akimpiga Mvulana');
INSERT INTO `card` (id, type, title, header, content, option) VALUES ('open_1482', 0, 'Mvulana anafanya nini?', 'assets/topic/hair_comb.gif', NULL, 'open');
INSERT INTO `cardExtra` (cardId, type, serial, content) VALUES ('open_1482', 0, 1, 'Anasafisha');
INSERT INTO `cardExtra` (cardId, type, serial, content) VALUES ('open_1482', 0, 2, 'Anachana nywele');
INSERT INTO `cardExtra` (cardId, type, serial, content) VALUES ('open_1482', 0, 3, 'Ana wazimu');
INSERT INTO `cardExtra` (cardId, type, serial, content) VALUES ('open_1482', 0, 4, 'Analala');
INSERT INTO `card` (id, type, title, header, content, option) VALUES ('open_1487', 0, 'Unafikiria nini?', 'assets/topic/interesting_horse.gif', NULL, 'open');
INSERT INTO `cardExtra` (cardId, type, serial, content) VALUES ('open_1487', 0, 1, 'Mtu ana wazimu');
INSERT INTO `cardExtra` (cardId, type, serial, content) VALUES ('open_1487', 0, 2, 'Farasi ana wazimu');
INSERT INTO `cardExtra` (cardId, type, serial, content) VALUES ('open_1487', 0, 3, 'Kuruka kamba');
INSERT INTO `cardExtra` (cardId, type, serial, content) VALUES ('open_1487', 0, 4, 'Haisadikiki');
INSERT INTO `card` (id, type, title, header, content, option) VALUES ('open_1492', 0, 'Kwa nini alimrusha Mvulana?', 'assets/topic/john_wane.gif', NULL, 'open');
INSERT INTO `cardExtra` (cardId, type, serial, content) VALUES ('open_1492', 0, 1, 'Anamfundisha kuogelea');
INSERT INTO `cardExtra` (cardId, type, serial, content) VALUES ('open_1492', 0, 2, 'Anavua samaki');
INSERT INTO `cardExtra` (cardId, type, serial, content) VALUES ('open_1492', 0, 3, 'Amekasirika');
INSERT INTO `cardExtra` (cardId, type, serial, content) VALUES ('open_1492', 0, 4, 'alikua anaburudika');
INSERT INTO `card` (id, type, title, header, content, option) VALUES ('open_1497', 0, 'Unaona nini?', 'assets/topic/jump_roping.gif', NULL, 'open');
INSERT INTO `cardExtra` (cardId, type, serial, content) VALUES ('open_1497', 0, 1, 'Wanaume watatu');
INSERT INTO `cardExtra` (cardId, type, serial, content) VALUES ('open_1497', 0, 2, 'Mbwa');
INSERT INTO `cardExtra` (cardId, type, serial, content) VALUES ('open_1497', 0, 3, 'Kuruka Kamba');
INSERT INTO `cardExtra` (cardId, type, serial, content) VALUES ('open_1497', 0, 4, 'Mbwa kuruka kamba');
INSERT INTO `card` (id, type, title, header, content, option) VALUES ('open_1502', 0, 'Wewe umejificha wapi?', 'assets/topic/kangroo_pouch.gif', NULL, 'open');
INSERT INTO `cardExtra` (cardId, type, serial, content) VALUES ('open_1502', 0, 1, 'Nyuma ya mama');
INSERT INTO `cardExtra` (cardId, type, serial, content) VALUES ('open_1502', 0, 2, 'Chini ya meza');
INSERT INTO `cardExtra` (cardId, type, serial, content) VALUES ('open_1502', 0, 3, 'Juu ya mti');
INSERT INTO `cardExtra` (cardId, type, serial, content) VALUES ('open_1502', 0, 4, 'Juu ya paa');
INSERT INTO `card` (id, type, title, header, content, option) VALUES ('open_1507', 0, 'Unaona nini?', 'assets/topic/kangroo_scratching.gif', NULL, 'open');
INSERT INTO `cardExtra` (cardId, type, serial, content) VALUES ('open_1507', 0, 1, 'kangaruu');
INSERT INTO `cardExtra` (cardId, type, serial, content) VALUES ('open_1507', 0, 2, 'Kucheza Muziki');
INSERT INTO `cardExtra` (cardId, type, serial, content) VALUES ('open_1507', 0, 3, 'Kuimba');
INSERT INTO `cardExtra` (cardId, type, serial, content) VALUES ('open_1507', 0, 4, 'Kupiga gitaa');
INSERT INTO `card` (id, type, title, header, content, option) VALUES ('open_1512', 0, 'Nani aliyeanguka kama hivi?', 'assets/topic/kid_bangs_tree.gif', NULL, 'open');
INSERT INTO `cardExtra` (cardId, type, serial, content) VALUES ('open_1512', 0, 1, 'Mimi mwenyewe');
INSERT INTO `cardExtra` (cardId, type, serial, content) VALUES ('open_1512', 0, 2, 'Kaka');
INSERT INTO `cardExtra` (cardId, type, serial, content) VALUES ('open_1512', 0, 3, 'Dada');
INSERT INTO `cardExtra` (cardId, type, serial, content) VALUES ('open_1512', 0, 4, 'Rafiki');
INSERT INTO `card` (id, type, title, header, content, option) VALUES ('open_1517', 0, 'Wanafanya nini?', 'assets/topic/kid_boxing.gif', NULL, 'open');
INSERT INTO `cardExtra` (cardId, type, serial, content) VALUES ('open_1517', 0, 1, 'Wanapigana');
INSERT INTO `cardExtra` (cardId, type, serial, content) VALUES ('open_1517', 0, 2, 'Wanafanya mazoezi');
INSERT INTO `cardExtra` (cardId, type, serial, content) VALUES ('open_1517', 0, 3, 'Mvulana anaendelea vizuri');
INSERT INTO `cardExtra` (cardId, type, serial, content) VALUES ('open_1517', 0, 4, 'Wanapigana kila mmoja');
INSERT INTO `card` (id, type, title, header, content, option) VALUES ('open_1522', 0, 'Ni nani uliyemtisha kama hivi?', 'assets/topic/kid_cow_fail.gif', NULL, 'open');
INSERT INTO `cardExtra` (cardId, type, serial, content) VALUES ('open_1522', 0, 1, 'Mbwa wangu');
INSERT INTO `cardExtra` (cardId, type, serial, content) VALUES ('open_1522', 0, 2, 'Paka wangu');
INSERT INTO `cardExtra` (cardId, type, serial, content) VALUES ('open_1522', 0, 3, 'Rafiki zangu');
INSERT INTO `cardExtra` (cardId, type, serial, content) VALUES ('open_1522', 0, 4, 'Wanyama wengine');
INSERT INTO `card` (id, type, title, header, content, option) VALUES ('open_1527', 0, 'Unaona nini?', 'assets/topic/kid_dog_scratch.gif', NULL, 'open');
INSERT INTO `cardExtra` (cardId, type, serial, content) VALUES ('open_1527', 0, 1, 'Mvulana');
INSERT INTO `cardExtra` (cardId, type, serial, content) VALUES ('open_1527', 0, 2, 'Mbwa');
INSERT INTO `cardExtra` (cardId, type, serial, content) VALUES ('open_1527', 0, 3, 'Mvulana amemlalia mbwa');
INSERT INTO `cardExtra` (cardId, type, serial, content) VALUES ('open_1527', 0, 4, 'Wanakwaruzana');
INSERT INTO `card` (id, type, title, header, content, option) VALUES ('open_1532', 0, 'Unapenda kuendesha nini?', 'assets/topic/kid_fail_car.gif', NULL, 'open');
INSERT INTO `cardExtra` (cardId, type, serial, content) VALUES ('open_1532', 0, 1, 'Tingatinga Mwanasesere');
INSERT INTO `cardExtra` (cardId, type, serial, content) VALUES ('open_1532', 0, 2, 'Gari Mwanasesere');
INSERT INTO `cardExtra` (cardId, type, serial, content) VALUES ('open_1532', 0, 3, 'Gari jeep Mwanasesere');
INSERT INTO `cardExtra` (cardId, type, serial, content) VALUES ('open_1532', 0, 4, 'Farasi Mwanasesere');
INSERT INTO `card` (id, type, title, header, content, option) VALUES ('open_1537', 0, 'Unaona nini?', 'assets/topic/kid_fail_dunk.gif', NULL, 'open');
INSERT INTO `cardExtra` (cardId, type, serial, content) VALUES ('open_1537', 0, 1, 'Mvulana mwenye mpira');
INSERT INTO `cardExtra` (cardId, type, serial, content) VALUES ('open_1537', 0, 2, 'Mvulana anapiga chenga');
INSERT INTO `cardExtra` (cardId, type, serial, content) VALUES ('open_1537', 0, 3, 'Kijana anayecheza mpira wa kikapu');
INSERT INTO `cardExtra` (cardId, type, serial, content) VALUES ('open_1537', 0, 4, 'Nguzo imempiga Mvulana');
INSERT INTO `card` (id, type, title, header, content, option) VALUES ('open_1542', 0, 'Nani uliyemuona ameanguka kama hivi?', 'assets/topic/kid_fall_funny.gif', NULL, 'open');
INSERT INTO `cardExtra` (cardId, type, serial, content) VALUES ('open_1542', 0, 1, 'Kaka yangu mdogo');
INSERT INTO `cardExtra` (cardId, type, serial, content) VALUES ('open_1542', 0, 2, 'Dada yangu mdogo');
INSERT INTO `cardExtra` (cardId, type, serial, content) VALUES ('open_1542', 0, 3, 'Rafiki yangu');
INSERT INTO `cardExtra` (cardId, type, serial, content) VALUES ('open_1542', 0, 4, 'Sikuona Mtu');
INSERT INTO `card` (id, type, title, header, content, option) VALUES ('open_1547', 0, 'Unaona nini?', 'assets/topic/kid_fish_scared.gif', NULL, 'open');
INSERT INTO `cardExtra` (cardId, type, serial, content) VALUES ('open_1547', 0, 1, 'Mvulana');
INSERT INTO `cardExtra` (cardId, type, serial, content) VALUES ('open_1547', 0, 2, 'Ndoano');
INSERT INTO `cardExtra` (cardId, type, serial, content) VALUES ('open_1547', 0, 3, 'Samaki');
INSERT INTO `cardExtra` (cardId, type, serial, content) VALUES ('open_1547', 0, 4, 'Mvulana akiogopa samaki');
INSERT INTO `card` (id, type, title, header, content, option) VALUES ('open_1552', 0, 'Nani anafanya zoezi kama hivi?', 'assets/topic/kid_gyming.gif', NULL, 'open');
INSERT INTO `cardExtra` (cardId, type, serial, content) VALUES ('open_1552', 0, 1, 'Mimi mwenyewe');
INSERT INTO `cardExtra` (cardId, type, serial, content) VALUES ('open_1552', 0, 2, 'Kaka');
INSERT INTO `cardExtra` (cardId, type, serial, content) VALUES ('open_1552', 0, 3, 'Baba');
INSERT INTO `cardExtra` (cardId, type, serial, content) VALUES ('open_1552', 0, 4, 'Rafiki');
INSERT INTO `card` (id, type, title, header, content, option) VALUES ('open_1557', 0, 'Je, unapendelea kuchezea Mwanasesere gani?', 'assets/topic/kid_hukla.gif', NULL, 'open');
INSERT INTO `cardExtra` (cardId, type, serial, content) VALUES ('open_1557', 0, 1, 'Farasi');
INSERT INTO `cardExtra` (cardId, type, serial, content) VALUES ('open_1557', 0, 2, 'Dubu');
INSERT INTO `cardExtra` (cardId, type, serial, content) VALUES ('open_1557', 0, 3, 'Dubu Tedi');
INSERT INTO `cardExtra` (cardId, type, serial, content) VALUES ('open_1557', 0, 4, 'Chui');
INSERT INTO `card` (id, type, title, header, content, option) VALUES ('open_1562', 0, 'Mvulana anafanya nini?', 'assets/topic/kid_stunt.gif', NULL, 'open');
INSERT INTO `cardExtra` (cardId, type, serial, content) VALUES ('open_1562', 0, 1, 'Anacheza');
INSERT INTO `cardExtra` (cardId, type, serial, content) VALUES ('open_1562', 0, 2, 'Anateleza');
INSERT INTO `cardExtra` (cardId, type, serial, content) VALUES ('open_1562', 0, 3, 'Anateleza kwenye barafu');
INSERT INTO `cardExtra` (cardId, type, serial, content) VALUES ('open_1562', 0, 4, 'Anafurahi kuendesha');
INSERT INTO `card` (id, type, title, header, content, option) VALUES ('open_1567', 0, 'Kipaji chake kinashangaza?', 'assets/topic/kid_talent.gif', NULL, 'open');
INSERT INTO `cardExtra` (cardId, type, serial, content) VALUES ('open_1567', 0, 1, 'Ndiyo');
INSERT INTO `cardExtra` (cardId, type, serial, content) VALUES ('open_1567', 0, 2, 'Hapana');
INSERT INTO `cardExtra` (cardId, type, serial, content) VALUES ('open_1567', 0, 3, 'Naweza pia kufanya');
INSERT INTO `cardExtra` (cardId, type, serial, content) VALUES ('open_1567', 0, 4, 'Rafiki yangu anaweza kufanya');
INSERT INTO `card` (id, type, title, header, content, option) VALUES ('open_1572', 0, 'Unaona nini?', 'assets/topic/kids_fall.gif', NULL, 'open');
INSERT INTO `cardExtra` (cardId, type, serial, content) VALUES ('open_1572', 0, 1, 'Bwawa la kuogelea');
INSERT INTO `cardExtra` (cardId, type, serial, content) VALUES ('open_1572', 0, 2, 'Paka');
INSERT INTO `cardExtra` (cardId, type, serial, content) VALUES ('open_1572', 0, 3, 'Mvulana');
INSERT INTO `cardExtra` (cardId, type, serial, content) VALUES ('open_1572', 0, 4, 'Paka anamsukuma mvulana');
INSERT INTO `card` (id, type, title, header, content, option) VALUES ('open_1577', 0, 'Vipaji vyao vinashangaza?', 'assets/topic/kids_skills.gif', NULL, 'open');
INSERT INTO `cardExtra` (cardId, type, serial, content) VALUES ('open_1577', 0, 1, 'Ndiyo');
INSERT INTO `cardExtra` (cardId, type, serial, content) VALUES ('open_1577', 0, 2, 'Hapana');
INSERT INTO `cardExtra` (cardId, type, serial, content) VALUES ('open_1577', 0, 3, 'Mimi na marafiki zangu pia tunafanya');
INSERT INTO `cardExtra` (cardId, type, serial, content) VALUES ('open_1577', 0, 4, 'Marafiki zangu wanaweza kufanya');
INSERT INTO `card` (id, type, title, header, content, option) VALUES ('open_1582', 0, 'Unaona nini?', 'assets/topic/kind_rope.gif', NULL, 'open');
INSERT INTO `cardExtra` (cardId, type, serial, content) VALUES ('open_1582', 0, 1, 'Wanyama wawili');
INSERT INTO `cardExtra` (cardId, type, serial, content) VALUES ('open_1582', 0, 2, 'Mnyama wa Buluu');
INSERT INTO `cardExtra` (cardId, type, serial, content) VALUES ('open_1582', 0, 3, 'Mnyama wa rangi ya chungwa');
INSERT INTO `cardExtra` (cardId, type, serial, content) VALUES ('open_1582', 0, 4, 'Wanyama wanaruka Kamba');
INSERT INTO `card` (id, type, title, header, content, option) VALUES ('open_1587', 0, 'Mpe jina Paka huyu', 'assets/topic/kitten_high_five.gif', NULL, 'open');
INSERT INTO `cardExtra` (cardId, type, serial, content) VALUES ('open_1587', 0, 1, 'Theluji nyeupe');
INSERT INTO `cardExtra` (cardId, type, serial, content) VALUES ('open_1587', 0, 2, 'Nipe tano');
INSERT INTO `cardExtra` (cardId, type, serial, content) VALUES ('open_1587', 0, 3, 'Kijivu');
INSERT INTO `cardExtra` (cardId, type, serial, content) VALUES ('open_1587', 0, 4, 'Mafuta');
INSERT INTO `card` (id, type, title, header, content, option) VALUES ('open_1592', 0, 'Unaona nini?', 'assets/topic/kitten_watching.gif', NULL, 'open');
INSERT INTO `cardExtra` (cardId, type, serial, content) VALUES ('open_1592', 0, 1, 'Paka wengi');
INSERT INTO `cardExtra` (cardId, type, serial, content) VALUES ('open_1592', 0, 2, 'Simu ya rununu');
INSERT INTO `cardExtra` (cardId, type, serial, content) VALUES ('open_1592', 0, 3, 'Kaka amelala');
INSERT INTO `cardExtra` (cardId, type, serial, content) VALUES ('open_1592', 0, 4, 'Paka wakitazama video');
INSERT INTO `card` (id, type, title, header, content, option) VALUES ('open_1597', 0, 'Nini kilichotokea hapa?', 'assets/topic/lol_baby_mirror.gif', NULL, 'open');
INSERT INTO `cardExtra` (cardId, type, serial, content) VALUES ('open_1597', 0, 1, 'Mvulana ameangalia kioo');
INSERT INTO `cardExtra` (cardId, type, serial, content) VALUES ('open_1597', 0, 2, 'Mvulana akitikisa kioo');
INSERT INTO `cardExtra` (cardId, type, serial, content) VALUES ('open_1597', 0, 3, 'Mvulana ameteleza');
INSERT INTO `cardExtra` (cardId, type, serial, content) VALUES ('open_1597', 0, 4, 'Kioo kimemuangukia mvulana');
INSERT INTO `card` (id, type, title, header, content, option) VALUES ('open_1602', 0, 'Tumbili anafanya nini?', 'assets/topic/lol_teamwork.gif', NULL, 'open');
INSERT INTO `cardExtra` (cardId, type, serial, content) VALUES ('open_1602', 0, 1, 'Anachuma tunda');
INSERT INTO `cardExtra` (cardId, type, serial, content) VALUES ('open_1602', 0, 2, 'Anarukia mti mwingine');
INSERT INTO `cardExtra` (cardId, type, serial, content) VALUES ('open_1602', 0, 3, 'Anamsadia mtoto wake');
INSERT INTO `cardExtra` (cardId, type, serial, content) VALUES ('open_1602', 0, 4, 'Amekua daraja.');
INSERT INTO `card` (id, type, title, header, content, option) VALUES ('open_1607', 0, 'Unaona nini?', 'assets/topic/loop_brushy.gif', NULL, 'open');
INSERT INTO `cardExtra` (cardId, type, serial, content) VALUES ('open_1607', 0, 1, 'Paka');
INSERT INTO `cardExtra` (cardId, type, serial, content) VALUES ('open_1607', 0, 2, 'Paka amelala');
INSERT INTO `cardExtra` (cardId, type, serial, content) VALUES ('open_1607', 0, 3, 'Paka ananyooshwa viungo');
INSERT INTO `cardExtra` (cardId, type, serial, content) VALUES ('open_1607', 0, 4, 'Paka anasafisha');
INSERT INTO `card` (id, type, title, header, content, option) VALUES ('open_1612', 0, 'Mnyama yupi anapaswa kuruka kama hivi?', 'assets/topic/loop_wtf_jumping?.gif', NULL, 'open');
INSERT INTO `cardExtra` (cardId, type, serial, content) VALUES ('open_1612', 0, 1, 'Simba');
INSERT INTO `cardExtra` (cardId, type, serial, content) VALUES ('open_1612', 0, 2, 'Chui');
INSERT INTO `cardExtra` (cardId, type, serial, content) VALUES ('open_1612', 0, 3, 'Paka');
INSERT INTO `cardExtra` (cardId, type, serial, content) VALUES ('open_1612', 0, 4, 'Pundamilia');
INSERT INTO `card` (id, type, title, header, content, option) VALUES ('open_1617', 0, 'Tumbili anafanya nini?', 'assets/topic/monkey_bath.gif', NULL, 'open');
INSERT INTO `cardExtra` (cardId, type, serial, content) VALUES ('open_1617', 0, 1, 'Anaoga');
INSERT INTO `cardExtra` (cardId, type, serial, content) VALUES ('open_1617', 0, 2, 'Anachezea maji');
INSERT INTO `cardExtra` (cardId, type, serial, content) VALUES ('open_1617', 0, 3, 'Hataki kufanya kitu');
INSERT INTO `cardExtra` (cardId, type, serial, content) VALUES ('open_1617', 0, 4, 'Anasali');
INSERT INTO `card` (id, type, title, header, content, option) VALUES ('open_1622', 0, 'Unaona nini?', 'assets/topic/morning_goofy?.gif', NULL, 'open');
INSERT INTO `cardExtra` (cardId, type, serial, content) VALUES ('open_1622', 0, 1, 'Penguini wengi');
INSERT INTO `cardExtra` (cardId, type, serial, content) VALUES ('open_1622', 0, 2, 'Penguini wanaruka');
INSERT INTO `cardExtra` (cardId, type, serial, content) VALUES ('open_1622', 0, 3, 'Penguini wanakimbia');
INSERT INTO `cardExtra` (cardId, type, serial, content) VALUES ('open_1622', 0, 4, 'Wana furaha');
INSERT INTO `card` (id, type, title, header, content, option) VALUES ('open_1627', 0, 'Unaona nini?', 'assets/topic/mud_diving.gif', NULL, 'open');
INSERT INTO `cardExtra` (cardId, type, serial, content) VALUES ('open_1627', 0, 1, 'Mvulana');
INSERT INTO `cardExtra` (cardId, type, serial, content) VALUES ('open_1627', 0, 2, 'Kiti');
INSERT INTO `cardExtra` (cardId, type, serial, content) VALUES ('open_1627', 0, 3, 'Mvulana amefunikwa katika tope');
INSERT INTO `cardExtra` (cardId, type, serial, content) VALUES ('open_1627', 0, 4, 'Kijana anapiga mbizi katika matope');
INSERT INTO `card` (id, type, title, header, content, option) VALUES ('open_1632', 0, 'Unaona nini?', 'assets/topic/nirvana_doggie.gif', NULL, 'open');
INSERT INTO `cardExtra` (cardId, type, serial, content) VALUES ('open_1632', 0, 1, 'Mbwa');
INSERT INTO `cardExtra` (cardId, type, serial, content) VALUES ('open_1632', 0, 2, 'Mbwa analala');
INSERT INTO `cardExtra` (cardId, type, serial, content) VALUES ('open_1632', 0, 3, 'Mbwa ananyooshwa viungo');
INSERT INTO `cardExtra` (cardId, type, serial, content) VALUES ('open_1632', 0, 4, 'Mbwa anasafisha');
INSERT INTO `card` (id, type, title, header, content, option) VALUES ('open_1637', 0, 'Nini kilichotokea?', 'assets/topic/orange_instant_juice.gif', NULL, 'open');
INSERT INTO `cardExtra` (cardId, type, serial, content) VALUES ('open_1637', 0, 1, 'Maajabu');
INSERT INTO `cardExtra` (cardId, type, serial, content) VALUES ('open_1637', 0, 2, 'Hila');
INSERT INTO `cardExtra` (cardId, type, serial, content) VALUES ('open_1637', 0, 3, 'Chungwa kugeuka kuwa juisi');
INSERT INTO `cardExtra` (cardId, type, serial, content) VALUES ('open_1637', 0, 4, 'Juisi ya machungwa katika bilauri');
INSERT INTO `card` (id, type, title, header, content, option) VALUES ('open_1642', 0, 'Itikio la mtoto?', 'assets/topic/orange_taste_sour.gif', NULL, 'open');
INSERT INTO `cardExtra` (cardId, type, serial, content) VALUES ('open_1642', 0, 1, 'Furaha');
INSERT INTO `cardExtra` (cardId, type, serial, content) VALUES ('open_1642', 0, 2, 'Uchachu');
INSERT INTO `cardExtra` (cardId, type, serial, content) VALUES ('open_1642', 0, 3, 'Uchungu');
INSERT INTO `cardExtra` (cardId, type, serial, content) VALUES ('open_1642', 0, 4, 'Kwanini nilikula');
INSERT INTO `card` (id, type, title, header, content, option) VALUES ('open_1647', 0, 'Nini kilichotokea?', 'assets/topic/oversmart_frozen.gif', NULL, 'open');
INSERT INTO `cardExtra` (cardId, type, serial, content) VALUES ('open_1647', 0, 1, 'Mtu alichanganyikiwa');
INSERT INTO `cardExtra` (cardId, type, serial, content) VALUES ('open_1647', 0, 2, 'Mtu alionesha mwili');
INSERT INTO `cardExtra` (cardId, type, serial, content) VALUES ('open_1647', 0, 3, 'Alirukia ndani ya maji');
INSERT INTO `cardExtra` (cardId, type, serial, content) VALUES ('open_1647', 0, 4, 'Maji yalikua barafu');
INSERT INTO `card` (id, type, title, header, content, option) VALUES ('open_1652', 0, 'Unataka kupaka rangi ipi?', 'assets/topic/park_slide.gif', NULL, 'open');
INSERT INTO `cardExtra` (cardId, type, serial, content) VALUES ('open_1652', 0, 1, 'Rangi ya chungwa');
INSERT INTO `cardExtra` (cardId, type, serial, content) VALUES ('open_1652', 0, 2, 'Buluu');
INSERT INTO `cardExtra` (cardId, type, serial, content) VALUES ('open_1652', 0, 3, 'Nyeupe');
INSERT INTO `cardExtra` (cardId, type, serial, content) VALUES ('open_1652', 0, 4, 'Fedha');
INSERT INTO `card` (id, type, title, header, content, option) VALUES ('open_1657', 0, 'Unaona nini?', 'assets/topic/pencil.gif', NULL, 'open');
INSERT INTO `cardExtra` (cardId, type, serial, content) VALUES ('open_1657', 0, 1, 'Kichongeo');
INSERT INTO `cardExtra` (cardId, type, serial, content) VALUES ('open_1657', 0, 2, 'Penseli');
INSERT INTO `cardExtra` (cardId, type, serial, content) VALUES ('open_1657', 0, 3, 'Penseli imechongwa');
INSERT INTO `cardExtra` (cardId, type, serial, content) VALUES ('open_1657', 0, 4, 'Penseli imepotea');
INSERT INTO `card` (id, type, title, header, content, option) VALUES ('open_1662', 0, 'Nini kilichotokea?', 'assets/topic/pencil_stopmotion_sharpener?.gif', NULL, 'open');
INSERT INTO `cardExtra` (cardId, type, serial, content) VALUES ('open_1662', 0, 1, 'Maajabu');
INSERT INTO `cardExtra` (cardId, type, serial, content) VALUES ('open_1662', 0, 2, 'Hila');
INSERT INTO `cardExtra` (cardId, type, serial, content) VALUES ('open_1662', 0, 3, 'Mkono unasogea');
INSERT INTO `cardExtra` (cardId, type, serial, content) VALUES ('open_1662', 0, 4, 'Penseli inasogea');
INSERT INTO `card` (id, type, title, header, content, option) VALUES ('open_1667', 0, 'Mpe jina Nguruwe', 'assets/topic/pig_having_fun.gif', NULL, 'open');
INSERT INTO `cardExtra` (cardId, type, serial, content) VALUES ('open_1667', 0, 1, 'Nguruwe');
INSERT INTO `cardExtra` (cardId, type, serial, content) VALUES ('open_1667', 0, 2, 'Waridi');
INSERT INTO `cardExtra` (cardId, type, serial, content) VALUES ('open_1667', 0, 3, 'Mvivu');
INSERT INTO `cardExtra` (cardId, type, serial, content) VALUES ('open_1667', 0, 4, 'Mafuta');
INSERT INTO `card` (id, type, title, header, content, option) VALUES ('open_1672', 0, 'Nani anafanya kama hivi?', 'assets/topic/preparing_beauty_brand.gif', NULL, 'open');
INSERT INTO `cardExtra` (cardId, type, serial, content) VALUES ('open_1672', 0, 1, 'Mimi mwenyewe');
INSERT INTO `cardExtra` (cardId, type, serial, content) VALUES ('open_1672', 0, 2, 'Kaka');
INSERT INTO `cardExtra` (cardId, type, serial, content) VALUES ('open_1672', 0, 3, 'Dada');
INSERT INTO `cardExtra` (cardId, type, serial, content) VALUES ('open_1672', 0, 4, 'Rafiki');
INSERT INTO `card` (id, type, title, header, content, option) VALUES ('open_1677', 0, 'Nini kinachotokea kwa mtoto wa Mbwa?', 'assets/topic/puppy_budget.gif', NULL, 'open');
INSERT INTO `cardExtra` (cardId, type, serial, content) VALUES ('open_1677', 0, 1, 'Mtoto wa mbwa anaogopa');
INSERT INTO `cardExtra` (cardId, type, serial, content) VALUES ('open_1677', 0, 2, 'Mtoto wa mbaa anaruka');
INSERT INTO `cardExtra` (cardId, type, serial, content) VALUES ('open_1677', 0, 3, 'Mtoto wa Mbwa amefungwa kwenye puto');
INSERT INTO `cardExtra` (cardId, type, serial, content) VALUES ('open_1677', 0, 4, 'Puto limefungwa kwa mtoto wa mbwa');
INSERT INTO `card` (id, type, title, header, content, option) VALUES ('open_1682', 0, 'Mbwa anafanya nini?', 'assets/topic/puppy_high_five.gif', NULL, 'open');
INSERT INTO `cardExtra` (cardId, type, serial, content) VALUES ('open_1682', 0, 1, 'Mbwa');
INSERT INTO `cardExtra` (cardId, type, serial, content) VALUES ('open_1682', 0, 2, 'Kiganja');
INSERT INTO `cardExtra` (cardId, type, serial, content) VALUES ('open_1682', 0, 3, 'Mbwa anatoa tano');
INSERT INTO `cardExtra` (cardId, type, serial, content) VALUES ('open_1682', 0, 4, 'Mbwa anaangalia');
INSERT INTO `card` (id, type, title, header, content, option) VALUES ('open_1687', 0, 'Unaona nini?', 'assets/topic/push_up_cat.gif', NULL, 'open');
INSERT INTO `cardExtra` (cardId, type, serial, content) VALUES ('open_1687', 0, 1, 'Mtu');
INSERT INTO `cardExtra` (cardId, type, serial, content) VALUES ('open_1687', 0, 2, 'Paka');
INSERT INTO `cardExtra` (cardId, type, serial, content) VALUES ('open_1687', 0, 3, 'Mtu anafanya mazoezi');
INSERT INTO `cardExtra` (cardId, type, serial, content) VALUES ('open_1687', 0, 4, 'Paka anamsukuma mtu');
INSERT INTO `card` (id, type, title, header, content, option) VALUES ('open_1692', 0, 'Uliona nini?', 'assets/topic/quick_gun_morgan.gif', NULL, 'open');
INSERT INTO `cardExtra` (cardId, type, serial, content) VALUES ('open_1692', 0, 1, 'Mtu akilenga');
INSERT INTO `cardExtra` (cardId, type, serial, content) VALUES ('open_1692', 0, 2, 'Mtu akivua suruali');
INSERT INTO `cardExtra` (cardId, type, serial, content) VALUES ('open_1692', 0, 3, 'Mtu akivuta suruali');
INSERT INTO `cardExtra` (cardId, type, serial, content) VALUES ('open_1692', 0, 4, 'Tukio la kuburudisha');
INSERT INTO `card` (id, type, title, header, content, option) VALUES ('open_1697', 0, 'Je! Unaweza kuona nini?', 'assets/topic/rainbow_landscape.gif', NULL, 'open');
INSERT INTO `cardExtra` (cardId, type, serial, content) VALUES ('open_1697', 0, 1, 'Maporomoko ya maji');
INSERT INTO `cardExtra` (cardId, type, serial, content) VALUES ('open_1697', 0, 2, 'Upinde wa mvua');
INSERT INTO `cardExtra` (cardId, type, serial, content) VALUES ('open_1697', 0, 3, 'Matokeo ya kuvuta sigara');
INSERT INTO `cardExtra` (cardId, type, serial, content) VALUES ('open_1697', 0, 4, 'Maziwa ya maji');
INSERT INTO `card` (id, type, title, header, content, option) VALUES ('open_1702', 0, 'Zungumzia kuhusu chumba', 'assets/topic/room_quick_cleaning.gif', NULL, 'open');
INSERT INTO `cardExtra` (cardId, type, serial, content) VALUES ('open_1702', 0, 1, 'Chumba kichafu');
INSERT INTO `cardExtra` (cardId, type, serial, content) VALUES ('open_1702', 0, 2, 'Nguo kila mahali');
INSERT INTO `cardExtra` (cardId, type, serial, content) VALUES ('open_1702', 0, 3, 'Mvulana mtanashati');
INSERT INTO `cardExtra` (cardId, type, serial, content) VALUES ('open_1702', 0, 4, 'Kufanya kwa ubora zaidi');
INSERT INTO `card` (id, type, title, header, content, option) VALUES ('open_1707', 0, 'Unaona nini?', 'assets/topic/rope_failling_fail.gif', NULL, 'open');
INSERT INTO `cardExtra` (cardId, type, serial, content) VALUES ('open_1707', 0, 1, 'Mtu akiruka');
INSERT INTO `cardExtra` (cardId, type, serial, content) VALUES ('open_1707', 0, 2, 'Kamba');
INSERT INTO `cardExtra` (cardId, type, serial, content) VALUES ('open_1707', 0, 3, 'Akiruka kwenye maji');
INSERT INTO `cardExtra` (cardId, type, serial, content) VALUES ('open_1707', 0, 4, 'Eneo la kilima');
INSERT INTO `card` (id, type, title, header, content, option) VALUES ('open_1712', 0, 'Je! Unaweza kuona nini?', 'assets/topic/satisfying_teamwork?.gif', NULL, 'open');
INSERT INTO `cardExtra` (cardId, type, serial, content) VALUES ('open_1712', 0, 1, 'Kikundi cha watu');
INSERT INTO `cardExtra` (cardId, type, serial, content) VALUES ('open_1712', 0, 2, 'Kazi ya kushirikiana');
INSERT INTO `cardExtra` (cardId, type, serial, content) VALUES ('open_1712', 0, 3, 'Kupanda juu');
INSERT INTO `cardExtra` (cardId, type, serial, content) VALUES ('open_1712', 0, 4, 'Mazoezi');
INSERT INTO `card` (id, type, title, header, content, option) VALUES ('open_1717', 0, 'Mtoto anafanya nini?', 'assets/topic/serious_baby.gif', NULL, 'open');
INSERT INTO `cardExtra` (cardId, type, serial, content) VALUES ('open_1717', 0, 1, 'Anakodoa macho');
INSERT INTO `cardExtra` (cardId, type, serial, content) VALUES ('open_1717', 0, 2, 'Amekaa imara');
INSERT INTO `cardExtra` (cardId, type, serial, content) VALUES ('open_1717', 0, 3, 'Hajaribu kucheka');
INSERT INTO `cardExtra` (cardId, type, serial, content) VALUES ('open_1717', 0, 4, 'Hana Mzaha');
INSERT INTO `card` (id, type, title, header, content, option) VALUES ('open_1722', 0, 'Unaona nini?', 'assets/topic/silly_cute.gif', NULL, 'open');
INSERT INTO `cardExtra` (cardId, type, serial, content) VALUES ('open_1722', 0, 1, 'Msichana');
INSERT INTO `cardExtra` (cardId, type, serial, content) VALUES ('open_1722', 0, 2, 'Anajitegesha kwaajili ya Picha');
INSERT INTO `cardExtra` (cardId, type, serial, content) VALUES ('open_1722', 0, 3, 'Anaonesha Meno');
INSERT INTO `cardExtra` (cardId, type, serial, content) VALUES ('open_1722', 0, 4, 'Tabasamu la kijinga');
INSERT INTO `card` (id, type, title, header, content, option) VALUES ('open_1727', 0, 'Msichana anafanya nini?', 'assets/topic/smelling_flower.gif', NULL, 'open');
INSERT INTO `cardExtra` (cardId, type, serial, content) VALUES ('open_1727', 0, 1, 'Ananusa maua');
INSERT INTO `cardExtra` (cardId, type, serial, content) VALUES ('open_1727', 0, 2, 'Anahisi harufu');
INSERT INTO `cardExtra` (cardId, type, serial, content) VALUES ('open_1727', 0, 3, 'Anafurahia hewa nzuri');
INSERT INTO `cardExtra` (cardId, type, serial, content) VALUES ('open_1727', 0, 4, 'Amebeba Maua');
INSERT INTO `card` (id, type, title, header, content, option) VALUES ('open_1732', 0, 'Unaona nini?', 'assets/topic/steam_train.gif', NULL, 'open');
INSERT INTO `cardExtra` (cardId, type, serial, content) VALUES ('open_1732', 0, 1, 'Injini ya mvuke');
INSERT INTO `cardExtra` (cardId, type, serial, content) VALUES ('open_1732', 0, 2, 'Uchafuzi wa hewa');
INSERT INTO `cardExtra` (cardId, type, serial, content) VALUES ('open_1732', 0, 3, 'Mpangilio wa majengo');
INSERT INTO `cardExtra` (cardId, type, serial, content) VALUES ('open_1732', 0, 4, 'Nyaya za umeme');
INSERT INTO `card` (id, type, title, header, content, option) VALUES ('open_1737', 0, 'Unaweza kuona nini?', 'assets/topic/stretching.gif', NULL, 'open');
INSERT INTO `cardExtra` (cardId, type, serial, content) VALUES ('open_1737', 0, 1, 'Ndizi');
INSERT INTO `cardExtra` (cardId, type, serial, content) VALUES ('open_1737', 0, 2, 'Kituko cha uzima');
INSERT INTO `cardExtra` (cardId, type, serial, content) VALUES ('open_1737', 0, 3, 'Kujinyoosha');
INSERT INTO `cardExtra` (cardId, type, serial, content) VALUES ('open_1737', 0, 4, 'Kujaribu kwa bidii');
INSERT INTO `card` (id, type, title, header, content, option) VALUES ('open_1742', 0, 'Mtu anafanya nini?', 'assets/topic/stretching_excercise.gif', NULL, 'open');
INSERT INTO `cardExtra` (cardId, type, serial, content) VALUES ('open_1742', 0, 1, 'Anajinyoosha');
INSERT INTO `cardExtra` (cardId, type, serial, content) VALUES ('open_1742', 0, 2, 'Anafanya mazoezi');
INSERT INTO `cardExtra` (cardId, type, serial, content) VALUES ('open_1742', 0, 3, 'Amesimama kwenye njia ya ukumbi');
INSERT INTO `cardExtra` (cardId, type, serial, content) VALUES ('open_1742', 0, 4, 'Anajiandaa');
INSERT INTO `card` (id, type, title, header, content, option) VALUES ('open_1747', 0, 'Unaona nini?', 'assets/topic/sunrise.gif', NULL, 'open');
INSERT INTO `cardExtra` (cardId, type, serial, content) VALUES ('open_1747', 0, 1, 'Juu likichomoza');
INSERT INTO `cardExtra` (cardId, type, serial, content) VALUES ('open_1747', 0, 2, 'Giza kwa mwangaza');
INSERT INTO `cardExtra` (cardId, type, serial, content) VALUES ('open_1747', 0, 3, 'dwan');
INSERT INTO `cardExtra` (cardId, type, serial, content) VALUES ('open_1747', 0, 4, 'Mwanga wa kwanza');
INSERT INTO `card` (id, type, title, header, content, option) VALUES ('open_1752', 0, 'Unaona nini?', 'assets/topic/swag_hair_flip.gif', NULL, 'open');
INSERT INTO `cardExtra` (cardId, type, serial, content) VALUES ('open_1752', 0, 1, 'Msichana mrembo');
INSERT INTO `cardExtra` (cardId, type, serial, content) VALUES ('open_1752', 0, 2, 'Nywele zinazogeuka');
INSERT INTO `cardExtra` (cardId, type, serial, content) VALUES ('open_1752', 0, 3, 'Tabasamu');
INSERT INTO `cardExtra` (cardId, type, serial, content) VALUES ('open_1752', 0, 4, 'Mwendo wa haraka');
INSERT INTO `card` (id, type, title, header, content, option) VALUES ('open_1757', 0, 'Unaona nini?', 'assets/topic/teamwork.gif.crdownload.gif', NULL, 'open');
INSERT INTO `cardExtra` (cardId, type, serial, content) VALUES ('open_1757', 0, 1, 'Timu ya wafanyakazi');
INSERT INTO `cardExtra` (cardId, type, serial, content) VALUES ('open_1757', 0, 2, 'Kurekebisha');
INSERT INTO `cardExtra` (cardId, type, serial, content) VALUES ('open_1757', 0, 3, 'Kupiga');
INSERT INTO `cardExtra` (cardId, type, serial, content) VALUES ('open_1757', 0, 4, 'Kugeuka');
INSERT INTO `card` (id, type, title, header, content, option) VALUES ('open_1762', 0, 'Unaona nini?', 'assets/topic/teamwork_basket.gif', NULL, 'open');
INSERT INTO `cardExtra` (cardId, type, serial, content) VALUES ('open_1762', 0, 1, 'Timu ya wachezaji');
INSERT INTO `cardExtra` (cardId, type, serial, content) VALUES ('open_1762', 0, 2, 'Mpira wa kikapu');
INSERT INTO `cardExtra` (cardId, type, serial, content) VALUES ('open_1762', 0, 3, 'Baiskeli');
INSERT INTO `cardExtra` (cardId, type, serial, content) VALUES ('open_1762', 0, 4, 'Mazoezi');
INSERT INTO `card` (id, type, title, header, content, option) VALUES ('open_1767', 0, 'Unaona nini?', 'assets/topic/thirsty_elephant.gif', NULL, 'open');
INSERT INTO `cardExtra` (cardId, type, serial, content) VALUES ('open_1767', 0, 1, 'Tembo');
INSERT INTO `cardExtra` (cardId, type, serial, content) VALUES ('open_1767', 0, 2, 'Kiu');
INSERT INTO `cardExtra` (cardId, type, serial, content) VALUES ('open_1767', 0, 3, 'Kuchochea uzalishaji');
INSERT INTO `cardExtra` (cardId, type, serial, content) VALUES ('open_1767', 0, 4, 'Maji ya kunywa');
INSERT INTO `card` (id, type, title, header, content, option) VALUES ('open_1772', 0, 'Je! Unaweza kuona nini?', 'assets/topic/throw_ball.gif', NULL, 'open');
INSERT INTO `cardExtra` (cardId, type, serial, content) VALUES ('open_1772', 0, 1, 'Kikundi cha watu');
INSERT INTO `cardExtra` (cardId, type, serial, content) VALUES ('open_1772', 0, 2, 'Kucheza rugby');
INSERT INTO `cardExtra` (cardId, type, serial, content) VALUES ('open_1772', 0, 3, 'Mazoezi');
INSERT INTO `cardExtra` (cardId, type, serial, content) VALUES ('open_1772', 0, 4, 'Ukamilifu');
INSERT INTO `card` (id, type, title, header, content, option) VALUES ('open_1777', 0, 'Je! Unaweza kuona nini?', 'assets/topic/today_ocean.gif', NULL, 'open');
INSERT INTO `cardExtra` (cardId, type, serial, content) VALUES ('open_1777', 0, 1, 'Ufukwe wa bahari');
INSERT INTO `cardExtra` (cardId, type, serial, content) VALUES ('open_1777', 0, 2, 'Mawimbi yakielea');
INSERT INTO `cardExtra` (cardId, type, serial, content) VALUES ('open_1777', 0, 3, 'Mtu anajaribu kuweka sawa');
INSERT INTO `cardExtra` (cardId, type, serial, content) VALUES ('open_1777', 0, 4, 'Tumia kifutio');
INSERT INTO `card` (id, type, title, header, content, option) VALUES ('open_1782', 0, 'Je! Unaweza kuona nini?', 'assets/topic/toddler_baby_dog.gif', NULL, 'open');
INSERT INTO `cardExtra` (cardId, type, serial, content) VALUES ('open_1782', 0, 1, 'Mtoto aliye na mnyama');
INSERT INTO `cardExtra` (cardId, type, serial, content) VALUES ('open_1782', 0, 2, 'Wote wanasisimka');
INSERT INTO `cardExtra` (cardId, type, serial, content) VALUES ('open_1782', 0, 3, 'Hatua sawa');
INSERT INTO `cardExtra` (cardId, type, serial, content) VALUES ('open_1782', 0, 4, 'Kuangalia kwa furaha');
INSERT INTO `card` (id, type, title, header, content, option) VALUES ('open_1787', 0, 'Je! Wasichana wanafanya nini?', 'assets/topic/toothpaste.gif', NULL, 'open');
INSERT INTO `cardExtra` (cardId, type, serial, content) VALUES ('open_1787', 0, 1, 'Wajiandaa kujiweka sawa');
INSERT INTO `cardExtra` (cardId, type, serial, content) VALUES ('open_1787', 0, 2, 'Sogeza uchafu');
INSERT INTO `cardExtra` (cardId, type, serial, content) VALUES ('open_1787', 0, 3, 'Kandamiza kwa bidii');
INSERT INTO `cardExtra` (cardId, type, serial, content) VALUES ('open_1787', 0, 4, 'Wapo makini');
INSERT INTO `card` (id, type, title, header, content, option) VALUES ('open_1792', 0, 'Mtoto anafanya nini?', 'assets/topic/transparent_baby.gif', NULL, 'open');
INSERT INTO `cardExtra` (cardId, type, serial, content) VALUES ('open_1792', 0, 1, 'Anamwaga');
INSERT INTO `cardExtra` (cardId, type, serial, content) VALUES ('open_1792', 0, 2, 'Anamimina');
INSERT INTO `cardExtra` (cardId, type, serial, content) VALUES ('open_1792', 0, 3, 'Anacheza');
INSERT INTO `cardExtra` (cardId, type, serial, content) VALUES ('open_1792', 0, 4, 'Anajaribu');
INSERT INTO `card` (id, type, title, header, content, option) VALUES ('open_1797', 0, 'Je! Unaweza kuona nini?', 'assets/topic/triple_seat.gif', NULL, 'open');
INSERT INTO `cardExtra` (cardId, type, serial, content) VALUES ('open_1797', 0, 1, 'Mchezaji wa baiskeli');
INSERT INTO `cardExtra` (cardId, type, serial, content) VALUES ('open_1797', 0, 2, 'Mtu amebeba kondoo');
INSERT INTO `cardExtra` (cardId, type, serial, content) VALUES ('open_1797', 0, 3, 'Kusawazisha');
INSERT INTO `cardExtra` (cardId, type, serial, content) VALUES ('open_1797', 0, 4, 'Mtego kamili');
INSERT INTO `card` (id, type, title, header, content, option) VALUES ('open_1802', 0, 'Je, kobe anafanya nini?', 'assets/topic/turtle_sliding.gif', NULL, 'open');
INSERT INTO `cardExtra` (cardId, type, serial, content) VALUES ('open_1802', 0, 1, 'Anajaribu kusogea');
INSERT INTO `cardExtra` (cardId, type, serial, content) VALUES ('open_1802', 0, 2, 'Anatembea katika utelezi');
INSERT INTO `cardExtra` (cardId, type, serial, content) VALUES ('open_1802', 0, 3, 'Anateleza');
INSERT INTO `cardExtra` (cardId, type, serial, content) VALUES ('open_1802', 0, 4, 'Hakati tamaa');
INSERT INTO `card` (id, type, title, header, content, option) VALUES ('open_1807', 0, 'Mtu anafanya nini?', 'assets/topic/virtual_bicycle.gif', NULL, 'open');
INSERT INTO `cardExtra` (cardId, type, serial, content) VALUES ('open_1807', 0, 1, 'Anaendesha baiskeli');
INSERT INTO `cardExtra` (cardId, type, serial, content) VALUES ('open_1807', 0, 2, 'Ukamilifu');
INSERT INTO `cardExtra` (cardId, type, serial, content) VALUES ('open_1807', 0, 3, 'Analala mtaani');
INSERT INTO `cardExtra` (cardId, type, serial, content) VALUES ('open_1807', 0, 4, 'Anaburudika');
INSERT INTO `card` (id, type, title, header, content, option) VALUES ('open_1812', 0, 'Unaona nini?', 'assets/topic/wanna_juice.gif', NULL, 'open');
INSERT INTO `cardExtra` (cardId, type, serial, content) VALUES ('open_1812', 0, 1, 'Bilauri ya juisi');
INSERT INTO `cardExtra` (cardId, type, serial, content) VALUES ('open_1812', 0, 2, 'Sadaka');
INSERT INTO `cardExtra` (cardId, type, serial, content) VALUES ('open_1812', 0, 3, 'Inaonekana halisi');
INSERT INTO `cardExtra` (cardId, type, serial, content) VALUES ('open_1812', 0, 4, 'Kinywaji chenye afya');
INSERT INTO `card` (id, type, title, header, content, option) VALUES ('open_1817', 0, 'Unaona nini?', 'assets/topic/watching_horror_movie.gif', NULL, 'open');
INSERT INTO `cardExtra` (cardId, type, serial, content) VALUES ('open_1817', 0, 1, 'Televisheni');
INSERT INTO `cardExtra` (cardId, type, serial, content) VALUES ('open_1817', 0, 2, 'Mtu anaangalia sinema');
INSERT INTO `cardExtra` (cardId, type, serial, content) VALUES ('open_1817', 0, 3, 'Kuketi juu ya kiti');
INSERT INTO `cardExtra` (cardId, type, serial, content) VALUES ('open_1817', 0, 4, 'Kujihusisha');
INSERT INTO `card` (id, type, title, header, content, option) VALUES ('open_1822', 0, 'Unaona nini?', 'assets/topic/water_attack.gif', NULL, 'open');
INSERT INTO `cardExtra` (cardId, type, serial, content) VALUES ('open_1822', 0, 1, 'Mchezo wa maji');
INSERT INTO `cardExtra` (cardId, type, serial, content) VALUES ('open_1822', 0, 2, 'Boya la maji');
INSERT INTO `cardExtra` (cardId, type, serial, content) VALUES ('open_1822', 0, 3, 'Watu waliolowa');
INSERT INTO `cardExtra` (cardId, type, serial, content) VALUES ('open_1822', 0, 4, 'Kupasuka kwa boya');
INSERT INTO `card` (id, type, title, header, content, option) VALUES ('open_1827', 0, 'Je! Unaweza kuona nini?', 'assets/topic/water_attack_balloon?.gif', NULL, 'open');
INSERT INTO `cardExtra` (cardId, type, serial, content) VALUES ('open_1827', 0, 1, 'Mtoto anacheza bustanini');
INSERT INTO `cardExtra` (cardId, type, serial, content) VALUES ('open_1827', 0, 2, 'Anabeba boya la maji');
INSERT INTO `cardExtra` (cardId, type, serial, content) VALUES ('open_1827', 0, 3, 'Maji yanarukia boya la maji');
INSERT INTO `cardExtra` (cardId, type, serial, content) VALUES ('open_1827', 0, 4, 'Mtone ya Maji yasiyotarajiwa');
INSERT INTO `card` (id, type, title, header, content, option) VALUES ('open_1832', 0, 'Unaona nini?', 'assets/topic/water_hope.gif', NULL, 'open');
INSERT INTO `cardExtra` (cardId, type, serial, content) VALUES ('open_1832', 0, 1, 'Wanawake kando ya maji');
INSERT INTO `cardExtra` (cardId, type, serial, content) VALUES ('open_1832', 0, 2, 'Kuanguka bila kutarajia');
INSERT INTO `cardExtra` (cardId, type, serial, content) VALUES ('open_1832', 0, 3, 'Kunyakua');
INSERT INTO `cardExtra` (cardId, type, serial, content) VALUES ('open_1832', 0, 4, 'Imehifadhiwa');
INSERT INTO `card` (id, type, title, header, content, option) VALUES ('open_1837', 0, 'Msichana anafanya nini?', 'assets/topic/water_jump.gif', NULL, 'open');
INSERT INTO `cardExtra` (cardId, type, serial, content) VALUES ('open_1837', 0, 1, 'Anashika bomba la maji');
INSERT INTO `cardExtra` (cardId, type, serial, content) VALUES ('open_1837', 0, 2, 'Anadunda kwenye shuka la puto');
INSERT INTO `cardExtra` (cardId, type, serial, content) VALUES ('open_1837', 0, 3, 'Anaburudika');
INSERT INTO `cardExtra` (cardId, type, serial, content) VALUES ('open_1837', 0, 4, 'Maji yamenyunyiziwa kupitia wavu');
INSERT INTO `card` (id, type, title, header, content, option) VALUES ('open_1842', 0, 'Unaona nini?', 'assets/topic/water_slide.gif', NULL, 'open');
INSERT INTO `cardExtra` (cardId, type, serial, content) VALUES ('open_1842', 0, 1, 'Maji yanatiririka');
INSERT INTO `cardExtra` (cardId, type, serial, content) VALUES ('open_1842', 0, 2, 'Wasichana wakiteleza');
INSERT INTO `cardExtra` (cardId, type, serial, content) VALUES ('open_1842', 0, 3, 'Wanaburudika');
INSERT INTO `cardExtra` (cardId, type, serial, content) VALUES ('open_1842', 0, 4, 'Kutokea kwa ajali');
INSERT INTO `card` (id, type, title, header, content, option) VALUES ('open_1847', 0, 'Nini kinachoonekana?', 'assets/topic/waterfall_wales?.gif', NULL, 'open');
INSERT INTO `cardExtra` (cardId, type, serial, content) VALUES ('open_1847', 0, 1, 'Maporomoko ya maji');
INSERT INTO `cardExtra` (cardId, type, serial, content) VALUES ('open_1847', 0, 2, 'Kutiririka kupitia miamba');
INSERT INTO `cardExtra` (cardId, type, serial, content) VALUES ('open_1847', 0, 3, 'Maji ya Maziwa');
INSERT INTO `cardExtra` (cardId, type, serial, content) VALUES ('open_1847', 0, 4, 'Miti ya kijani na Magugu.');
INSERT INTO `card` (id, type, title, header, content, option) VALUES ('open_1852', 0, 'Utanunua nini?', 'assets/topic/1024px-Market_stalls.jpg', NULL, 'open');
INSERT INTO `cardExtra` (cardId, type, serial, content) VALUES ('open_1852', 0, 1, 'Vitunguu');
INSERT INTO `cardExtra` (cardId, type, serial, content) VALUES ('open_1852', 0, 2, 'Nyanya');
INSERT INTO `cardExtra` (cardId, type, serial, content) VALUES ('open_1852', 0, 3, 'Tofaa');
INSERT INTO `cardExtra` (cardId, type, serial, content) VALUES ('open_1852', 0, 4, 'Maembe');
INSERT INTO `card` (id, type, title, header, content, option) VALUES ('open_1857', 0, 'Unajikiaje kuhusu nyumba hizi?', 'assets/topic/1280px-Houses_in_Nong_Samet.jpg', NULL, 'open');
INSERT INTO `cardExtra` (cardId, type, serial, content) VALUES ('open_1857', 0, 1, 'Nyumba za zamani');
INSERT INTO `cardExtra` (cardId, type, serial, content) VALUES ('open_1857', 0, 2, 'Nyumba mpya');
INSERT INTO `cardExtra` (cardId, type, serial, content) VALUES ('open_1857', 0, 3, 'Nyumba nzuri');
INSERT INTO `cardExtra` (cardId, type, serial, content) VALUES ('open_1857', 0, 4, 'Nilitembelea nyumba kama hiyo.');
INSERT INTO `card` (id, type, title, header, content, option) VALUES ('open_1862', 0, 'Unafikiriaje kuhusu Picha?', 'assets/topic/27867614960_2c85aae58f_b.jpg', NULL, 'open');
INSERT INTO `cardExtra` (cardId, type, serial, content) VALUES ('open_1862', 0, 1, 'Nzuri');
INSERT INTO `cardExtra` (cardId, type, serial, content) VALUES ('open_1862', 0, 2, 'Maua ya machungwa');
INSERT INTO `cardExtra` (cardId, type, serial, content) VALUES ('open_1862', 0, 3, 'Taji la nyasi');
INSERT INTO `cardExtra` (cardId, type, serial, content) VALUES ('open_1862', 0, 4, 'Mvulana asiye na hatia');
INSERT INTO `card` (id, type, title, header, content, option) VALUES ('open_1867', 0, 'Unaona nini katika picha?', 'assets/topic/794px-Akha_village.jpg', NULL, 'open');
INSERT INTO `cardExtra` (cardId, type, serial, content) VALUES ('open_1867', 0, 1, 'Jogoo');
INSERT INTO `cardExtra` (cardId, type, serial, content) VALUES ('open_1867', 0, 2, 'Mbwa');
INSERT INTO `cardExtra` (cardId, type, serial, content) VALUES ('open_1867', 0, 3, 'Wavulana wawili');
INSERT INTO `cardExtra` (cardId, type, serial, content) VALUES ('open_1867', 0, 4, 'Nyumba nzuri ya makuti');
INSERT INTO `card` (id, type, title, header, content, option) VALUES ('open_1872', 0, 'Unafikiri watoto wanafanya nini?', 'assets/topic/800px-Children_playing.JPG', NULL, 'open');
INSERT INTO `cardExtra` (cardId, type, serial, content) VALUES ('open_1872', 0, 1, 'Wanaburudika');
INSERT INTO `cardExtra` (cardId, type, serial, content) VALUES ('open_1872', 0, 2, 'Wanacheza');
INSERT INTO `cardExtra` (cardId, type, serial, content) VALUES ('open_1872', 0, 3, 'Wanaeleza Hadithi');
INSERT INTO `cardExtra` (cardId, type, serial, content) VALUES ('open_1872', 0, 4, 'Wanamsubiri mtu');
INSERT INTO `card` (id, type, title, header, content, option) VALUES ('open_1877', 0, 'Unajisikiaje kuhusu familia?', 'assets/topic/800px-Family_work.jpg', NULL, 'open');
INSERT INTO `cardExtra` (cardId, type, serial, content) VALUES ('open_1877', 0, 1, 'Familia yenye nguvu');
INSERT INTO `cardExtra` (cardId, type, serial, content) VALUES ('open_1877', 0, 2, 'Inafanya kazi kwa pamoja');
INSERT INTO `cardExtra` (cardId, type, serial, content) VALUES ('open_1877', 0, 3, 'Inaenda nyumbani');
INSERT INTO `cardExtra` (cardId, type, serial, content) VALUES ('open_1877', 0, 4, 'Wanahitaji elimu');
INSERT INTO `card` (id, type, title, header, content, option) VALUES ('open_1882', 0, 'Watoto wanafanya nini?', 'assets/topic/800px-Yaohnanen_Children_Playing_a_Traditional_Game.JPG', NULL, 'open');
INSERT INTO `cardExtra` (cardId, type, serial, content) VALUES ('open_1882', 0, 1, 'Wanacheka');
INSERT INTO `cardExtra` (cardId, type, serial, content) VALUES ('open_1882', 0, 2, 'Wanacheza');
INSERT INTO `cardExtra` (cardId, type, serial, content) VALUES ('open_1882', 0, 3, 'Wanataniana');
INSERT INTO `cardExtra` (cardId, type, serial, content) VALUES ('open_1882', 0, 4, 'Wanafurahia');
INSERT INTO `card` (id, type, title, header, content, option) VALUES ('open_1887', 0, 'Unaona nini katika hii picha?', 'assets/topic/8138260208_efa735b186_b.jpg', NULL, 'open');
INSERT INTO `cardExtra` (cardId, type, serial, content) VALUES ('open_1887', 0, 1, 'Mtu kama muundo');
INSERT INTO `cardExtra` (cardId, type, serial, content) VALUES ('open_1887', 0, 2, 'Panzi');
INSERT INTO `cardExtra` (cardId, type, serial, content) VALUES ('open_1887', 0, 3, 'Anga nzuri');
INSERT INTO `cardExtra` (cardId, type, serial, content) VALUES ('open_1887', 0, 4, 'Anga ngavu');
INSERT INTO `card` (id, type, title, header, content, option) VALUES ('open_1892', 0, 'Unahisi nini kuhusu miti.', 'assets/topic/A_leaving_baobab_val.jpg', NULL, 'open');
INSERT INTO `cardExtra` (cardId, type, serial, content) VALUES ('open_1892', 0, 1, 'Inasubiria mvua');
INSERT INTO `cardExtra` (cardId, type, serial, content) VALUES ('open_1892', 0, 2, 'Jua kali sana');
INSERT INTO `cardExtra` (cardId, type, serial, content) VALUES ('open_1892', 0, 3, 'Hakuna mtu anayeimwagilia maji');
INSERT INTO `cardExtra` (cardId, type, serial, content) VALUES ('open_1892', 0, 4, 'Majani yameuka');
INSERT INTO `card` (id, type, title, header, content, option) VALUES ('open_1897', 0, 'Je! Utamwambia yule mwanamke?', 'assets/topic/Africa_Beach.jpg', NULL, 'open');
INSERT INTO `cardExtra` (cardId, type, serial, content) VALUES ('open_1897', 0, 1, 'Nenda nyumbani hivi karibuni');
INSERT INTO `cardExtra` (cardId, type, serial, content) VALUES ('open_1897', 0, 2, 'Furahia hali ya hewa');
INSERT INTO `cardExtra` (cardId, type, serial, content) VALUES ('open_1897', 0, 3, 'Mawimbi yatachomoza juu zaidi');
INSERT INTO `cardExtra` (cardId, type, serial, content) VALUES ('open_1897', 0, 4, 'Jua limefichwa');
INSERT INTO `card` (id, type, title, header, content, option) VALUES ('open_1902', 0, 'Unaona nini katika picha?', 'assets/topic/Birmingham_flooding.jpg', NULL, 'open');
INSERT INTO `cardExtra` (cardId, type, serial, content) VALUES ('open_1902', 0, 1, 'Maji mengi');
INSERT INTO `cardExtra` (cardId, type, serial, content) VALUES ('open_1902', 0, 2, 'Gari kwenye maji');
INSERT INTO `cardExtra` (cardId, type, serial, content) VALUES ('open_1902', 0, 3, 'Hakuna watu');
INSERT INTO `cardExtra` (cardId, type, serial, content) VALUES ('open_1902', 0, 4, 'Mvua kubwa ilitokea');
INSERT INTO `card` (id, type, title, header, content, option) VALUES ('open_1907', 0, 'Unapendelea nini ndani yake?', 'assets/topic/Church_of_St.jpg', NULL, 'open');
INSERT INTO `cardExtra` (cardId, type, serial, content) VALUES ('open_1907', 0, 1, 'Barabara');
INSERT INTO `cardExtra` (cardId, type, serial, content) VALUES ('open_1907', 0, 2, 'Miundo ya Majengo');
INSERT INTO `cardExtra` (cardId, type, serial, content) VALUES ('open_1907', 0, 3, 'Jengo lenye rangi');
INSERT INTO `cardExtra` (cardId, type, serial, content) VALUES ('open_1907', 0, 4, 'Sehemu yenye amani');
INSERT INTO `card` (id, type, title, header, content, option) VALUES ('open_1912', 0, 'Utaupa mji huu jina gani?', 'assets/topic/City-of-the-future.jpg', NULL, 'open');
INSERT INTO `cardExtra` (cardId, type, serial, content) VALUES ('open_1912', 0, 1, 'Mji wa baadae');
INSERT INTO `cardExtra` (cardId, type, serial, content) VALUES ('open_1912', 0, 2, 'Mji wa ajabu');
INSERT INTO `cardExtra` (cardId, type, serial, content) VALUES ('open_1912', 0, 3, 'Mji wa watu');
INSERT INTO `cardExtra` (cardId, type, serial, content) VALUES ('open_1912', 0, 4, 'Mji wetu');
INSERT INTO `card` (id, type, title, header, content, option) VALUES ('open_1917', 0, 'Je, ungependa kufanya nini na vyakula hivi?', 'assets/topic/Cocoa_farmers_during_harvest.jpg', NULL, 'open');
INSERT INTO `cardExtra` (cardId, type, serial, content) VALUES ('open_1917', 0, 1, 'Kula na kufurahia');
INSERT INTO `cardExtra` (cardId, type, serial, content) VALUES ('open_1917', 0, 2, 'Kununua');
INSERT INTO `cardExtra` (cardId, type, serial, content) VALUES ('open_1917', 0, 3, 'Kumpa rafiki');
INSERT INTO `cardExtra` (cardId, type, serial, content) VALUES ('open_1917', 0, 4, 'Nitakuwa na vyote');
INSERT INTO `card` (id, type, title, header, content, option) VALUES ('open_1922', 0, 'Unapendekeza nini kwa watu katika hilo.', 'assets/topic/Dala.jpg', NULL, 'open');
INSERT INTO `cardExtra` (cardId, type, serial, content) VALUES ('open_1922', 0, 1, 'Waendeshe taratibu');
INSERT INTO `cardExtra` (cardId, type, serial, content) VALUES ('open_1922', 0, 2, 'Wasisimame');
INSERT INTO `cardExtra` (cardId, type, serial, content) VALUES ('open_1922', 0, 3, 'Wasubiri basi lingine');
INSERT INTO `cardExtra` (cardId, type, serial, content) VALUES ('open_1922', 0, 4, 'Waingine ndani');
INSERT INTO `card` (id, type, title, header, content, option) VALUES ('open_1927', 0, 'Unataka kutembelea na nani hapa?', 'assets/topic/Dzielnica_staromiejska.jpg', NULL, 'open');
INSERT INTO `cardExtra` (cardId, type, serial, content) VALUES ('open_1927', 0, 1, 'Rafiki wa dhati');
INSERT INTO `cardExtra` (cardId, type, serial, content) VALUES ('open_1927', 0, 2, 'Marafiki');
INSERT INTO `cardExtra` (cardId, type, serial, content) VALUES ('open_1927', 0, 3, 'Wazazi');
INSERT INTO `cardExtra` (cardId, type, serial, content) VALUES ('open_1927', 0, 4, 'Mwenyewe');
INSERT INTO `card` (id, type, title, header, content, option) VALUES ('open_1932', 0, 'Utampa nani maua haya?', 'assets/topic/Flowers_-_Uncategorised_Garden_plants_113.JPG', NULL, 'open');
INSERT INTO `cardExtra` (cardId, type, serial, content) VALUES ('open_1932', 0, 1, 'Nitabaki nayo');
INSERT INTO `cardExtra` (cardId, type, serial, content) VALUES ('open_1932', 0, 2, 'Mama');
INSERT INTO `cardExtra` (cardId, type, serial, content) VALUES ('open_1932', 0, 3, 'Dada');
INSERT INTO `cardExtra` (cardId, type, serial, content) VALUES ('open_1932', 0, 4, 'Rafiki');
INSERT INTO `card` (id, type, title, header, content, option) VALUES ('open_1937', 0, 'Unaona nini katika hii picha?', 'assets/topic/Happy_People_at_work.jpg', NULL, 'open');
INSERT INTO `cardExtra` (cardId, type, serial, content) VALUES ('open_1937', 0, 1, 'Mafaili makubwa');
INSERT INTO `cardExtra` (cardId, type, serial, content) VALUES ('open_1937', 0, 2, 'Mashati ya rangi ya chungwa');
INSERT INTO `cardExtra` (cardId, type, serial, content) VALUES ('open_1937', 0, 3, 'Marafiki wa dhati');
INSERT INTO `cardExtra` (cardId, type, serial, content) VALUES ('open_1937', 0, 4, 'Wanafanya kazi pamoja');
INSERT INTO `card` (id, type, title, header, content, option) VALUES ('open_1942', 0, 'Sema kitu kuhusu picha hii', 'assets/topic/Heliopsis_July_2011-2.jpg', NULL, 'open');
INSERT INTO `cardExtra` (cardId, type, serial, content) VALUES ('open_1942', 0, 1, 'Nzuri');
INSERT INTO `cardExtra` (cardId, type, serial, content) VALUES ('open_1942', 0, 2, 'Nyuki hayupo');
INSERT INTO `cardExtra` (cardId, type, serial, content) VALUES ('open_1942', 0, 3, 'Petali ni ya njano');
INSERT INTO `cardExtra` (cardId, type, serial, content) VALUES ('open_1942', 0, 4, 'Ni kama jua');
INSERT INTO `card` (id, type, title, header, content, option) VALUES ('open_1947', 0, 'Unaona nini katika hii picha?', 'assets/topic/History_Concentric.jpg', NULL, 'open');
INSERT INTO `cardExtra` (cardId, type, serial, content) VALUES ('open_1947', 0, 1, 'Njia ya duara');
INSERT INTO `cardExtra` (cardId, type, serial, content) VALUES ('open_1947', 0, 2, 'Vichaka');
INSERT INTO `cardExtra` (cardId, type, serial, content) VALUES ('open_1947', 0, 3, 'Jioni Nzuri');
INSERT INTO `cardExtra` (cardId, type, serial, content) VALUES ('open_1947', 0, 4, 'Kijani kibichi kila mahali.');
INSERT INTO `card` (id, type, title, header, content, option) VALUES ('open_1952', 0, 'Unapenda kupaka nyumba kwa rangi gani', 'assets/topic/Kennecott-North-End-of-Town-cropped.jpg', NULL, 'open');
INSERT INTO `cardExtra` (cardId, type, serial, content) VALUES ('open_1952', 0, 1, 'Rangi ya waridi');
INSERT INTO `cardExtra` (cardId, type, serial, content) VALUES ('open_1952', 0, 2, 'Nyekundu');
INSERT INTO `cardExtra` (cardId, type, serial, content) VALUES ('open_1952', 0, 3, 'Kijani');
INSERT INTO `cardExtra` (cardId, type, serial, content) VALUES ('open_1952', 0, 4, 'Nyeupe');
INSERT INTO `card` (id, type, title, header, content, option) VALUES ('open_1957', 0, 'Jina gani utampa mfugo wako?', 'assets/topic/Laboureurs.jpg', NULL, 'open');
INSERT INTO `cardExtra` (cardId, type, serial, content) VALUES ('open_1957', 0, 1, 'Mpiganaji');
INSERT INTO `cardExtra` (cardId, type, serial, content) VALUES ('open_1957', 0, 2, 'Mpondaji');
INSERT INTO `cardExtra` (cardId, type, serial, content) VALUES ('open_1957', 0, 3, 'Toto');
INSERT INTO `cardExtra` (cardId, type, serial, content) VALUES ('open_1957', 0, 4, 'Mshindaji');
INSERT INTO `card` (id, type, title, header, content, option) VALUES ('open_1962', 0, 'Utawaambia nini?', 'assets/topic/Maasai_Tanzania.jpg', NULL, 'open');
INSERT INTO `cardExtra` (cardId, type, serial, content) VALUES ('open_1962', 0, 1, 'Rukia juu');
INSERT INTO `cardExtra` (cardId, type, serial, content) VALUES ('open_1962', 0, 2, 'Kimbia haraka');
INSERT INTO `cardExtra` (cardId, type, serial, content) VALUES ('open_1962', 0, 3, 'Ninaweza kujiunga');
INSERT INTO `cardExtra` (cardId, type, serial, content) VALUES ('open_1962', 0, 4, 'Acha niruke');
INSERT INTO `card` (id, type, title, header, content, option) VALUES ('open_1967', 0, 'Unaona nini katika Picha?', 'assets/topic/NRCS.jpg', NULL, 'open');
INSERT INTO `cardExtra` (cardId, type, serial, content) VALUES ('open_1967', 0, 1, 'Mashamba');
INSERT INTO `cardExtra` (cardId, type, serial, content) VALUES ('open_1967', 0, 2, 'Mashine ya kisasa');
INSERT INTO `cardExtra` (cardId, type, serial, content) VALUES ('open_1967', 0, 3, 'Mkulima');
INSERT INTO `cardExtra` (cardId, type, serial, content) VALUES ('open_1967', 0, 4, 'Vilima vizuri');
INSERT INTO `card` (id, type, title, header, content, option) VALUES ('open_1972', 0, 'Nyumba za makuti huonekaje?', 'assets/topic/Nature_Landscape_Boma.jpg', NULL, 'open');
INSERT INTO `cardExtra` (cardId, type, serial, content) VALUES ('open_1972', 0, 1, 'Nzuri');
INSERT INTO `cardExtra` (cardId, type, serial, content) VALUES ('open_1972', 0, 2, 'Muonekano mzuri');
INSERT INTO `cardExtra` (cardId, type, serial, content) VALUES ('open_1972', 0, 3, 'Zinapendeza');
INSERT INTO `cardExtra` (cardId, type, serial, content) VALUES ('open_1972', 0, 4, 'Mbali na mji');
INSERT INTO `card` (id, type, title, header, content, option) VALUES ('open_1977', 0, 'Uliona nini kwanza katika hii picha?', 'assets/topic/Ngorongoro_Crater,_Tanzania.jpg', NULL, 'open');
INSERT INTO `cardExtra` (cardId, type, serial, content) VALUES ('open_1977', 0, 1, 'Wanyama');
INSERT INTO `cardExtra` (cardId, type, serial, content) VALUES ('open_1977', 0, 2, 'Ndege');
INSERT INTO `cardExtra` (cardId, type, serial, content) VALUES ('open_1977', 0, 3, 'Mto');
INSERT INTO `cardExtra` (cardId, type, serial, content) VALUES ('open_1977', 0, 4, 'Milima ya kijani');
INSERT INTO `card` (id, type, title, header, content, option) VALUES ('open_1982', 0, 'Unafikiri nani anaishi hapa?', 'assets/topic/Ngorongoro_crater.jpg', NULL, 'open');
INSERT INTO `cardExtra` (cardId, type, serial, content) VALUES ('open_1982', 0, 1, 'Ndege');
INSERT INTO `cardExtra` (cardId, type, serial, content) VALUES ('open_1982', 0, 2, 'Wanyama');
INSERT INTO `cardExtra` (cardId, type, serial, content) VALUES ('open_1982', 0, 3, 'Samaki');
INSERT INTO `cardExtra` (cardId, type, serial, content) VALUES ('open_1982', 0, 4, 'Haishi mtu');
INSERT INTO `card` (id, type, title, header, content, option) VALUES ('open_1987', 0, 'Ni gari unataka kuiendesha hapa?', 'assets/topic/Noons_Creek_Drive.jpg', NULL, 'open');
INSERT INTO `cardExtra` (cardId, type, serial, content) VALUES ('open_1987', 0, 1, 'Baiskeli');
INSERT INTO `cardExtra` (cardId, type, serial, content) VALUES ('open_1987', 0, 2, 'Gari');
INSERT INTO `cardExtra` (cardId, type, serial, content) VALUES ('open_1987', 0, 3, 'Pikipiki');
INSERT INTO `cardExtra` (cardId, type, serial, content) VALUES ('open_1987', 0, 4, 'Ningependa kukimbia');
INSERT INTO `card` (id, type, title, header, content, option) VALUES ('open_1992', 0, 'Nini unaona katika hii picha?', 'assets/topic/People_At_Work.jpg', NULL, 'open');
INSERT INTO `cardExtra` (cardId, type, serial, content) VALUES ('open_1992', 0, 1, 'Matumizi ya simu');
INSERT INTO `cardExtra` (cardId, type, serial, content) VALUES ('open_1992', 0, 2, 'Hasira mchanganyiko');
INSERT INTO `cardExtra` (cardId, type, serial, content) VALUES ('open_1992', 0, 3, 'Kusaidia wengine');
INSERT INTO `cardExtra` (cardId, type, serial, content) VALUES ('open_1992', 0, 4, 'Kufanya kazi pamoja');
INSERT INTO `card` (id, type, title, header, content, option) VALUES ('open_1997', 0, 'Unaona nini katika nyuso zao?', 'assets/topic/People_At_Work_3.jpg', NULL, 'open');
INSERT INTO `cardExtra` (cardId, type, serial, content) VALUES ('open_1997', 0, 1, 'Tabasamu');
INSERT INTO `cardExtra` (cardId, type, serial, content) VALUES ('open_1997', 0, 2, 'Amani');
INSERT INTO `cardExtra` (cardId, type, serial, content) VALUES ('open_1997', 0, 3, 'Umoja');
INSERT INTO `cardExtra` (cardId, type, serial, content) VALUES ('open_1997', 0, 4, 'Bidii ya kazi');
INSERT INTO `card` (id, type, title, header, content, option) VALUES ('open_2002', 0, 'Wanaongea kuhusu mada gani?', 'assets/topic/People_at_Work_2.jpg', NULL, 'open');
INSERT INTO `cardExtra` (cardId, type, serial, content) VALUES ('open_2002', 0, 1, 'Mahojiano');
INSERT INTO `cardExtra` (cardId, type, serial, content) VALUES ('open_2002', 0, 2, 'Ndoa');
INSERT INTO `cardExtra` (cardId, type, serial, content) VALUES ('open_2002', 0, 3, 'Siasa');
INSERT INTO `cardExtra` (cardId, type, serial, content) VALUES ('open_2002', 0, 4, 'Kuhusu kazi');
INSERT INTO `card` (id, type, title, header, content, option) VALUES ('open_2007', 0, 'Unaona nini katika picha?', 'assets/topic/Refugee_camp_in_Guinea.jpg', NULL, 'open');
INSERT INTO `cardExtra` (cardId, type, serial, content) VALUES ('open_2007', 0, 1, 'Nyumba za makuti za kale');
INSERT INTO `cardExtra` (cardId, type, serial, content) VALUES ('open_2007', 0, 2, 'Nyumba za mabati ya buluu');
INSERT INTO `cardExtra` (cardId, type, serial, content) VALUES ('open_2007', 0, 3, 'Mtu amesimama');
INSERT INTO `cardExtra` (cardId, type, serial, content) VALUES ('open_2007', 0, 4, 'Inaonekana kama mchana');
INSERT INTO `card` (id, type, title, header, content, option) VALUES ('open_2012', 0, 'Utapaka majengo kwa rangi gani?', 'assets/topic/Road_Yuccie.JPG', NULL, 'open');
INSERT INTO `cardExtra` (cardId, type, serial, content) VALUES ('open_2012', 0, 1, 'Buluu');
INSERT INTO `cardExtra` (cardId, type, serial, content) VALUES ('open_2012', 0, 2, 'Nyeupe');
INSERT INTO `cardExtra` (cardId, type, serial, content) VALUES ('open_2012', 0, 3, 'Waridi');
INSERT INTO `cardExtra` (cardId, type, serial, content) VALUES ('open_2012', 0, 4, 'Dhahabu');
INSERT INTO `card` (id, type, title, header, content, option) VALUES ('open_2017', 0, 'Je, ungependa kwenda na nani kwenye hii Gari ya jeep?', 'assets/topic/Safari-Vehicle.jpg', NULL, 'open');
INSERT INTO `cardExtra` (cardId, type, serial, content) VALUES ('open_2017', 0, 1, 'Marafiki');
INSERT INTO `cardExtra` (cardId, type, serial, content) VALUES ('open_2017', 0, 2, 'Rafiki wa dhati');
INSERT INTO `cardExtra` (cardId, type, serial, content) VALUES ('open_2017', 0, 3, 'Kaka');
INSERT INTO `cardExtra` (cardId, type, serial, content) VALUES ('open_2017', 0, 4, 'Babu');
INSERT INTO `card` (id, type, title, header, content, option) VALUES ('open_2022', 0, 'Unapenda kuona nini Baharini?', 'assets/topic/Seascape_Ocean.jpg', NULL, 'open');
INSERT INTO `cardExtra` (cardId, type, serial, content) VALUES ('open_2022', 0, 1, 'Nyangumi');
INSERT INTO `cardExtra` (cardId, type, serial, content) VALUES ('open_2022', 0, 2, 'Pomboo');
INSERT INTO `cardExtra` (cardId, type, serial, content) VALUES ('open_2022', 0, 3, 'Nguva');
INSERT INTO `cardExtra` (cardId, type, serial, content) VALUES ('open_2022', 0, 4, 'Meli kubwa');
INSERT INTO `card` (id, type, title, header, content, option) VALUES ('open_2027', 0, 'Unapenda kumpa jina gani ndege huyu?', 'assets/topic/Serengeti-Wildlife-Tanzania-Safari-2633550.jpg', NULL, 'open');
INSERT INTO `cardExtra` (cardId, type, serial, content) VALUES ('open_2027', 0, 1, 'Toto');
INSERT INTO `cardExtra` (cardId, type, serial, content) VALUES ('open_2027', 0, 2, 'Mpandaji');
INSERT INTO `cardExtra` (cardId, type, serial, content) VALUES ('open_2027', 0, 3, 'Theluji kubwa');
INSERT INTO `cardExtra` (cardId, type, serial, content) VALUES ('open_2027', 0, 4, 'Lora');
INSERT INTO `card` (id, type, title, header, content, option) VALUES ('open_2032', 0, 'Ni rangi ipi unayopenda kuipaka shati lake?', 'assets/topic/Sierra_Leone_rice_farmer.jpg', NULL, 'open');
INSERT INTO `cardExtra` (cardId, type, serial, content) VALUES ('open_2032', 0, 1, 'Kijani');
INSERT INTO `cardExtra` (cardId, type, serial, content) VALUES ('open_2032', 0, 2, 'Nyeusi');
INSERT INTO `cardExtra` (cardId, type, serial, content) VALUES ('open_2032', 0, 3, 'kaki');
INSERT INTO `cardExtra` (cardId, type, serial, content) VALUES ('open_2032', 0, 4, 'Nyekundu');
INSERT INTO `card` (id, type, title, header, content, option) VALUES ('open_2037', 0, 'Ni rangi gani unayopenda kuipaka?', 'assets/topic/Starr_080716-9471_Calathea_crotalifera.jpg', NULL, 'open');
INSERT INTO `cardExtra` (cardId, type, serial, content) VALUES ('open_2037', 0, 1, 'Rangi ya waridi');
INSERT INTO `cardExtra` (cardId, type, serial, content) VALUES ('open_2037', 0, 2, 'Buluu');
INSERT INTO `cardExtra` (cardId, type, serial, content) VALUES ('open_2037', 0, 3, 'Nyeupe');
INSERT INTO `cardExtra` (cardId, type, serial, content) VALUES ('open_2037', 0, 4, 'Rangi ya Chungwa');
INSERT INTO `card` (id, type, title, header, content, option) VALUES ('open_2042', 0, 'Unampendelea ndege mwenye rangi gani?', 'assets/topic/Tanzania-Poultry-Farming-Africa-Moshi-Chicken-2738652.jpg', NULL, 'open');
INSERT INTO `cardExtra` (cardId, type, serial, content) VALUES ('open_2042', 0, 1, 'Nyeusi');
INSERT INTO `cardExtra` (cardId, type, serial, content) VALUES ('open_2042', 0, 2, 'Kaki');
INSERT INTO `cardExtra` (cardId, type, serial, content) VALUES ('open_2042', 0, 3, 'Nyeupe');
INSERT INTO `cardExtra` (cardId, type, serial, content) VALUES ('open_2042', 0, 4, 'Kijivu');
INSERT INTO `card` (id, type, title, header, content, option) VALUES ('open_2047', 0, 'Unataka kuchukua nini kutoka kwake?', 'assets/topic/Tanzania_kid_Playing.jpg', NULL, 'open');
INSERT INTO `cardExtra` (cardId, type, serial, content) VALUES ('open_2047', 0, 1, 'Kofia');
INSERT INTO `cardExtra` (cardId, type, serial, content) VALUES ('open_2047', 0, 2, 'Miwani');
INSERT INTO `cardExtra` (cardId, type, serial, content) VALUES ('open_2047', 0, 3, 'Mpira');
INSERT INTO `cardExtra` (cardId, type, serial, content) VALUES ('open_2047', 0, 4, 'Nitacheza naye.');
INSERT INTO `card` (id, type, title, header, content, option) VALUES ('open_2052', 0, 'Utaandika nini barabani?', 'assets/topic/Trunk_road.jpg', NULL, 'open');
INSERT INTO `cardExtra` (cardId, type, serial, content) VALUES ('open_2052', 0, 1, 'Hatari');
INSERT INTO `cardExtra` (cardId, type, serial, content) VALUES ('open_2052', 0, 2, 'Nenda salama');
INSERT INTO `cardExtra` (cardId, type, serial, content) VALUES ('open_2052', 0, 3, 'Endesha polepole');
INSERT INTO `cardExtra` (cardId, type, serial, content) VALUES ('open_2052', 0, 4, 'Heri ya mwaka mpya');
INSERT INTO `card` (id, type, title, header, content, option) VALUES ('open_2057', 0, 'Toa maoni mazuri katika hii picha', 'assets/topic/Turkish.town.cesme.jpg', NULL, 'open');
INSERT INTO `cardExtra` (cardId, type, serial, content) VALUES ('open_2057', 0, 1, 'Nzuri');
INSERT INTO `cardExtra` (cardId, type, serial, content) VALUES ('open_2057', 0, 2, 'Nataka kutembelea siku moja');
INSERT INTO `cardExtra` (cardId, type, serial, content) VALUES ('open_2057', 0, 3, 'Chakula kitakuwa kitamu hapa');
INSERT INTO `cardExtra` (cardId, type, serial, content) VALUES ('open_2057', 0, 4, 'Majengo ni mazuri');
INSERT INTO `card` (id, type, title, header, content, option) VALUES ('open_2062', 0, 'Unataka kuweka uzi wa rangi gani pale?', 'assets/topic/Warp.jpg', NULL, 'open');
INSERT INTO `cardExtra` (cardId, type, serial, content) VALUES ('open_2062', 0, 1, 'Dhahabu');
INSERT INTO `cardExtra` (cardId, type, serial, content) VALUES ('open_2062', 0, 2, 'fedha');
INSERT INTO `cardExtra` (cardId, type, serial, content) VALUES ('open_2062', 0, 3, 'Nyekundu');
INSERT INTO `cardExtra` (cardId, type, serial, content) VALUES ('open_2062', 0, 4, 'Rangi ya waridi');
INSERT INTO `card` (id, type, title, header, content, option) VALUES ('open_2067', 0, 'Utampa nini akate?', 'assets/topic/active.jpg', NULL, 'open');
INSERT INTO `cardExtra` (cardId, type, serial, content) VALUES ('open_2067', 0, 1, 'Gogo la Mbao');
INSERT INTO `cardExtra` (cardId, type, serial, content) VALUES ('open_2067', 0, 2, 'Penseli');
INSERT INTO `cardExtra` (cardId, type, serial, content) VALUES ('open_2067', 0, 3, 'Fimbo ya chuma');
INSERT INTO `cardExtra` (cardId, type, serial, content) VALUES ('open_2067', 0, 4, 'Mpira wa kufungia');
INSERT INTO `card` (id, type, title, header, content, option) VALUES ('open_2072', 0, 'Utamwambia nini?', 'assets/topic/adorable-dog.jpg', NULL, 'open');
INSERT INTO `cardExtra` (cardId, type, serial, content) VALUES ('open_2072', 0, 1, 'Mrembo');
INSERT INTO `cardExtra` (cardId, type, serial, content) VALUES ('open_2072', 0, 2, 'Njoo nyumbani kwangu');
INSERT INTO `cardExtra` (cardId, type, serial, content) VALUES ('open_2072', 0, 3, 'Chukua hii kuki');
INSERT INTO `cardExtra` (cardId, type, serial, content) VALUES ('open_2072', 0, 4, 'Ninakupenda sana');
INSERT INTO `card` (id, type, title, header, content, option) VALUES ('open_2077', 0, 'Wanafanya nini?', 'assets/topic/adult_adventure.jpg', NULL, 'open');
INSERT INTO `cardExtra` (cardId, type, serial, content) VALUES ('open_2077', 0, 1, 'Wanacheza kwenye maji');
INSERT INTO `cardExtra` (cardId, type, serial, content) VALUES ('open_2077', 0, 2, 'Wanateleza kwenye maji');
INSERT INTO `cardExtra` (cardId, type, serial, content) VALUES ('open_2077', 0, 3, 'Wanapigana kila mmoja');
INSERT INTO `cardExtra` (cardId, type, serial, content) VALUES ('open_2077', 0, 4, 'Wanafurahia');
INSERT INTO `card` (id, type, title, header, content, option) VALUES ('open_2082', 0, 'Ni rangi gani ya nyumba unayoipenda?', 'assets/topic/aerial-view-of-a-village-on-atka-island-one-of-the-aleutian-islands-725x494.jpg', NULL, 'open');
INSERT INTO `cardExtra` (cardId, type, serial, content) VALUES ('open_2082', 0, 1, 'Nyumba ya Buluu');
INSERT INTO `cardExtra` (cardId, type, serial, content) VALUES ('open_2082', 0, 2, 'Nyumba ya njano');
INSERT INTO `cardExtra` (cardId, type, serial, content) VALUES ('open_2082', 0, 3, 'Nyumba nyekundu');
INSERT INTO `cardExtra` (cardId, type, serial, content) VALUES ('open_2082', 0, 4, 'Nyumba ya kaki');
INSERT INTO `card` (id, type, title, header, content, option) VALUES ('open_2087', 0, 'Je! Ungependa kula ndizi ngapi?', 'assets/topic/africa-seller.jpg', NULL, 'open');
INSERT INTO `cardExtra` (cardId, type, serial, content) VALUES ('open_2087', 0, 1, 'nne');
INSERT INTO `cardExtra` (cardId, type, serial, content) VALUES ('open_2087', 0, 2, 'Kumi');
INSERT INTO `cardExtra` (cardId, type, serial, content) VALUES ('open_2087', 0, 3, 'Saba');
INSERT INTO `cardExtra` (cardId, type, serial, content) VALUES ('open_2087', 0, 4, 'Zote');
INSERT INTO `card` (id, type, title, header, content, option) VALUES ('open_2092', 0, 'Ungependa kupanda mti gani hapa?', 'assets/topic/africa_mountain.jpg', NULL, 'open');
INSERT INTO `cardExtra` (cardId, type, serial, content) VALUES ('open_2092', 0, 1, 'Muembe');
INSERT INTO `cardExtra` (cardId, type, serial, content) VALUES ('open_2092', 0, 2, 'Mtofaa');
INSERT INTO `cardExtra` (cardId, type, serial, content) VALUES ('open_2092', 0, 3, 'Mchungwa');
INSERT INTO `cardExtra` (cardId, type, serial, content) VALUES ('open_2092', 0, 4, 'Stroberi');
INSERT INTO `card` (id, type, title, header, content, option) VALUES ('open_2097', 0, 'Mlima huu unaoenekanaje?', 'assets/topic/africa_mountain_01.jpg', NULL, 'open');
INSERT INTO `cardExtra` (cardId, type, serial, content) VALUES ('open_2097', 0, 1, 'Aiskrimu');
INSERT INTO `cardExtra` (cardId, type, serial, content) VALUES ('open_2097', 0, 2, 'Keki');
INSERT INTO `cardExtra` (cardId, type, serial, content) VALUES ('open_2097', 0, 3, 'Koni');
INSERT INTO `cardExtra` (cardId, type, serial, content) VALUES ('open_2097', 0, 4, 'Njiwa');
INSERT INTO `card` (id, type, title, header, content, option) VALUES ('open_2102', 0, 'Unafikiri kuna nini nyuma ya milima?', 'assets/topic/algeria.jpg', NULL, 'open');
INSERT INTO `cardExtra` (cardId, type, serial, content) VALUES ('open_2102', 0, 1, 'Wanyama tofauti');
INSERT INTO `cardExtra` (cardId, type, serial, content) VALUES ('open_2102', 0, 2, 'Maporomoko makubwa ya maji');
INSERT INTO `cardExtra` (cardId, type, serial, content) VALUES ('open_2102', 0, 3, 'Watu wasiojulikana');
INSERT INTO `cardExtra` (cardId, type, serial, content) VALUES ('open_2102', 0, 4, 'Nyumba ya malaika');
INSERT INTO `card` (id, type, title, header, content, option) VALUES ('open_2107', 0, 'Je, ni tunda gani ungependa kukata kwa mashine?', 'assets/topic/angle-grinder-429757_960_720.jpg', NULL, 'open');
INSERT INTO `cardExtra` (cardId, type, serial, content) VALUES ('open_2107', 0, 1, 'Fenesi');
INSERT INTO `cardExtra` (cardId, type, serial, content) VALUES ('open_2107', 0, 2, 'ndizi');
INSERT INTO `cardExtra` (cardId, type, serial, content) VALUES ('open_2107', 0, 3, 'Matopetope');
INSERT INTO `cardExtra` (cardId, type, serial, content) VALUES ('open_2107', 0, 4, 'Matikiti Maji');
INSERT INTO `card` (id, type, title, header, content, option) VALUES ('open_2112', 0, 'Utawaambia nini wanyama hawa?', 'assets/topic/animals-bunnies.jpg', NULL, 'open');
INSERT INTO `cardExtra` (cardId, type, serial, content) VALUES ('open_2112', 0, 1, 'Wanapendeza');
INSERT INTO `cardExtra` (cardId, type, serial, content) VALUES ('open_2112', 0, 2, 'Nendeni mbali');
INSERT INTO `cardExtra` (cardId, type, serial, content) VALUES ('open_2112', 0, 3, 'Njooni nyumbani kwangu');
INSERT INTO `cardExtra` (cardId, type, serial, content) VALUES ('open_2112', 0, 4, 'Chukueni tunda hili');
INSERT INTO `card` (id, type, title, header, content, option) VALUES ('open_2117', 0, 'Ni jina gani unataka kumpa paka?', 'assets/topic/animals-cats-cute.jpg', NULL, 'open');
INSERT INTO `cardExtra` (cardId, type, serial, content) VALUES ('open_2117', 0, 1, 'Waridi');
INSERT INTO `cardExtra` (cardId, type, serial, content) VALUES ('open_2117', 0, 2, 'Cheupe');
INSERT INTO `cardExtra` (cardId, type, serial, content) VALUES ('open_2117', 0, 3, 'Kaki');
INSERT INTO `cardExtra` (cardId, type, serial, content) VALUES ('open_2117', 0, 4, 'Jua');
INSERT INTO `card` (id, type, title, header, content, option) VALUES ('open_2122', 0, 'Je, utamlisha nini?', 'assets/topic/animals-geese_two.jpg', NULL, 'open');
INSERT INTO `cardExtra` (cardId, type, serial, content) VALUES ('open_2122', 0, 1, 'Pera');
INSERT INTO `cardExtra` (cardId, type, serial, content) VALUES ('open_2122', 0, 2, 'Nyama');
INSERT INTO `cardExtra` (cardId, type, serial, content) VALUES ('open_2122', 0, 3, 'Minyoo');
INSERT INTO `cardExtra` (cardId, type, serial, content) VALUES ('open_2122', 0, 4, 'Tikiti Maji');
INSERT INTO `card` (id, type, title, header, content, option) VALUES ('open_2127', 0, 'Wanaenda kuwinda wanyama gani?', 'assets/topic/archery_fun.jpg', NULL, 'open');
INSERT INTO `cardExtra` (cardId, type, serial, content) VALUES ('open_2127', 0, 1, 'Nyati');
INSERT INTO `cardExtra` (cardId, type, serial, content) VALUES ('open_2127', 0, 2, 'Swala');
INSERT INTO `cardExtra` (cardId, type, serial, content) VALUES ('open_2127', 0, 3, 'Dinosauri');
INSERT INTO `cardExtra` (cardId, type, serial, content) VALUES ('open_2127', 0, 4, 'Simba');
INSERT INTO `card` (id, type, title, header, content, option) VALUES ('open_2132', 0, 'Wanaenda wapi?', 'assets/topic/arms_vechicles_road.jpg', NULL, 'open');
INSERT INTO `cardExtra` (cardId, type, serial, content) VALUES ('open_2132', 0, 1, 'Vitani');
INSERT INTO `cardExtra` (cardId, type, serial, content) VALUES ('open_2132', 0, 2, 'Dukani');
INSERT INTO `cardExtra` (cardId, type, serial, content) VALUES ('open_2132', 0, 3, 'Mazoezini');
INSERT INTO `cardExtra` (cardId, type, serial, content) VALUES ('open_2132', 0, 4, 'Mpakani');
INSERT INTO `card` (id, type, title, header, content, option) VALUES ('open_2137', 0, 'Ungependa kuchora nini hapa?', 'assets/topic/art.jpg', NULL, 'open');
INSERT INTO `cardExtra` (cardId, type, serial, content) VALUES ('open_2137', 0, 1, 'Pomboo');
INSERT INTO `cardExtra` (cardId, type, serial, content) VALUES ('open_2137', 0, 2, 'Ikulu');
INSERT INTO `cardExtra` (cardId, type, serial, content) VALUES ('open_2137', 0, 3, 'Mama');
INSERT INTO `cardExtra` (cardId, type, serial, content) VALUES ('open_2137', 0, 4, 'Almasi');
INSERT INTO `card` (id, type, title, header, content, option) VALUES ('open_2142', 0, 'Ni mfugo gani unaweza kuupata hapa?', 'assets/topic/asdfasfd.JPG', NULL, 'open');
INSERT INTO `cardExtra` (cardId, type, serial, content) VALUES ('open_2142', 0, 1, 'Ng''ombe');
INSERT INTO `cardExtra` (cardId, type, serial, content) VALUES ('open_2142', 0, 2, 'Kondoo');
INSERT INTO `cardExtra` (cardId, type, serial, content) VALUES ('open_2142', 0, 3, 'Mbwa');
INSERT INTO `cardExtra` (cardId, type, serial, content) VALUES ('open_2142', 0, 4, 'Kasuku');
INSERT INTO `card` (id, type, title, header, content, option) VALUES ('open_2147', 0, 'Unataka kupaka rangi gani?', 'assets/topic/aviary-pigeons-birds-feather-162943.jpeg', NULL, 'open');
INSERT INTO `cardExtra` (cardId, type, serial, content) VALUES ('open_2147', 0, 1, 'Kijivu');
INSERT INTO `cardExtra` (cardId, type, serial, content) VALUES ('open_2147', 0, 2, 'Dhahabu');
INSERT INTO `cardExtra` (cardId, type, serial, content) VALUES ('open_2147', 0, 3, 'Zambarau');
INSERT INTO `cardExtra` (cardId, type, serial, content) VALUES ('open_2147', 0, 4, 'Zambarau-buluu');
INSERT INTO `card` (id, type, title, header, content, option) VALUES ('open_2152', 0, 'Unataka kupeleka wapi?', 'assets/topic/baby_elephant.jpg', NULL, 'open');
INSERT INTO `cardExtra` (cardId, type, serial, content) VALUES ('open_2152', 0, 1, 'Nyumbani kwangu');
INSERT INTO `cardExtra` (cardId, type, serial, content) VALUES ('open_2152', 0, 2, 'Kwa marafiki zangu');
INSERT INTO `cardExtra` (cardId, type, serial, content) VALUES ('open_2152', 0, 3, 'Ziwani');
INSERT INTO `cardExtra` (cardId, type, serial, content) VALUES ('open_2152', 0, 4, 'Msituni');
INSERT INTO `card` (id, type, title, header, content, option) VALUES ('open_2157', 0, 'Kuna mipira ya duara mingapi pale?', 'assets/topic/bakers.jpg', NULL, 'open');
INSERT INTO `cardExtra` (cardId, type, serial, content) VALUES ('open_2157', 0, 1, 'Mingi');
INSERT INTO `cardExtra` (cardId, type, serial, content) VALUES ('open_2157', 0, 2, 'Michache');
INSERT INTO `cardExtra` (cardId, type, serial, content) VALUES ('open_2157', 0, 3, 'Haihesabiki');
INSERT INTO `cardExtra` (cardId, type, serial, content) VALUES ('open_2157', 0, 4, 'Thelathini');
INSERT INTO `card` (id, type, title, header, content, option) VALUES ('open_2162', 0, 'Ukipata Maputo yote utayapeleka wapi?', 'assets/topic/balloons.jpg', NULL, 'open');
INSERT INTO `cardExtra` (cardId, type, serial, content) VALUES ('open_2162', 0, 1, 'Nyumbani kwa marafiki zangu');
INSERT INTO `cardExtra` (cardId, type, serial, content) VALUES ('open_2162', 0, 2, 'Sehemu ya michezo');
INSERT INTO `cardExtra` (cardId, type, serial, content) VALUES ('open_2162', 0, 3, 'Juu ya paa');
INSERT INTO `cardExtra` (cardId, type, serial, content) VALUES ('open_2162', 0, 4, 'Juu ya mti');
INSERT INTO `card` (id, type, title, header, content, option) VALUES ('open_2167', 0, 'Utajenga nini kwa kutumia mianzi hii?', 'assets/topic/bamboo-tall-trees-plants-68608.jpeg', NULL, 'open');
INSERT INTO `cardExtra` (cardId, type, serial, content) VALUES ('open_2167', 0, 1, 'Dirisha');
INSERT INTO `cardExtra` (cardId, type, serial, content) VALUES ('open_2167', 0, 2, 'Kiti');
INSERT INTO `cardExtra` (cardId, type, serial, content) VALUES ('open_2167', 0, 3, 'Mashua');
INSERT INTO `cardExtra` (cardId, type, serial, content) VALUES ('open_2167', 0, 4, 'Kitanda');
INSERT INTO `card` (id, type, title, header, content, option) VALUES ('open_2172', 0, 'Wanapeleka wapi ndizi?', 'assets/topic/banana_famer.jpg', NULL, 'open');
INSERT INTO `cardExtra` (cardId, type, serial, content) VALUES ('open_2172', 0, 1, 'Sokoni');
INSERT INTO `cardExtra` (cardId, type, serial, content) VALUES ('open_2172', 0, 2, 'Katika ndoa');
INSERT INTO `cardExtra` (cardId, type, serial, content) VALUES ('open_2172', 0, 3, 'Nyumbani kwao');
INSERT INTO `cardExtra` (cardId, type, serial, content) VALUES ('open_2172', 0, 4, 'Sehemu nyingine');
INSERT INTO `card` (id, type, title, header, content, option) VALUES ('open_2177', 0, 'Nani huvaa bangili nyumbani kwako?', 'assets/topic/bangles-tanzania.jpg', NULL, 'open');
INSERT INTO `cardExtra` (cardId, type, serial, content) VALUES ('open_2177', 0, 1, 'Mimi mwenyewe');
INSERT INTO `cardExtra` (cardId, type, serial, content) VALUES ('open_2177', 0, 2, 'Dada');
INSERT INTO `cardExtra` (cardId, type, serial, content) VALUES ('open_2177', 0, 3, 'Mama');
INSERT INTO `cardExtra` (cardId, type, serial, content) VALUES ('open_2177', 0, 4, 'Bibi');
INSERT INTO `card` (id, type, title, header, content, option) VALUES ('open_2182', 0, 'Je! Samaki gani unaweza kuwapata hapa?', 'assets/topic/beach-beautiful-blue-coast-40976.jpeg', NULL, 'open');
INSERT INTO `cardExtra` (cardId, type, serial, content) VALUES ('open_2182', 0, 1, 'Pomboo');
INSERT INTO `cardExtra` (cardId, type, serial, content) VALUES ('open_2182', 0, 2, 'Papa');
INSERT INTO `cardExtra` (cardId, type, serial, content) VALUES ('open_2182', 0, 3, 'Nyangumi wa buluu');
INSERT INTO `cardExtra` (cardId, type, serial, content) VALUES ('open_2182', 0, 4, 'Samaki ya dhahabu');
INSERT INTO `card` (id, type, title, header, content, option) VALUES ('open_2187', 0, 'Wanafanya nini?', 'assets/topic/beach2_water.jpg', NULL, 'open');
INSERT INTO `cardExtra` (cardId, type, serial, content) VALUES ('open_2187', 0, 1, 'Wanapiga mbizi katika mawimbi');
INSERT INTO `cardExtra` (cardId, type, serial, content) VALUES ('open_2187', 0, 2, 'Wanacheza na maji');
INSERT INTO `cardExtra` (cardId, type, serial, content) VALUES ('open_2187', 0, 3, 'Wanashindana na marafiki');
INSERT INTO `cardExtra` (cardId, type, serial, content) VALUES ('open_2187', 0, 4, 'Mchezo wa maji');
INSERT INTO `card` (id, type, title, header, content, option) VALUES ('open_2192', 0, 'Ungependa kuja na nani hapa?', 'assets/topic/beach_resort_vacation_summer_sea_travel_ocean_water.jpg', NULL, 'open');
INSERT INTO `cardExtra` (cardId, type, serial, content) VALUES ('open_2192', 0, 1, 'Familia');
INSERT INTO `cardExtra` (cardId, type, serial, content) VALUES ('open_2192', 0, 2, 'Marafiki');
INSERT INTO `cardExtra` (cardId, type, serial, content) VALUES ('open_2192', 0, 3, 'Rafiki wa dhati');
INSERT INTO `cardExtra` (cardId, type, serial, content) VALUES ('open_2192', 0, 4, 'Mwenyewe');
INSERT INTO `card` (id, type, title, header, content, option) VALUES ('open_2197', 0, 'Hali ya hewa ipoje hapa?', 'assets/topic/beach_water.jpg', NULL, 'open');
INSERT INTO `cardExtra` (cardId, type, serial, content) VALUES ('open_2197', 0, 1, 'Baridi');
INSERT INTO `cardExtra` (cardId, type, serial, content) VALUES ('open_2197', 0, 2, 'Jua');
INSERT INTO `cardExtra` (cardId, type, serial, content) VALUES ('open_2197', 0, 3, 'Inaweza kunyesha mvua');
INSERT INTO `cardExtra` (cardId, type, serial, content) VALUES ('open_2197', 0, 4, 'Upepo mwanana');
INSERT INTO `card` (id, type, title, header, content, option) VALUES ('open_2202', 0, 'Unapendelea penseli ya rangi gani?', 'assets/topic/beaded.jpg', NULL, 'open');
INSERT INTO `cardExtra` (cardId, type, serial, content) VALUES ('open_2202', 0, 1, 'Buluu');
INSERT INTO `cardExtra` (cardId, type, serial, content) VALUES ('open_2202', 0, 2, 'Kijani');
INSERT INTO `cardExtra` (cardId, type, serial, content) VALUES ('open_2202', 0, 3, 'Waridi');
INSERT INTO `cardExtra` (cardId, type, serial, content) VALUES ('open_2202', 0, 4, 'Njano');
INSERT INTO `card` (id, type, title, header, content, option) VALUES ('open_2207', 0, 'Ndege yupi atakaa juu ya jengo?', 'assets/topic/belgium-3675676_1920.jpg', NULL, 'open');
INSERT INTO `cardExtra` (cardId, type, serial, content) VALUES ('open_2207', 0, 1, 'Njiwa');
INSERT INTO `cardExtra` (cardId, type, serial, content) VALUES ('open_2207', 0, 2, 'Tai');
INSERT INTO `cardExtra` (cardId, type, serial, content) VALUES ('open_2207', 0, 3, 'Kunguru');
INSERT INTO `cardExtra` (cardId, type, serial, content) VALUES ('open_2207', 0, 4, 'Bundi');
INSERT INTO `card` (id, type, title, header, content, option) VALUES ('open_2212', 0, 'Ndege hawa huenda wakawa wanaangalia nini?', 'assets/topic/bird-animal-nature-strauss-60692.jpeg', NULL, 'open');
INSERT INTO `cardExtra` (cardId, type, serial, content) VALUES ('open_2212', 0, 1, 'Mama');
INSERT INTO `cardExtra` (cardId, type, serial, content) VALUES ('open_2212', 0, 2, 'Chakula');
INSERT INTO `cardExtra` (cardId, type, serial, content) VALUES ('open_2212', 0, 3, 'Simba');
INSERT INTO `cardExtra` (cardId, type, serial, content) VALUES ('open_2212', 0, 4, 'Maji');
INSERT INTO `card` (id, type, title, header, content, option) VALUES ('open_2217', 0, 'Unataka kuijaza kwa kutumia nini?', 'assets/topic/bislery_water.jpg', NULL, 'open');
INSERT INTO `cardExtra` (cardId, type, serial, content) VALUES ('open_2217', 0, 1, 'Maji');
INSERT INTO `cardExtra` (cardId, type, serial, content) VALUES ('open_2217', 0, 2, 'Juise');
INSERT INTO `cardExtra` (cardId, type, serial, content) VALUES ('open_2217', 0, 3, 'Maziwa ya mtindi');
INSERT INTO `cardExtra` (cardId, type, serial, content) VALUES ('open_2217', 0, 4, 'Mafuta');
INSERT INTO `card` (id, type, title, header, content, option) VALUES ('open_2222', 0, 'Unapata nini katibu na maua hayo?', 'assets/topic/bloom-blossom-flora-39517.jpg', NULL, 'open');
INSERT INTO `cardExtra` (cardId, type, serial, content) VALUES ('open_2222', 0, 1, 'Kipepeo');
INSERT INTO `cardExtra` (cardId, type, serial, content) VALUES ('open_2222', 0, 2, 'Nyuki');
INSERT INTO `cardExtra` (cardId, type, serial, content) VALUES ('open_2222', 0, 3, 'Ndege Muimbaji');
INSERT INTO `cardExtra` (cardId, type, serial, content) VALUES ('open_2222', 0, 4, 'Msichana');
INSERT INTO `card` (id, type, title, header, content, option) VALUES ('open_2227', 0, 'Ungependa kuchukua kitabu gani kutoka hapa?', 'assets/topic/book_shop1.jpg', NULL, 'open');
INSERT INTO `cardExtra` (cardId, type, serial, content) VALUES ('open_2227', 0, 1, 'Kitabu cha Historia');
INSERT INTO `cardExtra` (cardId, type, serial, content) VALUES ('open_2227', 0, 2, 'Kitabu cha hesabu');
INSERT INTO `cardExtra` (cardId, type, serial, content) VALUES ('open_2227', 0, 3, 'Kitabu cha Hadithi');
INSERT INTO `cardExtra` (cardId, type, serial, content) VALUES ('open_2227', 0, 4, 'Kitabu cha Michoro');
INSERT INTO `card` (id, type, title, header, content, option) VALUES ('open_2232', 0, 'Ni kitabu gani cha michoro unataka kukisoma?', 'assets/topic/book_store.jpg', NULL, 'open');
INSERT INTO `cardExtra` (cardId, type, serial, content) VALUES ('open_2232', 0, 1, 'Hadithi ya Maajabu');
INSERT INTO `cardExtra` (cardId, type, serial, content) VALUES ('open_2232', 0, 2, 'Usiku wa Arabia');
INSERT INTO `cardExtra` (cardId, type, serial, content) VALUES ('open_2232', 0, 3, 'Yeye mtu');
INSERT INTO `cardExtra` (cardId, type, serial, content) VALUES ('open_2232', 0, 4, 'Mtu buibui');
INSERT INTO `card` (id, type, title, header, content, option) VALUES ('open_2237', 0, 'Toa Maoni mazuri kuhusu hilo.', 'assets/topic/bridge_lake.jpg', NULL, 'open');
INSERT INTO `cardExtra` (cardId, type, serial, content) VALUES ('open_2237', 0, 1, 'Mzuri sana');
INSERT INTO `cardExtra` (cardId, type, serial, content) VALUES ('open_2237', 0, 2, 'Ya ajabu');
INSERT INTO `cardExtra` (cardId, type, serial, content) VALUES ('open_2237', 0, 3, 'Mbinguni duniani');
INSERT INTO `cardExtra` (cardId, type, serial, content) VALUES ('open_2237', 0, 4, 'Inapaswa kutembelea siku moja');
INSERT INTO `card` (id, type, title, header, content, option) VALUES ('open_2242', 0, 'Unadhani mtu anafanya nini?', 'assets/topic/buffalo.jpg', NULL, 'open');
INSERT INTO `cardExtra` (cardId, type, serial, content) VALUES ('open_2242', 0, 1, 'Mchapakazi');
INSERT INTO `cardExtra` (cardId, type, serial, content) VALUES ('open_2242', 0, 2, 'Hajali kuhusu mvua');
INSERT INTO `cardExtra` (cardId, type, serial, content) VALUES ('open_2242', 0, 3, 'Anampeleka Nyati nyumbani');
INSERT INTO `cardExtra` (cardId, type, serial, content) VALUES ('open_2242', 0, 4, 'Anacheza naye');
INSERT INTO `card` (id, type, title, header, content, option) VALUES ('open_2247', 0, 'Unapendelea ladha gani katika keki?', 'assets/topic/cake_shop1.jpg', NULL, 'open');
INSERT INTO `cardExtra` (cardId, type, serial, content) VALUES ('open_2247', 0, 1, 'Vanila');
INSERT INTO `cardExtra` (cardId, type, serial, content) VALUES ('open_2247', 0, 2, 'Chokoleti');
INSERT INTO `cardExtra` (cardId, type, serial, content) VALUES ('open_2247', 0, 3, 'Keki ya kawaida');
INSERT INTO `cardExtra` (cardId, type, serial, content) VALUES ('open_2247', 0, 4, 'Pista');
INSERT INTO `card` (id, type, title, header, content, option) VALUES ('open_2252', 0, 'Wanaonekanaje?', 'assets/topic/candy.jpeg', NULL, 'open');
INSERT INTO `cardExtra` (cardId, type, serial, content) VALUES ('open_2252', 0, 1, 'Mtoto');
INSERT INTO `cardExtra` (cardId, type, serial, content) VALUES ('open_2252', 0, 2, 'Mbwa');
INSERT INTO `cardExtra` (cardId, type, serial, content) VALUES ('open_2252', 0, 3, 'Maharagwe');
INSERT INTO `cardExtra` (cardId, type, serial, content) VALUES ('open_2252', 0, 4, 'Kiganja cha Mkono');
INSERT INTO `card` (id, type, title, header, content, option) VALUES ('open_2257', 0, 'Kama wewe ni Paka ungemfanya nini Mbwa?', 'assets/topic/cat_dog.jpg', NULL, 'open');
INSERT INTO `cardExtra` (cardId, type, serial, content) VALUES ('open_2257', 0, 1, 'Ningecheza');
INSERT INTO `cardExtra` (cardId, type, serial, content) VALUES ('open_2257', 0, 2, 'Ningepigana');
INSERT INTO `cardExtra` (cardId, type, serial, content) VALUES ('open_2257', 0, 3, 'Ningekamata Mkia wake');
INSERT INTO `cardExtra` (cardId, type, serial, content) VALUES ('open_2257', 0, 4, 'Ningekaa juu ya uso wake');
INSERT INTO `card` (id, type, title, header, content, option) VALUES ('open_2262', 0, 'Mpe paka jina zuri.', 'assets/topic/cat_group.jpg', NULL, 'open');
INSERT INTO `cardExtra` (cardId, type, serial, content) VALUES ('open_2262', 0, 1, 'Sonu');
INSERT INTO `cardExtra` (cardId, type, serial, content) VALUES ('open_2262', 0, 2, 'Twiti');
INSERT INTO `cardExtra` (cardId, type, serial, content) VALUES ('open_2262', 0, 3, 'Tamu');
INSERT INTO `cardExtra` (cardId, type, serial, content) VALUES ('open_2262', 0, 4, 'Konokono');
INSERT INTO `card` (id, type, title, header, content, option) VALUES ('open_2267', 0, 'Paka alikunywa nini?', 'assets/topic/cat_image.jpg.jpg', NULL, 'open');
INSERT INTO `cardExtra` (cardId, type, serial, content) VALUES ('open_2267', 0, 1, 'Juisi ya Embe');
INSERT INTO `cardExtra` (cardId, type, serial, content) VALUES ('open_2267', 0, 2, 'Juisi ya Tofaa');
INSERT INTO `cardExtra` (cardId, type, serial, content) VALUES ('open_2267', 0, 3, 'Maziwa');
INSERT INTO `cardExtra` (cardId, type, serial, content) VALUES ('open_2267', 0, 4, 'Supu ya nyama ya kondoo');
INSERT INTO `card` (id, type, title, header, content, option) VALUES ('open_2272', 0, 'Kwanini Paka anakimbia?', 'assets/topic/cat_jump.jpg', NULL, 'open');
INSERT INTO `cardExtra` (cardId, type, serial, content) VALUES ('open_2272', 0, 1, 'Ili kumkamata panya');
INSERT INTO `cardExtra` (cardId, type, serial, content) VALUES ('open_2272', 0, 2, 'Mbwa yupo nyuma yake');
INSERT INTO `cardExtra` (cardId, type, serial, content) VALUES ('open_2272', 0, 3, 'Mmiliki wake alimuita');
INSERT INTO `cardExtra` (cardId, type, serial, content) VALUES ('open_2272', 0, 4, 'kupata aiskrimu');
INSERT INTO `card` (id, type, title, header, content, option) VALUES ('open_2277', 0, 'Je, paka anaonekaje?', 'assets/topic/cat_licking_leg.jpg', NULL, 'open');
INSERT INTO `cardExtra` (cardId, type, serial, content) VALUES ('open_2277', 0, 1, 'Mrembo');
INSERT INTO `cardExtra` (cardId, type, serial, content) VALUES ('open_2277', 0, 2, 'Mzuri sana');
INSERT INTO `cardExtra` (cardId, type, serial, content) VALUES ('open_2277', 0, 3, 'Mzuri');
INSERT INTO `cardExtra` (cardId, type, serial, content) VALUES ('open_2277', 0, 4, 'Ana chekesha');
INSERT INTO `card` (id, type, title, header, content, option) VALUES ('open_2282', 0, 'Gurudumu linaonekanaje?', 'assets/topic/cat_on_cart.jpg', NULL, 'open');
INSERT INTO `cardExtra` (cardId, type, serial, content) VALUES ('open_2282', 0, 1, 'Pipi ya duara');
INSERT INTO `cardExtra` (cardId, type, serial, content) VALUES ('open_2282', 0, 2, 'Jua');
INSERT INTO `cardExtra` (cardId, type, serial, content) VALUES ('open_2282', 0, 3, 'Mwezi');
INSERT INTO `cardExtra` (cardId, type, serial, content) VALUES ('open_2282', 0, 4, 'Gurudumu la gari');
INSERT INTO `card` (id, type, title, header, content, option) VALUES ('open_2287', 0, 'Paka anaonekanaje?', 'assets/topic/cat_on_tree.jpg', NULL, 'open');
INSERT INTO `cardExtra` (cardId, type, serial, content) VALUES ('open_2287', 0, 1, 'Mwenye hofu');
INSERT INTO `cardExtra` (cardId, type, serial, content) VALUES ('open_2287', 0, 2, 'Mwenye furaha');
INSERT INTO `cardExtra` (cardId, type, serial, content) VALUES ('open_2287', 0, 3, 'Mwenye kuchekesha');
INSERT INTO `cardExtra` (cardId, type, serial, content) VALUES ('open_2287', 0, 4, 'Mtendaji');
INSERT INTO `card` (id, type, title, header, content, option) VALUES ('open_2292', 0, 'Paka huombea nini?', 'assets/topic/cat_praying.jpg', NULL, 'open');
INSERT INTO `cardExtra` (cardId, type, serial, content) VALUES ('open_2292', 0, 1, 'Familia');
INSERT INTO `cardExtra` (cardId, type, serial, content) VALUES ('open_2292', 0, 2, 'Chakula kitamu');
INSERT INTO `cardExtra` (cardId, type, serial, content) VALUES ('open_2292', 0, 3, 'Keki');
INSERT INTO `cardExtra` (cardId, type, serial, content) VALUES ('open_2292', 0, 4, 'Kuomba msamaha');
INSERT INTO `card` (id, type, title, header, content, option) VALUES ('open_2297', 0, 'Kwanini anakimbia?', 'assets/topic/cat_running_snow.jpg', NULL, 'open');
INSERT INTO `cardExtra` (cardId, type, serial, content) VALUES ('open_2297', 0, 1, 'Anafurahia');
INSERT INTO `cardExtra` (cardId, type, serial, content) VALUES ('open_2297', 0, 2, 'Anamkimbiza panya');
INSERT INTO `cardExtra` (cardId, type, serial, content) VALUES ('open_2297', 0, 3, 'Anakimbizwa na Mbwa');
INSERT INTO `cardExtra` (cardId, type, serial, content) VALUES ('open_2297', 0, 4, 'Anaburudika');
INSERT INTO `card` (id, type, title, header, content, option) VALUES ('open_2302', 0, 'Utamfunika Paka kwa kutumia nini?', 'assets/topic/cat_snow.jpg', NULL, 'open');
INSERT INTO `cardExtra` (cardId, type, serial, content) VALUES ('open_2302', 0, 1, 'Sweta');
INSERT INTO `cardExtra` (cardId, type, serial, content) VALUES ('open_2302', 0, 2, 'blanketi');
INSERT INTO `cardExtra` (cardId, type, serial, content) VALUES ('open_2302', 0, 3, 'Nguo nzito');
INSERT INTO `cardExtra` (cardId, type, serial, content) VALUES ('open_2302', 0, 4, 'Koti');
INSERT INTO `card` (id, type, title, header, content, option) VALUES ('open_2307', 0, 'Kwanini paka anakonyeza?', 'assets/topic/cat_wink_eye.jpg', NULL, 'open');
INSERT INTO `cardExtra` (cardId, type, serial, content) VALUES ('open_2307', 0, 1, 'Alifanya kitu cha kijinga');
INSERT INTO `cardExtra` (cardId, type, serial, content) VALUES ('open_2307', 0, 2, 'Amepata maziwa');
INSERT INTO `cardExtra` (cardId, type, serial, content) VALUES ('open_2307', 0, 3, 'Amepata nyama');
INSERT INTO `cardExtra` (cardId, type, serial, content) VALUES ('open_2307', 0, 4, 'Ana usingizi sana');
INSERT INTO `card` (id, type, title, header, content, option) VALUES ('open_2312', 0, 'Ikiwa ungekua Paka, ungeufanyia nini Mpira wa miguu?', 'assets/topic/cat_with_football.jpg', NULL, 'open');
INSERT INTO `cardExtra` (cardId, type, serial, content) VALUES ('open_2312', 0, 1, 'Ningeuangalia tu');
INSERT INTO `cardExtra` (cardId, type, serial, content) VALUES ('open_2312', 0, 2, 'Ningejaribu kula');
INSERT INTO `cardExtra` (cardId, type, serial, content) VALUES ('open_2312', 0, 3, 'Ningejaribu kukaa juu yake');
INSERT INTO `cardExtra` (cardId, type, serial, content) VALUES ('open_2312', 0, 4, 'Ningecheza mpira wa miguu');
INSERT INTO `card` (id, type, title, header, content, option) VALUES ('open_2317', 0, 'Ikiwa ungekua mama, ungemlisha nini?', 'assets/topic/cat_with_mother.jpg', NULL, 'open');
INSERT INTO `cardExtra` (cardId, type, serial, content) VALUES ('open_2317', 0, 1, 'Maziwa');
INSERT INTO `cardExtra` (cardId, type, serial, content) VALUES ('open_2317', 0, 2, 'Panya');
INSERT INTO `cardExtra` (cardId, type, serial, content) VALUES ('open_2317', 0, 3, 'Pipi');
INSERT INTO `cardExtra` (cardId, type, serial, content) VALUES ('open_2317', 0, 4, 'Kuki');
INSERT INTO `card` (id, type, title, header, content, option) VALUES ('open_2322', 0, 'Unapenda kushona nini kwa Uzi?', 'assets/topic/cat_wool.jpg', NULL, 'open');
INSERT INTO `cardExtra` (cardId, type, serial, content) VALUES ('open_2322', 0, 1, 'Nguo');
INSERT INTO `cardExtra` (cardId, type, serial, content) VALUES ('open_2322', 0, 2, 'Skafu');
INSERT INTO `cardExtra` (cardId, type, serial, content) VALUES ('open_2322', 0, 3, 'Mtandio');
INSERT INTO `cardExtra` (cardId, type, serial, content) VALUES ('open_2322', 0, 4, 'Skafu');
INSERT INTO `card` (id, type, title, header, content, option) VALUES ('open_2327', 0, 'Ni mnyama gani ana masikio makubwa?', 'assets/topic/chihuahua.jpg', NULL, 'open');
INSERT INTO `cardExtra` (cardId, type, serial, content) VALUES ('open_2327', 0, 1, 'Tembo');
INSERT INTO `cardExtra` (cardId, type, serial, content) VALUES ('open_2327', 0, 2, 'Twiga');
INSERT INTO `cardExtra` (cardId, type, serial, content) VALUES ('open_2327', 0, 3, 'Ng''ombe');
INSERT INTO `cardExtra` (cardId, type, serial, content) VALUES ('open_2327', 0, 4, 'Kangaroo');
INSERT INTO `card` (id, type, title, header, content, option) VALUES ('open_2332', 0, 'Ni kitu gani chekundu katika pua yake?', 'assets/topic/children-1739167_960_720.jpg', NULL, 'open');
INSERT INTO `cardExtra` (cardId, type, serial, content) VALUES ('open_2332', 0, 1, 'Puto');
INSERT INTO `cardExtra` (cardId, type, serial, content) VALUES ('open_2332', 0, 2, 'Nyanya');
INSERT INTO `cardExtra` (cardId, type, serial, content) VALUES ('open_2332', 0, 3, 'Rangi nyekundu');
INSERT INTO `cardExtra` (cardId, type, serial, content) VALUES ('open_2332', 0, 4, 'Tofaa');
INSERT INTO `card` (id, type, title, header, content, option) VALUES ('open_2337', 0, 'Ulicheza hivi na nani kwenye maji?', 'assets/topic/children-1822704_960_720.jpg', NULL, 'open');
INSERT INTO `cardExtra` (cardId, type, serial, content) VALUES ('open_2337', 0, 1, 'Baba');
INSERT INTO `cardExtra` (cardId, type, serial, content) VALUES ('open_2337', 0, 2, 'Mama');
INSERT INTO `cardExtra` (cardId, type, serial, content) VALUES ('open_2337', 0, 3, 'Marafiki');
INSERT INTO `cardExtra` (cardId, type, serial, content) VALUES ('open_2337', 0, 4, 'Dada');
INSERT INTO `card` (id, type, title, header, content, option) VALUES ('open_2342', 0, 'Kwanini wanakimbia?', 'assets/topic/children-2590774_960_720.jpg', NULL, 'open');
INSERT INTO `cardExtra` (cardId, type, serial, content) VALUES ('open_2342', 0, 1, 'Wanakimbilia ziwani');
INSERT INTO `cardExtra` (cardId, type, serial, content) VALUES ('open_2342', 0, 2, 'Wanashindana');
INSERT INTO `cardExtra` (cardId, type, serial, content) VALUES ('open_2342', 0, 3, 'Wanakimbilia kumona mtu anayechekesha');
INSERT INTO `cardExtra` (cardId, type, serial, content) VALUES ('open_2342', 0, 4, 'Wanakimbilia kumuona Paa');
INSERT INTO `card` (id, type, title, header, content, option) VALUES ('open_2347', 0, 'Ni matunda gani unayopenda?', 'assets/topic/children-fruits.jpg', NULL, 'open');
INSERT INTO `cardExtra` (cardId, type, serial, content) VALUES ('open_2347', 0, 1, 'Tufaa');
INSERT INTO `cardExtra` (cardId, type, serial, content) VALUES ('open_2347', 0, 2, 'Ndizi');
INSERT INTO `cardExtra` (cardId, type, serial, content) VALUES ('open_2347', 0, 3, 'Mango');
INSERT INTO `cardExtra` (cardId, type, serial, content) VALUES ('open_2347', 0, 4, 'Chungwa');
INSERT INTO `card` (id, type, title, header, content, option) VALUES ('open_2352', 0, 'Ungefanyaje ikiwa ungekua ni miongoni?', 'assets/topic/children-playing-2213748_960_720.jpg', NULL, 'open');
INSERT INTO `cardExtra` (cardId, type, serial, content) VALUES ('open_2352', 0, 1, 'Ningecheza mchezo');
INSERT INTO `cardExtra` (cardId, type, serial, content) VALUES ('open_2352', 0, 2, 'Ningecheza muziki');
INSERT INTO `cardExtra` (cardId, type, serial, content) VALUES ('open_2352', 0, 3, 'Ningeimba');
INSERT INTO `cardExtra` (cardId, type, serial, content) VALUES ('open_2352', 0, 4, 'Ningeteleza kwenye maji.');
INSERT INTO `card` (id, type, title, header, content, option) VALUES ('open_2357', 0, 'Utarukaje kwenye Maji?', 'assets/topic/children_inwater.jpg', NULL, 'open');
INSERT INTO `cardExtra` (cardId, type, serial, content) VALUES ('open_2357', 0, 1, 'Mruko wa moja kwa moja');
INSERT INTO `cardExtra` (cardId, type, serial, content) VALUES ('open_2357', 0, 2, 'Ningepiga mbizi kwenye maji');
INSERT INTO `cardExtra` (cardId, type, serial, content) VALUES ('open_2357', 0, 3, 'Geuza kuelekea mbele');
INSERT INTO `cardExtra` (cardId, type, serial, content) VALUES ('open_2357', 0, 4, 'Geuza kuelekea nyuma');
INSERT INTO `card` (id, type, title, header, content, option) VALUES ('open_2362', 0, 'Unataka kusema nini kuhusu huyu Nyati?', 'assets/topic/chile.jpg', NULL, 'open');
INSERT INTO `cardExtra` (cardId, type, serial, content) VALUES ('open_2362', 0, 1, 'Mchapakazi');
INSERT INTO `cardExtra` (cardId, type, serial, content) VALUES ('open_2362', 0, 2, 'Ana nguvu sana');
INSERT INTO `cardExtra` (cardId, type, serial, content) VALUES ('open_2362', 0, 3, 'Naonekana mkubwa');
INSERT INTO `cardExtra` (cardId, type, serial, content) VALUES ('open_2362', 0, 4, 'Mzuri sana');
INSERT INTO `card` (id, type, title, header, content, option) VALUES ('open_2367', 0, 'Hili ni jengo gani?', 'assets/topic/china-town.jpg', NULL, 'open');
INSERT INTO `cardExtra` (cardId, type, serial, content) VALUES ('open_2367', 0, 1, 'Hekalu');
INSERT INTO `cardExtra` (cardId, type, serial, content) VALUES ('open_2367', 0, 2, 'Nyumba ya jadi');
INSERT INTO `cardExtra` (cardId, type, serial, content) VALUES ('open_2367', 0, 3, 'Mgahawa');
INSERT INTO `cardExtra` (cardId, type, serial, content) VALUES ('open_2367', 0, 4, 'Jengo la zamani');
INSERT INTO `card` (id, type, title, header, content, option) VALUES ('open_2372', 0, 'Kuna uzuri gani ndani yake?', 'assets/topic/city-2718016_960_720.jpg', NULL, 'open');
INSERT INTO `cardExtra` (cardId, type, serial, content) VALUES ('open_2372', 0, 1, 'Minara Pacha');
INSERT INTO `cardExtra` (cardId, type, serial, content) VALUES ('open_2372', 0, 2, 'Mwanga sehemu zote');
INSERT INTO `cardExtra` (cardId, type, serial, content) VALUES ('open_2372', 0, 3, 'Nyota mbinguni');
INSERT INTO `cardExtra` (cardId, type, serial, content) VALUES ('open_2372', 0, 4, 'mawingu yenye rangi');
INSERT INTO `card` (id, type, title, header, content, option) VALUES ('open_2377', 0, 'Utafanya nini na nguo hii?', 'assets/topic/clothes.jpeg', NULL, 'open');
INSERT INTO `cardExtra` (cardId, type, serial, content) VALUES ('open_2377', 0, 1, 'Mapazia');
INSERT INTO `cardExtra` (cardId, type, serial, content) VALUES ('open_2377', 0, 2, 'Gauni la sherehe');
INSERT INTO `cardExtra` (cardId, type, serial, content) VALUES ('open_2377', 0, 3, 'Gauni la kawaida');
INSERT INTO `cardExtra` (cardId, type, serial, content) VALUES ('open_2377', 0, 4, 'Vazi la jadi');
INSERT INTO `card` (id, type, title, header, content, option) VALUES ('open_2382', 0, 'Inaoenekana kama nini?', 'assets/topic/color_720.jpg', NULL, 'open');
INSERT INTO `cardExtra` (cardId, type, serial, content) VALUES ('open_2382', 0, 1, 'Paka rangi kila mahali');
INSERT INTO `cardExtra` (cardId, type, serial, content) VALUES ('open_2382', 0, 2, 'Msitu');
INSERT INTO `cardExtra` (cardId, type, serial, content) VALUES ('open_2382', 0, 3, 'Aiskirimu yenye rangi mbalimbali');
INSERT INTO `cardExtra` (cardId, type, serial, content) VALUES ('open_2382', 0, 4, 'Ardhi ya ndoto');
INSERT INTO `card` (id, type, title, header, content, option) VALUES ('open_2387', 0, 'Unapenda kuweka nini kwenye huu ukuta?', 'assets/topic/color_pattern.jpg', NULL, 'open');
INSERT INTO `cardExtra` (cardId, type, serial, content) VALUES ('open_2387', 0, 1, 'Televisheni');
INSERT INTO `cardExtra` (cardId, type, serial, content) VALUES ('open_2387', 0, 2, 'Gitaa');
INSERT INTO `cardExtra` (cardId, type, serial, content) VALUES ('open_2387', 0, 3, 'Uchoraji');
INSERT INTO `cardExtra` (cardId, type, serial, content) VALUES ('open_2387', 0, 4, 'Picha ya familia');
INSERT INTO `card` (id, type, title, header, content, option) VALUES ('open_2392', 0, 'Utachukua rangi kupaka rangi nyumba yako?', 'assets/topic/colorful.jpg', NULL, 'open');
INSERT INTO `cardExtra` (cardId, type, serial, content) VALUES ('open_2392', 0, 1, 'Rangi ya machungwa');
INSERT INTO `cardExtra` (cardId, type, serial, content) VALUES ('open_2392', 0, 2, 'Rangi ya kahawia');
INSERT INTO `cardExtra` (cardId, type, serial, content) VALUES ('open_2392', 0, 3, 'Kijani kijani');
INSERT INTO `cardExtra` (cardId, type, serial, content) VALUES ('open_2392', 0, 4, 'Nyeupe');
INSERT INTO `card` (id, type, title, header, content, option) VALUES ('open_2397', 0, 'Kazi yake inahusiana na taaluma gani?', 'assets/topic/construction-656922_960_720.jpg', NULL, 'open');
INSERT INTO `cardExtra` (cardId, type, serial, content) VALUES ('open_2397', 0, 1, 'Mhandisi');
INSERT INTO `cardExtra` (cardId, type, serial, content) VALUES ('open_2397', 0, 2, 'Mhandisi wa umeme');
INSERT INTO `cardExtra` (cardId, type, serial, content) VALUES ('open_2397', 0, 3, 'Mhandisi wa mitambo');
INSERT INTO `cardExtra` (cardId, type, serial, content) VALUES ('open_2397', 0, 4, 'Mhandisi wa baharini');
INSERT INTO `card` (id, type, title, header, content, option) VALUES ('open_2402', 0, 'Ni kazi gani uliyofanya kama hii?', 'assets/topic/construction.jpg', NULL, 'open');
INSERT INTO `cardExtra` (cardId, type, serial, content) VALUES ('open_2402', 0, 1, 'Kubeba matofali');
INSERT INTO `cardExtra` (cardId, type, serial, content) VALUES ('open_2402', 0, 2, 'kusaidia katika Jengo');
INSERT INTO `cardExtra` (cardId, type, serial, content) VALUES ('open_2402', 0, 3, 'Kutumia saruji');
INSERT INTO `cardExtra` (cardId, type, serial, content) VALUES ('open_2402', 0, 4, 'Nimesaidia kupaka rangi nyumba');
INSERT INTO `card` (id, type, title, header, content, option) VALUES ('open_2407', 0, 'Anafanya nini?', 'assets/topic/crocodile_animals.jpeg', NULL, 'open');
INSERT INTO `cardExtra` (cardId, type, serial, content) VALUES ('open_2407', 0, 1, 'Anapiga Miayo');
INSERT INTO `cardExtra` (cardId, type, serial, content) VALUES ('open_2407', 0, 2, 'Anajiangalia mwenyewe katika maji');
INSERT INTO `cardExtra` (cardId, type, serial, content) VALUES ('open_2407', 0, 3, 'Anasubiria Windo');
INSERT INTO `cardExtra` (cardId, type, serial, content) VALUES ('open_2407', 0, 4, 'Anajitegesha kwaajili ya kupigwa picha');
INSERT INTO `card` (id, type, title, header, content, option) VALUES ('open_2412', 0, 'Unataka kupaka rangi kitu gani kwa kutumia rangi hizi za cryon', 'assets/topic/cryon.jpeg', NULL, 'open');
INSERT INTO `cardExtra` (cardId, type, serial, content) VALUES ('open_2412', 0, 1, 'Nyumba');
INSERT INTO `cardExtra` (cardId, type, serial, content) VALUES ('open_2412', 0, 2, 'Anga');
INSERT INTO `cardExtra` (cardId, type, serial, content) VALUES ('open_2412', 0, 3, 'Tembo');
INSERT INTO `cardExtra` (cardId, type, serial, content) VALUES ('open_2412', 0, 4, 'Upinde wa mvua');
INSERT INTO `card` (id, type, title, header, content, option) VALUES ('open_2417', 0, 'Utamlindaje Mbwa mbuzi kutoka kwenye hatari?', 'assets/topic/cute-dogs.jpeg', NULL, 'open');
INSERT INTO `cardExtra` (cardId, type, serial, content) VALUES ('open_2417', 0, 1, 'Nitakaa nae');
INSERT INTO `cardExtra` (cardId, type, serial, content) VALUES ('open_2417', 0, 2, 'Nitamfunza kuwa na mtiifu');
INSERT INTO `cardExtra` (cardId, type, serial, content) VALUES ('open_2417', 0, 3, 'Nitamkataza asiwasogelee watu wasiojulikana');
INSERT INTO `cardExtra` (cardId, type, serial, content) VALUES ('open_2417', 0, 4, 'Ntamfunga cheni na kutembea nae');
INSERT INTO `card` (id, type, title, header, content, option) VALUES ('open_2422', 0, 'Mtu huyu anakwenda wapi?', 'assets/topic/cycle_road.jpg', NULL, 'open');
INSERT INTO `cardExtra` (cardId, type, serial, content) VALUES ('open_2422', 0, 1, 'Kupata maji');
INSERT INTO `cardExtra` (cardId, type, serial, content) VALUES ('open_2422', 0, 2, 'Kufanya biashara');
INSERT INTO `cardExtra` (cardId, type, serial, content) VALUES ('open_2422', 0, 3, 'Uhamisho wa chakula');
INSERT INTO `cardExtra` (cardId, type, serial, content) VALUES ('open_2422', 0, 4, 'Ili kutupa taka');
INSERT INTO `card` (id, type, title, header, content, option) VALUES ('open_2427', 0, 'Unataka kupanda nini ua hilo?', 'assets/topic/daisies-field-flora-688308.jpg', NULL, 'open');
INSERT INTO `cardExtra` (cardId, type, serial, content) VALUES ('open_2427', 0, 1, 'Mbegu zake');
INSERT INTO `cardExtra` (cardId, type, serial, content) VALUES ('open_2427', 0, 2, 'Maji');
INSERT INTO `cardExtra` (cardId, type, serial, content) VALUES ('open_2427', 0, 3, 'Ardhi nzuri');
INSERT INTO `cardExtra` (cardId, type, serial, content) VALUES ('open_2427', 0, 4, 'Jua sawia');
INSERT INTO `card` (id, type, title, header, content, option) VALUES ('open_2432', 0, 'Huyu anasubiria nini?', 'assets/topic/dalmatians-dog.jpg', NULL, 'open');
INSERT INTO `cardExtra` (cardId, type, serial, content) VALUES ('open_2432', 0, 1, 'Anamsubiria mmiliki wake');
INSERT INTO `cardExtra` (cardId, type, serial, content) VALUES ('open_2432', 0, 2, 'Anajitegesha kwaajili ya kupigwa picha');
INSERT INTO `cardExtra` (cardId, type, serial, content) VALUES ('open_2432', 0, 3, 'Anamuangalia mtu asiyemjua');
INSERT INTO `cardExtra` (cardId, type, serial, content) VALUES ('open_2432', 0, 4, 'Anafanya mazoezi.');
INSERT INTO `card` (id, type, title, header, content, option) VALUES ('open_2437', 0, 'Mara yako ya mwisho kucheza ni lini?', 'assets/topic/dance.jpg', NULL, 'open');
INSERT INTO `cardExtra` (cardId, type, serial, content) VALUES ('open_2437', 0, 1, 'Katika ndoa');
INSERT INTO `cardExtra` (cardId, type, serial, content) VALUES ('open_2437', 0, 2, 'Na marafiki');
INSERT INTO `cardExtra` (cardId, type, serial, content) VALUES ('open_2437', 0, 3, 'Tamasha la kijiji');
INSERT INTO `cardExtra` (cardId, type, serial, content) VALUES ('open_2437', 0, 4, 'Nina cheza ninapopata Muda wa kucheza');
INSERT INTO `card` (id, type, title, header, content, option) VALUES ('open_2442', 0, 'Unaona nini?', 'assets/topic/dawn.jpg', NULL, 'open');
INSERT INTO `cardExtra` (cardId, type, serial, content) VALUES ('open_2442', 0, 1, 'Jua kati ya anga na mawingu');
INSERT INTO `cardExtra` (cardId, type, serial, content) VALUES ('open_2442', 0, 2, 'Mawingu kama maporomoko ya maji');
INSERT INTO `cardExtra` (cardId, type, serial, content) VALUES ('open_2442', 0, 3, 'Milima juu ya mawingu');
INSERT INTO `cardExtra` (cardId, type, serial, content) VALUES ('open_2442', 0, 4, 'Kitu kama ulimwengu mpya');
INSERT INTO `card` (id, type, title, header, content, option) VALUES ('open_2447', 0, 'Utampa jina gani msichana huyu mrembo?', 'assets/topic/day_care_food.jpg', NULL, 'open');
INSERT INTO `cardExtra` (cardId, type, serial, content) VALUES ('open_2447', 0, 1, 'Kipepeo');
INSERT INTO `cardExtra` (cardId, type, serial, content) VALUES ('open_2447', 0, 2, 'Umande wa asubuhi');
INSERT INTO `cardExtra` (cardId, type, serial, content) VALUES ('open_2447', 0, 3, 'Mtoto wa chui');
INSERT INTO `cardExtra` (cardId, type, serial, content) VALUES ('open_2447', 0, 4, 'Jua');
INSERT INTO `card` (id, type, title, header, content, option) VALUES ('open_2452', 0, 'Unapenda kuendesha nini katika barabara hii?', 'assets/topic/dirt_road.jpg', NULL, 'open');
INSERT INTO `cardExtra` (cardId, type, serial, content) VALUES ('open_2452', 0, 1, 'Farasi');
INSERT INTO `cardExtra` (cardId, type, serial, content) VALUES ('open_2452', 0, 2, 'Pikipiki');
INSERT INTO `cardExtra` (cardId, type, serial, content) VALUES ('open_2452', 0, 3, 'Gari');
INSERT INTO `cardExtra` (cardId, type, serial, content) VALUES ('open_2452', 0, 4, 'Sungura');
INSERT INTO `card` (id, type, title, header, content, option) VALUES ('open_2457', 0, 'Watu huenda muda gani kwa Mganga wa Afya?', 'assets/topic/doctor_at_work.JPG', NULL, 'open');
INSERT INTO `cardExtra` (cardId, type, serial, content) VALUES ('open_2457', 0, 1, 'Wakiumwa');
INSERT INTO `cardExtra` (cardId, type, serial, content) VALUES ('open_2457', 0, 2, 'wakiwa waja wazito');
INSERT INTO `cardExtra` (cardId, type, serial, content) VALUES ('open_2457', 0, 3, 'wakina na dharura');
INSERT INTO `cardExtra` (cardId, type, serial, content) VALUES ('open_2457', 0, 4, 'Kushauriwa');
INSERT INTO `card` (id, type, title, header, content, option) VALUES ('open_2462', 0, 'Unaona nini kwenye picha?', 'assets/topic/dog-at-beach.jpeg', NULL, 'open');
INSERT INTO `cardExtra` (cardId, type, serial, content) VALUES ('open_2462', 0, 1, 'Mbwa bila mmiliki');
INSERT INTO `cardExtra` (cardId, type, serial, content) VALUES ('open_2462', 0, 2, 'Mawimbi ya Buluu');
INSERT INTO `cardExtra` (cardId, type, serial, content) VALUES ('open_2462', 0, 3, 'Mchanga kila mahali');
INSERT INTO `cardExtra` (cardId, type, serial, content) VALUES ('open_2462', 0, 4, 'Samaki ndani ya Maji');
INSERT INTO `card` (id, type, title, header, content, option) VALUES ('open_2467', 0, 'Kitu cha kwanza kutambua kwenye hii picha.', 'assets/topic/dog-pet-dangerous.jpg', NULL, 'open');
INSERT INTO `cardExtra` (cardId, type, serial, content) VALUES ('open_2467', 0, 1, 'Meno makali');
INSERT INTO `cardExtra` (cardId, type, serial, content) VALUES ('open_2467', 0, 2, 'Nywele nyeusi zinazonga');
INSERT INTO `cardExtra` (cardId, type, serial, content) VALUES ('open_2467', 0, 3, 'Mbwa ana hasira');
INSERT INTO `cardExtra` (cardId, type, serial, content) VALUES ('open_2467', 0, 4, 'Tayari kuuma');
INSERT INTO `card` (id, type, title, header, content, option) VALUES ('open_2472', 0, 'Nini kinavutia katika picha hii?', 'assets/topic/dog-playing-with-cat.jpg', NULL, 'open');
INSERT INTO `cardExtra` (cardId, type, serial, content) VALUES ('open_2472', 0, 1, 'Macho ya paka');
INSERT INTO `cardExtra` (cardId, type, serial, content) VALUES ('open_2472', 0, 2, 'Nywele za dhahabu kahawia');
INSERT INTO `cardExtra` (cardId, type, serial, content) VALUES ('open_2472', 0, 3, 'Mbwa anamuangalia Paka');
INSERT INTO `cardExtra` (cardId, type, serial, content) VALUES ('open_2472', 0, 4, 'Picha nzima');
INSERT INTO `card` (id, type, title, header, content, option) VALUES ('open_2477', 0, 'Nini kingine unaweza kufikiria badala ya mpira?', 'assets/topic/dog-playing.jpeg', NULL, 'open');
INSERT INTO `cardExtra` (cardId, type, serial, content) VALUES ('open_2477', 0, 1, 'Mfupa wa mpira');
INSERT INTO `cardExtra` (cardId, type, serial, content) VALUES ('open_2477', 0, 2, 'Fimbo');
INSERT INTO `cardExtra` (cardId, type, serial, content) VALUES ('open_2477', 0, 3, 'Mpira wa tenesi');
INSERT INTO `cardExtra` (cardId, type, serial, content) VALUES ('open_2477', 0, 4, 'Mpira wa kupiga kwa gongo');
INSERT INTO `card` (id, type, title, header, content, option) VALUES ('open_2482', 0, 'Utamrembaje Mbwa?', 'assets/topic/dog-sleeping.jpeg', NULL, 'open');
INSERT INTO `cardExtra` (cardId, type, serial, content) VALUES ('open_2482', 0, 1, 'Vaa Miwani?');
INSERT INTO `cardExtra` (cardId, type, serial, content) VALUES ('open_2482', 0, 2, 'Vaa kofia');
INSERT INTO `cardExtra` (cardId, type, serial, content) VALUES ('open_2482', 0, 3, 'Paka rangi uso wa Mbwa');
INSERT INTO `cardExtra` (cardId, type, serial, content) VALUES ('open_2482', 0, 4, 'Funika macho yake kwa kutumia nguo.');
INSERT INTO `card` (id, type, title, header, content, option) VALUES ('open_2487', 0, 'Kwanini mbwa huyu anaruka', 'assets/topic/dog-training-fun.jpeg', NULL, 'open');
INSERT INTO `cardExtra` (cardId, type, serial, content) VALUES ('open_2487', 0, 1, 'Anacheza mchezo');
INSERT INTO `cardExtra` (cardId, type, serial, content) VALUES ('open_2487', 0, 2, 'Anachezo muziki');
INSERT INTO `cardExtra` (cardId, type, serial, content) VALUES ('open_2487', 0, 3, 'Anangalia kitu');
INSERT INTO `cardExtra` (cardId, type, serial, content) VALUES ('open_2487', 0, 4, 'Anajitegesha kwaajili ya kupigwa picha');
INSERT INTO `card` (id, type, title, header, content, option) VALUES ('open_2492', 0, 'Mbwa anamfanyia nini mwanae?', 'assets/topic/dog.jpg', NULL, 'open');
INSERT INTO `cardExtra` (cardId, type, serial, content) VALUES ('open_2492', 0, 1, 'Anambusu');
INSERT INTO `cardExtra` (cardId, type, serial, content) VALUES ('open_2492', 0, 2, 'Anamnusa');
INSERT INTO `cardExtra` (cardId, type, serial, content) VALUES ('open_2492', 0, 3, 'Anamtizama');
INSERT INTO `cardExtra` (cardId, type, serial, content) VALUES ('open_2492', 0, 4, 'Anaenda kumkumbaia');
INSERT INTO `card` (id, type, title, header, content, option) VALUES ('open_2497', 0, 'Mbwa anafanya nini?', 'assets/topic/dog01.jpeg', NULL, 'open');
INSERT INTO `cardExtra` (cardId, type, serial, content) VALUES ('open_2497', 0, 1, 'Anacheza na mmiliki wake?');
INSERT INTO `cardExtra` (cardId, type, serial, content) VALUES ('open_2497', 0, 2, 'Kuepuka kupigwa');
INSERT INTO `cardExtra` (cardId, type, serial, content) VALUES ('open_2497', 0, 3, 'Analeta fimbo kwa mmiliki wake');
INSERT INTO `cardExtra` (cardId, type, serial, content) VALUES ('open_2497', 0, 4, 'Mbwa anafikiri kumuadhibu Mwenye Nyumba');
INSERT INTO `card` (id, type, title, header, content, option) VALUES ('open_2502', 0, 'Unapenda kuwaona mbwa hawa wapo kwenye rangi gani?', 'assets/topic/dogs-play-bite.jpg', NULL, 'open');
INSERT INTO `cardExtra` (cardId, type, serial, content) VALUES ('open_2502', 0, 1, 'Nyeusi na kahawia');
INSERT INTO `cardExtra` (cardId, type, serial, content) VALUES ('open_2502', 0, 2, 'Dhahabu na buluu nyeusi');
INSERT INTO `cardExtra` (cardId, type, serial, content) VALUES ('open_2502', 0, 3, 'Nyeupe na nyekundu');
INSERT INTO `cardExtra` (cardId, type, serial, content) VALUES ('open_2502', 0, 4, 'Kijivu na Theruji nyeupe');
INSERT INTO `card` (id, type, title, header, content, option) VALUES ('open_2507', 0, 'Mbwa hawa wanasubiri nini?', 'assets/topic/dogs-training.jpeg', NULL, 'open');
INSERT INTO `cardExtra` (cardId, type, serial, content) VALUES ('open_2507', 0, 1, 'Kurushiwa Mpira');
INSERT INTO `cardExtra` (cardId, type, serial, content) VALUES ('open_2507', 0, 2, 'Kurushiwa kuki');
INSERT INTO `cardExtra` (cardId, type, serial, content) VALUES ('open_2507', 0, 3, 'Kurushiwa Nyama');
INSERT INTO `cardExtra` (cardId, type, serial, content) VALUES ('open_2507', 0, 4, 'Kurushiwa fimbo');
INSERT INTO `card` (id, type, title, header, content, option) VALUES ('open_2512', 0, 'Je ungependa kujenga nini hapa?', 'assets/topic/dragon-peaks.jpg', NULL, 'open');
INSERT INTO `cardExtra` (cardId, type, serial, content) VALUES ('open_2512', 0, 1, 'Kinu Upepo');
INSERT INTO `cardExtra` (cardId, type, serial, content) VALUES ('open_2512', 0, 2, 'Majengo makubwa');
INSERT INTO `cardExtra` (cardId, type, serial, content) VALUES ('open_2512', 0, 3, 'Uwanja wa Ndege');
INSERT INTO `cardExtra` (cardId, type, serial, content) VALUES ('open_2512', 0, 4, 'Daraja linalounganisha vilima');
INSERT INTO `card` (id, type, title, header, content, option) VALUES ('open_2517', 0, 'Jinsi ya kuendesha gari usiku wenye mvua', 'assets/topic/driving_night.jpg', NULL, 'open');
INSERT INTO `cardExtra` (cardId, type, serial, content) VALUES ('open_2517', 0, 1, 'Endesha taratibu');
INSERT INTO `cardExtra` (cardId, type, serial, content) VALUES ('open_2517', 0, 2, 'Washa taa mwanga mkubwa');
INSERT INTO `cardExtra` (cardId, type, serial, content) VALUES ('open_2517', 0, 3, 'Subiri mpaka mvua iishe');
INSERT INTO `cardExtra` (cardId, type, serial, content) VALUES ('open_2517', 0, 4, 'Piga honi unapoona gari lingine linakuja kwa kasi');
INSERT INTO `card` (id, type, title, header, content, option) VALUES ('open_2522', 0, 'Taja tunda kavu lolote.', 'assets/topic/dryfruit_shop.jpg', NULL, 'open');
INSERT INTO `cardExtra` (cardId, type, serial, content) VALUES ('open_2522', 0, 1, 'Almondi');
INSERT INTO `cardExtra` (cardId, type, serial, content) VALUES ('open_2522', 0, 2, 'Karanga');
INSERT INTO `cardExtra` (cardId, type, serial, content) VALUES ('open_2522', 0, 3, 'Tende');
INSERT INTO `cardExtra` (cardId, type, serial, content) VALUES ('open_2522', 0, 4, 'Tende');
INSERT INTO `card` (id, type, title, header, content, option) VALUES ('open_2527', 0, 'Watoto wa Bata wako wangapi pale?', 'assets/topic/ducklings-chicks-mama-duck-160509.jpeg', NULL, 'open');
INSERT INTO `cardExtra` (cardId, type, serial, content) VALUES ('open_2527', 0, 1, 'Wengi');
INSERT INTO `cardExtra` (cardId, type, serial, content) VALUES ('open_2527', 0, 2, 'Wachache');
INSERT INTO `cardExtra` (cardId, type, serial, content) VALUES ('open_2527', 0, 3, 'ishirini na moja');
INSERT INTO `cardExtra` (cardId, type, serial, content) VALUES ('open_2527', 0, 4, 'Ishirini na mbili');
INSERT INTO `card` (id, type, title, header, content, option) VALUES ('open_2532', 0, 'Unaona nini katika picha?', 'assets/topic/eagle_fish_water.jpg', NULL, 'open');
INSERT INTO `cardExtra` (cardId, type, serial, content) VALUES ('open_2532', 0, 1, 'Maji angvu');
INSERT INTO `cardExtra` (cardId, type, serial, content) VALUES ('open_2532', 0, 2, 'Wingu linalonga');
INSERT INTO `cardExtra` (cardId, type, serial, content) VALUES ('open_2532', 0, 3, 'Samaki anamtoroka Tai');
INSERT INTO `cardExtra` (cardId, type, serial, content) VALUES ('open_2532', 0, 4, 'Tai anamuwinda Samaki');
INSERT INTO `card` (id, type, title, header, content, option) VALUES ('open_2537', 0, 'Ni yai gani unalolipenda?', 'assets/topic/easter-eggs.jpg', NULL, 'open');
INSERT INTO `cardExtra` (cardId, type, serial, content) VALUES ('open_2537', 0, 1, 'Yai la njano');
INSERT INTO `cardExtra` (cardId, type, serial, content) VALUES ('open_2537', 0, 2, 'Yai la buluu');
INSERT INTO `cardExtra` (cardId, type, serial, content) VALUES ('open_2537', 0, 3, 'Yai la rangi ya chungwa');
INSERT INTO `cardExtra` (cardId, type, serial, content) VALUES ('open_2537', 0, 4, 'Yai la Kijani');
INSERT INTO `card` (id, type, title, header, content, option) VALUES ('open_2542', 0, 'Paka anafanya nini?', 'assets/topic/eating_cat.jpg', NULL, 'open');
INSERT INTO `cardExtra` (cardId, type, serial, content) VALUES ('open_2542', 0, 1, 'Anakunywa maziwa');
INSERT INTO `cardExtra` (cardId, type, serial, content) VALUES ('open_2542', 0, 2, 'Anakula Aiskrimu');
INSERT INTO `cardExtra` (cardId, type, serial, content) VALUES ('open_2542', 0, 3, 'Anajitegesha kwaajili ya kupigwa picha');
INSERT INTO `cardExtra` (cardId, type, serial, content) VALUES ('open_2542', 0, 4, 'Anamtafuta mtu');
INSERT INTO `card` (id, type, title, header, content, option) VALUES ('open_2547', 0, 'Anafanania na taaluma gani?', 'assets/topic/electrician-3771318_960_720.jpg', NULL, 'open');
INSERT INTO `cardExtra` (cardId, type, serial, content) VALUES ('open_2547', 0, 1, 'Mhandisi');
INSERT INTO `cardExtra` (cardId, type, serial, content) VALUES ('open_2547', 0, 2, 'Mhandisi wa mitambo');
INSERT INTO `cardExtra` (cardId, type, serial, content) VALUES ('open_2547', 0, 3, 'Mhandisi wa umeme');
INSERT INTO `cardExtra` (cardId, type, serial, content) VALUES ('open_2547', 0, 4, 'Mhandisi wa kompyuta');
INSERT INTO `card` (id, type, title, header, content, option) VALUES ('open_2552', 0, 'Penguin anaonekanaje?', 'assets/topic/emperor-penguins-antarctic-life-animal-46235.jpeg', NULL, 'open');
INSERT INTO `cardExtra` (cardId, type, serial, content) VALUES ('open_2552', 0, 1, 'Pomboo');
INSERT INTO `cardExtra` (cardId, type, serial, content) VALUES ('open_2552', 0, 2, 'Ndege');
INSERT INTO `cardExtra` (cardId, type, serial, content) VALUES ('open_2552', 0, 3, 'Kobe aliyesimama');
INSERT INTO `cardExtra` (cardId, type, serial, content) VALUES ('open_2552', 0, 4, 'Mara nyingine huonekana kama Kunguru Mnene');
INSERT INTO `card` (id, type, title, header, content, option) VALUES ('open_2557', 0, 'Wanafanya nini?', 'assets/topic/exercise.jpg', NULL, 'open');
INSERT INTO `cardExtra` (cardId, type, serial, content) VALUES ('open_2557', 0, 1, 'Kuweka kama ndege ya usafiri');
INSERT INTO `cardExtra` (cardId, type, serial, content) VALUES ('open_2557', 0, 2, 'Kuweka kama tembo');
INSERT INTO `cardExtra` (cardId, type, serial, content) VALUES ('open_2557', 0, 3, 'Zoezi la kuchekesha');
INSERT INTO `cardExtra` (cardId, type, serial, content) VALUES ('open_2557', 0, 4, 'wanakaza miguu yao');
INSERT INTO `card` (id, type, title, header, content, option) VALUES ('open_2562', 0, 'Utafanya nini na hayo mabuti?', 'assets/topic/farmerboots.JPG', NULL, 'open');
INSERT INTO `cardExtra` (cardId, type, serial, content) VALUES ('open_2562', 0, 1, 'Nitavaa na kupanda milima');
INSERT INTO `cardExtra` (cardId, type, serial, content) VALUES ('open_2562', 0, 2, 'Nitafanyia kazi shambani');
INSERT INTO `cardExtra` (cardId, type, serial, content) VALUES ('open_2562', 0, 3, 'Nitacheza mpira');
INSERT INTO `cardExtra` (cardId, type, serial, content) VALUES ('open_2562', 0, 4, 'Nitashiriki katika riadha');
INSERT INTO `card` (id, type, title, header, content, option) VALUES ('open_2567', 0, 'Unapenda kupanda mazao gani shambani?', 'assets/topic/farming.jpg', NULL, 'open');
INSERT INTO `cardExtra` (cardId, type, serial, content) VALUES ('open_2567', 0, 1, 'Mahindi');
INSERT INTO `cardExtra` (cardId, type, serial, content) VALUES ('open_2567', 0, 2, 'Nyama');
INSERT INTO `cardExtra` (cardId, type, serial, content) VALUES ('open_2567', 0, 3, 'Mtama');
INSERT INTO `cardExtra` (cardId, type, serial, content) VALUES ('open_2567', 0, 4, 'Mchele');
INSERT INTO `card` (id, type, title, header, content, option) VALUES ('open_2572', 0, 'Wanaenda wapi?', 'assets/topic/farmmmmeerr.JPG', NULL, 'open');
INSERT INTO `cardExtra` (cardId, type, serial, content) VALUES ('open_2572', 0, 1, 'Wanaenda nyumbani');
INSERT INTO `cardExtra` (cardId, type, serial, content) VALUES ('open_2572', 0, 2, 'wanaenda kufanya kazi');
INSERT INTO `cardExtra` (cardId, type, serial, content) VALUES ('open_2572', 0, 3, 'wanatafuta marariki wengine');
INSERT INTO `cardExtra` (cardId, type, serial, content) VALUES ('open_2572', 0, 4, 'Wanachunga mifugo');
INSERT INTO `card` (id, type, title, header, content, option) VALUES ('open_2577', 0, 'Wanapigania nini?', 'assets/topic/fighting_cat.jpg', NULL, 'open');
INSERT INTO `cardExtra` (cardId, type, serial, content) VALUES ('open_2577', 0, 1, 'Mpira');
INSERT INTO `cardExtra` (cardId, type, serial, content) VALUES ('open_2577', 0, 2, 'Nyama');
INSERT INTO `cardExtra` (cardId, type, serial, content) VALUES ('open_2577', 0, 3, 'Maziwa');
INSERT INTO `cardExtra` (cardId, type, serial, content) VALUES ('open_2577', 0, 4, 'Paka Mwingine');
INSERT INTO `card` (id, type, title, header, content, option) VALUES ('open_2582', 0, 'Unaona nini katika picha hii?', 'assets/topic/fire_water.jpg', NULL, 'open');
INSERT INTO `cardExtra` (cardId, type, serial, content) VALUES ('open_2582', 0, 1, 'Moto mkali');
INSERT INTO `cardExtra` (cardId, type, serial, content) VALUES ('open_2582', 0, 2, 'Wazima moto wawili');
INSERT INTO `cardExtra` (cardId, type, serial, content) VALUES ('open_2582', 0, 3, 'Wanasukuma maji kwa nguzo nyingi');
INSERT INTO `cardExtra` (cardId, type, serial, content) VALUES ('open_2582', 0, 4, 'Uzimaji wa moto');
INSERT INTO `card` (id, type, title, header, content, option) VALUES ('open_2587', 0, 'Unaona nini kwenye picha?', 'assets/topic/firefighterjpg.jpg', NULL, 'open');
INSERT INTO `cardExtra` (cardId, type, serial, content) VALUES ('open_2587', 0, 1, 'Moto mkali');
INSERT INTO `cardExtra` (cardId, type, serial, content) VALUES ('open_2587', 0, 2, 'Ndege innawaka moto');
INSERT INTO `cardExtra` (cardId, type, serial, content) VALUES ('open_2587', 0, 3, 'Kusukuma maji kwa nguvu nyingi');
INSERT INTO `cardExtra` (cardId, type, serial, content) VALUES ('open_2587', 0, 4, 'Zima moto');
INSERT INTO `card` (id, type, title, header, content, option) VALUES ('open_2592', 0, 'Angalia mnyama unayependa kumkamata', 'assets/topic/fisherman-195932_960_720.jpg', NULL, 'open');
INSERT INTO `cardExtra` (cardId, type, serial, content) VALUES ('open_2592', 0, 1, 'Samaki Mdogo');
INSERT INTO `cardExtra` (cardId, type, serial, content) VALUES ('open_2592', 0, 2, 'Kaa');
INSERT INTO `cardExtra` (cardId, type, serial, content) VALUES ('open_2592', 0, 3, 'Dagaa Kamba');
INSERT INTO `cardExtra` (cardId, type, serial, content) VALUES ('open_2592', 0, 4, 'Samaki Mkubwa');
INSERT INTO `card` (id, type, title, header, content, option) VALUES ('open_2597', 0, 'Unataka kupaka rangi gani kwenye wavu wa kuvulia', 'assets/topic/fishing_nets.jpg', NULL, 'open');
INSERT INTO `cardExtra` (cardId, type, serial, content) VALUES ('open_2597', 0, 1, 'Rangi ya chungwa');
INSERT INTO `cardExtra` (cardId, type, serial, content) VALUES ('open_2597', 0, 2, 'Buluu');
INSERT INTO `cardExtra` (cardId, type, serial, content) VALUES ('open_2597', 0, 3, 'Kijani');
INSERT INTO `cardExtra` (cardId, type, serial, content) VALUES ('open_2597', 0, 4, 'Nyeupe');
INSERT INTO `card` (id, type, title, header, content, option) VALUES ('open_2602', 0, 'Unaona nini kwenye picha?', 'assets/topic/fishing_water.jpg', NULL, 'open');
INSERT INTO `cardExtra` (cardId, type, serial, content) VALUES ('open_2602', 0, 1, 'Mtu akiwa na Ndoano');
INSERT INTO `cardExtra` (cardId, type, serial, content) VALUES ('open_2602', 0, 2, 'Jua limejificha nyuma ya wingu');
INSERT INTO `cardExtra` (cardId, type, serial, content) VALUES ('open_2602', 0, 3, 'Baiskeli');
INSERT INTO `cardExtra` (cardId, type, serial, content) VALUES ('open_2602', 0, 4, 'Maji yaliyotulia');
INSERT INTO `card` (id, type, title, header, content, option) VALUES ('open_2607', 0, 'Je, maua haya yanaonekanaje?', 'assets/topic/floral-flowers-plants-187382.jpg', NULL, 'open');
INSERT INTO `cardExtra` (cardId, type, serial, content) VALUES ('open_2607', 0, 1, 'Bilinganya');
INSERT INTO `cardExtra` (cardId, type, serial, content) VALUES ('open_2607', 0, 2, 'Yai');
INSERT INTO `cardExtra` (cardId, type, serial, content) VALUES ('open_2607', 0, 3, 'Tende');
INSERT INTO `cardExtra` (cardId, type, serial, content) VALUES ('open_2607', 0, 4, 'Taa ya usiku');
INSERT INTO `card` (id, type, title, header, content, option) VALUES ('open_2612', 0, 'Unaona nini nyuma ya ua jeupe?', 'assets/topic/flowers-2382032_960_720.jpg', NULL, 'open');
INSERT INTO `cardExtra` (cardId, type, serial, content) VALUES ('open_2612', 0, 1, 'Ua');
INSERT INTO `cardExtra` (cardId, type, serial, content) VALUES ('open_2612', 0, 2, 'Ua dogo');
INSERT INTO `cardExtra` (cardId, type, serial, content) VALUES ('open_2612', 0, 3, 'Maua ya Buluu');
INSERT INTO `cardExtra` (cardId, type, serial, content) VALUES ('open_2612', 0, 4, 'Maua machache');
INSERT INTO `card` (id, type, title, header, content, option) VALUES ('open_2617', 0, 'Ni nini kimekosekana kwenye mmea?', 'assets/topic/flowers-3643034_960_720.jpg', NULL, 'open');
INSERT INTO `cardExtra` (cardId, type, serial, content) VALUES ('open_2617', 0, 1, 'Maua yasiyo na miiba');
INSERT INTO `cardExtra` (cardId, type, serial, content) VALUES ('open_2617', 0, 2, 'Kipepeo');
INSERT INTO `cardExtra` (cardId, type, serial, content) VALUES ('open_2617', 0, 3, 'Ndege Muimbaji');
INSERT INTO `cardExtra` (cardId, type, serial, content) VALUES ('open_2617', 0, 4, 'Siafu');
INSERT INTO `card` (id, type, title, header, content, option) VALUES ('open_2622', 0, 'Ni wapi unawezapata ua hilo?', 'assets/topic/flowers-3668817_960_720.jpg', NULL, 'open');
INSERT INTO `cardExtra` (cardId, type, serial, content) VALUES ('open_2622', 0, 1, 'Bustani ya nyumbani');
INSERT INTO `cardExtra` (cardId, type, serial, content) VALUES ('open_2622', 0, 2, 'Milimani');
INSERT INTO `cardExtra` (cardId, type, serial, content) VALUES ('open_2622', 0, 3, 'Msituni');
INSERT INTO `cardExtra` (cardId, type, serial, content) VALUES ('open_2622', 0, 4, 'Jangwani');
INSERT INTO `card` (id, type, title, header, content, option) VALUES ('open_2627', 0, 'Unaionaje ukilinganisha na Jua?', 'assets/topic/flowers-3746987_960_720.jpg', NULL, 'open');
INSERT INTO `cardExtra` (cardId, type, serial, content) VALUES ('open_2627', 0, 1, 'Jua jekundu');
INSERT INTO `cardExtra` (cardId, type, serial, content) VALUES ('open_2627', 0, 2, 'Jua la rangi ya chungwa');
INSERT INTO `cardExtra` (cardId, type, serial, content) VALUES ('open_2627', 0, 3, 'Jua kali');
INSERT INTO `cardExtra` (cardId, type, serial, content) VALUES ('open_2627', 0, 4, 'Jua la njano');
INSERT INTO `card` (id, type, title, header, content, option) VALUES ('open_2632', 0, 'Unajisikiaje unapoangalia hili ua?', 'assets/topic/flowers-nature-plants-1423872.jpg', NULL, 'open');
INSERT INTO `cardExtra` (cardId, type, serial, content) VALUES ('open_2632', 0, 1, 'Vizuri');
INSERT INTO `cardExtra` (cardId, type, serial, content) VALUES ('open_2632', 0, 2, 'Amani');
INSERT INTO `cardExtra` (cardId, type, serial, content) VALUES ('open_2632', 0, 3, 'Mwangaza mmoja katika Giza');
INSERT INTO `cardExtra` (cardId, type, serial, content) VALUES ('open_2632', 0, 4, 'Nuru ya rangi ya chungwa ni nzuri sana');
INSERT INTO `card` (id, type, title, header, content, option) VALUES ('open_2637', 0, 'Utaliweka wapi hili ua?', 'assets/topic/flowers-plants-purple-888551.jpg', NULL, 'open');
INSERT INTO `cardExtra` (cardId, type, serial, content) VALUES ('open_2637', 0, 1, 'Kwenye bustani yangu ya Nyumbani');
INSERT INTO `cardExtra` (cardId, type, serial, content) VALUES ('open_2637', 0, 2, 'Paa la nyumba yangu');
INSERT INTO `cardExtra` (cardId, type, serial, content) VALUES ('open_2637', 0, 3, 'Karibu na dirisha');
INSERT INTO `cardExtra` (cardId, type, serial, content) VALUES ('open_2637', 0, 4, 'Nyumbani kwa bibi');
INSERT INTO `card` (id, type, title, header, content, option) VALUES ('open_2642', 0, 'Maua haya yanatumika kipindi gani?', 'assets/topic/flowershop.jpg', NULL, 'open');
INSERT INTO `cardExtra` (cardId, type, serial, content) VALUES ('open_2642', 0, 1, 'Cha ndoa');
INSERT INTO `cardExtra` (cardId, type, serial, content) VALUES ('open_2642', 0, 2, 'Kumheshimu mgeni');
INSERT INTO `cardExtra` (cardId, type, serial, content) VALUES ('open_2642', 0, 3, 'Kumheshimu mtu muhimu');
INSERT INTO `cardExtra` (cardId, type, serial, content) VALUES ('open_2642', 0, 4, 'kumzawadiwa mwanamke');
INSERT INTO `card` (id, type, title, header, content, option) VALUES ('open_2647', 0, 'Je, unapendelea mbogamboga zipi?', 'assets/topic/food-healthy-vegetables-village.jpg', NULL, 'open');
INSERT INTO `cardExtra` (cardId, type, serial, content) VALUES ('open_2647', 0, 1, 'Kabichi');
INSERT INTO `cardExtra` (cardId, type, serial, content) VALUES ('open_2647', 0, 2, 'Koliflawa');
INSERT INTO `cardExtra` (cardId, type, serial, content) VALUES ('open_2647', 0, 3, 'Maharagwe');
INSERT INTO `cardExtra` (cardId, type, serial, content) VALUES ('open_2647', 0, 4, 'Bamia');
INSERT INTO `card` (id, type, title, header, content, option) VALUES ('open_2652', 0, 'Unaona nini kwenye picha?', 'assets/topic/football-3780040_960_720.jpg', NULL, 'open');
INSERT INTO `cardExtra` (cardId, type, serial, content) VALUES ('open_2652', 0, 1, 'Mpira wa miguu');
INSERT INTO `cardExtra` (cardId, type, serial, content) VALUES ('open_2652', 0, 2, 'Soksi za kijani');
INSERT INTO `cardExtra` (cardId, type, serial, content) VALUES ('open_2652', 0, 3, 'Soksi nyekundu');
INSERT INTO `cardExtra` (cardId, type, serial, content) VALUES ('open_2652', 0, 4, 'Uwanja');
INSERT INTO `card` (id, type, title, header, content, option) VALUES ('open_2657', 0, 'Unaona nini katika picha', 'assets/topic/football_fun.jpg', NULL, 'open');
INSERT INTO `cardExtra` (cardId, type, serial, content) VALUES ('open_2657', 0, 1, 'Pipa la taka');
INSERT INTO `cardExtra` (cardId, type, serial, content) VALUES ('open_2657', 0, 2, 'Watu watano wanacheza');
INSERT INTO `cardExtra` (cardId, type, serial, content) VALUES ('open_2657', 0, 3, 'Mpira wa miguu');
INSERT INTO `cardExtra` (cardId, type, serial, content) VALUES ('open_2657', 0, 4, 'Miti');
INSERT INTO `card` (id, type, title, header, content, option) VALUES ('open_2662', 0, 'Ndege yupi anaishi hapa?', 'assets/topic/forest-fog-nature-winter-45222.jpeg', NULL, 'open');
INSERT INTO `cardExtra` (cardId, type, serial, content) VALUES ('open_2662', 0, 1, 'Tai');
INSERT INTO `cardExtra` (cardId, type, serial, content) VALUES ('open_2662', 0, 2, 'Tai');
INSERT INTO `cardExtra` (cardId, type, serial, content) VALUES ('open_2662', 0, 3, 'Kunguru');
INSERT INTO `cardExtra` (cardId, type, serial, content) VALUES ('open_2662', 0, 4, 'Kasuku');
INSERT INTO `card` (id, type, title, header, content, option) VALUES ('open_2667', 0, 'Utachuma vipi kutoka katika mti huo Mkubwa?', 'assets/topic/forest-trees-fog-foggy.jpg', NULL, 'open');
INSERT INTO `cardExtra` (cardId, type, serial, content) VALUES ('open_2667', 0, 1, 'Nitaupanda mti');
INSERT INTO `cardExtra` (cardId, type, serial, content) VALUES ('open_2667', 0, 2, 'Nitatumia fimbo ndefu');
INSERT INTO `cardExtra` (cardId, type, serial, content) VALUES ('open_2667', 0, 3, 'Nitapanda Kwa kutumia ngazi');
INSERT INTO `cardExtra` (cardId, type, serial, content) VALUES ('open_2667', 0, 4, 'Nitapanda Kwa kutumia mamba');
INSERT INTO `card` (id, type, title, header, content, option) VALUES ('open_2672', 0, 'Ni tunda gani unaliona hapa?', 'assets/topic/fruit-vendors.jpg', NULL, 'open');
INSERT INTO `cardExtra` (cardId, type, serial, content) VALUES ('open_2672', 0, 1, 'Chungwa');
INSERT INTO `cardExtra` (cardId, type, serial, content) VALUES ('open_2672', 0, 2, 'Pera');
INSERT INTO `cardExtra` (cardId, type, serial, content) VALUES ('open_2672', 0, 3, 'Tofaa');
INSERT INTO `cardExtra` (cardId, type, serial, content) VALUES ('open_2672', 0, 4, 'Zabibu');
INSERT INTO `card` (id, type, title, header, content, option) VALUES ('open_2677', 0, 'Unaona nini kwenye picha?', 'assets/topic/fruit_store1.jpg', NULL, 'open');
INSERT INTO `cardExtra` (cardId, type, serial, content) VALUES ('open_2677', 0, 1, 'Matunda');
INSERT INTO `cardExtra` (cardId, type, serial, content) VALUES ('open_2677', 0, 2, 'Ubao mwekundu');
INSERT INTO `cardExtra` (cardId, type, serial, content) VALUES ('open_2677', 0, 3, 'Chombo cha plastiki');
INSERT INTO `cardExtra` (cardId, type, serial, content) VALUES ('open_2677', 0, 4, 'chombo cha mbao');
INSERT INTO `card` (id, type, title, header, content, option) VALUES ('open_2682', 0, 'Unaona nini kwenye picha?', 'assets/topic/fruit_store2.jpg', NULL, 'open');
INSERT INTO `cardExtra` (cardId, type, serial, content) VALUES ('open_2682', 0, 1, 'Vibanda tofauti');
INSERT INTO `cardExtra` (cardId, type, serial, content) VALUES ('open_2682', 0, 2, 'Watu wanunua');
INSERT INTO `cardExtra` (cardId, type, serial, content) VALUES ('open_2682', 0, 3, 'Tikiti Mani');
INSERT INTO `cardExtra` (cardId, type, serial, content) VALUES ('open_2682', 0, 4, 'Watu tisa');
INSERT INTO `card` (id, type, title, header, content, option) VALUES ('open_2687', 0, 'Unaona nini kwenye picha?', 'assets/topic/fruitcollected.jpg', NULL, 'open');
INSERT INTO `cardExtra` (cardId, type, serial, content) VALUES ('open_2687', 0, 1, 'Kiti cha buluu');
INSERT INTO `cardExtra` (cardId, type, serial, content) VALUES ('open_2687', 0, 2, 'Tofaa');
INSERT INTO `cardExtra` (cardId, type, serial, content) VALUES ('open_2687', 0, 3, 'pipa la taka');
INSERT INTO `cardExtra` (cardId, type, serial, content) VALUES ('open_2687', 0, 4, 'Sanduku');
INSERT INTO `card` (id, type, title, header, content, option) VALUES ('open_2692', 0, 'Kwa nini watoto wanafurahia?', 'assets/topic/fun_at_sea.jpg', NULL, 'open');
INSERT INTO `cardExtra` (cardId, type, serial, content) VALUES ('open_2692', 0, 1, 'Hakuna papa');
INSERT INTO `cardExtra` (cardId, type, serial, content) VALUES ('open_2692', 0, 2, 'Maji hayana kina kirefu');
INSERT INTO `cardExtra` (cardId, type, serial, content) VALUES ('open_2692', 0, 3, 'Wanajua kuogelea');
INSERT INTO `cardExtra` (cardId, type, serial, content) VALUES ('open_2692', 0, 4, 'Wako pamoja');
INSERT INTO `card` (id, type, title, header, content, option) VALUES ('open_2697', 0, 'Unaona nini kwenye picha?', 'assets/topic/fun_fishing.jpg', NULL, 'open');
INSERT INTO `cardExtra` (cardId, type, serial, content) VALUES ('open_2697', 0, 1, 'Mashua');
INSERT INTO `cardExtra` (cardId, type, serial, content) VALUES ('open_2697', 0, 2, 'Wanaume wawili');
INSERT INTO `cardExtra` (cardId, type, serial, content) VALUES ('open_2697', 0, 3, 'Taswira ya wanaume wawili ndani ya Maji');
INSERT INTO `cardExtra` (cardId, type, serial, content) VALUES ('open_2697', 0, 4, 'Nyasi');
INSERT INTO `card` (id, type, title, header, content, option) VALUES ('open_2702', 0, 'Ulicheza lini kama hivi?', 'assets/topic/fun_image.jpg', NULL, 'open');
INSERT INTO `cardExtra` (cardId, type, serial, content) VALUES ('open_2702', 0, 1, 'Nilipokuwa mdogo');
INSERT INTO `cardExtra` (cardId, type, serial, content) VALUES ('open_2702', 0, 2, 'Wakati nilipokuwa pamoja na rafiki yangu');
INSERT INTO `cardExtra` (cardId, type, serial, content) VALUES ('open_2702', 0, 3, 'Nilipokuwa peke yangu');
INSERT INTO `cardExtra` (cardId, type, serial, content) VALUES ('open_2702', 0, 4, 'Ninapokuwa nimechoka');
INSERT INTO `card` (id, type, title, header, content, option) VALUES ('open_2707', 0, 'Unaona nini kwenye picha?', 'assets/topic/fun_image1.jpg', NULL, 'open');
INSERT INTO `cardExtra` (cardId, type, serial, content) VALUES ('open_2707', 0, 1, 'Watoto nane');
INSERT INTO `cardExtra` (cardId, type, serial, content) VALUES ('open_2707', 0, 2, 'Wakionyesha meno');
INSERT INTO `cardExtra` (cardId, type, serial, content) VALUES ('open_2707', 0, 3, 'Miwani ya kwenye Maji');
INSERT INTO `cardExtra` (cardId, type, serial, content) VALUES ('open_2707', 0, 4, 'Watoto wanachezea maji');
INSERT INTO `card` (id, type, title, header, content, option) VALUES ('open_2712', 0, 'Mtu anafanya nini?', 'assets/topic/fun_image2.jpg', NULL, 'open');
INSERT INTO `cardExtra` (cardId, type, serial, content) VALUES ('open_2712', 0, 1, 'Anaanguka');
INSERT INTO `cardExtra` (cardId, type, serial, content) VALUES ('open_2712', 0, 2, 'Anacheza');
INSERT INTO `cardExtra` (cardId, type, serial, content) VALUES ('open_2712', 0, 3, 'Anaonyesha jinsi ya kupigana');
INSERT INTO `cardExtra` (cardId, type, serial, content) VALUES ('open_2712', 0, 4, 'Anaburudisha watu');
INSERT INTO `card` (id, type, title, header, content, option) VALUES ('open_2717', 0, 'Unaona nini kwenye picha?', 'assets/topic/fun_image3.jpg', NULL, 'open');
INSERT INTO `cardExtra` (cardId, type, serial, content) VALUES ('open_2717', 0, 1, 'Wasichana watano');
INSERT INTO `cardExtra` (cardId, type, serial, content) VALUES ('open_2717', 0, 2, 'Watu nane');
INSERT INTO `cardExtra` (cardId, type, serial, content) VALUES ('open_2717', 0, 3, 'Wakitegesha kamera');
INSERT INTO `cardExtra` (cardId, type, serial, content) VALUES ('open_2717', 0, 4, 'Wakisheherekea');
INSERT INTO `card` (id, type, title, header, content, option) VALUES ('open_2722', 0, 'Kwa nini watoto wanafuraha?', 'assets/topic/fun_image4.jpg', NULL, 'open');
INSERT INTO `cardExtra` (cardId, type, serial, content) VALUES ('open_2722', 0, 1, 'Watoto wanapata elimu');
INSERT INTO `cardExtra` (cardId, type, serial, content) VALUES ('open_2722', 0, 2, 'Watoto wanapata zawadi');
INSERT INTO `cardExtra` (cardId, type, serial, content) VALUES ('open_2722', 0, 3, 'Wanasalimia');
INSERT INTO `cardExtra` (cardId, type, serial, content) VALUES ('open_2722', 0, 4, 'Wanajihisi vizuri');
INSERT INTO `card` (id, type, title, header, content, option) VALUES ('open_2727', 0, 'Unaona nini kwenye picha?', 'assets/topic/fun_image5.jpg', NULL, 'open');
INSERT INTO `cardExtra` (cardId, type, serial, content) VALUES ('open_2727', 0, 1, 'Watoto wanaocheza katika maji');
INSERT INTO `cardExtra` (cardId, type, serial, content) VALUES ('open_2727', 0, 2, 'Anga ang''avu');
INSERT INTO `cardExtra` (cardId, type, serial, content) VALUES ('open_2727', 0, 3, 'Mawimbi');
INSERT INTO `cardExtra` (cardId, type, serial, content) VALUES ('open_2727', 0, 4, 'Mtu anakimbia kuelekea mtoni');
INSERT INTO `card` (id, type, title, header, content, option) VALUES ('open_2732', 0, 'Wanakwenda wapi?', 'assets/topic/fun_image6.jpg', NULL, 'open');
INSERT INTO `cardExtra` (cardId, type, serial, content) VALUES ('open_2732', 0, 1, 'Karibu na bahari');
INSERT INTO `cardExtra` (cardId, type, serial, content) VALUES ('open_2732', 0, 2, 'Wanakwenda kupata chakula cha mchana');
INSERT INTO `cardExtra` (cardId, type, serial, content) VALUES ('open_2732', 0, 3, 'Wanakwenda kufanya kazi');
INSERT INTO `cardExtra` (cardId, type, serial, content) VALUES ('open_2732', 0, 4, 'Wanakwenda kucheza');
INSERT INTO `card` (id, type, title, header, content, option) VALUES ('open_2737', 0, 'Je! Rangi gani ungependa kuupaka uwanja?', 'assets/topic/fun_image7.jpg', NULL, 'open');
INSERT INTO `cardExtra` (cardId, type, serial, content) VALUES ('open_2737', 0, 1, 'Nyekundu');
INSERT INTO `cardExtra` (cardId, type, serial, content) VALUES ('open_2737', 0, 2, 'Njano');
INSERT INTO `cardExtra` (cardId, type, serial, content) VALUES ('open_2737', 0, 3, 'Buluu');
INSERT INTO `cardExtra` (cardId, type, serial, content) VALUES ('open_2737', 0, 4, 'Rangi ya chungwa');
INSERT INTO `card` (id, type, title, header, content, option) VALUES ('open_2742', 0, 'Unaona nini?', 'assets/topic/fun_image8.jpg', NULL, 'open');
INSERT INTO `cardExtra` (cardId, type, serial, content) VALUES ('open_2742', 0, 1, 'Nyoka');
INSERT INTO `cardExtra` (cardId, type, serial, content) VALUES ('open_2742', 0, 2, 'Kucheza muziki');
INSERT INTO `cardExtra` (cardId, type, serial, content) VALUES ('open_2742', 0, 3, 'Kuzungumza');
INSERT INTO `cardExtra` (cardId, type, serial, content) VALUES ('open_2742', 0, 4, 'Kucheza mchezo');
INSERT INTO `card` (id, type, title, header, content, option) VALUES ('open_2747', 0, 'Wanakwenda wapi?', 'assets/topic/fun_image9.jpg', NULL, 'open');
INSERT INTO `cardExtra` (cardId, type, serial, content) VALUES ('open_2747', 0, 1, 'Kutembea');
INSERT INTO `cardExtra` (cardId, type, serial, content) VALUES ('open_2747', 0, 2, 'Kuendesha baiskeli');
INSERT INTO `cardExtra` (cardId, type, serial, content) VALUES ('open_2747', 0, 3, 'Msituni');
INSERT INTO `cardExtra` (cardId, type, serial, content) VALUES ('open_2747', 0, 4, 'Maporomoko ya maji');
INSERT INTO `card` (id, type, title, header, content, option) VALUES ('open_2752', 0, 'Unaona nini?', 'assets/topic/fun_in_school.jpg', NULL, 'open');
INSERT INTO `cardExtra` (cardId, type, serial, content) VALUES ('open_2752', 0, 1, 'Watoto wamechangamka');
INSERT INTO `cardExtra` (cardId, type, serial, content) VALUES ('open_2752', 0, 2, 'Kutegeshwa kwa kamera');
INSERT INTO `cardExtra` (cardId, type, serial, content) VALUES ('open_2752', 0, 3, 'Picha ya kikundi');
INSERT INTO `cardExtra` (cardId, type, serial, content) VALUES ('open_2752', 0, 4, 'Mavazi ya rangi ya buluu');
INSERT INTO `card` (id, type, title, header, content, option) VALUES ('open_2757', 0, 'Unaona nini kwenye picha?', 'assets/topic/fun_in_school1.jpg', NULL, 'open');
INSERT INTO `cardExtra` (cardId, type, serial, content) VALUES ('open_2757', 0, 1, 'Watoto wamechangamka');
INSERT INTO `cardExtra` (cardId, type, serial, content) VALUES ('open_2757', 0, 2, 'Kutegeshwa kwa kamera');
INSERT INTO `cardExtra` (cardId, type, serial, content) VALUES ('open_2757', 0, 3, 'Picha ya kikundi');
INSERT INTO `cardExtra` (cardId, type, serial, content) VALUES ('open_2757', 0, 4, 'Nguo nyeupe');
INSERT INTO `card` (id, type, title, header, content, option) VALUES ('open_2762', 0, 'Mbwa anachekeshaje?', 'assets/topic/funny-dog.jpeg', NULL, 'open');
INSERT INTO `cardExtra` (cardId, type, serial, content) VALUES ('open_2762', 0, 1, 'Anachekesha Sana');
INSERT INTO `cardExtra` (cardId, type, serial, content) VALUES ('open_2762', 0, 2, 'Mbwa anahisi baridi');
INSERT INTO `cardExtra` (cardId, type, serial, content) VALUES ('open_2762', 0, 3, 'Mbwa anaumwa');
INSERT INTO `cardExtra` (cardId, type, serial, content) VALUES ('open_2762', 0, 4, 'Amepoteza mmiliki wake');
INSERT INTO `card` (id, type, title, header, content, option) VALUES ('open_2767', 0, 'Taja umbo moja la kijiometri', 'assets/topic/geometry.jpeg', NULL, 'open');
INSERT INTO `cardExtra` (cardId, type, serial, content) VALUES ('open_2767', 0, 1, 'Duara');
INSERT INTO `cardExtra` (cardId, type, serial, content) VALUES ('open_2767', 0, 2, 'Mraba');
INSERT INTO `cardExtra` (cardId, type, serial, content) VALUES ('open_2767', 0, 3, 'Pembetatu');
INSERT INTO `cardExtra` (cardId, type, serial, content) VALUES ('open_2767', 0, 4, 'Mraba wa buluu');
INSERT INTO `card` (id, type, title, header, content, option) VALUES ('open_2772', 0, 'Maji yanaonekanaje?', 'assets/topic/glass_water.jpg', NULL, 'open');
INSERT INTO `cardExtra` (cardId, type, serial, content) VALUES ('open_2772', 0, 1, 'Ang''avu');
INSERT INTO `cardExtra` (cardId, type, serial, content) VALUES ('open_2772', 0, 2, 'Yanayoonyesha');
INSERT INTO `cardExtra` (cardId, type, serial, content) VALUES ('open_2772', 0, 3, 'Tambarare');
INSERT INTO `cardExtra` (cardId, type, serial, content) VALUES ('open_2772', 0, 4, 'Matamu');
INSERT INTO `card` (id, type, title, header, content, option) VALUES ('open_2777', 0, 'Utawaambia nini ndege hawa?', 'assets/topic/grey-crowned-crane-bird-crane-animal-45853.jpeg', NULL, 'open');
INSERT INTO `cardExtra` (cardId, type, serial, content) VALUES ('open_2777', 0, 1, 'Njooni nyumbani');
INSERT INTO `cardExtra` (cardId, type, serial, content) VALUES ('open_2777', 0, 2, 'Nendeni mbali');
INSERT INTO `cardExtra` (cardId, type, serial, content) VALUES ('open_2777', 0, 3, 'Mimi nitawatafuna');
INSERT INTO `cardExtra` (cardId, type, serial, content) VALUES ('open_2777', 0, 4, 'Ninawaogopa');
INSERT INTO `card` (id, type, title, header, content, option) VALUES ('open_2782', 0, 'Mpe jina ndege umuonae kila siku?', 'assets/topic/gulls-birds-fly-water-bird-37857.jpeg', NULL, 'open');
INSERT INTO `cardExtra` (cardId, type, serial, content) VALUES ('open_2782', 0, 1, 'Kunguru');
INSERT INTO `cardExtra` (cardId, type, serial, content) VALUES ('open_2782', 0, 2, 'Njiwa');
INSERT INTO `cardExtra` (cardId, type, serial, content) VALUES ('open_2782', 0, 3, 'Tai');
INSERT INTO `cardExtra` (cardId, type, serial, content) VALUES ('open_2782', 0, 4, 'Tai');
INSERT INTO `card` (id, type, title, header, content, option) VALUES ('open_2787', 0, 'Unaona nini kwenye picha?', 'assets/topic/harvest-mango.jpg', NULL, 'open');
INSERT INTO `cardExtra` (cardId, type, serial, content) VALUES ('open_2787', 0, 1, 'Maembe yanachumwa');
INSERT INTO `cardExtra` (cardId, type, serial, content) VALUES ('open_2787', 0, 2, 'Wanawake watatu');
INSERT INTO `cardExtra` (cardId, type, serial, content) VALUES ('open_2787', 0, 3, 'Mtu mmoja');
INSERT INTO `cardExtra` (cardId, type, serial, content) VALUES ('open_2787', 0, 4, 'Mwembe Mdogo');
INSERT INTO `card` (id, type, title, header, content, option) VALUES ('open_2792', 0, 'Ungefanya nini ikiwa ungekuwa sehemu yao?', 'assets/topic/harvest-pov.jpg', NULL, 'open');
INSERT INTO `cardExtra` (cardId, type, serial, content) VALUES ('open_2792', 0, 1, 'Ningemsadia mkubwa wangu');
INSERT INTO `cardExtra` (cardId, type, serial, content) VALUES ('open_2792', 0, 2, 'Ningekata mavuno');
INSERT INTO `cardExtra` (cardId, type, serial, content) VALUES ('open_2792', 0, 3, 'Ningewapa Maji');
INSERT INTO `cardExtra` (cardId, type, serial, content) VALUES ('open_2792', 0, 4, 'Ningewabebea chakula');
INSERT INTO `card` (id, type, title, header, content, option) VALUES ('open_2797', 0, 'Mboga mboga unayoipendelea?', 'assets/topic/harvest.jpg', NULL, 'open');
INSERT INTO `cardExtra` (cardId, type, serial, content) VALUES ('open_2797', 0, 1, 'Figili');
INSERT INTO `cardExtra` (cardId, type, serial, content) VALUES ('open_2797', 0, 2, 'Viazi vyekundu');
INSERT INTO `cardExtra` (cardId, type, serial, content) VALUES ('open_2797', 0, 3, 'Bamia');
INSERT INTO `cardExtra` (cardId, type, serial, content) VALUES ('open_2797', 0, 4, 'Majani ya kijani');
INSERT INTO `card` (id, type, title, header, content, option) VALUES ('open_2802', 0, 'Utanunua nini kutoka hapa?', 'assets/topic/hawker-shoppe_tranzania.jpg', NULL, 'open');
INSERT INTO `cardExtra` (cardId, type, serial, content) VALUES ('open_2802', 0, 1, 'Chokoleti');
INSERT INTO `cardExtra` (cardId, type, serial, content) VALUES ('open_2802', 0, 2, 'Maji ya Nazi');
INSERT INTO `cardExtra` (cardId, type, serial, content) VALUES ('open_2802', 0, 3, 'Bilauri za plasiki');
INSERT INTO `cardExtra` (cardId, type, serial, content) VALUES ('open_2802', 0, 4, 'Makopo ya plastiki');
INSERT INTO `card` (id, type, title, header, content, option) VALUES ('open_2807', 0, 'Wanaonekanaje?', 'assets/topic/healthy-vegetables-restaurant-nature.jpg', NULL, 'open');
INSERT INTO `cardExtra` (cardId, type, serial, content) VALUES ('open_2807', 0, 1, 'Wasafi');
INSERT INTO `cardExtra` (cardId, type, serial, content) VALUES ('open_2807', 0, 2, 'Wenye afya');
INSERT INTO `cardExtra` (cardId, type, serial, content) VALUES ('open_2807', 0, 3, 'Wana ladha');
INSERT INTO `cardExtra` (cardId, type, serial, content) VALUES ('open_2807', 0, 4, 'Wekundu');
INSERT INTO `card` (id, type, title, header, content, option) VALUES ('open_2812', 0, 'Ungesafiri wapi kama ungekuwa na helikopta?', 'assets/topic/helicopter.jpg', NULL, 'open');
INSERT INTO `cardExtra` (cardId, type, serial, content) VALUES ('open_2812', 0, 1, 'Nchi ya maajabu');
INSERT INTO `cardExtra` (cardId, type, serial, content) VALUES ('open_2812', 0, 2, 'Kupita bahari');
INSERT INTO `cardExtra` (cardId, type, serial, content) VALUES ('open_2812', 0, 3, 'Juu ya mawingu');
INSERT INTO `cardExtra` (cardId, type, serial, content) VALUES ('open_2812', 0, 4, 'Kati ya milima mikubwa');
INSERT INTO `card` (id, type, title, header, content, option) VALUES ('open_2817', 0, 'Mnyama yupi anayeonekana kama mnyama huyu?', 'assets/topic/hippopotamus.jpeg', NULL, 'open');
INSERT INTO `cardExtra` (cardId, type, serial, content) VALUES ('open_2817', 0, 1, 'Tembo');
INSERT INTO `cardExtra` (cardId, type, serial, content) VALUES ('open_2817', 0, 2, 'Kifaru');
INSERT INTO `cardExtra` (cardId, type, serial, content) VALUES ('open_2817', 0, 3, 'Nguruwe pori');
INSERT INTO `cardExtra` (cardId, type, serial, content) VALUES ('open_2817', 0, 4, 'Nyati');
INSERT INTO `card` (id, type, title, header, content, option) VALUES ('open_2822', 0, 'Mtu anafikiria nini?', 'assets/topic/human_child_family_beach_people_love_parent_son.jpg', NULL, 'open');
INSERT INTO `cardExtra` (cardId, type, serial, content) VALUES ('open_2822', 0, 1, 'Sitaogopa wimbi');
INSERT INTO `cardExtra` (cardId, type, serial, content) VALUES ('open_2822', 0, 2, 'Je, ninaweza kuogelea hadi sasa?');
INSERT INTO `cardExtra` (cardId, type, serial, content) VALUES ('open_2822', 0, 3, 'Nitasimama imara.');
INSERT INTO `cardExtra` (cardId, type, serial, content) VALUES ('open_2822', 0, 4, 'Nitaufikiaje mlima?');
INSERT INTO `card` (id, type, title, header, content, option) VALUES ('open_2827', 0, 'Ungependa kuishi huko?', 'assets/topic/hut_tribe_rural_home.jpg', NULL, 'open');
INSERT INTO `cardExtra` (cardId, type, serial, content) VALUES ('open_2827', 0, 1, 'Ndiyo, ningependa kuishi');
INSERT INTO `cardExtra` (cardId, type, serial, content) VALUES ('open_2827', 0, 2, 'Hapana, sitaki');
INSERT INTO `cardExtra` (cardId, type, serial, content) VALUES ('open_2827', 0, 3, 'Si mara zote, lakini mara moja');
INSERT INTO `cardExtra` (cardId, type, serial, content) VALUES ('open_2827', 0, 4, 'Ndiyo, itakuwa ni furaha');
INSERT INTO `card` (id, type, title, header, content, option) VALUES ('open_2832', 0, 'Picha inaonekanaje?', 'assets/topic/jeep_road.jpg', NULL, 'open');
INSERT INTO `cardExtra` (cardId, type, serial, content) VALUES ('open_2832', 0, 1, 'Gari jeep chini ya mti wa halowini');
INSERT INTO `cardExtra` (cardId, type, serial, content) VALUES ('open_2832', 0, 2, 'Matango mawili makubwa nyuma ya gari jeep');
INSERT INTO `cardExtra` (cardId, type, serial, content) VALUES ('open_2832', 0, 3, 'Barabara thou');
INSERT INTO `cardExtra` (cardId, type, serial, content) VALUES ('open_2832', 0, 4, 'Barabara nyembamba');
INSERT INTO `card` (id, type, title, header, content, option) VALUES ('open_2837', 0, 'Mbwa anafanya nini?', 'assets/topic/jump-water-sheepdog.jpeg', NULL, 'open');
INSERT INTO `cardExtra` (cardId, type, serial, content) VALUES ('open_2837', 0, 1, 'Anajaribu kupiga mbizi');
INSERT INTO `cardExtra` (cardId, type, serial, content) VALUES ('open_2837', 0, 2, 'Anamfukuza mtu');
INSERT INTO `cardExtra` (cardId, type, serial, content) VALUES ('open_2837', 0, 3, 'Anamuogopesha mtu');
INSERT INTO `cardExtra` (cardId, type, serial, content) VALUES ('open_2837', 0, 4, 'Anamkimbilia mmiliki wake');
INSERT INTO `card` (id, type, title, header, content, option) VALUES ('open_2842', 0, 'Je! Unaweza kuona nini?', 'assets/topic/kenya.jpg', NULL, 'open');
INSERT INTO `cardExtra` (cardId, type, serial, content) VALUES ('open_2842', 0, 1, 'Anga la buluu');
INSERT INTO `cardExtra` (cardId, type, serial, content) VALUES ('open_2842', 0, 2, 'Milima ya kijivu');
INSERT INTO `cardExtra` (cardId, type, serial, content) VALUES ('open_2842', 0, 3, 'Anga na mlima ikizungumza');
INSERT INTO `cardExtra` (cardId, type, serial, content) VALUES ('open_2842', 0, 4, 'Utelezi Mkubwa');
INSERT INTO `card` (id, type, title, header, content, option) VALUES ('open_2847', 0, 'Je! Unaweza kuona nini?', 'assets/topic/kid-2429655_960_720.jpg', NULL, 'open');
INSERT INTO `cardExtra` (cardId, type, serial, content) VALUES ('open_2847', 0, 1, 'Marumaru');
INSERT INTO `cardExtra` (cardId, type, serial, content) VALUES ('open_2847', 0, 2, 'Nilitumia kuchezea marumaru');
INSERT INTO `cardExtra` (cardId, type, serial, content) VALUES ('open_2847', 0, 3, 'Mvulana anahesabu marumaru');
INSERT INTO `cardExtra` (cardId, type, serial, content) VALUES ('open_2847', 0, 4, 'Nataka kucheza mchezo');
INSERT INTO `card` (id, type, title, header, content, option) VALUES ('open_2852', 0, 'Unajisikiaje kuhusu picha?', 'assets/topic/kids-3311090_960_720.jpg', NULL, 'open');
INSERT INTO `cardExtra` (cardId, type, serial, content) VALUES ('open_2852', 0, 1, 'Msichana mkubwa anataka kumchukua Mdogo yake.');
INSERT INTO `cardExtra` (cardId, type, serial, content) VALUES ('open_2852', 0, 2, 'Msichana anataka kushiriki vitafunwa.');
INSERT INTO `cardExtra` (cardId, type, serial, content) VALUES ('open_2852', 0, 3, 'Msichana mdogo analia.');
INSERT INTO `cardExtra` (cardId, type, serial, content) VALUES ('open_2852', 0, 4, 'Msichana mdogo anataka kula.');
INSERT INTO `card` (id, type, title, header, content, option) VALUES ('open_2857', 0, 'Picha hiyo inasema nini?', 'assets/topic/kindergarten-504672_960_720.jpg', NULL, 'open');
INSERT INTO `cardExtra` (cardId, type, serial, content) VALUES ('open_2857', 0, 1, 'Darasa lenye furaha');
INSERT INTO `cardExtra` (cardId, type, serial, content) VALUES ('open_2857', 0, 2, 'Darasa lililojaa michezo');
INSERT INTO `cardExtra` (cardId, type, serial, content) VALUES ('open_2857', 0, 3, 'Watoto wanawachunguza wadudu.');
INSERT INTO `cardExtra` (cardId, type, serial, content) VALUES ('open_2857', 0, 4, 'Mwalimu yupo na watoto pia');
INSERT INTO `card` (id, type, title, header, content, option) VALUES ('open_2862', 0, 'Penguins wanafanya nini?', 'assets/topic/king-penguin-penguins-group-of-penguins-bird-53970.jpeg', NULL, 'open');
INSERT INTO `cardExtra` (cardId, type, serial, content) VALUES ('open_2862', 0, 1, 'Wanazungumza na kila mmoja.');
INSERT INTO `cardExtra` (cardId, type, serial, content) VALUES ('open_2862', 0, 2, 'Wana mipango ya kutoka');
INSERT INTO `cardExtra` (cardId, type, serial, content) VALUES ('open_2862', 0, 3, 'Wana mkutano.');
INSERT INTO `cardExtra` (cardId, type, serial, content) VALUES ('open_2862', 0, 4, 'Wanamsubiri mtu.');
INSERT INTO `card` (id, type, title, header, content, option) VALUES ('open_2867', 0, 'Unatamani kuona muunganiko wa rangi ipi Kwa hawa mbwa?', 'assets/topic/labrador-breed-dogsl.jpg', NULL, 'open');
INSERT INTO `cardExtra` (cardId, type, serial, content) VALUES ('open_2867', 0, 1, 'Nyeusi na nyeupe');
INSERT INTO `cardExtra` (cardId, type, serial, content) VALUES ('open_2867', 0, 2, 'Dhahabu na kijivu');
INSERT INTO `cardExtra` (cardId, type, serial, content) VALUES ('open_2867', 0, 3, 'kahawia na nyekundu');
INSERT INTO `cardExtra` (cardId, type, serial, content) VALUES ('open_2867', 0, 4, 'Buluu nyeusi na theluji nyeupe');
INSERT INTO `card` (id, type, title, header, content, option) VALUES ('open_2872', 0, 'Je! ni milima mingapi inaweza kuwa huko?', 'assets/topic/ladakh.jpg', NULL, 'open');
INSERT INTO `cardExtra` (cardId, type, serial, content) VALUES ('open_2872', 0, 1, 'Mine');
INSERT INTO `cardExtra` (cardId, type, serial, content) VALUES ('open_2872', 0, 2, 'Mitano');
INSERT INTO `cardExtra` (cardId, type, serial, content) VALUES ('open_2872', 0, 3, 'Mitano');
INSERT INTO `cardExtra` (cardId, type, serial, content) VALUES ('open_2872', 0, 4, 'Sita');
INSERT INTO `card` (id, type, title, header, content, option) VALUES ('open_2877', 0, 'Unaona nini kwenye hii picha?', 'assets/topic/landscape.jpg', NULL, 'open');
INSERT INTO `cardExtra` (cardId, type, serial, content) VALUES ('open_2877', 0, 1, 'Bwawa dogo');
INSERT INTO `cardExtra` (cardId, type, serial, content) VALUES ('open_2877', 0, 2, 'Mawio');
INSERT INTO `cardExtra` (cardId, type, serial, content) VALUES ('open_2877', 0, 3, 'mawingu yenye rangi ya chungwa');
INSERT INTO `cardExtra` (cardId, type, serial, content) VALUES ('open_2877', 0, 4, 'Milima midogo');
INSERT INTO `card` (id, type, title, header, content, option) VALUES ('open_2882', 0, 'Mnyama yupi anaweza kuishi hapa?', 'assets/topic/landscape_nature.jpg', NULL, 'open');
INSERT INTO `cardExtra` (cardId, type, serial, content) VALUES ('open_2882', 0, 1, 'Dinosau');
INSERT INTO `cardExtra` (cardId, type, serial, content) VALUES ('open_2882', 0, 2, 'Tembo Mkubwa');
INSERT INTO `cardExtra` (cardId, type, serial, content) VALUES ('open_2882', 0, 3, 'Tai wakutisha');
INSERT INTO `cardExtra` (cardId, type, serial, content) VALUES ('open_2882', 0, 4, 'Nyuki Mkubwa');
INSERT INTO `card` (id, type, title, header, content, option) VALUES ('open_2887', 0, 'Unaona nini kwenye hii picha?', 'assets/topic/landscape_nature_horizon.jpg', NULL, 'open');
INSERT INTO `cardExtra` (cardId, type, serial, content) VALUES ('open_2887', 0, 1, 'Mlima juu ya mawingu');
INSERT INTO `cardExtra` (cardId, type, serial, content) VALUES ('open_2887', 0, 2, 'Miti iliyopinda');
INSERT INTO `cardExtra` (cardId, type, serial, content) VALUES ('open_2887', 0, 3, 'Mawingu yanayoelea');
INSERT INTO `cardExtra` (cardId, type, serial, content) VALUES ('open_2887', 0, 4, 'Sioni ndege yoyote');
INSERT INTO `card` (id, type, title, header, content, option) VALUES ('open_2892', 0, 'Ni matunda gani unayopenda kuyaona katika mmea huu wa rangi?', 'assets/topic/leaves.jpeg', NULL, 'open');
INSERT INTO `cardExtra` (cardId, type, serial, content) VALUES ('open_2892', 0, 1, 'Embed');
INSERT INTO `cardExtra` (cardId, type, serial, content) VALUES ('open_2892', 0, 2, 'Stroberi');
INSERT INTO `cardExtra` (cardId, type, serial, content) VALUES ('open_2892', 0, 3, 'Pera');
INSERT INTO `cardExtra` (cardId, type, serial, content) VALUES ('open_2892', 0, 4, 'Tikiti Maji');
INSERT INTO `card` (id, type, title, header, content, option) VALUES ('open_2897', 0, 'Je! Barabara inakupeleka wapi?', 'assets/topic/lesotho_road.jpg', NULL, 'open');
INSERT INTO `cardExtra` (cardId, type, serial, content) VALUES ('open_2897', 0, 1, 'Nyumbani kwangu');
INSERT INTO `cardExtra` (cardId, type, serial, content) VALUES ('open_2897', 0, 2, 'Msituni');
INSERT INTO `cardExtra` (cardId, type, serial, content) VALUES ('open_2897', 0, 3, 'Mlimani');
INSERT INTO `cardExtra` (cardId, type, serial, content) VALUES ('open_2897', 0, 4, 'Maporomoko ya maji');
INSERT INTO `card` (id, type, title, header, content, option) VALUES ('open_2902', 0, 'Unaona nini kwenye picha?', 'assets/topic/local_shop_2.jpg', NULL, 'open');
INSERT INTO `cardExtra` (cardId, type, serial, content) VALUES ('open_2902', 0, 1, 'Maduka matatu  yaliyowazi');
INSERT INTO `cardExtra` (cardId, type, serial, content) VALUES ('open_2902', 0, 2, 'Duka moja lililofungwa');
INSERT INTO `cardExtra` (cardId, type, serial, content) VALUES ('open_2902', 0, 3, 'Pakiti za Michele');
INSERT INTO `cardExtra` (cardId, type, serial, content) VALUES ('open_2902', 0, 4, 'Baiskeli');
INSERT INTO `card` (id, type, title, header, content, option) VALUES ('open_2907', 0, 'Andika rangi uipendayo?', 'assets/topic/machine.jpeg', NULL, 'open');
INSERT INTO `cardExtra` (cardId, type, serial, content) VALUES ('open_2907', 0, 1, 'Zambarau');
INSERT INTO `cardExtra` (cardId, type, serial, content) VALUES ('open_2907', 0, 2, 'rangi ya chungwa');
INSERT INTO `cardExtra` (cardId, type, serial, content) VALUES ('open_2907', 0, 3, 'Njano');
INSERT INTO `cardExtra` (cardId, type, serial, content) VALUES ('open_2907', 0, 4, 'Nguo nyeupe');
INSERT INTO `card` (id, type, title, header, content, option) VALUES ('open_2912', 0, 'Unataka kuandika nini katika meza kwenye picha?', 'assets/topic/mangoe.JPG', NULL, 'open');
INSERT INTO `cardExtra` (cardId, type, serial, content) VALUES ('open_2912', 0, 1, 'Matunda mazuri');
INSERT INTO `cardExtra` (cardId, type, serial, content) VALUES ('open_2912', 0, 2, 'Ninapenda embed');
INSERT INTO `cardExtra` (cardId, type, serial, content) VALUES ('open_2912', 0, 3, 'Mapera sio mabaya');
INSERT INTO `cardExtra` (cardId, type, serial, content) VALUES ('open_2912', 0, 4, 'Njooni wote tupate');
INSERT INTO `card` (id, type, title, header, content, option) VALUES ('open_2917', 0, 'Unaona nini kwenye picha?', 'assets/topic/mar-2681141_960_720.jpg', NULL, 'open');
INSERT INTO `cardExtra` (cardId, type, serial, content) VALUES ('open_2917', 0, 1, 'Mvulana akipiga mbizi');
INSERT INTO `cardExtra` (cardId, type, serial, content) VALUES ('open_2917', 0, 2, 'Matairi makubwa matatu myeusi');
INSERT INTO `cardExtra` (cardId, type, serial, content) VALUES ('open_2917', 0, 3, 'Hatua');
INSERT INTO `cardExtra` (cardId, type, serial, content) VALUES ('open_2917', 0, 4, 'Wavulana wawili');
INSERT INTO `card` (id, type, title, header, content, option) VALUES ('open_2922', 0, 'Unaweza kuona nini kutoka katika kilele cha mlima?', 'assets/topic/matterhorn.jpg', NULL, 'open');
INSERT INTO `cardExtra` (cardId, type, serial, content) VALUES ('open_2922', 0, 1, 'Mji mzima');
INSERT INTO `cardExtra` (cardId, type, serial, content) VALUES ('open_2922', 0, 2, 'Mawingu yakipita');
INSERT INTO `cardExtra` (cardId, type, serial, content) VALUES ('open_2922', 0, 3, 'Ndege');
INSERT INTO `cardExtra` (cardId, type, serial, content) VALUES ('open_2922', 0, 4, 'Nchi ya maajabu');
INSERT INTO `card` (id, type, title, header, content, option) VALUES ('open_2927', 0, 'Je! Barabara huenda wapi?', 'assets/topic/mega_ethiopia.jpg', NULL, 'open');
INSERT INTO `cardExtra` (cardId, type, serial, content) VALUES ('open_2927', 0, 1, 'Msituni');
INSERT INTO `cardExtra` (cardId, type, serial, content) VALUES ('open_2927', 0, 2, 'Mlimani');
INSERT INTO `cardExtra` (cardId, type, serial, content) VALUES ('open_2927', 0, 3, 'Maporomoko ya maji');
INSERT INTO `cardExtra` (cardId, type, serial, content) VALUES ('open_2927', 0, 4, 'Mjini');
INSERT INTO `card` (id, type, title, header, content, option) VALUES ('open_2932', 0, 'Nani mwenye ndege mwanaserere Nyumbani kwako?', 'assets/topic/military_raptor.jpg', NULL, 'open');
INSERT INTO `cardExtra` (cardId, type, serial, content) VALUES ('open_2932', 0, 1, 'Mimi mwenyewe');
INSERT INTO `cardExtra` (cardId, type, serial, content) VALUES ('open_2932', 0, 2, 'Kaka yangu');
INSERT INTO `cardExtra` (cardId, type, serial, content) VALUES ('open_2932', 0, 3, 'Dada yangu');
INSERT INTO `cardExtra` (cardId, type, serial, content) VALUES ('open_2932', 0, 4, 'Rafiki yangu');
INSERT INTO `card` (id, type, title, header, content, option) VALUES ('open_2937', 0, 'Maji yana thamani gani?', 'assets/topic/mineral_water.jpg', NULL, 'open');
INSERT INTO `cardExtra` (cardId, type, serial, content) VALUES ('open_2937', 0, 1, 'Maji yapo kila mahali');
INSERT INTO `cardExtra` (cardId, type, serial, content) VALUES ('open_2937', 0, 2, 'Yana thamani sana');
INSERT INTO `cardExtra` (cardId, type, serial, content) VALUES ('open_2937', 0, 3, 'Unaweza kununua maji');
INSERT INTO `cardExtra` (cardId, type, serial, content) VALUES ('open_2937', 0, 4, 'Sehemu nyingi hakuna maji salama');
INSERT INTO `card` (id, type, title, header, content, option) VALUES ('open_2942', 0, 'Mtoto wa tumbili anahisi nini Kwa mama yake?', 'assets/topic/monkey.jpg', NULL, 'open');
INSERT INTO `cardExtra` (cardId, type, serial, content) VALUES ('open_2942', 0, 1, 'Usalama');
INSERT INTO `cardExtra` (cardId, type, serial, content) VALUES ('open_2942', 0, 2, 'Hahisi njaa kamwe');
INSERT INTO `cardExtra` (cardId, type, serial, content) VALUES ('open_2942', 0, 3, 'Anaweza kufanya mambo yote yenye kufurahisha');
INSERT INTO `cardExtra` (cardId, type, serial, content) VALUES ('open_2942', 0, 4, 'Upendo mwingi');
INSERT INTO `card` (id, type, title, header, content, option) VALUES ('open_2947', 0, 'Unaona nini kwenye picha?', 'assets/topic/mountain-sky.jpg', NULL, 'open');
INSERT INTO `cardExtra` (cardId, type, serial, content) VALUES ('open_2947', 0, 1, 'Milima miwili');
INSERT INTO `cardExtra` (cardId, type, serial, content) VALUES ('open_2947', 0, 2, 'Mawingu yenye giza');
INSERT INTO `cardExtra` (cardId, type, serial, content) VALUES ('open_2947', 0, 3, 'Mlima mweupe');
INSERT INTO `cardExtra` (cardId, type, serial, content) VALUES ('open_2947', 0, 4, 'Miti mingi');
INSERT INTO `card` (id, type, title, header, content, option) VALUES ('open_2952', 0, 'Unaona nini kwenye picha?', 'assets/topic/mountain_africa.jpg', NULL, 'open');
INSERT INTO `cardExtra` (cardId, type, serial, content) VALUES ('open_2952', 0, 1, 'Milima minne');
INSERT INTO `cardExtra` (cardId, type, serial, content) VALUES ('open_2952', 0, 2, 'Hakuna mawingu');
INSERT INTO `cardExtra` (cardId, type, serial, content) VALUES ('open_2952', 0, 3, 'Milima yenye giza');
INSERT INTO `cardExtra` (cardId, type, serial, content) VALUES ('open_2952', 0, 4, 'Miti mingi');
INSERT INTO `card` (id, type, title, header, content, option) VALUES ('open_2957', 0, 'Ni aina gani ya wanyama utawapata hapa?', 'assets/topic/mountain_green.jpg', NULL, 'open');
INSERT INTO `cardExtra` (cardId, type, serial, content) VALUES ('open_2957', 0, 1, 'Simba');
INSERT INTO `cardExtra` (cardId, type, serial, content) VALUES ('open_2957', 0, 2, 'Chui');
INSERT INTO `cardExtra` (cardId, type, serial, content) VALUES ('open_2957', 0, 3, 'Paa');
INSERT INTO `cardExtra` (cardId, type, serial, content) VALUES ('open_2957', 0, 4, 'Nyoka');
INSERT INTO `card` (id, type, title, header, content, option) VALUES ('open_2962', 0, 'Inaonekanaje?', 'assets/topic/mountain_mirror.jpg', NULL, 'open');
INSERT INTO `cardExtra` (cardId, type, serial, content) VALUES ('open_2962', 0, 1, 'Nzuri');
INSERT INTO `cardExtra` (cardId, type, serial, content) VALUES ('open_2962', 0, 2, 'Mbinguni duniani');
INSERT INTO `cardExtra` (cardId, type, serial, content) VALUES ('open_2962', 0, 3, 'Juu angani na chini ya mlima');
INSERT INTO `cardExtra` (cardId, type, serial, content) VALUES ('open_2962', 0, 4, 'Maji ya wazi ya yanayoonekana');
INSERT INTO `card` (id, type, title, header, content, option) VALUES ('open_2967', 0, 'Unaona nini kwenye picha?', 'assets/topic/mountain_snow.jpg', NULL, 'open');
INSERT INTO `cardExtra` (cardId, type, serial, content) VALUES ('open_2967', 0, 1, 'Milima mingi');
INSERT INTO `cardExtra` (cardId, type, serial, content) VALUES ('open_2967', 0, 2, 'Wingu safi');
INSERT INTO `cardExtra` (cardId, type, serial, content) VALUES ('open_2967', 0, 3, 'Mlima mweupe');
INSERT INTO `cardExtra` (cardId, type, serial, content) VALUES ('open_2967', 0, 4, 'Hakuna miti');
INSERT INTO `card` (id, type, title, header, content, option) VALUES ('open_2972', 0, 'Unaona nini kwenye picha?', 'assets/topic/mountains-page.jpg', NULL, 'open');
INSERT INTO `cardExtra` (cardId, type, serial, content) VALUES ('open_2972', 0, 1, 'Milima mingi');
INSERT INTO `cardExtra` (cardId, type, serial, content) VALUES ('open_2972', 0, 2, 'Wingu safi');
INSERT INTO `cardExtra` (cardId, type, serial, content) VALUES ('open_2972', 0, 3, 'Njia kati ya vilima');
INSERT INTO `cardExtra` (cardId, type, serial, content) VALUES ('open_2972', 0, 4, 'Hakuna miti');
INSERT INTO `card` (id, type, title, header, content, option) VALUES ('open_2977', 0, 'Unaona nini Sokoni?', 'assets/topic/nepalseller.jpg', NULL, 'open');
INSERT INTO `cardExtra` (cardId, type, serial, content) VALUES ('open_2977', 0, 1, 'Mtu amebeba mbogamboga');
INSERT INTO `cardExtra` (cardId, type, serial, content) VALUES ('open_2977', 0, 2, 'Koliflawa');
INSERT INTO `cardExtra` (cardId, type, serial, content) VALUES ('open_2977', 0, 3, 'Watu wanauza');
INSERT INTO `cardExtra` (cardId, type, serial, content) VALUES ('open_2977', 0, 4, 'watu wanunua');
INSERT INTO `card` (id, type, title, header, content, option) VALUES ('open_2982', 0, 'Inaonekanaje ukipuuza idadi?', 'assets/topic/number.jpeg', NULL, 'open');
INSERT INTO `cardExtra` (cardId, type, serial, content) VALUES ('open_2982', 0, 1, 'Ukuta');
INSERT INTO `cardExtra` (cardId, type, serial, content) VALUES ('open_2982', 0, 2, 'Uwanja');
INSERT INTO `cardExtra` (cardId, type, serial, content) VALUES ('open_2982', 0, 3, 'Dari');
INSERT INTO `cardExtra` (cardId, type, serial, content) VALUES ('open_2982', 0, 4, 'Inawezekana kuwa bendera');
INSERT INTO `card` (id, type, title, header, content, option) VALUES ('open_2987', 0, 'Nani mtu huyo?', 'assets/topic/obama.jpg', NULL, 'open');
INSERT INTO `cardExtra` (cardId, type, serial, content) VALUES ('open_2987', 0, 1, 'Rais wa zamani wa Amerika');
INSERT INTO `cardExtra` (cardId, type, serial, content) VALUES ('open_2987', 0, 2, 'Mzazi');
INSERT INTO `cardExtra` (cardId, type, serial, content) VALUES ('open_2987', 0, 3, 'Mwalimu');
INSERT INTO `cardExtra` (cardId, type, serial, content) VALUES ('open_2987', 0, 4, 'Mtu mkubwa');
INSERT INTO `card` (id, type, title, header, content, option) VALUES ('open_2992', 0, 'Unaona nini kwenye picha?', 'assets/topic/ocean_fun.jpg', NULL, 'open');
INSERT INTO `cardExtra` (cardId, type, serial, content) VALUES ('open_2992', 0, 1, 'Mashua nyeupe');
INSERT INTO `cardExtra` (cardId, type, serial, content) VALUES ('open_2992', 0, 2, 'Wanaume wanne');
INSERT INTO `cardExtra` (cardId, type, serial, content) VALUES ('open_2992', 0, 3, 'Kobe');
INSERT INTO `cardExtra` (cardId, type, serial, content) VALUES ('open_2992', 0, 4, 'maji ya buluu');
INSERT INTO `card` (id, type, title, header, content, option) VALUES ('open_2997', 0, 'Haya ninini?', 'assets/topic/paperclip.jpeg', NULL, 'open');
INSERT INTO `cardExtra` (cardId, type, serial, content) VALUES ('open_2997', 0, 1, 'Makaratasi');
INSERT INTO `cardExtra` (cardId, type, serial, content) VALUES ('open_2997', 0, 2, 'Mifuko ya plastiki');
INSERT INTO `cardExtra` (cardId, type, serial, content) VALUES ('open_2997', 0, 3, 'Mafaili');
INSERT INTO `cardExtra` (cardId, type, serial, content) VALUES ('open_2997', 0, 4, 'Daftari');
INSERT INTO `card` (id, type, title, header, content, option) VALUES ('open_3002', 0, 'Unawapatiaje Maji njiwa?', 'assets/topic/pegion_drinkwater.jpg', NULL, 'open');
INSERT INTO `cardExtra` (cardId, type, serial, content) VALUES ('open_3002', 0, 1, 'Wanakunywa maji kutoka kwenye sufuria mbele ya nyumba');
INSERT INTO `cardExtra` (cardId, type, serial, content) VALUES ('open_3002', 0, 2, 'Naweka bakuli la maji juu ya paa');
INSERT INTO `cardExtra` (cardId, type, serial, content) VALUES ('open_3002', 0, 3, 'Maji hutoka kwenye bomba');
INSERT INTO `cardExtra` (cardId, type, serial, content) VALUES ('open_3002', 0, 4, 'Naweka bakuli karibu na mti');
INSERT INTO `card` (id, type, title, header, content, option) VALUES ('open_3007', 0, 'Ni rangi ipi unayoitaka ndani yake?', 'assets/topic/pencils.jpeg', NULL, 'open');
INSERT INTO `cardExtra` (cardId, type, serial, content) VALUES ('open_3007', 0, 1, 'Jengo kubwa');
INSERT INTO `cardExtra` (cardId, type, serial, content) VALUES ('open_3007', 0, 2, 'Daraja kubwa');
INSERT INTO `cardExtra` (cardId, type, serial, content) VALUES ('open_3007', 0, 3, 'Nyangumi wa buluu');
INSERT INTO `cardExtra` (cardId, type, serial, content) VALUES ('open_3007', 0, 4, 'Bahari');
INSERT INTO `card` (id, type, title, header, content, option) VALUES ('open_3012', 0, 'Andika jambo jema', 'assets/topic/pexels-deer-girl.jpeg', NULL, 'open');
INSERT INTO `cardExtra` (cardId, type, serial, content) VALUES ('open_3012', 0, 1, 'Paa ni mzuri sana');
INSERT INTO `cardExtra` (cardId, type, serial, content) VALUES ('open_3012', 0, 2, 'Nyasi ni safi sana na siku inang''aa');
INSERT INTO `cardExtra` (cardId, type, serial, content) VALUES ('open_3012', 0, 3, 'Muungano wa wanyama na binadamu ni wenye nguvu');
INSERT INTO `cardExtra` (cardId, type, serial, content) VALUES ('open_3012', 0, 4, 'Msichana anacheza na Paa');
INSERT INTO `card` (id, type, title, header, content, option) VALUES ('open_3017', 0, 'Je, Kuku hula nini?', 'assets/topic/pexels-hen.jpeg', NULL, 'open');
INSERT INTO `cardExtra` (cardId, type, serial, content) VALUES ('open_3017', 0, 1, 'Nafaka na mbegu');
INSERT INTO `cardExtra` (cardId, type, serial, content) VALUES ('open_3017', 0, 2, 'Koliflawa');
INSERT INTO `cardExtra` (cardId, type, serial, content) VALUES ('open_3017', 0, 3, 'Karoti');
INSERT INTO `cardExtra` (cardId, type, serial, content) VALUES ('open_3017', 0, 4, 'Beri');
INSERT INTO `card` (id, type, title, header, content, option) VALUES ('open_3022', 0, 'Ni Mpira upi unataka kuwapa watoto?', 'assets/topic/pexels-photo-1002057.jpeg', NULL, 'open');
INSERT INTO `cardExtra` (cardId, type, serial, content) VALUES ('open_3022', 0, 1, 'Mpira wa miguu');
INSERT INTO `cardExtra` (cardId, type, serial, content) VALUES ('open_3022', 0, 2, 'Mpira wa kupiga na Gongo');
INSERT INTO `cardExtra` (cardId, type, serial, content) VALUES ('open_3022', 0, 3, 'Mpira wa wavu');
INSERT INTO `cardExtra` (cardId, type, serial, content) VALUES ('open_3022', 0, 4, 'Mpira wa tenisi');
INSERT INTO `card` (id, type, title, header, content, option) VALUES ('open_3027', 0, 'Unataka kuwapeleka wapi watoto hawa?', 'assets/topic/pexels-photo-1002061.jpeg', NULL, 'open');
INSERT INTO `cardExtra` (cardId, type, serial, content) VALUES ('open_3027', 0, 1, 'Nyumbani kwangu');
INSERT INTO `cardExtra` (cardId, type, serial, content) VALUES ('open_3027', 0, 2, 'Hifadhi ya maji');
INSERT INTO `cardExtra` (cardId, type, serial, content) VALUES ('open_3027', 0, 3, 'Bustani ya wanyama');
INSERT INTO `cardExtra` (cardId, type, serial, content) VALUES ('open_3027', 0, 4, 'Krona');
INSERT INTO `card` (id, type, title, header, content, option) VALUES ('open_3032', 0, 'Unajisikiaje kuhusu mmea huu?', 'assets/topic/pexels-photo-1002703.jpeg', NULL, 'open');
INSERT INTO `cardExtra` (cardId, type, serial, content) VALUES ('open_3032', 0, 1, 'Ni Mdogo sana');
INSERT INTO `cardExtra` (cardId, type, serial, content) VALUES ('open_3032', 0, 2, 'Unamea');
INSERT INTO `cardExtra` (cardId, type, serial, content) VALUES ('open_3032', 0, 3, 'Utakuwa Mkubwa');
INSERT INTO `cardExtra` (cardId, type, serial, content) VALUES ('open_3032', 0, 4, 'Ndege iwatajenga kiota ndani yake baadaye');
INSERT INTO `card` (id, type, title, header, content, option) VALUES ('open_3037', 0, 'Unaona nini kwenye picha?', 'assets/topic/pexels-photo-1027621.jpeg', NULL, 'open');
INSERT INTO `cardExtra` (cardId, type, serial, content) VALUES ('open_3037', 0, 1, 'Alfajiri');
INSERT INTO `cardExtra` (cardId, type, serial, content) VALUES ('open_3037', 0, 2, 'Watoto wawili wanacheza');
INSERT INTO `cardExtra` (cardId, type, serial, content) VALUES ('open_3037', 0, 3, 'Vivuli vya watoto wawili');
INSERT INTO `cardExtra` (cardId, type, serial, content) VALUES ('open_3037', 0, 4, 'Hakuna mbwa');
INSERT INTO `card` (id, type, title, header, content, option) VALUES ('open_3042', 0, 'Ndege hufanya nini?', 'assets/topic/pexels-photo-1035056.jpeg', NULL, 'open');
INSERT INTO `cardExtra` (cardId, type, serial, content) VALUES ('open_3042', 0, 1, 'Hunywa Maji');
INSERT INTO `cardExtra` (cardId, type, serial, content) VALUES ('open_3042', 0, 2, 'Hukamata samaki');
INSERT INTO `cardExtra` (cardId, type, serial, content) VALUES ('open_3042', 0, 3, 'Huoga');
INSERT INTO `cardExtra` (cardId, type, serial, content) VALUES ('open_3042', 0, 4, 'Husubiria ndege wenzao');
INSERT INTO `card` (id, type, title, header, content, option) VALUES ('open_3047', 0, 'Unaona nini kwenye hii picha?', 'assets/topic/pexels-photo-1046209.jpeg', NULL, 'open');
INSERT INTO `cardExtra` (cardId, type, serial, content) VALUES ('open_3047', 0, 1, 'Umbo tenge');
INSERT INTO `cardExtra` (cardId, type, serial, content) VALUES ('open_3047', 0, 2, 'Nyota');
INSERT INTO `cardExtra` (cardId, type, serial, content) VALUES ('open_3047', 0, 3, 'Mti mdogo');
INSERT INTO `cardExtra` (cardId, type, serial, content) VALUES ('open_3047', 0, 4, 'Rangi');
INSERT INTO `card` (id, type, title, header, content, option) VALUES ('open_3052', 0, 'Watoto wanafanya nini?', 'assets/topic/pexels-photo-106258.jpeg', NULL, 'open');
INSERT INTO `cardExtra` (cardId, type, serial, content) VALUES ('open_3052', 0, 1, 'Wanacheza katika Maji');
INSERT INTO `cardExtra` (cardId, type, serial, content) VALUES ('open_3052', 0, 2, 'Wanapiga mbizi');
INSERT INTO `cardExtra` (cardId, type, serial, content) VALUES ('open_3052', 0, 3, 'Wanaburudika');
INSERT INTO `cardExtra` (cardId, type, serial, content) VALUES ('open_3052', 0, 4, 'Wanaoga');
INSERT INTO `card` (id, type, title, header, content, option) VALUES ('open_3057', 0, 'Mnyama yupi Unataka kumfuga hapa?', 'assets/topic/pexels-photo-1094556.jpeg', NULL, 'open');
INSERT INTO `cardExtra` (cardId, type, serial, content) VALUES ('open_3057', 0, 1, 'Ng''ombe');
INSERT INTO `cardExtra` (cardId, type, serial, content) VALUES ('open_3057', 0, 2, 'Kondoo');
INSERT INTO `cardExtra` (cardId, type, serial, content) VALUES ('open_3057', 0, 3, 'Mbuzi');
INSERT INTO `cardExtra` (cardId, type, serial, content) VALUES ('open_3057', 0, 4, 'Paa');
INSERT INTO `card` (id, type, title, header, content, option) VALUES ('open_3062', 0, 'Je! Mti unasema nini?', 'assets/topic/pexels-photo-1102917.jpeg', NULL, 'open');
INSERT INTO `cardExtra` (cardId, type, serial, content) VALUES ('open_3062', 0, 1, 'Sisi ni mapacha');
INSERT INTO `cardExtra` (cardId, type, serial, content) VALUES ('open_3062', 0, 2, 'Nina matawi mengi');
INSERT INTO `cardExtra` (cardId, type, serial, content) VALUES ('open_3062', 0, 3, 'Tumia kuni yangu kavu kwa kupikia');
INSERT INTO `cardExtra` (cardId, type, serial, content) VALUES ('open_3062', 0, 4, 'Mimi sipati maji ya kutosha');
INSERT INTO `card` (id, type, title, header, content, option) VALUES ('open_3067', 0, 'Kama ungekuwa wewe Ni ndege ungefanya nini?', 'assets/topic/pexels-photo-1126384.jpeg', NULL, 'open');
INSERT INTO `cardExtra` (cardId, type, serial, content) VALUES ('open_3067', 0, 1, 'Ningefurahia mawio');
INSERT INTO `cardExtra` (cardId, type, serial, content) VALUES ('open_3067', 0, 2, 'Ningecheza na ndege wengine');
INSERT INTO `cardExtra` (cardId, type, serial, content) VALUES ('open_3067', 0, 3, 'ningejaribu kuruka juu');
INSERT INTO `cardExtra` (cardId, type, serial, content) VALUES ('open_3067', 0, 4, 'Ningekabiliana na upepo');
INSERT INTO `card` (id, type, title, header, content, option) VALUES ('open_3072', 0, 'Je! Utawaambia nini ndege hawa wazuri?', 'assets/topic/pexels-photo-1156507.jpeg', NULL, 'open');
INSERT INTO `cardExtra` (cardId, type, serial, content) VALUES ('open_3072', 0, 1, 'Je, utatwiti kwaajili yangu');
INSERT INTO `cardExtra` (cardId, type, serial, content) VALUES ('open_3072', 0, 2, 'Ruka mbali');
INSERT INTO `cardExtra` (cardId, type, serial, content) VALUES ('open_3072', 0, 3, 'Nakupenda');
INSERT INTO `cardExtra` (cardId, type, serial, content) VALUES ('open_3072', 0, 4, 'Kuwa salama');
INSERT INTO `card` (id, type, title, header, content, option) VALUES ('open_3077', 0, 'Utazungumza nini ikiwa wewe ni mmoja wao?', 'assets/topic/pexels-photo-1181355.jpeg', NULL, 'open');
INSERT INTO `cardExtra` (cardId, type, serial, content) VALUES ('open_3077', 0, 1, 'Nitaongea kuhusu dinosaur');
INSERT INTO `cardExtra` (cardId, type, serial, content) VALUES ('open_3077', 0, 2, 'Nitaongea kuhusu elimu');
INSERT INTO `cardExtra` (cardId, type, serial, content) VALUES ('open_3077', 0, 3, 'Nitaongea kuhusu kijiji change');
INSERT INTO `cardExtra` (cardId, type, serial, content) VALUES ('open_3077', 0, 4, 'Nitaongea kuhusu wanyama');
INSERT INTO `card` (id, type, title, header, content, option) VALUES ('open_3082', 0, 'Mahali hapa panaitwaje?', 'assets/topic/pexels-photo-1198817.jpeg', NULL, 'open');
INSERT INTO `cardExtra` (cardId, type, serial, content) VALUES ('open_3082', 0, 1, 'Nchi ya ndoto');
INSERT INTO `cardExtra` (cardId, type, serial, content) VALUES ('open_3082', 0, 2, 'Nchi ya maajabu');
INSERT INTO `cardExtra` (cardId, type, serial, content) VALUES ('open_3082', 0, 3, 'Nchi ya Maji');
INSERT INTO `cardExtra` (cardId, type, serial, content) VALUES ('open_3082', 0, 4, 'Nchi nzuri');
INSERT INTO `card` (id, type, title, header, content, option) VALUES ('open_3087', 0, 'Unahisi nini ukicheza ndani ya Maji?', 'assets/topic/pexels-photo-1240989.jpeg', NULL, 'open');
INSERT INTO `cardExtra` (cardId, type, serial, content) VALUES ('open_3087', 0, 1, 'Nafurahia sana');
INSERT INTO `cardExtra` (cardId, type, serial, content) VALUES ('open_3087', 0, 2, 'Naburudika na marafiki');
INSERT INTO `cardExtra` (cardId, type, serial, content) VALUES ('open_3087', 0, 3, 'Ndege huru');
INSERT INTO `cardExtra` (cardId, type, serial, content) VALUES ('open_3087', 0, 4, 'Nacheza na Kucheza');
INSERT INTO `card` (id, type, title, header, content, option) VALUES ('open_3092', 0, 'Unataka kujenga nini hapa?', 'assets/topic/pexels-photo-1250343.jpeg', NULL, 'open');
INSERT INTO `cardExtra` (cardId, type, serial, content) VALUES ('open_3092', 0, 1, 'Majengo makubwa');
INSERT INTO `cardExtra` (cardId, type, serial, content) VALUES ('open_3092', 0, 2, 'Daraja linalounganisha mlima');
INSERT INTO `cardExtra` (cardId, type, serial, content) VALUES ('open_3092', 0, 3, 'Maji ya kwenye pipa');
INSERT INTO `cardExtra` (cardId, type, serial, content) VALUES ('open_3092', 0, 4, 'Bustani ya wanyama');
INSERT INTO `card` (id, type, title, header, content, option) VALUES ('open_3097', 0, 'Unaona nini kwenye picha?', 'assets/topic/pexels-photo-1269808.jpeg', NULL, 'open');
INSERT INTO `cardExtra` (cardId, type, serial, content) VALUES ('open_3097', 0, 1, 'Kijani kibichi kila mahali');
INSERT INTO `cardExtra` (cardId, type, serial, content) VALUES ('open_3097', 0, 2, 'Mawingu kupita chini ya mlima');
INSERT INTO `cardExtra` (cardId, type, serial, content) VALUES ('open_3097', 0, 3, 'Nyumba nzuri');
INSERT INTO `cardExtra` (cardId, type, serial, content) VALUES ('open_3097', 0, 4, 'Milima mikubwa');
INSERT INTO `card` (id, type, title, header, content, option) VALUES ('open_3102', 0, 'Ni wanyama gani unaowapata hapa?', 'assets/topic/pexels-photo-141233.jpeg', NULL, 'open');
INSERT INTO `cardExtra` (cardId, type, serial, content) VALUES ('open_3102', 0, 1, 'Tembo');
INSERT INTO `cardExtra` (cardId, type, serial, content) VALUES ('open_3102', 0, 2, 'Nyoka');
INSERT INTO `cardExtra` (cardId, type, serial, content) VALUES ('open_3102', 0, 3, 'Paa');
INSERT INTO `cardExtra` (cardId, type, serial, content) VALUES ('open_3102', 0, 4, 'Simba');
INSERT INTO `card` (id, type, title, header, content, option) VALUES ('open_3107', 0, 'Utamuuliza nini mwanamke huyo?', 'assets/topic/pexels-photo-1422389.jpeg', NULL, 'open');
INSERT INTO `cardExtra` (cardId, type, serial, content) VALUES ('open_3107', 0, 1, 'Muulizie baiskeli yake');
INSERT INTO `cardExtra` (cardId, type, serial, content) VALUES ('open_3107', 0, 2, 'Tembea naye');
INSERT INTO `cardExtra` (cardId, type, serial, content) VALUES ('open_3107', 0, 3, 'Ninataka kukusaidia');
INSERT INTO `cardExtra` (cardId, type, serial, content) VALUES ('open_3107', 0, 4, 'Kofia yako ni nzuri');
INSERT INTO `card` (id, type, title, header, content, option) VALUES ('open_3112', 0, 'Utamuuliza nini mtu yule?', 'assets/topic/pexels-photo-1422390.jpeg', NULL, 'open');
INSERT INTO `cardExtra` (cardId, type, serial, content) VALUES ('open_3112', 0, 1, 'Ng''ombe');
INSERT INTO `cardExtra` (cardId, type, serial, content) VALUES ('open_3112', 0, 2, 'Mamba');
INSERT INTO `cardExtra` (cardId, type, serial, content) VALUES ('open_3112', 0, 3, 'Baiskeli');
INSERT INTO `cardExtra` (cardId, type, serial, content) VALUES ('open_3112', 0, 4, 'Kofia');
INSERT INTO `card` (id, type, title, header, content, option) VALUES ('open_3117', 0, 'Kuna nyumba ngapi?', 'assets/topic/pexels-photo-1551493.jpeg', NULL, 'open');
INSERT INTO `cardExtra` (cardId, type, serial, content) VALUES ('open_3117', 0, 1, 'Nyumba nyingi');
INSERT INTO `cardExtra` (cardId, type, serial, content) VALUES ('open_3117', 0, 2, 'Nyumba thelathini');
INSERT INTO `cardExtra` (cardId, type, serial, content) VALUES ('open_3117', 0, 3, 'Nyumba mia moja');
INSERT INTO `cardExtra` (cardId, type, serial, content) VALUES ('open_3117', 0, 4, 'Hazihesabiki');
INSERT INTO `card` (id, type, title, header, content, option) VALUES ('open_3122', 0, 'Unataka kumpatia jina gani tumbili huyu mzuri?', 'assets/topic/pexels-photo-1603242.jpeg', NULL, 'open');
INSERT INTO `cardExtra` (cardId, type, serial, content) VALUES ('open_3122', 0, 1, 'Jua');
INSERT INTO `cardExtra` (cardId, type, serial, content) VALUES ('open_3122', 0, 2, 'Mwezi');
INSERT INTO `cardExtra` (cardId, type, serial, content) VALUES ('open_3122', 0, 3, 'Wingu');
INSERT INTO `cardExtra` (cardId, type, serial, content) VALUES ('open_3122', 0, 4, 'Stroberi');
INSERT INTO `card` (id, type, title, header, content, option) VALUES ('open_3127', 0, 'Unaona nini kwenye picha?', 'assets/topic/pexels-photo-188679.jpeg', NULL, 'open');
INSERT INTO `cardExtra` (cardId, type, serial, content) VALUES ('open_3127', 0, 1, 'Lori');
INSERT INTO `cardExtra` (cardId, type, serial, content) VALUES ('open_3127', 0, 2, 'Tingatinga');
INSERT INTO `cardExtra` (cardId, type, serial, content) VALUES ('open_3127', 0, 3, 'Tingatinga likiondoa tope');
INSERT INTO `cardExtra` (cardId, type, serial, content) VALUES ('open_3127', 0, 4, 'Lori iliyojaa matope');
INSERT INTO `card` (id, type, title, header, content, option) VALUES ('open_3132', 0, 'Unataka kusema nini kuhusu msichana?', 'assets/topic/pexels-photo-204496.jpeg', NULL, 'open');
INSERT INTO `cardExtra` (cardId, type, serial, content) VALUES ('open_3132', 0, 1, 'Jasiri');
INSERT INTO `cardExtra` (cardId, type, serial, content) VALUES ('open_3132', 0, 2, 'Ana urafiki na Ndege');
INSERT INTO `cardExtra` (cardId, type, serial, content) VALUES ('open_3132', 0, 3, 'mzuri sana');
INSERT INTO `cardExtra` (cardId, type, serial, content) VALUES ('open_3132', 0, 4, 'Ana saa nzuri ya mkononi');
INSERT INTO `card` (id, type, title, header, content, option) VALUES ('open_3137', 0, 'Je utamwambia nini ndege mzuri?', 'assets/topic/pexels-photo-208811.jpeg', NULL, 'open');
INSERT INTO `cardExtra` (cardId, type, serial, content) VALUES ('open_3137', 0, 1, 'Njoo nyumbani');
INSERT INTO `cardExtra` (cardId, type, serial, content) VALUES ('open_3137', 0, 2, 'Ruka mbali');
INSERT INTO `cardExtra` (cardId, type, serial, content) VALUES ('open_3137', 0, 3, 'Nakupenda');
INSERT INTO `cardExtra` (cardId, type, serial, content) VALUES ('open_3137', 0, 4, 'Kuwa salama');
INSERT INTO `card` (id, type, title, header, content, option) VALUES ('open_3142', 0, 'Unasema nini mahali hapa?', 'assets/topic/pexels-photo-219376.jpeg', NULL, 'open');
INSERT INTO `cardExtra` (cardId, type, serial, content) VALUES ('open_3142', 0, 1, 'Nyumba nzuri');
INSERT INTO `cardExtra` (cardId, type, serial, content) VALUES ('open_3142', 0, 2, 'Taswira ya nyumba');
INSERT INTO `cardExtra` (cardId, type, serial, content) VALUES ('open_3142', 0, 3, 'Kibaramwezi');
INSERT INTO `cardExtra` (cardId, type, serial, content) VALUES ('open_3142', 0, 4, 'Anga nzuri');
INSERT INTO `card` (id, type, title, header, content, option) VALUES ('open_3147', 0, 'Je utaipaka Nyumba rangi gani?', 'assets/topic/pexels-photo-235725.jpeg', NULL, 'open');
INSERT INTO `cardExtra` (cardId, type, serial, content) VALUES ('open_3147', 0, 1, 'Waridi');
INSERT INTO `cardExtra` (cardId, type, serial, content) VALUES ('open_3147', 0, 2, 'Rangi ya chungwa');
INSERT INTO `cardExtra` (cardId, type, serial, content) VALUES ('open_3147', 0, 3, 'Buluu');
INSERT INTO `cardExtra` (cardId, type, serial, content) VALUES ('open_3147', 0, 4, 'Zambarau');
INSERT INTO `card` (id, type, title, header, content, option) VALUES ('open_3152', 0, 'Ni nyumba ya aina gani?', 'assets/topic/pexels-photo-259780.jpeg', NULL, 'open');
INSERT INTO `cardExtra` (cardId, type, serial, content) VALUES ('open_3152', 0, 1, 'Nyumba ya zamani');
INSERT INTO `cardExtra` (cardId, type, serial, content) VALUES ('open_3152', 0, 2, 'Kibanda');
INSERT INTO `cardExtra` (cardId, type, serial, content) VALUES ('open_3152', 0, 3, 'Nyumba ya jiwe');
INSERT INTO `cardExtra` (cardId, type, serial, content) VALUES ('open_3152', 0, 4, 'Nyumba ya matofali');
INSERT INTO `card` (id, type, title, header, content, option) VALUES ('open_3157', 0, 'Toa jina la Mtu yeyote?', 'assets/topic/pexels-photo-260487.jpeg', NULL, 'open');
INSERT INTO `cardExtra` (cardId, type, serial, content) VALUES ('open_3157', 0, 1, 'Kuku mwenye kofia ya kijivu');
INSERT INTO `cardExtra` (cardId, type, serial, content) VALUES ('open_3157', 0, 2, 'Kuku mwenye kofia ya rangi ya chungwa');
INSERT INTO `cardExtra` (cardId, type, serial, content) VALUES ('open_3157', 0, 3, 'Yai na kofia');
INSERT INTO `cardExtra` (cardId, type, serial, content) VALUES ('open_3157', 0, 4, 'Nyanya za rangi ya chungwa');
INSERT INTO `card` (id, type, title, header, content, option) VALUES ('open_3162', 0, 'Hii ni nyumba ya aina gani?', 'assets/topic/pexels-photo-260788.jpeg', NULL, 'open');
INSERT INTO `cardExtra` (cardId, type, serial, content) VALUES ('open_3162', 0, 1, 'Nyumba ya zamani');
INSERT INTO `cardExtra` (cardId, type, serial, content) VALUES ('open_3162', 0, 2, 'Kibanda');
INSERT INTO `cardExtra` (cardId, type, serial, content) VALUES ('open_3162', 0, 3, 'Nyumba ya jiwe');
INSERT INTO `cardExtra` (cardId, type, serial, content) VALUES ('open_3162', 0, 4, 'Nyumba ya matofali');
INSERT INTO `card` (id, type, title, header, content, option) VALUES ('open_3167', 0, 'Watoto wanafanya nini?', 'assets/topic/pexels-photo-296301.jpeg', NULL, 'open');
INSERT INTO `cardExtra` (cardId, type, serial, content) VALUES ('open_3167', 0, 1, 'Wamesimama kwenye mstari');
INSERT INTO `cardExtra` (cardId, type, serial, content) VALUES ('open_3167', 0, 2, 'Wako tayari kuruka');
INSERT INTO `cardExtra` (cardId, type, serial, content) VALUES ('open_3167', 0, 3, 'Wanakimbia kupitia vitalu');
INSERT INTO `cardExtra` (cardId, type, serial, content) VALUES ('open_3167', 0, 4, 'Wanamsubiria ndege');
INSERT INTO `card` (id, type, title, header, content, option) VALUES ('open_3172', 0, 'Watoto wanafanya nini?', 'assets/topic/pexels-photo-298297.jpeg', NULL, 'open');
INSERT INTO `cardExtra` (cardId, type, serial, content) VALUES ('open_3172', 0, 1, 'Wanaimba');
INSERT INTO `cardExtra` (cardId, type, serial, content) VALUES ('open_3172', 0, 2, 'Wanapiga fidla');
INSERT INTO `cardExtra` (cardId, type, serial, content) VALUES ('open_3172', 0, 3, 'Wanafurahia Karibu na Maji');
INSERT INTO `cardExtra` (cardId, type, serial, content) VALUES ('open_3172', 0, 4, 'Wanaburudika');
INSERT INTO `card` (id, type, title, header, content, option) VALUES ('open_3177', 0, 'Anafanya nini?', 'assets/topic/pexels-photo-345135.jpeg', NULL, 'open');
INSERT INTO `cardExtra` (cardId, type, serial, content) VALUES ('open_3177', 0, 1, 'Anachora mstari');
INSERT INTO `cardExtra` (cardId, type, serial, content) VALUES ('open_3177', 0, 2, 'Anachukua vipimo');
INSERT INTO `cardExtra` (cardId, type, serial, content) VALUES ('open_3177', 0, 3, 'Anakata Mbao');
INSERT INTO `cardExtra` (cardId, type, serial, content) VALUES ('open_3177', 0, 4, 'Anatengeneza samani');
INSERT INTO `card` (id, type, title, header, content, option) VALUES ('open_3182', 0, 'Je, ni aina gani ya wanyama wanaopatikana hapa?', 'assets/topic/pexels-photo-410074.jpeg', NULL, 'open');
INSERT INTO `cardExtra` (cardId, type, serial, content) VALUES ('open_3182', 0, 1, 'Nyoka');
INSERT INTO `cardExtra` (cardId, type, serial, content) VALUES ('open_3182', 0, 2, 'Mijusi wakubwa');
INSERT INTO `cardExtra` (cardId, type, serial, content) VALUES ('open_3182', 0, 3, 'Nge');
INSERT INTO `cardExtra` (cardId, type, serial, content) VALUES ('open_3182', 0, 4, 'Nguruwe pori');
INSERT INTO `card` (id, type, title, header, content, option) VALUES ('open_3187', 0, 'Ungependa kufanya nini ukienda huko?', 'assets/topic/pexels-photo-414458.jpeg', NULL, 'open');
INSERT INTO `cardExtra` (cardId, type, serial, content) VALUES ('open_3187', 0, 1, 'Nitachukua maua yote');
INSERT INTO `cardExtra` (cardId, type, serial, content) VALUES ('open_3187', 0, 2, 'Nitalala kwenye nyasi');
INSERT INTO `cardExtra` (cardId, type, serial, content) VALUES ('open_3187', 0, 3, 'Nitakaa juu ya mti');
INSERT INTO `cardExtra` (cardId, type, serial, content) VALUES ('open_3187', 0, 4, 'Nitacheza na ndege wengine');
INSERT INTO `card` (id, type, title, header, content, option) VALUES ('open_3192', 0, 'Anafanya nini pamoja na ile gari?', 'assets/topic/pexels-photo-422197.jpeg', NULL, 'open');
INSERT INTO `cardExtra` (cardId, type, serial, content) VALUES ('open_3192', 0, 1, 'Anapaka rangi');
INSERT INTO `cardExtra` (cardId, type, serial, content) VALUES ('open_3192', 0, 2, 'Anaisafisha');
INSERT INTO `cardExtra` (cardId, type, serial, content) VALUES ('open_3192', 0, 3, 'Anaiosha');
INSERT INTO `cardExtra` (cardId, type, serial, content) VALUES ('open_3192', 0, 4, 'Anaikarabati');
INSERT INTO `card` (id, type, title, header, content, option) VALUES ('open_3197', 0, 'Unasema nini kwa ndege hii?', 'assets/topic/pexels-photo-56708.jpeg', NULL, 'open');
INSERT INTO `cardExtra` (cardId, type, serial, content) VALUES ('open_3197', 0, 1, 'nakupenda');
INSERT INTO `cardExtra` (cardId, type, serial, content) VALUES ('open_3197', 0, 2, 'Matunda ni yako');
INSERT INTO `cardExtra` (cardId, type, serial, content) VALUES ('open_3197', 0, 3, 'Kula unachotaka');
INSERT INTO `cardExtra` (cardId, type, serial, content) VALUES ('open_3197', 0, 4, 'Ninyi nyote mnaonekana wazuri');
INSERT INTO `card` (id, type, title, header, content, option) VALUES ('open_3202', 0, 'Nini unaona kwenye picha?', 'assets/topic/pexels-photo-572937.jpeg', NULL, 'open');
INSERT INTO `cardExtra` (cardId, type, serial, content) VALUES ('open_3202', 0, 1, 'Miti mingi');
INSERT INTO `cardExtra` (cardId, type, serial, content) VALUES ('open_3202', 0, 2, 'Miti ya kijani');
INSERT INTO `cardExtra` (cardId, type, serial, content) VALUES ('open_3202', 0, 3, 'Msitu mkubwa');
INSERT INTO `cardExtra` (cardId, type, serial, content) VALUES ('open_3202', 0, 4, 'Msitu wa hatari');
INSERT INTO `card` (id, type, title, header, content, option) VALUES ('open_3207', 0, 'Utafanya nini na Tufaa?', 'assets/topic/pexels-photo-574919.jpeg', NULL, 'open');
INSERT INTO `cardExtra` (cardId, type, serial, content) VALUES ('open_3207', 0, 1, 'Nitayala yote');
INSERT INTO `cardExtra` (cardId, type, serial, content) VALUES ('open_3207', 0, 2, 'Nitatengeneza juisi ya Tofaa');
INSERT INTO `cardExtra` (cardId, type, serial, content) VALUES ('open_3207', 0, 3, 'Nitamgawia na rafiki yangu');
INSERT INTO `cardExtra` (cardId, type, serial, content) VALUES ('open_3207', 0, 4, 'Nitashiriki na familia yangu');
INSERT INTO `card` (id, type, title, header, content, option) VALUES ('open_3212', 0, 'Unapenda kumuona ndege gani hapa?', 'assets/topic/pexels-photo-621720.jpeg', NULL, 'open');
INSERT INTO `cardExtra` (cardId, type, serial, content) VALUES ('open_3212', 0, 1, 'Kasuku');
INSERT INTO `cardExtra` (cardId, type, serial, content) VALUES ('open_3212', 0, 2, 'Njiwa');
INSERT INTO `cardExtra` (cardId, type, serial, content) VALUES ('open_3212', 0, 3, 'Ndege upendo');
INSERT INTO `cardExtra` (cardId, type, serial, content) VALUES ('open_3212', 0, 4, 'Shomoro');
INSERT INTO `card` (id, type, title, header, content, option) VALUES ('open_3217', 0, 'Msichana anafanya nini?', 'assets/topic/pexels-photo-670237.jpeg', NULL, 'open');
INSERT INTO `cardExtra` (cardId, type, serial, content) VALUES ('open_3217', 0, 1, 'Anacheza kwenye maji');
INSERT INTO `cardExtra` (cardId, type, serial, content) VALUES ('open_3217', 0, 2, 'Anachezea bata');
INSERT INTO `cardExtra` (cardId, type, serial, content) VALUES ('open_3217', 0, 3, 'Anakuja karibu ya wazazi');
INSERT INTO `cardExtra` (cardId, type, serial, content) VALUES ('open_3217', 0, 4, 'Anaita marafiki zake wacheze nae');
INSERT INTO `card` (id, type, title, header, content, option) VALUES ('open_3222', 0, 'Unataka kuwaambia nini?', 'assets/topic/pexels-photo-715569.jpeg', NULL, 'open');
INSERT INTO `cardExtra` (cardId, type, serial, content) VALUES ('open_3222', 0, 1, 'Ninyi nyote mnaonekana wazuri');
INSERT INTO `cardExtra` (cardId, type, serial, content) VALUES ('open_3222', 0, 2, 'Njoo nyumbani');
INSERT INTO `cardExtra` (cardId, type, serial, content) VALUES ('open_3222', 0, 3, 'Mtakula nini');
INSERT INTO `cardExtra` (cardId, type, serial, content) VALUES ('open_3222', 0, 4, 'Nendeni mbali mnanitisha');
INSERT INTO `card` (id, type, title, header, content, option) VALUES ('open_3227', 0, 'Inaonekanaje kama?', 'assets/topic/pexels-photo-757292.jpeg', NULL, 'open');
INSERT INTO `cardExtra` (cardId, type, serial, content) VALUES ('open_3227', 0, 1, 'Mwamvuli');
INSERT INTO `cardExtra` (cardId, type, serial, content) VALUES ('open_3227', 0, 2, 'Nyumba ya makuti');
INSERT INTO `cardExtra` (cardId, type, serial, content) VALUES ('open_3227', 0, 3, 'Nusu ya jua');
INSERT INTO `cardExtra` (cardId, type, serial, content) VALUES ('open_3227', 0, 4, 'Pipi ya machungwa');
INSERT INTO `card` (id, type, title, header, content, option) VALUES ('open_3232', 0, 'Mtu anafanya nini?', 'assets/topic/pexels-photo-760984.jpeg', NULL, 'open');
INSERT INTO `cardExtra` (cardId, type, serial, content) VALUES ('open_3232', 0, 1, 'Analisha Bata');
INSERT INTO `cardExtra` (cardId, type, serial, content) VALUES ('open_3232', 0, 2, 'Analisha Bata Maji');
INSERT INTO `cardExtra` (cardId, type, serial, content) VALUES ('open_3232', 0, 3, 'Analisha njiwa');
INSERT INTO `cardExtra` (cardId, type, serial, content) VALUES ('open_3232', 0, 4, 'Analisha ndege Kren');
INSERT INTO `card` (id, type, title, header, content, option) VALUES ('open_3237', 0, 'Unaona nini katika uso wa watu?', 'assets/topic/pexels-photo-761148.jpeg', NULL, 'open');
INSERT INTO `cardExtra` (cardId, type, serial, content) VALUES ('open_3237', 0, 1, 'Furaha');
INSERT INTO `cardExtra` (cardId, type, serial, content) VALUES ('open_3237', 0, 2, 'Amani ya akili');
INSERT INTO `cardExtra` (cardId, type, serial, content) VALUES ('open_3237', 0, 3, 'Uchovu');
INSERT INTO `cardExtra` (cardId, type, serial, content) VALUES ('open_3237', 0, 4, 'Maisha ya kuridhika');
INSERT INTO `card` (id, type, title, header, content, option) VALUES ('open_3242', 0, 'Unataka kusema nini kwa ndege huyu?', 'assets/topic/pexels-photo-763197.jpeg', NULL, 'open');
INSERT INTO `cardExtra` (cardId, type, serial, content) VALUES ('open_3242', 0, 1, 'Macho yako ni mazuri');
INSERT INTO `cardExtra` (cardId, type, serial, content) VALUES ('open_3242', 0, 2, 'Rangi nzuri');
INSERT INTO `cardExtra` (cardId, type, serial, content) VALUES ('open_3242', 0, 3, 'Mdomo ni mzuri');
INSERT INTO `cardExtra` (cardId, type, serial, content) VALUES ('open_3242', 0, 4, 'Shingo inanga');
INSERT INTO `card` (id, type, title, header, content, option) VALUES ('open_3247', 0, 'Hatua hizi zinakupeleka wapi?', 'assets/topic/pexels-photo-904778.jpeg', NULL, 'open');
INSERT INTO `cardExtra` (cardId, type, serial, content) VALUES ('open_3247', 0, 1, 'Kwenye hekalu');
INSERT INTO `cardExtra` (cardId, type, serial, content) VALUES ('open_3247', 0, 2, 'Kwenye kilele cha mlima');
INSERT INTO `cardExtra` (cardId, type, serial, content) VALUES ('open_3247', 0, 3, 'Kwenye Nchi ndoto');
INSERT INTO `cardExtra` (cardId, type, serial, content) VALUES ('open_3247', 0, 4, 'Kwenye Mawingu');
INSERT INTO `card` (id, type, title, header, content, option) VALUES ('open_3252', 0, 'Mtu anafanya nini?', 'assets/topic/pexels-photo-916405.jpeg', NULL, 'open');
INSERT INTO `cardExtra` (cardId, type, serial, content) VALUES ('open_3252', 0, 1, 'Anarusha Wavu');
INSERT INTO `cardExtra` (cardId, type, serial, content) VALUES ('open_3252', 0, 2, 'Anajaribu kukamata samaki');
INSERT INTO `cardExtra` (cardId, type, serial, content) VALUES ('open_3252', 0, 3, 'Anataka kuanguka');
INSERT INTO `cardExtra` (cardId, type, serial, content) VALUES ('open_3252', 0, 4, 'Anacheza kwenye maji');
INSERT INTO `card` (id, type, title, header, content, option) VALUES ('open_3257', 0, 'Unataka kumwambia nini Penguin', 'assets/topic/pexels_penguin_snow.jpg', NULL, 'open');
INSERT INTO `cardExtra` (cardId, type, serial, content) VALUES ('open_3257', 0, 1, 'Wewe ni mzuri sana');
INSERT INTO `cardExtra` (cardId, type, serial, content) VALUES ('open_3257', 0, 2, 'Ninaweza kucheza na wewe?');
INSERT INTO `cardExtra` (cardId, type, serial, content) VALUES ('open_3257', 0, 3, 'Njoo nyumbani');
INSERT INTO `cardExtra` (cardId, type, serial, content) VALUES ('open_3257', 0, 4, 'Nitakupa chokoleti');
INSERT INTO `card` (id, type, title, header, content, option) VALUES ('open_3262', 0, 'Unaona nini?', 'assets/topic/pickerveg.jpg', NULL, 'open');
INSERT INTO `cardExtra` (cardId, type, serial, content) VALUES ('open_3262', 0, 1, 'Msichana mzuri');
INSERT INTO `cardExtra` (cardId, type, serial, content) VALUES ('open_3262', 0, 2, 'Tango');
INSERT INTO `cardExtra` (cardId, type, serial, content) VALUES ('open_3262', 0, 3, 'Sufuria');
INSERT INTO `cardExtra` (cardId, type, serial, content) VALUES ('open_3262', 0, 4, 'Shamba la Tango');
INSERT INTO `card` (id, type, title, header, content, option) VALUES ('open_3267', 0, 'Unapendelea mbogamboga zipi za majani?', 'assets/topic/picking-leaves.jpg', NULL, 'open');
INSERT INTO `cardExtra` (cardId, type, serial, content) VALUES ('open_3267', 0, 1, 'Spinachi');
INSERT INTO `cardExtra` (cardId, type, serial, content) VALUES ('open_3267', 0, 2, 'Kabichi');
INSERT INTO `cardExtra` (cardId, type, serial, content) VALUES ('open_3267', 0, 3, 'Mchicha');
INSERT INTO `cardExtra` (cardId, type, serial, content) VALUES ('open_3267', 0, 4, 'Chainizi');
INSERT INTO `card` (id, type, title, header, content, option) VALUES ('open_3272', 0, 'Unafikiria nini kuhusu picha?', 'assets/topic/pig_feeding.jpg', NULL, 'open');
INSERT INTO `cardExtra` (cardId, type, serial, content) VALUES ('open_3272', 0, 1, 'Mtoto ana njaa');
INSERT INTO `cardExtra` (cardId, type, serial, content) VALUES ('open_3272', 0, 2, 'Nguruwe anamlisha mtoto wake');
INSERT INTO `cardExtra` (cardId, type, serial, content) VALUES ('open_3272', 0, 3, 'Huduma ya mama');
INSERT INTO `cardExtra` (cardId, type, serial, content) VALUES ('open_3272', 0, 4, 'Upendo wa mama');
INSERT INTO `card` (id, type, title, header, content, option) VALUES ('open_3277', 0, 'Unapenda nini kuhusu mananasi?', 'assets/topic/pineapple-cutting.jpg', NULL, 'open');
INSERT INTO `cardExtra` (cardId, type, serial, content) VALUES ('open_3277', 0, 1, 'Tunda ni tamu');
INSERT INTO `cardExtra` (cardId, type, serial, content) VALUES ('open_3277', 0, 2, 'Juisi ni nzuri');
INSERT INTO `cardExtra` (cardId, type, serial, content) VALUES ('open_3277', 0, 3, 'Saladi ya matunda');
INSERT INTO `cardExtra` (cardId, type, serial, content) VALUES ('open_3277', 0, 4, 'Inatumiwa juu ya uso');
INSERT INTO `card` (id, type, title, header, content, option) VALUES ('open_3282', 0, 'Unapenda kuruka wapi ukiwa ndani yake?', 'assets/topic/plane.jpg', NULL, 'open');
INSERT INTO `cardExtra` (cardId, type, serial, content) VALUES ('open_3282', 0, 1, 'Kisiwani');
INSERT INTO `cardExtra` (cardId, type, serial, content) VALUES ('open_3282', 0, 2, 'Mbali ya nchi');
INSERT INTO `cardExtra` (cardId, type, serial, content) VALUES ('open_3282', 0, 3, 'Kote duniani');
INSERT INTO `cardExtra` (cardId, type, serial, content) VALUES ('open_3282', 0, 4, 'Nchi ya maajabu');
INSERT INTO `card` (id, type, title, header, content, option) VALUES ('open_3287', 0, 'Muelezee mtu kuhusu maua', 'assets/topic/plants-2689889_960_720.jpg', NULL, 'open');
INSERT INTO `cardExtra` (cardId, type, serial, content) VALUES ('open_3287', 0, 1, 'Ni makali');
INSERT INTO `cardExtra` (cardId, type, serial, content) VALUES ('open_3287', 0, 2, 'Petali nyingi');
INSERT INTO `cardExtra` (cardId, type, serial, content) VALUES ('open_3287', 0, 3, 'Yanafanana na jua');
INSERT INTO `cardExtra` (cardId, type, serial, content) VALUES ('open_3287', 0, 4, 'Rangi nzuri');
INSERT INTO `card` (id, type, title, header, content, option) VALUES ('open_3292', 0, 'Chagua rangi unayoipenda.', 'assets/topic/play-stone.jpeg', NULL, 'open');
INSERT INTO `cardExtra` (cardId, type, serial, content) VALUES ('open_3292', 0, 1, 'Kijani');
INSERT INTO `cardExtra` (cardId, type, serial, content) VALUES ('open_3292', 0, 2, 'Buluu');
INSERT INTO `cardExtra` (cardId, type, serial, content) VALUES ('open_3292', 0, 3, 'Nyekundu');
INSERT INTO `cardExtra` (cardId, type, serial, content) VALUES ('open_3292', 0, 4, 'Zambarau');
INSERT INTO `card` (id, type, title, header, content, option) VALUES ('open_3297', 0, 'Mama yake atasema nini?', 'assets/topic/rain_water.jpg', NULL, 'open');
INSERT INTO `cardExtra` (cardId, type, serial, content) VALUES ('open_3297', 0, 1, 'Atamkaripia');
INSERT INTO `cardExtra` (cardId, type, serial, content) VALUES ('open_3297', 0, 2, 'Anaweza kupata homa');
INSERT INTO `cardExtra` (cardId, type, serial, content) VALUES ('open_3297', 0, 3, 'Atampaka kuki');
INSERT INTO `cardExtra` (cardId, type, serial, content) VALUES ('open_3297', 0, 4, 'hatamrushusu acheze mchezo');
INSERT INTO `card` (id, type, title, header, content, option) VALUES ('open_3302', 0, 'Utasemaje kuhusu ndege?', 'assets/topic/rainbow-lorikeet-parrots-australia-rainbow-37833.jpeg', NULL, 'open');
INSERT INTO `cardExtra` (cardId, type, serial, content) VALUES ('open_3302', 0, 1, 'Unaonekana mrembo');
INSERT INTO `cardExtra` (cardId, type, serial, content) VALUES ('open_3302', 0, 2, 'nakupenda');
INSERT INTO `cardExtra` (cardId, type, serial, content) VALUES ('open_3302', 0, 3, 'Upinde wa mvua ni kama wewe');
INSERT INTO `cardExtra` (cardId, type, serial, content) VALUES ('open_3302', 0, 4, 'Shingo yako inang''aa');
INSERT INTO `card` (id, type, title, header, content, option) VALUES ('open_3307', 0, 'Nini unapenda kufanya wakati wa mvua?', 'assets/topic/raining_water.jpg', NULL, 'open');
INSERT INTO `cardExtra` (cardId, type, serial, content) VALUES ('open_3307', 0, 1, 'Kucheza kwenye mvua');
INSERT INTO `cardExtra` (cardId, type, serial, content) VALUES ('open_3307', 0, 2, 'Kuotesha miti');
INSERT INTO `cardExtra` (cardId, type, serial, content) VALUES ('open_3307', 0, 3, 'Kukuza Mazao');
INSERT INTO `cardExtra` (cardId, type, serial, content) VALUES ('open_3307', 0, 4, 'kula kuki za moto');
INSERT INTO `card` (id, type, title, header, content, option) VALUES ('open_3312', 0, 'Utawasaidiaje?', 'assets/topic/repairpipe.jpg', NULL, 'open');
INSERT INTO `cardExtra` (cardId, type, serial, content) VALUES ('open_3312', 0, 1, 'Nitashika bomba');
INSERT INTO `cardExtra` (cardId, type, serial, content) VALUES ('open_3312', 0, 2, 'Nifunga nguo');
INSERT INTO `cardExtra` (cardId, type, serial, content) VALUES ('open_3312', 0, 3, 'Niterekebisha bomba');
INSERT INTO `cardExtra` (cardId, type, serial, content) VALUES ('open_3312', 0, 4, 'Nitakaza msumari');
INSERT INTO `card` (id, type, title, header, content, option) VALUES ('open_3317', 0, 'Inaitwaje?', 'assets/topic/rickshaw.jpg', NULL, 'open');
INSERT INTO `cardExtra` (cardId, type, serial, content) VALUES ('open_3317', 0, 1, 'Bajaji');
INSERT INTO `cardExtra` (cardId, type, serial, content) VALUES ('open_3317', 0, 2, 'Bajaj');
INSERT INTO `cardExtra` (cardId, type, serial, content) VALUES ('open_3317', 0, 3, 'Auto');
INSERT INTO `cardExtra` (cardId, type, serial, content) VALUES ('open_3317', 0, 4, 'Rickshaw');
INSERT INTO `card` (id, type, title, header, content, option) VALUES ('open_3322', 0, 'Unaona nini kwenye picha?', 'assets/topic/rickshaw_tanga.jpg', NULL, 'open');
INSERT INTO `cardExtra` (cardId, type, serial, content) VALUES ('open_3322', 0, 1, 'Bajaji ya kuvutwa');
INSERT INTO `cardExtra` (cardId, type, serial, content) VALUES ('open_3322', 0, 2, 'Bajaji ya duara');
INSERT INTO `cardExtra` (cardId, type, serial, content) VALUES ('open_3322', 0, 3, 'Watu watatu wameketi juu yake');
INSERT INTO `cardExtra` (cardId, type, serial, content) VALUES ('open_3322', 0, 4, 'Mafuta ya Petroli hayahitajiki');
INSERT INTO `card` (id, type, title, header, content, option) VALUES ('open_3327', 0, 'Unapata wanyama gani wa majini hapa?', 'assets/topic/river_water.jpg', NULL, 'open');
INSERT INTO `cardExtra` (cardId, type, serial, content) VALUES ('open_3327', 0, 1, 'Mamba');
INSERT INTO `cardExtra` (cardId, type, serial, content) VALUES ('open_3327', 0, 2, 'Kiboko');
INSERT INTO `cardExtra` (cardId, type, serial, content) VALUES ('open_3327', 0, 3, 'Sili');
INSERT INTO `cardExtra` (cardId, type, serial, content) VALUES ('open_3327', 0, 4, 'Samaki Mkubwa');
INSERT INTO `card` (id, type, title, header, content, option) VALUES ('open_3332', 0, 'Unaona nini kwenye picha?', 'assets/topic/rocky-mountain.jpg', NULL, 'open');
INSERT INTO `cardExtra` (cardId, type, serial, content) VALUES ('open_3332', 0, 1, 'Milima mingi');
INSERT INTO `cardExtra` (cardId, type, serial, content) VALUES ('open_3332', 0, 2, 'Njia nzuri');
INSERT INTO `cardExtra` (cardId, type, serial, content) VALUES ('open_3332', 0, 3, 'Anga nzuri');
INSERT INTO `cardExtra` (cardId, type, serial, content) VALUES ('open_3332', 0, 4, 'Nyasi kidogo hapa na pale');
INSERT INTO `card` (id, type, title, header, content, option) VALUES ('open_3337', 0, 'Unataka kula saladi gani?', 'assets/topic/salad.jpg', NULL, 'open');
INSERT INTO `cardExtra` (cardId, type, serial, content) VALUES ('open_3337', 0, 1, 'Saladi ya stroberi');
INSERT INTO `cardExtra` (cardId, type, serial, content) VALUES ('open_3337', 0, 2, 'Saladi ya Buluuberi');
INSERT INTO `cardExtra` (cardId, type, serial, content) VALUES ('open_3337', 0, 3, 'Saladi ya Figi');
INSERT INTO `cardExtra` (cardId, type, serial, content) VALUES ('open_3337', 0, 4, 'Saladi ya Tofaa');
INSERT INTO `card` (id, type, title, header, content, option) VALUES ('open_3342', 0, 'Ungependa kupaka rangi kwa rangi gani?', 'assets/topic/scooter.jpg', NULL, 'open');
INSERT INTO `cardExtra` (cardId, type, serial, content) VALUES ('open_3342', 0, 1, 'Njano');
INSERT INTO `cardExtra` (cardId, type, serial, content) VALUES ('open_3342', 0, 2, 'waridi');
INSERT INTO `cardExtra` (cardId, type, serial, content) VALUES ('open_3342', 0, 3, 'Kijani');
INSERT INTO `cardExtra` (cardId, type, serial, content) VALUES ('open_3342', 0, 4, 'Zambarau');
INSERT INTO `card` (id, type, title, header, content, option) VALUES ('open_3347', 0, 'Unaona nini kwenye picha?', 'assets/topic/semins.jpg', NULL, 'open');
INSERT INTO `cardExtra` (cardId, type, serial, content) VALUES ('open_3347', 0, 1, 'Anga tulivu');
INSERT INTO `cardExtra` (cardId, type, serial, content) VALUES ('open_3347', 0, 2, 'Alfajiri');
INSERT INTO `cardExtra` (cardId, type, serial, content) VALUES ('open_3347', 0, 3, 'Theluji imejaa mlima');
INSERT INTO `cardExtra` (cardId, type, serial, content) VALUES ('open_3347', 0, 4, 'Milima miwili');
INSERT INTO `card` (id, type, title, header, content, option) VALUES ('open_3352', 0, 'Mnyama gani unaoona hapa?', 'assets/topic/serengeti_landscape.jpg', NULL, 'open');
INSERT INTO `cardExtra` (cardId, type, serial, content) VALUES ('open_3352', 0, 1, 'Punda milia');
INSERT INTO `cardExtra` (cardId, type, serial, content) VALUES ('open_3352', 0, 2, 'Nyati');
INSERT INTO `cardExtra` (cardId, type, serial, content) VALUES ('open_3352', 0, 3, 'Duma');
INSERT INTO `cardExtra` (cardId, type, serial, content) VALUES ('open_3352', 0, 4, 'Paa');
INSERT INTO `card` (id, type, title, header, content, option) VALUES ('open_3357', 0, 'Utasema nini kwa Papa yuleyule?', 'assets/topic/shark_ocean_dark.jpeg', NULL, 'open');
INSERT INTO `cardExtra` (cardId, type, serial, content) VALUES ('open_3357', 0, 1, 'Unatisha');
INSERT INTO `cardExtra` (cardId, type, serial, content) VALUES ('open_3357', 0, 2, 'Nenda zako');
INSERT INTO `cardExtra` (cardId, type, serial, content) VALUES ('open_3357', 0, 3, 'Papa na Meno makubwa');
INSERT INTO `cardExtra` (cardId, type, serial, content) VALUES ('open_3357', 0, 4, 'Inaogopesha sana');
INSERT INTO `card` (id, type, title, header, content, option) VALUES ('open_3362', 0, 'Utanunua nini kutoka hapa?', 'assets/topic/shop1.jpg', NULL, 'open');
INSERT INTO `cardExtra` (cardId, type, serial, content) VALUES ('open_3362', 0, 1, 'Ndizi');
INSERT INTO `cardExtra` (cardId, type, serial, content) VALUES ('open_3362', 0, 2, 'Tango');
INSERT INTO `cardExtra` (cardId, type, serial, content) VALUES ('open_3362', 0, 3, 'Nyanya');
INSERT INTO `cardExtra` (cardId, type, serial, content) VALUES ('open_3362', 0, 4, 'Vitunguu');
INSERT INTO `card` (id, type, title, header, content, option) VALUES ('open_3367', 0, 'Utanunua nini kutoka hapa?', 'assets/topic/shop2.jpg', NULL, 'open');
INSERT INTO `cardExtra` (cardId, type, serial, content) VALUES ('open_3367', 0, 1, 'Jagi la plastiki');
INSERT INTO `cardExtra` (cardId, type, serial, content) VALUES ('open_3367', 0, 2, 'Ndoo ya Plastiki');
INSERT INTO `cardExtra` (cardId, type, serial, content) VALUES ('open_3367', 0, 3, 'kamba');
INSERT INTO `cardExtra` (cardId, type, serial, content) VALUES ('open_3367', 0, 4, 'Boksi la sabuni');
INSERT INTO `card` (id, type, title, header, content, option) VALUES ('open_3372', 0, 'Unaona nini katika picha?', 'assets/topic/shop3.jpg', NULL, 'open');
INSERT INTO `cardExtra` (cardId, type, serial, content) VALUES ('open_3372', 0, 1, 'Muuzaji');
INSERT INTO `cardExtra` (cardId, type, serial, content) VALUES ('open_3372', 0, 2, 'Mnunuzi');
INSERT INTO `cardExtra` (cardId, type, serial, content) VALUES ('open_3372', 0, 3, 'Pilipili Hoho');
INSERT INTO `cardExtra` (cardId, type, serial, content) VALUES ('open_3372', 0, 4, 'Ndizi');
INSERT INTO `card` (id, type, title, header, content, option) VALUES ('open_3377', 0, 'Unapata nini hapa?', 'assets/topic/shop4.jpg', NULL, 'open');
INSERT INTO `cardExtra` (cardId, type, serial, content) VALUES ('open_3377', 0, 1, 'Chips');
INSERT INTO `cardExtra` (cardId, type, serial, content) VALUES ('open_3377', 0, 2, 'Shampuu');
INSERT INTO `cardExtra` (cardId, type, serial, content) VALUES ('open_3377', 0, 3, 'Juisi');
INSERT INTO `cardExtra` (cardId, type, serial, content) VALUES ('open_3377', 0, 4, 'Bidhaa za Huduma ya Urembo');
INSERT INTO `card` (id, type, title, header, content, option) VALUES ('open_3382', 0, 'Utanunua nini kutoka hapa?', 'assets/topic/shop5.jpg', NULL, 'open');
INSERT INTO `cardExtra` (cardId, type, serial, content) VALUES ('open_3382', 0, 1, 'Kaptura');
INSERT INTO `cardExtra` (cardId, type, serial, content) VALUES ('open_3382', 0, 2, 'Mashati');
INSERT INTO `cardExtra` (cardId, type, serial, content) VALUES ('open_3382', 0, 3, 'Makoti');
INSERT INTO `cardExtra` (cardId, type, serial, content) VALUES ('open_3382', 0, 4, 'Suruali');
INSERT INTO `card` (id, type, title, header, content, option) VALUES ('open_3387', 0, 'Vitu unavyovipenda vya tanuru la mikate?', 'assets/topic/shop6.jpg', NULL, 'open');
INSERT INTO `cardExtra` (cardId, type, serial, content) VALUES ('open_3387', 0, 1, 'Keki');
INSERT INTO `cardExtra` (cardId, type, serial, content) VALUES ('open_3387', 0, 2, 'Kuki');
INSERT INTO `cardExtra` (cardId, type, serial, content) VALUES ('open_3387', 0, 3, 'Mkate uwa kuchoma');
INSERT INTO `cardExtra` (cardId, type, serial, content) VALUES ('open_3387', 0, 4, 'Skonzi');
INSERT INTO `card` (id, type, title, header, content, option) VALUES ('open_3392', 0, 'Kuna matunda gani pale?', 'assets/topic/shop7.jpg', NULL, 'open');
INSERT INTO `cardExtra` (cardId, type, serial, content) VALUES ('open_3392', 0, 1, 'Embe');
INSERT INTO `cardExtra` (cardId, type, serial, content) VALUES ('open_3392', 0, 2, 'Tofaa');
INSERT INTO `cardExtra` (cardId, type, serial, content) VALUES ('open_3392', 0, 3, 'Boga');
INSERT INTO `cardExtra` (cardId, type, serial, content) VALUES ('open_3392', 0, 4, 'Tunda Kiwi');
INSERT INTO `card` (id, type, title, header, content, option) VALUES ('open_3397', 0, 'Sote tunapata nini hapa?', 'assets/topic/shop8.JPG', NULL, 'open');
INSERT INTO `cardExtra` (cardId, type, serial, content) VALUES ('open_3397', 0, 1, 'Sukari');
INSERT INTO `cardExtra` (cardId, type, serial, content) VALUES ('open_3397', 0, 2, 'Sabuni');
INSERT INTO `cardExtra` (cardId, type, serial, content) VALUES ('open_3397', 0, 3, 'Dawa ya Mswaki');
INSERT INTO `cardExtra` (cardId, type, serial, content) VALUES ('open_3397', 0, 4, 'Mafuta ya kupikia');
INSERT INTO `card` (id, type, title, header, content, option) VALUES ('open_3402', 0, 'Mpe paka jina zuri.', 'assets/topic/sleeping_cat.jpg', NULL, 'open');
INSERT INTO `cardExtra` (cardId, type, serial, content) VALUES ('open_3402', 0, 1, 'Konokono');
INSERT INTO `cardExtra` (cardId, type, serial, content) VALUES ('open_3402', 0, 2, 'Mtoto wa simba');
INSERT INTO `cardExtra` (cardId, type, serial, content) VALUES ('open_3402', 0, 3, 'Twiti');
INSERT INTO `cardExtra` (cardId, type, serial, content) VALUES ('open_3402', 0, 4, 'Pipi');
INSERT INTO `card` (id, type, title, header, content, option) VALUES ('open_3407', 0, 'Unaona nini katika picha?', 'assets/topic/snow-landscape-trees-winter.jpg', NULL, 'open');
INSERT INTO `cardExtra` (cardId, type, serial, content) VALUES ('open_3407', 0, 1, 'Miti');
INSERT INTO `cardExtra` (cardId, type, serial, content) VALUES ('open_3407', 0, 2, 'Theluji kila mahali');
INSERT INTO `cardExtra` (cardId, type, serial, content) VALUES ('open_3407', 0, 3, 'mti wa Krismasi');
INSERT INTO `cardExtra` (cardId, type, serial, content) VALUES ('open_3407', 0, 4, 'Msimu wa baridi');
INSERT INTO `card` (id, type, title, header, content, option) VALUES ('open_3412', 0, 'Unapenda kuwapa nini?', 'assets/topic/soccer-434343_960_720.jpg', NULL, 'open');
INSERT INTO `cardExtra` (cardId, type, serial, content) VALUES ('open_3412', 0, 1, 'Mpira wa miguu');
INSERT INTO `cardExtra` (cardId, type, serial, content) VALUES ('open_3412', 0, 2, 'Tikiti maji');
INSERT INTO `cardExtra` (cardId, type, serial, content) VALUES ('open_3412', 0, 3, 'Mpira wa wavu');
INSERT INTO `cardExtra` (cardId, type, serial, content) VALUES ('open_3412', 0, 4, 'Nazi');
INSERT INTO `card` (id, type, title, header, content, option) VALUES ('open_3417', 0, 'Unapenda kumwambia nini Twiga?', 'assets/topic/south-africa-giraffes.jpg', NULL, 'open');
INSERT INTO `cardExtra` (cardId, type, serial, content) VALUES ('open_3417', 0, 1, 'Una miguu mirefu');
INSERT INTO `cardExtra` (cardId, type, serial, content) VALUES ('open_3417', 0, 2, 'Unaoneka mrembo');
INSERT INTO `cardExtra` (cardId, type, serial, content) VALUES ('open_3417', 0, 3, 'Pembe zako zinachekesha');
INSERT INTO `cardExtra` (cardId, type, serial, content) VALUES ('open_3417', 0, 4, 'Shingo yako ni ndefu');
INSERT INTO `card` (id, type, title, header, content, option) VALUES ('open_3422', 0, 'Unaona nini katika picha?', 'assets/topic/stockholm.jpg', NULL, 'open');
INSERT INTO `cardExtra` (cardId, type, serial, content) VALUES ('open_3422', 0, 1, 'Maduka mengi');
INSERT INTO `cardExtra` (cardId, type, serial, content) VALUES ('open_3422', 0, 2, 'Maduka ya matunda');
INSERT INTO `cardExtra` (cardId, type, serial, content) VALUES ('open_3422', 0, 3, 'Maduka ya mbogamboga');
INSERT INTO `cardExtra` (cardId, type, serial, content) VALUES ('open_3422', 0, 4, 'Maduka ya matunda makavu');
INSERT INTO `card` (id, type, title, header, content, option) VALUES ('open_3427', 0, 'Paka anafanya nini?', 'assets/topic/stretching_body_cat.jpg', NULL, 'open');
INSERT INTO `cardExtra` (cardId, type, serial, content) VALUES ('open_3427', 0, 1, 'Tayari kukimbia');
INSERT INTO `cardExtra` (cardId, type, serial, content) VALUES ('open_3427', 0, 2, 'Zoezi');
INSERT INTO `cardExtra` (cardId, type, serial, content) VALUES ('open_3427', 0, 3, 'Yoga');
INSERT INTO `cardExtra` (cardId, type, serial, content) VALUES ('open_3427', 0, 4, 'Kujitegesha kwaajili ya kupigwa picha');
INSERT INTO `card` (id, type, title, header, content, option) VALUES ('open_3432', 0, 'Nini ungependa kufanya hapa?', 'assets/topic/sunset_lake.jpg', NULL, 'open');
INSERT INTO `cardExtra` (cardId, type, serial, content) VALUES ('open_3432', 0, 1, 'Kuogelea');
INSERT INTO `cardExtra` (cardId, type, serial, content) VALUES ('open_3432', 0, 2, 'Uvuvi');
INSERT INTO `cardExtra` (cardId, type, serial, content) VALUES ('open_3432', 0, 3, 'Kucheza na marafiki');
INSERT INTO `cardExtra` (cardId, type, serial, content) VALUES ('open_3432', 0, 4, 'Kufurahia khali ya hewa');
INSERT INTO `card` (id, type, title, header, content, option) VALUES ('open_3437', 0, 'Unaona nini katika picha?', 'assets/topic/sunset_ship.jpg', NULL, 'open');
INSERT INTO `cardExtra` (cardId, type, serial, content) VALUES ('open_3437', 0, 1, 'machweo');
INSERT INTO `cardExtra` (cardId, type, serial, content) VALUES ('open_3437', 0, 2, 'Mashua');
INSERT INTO `cardExtra` (cardId, type, serial, content) VALUES ('open_3437', 0, 3, 'Maji yaliyotulia');
INSERT INTO `cardExtra` (cardId, type, serial, content) VALUES ('open_3437', 0, 4, 'Ndege');
INSERT INTO `card` (id, type, title, header, content, option) VALUES ('open_3442', 0, 'Soko kubwa lipoje?', 'assets/topic/supermarket.jpg', NULL, 'open');
INSERT INTO `cardExtra` (cardId, type, serial, content) VALUES ('open_3442', 0, 1, 'Kubwa sana');
INSERT INTO `cardExtra` (cardId, type, serial, content) VALUES ('open_3442', 0, 2, 'Unapata kila kitu pale');
INSERT INTO `cardExtra` (cardId, type, serial, content) VALUES ('open_3442', 0, 3, 'Kuna kazi nyingi pale');
INSERT INTO `cardExtra` (cardId, type, serial, content) VALUES ('open_3442', 0, 4, 'Bei nzuri');
INSERT INTO `card` (id, type, title, header, content, option) VALUES ('open_3447', 0, 'Unaona nini katika picha', 'assets/topic/swans-2441210_960_720.jpg', NULL, 'open');
INSERT INTO `cardExtra` (cardId, type, serial, content) VALUES ('open_3447', 0, 1, 'Kikundi cha Bata');
INSERT INTO `cardExtra` (cardId, type, serial, content) VALUES ('open_3447', 0, 2, 'Mtoto bata');
INSERT INTO `cardExtra` (cardId, type, serial, content) VALUES ('open_3447', 0, 3, 'Watoto wa bata wapo salama');
INSERT INTO `cardExtra` (cardId, type, serial, content) VALUES ('open_3447', 0, 4, 'Bata wapo makini kuhusu watoto wao.');
INSERT INTO `card` (id, type, title, header, content, option) VALUES ('open_3452', 0, 'Mwanamke anafanya nini?', 'assets/topic/swinging.jpg', NULL, 'open');
INSERT INTO `cardExtra` (cardId, type, serial, content) VALUES ('open_3452', 0, 1, 'Anabembea');
INSERT INTO `cardExtra` (cardId, type, serial, content) VALUES ('open_3452', 0, 2, 'Anasoma');
INSERT INTO `cardExtra` (cardId, type, serial, content) VALUES ('open_3452', 0, 3, 'Anaangalia');
INSERT INTO `cardExtra` (cardId, type, serial, content) VALUES ('open_3452', 0, 4, 'Anafanya kazi');
INSERT INTO `card` (id, type, title, header, content, option) VALUES ('open_3457', 0, 'Unaona nini kwenye picha?', 'assets/topic/tanzania_eridubet.jpg', NULL, 'open');
INSERT INTO `cardExtra` (cardId, type, serial, content) VALUES ('open_3457', 0, 1, 'Kikundi cha watoto wanacheza');
INSERT INTO `cardExtra` (cardId, type, serial, content) VALUES ('open_3457', 0, 2, 'Watoto wanacheza Soka');
INSERT INTO `cardExtra` (cardId, type, serial, content) VALUES ('open_3457', 0, 3, 'Ni mapema asubuhi');
INSERT INTO `cardExtra` (cardId, type, serial, content) VALUES ('open_3457', 0, 4, 'Kuna vumbi kila mahali');
INSERT INTO `card` (id, type, title, header, content, option) VALUES ('open_3462', 0, 'Picha inahusu nini?', 'assets/topic/tanzania_mount.jpg', NULL, 'open');
INSERT INTO `cardExtra` (cardId, type, serial, content) VALUES ('open_3462', 0, 1, 'Mlima');
INSERT INTO `cardExtra` (cardId, type, serial, content) VALUES ('open_3462', 0, 2, 'Mlima wa kijani na bluu');
INSERT INTO `cardExtra` (cardId, type, serial, content) VALUES ('open_3462', 0, 3, 'Taji la wingu');
INSERT INTO `cardExtra` (cardId, type, serial, content) VALUES ('open_3462', 0, 4, 'Aiskrimu kama theluji juu');
INSERT INTO `card` (id, type, title, header, content, option) VALUES ('open_3467', 0, 'Ni nini kinachoonekana kwenye picha?', 'assets/topic/tanzania_national_park.jpg', NULL, 'open');
INSERT INTO `cardExtra` (cardId, type, serial, content) VALUES ('open_3467', 0, 1, 'Miti yenye matawi');
INSERT INTO `cardExtra` (cardId, type, serial, content) VALUES ('open_3467', 0, 2, 'Nyasi kavu');
INSERT INTO `cardExtra` (cardId, type, serial, content) VALUES ('open_3467', 0, 3, 'Anga la bluu lenye mawingu');
INSERT INTO `cardExtra` (cardId, type, serial, content) VALUES ('open_3467', 0, 4, 'Mlima');
INSERT INTO `card` (id, type, title, header, content, option) VALUES ('open_3472', 0, 'Unaona nini?', 'assets/topic/tanzania_road_dust.jpg', NULL, 'open');
INSERT INTO `cardExtra` (cardId, type, serial, content) VALUES ('open_3472', 0, 1, 'Barabara ya vumbi');
INSERT INTO `cardExtra` (cardId, type, serial, content) VALUES ('open_3472', 0, 2, 'Barabara tupu');
INSERT INTO `cardExtra` (cardId, type, serial, content) VALUES ('open_3472', 0, 3, 'Mimea ya kijani na miti');
INSERT INTO `cardExtra` (cardId, type, serial, content) VALUES ('open_3472', 0, 4, 'Mchana');
INSERT INTO `card` (id, type, title, header, content, option) VALUES ('open_3477', 0, 'Unaona nini kwenye picha?', 'assets/topic/tanzania_sunset.jpg', NULL, 'open');
INSERT INTO `cardExtra` (cardId, type, serial, content) VALUES ('open_3477', 0, 1, 'Mawio mazuri');
INSERT INTO `cardExtra` (cardId, type, serial, content) VALUES ('open_3477', 0, 2, 'Matawi yaliyolala');
INSERT INTO `cardExtra` (cardId, type, serial, content) VALUES ('open_3477', 0, 3, 'Anga ya rangi mbalimbali');
INSERT INTO `cardExtra` (cardId, type, serial, content) VALUES ('open_3477', 0, 4, 'Jioni tulivu');
INSERT INTO `card` (id, type, title, header, content, option) VALUES ('open_3482', 0, 'Unaona nini?', 'assets/topic/tea-harvest.jpg', NULL, 'open');
INSERT INTO `cardExtra` (cardId, type, serial, content) VALUES ('open_3482', 0, 1, 'Kuvuna Chai');
INSERT INTO `cardExtra` (cardId, type, serial, content) VALUES ('open_3482', 0, 2, 'Wanawake wanafanya kazi');
INSERT INTO `cardExtra` (cardId, type, serial, content) VALUES ('open_3482', 0, 3, 'Majani ya kijani');
INSERT INTO `cardExtra` (cardId, type, serial, content) VALUES ('open_3482', 0, 4, 'Bustani safi ya chai');
INSERT INTO `card` (id, type, title, header, content, option) VALUES ('open_3487', 0, 'Unaona nini?', 'assets/topic/tiger_inwater.jpg', NULL, 'open');
INSERT INTO `cardExtra` (cardId, type, serial, content) VALUES ('open_3487', 0, 1, 'Chui kapumzika');
INSERT INTO `cardExtra` (cardId, type, serial, content) VALUES ('open_3487', 0, 2, 'Kivuli cha Chui');
INSERT INTO `cardExtra` (cardId, type, serial, content) VALUES ('open_3487', 0, 3, 'Ukoka wa kijani');
INSERT INTO `cardExtra` (cardId, type, serial, content) VALUES ('open_3487', 0, 4, 'Siku ya joto ya jua kali');
INSERT INTO `card` (id, type, title, header, content, option) VALUES ('open_3492', 0, 'Unajua nini kuhusu gamba la kobe?', 'assets/topic/tortoise_green.jpeg', NULL, 'open');
INSERT INTO `cardExtra` (cardId, type, serial, content) VALUES ('open_3492', 0, 1, 'Gumu');
INSERT INTO `cardExtra` (cardId, type, serial, content) VALUES ('open_3492', 0, 2, 'Nene');
INSERT INTO `cardExtra` (cardId, type, serial, content) VALUES ('open_3492', 0, 3, 'Rangi ya kijani');
INSERT INTO `cardExtra` (cardId, type, serial, content) VALUES ('open_3492', 0, 4, 'Yeye hujificha ndani yake');
INSERT INTO `card` (id, type, title, header, content, option) VALUES ('open_3497', 0, 'Mji kama huu unapaswa kuwa na nini?', 'assets/topic/town-on-the-hill-in-santorini-greece.jpg', NULL, 'open');
INSERT INTO `cardExtra` (cardId, type, serial, content) VALUES ('open_3497', 0, 1, 'Hospitali');
INSERT INTO `cardExtra` (cardId, type, serial, content) VALUES ('open_3497', 0, 2, 'Shule');
INSERT INTO `cardExtra` (cardId, type, serial, content) VALUES ('open_3497', 0, 3, 'Kituo cha polisi');
INSERT INTO `cardExtra` (cardId, type, serial, content) VALUES ('open_3497', 0, 4, 'Usafiri');
INSERT INTO `card` (id, type, title, header, content, option) VALUES ('open_3502', 0, 'Niambie kuhusu Gari Moshi', 'assets/topic/train.jpg', NULL, 'open');
INSERT INTO `cardExtra` (cardId, type, serial, content) VALUES ('open_3502', 0, 1, 'Injini kubwa');
INSERT INTO `cardExtra` (cardId, type, serial, content) VALUES ('open_3502', 0, 2, 'Mabehewa Mengi');
INSERT INTO `cardExtra` (cardId, type, serial, content) VALUES ('open_3502', 0, 3, 'Yapo ya rangi tofauti');
INSERT INTO `cardExtra` (cardId, type, serial, content) VALUES ('open_3502', 0, 4, 'Dereva wa Gari Moshi');
INSERT INTO `card` (id, type, title, header, content, option) VALUES ('open_3507', 0, 'Unataka nini katika picha hii?', 'assets/topic/tree-desert-namibia-dead-vlei-68661.jpeg', NULL, 'open');
INSERT INTO `cardExtra` (cardId, type, serial, content) VALUES ('open_3507', 0, 1, 'Bwawa dogo');
INSERT INTO `cardExtra` (cardId, type, serial, content) VALUES ('open_3507', 0, 2, 'Mti wenye majani');
INSERT INTO `cardExtra` (cardId, type, serial, content) VALUES ('open_3507', 0, 3, 'Ndege');
INSERT INTO `cardExtra` (cardId, type, serial, content) VALUES ('open_3507', 0, 4, 'Wanyama');
INSERT INTO `card` (id, type, title, header, content, option) VALUES ('open_3512', 0, 'Chagua rangi moja ambayo iko katika upinde wa mvua.', 'assets/topic/triangles.png', NULL, 'open');
INSERT INTO `cardExtra` (cardId, type, serial, content) VALUES ('open_3512', 0, 1, 'Zambarau buluu');
INSERT INTO `cardExtra` (cardId, type, serial, content) VALUES ('open_3512', 0, 2, 'Buluu iliyokolea');
INSERT INTO `cardExtra` (cardId, type, serial, content) VALUES ('open_3512', 0, 3, 'Rangi ya chugwa');
INSERT INTO `cardExtra` (cardId, type, serial, content) VALUES ('open_3512', 0, 4, 'Njano');
INSERT INTO `card` (id, type, title, header, content, option) VALUES ('open_3517', 0, 'Unaona nini katika picha', 'assets/topic/truck_excavator.jpg', NULL, 'open');
INSERT INTO `cardExtra` (cardId, type, serial, content) VALUES ('open_3517', 0, 1, 'Lori');
INSERT INTO `cardExtra` (cardId, type, serial, content) VALUES ('open_3517', 0, 2, 'Tingatinga');
INSERT INTO `cardExtra` (cardId, type, serial, content) VALUES ('open_3517', 0, 3, 'Tingatinga linatoa matope');
INSERT INTO `cardExtra` (cardId, type, serial, content) VALUES ('open_3517', 0, 4, 'Lori ilijaa matope');
INSERT INTO `card` (id, type, title, header, content, option) VALUES ('open_3522', 0, 'Nini unaona kwenye picha?', 'assets/topic/uganda.jpg', NULL, 'open');
INSERT INTO `cardExtra` (cardId, type, serial, content) VALUES ('open_3522', 0, 1, 'Kijani kibichi');
INSERT INTO `cardExtra` (cardId, type, serial, content) VALUES ('open_3522', 0, 2, 'Mlima');
INSERT INTO `cardExtra` (cardId, type, serial, content) VALUES ('open_3522', 0, 3, 'Anga safi');
INSERT INTO `cardExtra` (cardId, type, serial, content) VALUES ('open_3522', 0, 4, 'Kivuli cha Mlima');
INSERT INTO `card` (id, type, title, header, content, option) VALUES ('open_3527', 0, 'Unapendelea Mwamvuli gani?', 'assets/topic/umbrella.jpeg', NULL, 'open');
INSERT INTO `cardExtra` (cardId, type, serial, content) VALUES ('open_3527', 0, 1, 'Mwamvuli wa rangi nyekundu');
INSERT INTO `cardExtra` (cardId, type, serial, content) VALUES ('open_3527', 0, 2, 'Mwamvuli wa rangi ya waridi');
INSERT INTO `cardExtra` (cardId, type, serial, content) VALUES ('open_3527', 0, 3, 'Mwamvuli wa rangi nyeusi');
INSERT INTO `cardExtra` (cardId, type, serial, content) VALUES ('open_3527', 0, 4, 'Mwamvuli wa rangi ya Njano');
INSERT INTO `card` (id, type, title, header, content, option) VALUES ('open_3532', 0, 'Ni kitu gani kizuri katika picha?', 'assets/topic/utah_mountain.jpg', NULL, 'open');
INSERT INTO `cardExtra` (cardId, type, serial, content) VALUES ('open_3532', 0, 1, 'Mawingu');
INSERT INTO `cardExtra` (cardId, type, serial, content) VALUES ('open_3532', 0, 2, 'Anga iliyojificha');
INSERT INTO `cardExtra` (cardId, type, serial, content) VALUES ('open_3532', 0, 3, 'Jua linalozama');
INSERT INTO `cardExtra` (cardId, type, serial, content) VALUES ('open_3532', 0, 4, 'Milima');
INSERT INTO `card` (id, type, title, header, content, option) VALUES ('open_3537', 0, 'Je! Mboga gani utapeleka nyumbani?', 'assets/topic/veg_shop.jpg', NULL, 'open');
INSERT INTO `cardExtra` (cardId, type, serial, content) VALUES ('open_3537', 0, 1, 'Figili');
INSERT INTO `cardExtra` (cardId, type, serial, content) VALUES ('open_3537', 0, 2, 'Koliflawa');
INSERT INTO `cardExtra` (cardId, type, serial, content) VALUES ('open_3537', 0, 3, 'Pilipili Hoho');
INSERT INTO `cardExtra` (cardId, type, serial, content) VALUES ('open_3537', 0, 4, 'Viazi');
INSERT INTO `card` (id, type, title, header, content, option) VALUES ('open_3542', 0, 'Chagua moja ?', 'assets/topic/vege.jpg', NULL, 'open');
INSERT INTO `cardExtra` (cardId, type, serial, content) VALUES ('open_3542', 0, 1, 'Limao');
INSERT INTO `cardExtra` (cardId, type, serial, content) VALUES ('open_3542', 0, 2, 'Kitunguu');
INSERT INTO `cardExtra` (cardId, type, serial, content) VALUES ('open_3542', 0, 3, 'Nyanya');
INSERT INTO `cardExtra` (cardId, type, serial, content) VALUES ('open_3542', 0, 4, 'Pilipili mbichi');
INSERT INTO `card` (id, type, title, header, content, option) VALUES ('open_3547', 0, 'Je! Tone la maji linaonekanaje?', 'assets/topic/water_drop.jpg', NULL, 'open');
INSERT INTO `cardExtra` (cardId, type, serial, content) VALUES ('open_3547', 0, 1, 'La duara');
INSERT INTO `cardExtra` (cardId, type, serial, content) VALUES ('open_3547', 0, 2, 'La mzunguko');
INSERT INTO `cardExtra` (cardId, type, serial, content) VALUES ('open_3547', 0, 3, 'Jua');
INSERT INTO `cardExtra` (cardId, type, serial, content) VALUES ('open_3547', 0, 4, 'Mwezi');
INSERT INTO `card` (id, type, title, header, content, option) VALUES ('open_3552', 0, 'Ni nini unachojaza kwa maji ya bomba?', 'assets/topic/water_tap.jpg', NULL, 'open');
INSERT INTO `cardExtra` (cardId, type, serial, content) VALUES ('open_3552', 0, 1, 'Jagi');
INSERT INTO `cardExtra` (cardId, type, serial, content) VALUES ('open_3552', 0, 2, 'Ndoo');
INSERT INTO `cardExtra` (cardId, type, serial, content) VALUES ('open_3552', 0, 3, 'Pipa');
INSERT INTO `cardExtra` (cardId, type, serial, content) VALUES ('open_3552', 0, 4, 'Bakuli');
INSERT INTO `card` (id, type, title, header, content, option) VALUES ('open_3557', 0, 'Nini unataka kuona kwenye picha?', 'assets/topic/water_wave.jpg', NULL, 'open');
INSERT INTO `cardExtra` (cardId, type, serial, content) VALUES ('open_3557', 0, 1, 'Nyangumi wa Buluu');
INSERT INTO `cardExtra` (cardId, type, serial, content) VALUES ('open_3557', 0, 2, 'Ndege');
INSERT INTO `cardExtra` (cardId, type, serial, content) VALUES ('open_3557', 0, 3, 'Watu wanacheza');
INSERT INTO `cardExtra` (cardId, type, serial, content) VALUES ('open_3557', 0, 4, 'Meli');
INSERT INTO `card` (id, type, title, header, content, option) VALUES ('open_3562', 0, 'Sema kitu kizuri', 'assets/topic/waterfall1.jpg', NULL, 'open');
INSERT INTO `cardExtra` (cardId, type, serial, content) VALUES ('open_3562', 0, 1, 'Nzuri');
INSERT INTO `cardExtra` (cardId, type, serial, content) VALUES ('open_3562', 0, 2, 'Ya rangi rangi');
INSERT INTO `cardExtra` (cardId, type, serial, content) VALUES ('open_3562', 0, 3, 'Dunia ya ndoto');
INSERT INTO `cardExtra` (cardId, type, serial, content) VALUES ('open_3562', 0, 4, 'Tembelea siku moja hapa');
INSERT INTO `card` (id, type, title, header, content, option) VALUES ('open_3567', 0, 'Unahisi kazi yake ikoje?', 'assets/topic/window-washer-2688434_960_720.jpg', NULL, 'open');
INSERT INTO `cardExtra` (cardId, type, serial, content) VALUES ('open_3567', 0, 1, 'Hatari');
INSERT INTO `cardExtra` (cardId, type, serial, content) VALUES ('open_3567', 0, 2, 'Ya kujitoa Muhanga');
INSERT INTO `cardExtra` (cardId, type, serial, content) VALUES ('open_3567', 0, 3, 'Ngumu');
INSERT INTO `cardExtra` (cardId, type, serial, content) VALUES ('open_3567', 0, 4, 'Ya Ujasiri');
INSERT INTO `card` (id, type, title, header, content, option) VALUES ('open_3572', 0, 'Je! Unaweza kusema nini kuhusu picha?', 'assets/topic/wood-forest-fire-fireplace.jpg', NULL, 'open');
INSERT INTO `cardExtra` (cardId, type, serial, content) VALUES ('open_3572', 0, 1, 'Magogo yaliyopangwa kwa Mpangilio');
INSERT INTO `cardExtra` (cardId, type, serial, content) VALUES ('open_3572', 0, 2, 'Utengenezwaji wa Samani');
INSERT INTO `cardExtra` (cardId, type, serial, content) VALUES ('open_3572', 0, 3, 'mzunguko katika kila Gogo');
INSERT INTO `cardExtra` (cardId, type, serial, content) VALUES ('open_3572', 0, 4, 'Kuandaa kujenga nyumba');
INSERT INTO `card` (id, type, title, header, content, option) VALUES ('open_3577', 0, 'Unaona nini?', 'assets/topic/woodland_road.jpg', NULL, 'open');
INSERT INTO `cardExtra` (cardId, type, serial, content) VALUES ('open_3577', 0, 1, 'Barabara nyembamba');
INSERT INTO `cardExtra` (cardId, type, serial, content) VALUES ('open_3577', 0, 2, 'Inaonekana kama msimu wa vuli');
INSERT INTO `cardExtra` (cardId, type, serial, content) VALUES ('open_3577', 0, 3, 'Miti imesimama kwa urefu');
INSERT INTO `cardExtra` (cardId, type, serial, content) VALUES ('open_3577', 0, 4, 'Barabara inaonekana nyekundu mbele');
INSERT INTO `card` (id, type, title, header, content, option) VALUES ('open_3582', 0, 'Picha inaonesha nini?', 'assets/topic/working-together.jpg', NULL, 'open');
INSERT INTO `cardExtra` (cardId, type, serial, content) VALUES ('open_3582', 0, 1, 'Kikundi cha watu wanaofanya kazi');
INSERT INTO `cardExtra` (cardId, type, serial, content) VALUES ('open_3582', 0, 2, 'Majadiliano');
INSERT INTO `cardExtra` (cardId, type, serial, content) VALUES ('open_3582', 0, 3, 'Vyumba vya mbao');
INSERT INTO `cardExtra` (cardId, type, serial, content) VALUES ('open_3582', 0, 4, 'Mtu mnene muongeaji');
INSERT INTO `card` (id, type, title, header, content, option) VALUES ('open_3587', 0, 'Je! Unaweza kuona nini?', 'assets/topic/yawning_cat.jpg', NULL, 'open');
INSERT INTO `cardExtra` (cardId, type, serial, content) VALUES ('open_3587', 0, 1, 'Paka anapiga Miayo');
INSERT INTO `cardExtra` (cardId, type, serial, content) VALUES ('open_3587', 0, 2, 'Paka anafungua mdogo kwa mapana');
INSERT INTO `cardExtra` (cardId, type, serial, content) VALUES ('open_3587', 0, 3, 'Paka anahisi usingizi');
INSERT INTO `cardExtra` (cardId, type, serial, content) VALUES ('open_3587', 0, 4, 'Paka anamuogopesha mtu');
INSERT INTO `card` (id, type, title, header, content, option) VALUES ('open_3592', 0, 'Je! Unaweza kuona nini kwenye picha?', 'assets/topic/zebra_animals.jpg', NULL, 'open');
INSERT INTO `cardExtra` (cardId, type, serial, content) VALUES ('open_3592', 0, 1, 'Pundamilia wawili wanaongea kila mmoja');
INSERT INTO `cardExtra` (cardId, type, serial, content) VALUES ('open_3592', 0, 2, 'Msitu wa kijani');
INSERT INTO `cardExtra` (cardId, type, serial, content) VALUES ('open_3592', 0, 3, 'Pundamilia wanajitegesha kupigwa picha');
INSERT INTO `cardExtra` (cardId, type, serial, content) VALUES ('open_3592', 0, 4, 'Pundamilia mnene anatikisa Mkia wake');
INSERT INTO `card` (id, type, title, header, content, option) VALUES ('open', 2, 'open', NULL, NULL, NULL);
INSERT INTO `collection` (id, serial, cardId) VALUES ('open', 1, 'open_2');
INSERT INTO `collection` (id, serial, cardId) VALUES ('open', 2, 'open_7');
INSERT INTO `collection` (id, serial, cardId) VALUES ('open', 3, 'open_12');
INSERT INTO `collection` (id, serial, cardId) VALUES ('open', 4, 'open_17');
INSERT INTO `collection` (id, serial, cardId) VALUES ('open', 5, 'open_22');
INSERT INTO `collection` (id, serial, cardId) VALUES ('open', 6, 'open_27');
INSERT INTO `collection` (id, serial, cardId) VALUES ('open', 7, 'open_32');
INSERT INTO `collection` (id, serial, cardId) VALUES ('open', 8, 'open_37');
INSERT INTO `collection` (id, serial, cardId) VALUES ('open', 9, 'open_42');
INSERT INTO `collection` (id, serial, cardId) VALUES ('open', 10, 'open_47');
INSERT INTO `collection` (id, serial, cardId) VALUES ('open', 11, 'open_52');
INSERT INTO `collection` (id, serial, cardId) VALUES ('open', 12, 'open_57');
INSERT INTO `collection` (id, serial, cardId) VALUES ('open', 13, 'open_62');
INSERT INTO `collection` (id, serial, cardId) VALUES ('open', 14, 'open_67');
INSERT INTO `collection` (id, serial, cardId) VALUES ('open', 15, 'open_72');
INSERT INTO `collection` (id, serial, cardId) VALUES ('open', 16, 'open_77');
INSERT INTO `collection` (id, serial, cardId) VALUES ('open', 17, 'open_82');
INSERT INTO `collection` (id, serial, cardId) VALUES ('open', 18, 'open_87');
INSERT INTO `collection` (id, serial, cardId) VALUES ('open', 19, 'open_92');
INSERT INTO `collection` (id, serial, cardId) VALUES ('open', 20, 'open_97');
INSERT INTO `collection` (id, serial, cardId) VALUES ('open', 21, 'open_102');
INSERT INTO `collection` (id, serial, cardId) VALUES ('open', 22, 'open_107');
INSERT INTO `collection` (id, serial, cardId) VALUES ('open', 23, 'open_112');
INSERT INTO `collection` (id, serial, cardId) VALUES ('open', 24, 'open_117');
INSERT INTO `collection` (id, serial, cardId) VALUES ('open', 25, 'open_122');
INSERT INTO `collection` (id, serial, cardId) VALUES ('open', 26, 'open_127');
INSERT INTO `collection` (id, serial, cardId) VALUES ('open', 27, 'open_132');
INSERT INTO `collection` (id, serial, cardId) VALUES ('open', 28, 'open_137');
INSERT INTO `collection` (id, serial, cardId) VALUES ('open', 29, 'open_142');
INSERT INTO `collection` (id, serial, cardId) VALUES ('open', 30, 'open_147');
INSERT INTO `collection` (id, serial, cardId) VALUES ('open', 31, 'open_152');
INSERT INTO `collection` (id, serial, cardId) VALUES ('open', 32, 'open_157');
INSERT INTO `collection` (id, serial, cardId) VALUES ('open', 33, 'open_162');
INSERT INTO `collection` (id, serial, cardId) VALUES ('open', 34, 'open_167');
INSERT INTO `collection` (id, serial, cardId) VALUES ('open', 35, 'open_172');
INSERT INTO `collection` (id, serial, cardId) VALUES ('open', 36, 'open_177');
INSERT INTO `collection` (id, serial, cardId) VALUES ('open', 37, 'open_182');
INSERT INTO `collection` (id, serial, cardId) VALUES ('open', 38, 'open_187');
INSERT INTO `collection` (id, serial, cardId) VALUES ('open', 39, 'open_192');
INSERT INTO `collection` (id, serial, cardId) VALUES ('open', 40, 'open_197');
INSERT INTO `collection` (id, serial, cardId) VALUES ('open', 41, 'open_202');
INSERT INTO `collection` (id, serial, cardId) VALUES ('open', 42, 'open_207');
INSERT INTO `collection` (id, serial, cardId) VALUES ('open', 43, 'open_212');
INSERT INTO `collection` (id, serial, cardId) VALUES ('open', 44, 'open_217');
INSERT INTO `collection` (id, serial, cardId) VALUES ('open', 45, 'open_222');
INSERT INTO `collection` (id, serial, cardId) VALUES ('open', 46, 'open_227');
INSERT INTO `collection` (id, serial, cardId) VALUES ('open', 47, 'open_232');
INSERT INTO `collection` (id, serial, cardId) VALUES ('open', 48, 'open_237');
INSERT INTO `collection` (id, serial, cardId) VALUES ('open', 49, 'open_242');
INSERT INTO `collection` (id, serial, cardId) VALUES ('open', 50, 'open_247');
INSERT INTO `collection` (id, serial, cardId) VALUES ('open', 51, 'open_252');
INSERT INTO `collection` (id, serial, cardId) VALUES ('open', 52, 'open_257');
INSERT INTO `collection` (id, serial, cardId) VALUES ('open', 53, 'open_262');
INSERT INTO `collection` (id, serial, cardId) VALUES ('open', 54, 'open_267');
INSERT INTO `collection` (id, serial, cardId) VALUES ('open', 55, 'open_272');
INSERT INTO `collection` (id, serial, cardId) VALUES ('open', 56, 'open_277');
INSERT INTO `collection` (id, serial, cardId) VALUES ('open', 57, 'open_282');
INSERT INTO `collection` (id, serial, cardId) VALUES ('open', 58, 'open_287');
INSERT INTO `collection` (id, serial, cardId) VALUES ('open', 59, 'open_292');
INSERT INTO `collection` (id, serial, cardId) VALUES ('open', 60, 'open_297');
INSERT INTO `collection` (id, serial, cardId) VALUES ('open', 61, 'open_302');
INSERT INTO `collection` (id, serial, cardId) VALUES ('open', 62, 'open_307');
INSERT INTO `collection` (id, serial, cardId) VALUES ('open', 63, 'open_312');
INSERT INTO `collection` (id, serial, cardId) VALUES ('open', 64, 'open_317');
INSERT INTO `collection` (id, serial, cardId) VALUES ('open', 65, 'open_322');
INSERT INTO `collection` (id, serial, cardId) VALUES ('open', 66, 'open_327');
INSERT INTO `collection` (id, serial, cardId) VALUES ('open', 67, 'open_332');
INSERT INTO `collection` (id, serial, cardId) VALUES ('open', 68, 'open_337');
INSERT INTO `collection` (id, serial, cardId) VALUES ('open', 69, 'open_342');
INSERT INTO `collection` (id, serial, cardId) VALUES ('open', 70, 'open_347');
INSERT INTO `collection` (id, serial, cardId) VALUES ('open', 71, 'open_352');
INSERT INTO `collection` (id, serial, cardId) VALUES ('open', 72, 'open_357');
INSERT INTO `collection` (id, serial, cardId) VALUES ('open', 73, 'open_362');
INSERT INTO `collection` (id, serial, cardId) VALUES ('open', 74, 'open_367');
INSERT INTO `collection` (id, serial, cardId) VALUES ('open', 75, 'open_372');
INSERT INTO `collection` (id, serial, cardId) VALUES ('open', 76, 'open_377');
INSERT INTO `collection` (id, serial, cardId) VALUES ('open', 77, 'open_382');
INSERT INTO `collection` (id, serial, cardId) VALUES ('open', 78, 'open_387');
INSERT INTO `collection` (id, serial, cardId) VALUES ('open', 79, 'open_392');
INSERT INTO `collection` (id, serial, cardId) VALUES ('open', 80, 'open_397');
INSERT INTO `collection` (id, serial, cardId) VALUES ('open', 81, 'open_402');
INSERT INTO `collection` (id, serial, cardId) VALUES ('open', 82, 'open_407');
INSERT INTO `collection` (id, serial, cardId) VALUES ('open', 83, 'open_412');
INSERT INTO `collection` (id, serial, cardId) VALUES ('open', 84, 'open_417');
INSERT INTO `collection` (id, serial, cardId) VALUES ('open', 85, 'open_422');
INSERT INTO `collection` (id, serial, cardId) VALUES ('open', 86, 'open_427');
INSERT INTO `collection` (id, serial, cardId) VALUES ('open', 87, 'open_432');
INSERT INTO `collection` (id, serial, cardId) VALUES ('open', 88, 'open_437');
INSERT INTO `collection` (id, serial, cardId) VALUES ('open', 89, 'open_442');
INSERT INTO `collection` (id, serial, cardId) VALUES ('open', 90, 'open_447');
INSERT INTO `collection` (id, serial, cardId) VALUES ('open', 91, 'open_452');
INSERT INTO `collection` (id, serial, cardId) VALUES ('open', 92, 'open_457');
INSERT INTO `collection` (id, serial, cardId) VALUES ('open', 93, 'open_462');
INSERT INTO `collection` (id, serial, cardId) VALUES ('open', 94, 'open_467');
INSERT INTO `collection` (id, serial, cardId) VALUES ('open', 95, 'open_472');
INSERT INTO `collection` (id, serial, cardId) VALUES ('open', 96, 'open_477');
INSERT INTO `collection` (id, serial, cardId) VALUES ('open', 97, 'open_482');
INSERT INTO `collection` (id, serial, cardId) VALUES ('open', 98, 'open_487');
INSERT INTO `collection` (id, serial, cardId) VALUES ('open', 99, 'open_492');
INSERT INTO `collection` (id, serial, cardId) VALUES ('open', 100, 'open_497');
INSERT INTO `collection` (id, serial, cardId) VALUES ('open', 101, 'open_502');
INSERT INTO `collection` (id, serial, cardId) VALUES ('open', 102, 'open_507');
INSERT INTO `collection` (id, serial, cardId) VALUES ('open', 103, 'open_512');
INSERT INTO `collection` (id, serial, cardId) VALUES ('open', 104, 'open_517');
INSERT INTO `collection` (id, serial, cardId) VALUES ('open', 105, 'open_522');
INSERT INTO `collection` (id, serial, cardId) VALUES ('open', 106, 'open_527');
INSERT INTO `collection` (id, serial, cardId) VALUES ('open', 107, 'open_532');
INSERT INTO `collection` (id, serial, cardId) VALUES ('open', 108, 'open_537');
INSERT INTO `collection` (id, serial, cardId) VALUES ('open', 109, 'open_542');
INSERT INTO `collection` (id, serial, cardId) VALUES ('open', 110, 'open_547');
INSERT INTO `collection` (id, serial, cardId) VALUES ('open', 111, 'open_552');
INSERT INTO `collection` (id, serial, cardId) VALUES ('open', 112, 'open_557');
INSERT INTO `collection` (id, serial, cardId) VALUES ('open', 113, 'open_562');
INSERT INTO `collection` (id, serial, cardId) VALUES ('open', 114, 'open_567');
INSERT INTO `collection` (id, serial, cardId) VALUES ('open', 115, 'open_572');
INSERT INTO `collection` (id, serial, cardId) VALUES ('open', 116, 'open_577');
INSERT INTO `collection` (id, serial, cardId) VALUES ('open', 117, 'open_582');
INSERT INTO `collection` (id, serial, cardId) VALUES ('open', 118, 'open_587');
INSERT INTO `collection` (id, serial, cardId) VALUES ('open', 119, 'open_592');
INSERT INTO `collection` (id, serial, cardId) VALUES ('open', 120, 'open_597');
INSERT INTO `collection` (id, serial, cardId) VALUES ('open', 121, 'open_602');
INSERT INTO `collection` (id, serial, cardId) VALUES ('open', 122, 'open_607');
INSERT INTO `collection` (id, serial, cardId) VALUES ('open', 123, 'open_612');
INSERT INTO `collection` (id, serial, cardId) VALUES ('open', 124, 'open_617');
INSERT INTO `collection` (id, serial, cardId) VALUES ('open', 125, 'open_622');
INSERT INTO `collection` (id, serial, cardId) VALUES ('open', 126, 'open_627');
INSERT INTO `collection` (id, serial, cardId) VALUES ('open', 127, 'open_632');
INSERT INTO `collection` (id, serial, cardId) VALUES ('open', 128, 'open_637');
INSERT INTO `collection` (id, serial, cardId) VALUES ('open', 129, 'open_642');
INSERT INTO `collection` (id, serial, cardId) VALUES ('open', 130, 'open_647');
INSERT INTO `collection` (id, serial, cardId) VALUES ('open', 131, 'open_652');
INSERT INTO `collection` (id, serial, cardId) VALUES ('open', 132, 'open_657');
INSERT INTO `collection` (id, serial, cardId) VALUES ('open', 133, 'open_662');
INSERT INTO `collection` (id, serial, cardId) VALUES ('open', 134, 'open_667');
INSERT INTO `collection` (id, serial, cardId) VALUES ('open', 135, 'open_672');
INSERT INTO `collection` (id, serial, cardId) VALUES ('open', 136, 'open_677');
INSERT INTO `collection` (id, serial, cardId) VALUES ('open', 137, 'open_682');
INSERT INTO `collection` (id, serial, cardId) VALUES ('open', 138, 'open_687');
INSERT INTO `collection` (id, serial, cardId) VALUES ('open', 139, 'open_692');
INSERT INTO `collection` (id, serial, cardId) VALUES ('open', 140, 'open_697');
INSERT INTO `collection` (id, serial, cardId) VALUES ('open', 141, 'open_702');
INSERT INTO `collection` (id, serial, cardId) VALUES ('open', 142, 'open_707');
INSERT INTO `collection` (id, serial, cardId) VALUES ('open', 143, 'open_712');
INSERT INTO `collection` (id, serial, cardId) VALUES ('open', 144, 'open_717');
INSERT INTO `collection` (id, serial, cardId) VALUES ('open', 145, 'open_722');
INSERT INTO `collection` (id, serial, cardId) VALUES ('open', 146, 'open_727');
INSERT INTO `collection` (id, serial, cardId) VALUES ('open', 147, 'open_732');
INSERT INTO `collection` (id, serial, cardId) VALUES ('open', 148, 'open_737');
INSERT INTO `collection` (id, serial, cardId) VALUES ('open', 149, 'open_742');
INSERT INTO `collection` (id, serial, cardId) VALUES ('open', 150, 'open_747');
INSERT INTO `collection` (id, serial, cardId) VALUES ('open', 151, 'open_752');
INSERT INTO `collection` (id, serial, cardId) VALUES ('open', 152, 'open_757');
INSERT INTO `collection` (id, serial, cardId) VALUES ('open', 153, 'open_762');
INSERT INTO `collection` (id, serial, cardId) VALUES ('open', 154, 'open_767');
INSERT INTO `collection` (id, serial, cardId) VALUES ('open', 155, 'open_772');
INSERT INTO `collection` (id, serial, cardId) VALUES ('open', 156, 'open_777');
INSERT INTO `collection` (id, serial, cardId) VALUES ('open', 157, 'open_782');
INSERT INTO `collection` (id, serial, cardId) VALUES ('open', 158, 'open_787');
INSERT INTO `collection` (id, serial, cardId) VALUES ('open', 159, 'open_792');
INSERT INTO `collection` (id, serial, cardId) VALUES ('open', 160, 'open_797');
INSERT INTO `collection` (id, serial, cardId) VALUES ('open', 161, 'open_802');
INSERT INTO `collection` (id, serial, cardId) VALUES ('open', 162, 'open_807');
INSERT INTO `collection` (id, serial, cardId) VALUES ('open', 163, 'open_812');
INSERT INTO `collection` (id, serial, cardId) VALUES ('open', 164, 'open_817');
INSERT INTO `collection` (id, serial, cardId) VALUES ('open', 165, 'open_822');
INSERT INTO `collection` (id, serial, cardId) VALUES ('open', 166, 'open_827');
INSERT INTO `collection` (id, serial, cardId) VALUES ('open', 167, 'open_832');
INSERT INTO `collection` (id, serial, cardId) VALUES ('open', 168, 'open_837');
INSERT INTO `collection` (id, serial, cardId) VALUES ('open', 169, 'open_842');
INSERT INTO `collection` (id, serial, cardId) VALUES ('open', 170, 'open_847');
INSERT INTO `collection` (id, serial, cardId) VALUES ('open', 171, 'open_852');
INSERT INTO `collection` (id, serial, cardId) VALUES ('open', 172, 'open_857');
INSERT INTO `collection` (id, serial, cardId) VALUES ('open', 173, 'open_862');
INSERT INTO `collection` (id, serial, cardId) VALUES ('open', 174, 'open_867');
INSERT INTO `collection` (id, serial, cardId) VALUES ('open', 175, 'open_872');
INSERT INTO `collection` (id, serial, cardId) VALUES ('open', 176, 'open_877');
INSERT INTO `collection` (id, serial, cardId) VALUES ('open', 177, 'open_882');
INSERT INTO `collection` (id, serial, cardId) VALUES ('open', 178, 'open_887');
INSERT INTO `collection` (id, serial, cardId) VALUES ('open', 179, 'open_892');
INSERT INTO `collection` (id, serial, cardId) VALUES ('open', 180, 'open_897');
INSERT INTO `collection` (id, serial, cardId) VALUES ('open', 181, 'open_902');
INSERT INTO `collection` (id, serial, cardId) VALUES ('open', 182, 'open_907');
INSERT INTO `collection` (id, serial, cardId) VALUES ('open', 183, 'open_912');
INSERT INTO `collection` (id, serial, cardId) VALUES ('open', 184, 'open_917');
INSERT INTO `collection` (id, serial, cardId) VALUES ('open', 185, 'open_922');
INSERT INTO `collection` (id, serial, cardId) VALUES ('open', 186, 'open_927');
INSERT INTO `collection` (id, serial, cardId) VALUES ('open', 187, 'open_932');
INSERT INTO `collection` (id, serial, cardId) VALUES ('open', 188, 'open_937');
INSERT INTO `collection` (id, serial, cardId) VALUES ('open', 189, 'open_942');
INSERT INTO `collection` (id, serial, cardId) VALUES ('open', 190, 'open_947');
INSERT INTO `collection` (id, serial, cardId) VALUES ('open', 191, 'open_952');
INSERT INTO `collection` (id, serial, cardId) VALUES ('open', 192, 'open_957');
INSERT INTO `collection` (id, serial, cardId) VALUES ('open', 193, 'open_962');
INSERT INTO `collection` (id, serial, cardId) VALUES ('open', 194, 'open_967');
INSERT INTO `collection` (id, serial, cardId) VALUES ('open', 195, 'open_972');
INSERT INTO `collection` (id, serial, cardId) VALUES ('open', 196, 'open_977');
INSERT INTO `collection` (id, serial, cardId) VALUES ('open', 197, 'open_982');
INSERT INTO `collection` (id, serial, cardId) VALUES ('open', 198, 'open_987');
INSERT INTO `collection` (id, serial, cardId) VALUES ('open', 199, 'open_992');
INSERT INTO `collection` (id, serial, cardId) VALUES ('open', 200, 'open_997');
INSERT INTO `collection` (id, serial, cardId) VALUES ('open', 201, 'open_1002');
INSERT INTO `collection` (id, serial, cardId) VALUES ('open', 202, 'open_1007');
INSERT INTO `collection` (id, serial, cardId) VALUES ('open', 203, 'open_1012');
INSERT INTO `collection` (id, serial, cardId) VALUES ('open', 204, 'open_1017');
INSERT INTO `collection` (id, serial, cardId) VALUES ('open', 205, 'open_1022');
INSERT INTO `collection` (id, serial, cardId) VALUES ('open', 206, 'open_1027');
INSERT INTO `collection` (id, serial, cardId) VALUES ('open', 207, 'open_1032');
INSERT INTO `collection` (id, serial, cardId) VALUES ('open', 208, 'open_1037');
INSERT INTO `collection` (id, serial, cardId) VALUES ('open', 209, 'open_1042');
INSERT INTO `collection` (id, serial, cardId) VALUES ('open', 210, 'open_1047');
INSERT INTO `collection` (id, serial, cardId) VALUES ('open', 211, 'open_1052');
INSERT INTO `collection` (id, serial, cardId) VALUES ('open', 212, 'open_1057');
INSERT INTO `collection` (id, serial, cardId) VALUES ('open', 213, 'open_1062');
INSERT INTO `collection` (id, serial, cardId) VALUES ('open', 214, 'open_1067');
INSERT INTO `collection` (id, serial, cardId) VALUES ('open', 215, 'open_1072');
INSERT INTO `collection` (id, serial, cardId) VALUES ('open', 216, 'open_1077');
INSERT INTO `collection` (id, serial, cardId) VALUES ('open', 217, 'open_1082');
INSERT INTO `collection` (id, serial, cardId) VALUES ('open', 218, 'open_1087');
INSERT INTO `collection` (id, serial, cardId) VALUES ('open', 219, 'open_1092');
INSERT INTO `collection` (id, serial, cardId) VALUES ('open', 220, 'open_1097');
INSERT INTO `collection` (id, serial, cardId) VALUES ('open', 221, 'open_1102');
INSERT INTO `collection` (id, serial, cardId) VALUES ('open', 222, 'open_1107');
INSERT INTO `collection` (id, serial, cardId) VALUES ('open', 223, 'open_1112');
INSERT INTO `collection` (id, serial, cardId) VALUES ('open', 224, 'open_1117');
INSERT INTO `collection` (id, serial, cardId) VALUES ('open', 225, 'open_1122');
INSERT INTO `collection` (id, serial, cardId) VALUES ('open', 226, 'open_1127');
INSERT INTO `collection` (id, serial, cardId) VALUES ('open', 227, 'open_1132');
INSERT INTO `collection` (id, serial, cardId) VALUES ('open', 228, 'open_1137');
INSERT INTO `collection` (id, serial, cardId) VALUES ('open', 229, 'open_1142');
INSERT INTO `collection` (id, serial, cardId) VALUES ('open', 230, 'open_1147');
INSERT INTO `collection` (id, serial, cardId) VALUES ('open', 231, 'open_1152');
INSERT INTO `collection` (id, serial, cardId) VALUES ('open', 232, 'open_1157');
INSERT INTO `collection` (id, serial, cardId) VALUES ('open', 233, 'open_1162');
INSERT INTO `collection` (id, serial, cardId) VALUES ('open', 234, 'open_1167');
INSERT INTO `collection` (id, serial, cardId) VALUES ('open', 235, 'open_1172');
INSERT INTO `collection` (id, serial, cardId) VALUES ('open', 236, 'open_1177');
INSERT INTO `collection` (id, serial, cardId) VALUES ('open', 237, 'open_1182');
INSERT INTO `collection` (id, serial, cardId) VALUES ('open', 238, 'open_1187');
INSERT INTO `collection` (id, serial, cardId) VALUES ('open', 239, 'open_1192');
INSERT INTO `collection` (id, serial, cardId) VALUES ('open', 240, 'open_1197');
INSERT INTO `collection` (id, serial, cardId) VALUES ('open', 241, 'open_1202');
INSERT INTO `collection` (id, serial, cardId) VALUES ('open', 242, 'open_1207');
INSERT INTO `collection` (id, serial, cardId) VALUES ('open', 243, 'open_1212');
INSERT INTO `collection` (id, serial, cardId) VALUES ('open', 244, 'open_1217');
INSERT INTO `collection` (id, serial, cardId) VALUES ('open', 245, 'open_1222');
INSERT INTO `collection` (id, serial, cardId) VALUES ('open', 246, 'open_1227');
INSERT INTO `collection` (id, serial, cardId) VALUES ('open', 247, 'open_1232');
INSERT INTO `collection` (id, serial, cardId) VALUES ('open', 248, 'open_1237');
INSERT INTO `collection` (id, serial, cardId) VALUES ('open', 249, 'open_1242');
INSERT INTO `collection` (id, serial, cardId) VALUES ('open', 250, 'open_1247');
INSERT INTO `collection` (id, serial, cardId) VALUES ('open', 251, 'open_1252');
INSERT INTO `collection` (id, serial, cardId) VALUES ('open', 252, 'open_1257');
INSERT INTO `collection` (id, serial, cardId) VALUES ('open', 253, 'open_1262');
INSERT INTO `collection` (id, serial, cardId) VALUES ('open', 254, 'open_1267');
INSERT INTO `collection` (id, serial, cardId) VALUES ('open', 255, 'open_1272');
INSERT INTO `collection` (id, serial, cardId) VALUES ('open', 256, 'open_1277');
INSERT INTO `collection` (id, serial, cardId) VALUES ('open', 257, 'open_1282');
INSERT INTO `collection` (id, serial, cardId) VALUES ('open', 258, 'open_1287');
INSERT INTO `collection` (id, serial, cardId) VALUES ('open', 259, 'open_1292');
INSERT INTO `collection` (id, serial, cardId) VALUES ('open', 260, 'open_1297');
INSERT INTO `collection` (id, serial, cardId) VALUES ('open', 261, 'open_1302');
INSERT INTO `collection` (id, serial, cardId) VALUES ('open', 262, 'open_1307');
INSERT INTO `collection` (id, serial, cardId) VALUES ('open', 263, 'open_1312');
INSERT INTO `collection` (id, serial, cardId) VALUES ('open', 264, 'open_1317');
INSERT INTO `collection` (id, serial, cardId) VALUES ('open', 265, 'open_1322');
INSERT INTO `collection` (id, serial, cardId) VALUES ('open', 266, 'open_1327');
INSERT INTO `collection` (id, serial, cardId) VALUES ('open', 267, 'open_1332');
INSERT INTO `collection` (id, serial, cardId) VALUES ('open', 268, 'open_1337');
INSERT INTO `collection` (id, serial, cardId) VALUES ('open', 269, 'open_1342');
INSERT INTO `collection` (id, serial, cardId) VALUES ('open', 270, 'open_1347');
INSERT INTO `collection` (id, serial, cardId) VALUES ('open', 271, 'open_1352');
INSERT INTO `collection` (id, serial, cardId) VALUES ('open', 272, 'open_1357');
INSERT INTO `collection` (id, serial, cardId) VALUES ('open', 273, 'open_1362');
INSERT INTO `collection` (id, serial, cardId) VALUES ('open', 274, 'open_1367');
INSERT INTO `collection` (id, serial, cardId) VALUES ('open', 275, 'open_1372');
INSERT INTO `collection` (id, serial, cardId) VALUES ('open', 276, 'open_1377');
INSERT INTO `collection` (id, serial, cardId) VALUES ('open', 277, 'open_1382');
INSERT INTO `collection` (id, serial, cardId) VALUES ('open', 278, 'open_1387');
INSERT INTO `collection` (id, serial, cardId) VALUES ('open', 279, 'open_1392');
INSERT INTO `collection` (id, serial, cardId) VALUES ('open', 280, 'open_1397');
INSERT INTO `collection` (id, serial, cardId) VALUES ('open', 281, 'open_1402');
INSERT INTO `collection` (id, serial, cardId) VALUES ('open', 282, 'open_1407');
INSERT INTO `collection` (id, serial, cardId) VALUES ('open', 283, 'open_1412');
INSERT INTO `collection` (id, serial, cardId) VALUES ('open', 284, 'open_1417');
INSERT INTO `collection` (id, serial, cardId) VALUES ('open', 285, 'open_1422');
INSERT INTO `collection` (id, serial, cardId) VALUES ('open', 286, 'open_1427');
INSERT INTO `collection` (id, serial, cardId) VALUES ('open', 287, 'open_1432');
INSERT INTO `collection` (id, serial, cardId) VALUES ('open', 288, 'open_1437');
INSERT INTO `collection` (id, serial, cardId) VALUES ('open', 289, 'open_1442');
INSERT INTO `collection` (id, serial, cardId) VALUES ('open', 290, 'open_1447');
INSERT INTO `collection` (id, serial, cardId) VALUES ('open', 291, 'open_1452');
INSERT INTO `collection` (id, serial, cardId) VALUES ('open', 292, 'open_1457');
INSERT INTO `collection` (id, serial, cardId) VALUES ('open', 293, 'open_1462');
INSERT INTO `collection` (id, serial, cardId) VALUES ('open', 294, 'open_1467');
INSERT INTO `collection` (id, serial, cardId) VALUES ('open', 295, 'open_1472');
INSERT INTO `collection` (id, serial, cardId) VALUES ('open', 296, 'open_1477');
INSERT INTO `collection` (id, serial, cardId) VALUES ('open', 297, 'open_1482');
INSERT INTO `collection` (id, serial, cardId) VALUES ('open', 298, 'open_1487');
INSERT INTO `collection` (id, serial, cardId) VALUES ('open', 299, 'open_1492');
INSERT INTO `collection` (id, serial, cardId) VALUES ('open', 300, 'open_1497');
INSERT INTO `collection` (id, serial, cardId) VALUES ('open', 301, 'open_1502');
INSERT INTO `collection` (id, serial, cardId) VALUES ('open', 302, 'open_1507');
INSERT INTO `collection` (id, serial, cardId) VALUES ('open', 303, 'open_1512');
INSERT INTO `collection` (id, serial, cardId) VALUES ('open', 304, 'open_1517');
INSERT INTO `collection` (id, serial, cardId) VALUES ('open', 305, 'open_1522');
INSERT INTO `collection` (id, serial, cardId) VALUES ('open', 306, 'open_1527');
INSERT INTO `collection` (id, serial, cardId) VALUES ('open', 307, 'open_1532');
INSERT INTO `collection` (id, serial, cardId) VALUES ('open', 308, 'open_1537');
INSERT INTO `collection` (id, serial, cardId) VALUES ('open', 309, 'open_1542');
INSERT INTO `collection` (id, serial, cardId) VALUES ('open', 310, 'open_1547');
INSERT INTO `collection` (id, serial, cardId) VALUES ('open', 311, 'open_1552');
INSERT INTO `collection` (id, serial, cardId) VALUES ('open', 312, 'open_1557');
INSERT INTO `collection` (id, serial, cardId) VALUES ('open', 313, 'open_1562');
INSERT INTO `collection` (id, serial, cardId) VALUES ('open', 314, 'open_1567');
INSERT INTO `collection` (id, serial, cardId) VALUES ('open', 315, 'open_1572');
INSERT INTO `collection` (id, serial, cardId) VALUES ('open', 316, 'open_1577');
INSERT INTO `collection` (id, serial, cardId) VALUES ('open', 317, 'open_1582');
INSERT INTO `collection` (id, serial, cardId) VALUES ('open', 318, 'open_1587');
INSERT INTO `collection` (id, serial, cardId) VALUES ('open', 319, 'open_1592');
INSERT INTO `collection` (id, serial, cardId) VALUES ('open', 320, 'open_1597');
INSERT INTO `collection` (id, serial, cardId) VALUES ('open', 321, 'open_1602');
INSERT INTO `collection` (id, serial, cardId) VALUES ('open', 322, 'open_1607');
INSERT INTO `collection` (id, serial, cardId) VALUES ('open', 323, 'open_1612');
INSERT INTO `collection` (id, serial, cardId) VALUES ('open', 324, 'open_1617');
INSERT INTO `collection` (id, serial, cardId) VALUES ('open', 325, 'open_1622');
INSERT INTO `collection` (id, serial, cardId) VALUES ('open', 326, 'open_1627');
INSERT INTO `collection` (id, serial, cardId) VALUES ('open', 327, 'open_1632');
INSERT INTO `collection` (id, serial, cardId) VALUES ('open', 328, 'open_1637');
INSERT INTO `collection` (id, serial, cardId) VALUES ('open', 329, 'open_1642');
INSERT INTO `collection` (id, serial, cardId) VALUES ('open', 330, 'open_1647');
INSERT INTO `collection` (id, serial, cardId) VALUES ('open', 331, 'open_1652');
INSERT INTO `collection` (id, serial, cardId) VALUES ('open', 332, 'open_1657');
INSERT INTO `collection` (id, serial, cardId) VALUES ('open', 333, 'open_1662');
INSERT INTO `collection` (id, serial, cardId) VALUES ('open', 334, 'open_1667');
INSERT INTO `collection` (id, serial, cardId) VALUES ('open', 335, 'open_1672');
INSERT INTO `collection` (id, serial, cardId) VALUES ('open', 336, 'open_1677');
INSERT INTO `collection` (id, serial, cardId) VALUES ('open', 337, 'open_1682');
INSERT INTO `collection` (id, serial, cardId) VALUES ('open', 338, 'open_1687');
INSERT INTO `collection` (id, serial, cardId) VALUES ('open', 339, 'open_1692');
INSERT INTO `collection` (id, serial, cardId) VALUES ('open', 340, 'open_1697');
INSERT INTO `collection` (id, serial, cardId) VALUES ('open', 341, 'open_1702');
INSERT INTO `collection` (id, serial, cardId) VALUES ('open', 342, 'open_1707');
INSERT INTO `collection` (id, serial, cardId) VALUES ('open', 343, 'open_1712');
INSERT INTO `collection` (id, serial, cardId) VALUES ('open', 344, 'open_1717');
INSERT INTO `collection` (id, serial, cardId) VALUES ('open', 345, 'open_1722');
INSERT INTO `collection` (id, serial, cardId) VALUES ('open', 346, 'open_1727');
INSERT INTO `collection` (id, serial, cardId) VALUES ('open', 347, 'open_1732');
INSERT INTO `collection` (id, serial, cardId) VALUES ('open', 348, 'open_1737');
INSERT INTO `collection` (id, serial, cardId) VALUES ('open', 349, 'open_1742');
INSERT INTO `collection` (id, serial, cardId) VALUES ('open', 350, 'open_1747');
INSERT INTO `collection` (id, serial, cardId) VALUES ('open', 351, 'open_1752');
INSERT INTO `collection` (id, serial, cardId) VALUES ('open', 352, 'open_1757');
INSERT INTO `collection` (id, serial, cardId) VALUES ('open', 353, 'open_1762');
INSERT INTO `collection` (id, serial, cardId) VALUES ('open', 354, 'open_1767');
INSERT INTO `collection` (id, serial, cardId) VALUES ('open', 355, 'open_1772');
INSERT INTO `collection` (id, serial, cardId) VALUES ('open', 356, 'open_1777');
INSERT INTO `collection` (id, serial, cardId) VALUES ('open', 357, 'open_1782');
INSERT INTO `collection` (id, serial, cardId) VALUES ('open', 358, 'open_1787');
INSERT INTO `collection` (id, serial, cardId) VALUES ('open', 359, 'open_1792');
INSERT INTO `collection` (id, serial, cardId) VALUES ('open', 360, 'open_1797');
INSERT INTO `collection` (id, serial, cardId) VALUES ('open', 361, 'open_1802');
INSERT INTO `collection` (id, serial, cardId) VALUES ('open', 362, 'open_1807');
INSERT INTO `collection` (id, serial, cardId) VALUES ('open', 363, 'open_1812');
INSERT INTO `collection` (id, serial, cardId) VALUES ('open', 364, 'open_1817');
INSERT INTO `collection` (id, serial, cardId) VALUES ('open', 365, 'open_1822');
INSERT INTO `collection` (id, serial, cardId) VALUES ('open', 366, 'open_1827');
INSERT INTO `collection` (id, serial, cardId) VALUES ('open', 367, 'open_1832');
INSERT INTO `collection` (id, serial, cardId) VALUES ('open', 368, 'open_1837');
INSERT INTO `collection` (id, serial, cardId) VALUES ('open', 369, 'open_1842');
INSERT INTO `collection` (id, serial, cardId) VALUES ('open', 370, 'open_1847');
INSERT INTO `collection` (id, serial, cardId) VALUES ('open', 371, 'open_1852');
INSERT INTO `collection` (id, serial, cardId) VALUES ('open', 372, 'open_1857');
INSERT INTO `collection` (id, serial, cardId) VALUES ('open', 373, 'open_1862');
INSERT INTO `collection` (id, serial, cardId) VALUES ('open', 374, 'open_1867');
INSERT INTO `collection` (id, serial, cardId) VALUES ('open', 375, 'open_1872');
INSERT INTO `collection` (id, serial, cardId) VALUES ('open', 376, 'open_1877');
INSERT INTO `collection` (id, serial, cardId) VALUES ('open', 377, 'open_1882');
INSERT INTO `collection` (id, serial, cardId) VALUES ('open', 378, 'open_1887');
INSERT INTO `collection` (id, serial, cardId) VALUES ('open', 379, 'open_1892');
INSERT INTO `collection` (id, serial, cardId) VALUES ('open', 380, 'open_1897');
INSERT INTO `collection` (id, serial, cardId) VALUES ('open', 381, 'open_1902');
INSERT INTO `collection` (id, serial, cardId) VALUES ('open', 382, 'open_1907');
INSERT INTO `collection` (id, serial, cardId) VALUES ('open', 383, 'open_1912');
INSERT INTO `collection` (id, serial, cardId) VALUES ('open', 384, 'open_1917');
INSERT INTO `collection` (id, serial, cardId) VALUES ('open', 385, 'open_1922');
INSERT INTO `collection` (id, serial, cardId) VALUES ('open', 386, 'open_1927');
INSERT INTO `collection` (id, serial, cardId) VALUES ('open', 387, 'open_1932');
INSERT INTO `collection` (id, serial, cardId) VALUES ('open', 388, 'open_1937');
INSERT INTO `collection` (id, serial, cardId) VALUES ('open', 389, 'open_1942');
INSERT INTO `collection` (id, serial, cardId) VALUES ('open', 390, 'open_1947');
INSERT INTO `collection` (id, serial, cardId) VALUES ('open', 391, 'open_1952');
INSERT INTO `collection` (id, serial, cardId) VALUES ('open', 392, 'open_1957');
INSERT INTO `collection` (id, serial, cardId) VALUES ('open', 393, 'open_1962');
INSERT INTO `collection` (id, serial, cardId) VALUES ('open', 394, 'open_1967');
INSERT INTO `collection` (id, serial, cardId) VALUES ('open', 395, 'open_1972');
INSERT INTO `collection` (id, serial, cardId) VALUES ('open', 396, 'open_1977');
INSERT INTO `collection` (id, serial, cardId) VALUES ('open', 397, 'open_1982');
INSERT INTO `collection` (id, serial, cardId) VALUES ('open', 398, 'open_1987');
INSERT INTO `collection` (id, serial, cardId) VALUES ('open', 399, 'open_1992');
INSERT INTO `collection` (id, serial, cardId) VALUES ('open', 400, 'open_1997');
INSERT INTO `collection` (id, serial, cardId) VALUES ('open', 401, 'open_2002');
INSERT INTO `collection` (id, serial, cardId) VALUES ('open', 402, 'open_2007');
INSERT INTO `collection` (id, serial, cardId) VALUES ('open', 403, 'open_2012');
INSERT INTO `collection` (id, serial, cardId) VALUES ('open', 404, 'open_2017');
INSERT INTO `collection` (id, serial, cardId) VALUES ('open', 405, 'open_2022');
INSERT INTO `collection` (id, serial, cardId) VALUES ('open', 406, 'open_2027');
INSERT INTO `collection` (id, serial, cardId) VALUES ('open', 407, 'open_2032');
INSERT INTO `collection` (id, serial, cardId) VALUES ('open', 408, 'open_2037');
INSERT INTO `collection` (id, serial, cardId) VALUES ('open', 409, 'open_2042');
INSERT INTO `collection` (id, serial, cardId) VALUES ('open', 410, 'open_2047');
INSERT INTO `collection` (id, serial, cardId) VALUES ('open', 411, 'open_2052');
INSERT INTO `collection` (id, serial, cardId) VALUES ('open', 412, 'open_2057');
INSERT INTO `collection` (id, serial, cardId) VALUES ('open', 413, 'open_2062');
INSERT INTO `collection` (id, serial, cardId) VALUES ('open', 414, 'open_2067');
INSERT INTO `collection` (id, serial, cardId) VALUES ('open', 415, 'open_2072');
INSERT INTO `collection` (id, serial, cardId) VALUES ('open', 416, 'open_2077');
INSERT INTO `collection` (id, serial, cardId) VALUES ('open', 417, 'open_2082');
INSERT INTO `collection` (id, serial, cardId) VALUES ('open', 418, 'open_2087');
INSERT INTO `collection` (id, serial, cardId) VALUES ('open', 419, 'open_2092');
INSERT INTO `collection` (id, serial, cardId) VALUES ('open', 420, 'open_2097');
INSERT INTO `collection` (id, serial, cardId) VALUES ('open', 421, 'open_2102');
INSERT INTO `collection` (id, serial, cardId) VALUES ('open', 422, 'open_2107');
INSERT INTO `collection` (id, serial, cardId) VALUES ('open', 423, 'open_2112');
INSERT INTO `collection` (id, serial, cardId) VALUES ('open', 424, 'open_2117');
INSERT INTO `collection` (id, serial, cardId) VALUES ('open', 425, 'open_2122');
INSERT INTO `collection` (id, serial, cardId) VALUES ('open', 426, 'open_2127');
INSERT INTO `collection` (id, serial, cardId) VALUES ('open', 427, 'open_2132');
INSERT INTO `collection` (id, serial, cardId) VALUES ('open', 428, 'open_2137');
INSERT INTO `collection` (id, serial, cardId) VALUES ('open', 429, 'open_2142');
INSERT INTO `collection` (id, serial, cardId) VALUES ('open', 430, 'open_2147');
INSERT INTO `collection` (id, serial, cardId) VALUES ('open', 431, 'open_2152');
INSERT INTO `collection` (id, serial, cardId) VALUES ('open', 432, 'open_2157');
INSERT INTO `collection` (id, serial, cardId) VALUES ('open', 433, 'open_2162');
INSERT INTO `collection` (id, serial, cardId) VALUES ('open', 434, 'open_2167');
INSERT INTO `collection` (id, serial, cardId) VALUES ('open', 435, 'open_2172');
INSERT INTO `collection` (id, serial, cardId) VALUES ('open', 436, 'open_2177');
INSERT INTO `collection` (id, serial, cardId) VALUES ('open', 437, 'open_2182');
INSERT INTO `collection` (id, serial, cardId) VALUES ('open', 438, 'open_2187');
INSERT INTO `collection` (id, serial, cardId) VALUES ('open', 439, 'open_2192');
INSERT INTO `collection` (id, serial, cardId) VALUES ('open', 440, 'open_2197');
INSERT INTO `collection` (id, serial, cardId) VALUES ('open', 441, 'open_2202');
INSERT INTO `collection` (id, serial, cardId) VALUES ('open', 442, 'open_2207');
INSERT INTO `collection` (id, serial, cardId) VALUES ('open', 443, 'open_2212');
INSERT INTO `collection` (id, serial, cardId) VALUES ('open', 444, 'open_2217');
INSERT INTO `collection` (id, serial, cardId) VALUES ('open', 445, 'open_2222');
INSERT INTO `collection` (id, serial, cardId) VALUES ('open', 446, 'open_2227');
INSERT INTO `collection` (id, serial, cardId) VALUES ('open', 447, 'open_2232');
INSERT INTO `collection` (id, serial, cardId) VALUES ('open', 448, 'open_2237');
INSERT INTO `collection` (id, serial, cardId) VALUES ('open', 449, 'open_2242');
INSERT INTO `collection` (id, serial, cardId) VALUES ('open', 450, 'open_2247');
INSERT INTO `collection` (id, serial, cardId) VALUES ('open', 451, 'open_2252');
INSERT INTO `collection` (id, serial, cardId) VALUES ('open', 452, 'open_2257');
INSERT INTO `collection` (id, serial, cardId) VALUES ('open', 453, 'open_2262');
INSERT INTO `collection` (id, serial, cardId) VALUES ('open', 454, 'open_2267');
INSERT INTO `collection` (id, serial, cardId) VALUES ('open', 455, 'open_2272');
INSERT INTO `collection` (id, serial, cardId) VALUES ('open', 456, 'open_2277');
INSERT INTO `collection` (id, serial, cardId) VALUES ('open', 457, 'open_2282');
INSERT INTO `collection` (id, serial, cardId) VALUES ('open', 458, 'open_2287');
INSERT INTO `collection` (id, serial, cardId) VALUES ('open', 459, 'open_2292');
INSERT INTO `collection` (id, serial, cardId) VALUES ('open', 460, 'open_2297');
INSERT INTO `collection` (id, serial, cardId) VALUES ('open', 461, 'open_2302');
INSERT INTO `collection` (id, serial, cardId) VALUES ('open', 462, 'open_2307');
INSERT INTO `collection` (id, serial, cardId) VALUES ('open', 463, 'open_2312');
INSERT INTO `collection` (id, serial, cardId) VALUES ('open', 464, 'open_2317');
INSERT INTO `collection` (id, serial, cardId) VALUES ('open', 465, 'open_2322');
INSERT INTO `collection` (id, serial, cardId) VALUES ('open', 466, 'open_2327');
INSERT INTO `collection` (id, serial, cardId) VALUES ('open', 467, 'open_2332');
INSERT INTO `collection` (id, serial, cardId) VALUES ('open', 468, 'open_2337');
INSERT INTO `collection` (id, serial, cardId) VALUES ('open', 469, 'open_2342');
INSERT INTO `collection` (id, serial, cardId) VALUES ('open', 470, 'open_2347');
INSERT INTO `collection` (id, serial, cardId) VALUES ('open', 471, 'open_2352');
INSERT INTO `collection` (id, serial, cardId) VALUES ('open', 472, 'open_2357');
INSERT INTO `collection` (id, serial, cardId) VALUES ('open', 473, 'open_2362');
INSERT INTO `collection` (id, serial, cardId) VALUES ('open', 474, 'open_2367');
INSERT INTO `collection` (id, serial, cardId) VALUES ('open', 475, 'open_2372');
INSERT INTO `collection` (id, serial, cardId) VALUES ('open', 476, 'open_2377');
INSERT INTO `collection` (id, serial, cardId) VALUES ('open', 477, 'open_2382');
INSERT INTO `collection` (id, serial, cardId) VALUES ('open', 478, 'open_2387');
INSERT INTO `collection` (id, serial, cardId) VALUES ('open', 479, 'open_2392');
INSERT INTO `collection` (id, serial, cardId) VALUES ('open', 480, 'open_2397');
INSERT INTO `collection` (id, serial, cardId) VALUES ('open', 481, 'open_2402');
INSERT INTO `collection` (id, serial, cardId) VALUES ('open', 482, 'open_2407');
INSERT INTO `collection` (id, serial, cardId) VALUES ('open', 483, 'open_2412');
INSERT INTO `collection` (id, serial, cardId) VALUES ('open', 484, 'open_2417');
INSERT INTO `collection` (id, serial, cardId) VALUES ('open', 485, 'open_2422');
INSERT INTO `collection` (id, serial, cardId) VALUES ('open', 486, 'open_2427');
INSERT INTO `collection` (id, serial, cardId) VALUES ('open', 487, 'open_2432');
INSERT INTO `collection` (id, serial, cardId) VALUES ('open', 488, 'open_2437');
INSERT INTO `collection` (id, serial, cardId) VALUES ('open', 489, 'open_2442');
INSERT INTO `collection` (id, serial, cardId) VALUES ('open', 490, 'open_2447');
INSERT INTO `collection` (id, serial, cardId) VALUES ('open', 491, 'open_2452');
INSERT INTO `collection` (id, serial, cardId) VALUES ('open', 492, 'open_2457');
INSERT INTO `collection` (id, serial, cardId) VALUES ('open', 493, 'open_2462');
INSERT INTO `collection` (id, serial, cardId) VALUES ('open', 494, 'open_2467');
INSERT INTO `collection` (id, serial, cardId) VALUES ('open', 495, 'open_2472');
INSERT INTO `collection` (id, serial, cardId) VALUES ('open', 496, 'open_2477');
INSERT INTO `collection` (id, serial, cardId) VALUES ('open', 497, 'open_2482');
INSERT INTO `collection` (id, serial, cardId) VALUES ('open', 498, 'open_2487');
INSERT INTO `collection` (id, serial, cardId) VALUES ('open', 499, 'open_2492');
INSERT INTO `collection` (id, serial, cardId) VALUES ('open', 500, 'open_2497');
INSERT INTO `collection` (id, serial, cardId) VALUES ('open', 501, 'open_2502');
INSERT INTO `collection` (id, serial, cardId) VALUES ('open', 502, 'open_2507');
INSERT INTO `collection` (id, serial, cardId) VALUES ('open', 503, 'open_2512');
INSERT INTO `collection` (id, serial, cardId) VALUES ('open', 504, 'open_2517');
INSERT INTO `collection` (id, serial, cardId) VALUES ('open', 505, 'open_2522');
INSERT INTO `collection` (id, serial, cardId) VALUES ('open', 506, 'open_2527');
INSERT INTO `collection` (id, serial, cardId) VALUES ('open', 507, 'open_2532');
INSERT INTO `collection` (id, serial, cardId) VALUES ('open', 508, 'open_2537');
INSERT INTO `collection` (id, serial, cardId) VALUES ('open', 509, 'open_2542');
INSERT INTO `collection` (id, serial, cardId) VALUES ('open', 510, 'open_2547');
INSERT INTO `collection` (id, serial, cardId) VALUES ('open', 511, 'open_2552');
INSERT INTO `collection` (id, serial, cardId) VALUES ('open', 512, 'open_2557');
INSERT INTO `collection` (id, serial, cardId) VALUES ('open', 513, 'open_2562');
INSERT INTO `collection` (id, serial, cardId) VALUES ('open', 514, 'open_2567');
INSERT INTO `collection` (id, serial, cardId) VALUES ('open', 515, 'open_2572');
INSERT INTO `collection` (id, serial, cardId) VALUES ('open', 516, 'open_2577');
INSERT INTO `collection` (id, serial, cardId) VALUES ('open', 517, 'open_2582');
INSERT INTO `collection` (id, serial, cardId) VALUES ('open', 518, 'open_2587');
INSERT INTO `collection` (id, serial, cardId) VALUES ('open', 519, 'open_2592');
INSERT INTO `collection` (id, serial, cardId) VALUES ('open', 520, 'open_2597');
INSERT INTO `collection` (id, serial, cardId) VALUES ('open', 521, 'open_2602');
INSERT INTO `collection` (id, serial, cardId) VALUES ('open', 522, 'open_2607');
INSERT INTO `collection` (id, serial, cardId) VALUES ('open', 523, 'open_2612');
INSERT INTO `collection` (id, serial, cardId) VALUES ('open', 524, 'open_2617');
INSERT INTO `collection` (id, serial, cardId) VALUES ('open', 525, 'open_2622');
INSERT INTO `collection` (id, serial, cardId) VALUES ('open', 526, 'open_2627');
INSERT INTO `collection` (id, serial, cardId) VALUES ('open', 527, 'open_2632');
INSERT INTO `collection` (id, serial, cardId) VALUES ('open', 528, 'open_2637');
INSERT INTO `collection` (id, serial, cardId) VALUES ('open', 529, 'open_2642');
INSERT INTO `collection` (id, serial, cardId) VALUES ('open', 530, 'open_2647');
INSERT INTO `collection` (id, serial, cardId) VALUES ('open', 531, 'open_2652');
INSERT INTO `collection` (id, serial, cardId) VALUES ('open', 532, 'open_2657');
INSERT INTO `collection` (id, serial, cardId) VALUES ('open', 533, 'open_2662');
INSERT INTO `collection` (id, serial, cardId) VALUES ('open', 534, 'open_2667');
INSERT INTO `collection` (id, serial, cardId) VALUES ('open', 535, 'open_2672');
INSERT INTO `collection` (id, serial, cardId) VALUES ('open', 536, 'open_2677');
INSERT INTO `collection` (id, serial, cardId) VALUES ('open', 537, 'open_2682');
INSERT INTO `collection` (id, serial, cardId) VALUES ('open', 538, 'open_2687');
INSERT INTO `collection` (id, serial, cardId) VALUES ('open', 539, 'open_2692');
INSERT INTO `collection` (id, serial, cardId) VALUES ('open', 540, 'open_2697');
INSERT INTO `collection` (id, serial, cardId) VALUES ('open', 541, 'open_2702');
INSERT INTO `collection` (id, serial, cardId) VALUES ('open', 542, 'open_2707');
INSERT INTO `collection` (id, serial, cardId) VALUES ('open', 543, 'open_2712');
INSERT INTO `collection` (id, serial, cardId) VALUES ('open', 544, 'open_2717');
INSERT INTO `collection` (id, serial, cardId) VALUES ('open', 545, 'open_2722');
INSERT INTO `collection` (id, serial, cardId) VALUES ('open', 546, 'open_2727');
INSERT INTO `collection` (id, serial, cardId) VALUES ('open', 547, 'open_2732');
INSERT INTO `collection` (id, serial, cardId) VALUES ('open', 548, 'open_2737');
INSERT INTO `collection` (id, serial, cardId) VALUES ('open', 549, 'open_2742');
INSERT INTO `collection` (id, serial, cardId) VALUES ('open', 550, 'open_2747');
INSERT INTO `collection` (id, serial, cardId) VALUES ('open', 551, 'open_2752');
INSERT INTO `collection` (id, serial, cardId) VALUES ('open', 552, 'open_2757');
INSERT INTO `collection` (id, serial, cardId) VALUES ('open', 553, 'open_2762');
INSERT INTO `collection` (id, serial, cardId) VALUES ('open', 554, 'open_2767');
INSERT INTO `collection` (id, serial, cardId) VALUES ('open', 555, 'open_2772');
INSERT INTO `collection` (id, serial, cardId) VALUES ('open', 556, 'open_2777');
INSERT INTO `collection` (id, serial, cardId) VALUES ('open', 557, 'open_2782');
INSERT INTO `collection` (id, serial, cardId) VALUES ('open', 558, 'open_2787');
INSERT INTO `collection` (id, serial, cardId) VALUES ('open', 559, 'open_2792');
INSERT INTO `collection` (id, serial, cardId) VALUES ('open', 560, 'open_2797');
INSERT INTO `collection` (id, serial, cardId) VALUES ('open', 561, 'open_2802');
INSERT INTO `collection` (id, serial, cardId) VALUES ('open', 562, 'open_2807');
INSERT INTO `collection` (id, serial, cardId) VALUES ('open', 563, 'open_2812');
INSERT INTO `collection` (id, serial, cardId) VALUES ('open', 564, 'open_2817');
INSERT INTO `collection` (id, serial, cardId) VALUES ('open', 565, 'open_2822');
INSERT INTO `collection` (id, serial, cardId) VALUES ('open', 566, 'open_2827');
INSERT INTO `collection` (id, serial, cardId) VALUES ('open', 567, 'open_2832');
INSERT INTO `collection` (id, serial, cardId) VALUES ('open', 568, 'open_2837');
INSERT INTO `collection` (id, serial, cardId) VALUES ('open', 569, 'open_2842');
INSERT INTO `collection` (id, serial, cardId) VALUES ('open', 570, 'open_2847');
INSERT INTO `collection` (id, serial, cardId) VALUES ('open', 571, 'open_2852');
INSERT INTO `collection` (id, serial, cardId) VALUES ('open', 572, 'open_2857');
INSERT INTO `collection` (id, serial, cardId) VALUES ('open', 573, 'open_2862');
INSERT INTO `collection` (id, serial, cardId) VALUES ('open', 574, 'open_2867');
INSERT INTO `collection` (id, serial, cardId) VALUES ('open', 575, 'open_2872');
INSERT INTO `collection` (id, serial, cardId) VALUES ('open', 576, 'open_2877');
INSERT INTO `collection` (id, serial, cardId) VALUES ('open', 577, 'open_2882');
INSERT INTO `collection` (id, serial, cardId) VALUES ('open', 578, 'open_2887');
INSERT INTO `collection` (id, serial, cardId) VALUES ('open', 579, 'open_2892');
INSERT INTO `collection` (id, serial, cardId) VALUES ('open', 580, 'open_2897');
INSERT INTO `collection` (id, serial, cardId) VALUES ('open', 581, 'open_2902');
INSERT INTO `collection` (id, serial, cardId) VALUES ('open', 582, 'open_2907');
INSERT INTO `collection` (id, serial, cardId) VALUES ('open', 583, 'open_2912');
INSERT INTO `collection` (id, serial, cardId) VALUES ('open', 584, 'open_2917');
INSERT INTO `collection` (id, serial, cardId) VALUES ('open', 585, 'open_2922');
INSERT INTO `collection` (id, serial, cardId) VALUES ('open', 586, 'open_2927');
INSERT INTO `collection` (id, serial, cardId) VALUES ('open', 587, 'open_2932');
INSERT INTO `collection` (id, serial, cardId) VALUES ('open', 588, 'open_2937');
INSERT INTO `collection` (id, serial, cardId) VALUES ('open', 589, 'open_2942');
INSERT INTO `collection` (id, serial, cardId) VALUES ('open', 590, 'open_2947');
INSERT INTO `collection` (id, serial, cardId) VALUES ('open', 591, 'open_2952');
INSERT INTO `collection` (id, serial, cardId) VALUES ('open', 592, 'open_2957');
INSERT INTO `collection` (id, serial, cardId) VALUES ('open', 593, 'open_2962');
INSERT INTO `collection` (id, serial, cardId) VALUES ('open', 594, 'open_2967');
INSERT INTO `collection` (id, serial, cardId) VALUES ('open', 595, 'open_2972');
INSERT INTO `collection` (id, serial, cardId) VALUES ('open', 596, 'open_2977');
INSERT INTO `collection` (id, serial, cardId) VALUES ('open', 597, 'open_2982');
INSERT INTO `collection` (id, serial, cardId) VALUES ('open', 598, 'open_2987');
INSERT INTO `collection` (id, serial, cardId) VALUES ('open', 599, 'open_2992');
INSERT INTO `collection` (id, serial, cardId) VALUES ('open', 600, 'open_2997');
INSERT INTO `collection` (id, serial, cardId) VALUES ('open', 601, 'open_3002');
INSERT INTO `collection` (id, serial, cardId) VALUES ('open', 602, 'open_3007');
INSERT INTO `collection` (id, serial, cardId) VALUES ('open', 603, 'open_3012');
INSERT INTO `collection` (id, serial, cardId) VALUES ('open', 604, 'open_3017');
INSERT INTO `collection` (id, serial, cardId) VALUES ('open', 605, 'open_3022');
INSERT INTO `collection` (id, serial, cardId) VALUES ('open', 606, 'open_3027');
INSERT INTO `collection` (id, serial, cardId) VALUES ('open', 607, 'open_3032');
INSERT INTO `collection` (id, serial, cardId) VALUES ('open', 608, 'open_3037');
INSERT INTO `collection` (id, serial, cardId) VALUES ('open', 609, 'open_3042');
INSERT INTO `collection` (id, serial, cardId) VALUES ('open', 610, 'open_3047');
INSERT INTO `collection` (id, serial, cardId) VALUES ('open', 611, 'open_3052');
INSERT INTO `collection` (id, serial, cardId) VALUES ('open', 612, 'open_3057');
INSERT INTO `collection` (id, serial, cardId) VALUES ('open', 613, 'open_3062');
INSERT INTO `collection` (id, serial, cardId) VALUES ('open', 614, 'open_3067');
INSERT INTO `collection` (id, serial, cardId) VALUES ('open', 615, 'open_3072');
INSERT INTO `collection` (id, serial, cardId) VALUES ('open', 616, 'open_3077');
INSERT INTO `collection` (id, serial, cardId) VALUES ('open', 617, 'open_3082');
INSERT INTO `collection` (id, serial, cardId) VALUES ('open', 618, 'open_3087');
INSERT INTO `collection` (id, serial, cardId) VALUES ('open', 619, 'open_3092');
INSERT INTO `collection` (id, serial, cardId) VALUES ('open', 620, 'open_3097');
INSERT INTO `collection` (id, serial, cardId) VALUES ('open', 621, 'open_3102');
INSERT INTO `collection` (id, serial, cardId) VALUES ('open', 622, 'open_3107');
INSERT INTO `collection` (id, serial, cardId) VALUES ('open', 623, 'open_3112');
INSERT INTO `collection` (id, serial, cardId) VALUES ('open', 624, 'open_3117');
INSERT INTO `collection` (id, serial, cardId) VALUES ('open', 625, 'open_3122');
INSERT INTO `collection` (id, serial, cardId) VALUES ('open', 626, 'open_3127');
INSERT INTO `collection` (id, serial, cardId) VALUES ('open', 627, 'open_3132');
INSERT INTO `collection` (id, serial, cardId) VALUES ('open', 628, 'open_3137');
INSERT INTO `collection` (id, serial, cardId) VALUES ('open', 629, 'open_3142');
INSERT INTO `collection` (id, serial, cardId) VALUES ('open', 630, 'open_3147');
INSERT INTO `collection` (id, serial, cardId) VALUES ('open', 631, 'open_3152');
INSERT INTO `collection` (id, serial, cardId) VALUES ('open', 632, 'open_3157');
INSERT INTO `collection` (id, serial, cardId) VALUES ('open', 633, 'open_3162');
INSERT INTO `collection` (id, serial, cardId) VALUES ('open', 634, 'open_3167');
INSERT INTO `collection` (id, serial, cardId) VALUES ('open', 635, 'open_3172');
INSERT INTO `collection` (id, serial, cardId) VALUES ('open', 636, 'open_3177');
INSERT INTO `collection` (id, serial, cardId) VALUES ('open', 637, 'open_3182');
INSERT INTO `collection` (id, serial, cardId) VALUES ('open', 638, 'open_3187');
INSERT INTO `collection` (id, serial, cardId) VALUES ('open', 639, 'open_3192');
INSERT INTO `collection` (id, serial, cardId) VALUES ('open', 640, 'open_3197');
INSERT INTO `collection` (id, serial, cardId) VALUES ('open', 641, 'open_3202');
INSERT INTO `collection` (id, serial, cardId) VALUES ('open', 642, 'open_3207');
INSERT INTO `collection` (id, serial, cardId) VALUES ('open', 643, 'open_3212');
INSERT INTO `collection` (id, serial, cardId) VALUES ('open', 644, 'open_3217');
INSERT INTO `collection` (id, serial, cardId) VALUES ('open', 645, 'open_3222');
INSERT INTO `collection` (id, serial, cardId) VALUES ('open', 646, 'open_3227');
INSERT INTO `collection` (id, serial, cardId) VALUES ('open', 647, 'open_3232');
INSERT INTO `collection` (id, serial, cardId) VALUES ('open', 648, 'open_3237');
INSERT INTO `collection` (id, serial, cardId) VALUES ('open', 649, 'open_3242');
INSERT INTO `collection` (id, serial, cardId) VALUES ('open', 650, 'open_3247');
INSERT INTO `collection` (id, serial, cardId) VALUES ('open', 651, 'open_3252');
INSERT INTO `collection` (id, serial, cardId) VALUES ('open', 652, 'open_3257');
INSERT INTO `collection` (id, serial, cardId) VALUES ('open', 653, 'open_3262');
INSERT INTO `collection` (id, serial, cardId) VALUES ('open', 654, 'open_3267');
INSERT INTO `collection` (id, serial, cardId) VALUES ('open', 655, 'open_3272');
INSERT INTO `collection` (id, serial, cardId) VALUES ('open', 656, 'open_3277');
INSERT INTO `collection` (id, serial, cardId) VALUES ('open', 657, 'open_3282');
INSERT INTO `collection` (id, serial, cardId) VALUES ('open', 658, 'open_3287');
INSERT INTO `collection` (id, serial, cardId) VALUES ('open', 659, 'open_3292');
INSERT INTO `collection` (id, serial, cardId) VALUES ('open', 660, 'open_3297');
INSERT INTO `collection` (id, serial, cardId) VALUES ('open', 661, 'open_3302');
INSERT INTO `collection` (id, serial, cardId) VALUES ('open', 662, 'open_3307');
INSERT INTO `collection` (id, serial, cardId) VALUES ('open', 663, 'open_3312');
INSERT INTO `collection` (id, serial, cardId) VALUES ('open', 664, 'open_3317');
INSERT INTO `collection` (id, serial, cardId) VALUES ('open', 665, 'open_3322');
INSERT INTO `collection` (id, serial, cardId) VALUES ('open', 666, 'open_3327');
INSERT INTO `collection` (id, serial, cardId) VALUES ('open', 667, 'open_3332');
INSERT INTO `collection` (id, serial, cardId) VALUES ('open', 668, 'open_3337');
INSERT INTO `collection` (id, serial, cardId) VALUES ('open', 669, 'open_3342');
INSERT INTO `collection` (id, serial, cardId) VALUES ('open', 670, 'open_3347');
INSERT INTO `collection` (id, serial, cardId) VALUES ('open', 671, 'open_3352');
INSERT INTO `collection` (id, serial, cardId) VALUES ('open', 672, 'open_3357');
INSERT INTO `collection` (id, serial, cardId) VALUES ('open', 673, 'open_3362');
INSERT INTO `collection` (id, serial, cardId) VALUES ('open', 674, 'open_3367');
INSERT INTO `collection` (id, serial, cardId) VALUES ('open', 675, 'open_3372');
INSERT INTO `collection` (id, serial, cardId) VALUES ('open', 676, 'open_3377');
INSERT INTO `collection` (id, serial, cardId) VALUES ('open', 677, 'open_3382');
INSERT INTO `collection` (id, serial, cardId) VALUES ('open', 678, 'open_3387');
INSERT INTO `collection` (id, serial, cardId) VALUES ('open', 679, 'open_3392');
INSERT INTO `collection` (id, serial, cardId) VALUES ('open', 680, 'open_3397');
INSERT INTO `collection` (id, serial, cardId) VALUES ('open', 681, 'open_3402');
INSERT INTO `collection` (id, serial, cardId) VALUES ('open', 682, 'open_3407');
INSERT INTO `collection` (id, serial, cardId) VALUES ('open', 683, 'open_3412');
INSERT INTO `collection` (id, serial, cardId) VALUES ('open', 684, 'open_3417');
INSERT INTO `collection` (id, serial, cardId) VALUES ('open', 685, 'open_3422');
INSERT INTO `collection` (id, serial, cardId) VALUES ('open', 686, 'open_3427');
INSERT INTO `collection` (id, serial, cardId) VALUES ('open', 687, 'open_3432');
INSERT INTO `collection` (id, serial, cardId) VALUES ('open', 688, 'open_3437');
INSERT INTO `collection` (id, serial, cardId) VALUES ('open', 689, 'open_3442');
INSERT INTO `collection` (id, serial, cardId) VALUES ('open', 690, 'open_3447');
INSERT INTO `collection` (id, serial, cardId) VALUES ('open', 691, 'open_3452');
INSERT INTO `collection` (id, serial, cardId) VALUES ('open', 692, 'open_3457');
INSERT INTO `collection` (id, serial, cardId) VALUES ('open', 693, 'open_3462');
INSERT INTO `collection` (id, serial, cardId) VALUES ('open', 694, 'open_3467');
INSERT INTO `collection` (id, serial, cardId) VALUES ('open', 695, 'open_3472');
INSERT INTO `collection` (id, serial, cardId) VALUES ('open', 696, 'open_3477');
INSERT INTO `collection` (id, serial, cardId) VALUES ('open', 697, 'open_3482');
INSERT INTO `collection` (id, serial, cardId) VALUES ('open', 698, 'open_3487');
INSERT INTO `collection` (id, serial, cardId) VALUES ('open', 699, 'open_3492');
INSERT INTO `collection` (id, serial, cardId) VALUES ('open', 700, 'open_3497');
INSERT INTO `collection` (id, serial, cardId) VALUES ('open', 701, 'open_3502');
INSERT INTO `collection` (id, serial, cardId) VALUES ('open', 702, 'open_3507');
INSERT INTO `collection` (id, serial, cardId) VALUES ('open', 703, 'open_3512');
INSERT INTO `collection` (id, serial, cardId) VALUES ('open', 704, 'open_3517');
INSERT INTO `collection` (id, serial, cardId) VALUES ('open', 705, 'open_3522');
INSERT INTO `collection` (id, serial, cardId) VALUES ('open', 706, 'open_3527');
INSERT INTO `collection` (id, serial, cardId) VALUES ('open', 707, 'open_3532');
INSERT INTO `collection` (id, serial, cardId) VALUES ('open', 708, 'open_3537');
INSERT INTO `collection` (id, serial, cardId) VALUES ('open', 709, 'open_3542');
INSERT INTO `collection` (id, serial, cardId) VALUES ('open', 710, 'open_3547');
INSERT INTO `collection` (id, serial, cardId) VALUES ('open', 711, 'open_3552');
INSERT INTO `collection` (id, serial, cardId) VALUES ('open', 712, 'open_3557');
INSERT INTO `collection` (id, serial, cardId) VALUES ('open', 713, 'open_3562');
INSERT INTO `collection` (id, serial, cardId) VALUES ('open', 714, 'open_3567');
INSERT INTO `collection` (id, serial, cardId) VALUES ('open', 715, 'open_3572');
INSERT INTO `collection` (id, serial, cardId) VALUES ('open', 716, 'open_3577');
INSERT INTO `collection` (id, serial, cardId) VALUES ('open', 717, 'open_3582');
INSERT INTO `collection` (id, serial, cardId) VALUES ('open', 718, 'open_3587');
INSERT INTO `collection` (id, serial, cardId) VALUES ('open', 719, 'open_3592');
