INSERT INTO `card` (id, type, title, header, content, option) VALUES ('24752', 2, 'Abby, dereva wa kike wa tuktuk', 'assets/topic/asb/27145.png', 'Ursula  Nafula
Yirgalem  Birhanu', 'FFF4E1B5');
INSERT INTO `card` (id, type, title, header, content, option) VALUES ('24752_3', 3, NULL, 'assets/topic/asb/27153.png', 'Tuktuk ni gari lenye magurudumu matatu.
Linatumika kwenda sehemu moja hadi nyingine kwa haraka.', NULL);
INSERT INTO `card` (id, type, title, header, content, option) VALUES ('24752_4', 3, NULL, 'assets/topic/asb/27152.png', 'Katika jamii yetu, uendeshaji gari la abiria ni kazi inayofanywa sana sana na wanaume.
Wanawake hawajihusishi sana nayo.', NULL);
INSERT INTO `card` (id, type, title, header, content, option) VALUES ('24752_5', 3, NULL, 'assets/topic/asb/27154.png', 'Siku moja, Abby aliwaomba wazazi wake fedha ili alipe na kupata mafunzo ya kuendesha gari.
Wazazi wake walisema, "Kazi hii si nzuri kwa wanawake. Watu watasemaje?"', NULL);
INSERT INTO `card` (id, type, title, header, content, option) VALUES ('24752_6', 3, NULL, 'assets/topic/asb/27155.png', 'Hata hivyo, Abby alisema, "Nina uwezo wa kufanya kazi yoyote inayofanywa na watu wengine." Alifaulu kuwashawishi.
Wazazi wake walimruhusu akaanza kujifunza kuendesha gari.', NULL);
INSERT INTO `card` (id, type, title, header, content, option) VALUES ('24752_7', 3, NULL, 'assets/topic/asb/27149.png', 'Abby alikamilisha mafunzo hayo vizuri.
Wazazi wake walijadiliana hatua zilizofuata.', NULL);
INSERT INTO `card` (id, type, title, header, content, option) VALUES ('24752_8', 3, NULL, 'assets/topic/asb/27145.png', 'Baadaye, walikubali kumnunulia tuktuk.
Abby alianza kuendesha tuktuk yake mjini Sokomoja.', NULL);
INSERT INTO `card` (id, type, title, header, content, option) VALUES ('24752_9', 3, NULL, 'assets/topic/asb/27148.png', 'Siku moja alipata wazo zuri.
Aliweka tangazo kwenye mlango wa nyuma lililokuwa na namba yake ya simu.', NULL);
INSERT INTO `card` (id, type, title, header, content, option) VALUES ('24752_10', 3, NULL, 'assets/topic/asb/27150.png', 'Tangazo lilisema, "Ninawasafirisha bila malipo, wanawake waja wazito, akina mama waliojifungua, na watoto."
Abby alianza kupokea simu kutoka kwao wakihitaji kusafirishwa.', NULL);
INSERT INTO `card` (id, type, title, header, content, option) VALUES ('24752_11', 3, NULL, 'assets/topic/asb/27151.png', 'Abby alipata pesa kwa kuwasafirisha watu.
Hata hivyo, aliendelea kuwasaidia wasiokuwa na fedha zozote.', NULL);
INSERT INTO `card` (id, type, title, header, content, option) VALUES ('24752_12', 3, NULL, NULL, 'Abby aliifurahia kazi yake. Watu wakongwe walimtakia baraka. Kila wakati wanakijiji waliongea kuhusu kazi yake.
Abby aliwaambia, "Mtu huvuna anachopanda!"', NULL);
INSERT INTO `card` (id, type, title, header, content, option) VALUES ('24752_13', 3, NULL, NULL, 'You are free to download, copy, translate or adapt this story and use the illustrations as long as you attribute in the following way:
Abby, dereva wa kike wa tuktuk
Author -
Dawit  Girma
Translation -
Ursula  Nafula
Illustration -
Yirgalem  Birhanu
Language -
Kiswahili
Level -
First paragraphs
© African Storybook Initiative 2018
Creative Commons: Attribution 4.0
Source
www.africanstorybook.org
Original source
This story was developed at the Ras Abebe Library in Debre Birhan with the help of Janet Lee and funded by a grant from the International Library Cultural Exchange Interest Group of the Colorado Association of Libraries (USA).', NULL);
INSERT INTO `card` (id, type, title, header, content, option) VALUES ('24752_14', 1, 'Chora Tuktuk', 'assets/topic/24752.svg', NULL, NULL);
INSERT INTO `cardExtra` (cardId, type, serial, content) VALUES ('24752_14', 2, 1, 'assets/topic/24752.svg');
INSERT INTO `card` (id, type, title, header, content, option) VALUES ('24752_15', 0, 'Abebech aliwasafirisha nani ili kupata hela?', NULL, NULL, 'oneAtATime');
INSERT INTO `cardExtra` (cardId, type, serial, content) VALUES ('24752_15', 1, 1, 'Watu');
INSERT INTO `cardExtra` (cardId, type, serial, content) VALUES ('24752_15', 0, 1, 'Mbwa');
INSERT INTO `cardExtra` (cardId, type, serial, content) VALUES ('24752_15', 0, 2, 'Tumbili');
INSERT INTO `cardExtra` (cardId, type, serial, content) VALUES ('24752_15', 0, 3, 'Punda');
INSERT INTO `card` (id, type, title, header, content, option) VALUES ('24752_20', 0, 'Wazazi wa Abebech waliamua kununua nini?', NULL, NULL, 'oneAtATime');
INSERT INTO `cardExtra` (cardId, type, serial, content) VALUES ('24752_20', 1, 1, 'Tuktuk');
INSERT INTO `cardExtra` (cardId, type, serial, content) VALUES ('24752_20', 0, 1, 'Lori');
INSERT INTO `cardExtra` (cardId, type, serial, content) VALUES ('24752_20', 0, 2, 'Baiskeli');
INSERT INTO `cardExtra` (cardId, type, serial, content) VALUES ('24752_20', 0, 3, 'Gari Moshi');
INSERT INTO `card` (id, type, title, header, content, option) VALUES ('24752_25', 0, 'Kazi ya Abebech ilimfanya Abebech awe na ________?', NULL, NULL, 'oneAtATime');
INSERT INTO `cardExtra` (cardId, type, serial, content) VALUES ('24752_25', 1, 1, 'Furaha');
INSERT INTO `cardExtra` (cardId, type, serial, content) VALUES ('24752_25', 0, 1, 'Huzuni');
INSERT INTO `cardExtra` (cardId, type, serial, content) VALUES ('24752_25', 0, 2, 'Hasira');
INSERT INTO `cardExtra` (cardId, type, serial, content) VALUES ('24752_25', 0, 3, 'Mtulivu');
INSERT INTO `card` (id, type, title, header, content, option) VALUES ('24752_30', 0, 'Utaenda wapi kwenye Tuktuk yako?', 'assets/topic/asb/27145.png', NULL, 'open');
INSERT INTO `cardExtra` (cardId, type, serial, content) VALUES ('24752_30', 0, 1, 'Nyumabani');
INSERT INTO `cardExtra` (cardId, type, serial, content) VALUES ('24752_30', 0, 2, 'Sokoni');
INSERT INTO `cardExtra` (cardId, type, serial, content) VALUES ('24752_30', 0, 3, 'Shule');
INSERT INTO `cardExtra` (cardId, type, serial, content) VALUES ('24752_30', 0, 4, 'Nyumani kwa rafiki yangu');
INSERT INTO `card` (id, type, title, header, content, option) VALUES ('8074', 2, 'Adhabu', 'assets/topic/asb/8032.png', 'Adelheid Marie Bwire
 Melany Pietersen', 'FF9DEDE3');
INSERT INTO `card` (id, type, title, header, content, option) VALUES ('8074_3', 3, NULL, 'assets/topic/asb/8025.png', 'Siku moja mamangu alinunua matunda aina tofauti.', NULL);
INSERT INTO `card` (id, type, title, header, content, option) VALUES ('8074_4', 3, NULL, 'assets/topic/asb/8032.png', 'Tulijiuliza, "Mama atatugawia matunda wakati gani?"', NULL);
INSERT INTO `card` (id, type, title, header, content, option) VALUES ('8074_5', 3, NULL, 'assets/topic/asb/8029.png', 'Baadaye, kakangu, Rahim, alijificha na kuyala matunda yote!', NULL);
INSERT INTO `card` (id, type, title, header, content, option) VALUES ('8074_6', 3, NULL, 'assets/topic/asb/8027.png', 'Tulisema kwa hasira, "Rahim ni mtukutu tena ni mchoyo. Lazima aadhibiwe."', NULL);
INSERT INTO `card` (id, type, title, header, content, option) VALUES ('8074_7', 3, NULL, 'assets/topic/asb/8023.png', 'Mama aligundua kuwa matunda yote yalikuwa yameliwa. Alikasirika sana.', NULL);
INSERT INTO `card` (id, type, title, header, content, option) VALUES ('8074_8', 3, NULL, 'assets/topic/asb/8024.png', 'Tulimtazama Rahim kwa ukali.', NULL);
INSERT INTO `card` (id, type, title, header, content, option) VALUES ('8074_9', 3, NULL, 'assets/topic/asb/8030.png', 'Nilimwuliza mama, "Je, utamwadhibu Rahim?"', NULL);
INSERT INTO `card` (id, type, title, header, content, option) VALUES ('8074_10', 3, NULL, 'assets/topic/asb/8033.png', 'Baadaye, Rahim alipata adhabu asiyoitarajia.', NULL);
INSERT INTO `card` (id, type, title, header, content, option) VALUES ('8074_11', 3, NULL, 'assets/topic/asb/8031.png', 'Hakuweza kutulia!', NULL);
INSERT INTO `card` (id, type, title, header, content, option) VALUES ('8074_12', 3, NULL, 'assets/topic/asb/8034.png', 'Mama alipomwuliza alijibu kwa sauti ya chini,  "Naumwa na tumbo."', NULL);
INSERT INTO `card` (id, type, title, header, content, option) VALUES ('8074_13', 3, NULL, 'assets/topic/asb/8035.png', 'Hiyo ilikuwa adhabu mbaya kuliko kama Rahim angechapwa na mama.', NULL);
INSERT INTO `card` (id, type, title, header, content, option) VALUES ('8074_14', 3, NULL, 'assets/topic/asb/8036.png', 'Alipopata nafuu, Rahim alituomba msamaha. Aliahidi kuwa hataiba tena.', NULL);
INSERT INTO `card` (id, type, title, header, content, option) VALUES ('8074_15', 3, NULL, NULL, 'You are free to download, copy, translate or adapt this story and use the illustrations as long as you attribute in the following way:
Adhabu
Author -
Adelheid Marie Bwire
Illustration -
Melany Pietersen
Language -
Kiswahili
Level -
First words
© African Storybook Initiative and Molteno Institute 2014
Creative Commons: Attribution 4.0
Source
www.africanstorybook.org', NULL);
INSERT INTO `card` (id, type, title, header, content, option) VALUES ('8074_16', 1, 'Chora bakuli ukionesha matunda ya aina tofauti ndani yake.', 'assets/topic/8074.svg', NULL, NULL);
INSERT INTO `cardExtra` (cardId, type, serial, content) VALUES ('8074_16', 2, 1, 'assets/topic/8074.svg');
INSERT INTO `card` (id, type, title, header, content, option) VALUES ('8074_17', 0, 'Mama alileta nini?', NULL, NULL, 'oneAtATime');
INSERT INTO `cardExtra` (cardId, type, serial, content) VALUES ('8074_17', 1, 1, 'Matunda');
INSERT INTO `cardExtra` (cardId, type, serial, content) VALUES ('8074_17', 0, 1, 'karanga');
INSERT INTO `cardExtra` (cardId, type, serial, content) VALUES ('8074_17', 0, 2, 'Juisi');
INSERT INTO `cardExtra` (cardId, type, serial, content) VALUES ('8074_17', 0, 3, 'Tumbili');
INSERT INTO `card` (id, type, title, header, content, option) VALUES ('8074_22', 0, 'Rahimi alikua_______________.', NULL, NULL, 'oneAtATime');
INSERT INTO `cardExtra` (cardId, type, serial, content) VALUES ('8074_22', 1, 1, 'Mchoyo');
INSERT INTO `cardExtra` (cardId, type, serial, content) VALUES ('8074_22', 0, 1, 'Mpole');
INSERT INTO `cardExtra` (cardId, type, serial, content) VALUES ('8074_22', 0, 2, 'Mnyenyekevu');
INSERT INTO `cardExtra` (cardId, type, serial, content) VALUES ('8074_22', 0, 3, 'Anafurahi');
INSERT INTO `card` (id, type, title, header, content, option) VALUES ('8074_27', 0, 'Hadithi inatufundisha tusiwe_____________.', NULL, NULL, 'oneAtATime');
INSERT INTO `cardExtra` (cardId, type, serial, content) VALUES ('8074_27', 1, 1, 'Wachoyo');
INSERT INTO `cardExtra` (cardId, type, serial, content) VALUES ('8074_27', 0, 1, 'Na furaha');
INSERT INTO `cardExtra` (cardId, type, serial, content) VALUES ('8074_27', 0, 2, 'Wapole');
INSERT INTO `cardExtra` (cardId, type, serial, content) VALUES ('8074_27', 0, 3, 'Na huzuni');
INSERT INTO `card` (id, type, title, header, content, option) VALUES ('8074_32', 0, 'Unapendelea Matunda gani?', 'assets/topic/asb/8032.png', NULL, 'open');
INSERT INTO `cardExtra` (cardId, type, serial, content) VALUES ('8074_32', 0, 1, 'Ndizi');
INSERT INTO `cardExtra` (cardId, type, serial, content) VALUES ('8074_32', 0, 2, 'Maembe');
INSERT INTO `cardExtra` (cardId, type, serial, content) VALUES ('8074_32', 0, 3, 'Mananasi');
INSERT INTO `cardExtra` (cardId, type, serial, content) VALUES ('8074_32', 0, 4, 'Machungwa');
INSERT INTO `card` (id, type, title, header, content, option) VALUES ('15403', 2, 'Adie na Adhoch', 'assets/topic/asb/14705.png', 'Christine Nyangate
Catherine Groenewald, Wiehan de Jager, Melany Pietersen, Alice Toich, Silva Afonso, Michael Omadi and Vusi Malindi', 'FF9DEDE3');
INSERT INTO `card` (id, type, title, header, content, option) VALUES ('15403_3', 3, NULL, 'assets/topic/asb/9066.png', 'Hapo zamani za kale, palikuwa na mwanamme mmoja aliyekuwa na wake wawili. Wake zake walipata watoto wasichana wawili, Adie na Adhoch. Watoto hao walipendana sana.', NULL);
INSERT INTO `card` (id, type, title, header, content, option) VALUES ('15403_4', 3, NULL, 'assets/topic/asb/13839.png', 'Adie alikuwa mwenye bidii, mkarimu na mwenye nidhamu. Adhoch naye alikuwa mvivu, mchoyo na mtovu wa nidhamu.', NULL);
INSERT INTO `card` (id, type, title, header, content, option) VALUES ('15403_5', 3, NULL, 'assets/topic/asb/13843.png', 'Adie alipendwa na walimu. Alipata zawadi nyingi kutokana na bidii yake. Adhoch hakupata zawadi yoyote. Mamake Adhoch alimwonea wivu Adie.', NULL);
INSERT INTO `card` (id, type, title, header, content, option) VALUES ('15403_6', 3, NULL, 'assets/topic/asb/13837.png', 'Mamake Adie aliugua na kufa. Adie hakupendwa na mamake wa kambo kama alivyopendwa na mamake mzazi.', NULL);
INSERT INTO `card` (id, type, title, header, content, option) VALUES ('15403_7', 3, NULL, 'assets/topic/asb/13838.png', 'Adie alizifanya kazi zote za nyumbani. Hakupata nafasi ya kujitayarisha kwenda shule. Adhoch alisoma na kucheza na wenzake.', NULL);
INSERT INTO `card` (id, type, title, header, content, option) VALUES ('15403_8', 3, NULL, 'assets/topic/asb/8023.png', 'Hata hivyo Adie alifanya vyema katika masomo yake shuleni. Alipita mitihani yake na kuendelea kupata zawadi. Hili lilimkasirisha mamake Adhoch zaidi.', NULL);
INSERT INTO `card` (id, type, title, header, content, option) VALUES ('15403_9', 3, NULL, 'assets/topic/asb/15112.png', 'Siku moja mamake Adhoch alimtaka Adie aende naye kuchota maji ziwani. Walipofika, mamake Adhoch alimwambia achote maji mbali na ukingo wa maji safi. Mawimbi yalimbeba Adie akazama.', NULL);
INSERT INTO `card` (id, type, title, header, content, option) VALUES ('15403_10', 3, NULL, 'assets/topic/asb/13697.png', 'Mama alirudi nyumbani. Adhoch alimwuliza, "Mama,  Adie yuko wapi?" Mamake Adhoch alisema, "Anacheza na wenzake. Atakuja nyumbani baadaye."', NULL);
INSERT INTO `card` (id, type, title, header, content, option) VALUES ('15403_11', 3, NULL, 'assets/topic/asb/1099.png', 'Jioni, Adhoch alienda kumtafuta dada yake. Alimwita,  "Adie! Uko wapi?" Adhoch akasikia sauti ikisema, "Niko ziwani. Mama alinizamisha."', NULL);
INSERT INTO `card` (id, type, title, header, content, option) VALUES ('15403_12', 3, NULL, 'assets/topic/asb/1195.png', 'Adie aliingia majini akimwita dada yake. "Adie uko wapi?" Alisikia jibu kama lile la kwanza, "Niko majini,  mama alinizamisha."', NULL);
INSERT INTO `card` (id, type, title, header, content, option) VALUES ('15403_13', 3, NULL, 'assets/topic/asb/15112.png', 'Adhoch aliingia majini naye akazama kama vile dada yake alivyozama.', NULL);
INSERT INTO `card` (id, type, title, header, content, option) VALUES ('15403_14', 3, NULL, 'assets/topic/asb/15011.png', 'Mamake Adhoch alikuwa na huzuni sana. Alimpoteza Adhoch kwa sababu ya wivu. Alifanya kazi zote peke yake.', NULL);
INSERT INTO `card` (id, type, title, header, content, option) VALUES ('15403_15', 3, NULL, NULL, 'You are free to download, copy, translate or adapt this story and use the illustrations as long as you attribute in the following way:
Adie na Adhoch
Author -
Christine Nyangate
Translation -
Christine Nyangate
Illustration -
Catherine Groenewald, Wiehan de Jager, Melany Pietersen, Alice Toich, Silva Afonso, Michael Omadi and Vusi Malindi
Language -
Kiswahili
Level -
Longer paragraphs
© African Storybook Initiative 2016
Creative Commons: Attribution 4.0
Source
www.africanstorybook.org', NULL);
INSERT INTO `card` (id, type, title, header, content, option) VALUES ('15403_16', 1, 'Chora zawadi na uirembe', 'assets/topic/15403.svg', NULL, NULL);
INSERT INTO `cardExtra` (cardId, type, serial, content) VALUES ('15403_16', 2, 1, 'assets/topic/15403.svg');
INSERT INTO `card` (id, type, title, header, content, option) VALUES ('15403_17', 0, 'Mwanaume alikua na wake wangapi?', NULL, NULL, 'oneAtATime');
INSERT INTO `cardExtra` (cardId, type, serial, content) VALUES ('15403_17', 1, 1, 'Wawili');
INSERT INTO `cardExtra` (cardId, type, serial, content) VALUES ('15403_17', 0, 1, 'Mmoja');
INSERT INTO `cardExtra` (cardId, type, serial, content) VALUES ('15403_17', 0, 2, 'Watatu');
INSERT INTO `cardExtra` (cardId, type, serial, content) VALUES ('15403_17', 0, 3, 'Wanne');
INSERT INTO `card` (id, type, title, header, content, option) VALUES ('15403_22', 0, 'Mama yake Adhoch alimpeleka wapi Adie?', NULL, NULL, 'oneAtATime');
INSERT INTO `cardExtra` (cardId, type, serial, content) VALUES ('15403_22', 1, 1, 'Ziwani');
INSERT INTO `cardExtra` (cardId, type, serial, content) VALUES ('15403_22', 0, 1, 'Shule');
INSERT INTO `cardExtra` (cardId, type, serial, content) VALUES ('15403_22', 0, 2, 'Uwanjani');
INSERT INTO `cardExtra` (cardId, type, serial, content) VALUES ('15403_22', 0, 3, 'Mtini');
INSERT INTO `card` (id, type, title, header, content, option) VALUES ('15403_27', 0, 'Hadithi inatufundisha tusiwe?', NULL, NULL, 'oneAtATime');
INSERT INTO `cardExtra` (cardId, type, serial, content) VALUES ('15403_27', 1, 1, 'Wenye Wivu');
INSERT INTO `cardExtra` (cardId, type, serial, content) VALUES ('15403_27', 0, 1, 'na Hasira');
INSERT INTO `cardExtra` (cardId, type, serial, content) VALUES ('15403_27', 0, 2, 'Wakatili');
INSERT INTO `cardExtra` (cardId, type, serial, content) VALUES ('15403_27', 0, 3, 'wenye furaha');
INSERT INTO `card` (id, type, title, header, content, option) VALUES ('15403_32', 0, 'Ungependelea uwe na nini?', 'assets/topic/asb/14705.png', NULL, 'open');
INSERT INTO `cardExtra` (cardId, type, serial, content) VALUES ('15403_32', 0, 1, 'Chakula');
INSERT INTO `cardExtra` (cardId, type, serial, content) VALUES ('15403_32', 0, 2, 'Nguo');
INSERT INTO `cardExtra` (cardId, type, serial, content) VALUES ('15403_32', 0, 3, 'Baiskeli');
INSERT INTO `cardExtra` (cardId, type, serial, content) VALUES ('15403_32', 0, 4, 'Begi');
INSERT INTO `card` (id, type, title, header, content, option) VALUES ('18218', 2, 'Adun, mrembo', 'assets/topic/asb/13337.png', 'Ursula Nafula
Wiehan de Jager', 'FFCFB5DD');
INSERT INTO `card` (id, type, title, header, content, option) VALUES ('18218_3', 3, NULL, 'assets/topic/asb/13337.png', 'Adun alikuwa msichana mrembo sana. Wanaume kutoka kijijini kwake, wangependa wamuoe. Lakini, Adun aliwakataa wote.', NULL);
INSERT INTO `card` (id, type, title, header, content, option) VALUES ('18218_4', 3, NULL, 'assets/topic/asb/13338.png', 'Ilikuwa siku ya soko. Mamboleo aliomba miguu kutoka kwa mwanamume mmoja, mikono kutoka kwa mwingine, na kiwiliwili kutoka kwa mtu tofauti. Kisha Mamboleo akaziunganisha sehemu hizo tofauti. Akakiweka kichwa chake juu yake halafu akaenda sokoni.', NULL);
INSERT INTO `card` (id, type, title, header, content, option) VALUES ('18218_5', 3, NULL, 'assets/topic/asb/13339.png', 'Mamboleo alimtaka Adun na alikuwa na azma ya kumuoa. Adun alipendezwa na Mamboleo akataka kuolewa naye. Ingawa Mamboleo alitoka mji wa mbali, Adun alikuwa tayari kurudi naye kwake.', NULL);
INSERT INTO `card` (id, type, title, header, content, option) VALUES ('18218_6', 3, NULL, 'assets/topic/asb/13340.png', 'Adun na Mamboleo walipokuwa wakisafiri, mwenye miguu aliichukua. Kisha mwenye mikono akaichukua mikono yake. Mwishowe kabisa, mwenye kiwiliwili alikichukua.', NULL);
INSERT INTO `card` (id, type, title, header, content, option) VALUES ('18218_7', 3, NULL, 'assets/topic/asb/13341.png', 'Kichwa pekee kilibaki kikaendelea kutembea na Adun. Adun aliogopa lakini hakutoroka. Baadaye, waliwasili katika nyumba ya kichwa hicho.', NULL);
INSERT INTO `card` (id, type, title, header, content, option) VALUES ('18218_8', 3, NULL, 'assets/topic/asb/13342.png', 'Keshoye kabla ya kichwa kuondoka kwenda shambani,  kilimweleza Kobe, "Adun akijaribu kutroroka, ipulize pembe hii unijulishe."', NULL);
INSERT INTO `card` (id, type, title, header, content, option) VALUES ('18218_9', 3, NULL, 'assets/topic/asb/13343.png', 'Kichwa kilipoondoka, Adun alifunganya virago vyake akitaka kutoroka.', NULL);
INSERT INTO `card` (id, type, title, header, content, option) VALUES ('18218_10', 3, NULL, 'assets/topic/asb/13344.png', 'Kobe alipoona hivyo, aliipuliza pembe akisema,  "Kichwa, kichwa, Adun yu karibu kutoroka."', NULL);
INSERT INTO `card` (id, type, title, header, content, option) VALUES ('18218_11', 3, NULL, 'assets/topic/asb/13345.png', 'Kichwa kilimwendea Adun na kusema, "Unadhani unaenda wapi?" Adun alirejea nyumbani kwa kichwa,  shingo upande.', NULL);
INSERT INTO `card` (id, type, title, header, content, option) VALUES ('18218_12', 3, NULL, 'assets/topic/asb/13346.png', 'Hatimaye, Adun alitafuta mawaidha kutoka kwa mganga. Mganga alimshauri, "Nenda ununue keki za maharage. Ziloe katika mafuta kisha uziweke ndani ya ile pembe anayoipuliza."', NULL);
INSERT INTO `card` (id, type, title, header, content, option) VALUES ('18218_13', 3, NULL, 'assets/topic/asb/13347.png', 'Adun alifuata maagizo ya mganga. Aliziweka keki zilizoloa mafuta ndani ya ile pembe.', NULL);
INSERT INTO `card` (id, type, title, header, content, option) VALUES ('18218_14', 3, NULL, 'assets/topic/asb/13349.png', 'Asubuhi ilipofika, Adun alivichukua virago vyake akaanza kutoroka tena. Kobe alipoichukua pembe kuipuliza, keki tamu zilianguka mdomoni kwake.', NULL);
INSERT INTO `card` (id, type, title, header, content, option) VALUES ('18218_15', 3, NULL, 'assets/topic/asb/13348.png', 'Kobe alizila na kuzila zile keki. Adun alitoroka akaenda zake.', NULL);
INSERT INTO `card` (id, type, title, header, content, option) VALUES ('18218_16', 3, NULL, NULL, 'You are free to download, copy, translate or adapt this story and use the illustrations as long as you attribute in the following way:
Adun, mrembo
Author -
Taiwo Ẹhinẹni
Translation -
Ursula Nafula
Illustration -
Wiehan de Jager
Language -
Kiswahili
Level -
First paragraphs
© African Storybook Initiative 2015
Creative Commons: Attribution 4.0
Source
www.africanstorybook.org', NULL);
INSERT INTO `card` (id, type, title, header, content, option) VALUES ('18218_17', 1, 'Chora Pembe', 'assets/topic/18218.svg', NULL, NULL);
INSERT INTO `cardExtra` (cardId, type, serial, content) VALUES ('18218_17', 2, 1, 'assets/topic/18218.svg');
INSERT INTO `card` (id, type, title, header, content, option) VALUES ('18218_18', 0, 'Adhun alikua mrembo sana.', NULL, NULL, 'oneAtATime');
INSERT INTO `cardExtra` (cardId, type, serial, content) VALUES ('18218_18', 1, 1, 'Kweli');
INSERT INTO `cardExtra` (cardId, type, serial, content) VALUES ('18218_18', 0, 1, 'Si kweli');
INSERT INTO `card` (id, type, title, header, content, option) VALUES ('18218_21', 0, 'Mwanaume aliazima nini?', NULL, NULL, 'many');
INSERT INTO `cardExtra` (cardId, type, serial, content) VALUES ('18218_21', 1, 1, 'Miguu');
INSERT INTO `cardExtra` (cardId, type, serial, content) VALUES ('18218_21', 1, 2, 'Mikono');
INSERT INTO `cardExtra` (cardId, type, serial, content) VALUES ('18218_21', 1, 3, 'Mwili');
INSERT INTO `cardExtra` (cardId, type, serial, content) VALUES ('18218_21', 0, 1, 'Kofia');
INSERT INTO `cardExtra` (cardId, type, serial, content) VALUES ('18218_21', 0, 2, 'Keki');
INSERT INTO `cardExtra` (cardId, type, serial, content) VALUES ('18218_21', 0, 3, 'Kobe');
INSERT INTO `card` (id, type, title, header, content, option) VALUES ('18218_28', 0, 'Hadithi inatufundisha tusiongee na_________.', NULL, NULL, 'oneAtATime');
INSERT INTO `cardExtra` (cardId, type, serial, content) VALUES ('18218_28', 1, 1, 'Watu wasiojulikana');
INSERT INTO `cardExtra` (cardId, type, serial, content) VALUES ('18218_28', 0, 1, 'Marafiki');
INSERT INTO `cardExtra` (cardId, type, serial, content) VALUES ('18218_28', 0, 2, 'Dada');
INSERT INTO `cardExtra` (cardId, type, serial, content) VALUES ('18218_28', 0, 3, 'baba');
INSERT INTO `card` (id, type, title, header, content, option) VALUES ('18218_33', 0, 'Utaazima nini kutoka kwa wengine?', 'assets/topic/asb/13337.png', NULL, 'open');
INSERT INTO `cardExtra` (cardId, type, serial, content) VALUES ('18218_33', 0, 1, 'Begi');
INSERT INTO `cardExtra` (cardId, type, serial, content) VALUES ('18218_33', 0, 2, 'nguo');
INSERT INTO `cardExtra` (cardId, type, serial, content) VALUES ('18218_33', 0, 3, 'Chakula');
INSERT INTO `cardExtra` (cardId, type, serial, content) VALUES ('18218_33', 0, 4, 'Kofia');
INSERT INTO `card` (id, type, title, header, content, option) VALUES ('12925', 2, 'Ah! Mpira!', 'assets/topic/asb/12881.png', 'Stella Kihweo
 Onesmus Kakungi', 'FFCFB5DD');
INSERT INTO `card` (id, type, title, header, content, option) VALUES ('12925_3', 3, NULL, 'assets/topic/asb/12871.png', 'Mimi ninapenda kucheza na rafiki yangu Chuma.', NULL);
INSERT INTO `card` (id, type, title, header, content, option) VALUES ('12925_4', 3, NULL, 'assets/topic/asb/12872.png', 'Mimi na Chuma tunapendana sana. Tukitumwa,  tunaenda pamoja.', NULL);
INSERT INTO `card` (id, type, title, header, content, option) VALUES ('12925_5', 3, NULL, 'assets/topic/asb/12873.png', 'Siku moja nilitumwa na bibi dukani nikanunue chumvi na mafuta. Nilienda na Chuma.', NULL);
INSERT INTO `card` (id, type, title, header, content, option) VALUES ('12925_6', 3, NULL, 'assets/topic/asb/12874.png', 'Tukiwa njiani, tuliwaona watoto wenzetu wakicheza mpira wa miguu.', NULL);
INSERT INTO `card` (id, type, title, header, content, option) VALUES ('12925_7', 3, NULL, 'assets/topic/asb/12876.png', 'Mimi nilitamani sana kucheza mpira huo. Nilisema,  "Ah! Mpira!"', NULL);
INSERT INTO `card` (id, type, title, header, content, option) VALUES ('12925_8', 3, NULL, 'assets/topic/asb/12877.png', 'Nilimwambia Chuma, "Twende tuwaombe kucheza nao mpira. Mimi hupenda mpira wa miguu."', NULL);
INSERT INTO `card` (id, type, title, header, content, option) VALUES ('12925_9', 3, NULL, 'assets/topic/asb/12878.png', 'Chuma alinijibu, "Twende kwanza dukani, halafu turudi kucheza."', NULL);
INSERT INTO `card` (id, type, title, header, content, option) VALUES ('12925_10', 3, NULL, 'assets/topic/asb/12879.png', 'Lakini, nilimwambia Chuma, "Tucheze kwanza wewe! Tukienda nyumbani bibi hataturuhusu."', NULL);
INSERT INTO `card` (id, type, title, header, content, option) VALUES ('12925_11', 3, NULL, 'assets/topic/asb/12880.png', 'Tulikubaliwa na wenzetu tukacheza mpira. Nilikuwa golikipa.', NULL);
INSERT INTO `card` (id, type, title, header, content, option) VALUES ('12925_12', 3, NULL, 'assets/topic/asb/12881.png', 'Nilijitahidi kudaka mpira. Wenzangu hawakuweza kufunga goli hata moja.', NULL);
INSERT INTO `card` (id, type, title, header, content, option) VALUES ('12925_13', 3, NULL, 'assets/topic/asb/12882.png', 'Uwanja tuliochezea ulikuwa na mchanga mwingi. Magoli yake yalikuwa mawe makubwa.', NULL);
INSERT INTO `card` (id, type, title, header, content, option) VALUES ('12925_14', 3, NULL, 'assets/topic/asb/12883.png', 'Baada ya mchezo, tuliondoka kwenda dukani, lakini, hatukuwa na pesa. Nilianza kulia. Chuma alinikemea,  "Acha kulia. Ni wewe ulitaka tucheze kabla ya kwenda dukani."', NULL);
INSERT INTO `card` (id, type, title, header, content, option) VALUES ('12925_15', 3, NULL, 'assets/topic/asb/12884.png', 'Tulirudi nyumbani bila chumvi wala mafuta. Pia, tulikuwa tumechafuka kweli kweli.', NULL);
INSERT INTO `card` (id, type, title, header, content, option) VALUES ('12925_16', 3, NULL, 'assets/topic/asb/12885.png', 'Tulimkuta bibi amekasirika mno. Alituuliza, "Mmekuwa wapi muda huu wote?"', NULL);
INSERT INTO `card` (id, type, title, header, content, option) VALUES ('12925_17', 3, NULL, 'assets/topic/asb/12886.png', 'Alipogundua kuwa tulipoteza hela, alisema,  "Nawasamehe leo, lakini, msirudie tena kucheza bila ruhusa."', NULL);
INSERT INTO `card` (id, type, title, header, content, option) VALUES ('12925_18', 3, NULL, 'assets/topic/asb/12887.png', 'Tulipoona tumesamehewa, tulienda haraka kuwalisha kuku na bata. Baadaye, tulioga na kuwa wasafi.', NULL);
INSERT INTO `card` (id, type, title, header, content, option) VALUES ('12925_19', 3, NULL, NULL, 'You are free to download, copy, translate or adapt this story and use the illustrations as long as you attribute in the following way:
Ah! Mpira!
Author -
Stella Kihweo
Illustration -
Onesmus Kakungi
Language -
Kiswahili
Level -
First sentences
© African Storybook Initiative 2015
Creative Commons: Attribution 4.0
Source
www.africanstorybook.org', NULL);
INSERT INTO `card` (id, type, title, header, content, option) VALUES ('12925_20', 1, 'Chora Mpira wa miguu', 'assets/topic/12925.svg', NULL, NULL);
INSERT INTO `cardExtra` (cardId, type, serial, content) VALUES ('12925_20', 2, 1, 'assets/topic/12925.svg');
INSERT INTO `card` (id, type, title, header, content, option) VALUES ('12925_21', 0, 'Chuma alipenda kucheza nini zaidi?', NULL, NULL, 'oneAtATime');
INSERT INTO `cardExtra` (cardId, type, serial, content) VALUES ('12925_21', 1, 1, 'Mpira wa miguu');
INSERT INTO `cardExtra` (cardId, type, serial, content) VALUES ('12925_21', 0, 1, 'Kukimbia');
INSERT INTO `cardExtra` (cardId, type, serial, content) VALUES ('12925_21', 0, 2, 'Kuteleza juu ya barafu');
INSERT INTO `cardExtra` (cardId, type, serial, content) VALUES ('12925_21', 0, 3, 'Mpira wa kikapu');
INSERT INTO `card` (id, type, title, header, content, option) VALUES ('12925_26', 0, 'Magoli yalitengenezwa kwa mawe makubwa.', NULL, NULL, 'oneAtATime');
INSERT INTO `cardExtra` (cardId, type, serial, content) VALUES ('12925_26', 1, 1, 'Kweli.');
INSERT INTO `cardExtra` (cardId, type, serial, content) VALUES ('12925_26', 0, 1, 'Si kweli.');
INSERT INTO `card` (id, type, title, header, content, option) VALUES ('12925_29', 0, 'Hadithi inatufundishwa kuomba ruhusa kutoka kwa________.', NULL, NULL, 'oneAtATime');
INSERT INTO `cardExtra` (cardId, type, serial, content) VALUES ('12925_29', 1, 1, 'Bibi');
INSERT INTO `cardExtra` (cardId, type, serial, content) VALUES ('12925_29', 0, 1, 'Jirani');
INSERT INTO `cardExtra` (cardId, type, serial, content) VALUES ('12925_29', 0, 2, 'rafiki');
INSERT INTO `cardExtra` (cardId, type, serial, content) VALUES ('12925_29', 0, 3, 'Tumbili');
INSERT INTO `card` (id, type, title, header, content, option) VALUES ('12925_34', 0, 'Unapendelea kucheza mchezo gani?', 'assets/topic/asb/12881.png', NULL, 'open');
INSERT INTO `cardExtra` (cardId, type, serial, content) VALUES ('12925_34', 0, 1, 'Mpira wa miguu.');
INSERT INTO `cardExtra` (cardId, type, serial, content) VALUES ('12925_34', 0, 2, 'Kukimbia');
INSERT INTO `cardExtra` (cardId, type, serial, content) VALUES ('12925_34', 0, 3, 'Kuruka');
INSERT INTO `cardExtra` (cardId, type, serial, content) VALUES ('12925_34', 0, 4, 'Kuruka kamba');
INSERT INTO `card` (id, type, title, header, content, option) VALUES ('10555', 2, 'Ajali mbaya', 'assets/topic/asb/9638.png', 'Ursula Nafula
 Rob Owen', 'FF9DEDE3');
INSERT INTO `card` (id, type, title, header, content, option) VALUES ('10555_3', 3, NULL, 'assets/topic/asb/9635.png', 'Mimi na dadangu tulikuwa tukitembea kando ya barabara.', NULL);
INSERT INTO `card` (id, type, title, header, content, option) VALUES ('10555_4', 3, NULL, 'assets/topic/asb/9636.png', 'Tuliona lori kubwa likiendeshwa kwenye mteremko.', NULL);
INSERT INTO `card` (id, type, title, header, content, option) VALUES ('10555_5', 3, NULL, 'assets/topic/asb/9637.png', 'Wakati huo, gari ndogo liliendeshwa kwa kasi kuelekea upande wa juu wa barabara.', NULL);
INSERT INTO `card` (id, type, title, header, content, option) VALUES ('10555_6', 3, NULL, 'assets/topic/asb/9641.png', 'Dereva wa lori hakuwa mwangalifu.
Alikuwa akizungumza kwa simu ya rununu.', NULL);
INSERT INTO `card` (id, type, title, header, content, option) VALUES ('10555_7', 3, NULL, 'assets/topic/asb/9639.png', 'Mara lori liligonga gari!', NULL);
INSERT INTO `card` (id, type, title, header, content, option) VALUES ('10555_8', 3, NULL, 'assets/topic/asb/9640.png', 'Baadaye, ambulansi ilifika pamoja na polisi.', NULL);
INSERT INTO `card` (id, type, title, header, content, option) VALUES ('10555_9', 3, NULL, 'assets/topic/asb/9638.png', 'Pia magari mawili ya kuvuta yale yaliyohusika kwa ajali yalifika.', NULL);
INSERT INTO `card` (id, type, title, header, content, option) VALUES ('10555_10', 3, NULL, 'assets/topic/asb/9642.png', 'Tulishuhudia kila kitu.
Tulitishika sana.', NULL);
INSERT INTO `card` (id, type, title, header, content, option) VALUES ('10555_11', 3, NULL, NULL, 'You are free to download, copy, translate or adapt this story and use the illustrations as long as you attribute in the following way:
Ajali mbaya
Author -
Zanele Buthelezi, Thembani Dladla and Clare Verbeek
Translation -
Ursula Nafula
Illustration -
Rob Owen
Language -
Kiswahili
Level -
First words
© School of Education and Development (Ukzn) and African Storybook Initiative 2007
Creative Commons: Attribution 4.0
Source
www.africanstorybook.org
Original source
www.akdn.org', NULL);
INSERT INTO `card` (id, type, title, header, content, option) VALUES ('10555_12', 1, 'Chora Lori', 'assets/topic/10555.svg', NULL, NULL);
INSERT INTO `cardExtra` (cardId, type, serial, content) VALUES ('10555_12', 2, 1, 'assets/topic/10555.svg');
INSERT INTO `card` (id, type, title, header, content, option) VALUES ('10555_13', 0, 'Gari ndogo lilikua linakimbilia wapi?', NULL, NULL, 'oneAtATime');
INSERT INTO `cardExtra` (cardId, type, serial, content) VALUES ('10555_13', 1, 1, 'Kilimani');
INSERT INTO `cardExtra` (cardId, type, serial, content) VALUES ('10555_13', 0, 1, 'Barabarani');
INSERT INTO `cardExtra` (cardId, type, serial, content) VALUES ('10555_13', 0, 2, 'Kwenye mti');
INSERT INTO `cardExtra` (cardId, type, serial, content) VALUES ('10555_13', 0, 3, 'Kwenye Nyasi');
INSERT INTO `card` (id, type, title, header, content, option) VALUES ('10555_18', 0, 'Dereva wa Lori aligonga gari ndogo.', NULL, NULL, 'oneAtATime');
INSERT INTO `cardExtra` (cardId, type, serial, content) VALUES ('10555_18', 1, 1, 'Kweli.');
INSERT INTO `cardExtra` (cardId, type, serial, content) VALUES ('10555_18', 0, 1, 'Si kweli.');
INSERT INTO `card` (id, type, title, header, content, option) VALUES ('10555_21', 0, 'Hadithi inatufindishi tusitumie Simu wakati___________?', NULL, NULL, 'oneAtATime');
INSERT INTO `cardExtra` (cardId, type, serial, content) VALUES ('10555_21', 1, 1, 'Tunaendesha gari');
INSERT INTO `cardExtra` (cardId, type, serial, content) VALUES ('10555_21', 0, 1, 'Tunakimbia');
INSERT INTO `cardExtra` (cardId, type, serial, content) VALUES ('10555_21', 0, 2, 'Tunaongea');
INSERT INTO `cardExtra` (cardId, type, serial, content) VALUES ('10555_21', 0, 3, 'Tunatembea');
INSERT INTO `card` (id, type, title, header, content, option) VALUES ('10555_26', 0, 'Unatembea na nani?', 'assets/topic/asb/9638.png', NULL, 'open');
INSERT INTO `cardExtra` (cardId, type, serial, content) VALUES ('10555_26', 0, 1, 'Baba');
INSERT INTO `cardExtra` (cardId, type, serial, content) VALUES ('10555_26', 0, 2, 'Mama');
INSERT INTO `cardExtra` (cardId, type, serial, content) VALUES ('10555_26', 0, 3, 'Dada');
INSERT INTO `cardExtra` (cardId, type, serial, content) VALUES ('10555_26', 0, 4, 'Rafiki');
INSERT INTO `card` (id, type, title, header, content, option) VALUES ('19094', 2, 'Akadeli abahatika', 'assets/topic/asb/19016.png', 'Simon Ipoo
Rob Owen', 'FF9DEDE3');
INSERT INTO `card` (id, type, title, header, content, option) VALUES ('19094_3', 3, NULL, 'assets/topic/asb/19004.png', 'Siku moja Akadeli, Lucia, Acharait na Maria walienda msituni kutafuta matunda. Walishikana mikono wakavuka mto mkubwa.', NULL);
INSERT INTO `card` (id, type, title, header, content, option) VALUES ('19094_4', 3, NULL, 'assets/topic/asb/19005.png', 'Waliufikia mti uliojaa matunda mabivu. Walikubaliana kuukwea mti ule na kuyachuma matunda wakiwa wameyafumba macho yao.', NULL);
INSERT INTO `card` (id, type, title, header, content, option) VALUES ('19094_5', 3, NULL, 'assets/topic/asb/19007.png', 'Hata hivyo, Lucia, Acharait na Maria hawakuyafumba macho yao. Akadeli pekee alifanya hivyo alipokuwa akichuma matunda.', NULL);
INSERT INTO `card` (id, type, title, header, content, option) VALUES ('19094_6', 3, NULL, 'assets/topic/asb/19009.png', 'Ilipofika wakati wa kuyafumbua macho, Akadeli alikuta kwamba alikuwa ameyachuma matunda mabichi pekee.', NULL);
INSERT INTO `card` (id, type, title, header, content, option) VALUES ('19094_7', 3, NULL, 'assets/topic/asb/19010.png', 'Lucia, Acharait na Maria walimcheka Akadeli kisha wakaondoka kwenda zao nyumbani. Akadeli aliyatupa matunda yale mabichi akaanza kuchuma mabivu.', NULL);
INSERT INTO `card` (id, type, title, header, content, option) VALUES ('19094_8', 3, NULL, 'assets/topic/asb/19011.png', 'Muda mfupi baadaye, Akadeli alikijaza kikapu chake kwa matudna mabivu. Alianza kuuvuka mto ule mkubwa peke yake.', NULL);
INSERT INTO `card` (id, type, title, header, content, option) VALUES ('19094_9', 3, NULL, 'assets/topic/asb/19012.png', 'Akadeli alipokuwa katikati, kikapu chake kilimponyoka na kuanguka majini. Alikasirika sana akaanza kulia.', NULL);
INSERT INTO `card` (id, type, title, header, content, option) VALUES ('19094_10', 3, NULL, 'assets/topic/asb/19013.png', 'Kabla hajavuka ng''ambo, Akadeli alimwona samaki ukingoni mwa mto. Alimchukua.', NULL);
INSERT INTO `card` (id, type, title, header, content, option) VALUES ('19094_11', 3, NULL, 'assets/topic/asb/19014.png', 'Alipokuwa amembeba samaki yule, mwewe alimnyang''anya na kuruka naye.', NULL);
INSERT INTO `card` (id, type, title, header, content, option) VALUES ('19094_12', 3, NULL, 'assets/topic/asb/19015.png', 'Akadeli aliona unyoya mmoja mrefu uliokuwa umeachwa na mwewe. Ingawa alikasirika, aliuchukua ule unyoya na kuendelea na safari yake.', NULL);
INSERT INTO `card` (id, type, title, header, content, option) VALUES ('19094_13', 3, NULL, 'assets/topic/asb/19016.png', 'Akadeli aliwapita watu wakisherehekea harusi ya kitamaduni. Wachezaji walivalia nyasi vichwani badala ya manyoya kama ilivyokuwa desturi. Waliuchukua ule unyoya wakampatia fahali mkubwa!', NULL);
INSERT INTO `card` (id, type, title, header, content, option) VALUES ('19094_14', 3, NULL, 'assets/topic/asb/19017.png', 'Akadeli alifika nyumbani na fahali wake. Wazazi na jamaa zake walifurahi sana. Lucia, Acharait na Maria walisikitaka kumdanganya Akadeli. Ilikuwa siku ya bahati kwa Akadeli!', NULL);
INSERT INTO `card` (id, type, title, header, content, option) VALUES ('19094_15', 3, NULL, NULL, 'You are free to download, copy, translate or adapt this story and use the illustrations as long as you attribute in the following way:
Akadeli abahatika
Author -
Simon Ipoo
Illustration -
Rob Owen
Language -
Kiswahili
Level -
First paragraphs
© African Storybook Initiative 2016
Creative Commons: Attribution 4.0
Source
www.africanstorybook.org', NULL);
INSERT INTO `card` (id, type, title, header, content, option) VALUES ('19094_16', 1, 'Chora mti ukiwa na matunda', 'assets/topic/19094.svg', NULL, NULL);
INSERT INTO `cardExtra` (cardId, type, serial, content) VALUES ('19094_16', 2, 1, 'assets/topic/19094.svg');
INSERT INTO `card` (id, type, title, header, content, option) VALUES ('19094_17', 0, 'Wote walienda wapi kuchuma matunda pori?', NULL, NULL, 'oneAtATime');
INSERT INTO `cardExtra` (cardId, type, serial, content) VALUES ('19094_17', 1, 1, 'Msituni');
INSERT INTO `cardExtra` (cardId, type, serial, content) VALUES ('19094_17', 0, 1, 'Nyumbani');
INSERT INTO `cardExtra` (cardId, type, serial, content) VALUES ('19094_17', 0, 2, 'Uwanjani');
INSERT INTO `cardExtra` (cardId, type, serial, content) VALUES ('19094_17', 0, 3, 'Ziwani');
INSERT INTO `card` (id, type, title, header, content, option) VALUES ('19094_22', 0, 'Teua vitu alivokusanya Akadeli kwenye safari yake.', NULL, NULL, 'many');
INSERT INTO `cardExtra` (cardId, type, serial, content) VALUES ('19094_22', 1, 1, 'Matunda mabivu');
INSERT INTO `cardExtra` (cardId, type, serial, content) VALUES ('19094_22', 1, 2, 'Samaki Mkubwa');
INSERT INTO `cardExtra` (cardId, type, serial, content) VALUES ('19094_22', 1, 3, 'Mwewe');
INSERT INTO `cardExtra` (cardId, type, serial, content) VALUES ('19094_22', 1, 4, 'Unyoya');
INSERT INTO `cardExtra` (cardId, type, serial, content) VALUES ('19094_22', 1, 5, 'Fahali');
INSERT INTO `cardExtra` (cardId, type, serial, content) VALUES ('19094_22', 0, 1, 'Nyasi');
INSERT INTO `cardExtra` (cardId, type, serial, content) VALUES ('19094_22', 0, 2, 'Sisiminzi');
INSERT INTO `cardExtra` (cardId, type, serial, content) VALUES ('19094_22', 0, 3, 'Tumbili');
INSERT INTO `card` (id, type, title, header, content, option) VALUES ('19094_31', 0, 'Siku ya Akadeli ilikuaje?', NULL, NULL, 'oneAtATime');
INSERT INTO `cardExtra` (cardId, type, serial, content) VALUES ('19094_31', 1, 1, 'Ya bahati');
INSERT INTO `cardExtra` (cardId, type, serial, content) VALUES ('19094_31', 0, 1, 'Mbaya');
INSERT INTO `cardExtra` (cardId, type, serial, content) VALUES ('19094_31', 0, 2, 'Ngumu');
INSERT INTO `cardExtra` (cardId, type, serial, content) VALUES ('19094_31', 0, 3, 'Inachosha');
INSERT INTO `card` (id, type, title, header, content, option) VALUES ('19094_36', 0, 'Uliona nini ulipoenda nje?', 'assets/topic/asb/19016.png', NULL, 'open');
INSERT INTO `cardExtra` (cardId, type, serial, content) VALUES ('19094_36', 0, 1, 'Baiskeli');
INSERT INTO `cardExtra` (cardId, type, serial, content) VALUES ('19094_36', 0, 2, 'Nyumba');
INSERT INTO `cardExtra` (cardId, type, serial, content) VALUES ('19094_36', 0, 3, 'Miti');
INSERT INTO `cardExtra` (cardId, type, serial, content) VALUES ('19094_36', 0, 4, 'Barabara');
INSERT INTO `card` (id, type, title, header, content, option) VALUES ('15862', 2, 'Akai afurahi', 'assets/topic/asb/9500.png', 'Translators without Borders and Pete Mhunzi
 Rob Owen', 'FF9DEDE3');
INSERT INTO `card` (id, type, title, header, content, option) VALUES ('15862_3', 3, NULL, 'assets/topic/asb/9494.png', 'Akai hakuwa na viatu. Marafiki zake walivaa viatu vizuri walipocheza.', NULL);
INSERT INTO `card` (id, type, title, header, content, option) VALUES ('15862_4', 3, NULL, 'assets/topic/asb/9492.png', 'Akai alimwomba mamake amnunulie viatu. Ilikuwa shida kucheza bila viatu.', NULL);
INSERT INTO `card` (id, type, title, header, content, option) VALUES ('15862_5', 3, NULL, 'assets/topic/asb/9493.png', 'Walipotembea kijijini, mama alitambua kuwa watoto wengine walivaa viatu isipokuwa Akai na Etabo.', NULL);
INSERT INTO `card` (id, type, title, header, content, option) VALUES ('15862_6', 3, NULL, 'assets/topic/asb/9496.png', 'Siku moja asubuhi mama alimwamsha Akai. Alimwambia ajitayarishe waende sokoni.', NULL);
INSERT INTO `card` (id, type, title, header, content, option) VALUES ('15862_7', 3, NULL, 'assets/topic/asb/9495.png', 'Akai na mamake walitembea hadi sokoni.', NULL);
INSERT INTO `card` (id, type, title, header, content, option) VALUES ('15862_8', 3, NULL, 'assets/topic/asb/9497.png', 'Walipoingia katika duka la viatu, Akai alifurahi sana.', NULL);
INSERT INTO `card` (id, type, title, header, content, option) VALUES ('15862_9', 3, NULL, 'assets/topic/asb/9499.png', 'Usiku ule, Akai hakuweza kulala. Aliwazia tu viatu vyake vipya.', NULL);
INSERT INTO `card` (id, type, title, header, content, option) VALUES ('15862_10', 3, NULL, 'assets/topic/asb/10444.png', 'Hamu ya kuvaa viatu ilizidi. Akai akasimama na kuvivaa viatu vyake.', NULL);
INSERT INTO `card` (id, type, title, header, content, option) VALUES ('15862_11', 3, NULL, 'assets/topic/asb/9498.png', 'Hata baada ya kurudi kitandani, Akai aliwaza jinsi angewaonyesha wenzake viatu vyake.', NULL);
INSERT INTO `card` (id, type, title, header, content, option) VALUES ('15862_12', 3, NULL, 'assets/topic/asb/9502.png', 'Akai aliamka tena na kuvivaa viatu vyake vipya. Alicheza chumbani.', NULL);
INSERT INTO `card` (id, type, title, header, content, option) VALUES ('15862_13', 3, NULL, 'assets/topic/asb/9501.png', 'Mama alimpata Akai amelala kitandani akiwa amevaa viatu. Alimwambia Akai asivivae tena viatu vyake kitandani.', NULL);
INSERT INTO `card` (id, type, title, header, content, option) VALUES ('15862_14', 3, NULL, 'assets/topic/asb/9500.png', 'Akai alifurahi kupata viatu kwa mara ya kwanza.', NULL);
INSERT INTO `card` (id, type, title, header, content, option) VALUES ('15862_15', 3, NULL, NULL, 'You are free to download, copy, translate or adapt this story and use the illustrations as long as you attribute in the following way:
Akai afurahi
Author -
Ursula Nafula
Translation -
Translators without Borders and Pete Mhunzi
Illustration -
Rob Owen
Language -
Kiswahili
Level -
First sentences
© African Storybook Initiative 2015
Creative Commons: Attribution 4.0
Source
www.africanstorybook.org', NULL);
INSERT INTO `card` (id, type, title, header, content, option) VALUES ('15862_16', 1, 'Chora Viatu na Uvirembe.', 'assets/topic/15862.svg', NULL, NULL);
INSERT INTO `cardExtra` (cardId, type, serial, content) VALUES ('15862_16', 2, 1, 'assets/topic/15862.svg');
INSERT INTO `card` (id, type, title, header, content, option) VALUES ('15862_17', 0, 'Watoto wengine walikua na nini ambacho Akai hakua nacho?', NULL, NULL, 'oneAtATime');
INSERT INTO `cardExtra` (cardId, type, serial, content) VALUES ('15862_17', 1, 1, 'Viatu');
INSERT INTO `cardExtra` (cardId, type, serial, content) VALUES ('15862_17', 0, 1, 'Popo');
INSERT INTO `cardExtra` (cardId, type, serial, content) VALUES ('15862_17', 0, 2, 'Mpira');
INSERT INTO `cardExtra` (cardId, type, serial, content) VALUES ('15862_17', 0, 3, 'Fimbo');
INSERT INTO `card` (id, type, title, header, content, option) VALUES ('15862_22', 0, 'Akai alicheza kitandani akiwa kavaa viatu vyake vipya.', NULL, NULL, 'oneAtATime');
INSERT INTO `cardExtra` (cardId, type, serial, content) VALUES ('15862_22', 1, 1, 'Kweli.');
INSERT INTO `cardExtra` (cardId, type, serial, content) VALUES ('15862_22', 0, 1, 'Si kweli.');
INSERT INTO `card` (id, type, title, header, content, option) VALUES ('15862_25', 0, 'Akai alijisikiaje alipopata viatu vyake vipya?', NULL, NULL, 'oneAtATime');
INSERT INTO `cardExtra` (cardId, type, serial, content) VALUES ('15862_25', 1, 1, 'furaha');
INSERT INTO `cardExtra` (cardId, type, serial, content) VALUES ('15862_25', 0, 1, 'Huzuni');
INSERT INTO `cardExtra` (cardId, type, serial, content) VALUES ('15862_25', 0, 2, 'Hasira');
INSERT INTO `cardExtra` (cardId, type, serial, content) VALUES ('15862_25', 0, 3, 'mkatili');
INSERT INTO `card` (id, type, title, header, content, option) VALUES ('15862_30', 0, 'Unatamani kupata nini?', 'assets/topic/asb/9500.png', NULL, 'open');
INSERT INTO `cardExtra` (cardId, type, serial, content) VALUES ('15862_30', 0, 1, 'Viatu');
INSERT INTO `cardExtra` (cardId, type, serial, content) VALUES ('15862_30', 0, 2, 'begi');
INSERT INTO `cardExtra` (cardId, type, serial, content) VALUES ('15862_30', 0, 3, 'Kofia');
INSERT INTO `cardExtra` (cardId, type, serial, content) VALUES ('15862_30', 0, 4, 'Chakula');
INSERT INTO `card` (id, type, title, header, content, option) VALUES ('22560', 2, 'Aku, rafikiye Jua', 'assets/topic/asb/26422.png', 'Ursula  Nafula
Idowu Abayomi Oluwasegun', 'FFCFB5DD');
INSERT INTO `card` (id, type, title, header, content, option) VALUES ('22560_3', 3, NULL, 'assets/topic/asb/26422.png', 'Hapo zamani, kuliishi msichana mmoja katika kijiji kilichoitwa Nchijua. Msichana huyo aliitwa Aku. Alikuwa msichana mwenye miguu mirefu mno.
Aku alistaajabishwa na mambo mengi.', NULL);
INSERT INTO `card` (id, type, title, header, content, option) VALUES ('22560_4', 3, NULL, 'assets/topic/asb/26423.png', 'Babake Aku aliitwa Juma na alikuwa mvuvi. Wakati mwingine, Juma alienda na Aku kuvua samaki. Alipofanya hivyo, Aku alistaajabu kwa nini kila mara jua lilimtazama kutoka juu angani.
Mara nyingine Aku alimsaidia mamake, Agatha, kupika. Alipofanya hivyo, alistaajabu kwa nini mafuta yalikuwa rangi nyekundu yalipokuwa kwenye kibuyu lakini kuwa manjano yakiwa kwenye viazi vikuu.', NULL);
INSERT INTO `card` (id, type, title, header, content, option) VALUES ('22560_5', 3, NULL, 'assets/topic/asb/26424.png', 'Pia, Aku alistaajabu kwa nini Oti, kakake, na wavulana wengine hawakumruhusu acheze nao mpira wa miguu. Aku alipowauliza kwa nini, walicheka kisha wakamwambia aende acheze na wasichana wenzake.
Wasichana nao hawakutaka kucheza naye. "Miguu yako ni mirefu sana," walimwambia Aku kila mara.', NULL);
INSERT INTO `card` (id, type, title, header, content, option) VALUES ('22560_6', 3, NULL, 'assets/topic/asb/26425.png', 'Aku alifanya urafiki na jua. Alitazamia kuliona jua kila alipoamka asubuhi. Jogoo walipowika kutangaza mawio, Aku alichezea juani huku kivuli chake kikicheza naye. Kuimba kwa ndege na kuwika kwa jogoo ilikuwa muziki mtamu kwake. Jua lilimfurahisha na kumfanya atabasamu.
Lakini siku moja, jua halikuchomoza.', NULL);
INSERT INTO `card` (id, type, title, header, content, option) VALUES ('22560_7', 3, NULL, 'assets/topic/asb/26426.png', 'Aku alisubiri jogoo kuwika, lakini, hawakufanya hivyo. Ndege hawakuimba. Bila jua, watu wa Nchijua hawakutekeleza shughuli za kila siku. Wakulima hawakukuza mimea yao. Anga liligeuka kijivu likahuzunika. Juma hakwenda kuvua samaki. Watoto hawakwenda shuleni. Wanawake hawakujadiliana bei za bidhaa sokoni.
Aku alivikosa vitu hivyo vyote. Alikosa kuwika kwa jogoo na nyimbo walizoimba ndege. Alichokikosa zaidi, ni kuchomoza kwa jua.', NULL);
INSERT INTO `card` (id, type, title, header, content, option) VALUES ('22560_8', 3, NULL, 'assets/topic/asb/26427.png', 'Kila mmoja alitaka kujua mahali jua lilienda. "Labda jua limefariki," baadhi yao walisema. "Jua limesafiri," wengine wakasema. Wengine walimcheka  Aku.
Hata hivyo, Aku alijipa moyo, "Ninasema ukweli. Jua ni rafiki yangu. Jua halijafariki." Lakini hakuna yeyote aliyemsikiliza zaidi. Walisahau yote kuhusu jua wakamcheka Aku kwa nguvu. Kilichomhuzunisha zaidi ni kule kuchekwa na watoto wenzake.', NULL);
INSERT INTO `card` (id, type, title, header, content, option) VALUES ('22560_9', 3, NULL, 'assets/topic/asb/26428.png', 'Akiwa amehuzunika kama vile jua lilivyokuwa, Aku alifanya hima akaenda nyumbani. Aliugonga mpira wa kakake kimakosa. Mpira uliviringika na kuingia jikoni.
Mpira ulikigonga kibuyu cha mafuta kuichokuwa jikoni kikaanguka chini. Mafuta yalimwagika nao mpira ukaloa.', NULL);
INSERT INTO `card` (id, type, title, header, content, option) VALUES ('22560_10', 3, NULL, 'assets/topic/asb/26429.png', 'Oti na rafikiye mmoja waliingia jikoni kuuchukua mpira wao. Walikiona kibuyu kilichokuwa kimeanguka na mafuta yaliyomwagika. Mpira wao uliokuwa umeloa.
Oti, Agatha na watu wote wa Nchijua walimtazama Aku akitoroka. Walistaajabu wasijue alichopanga kuufanyia mpira ulioloa mafuta.', NULL);
INSERT INTO `card` (id, type, title, header, content, option) VALUES ('22560_11', 3, NULL, 'assets/topic/asb/26430.png', 'Aku alisimama alipofika katikati ya uwanja. Akauweka mpira chini na kwa nguvu zote, akaugonga kwa mmoja wa miguu yake mirefu. Mpira ukazunguka chini ukaelekea mwishwo wa uwanja. Ukaugonga mizizi ya mtende mmoja uliokuwa mwisho wa uwanja.', NULL);
INSERT INTO `card` (id, type, title, header, content, option) VALUES ('22560_12', 3, NULL, 'assets/topic/asb/26431.png', 'Mpira huo ulielekea angani. Wakiwa vinywa wazi, watu wa Nchijua waliutazama mpira ukiruka mbali na mawingu, mbali na upeo wa macho yao. Kila kitu kikatulia. Kukawa na kimya kikubwa. Ghafla, anga lilifunguka. Mawingu yakawa kama pamba nyororo. Mpira mkubwa ukapenyezea nyuma ya mawingu.
Mpira huo uliokuwa mwekundu na manjano kama mafuta, ukang''aa. Mpira huo ulikuwa jua, rafikiye Aku. Kila kitu kilisisimuka. Kimya kikamalizika.', NULL);
INSERT INTO `card` (id, type, title, header, content, option) VALUES ('22560_13', 3, NULL, 'assets/topic/asb/26432.png', 'Kila mtu alifanya hima kwenda nyumbani kujitayarisha kwa shughuli za kawaida. Juma alitafuta ndoo yake ya samaki. Wakulima waliyachukua majembe yao. Watoto walioga na kuvaa tayari kwenda shuleni. Wanawake walifunga pesa kwenye kanga zao. Walibeba vikapu wakaenda haraka sokoni.', NULL);
INSERT INTO `card` (id, type, title, header, content, option) VALUES ('22560_14', 3, NULL, 'assets/topic/asb/26433.png', 'Jua lilirejea Nchijua. Aku alikuwa amefaulu. Siku mpya ilianza…', NULL);
INSERT INTO `card` (id, type, title, header, content, option) VALUES ('22560_15', 3, NULL, NULL, 'You are free to download, copy, translate or adapt this story and use the illustrations as long as you attribute in the following way:
Aku, rafikiye Jua
Author -
Aisha  Nelson
Translation -
Ursula  Nafula
Illustration -
Idowu Abayomi Oluwasegun
Language -
Kiswahili
Level -
Read aloud
© African Storybook Initiative 2018
Creative Commons: Attribution 4.0
Source
www.africanstorybook.org', NULL);
INSERT INTO `card` (id, type, title, header, content, option) VALUES ('22560_16', 1, 'Chora mti na jua.', 'assets/topic/22560.svg', NULL, NULL);
INSERT INTO `cardExtra` (cardId, type, serial, content) VALUES ('22560_16', 2, 1, 'assets/topic/22560.svg');
INSERT INTO `card` (id, type, title, header, content, option) VALUES ('22560_17', 0, 'Msichana Aku mwenye miguu mirefu aliishi wapi?', NULL, NULL, 'oneAtATime');
INSERT INTO `cardExtra` (cardId, type, serial, content) VALUES ('22560_17', 1, 1, 'Nchijua');
INSERT INTO `cardExtra` (cardId, type, serial, content) VALUES ('22560_17', 0, 1, 'Nchimwezi');
INSERT INTO `cardExtra` (cardId, type, serial, content) VALUES ('22560_17', 0, 2, 'Nchikavu');
INSERT INTO `cardExtra` (cardId, type, serial, content) VALUES ('22560_17', 0, 3, 'Nchimaji');
INSERT INTO `card` (id, type, title, header, content, option) VALUES ('22560_22', 0, 'Nani alikua rafiki wa Aku?', NULL, NULL, 'oneAtATime');
INSERT INTO `cardExtra` (cardId, type, serial, content) VALUES ('22560_22', 1, 1, 'Jua');
INSERT INTO `cardExtra` (cardId, type, serial, content) VALUES ('22560_22', 0, 1, 'Mwezi');
INSERT INTO `cardExtra` (cardId, type, serial, content) VALUES ('22560_22', 0, 2, 'Mbwa');
INSERT INTO `cardExtra` (cardId, type, serial, content) VALUES ('22560_22', 0, 3, 'Kasuku');
INSERT INTO `card` (id, type, title, header, content, option) VALUES ('22560_27', 0, 'Aku alijisikiaje aliposafisha Wingu lenye huzuni?', 'assets/topic/asb/26422.png', NULL, 'open');
INSERT INTO `cardExtra` (cardId, type, serial, content) VALUES ('22560_27', 0, 1, 'Furaha');
INSERT INTO `cardExtra` (cardId, type, serial, content) VALUES ('22560_27', 0, 2, 'Huzuni');
INSERT INTO `cardExtra` (cardId, type, serial, content) VALUES ('22560_27', 0, 3, 'Hasira');
INSERT INTO `cardExtra` (cardId, type, serial, content) VALUES ('22560_27', 0, 4, 'Mkatili');
INSERT INTO `card` (id, type, title, header, content, option) VALUES ('23908', 2, 'Amara na wanyama', 'assets/topic/asb/14042.png', 'John Musene
Sarah Bouwer', 'FFCFB5DD');
INSERT INTO `card` (id, type, title, header, content, option) VALUES ('23908_3', 3, NULL, 'assets/topic/asb/14037.png', 'Amara alikuwa msichana wamiyaka mitisaa . Alisoma chuo cha Kerema. Alipenda misomo mbali mbali zilizomo kingereza, sayansi na pia masomo ya kijamii. Alitaka kuwa mwanasheria wakati yeye kukua. Amara aliwapenda wanyama sana.', NULL);
INSERT INTO `card` (id, type, title, header, content, option) VALUES ('23908_4', 3, NULL, 'assets/topic/asb/14113.png', 'Amara ali ishi na mama yake Margy. Margy alikuwa mukulima mwenye bidi. Baba wake Amara ali iaga dunia Amara akiwa na mwiaka mitano.', NULL);
INSERT INTO `card` (id, type, title, header, content, option) VALUES ('23908_5', 3, NULL, 'assets/topic/asb/14040.png', 'Ambapo Amara akuwa shuleni, alishinda na Mbisa, mbuzi. Alimuwosha na kumulisha pia.', NULL);
INSERT INTO `card` (id, type, title, header, content, option) VALUES ('23908_6', 3, NULL, 'assets/topic/asb/14039.png', 'Amara alikuwa na kipenzi chake, Simba. Mama yake Amara akupenda umbwa sana, ingapo alimuwacha Amara amuweke Simba. Wakati wowote Simba alimusumbuwa, alipiga kelele "nenda kabla nikupige teke." Amara aliuzunika kwa hili.', NULL);
INSERT INTO `card` (id, type, title, header, content, option) VALUES ('23908_7', 3, NULL, 'assets/topic/asb/14062.png', 'Juma mosi moja, walikuwa na wageni kutoka kikundi cha wanawake. Amara alikuwa mwenye fura kuwa marafiki wamam yake walikuja na watoto wao. Wange cheza mpira.', NULL);
INSERT INTO `card` (id, type, title, header, content, option) VALUES ('23908_8', 3, NULL, 'assets/topic/asb/13930.png', 'Mama yake alikipika chakula kikundi kilicho penda. Amara alikumbushwa na mama yake kunfunga Simba. Alibweka kwa wageni.', NULL);
INSERT INTO `card` (id, type, title, header, content, option) VALUES ('23908_9', 3, NULL, NULL, 'Amara hakunfunza Simba vizuri. Wageni walishanga kumuona mbwa kwenye chumba. Mama yake Oto aliuliza, "mbona mwakubali umbwa kwenye nyumba?" Mama yake Amara alimuita apeleke Simba inje.', NULL);
INSERT INTO `card` (id, type, title, header, content, option) VALUES ('23908_10', 3, NULL, 'assets/topic/asb/14055.png', 'Amara hakumskia mama yake kwamana walikuwa kwenye mijezo', NULL);
INSERT INTO `card` (id, type, title, header, content, option) VALUES ('23908_11', 3, NULL, 'assets/topic/asb/14042.png', 'Ambapo Amara akuwa shuleni, alishinda na Mbisa, mbuzi. Alimuwosha na kumulisha pia.', NULL);
INSERT INTO `card` (id, type, title, header, content, option) VALUES ('23908_12', 3, NULL, 'assets/topic/asb/13697.png', 'Baadaye, mama yake Amara alimuomba msamaha kwakuwa kikatili kwa Simba. Amara alikuwa mwenye furaha kwa kuwa mama yake alimukubali umbwa mara ya mwisho. Amara akiwa shuleni mama yake umlisha Simba. Marafiki wa mama wake Amara wame jifunza kuwa wazuri kwenye umbwa wao.', NULL);
INSERT INTO `card` (id, type, title, header, content, option) VALUES ('23908_13', 3, NULL, NULL, 'You are free to download, copy, translate or adapt this story and use the illustrations as long as you attribute in the following way:
Amara na wanyama
Author -
Judy B. Maranga
Translation -
John Musene
Illustration -
Sarah Bouwer
Language -
Kiswahili
Level -
Longer paragraphs
© Judy B.maranga 2015
Creative Commons: Attribution 4.0
Source
www.africanstorybook.org', NULL);
INSERT INTO `card` (id, type, title, header, content, option) VALUES ('23908_14', 1, 'Chora Mbwa na mpe jina zuri.', 'assets/topic/23908.svg', NULL, NULL);
INSERT INTO `cardExtra` (cardId, type, serial, content) VALUES ('23908_14', 2, 1, 'assets/topic/23908.svg');
INSERT INTO `card` (id, type, title, header, content, option) VALUES ('23908_15', 0, 'Amara alitaka kuwa nani akiwa mkubwa?', NULL, NULL, 'oneAtATime');
INSERT INTO `cardExtra` (cardId, type, serial, content) VALUES ('23908_15', 1, 1, 'Mwanasheria');
INSERT INTO `cardExtra` (cardId, type, serial, content) VALUES ('23908_15', 0, 1, 'Mganga wa Afya');
INSERT INTO `cardExtra` (cardId, type, serial, content) VALUES ('23908_15', 0, 2, 'Polisi');
INSERT INTO `cardExtra` (cardId, type, serial, content) VALUES ('23908_15', 0, 3, 'Mwalimu');
INSERT INTO `card` (id, type, title, header, content, option) VALUES ('23908_20', 0, 'Taja kundi la masomo aliyoyapenda Amara.', NULL, NULL, 'many');
INSERT INTO `cardExtra` (cardId, type, serial, content) VALUES ('23908_20', 1, 1, 'Kingereza.');
INSERT INTO `cardExtra` (cardId, type, serial, content) VALUES ('23908_20', 1, 2, 'Sayansi');
INSERT INTO `cardExtra` (cardId, type, serial, content) VALUES ('23908_20', 1, 3, 'Masomo ya Jamii');
INSERT INTO `cardExtra` (cardId, type, serial, content) VALUES ('23908_20', 0, 1, 'Hesabu');
INSERT INTO `card` (id, type, title, header, content, option) VALUES ('23908_25', 0, 'Tuishi nao vipi mbwa wetu?', 'assets/topic/asb/14042.png', NULL, 'open');
INSERT INTO `cardExtra` (cardId, type, serial, content) VALUES ('23908_25', 0, 1, 'Tuwatese');
INSERT INTO `cardExtra` (cardId, type, serial, content) VALUES ('23908_25', 0, 2, 'Tuwe wabinafsi');
INSERT INTO `cardExtra` (cardId, type, serial, content) VALUES ('23908_25', 0, 3, 'Tuwe wazuri kwao');
INSERT INTO `cardExtra` (cardId, type, serial, content) VALUES ('23908_25', 0, 4, 'Tuwe wabaya kwao');
INSERT INTO `card` (id, type, title, header, content, option) VALUES ('1978', 2, 'Anansi awapa watu hadithi', 'assets/topic/asb/1294.png', 'Mutugi Kamundi
Wiehan de Jager', 'FF9DEDE3');
INSERT INTO `card` (id, type, title, header, content, option) VALUES ('1978_3', 3, NULL, 'assets/topic/asb/1281.png', 'Hapo zamani za kale, Mungu wa Mbinguni, Nyame,  alizifungia hadithi zote kwenye sanduku la mbao, huko juu. Watu duniani walihuzunika sana kwa kuwa hawakuhadithiana. Wakamwuliza Anansi, buibui, mwerevu, awasaidie.', NULL);
INSERT INTO `card` (id, type, title, header, content, option) VALUES ('1978_4', 3, NULL, 'assets/topic/asb/1282.png', 'Anansi alisokota utando mrefu unaonata, akautumia kupanda hadi mbinguni. "Tafadhali nipe hadithi?" Anansi alimwambia Mungu wa mbinguni. Lakini Nyame alimcheka Anansi akisema, "Hadithi hizi ni ghali mno. Hutaweza kuzilipia, buibui mdogo, wee."', NULL);
INSERT INTO `card` (id, type, title, header, content, option) VALUES ('1978_5', 3, NULL, 'assets/topic/asb/1283.png', '"Hadithi hugharimu pesa ngapi?" Anansi aliuliza." "Itabidi uniletee wanyama watatu wakali tena wa kipekee", Nyame alijibu. "Chui mwenye meno makali kama mkuki, nyigu anayewauma watu, na nyoka anayewameza watu." Alicheka tena. Alidhani kwamba hadithi zake zilikuwa salama.', NULL);
INSERT INTO `card` (id, type, title, header, content, option) VALUES ('1978_6', 3, NULL, 'assets/topic/asb/1284.png', 'Anansi alishuka chini polepole. Aliwaza na kuwazua kisha akapata mpango. Alichimba shimo refu, akalifunika kwa matawi na udongo ili lisionekane, kisha akaenda nyumbani. Asubuhi iliyofuata, chui alikuwa ameanguka kwenye lile shimo. Alikuwa akikwaruza kuta za shimo kwa ghadahbu.', NULL);
INSERT INTO `card` (id, type, title, header, content, option) VALUES ('1978_7', 3, NULL, 'assets/topic/asb/1286.png', '"Hebu nikusaidie, rafiki yangu." Anansi alisema." "Lala juu ya vijiti hivi halafu nitakuvuta utoke nje." Anansi akautungia utando wake unaonata kwenye mwili wa chui, na vijiti, kisha akamvuta hadi juu kwa Mungu wa Mbinguni. Lakini, Nyame alimcheka akauliza, "Nyigu na nyoka wako wapi?"', NULL);
INSERT INTO `card` (id, type, title, header, content, option) VALUES ('1978_8', 3, NULL, 'assets/topic/asb/1287.png', 'Anansi alirudi tena ardhini kumtafuta mnyama wa pili. Alifikiri hatimaye akapata wazo. Alichukua kibuyu kilichojaa maji na kwenda kwenye mti walimoishi nyigu. Akamwagilia nyumba ya nyigu maji mpaka ikalowa kabisa. Kisha akatafuta jani la mgomba akajikinga nalo kichwani. Akajimwagilia maji yaliyobaki kila sehemu ya mwili.', NULL);
INSERT INTO `card` (id, type, title, header, content, option) VALUES ('1978_9', 3, NULL, 'assets/topic/asb/1288.png', 'Halafu akawaita manyigu, "Aisee nyigu! Njooni mwone! Mvua inanyesha! Ingieni haraka ndani ya kibuyu changu ili mjikinge na mvua." Nyigu hawapendi kulowa maji. Walikimbilia ndani ya kibuyu cha Anansi.', NULL);
INSERT INTO `card` (id, type, title, header, content, option) VALUES ('1978_10', 3, NULL, 'assets/topic/asb/1289.png', 'Kwa haraka, Anansi aliutungia utando wake kwenye mlango ili nyigu wasitoke kamwe. Akawabeba wote hadi juu kwa Mungu wa Mbinguni. Lakini Nyame alisema, "Wapi nyoka?" Wakati huu hakucheka.', NULL);
INSERT INTO `card` (id, type, title, header, content, option) VALUES ('1978_11', 3, NULL, 'assets/topic/asb/1291.png', 'Kwa hivyo, Anansi alirudi ardhini tena. Alifikiri lakini hakuna wazo zuri lililomjia akilini. Basi akamwuliza mkewe aliyekuwa na wazo bora sana. Walishirikiana kutafuta kijiti kimoja kirefu na kamba dhabiti. Walipofika karibu na mto alimoishi nyoka, walianza kubishana.', NULL);
INSERT INTO `card` (id, type, title, header, content, option) VALUES ('1978_12', 3, NULL, 'assets/topic/asb/1292.png', 'Mmoja alidai kuwa kijiti kile kilikuwa kirefu huku mwingine akisema sivyo. Nyoka alitoka majini akawauliza sababu ya mabishano yao. "Mke wangu anasema kwamba kijiti hiki ni kirefu kukuliko wewe. Lakini si kweli," Anansi alisema. "Mimi ni mrefu kuliko kijiti hicho! Hebu kiweka karibu nami nijipime," nyoka alijibu.', NULL);
INSERT INTO `card` (id, type, title, header, content, option) VALUES ('1978_13', 3, NULL, 'assets/topic/asb/1293.png', 'Anansi alifanya hivyo. Kisha alimfunga yule nyoka kwenye kijiti kile kwa kutumia kamba ili kumnyoosha sawasawa. Alimbeba hadi juu mbinguni.', NULL);
INSERT INTO `card` (id, type, title, header, content, option) VALUES ('1978_14', 3, NULL, 'assets/topic/asb/1294.png', 'Nyame akaridhika kwamba Anansi alikuwa ametoa malipo ya kutosha. Basi akafungua sanduku lake la mbao, akampa Anansi hadithi. Anansi alizibeba hadithi hizo kwa ushindi mkubwa hadi ardhini. Akazigawa kwa mkewe, watu pamoja na wanyama.  Hadithi ni za kuhadithia wala si za kuficha sandukuni.', NULL);
INSERT INTO `card` (id, type, title, header, content, option) VALUES ('1978_15', 3, NULL, NULL, 'You are free to download, copy, translate or adapt this story and use the illustrations as long as you attribute in the following way:
Anansi awapa watu hadithi
Author -
Ghanaian folktale
Translation -
Mutugi Kamundi
Illustration -
Wiehan de Jager
Language -
Kiswahili
Level -
Longer paragraphs
© Ghanaian Folktale 2014
Creative Commons: Attribution 4.0
Source
www.africanstorybook.org', NULL);
INSERT INTO `card` (id, type, title, header, content, option) VALUES ('1978_16', 1, 'Chora Mawingu na uyarembe.', 'assets/topic/1978.svg', NULL, NULL);
INSERT INTO `cardExtra` (cardId, type, serial, content) VALUES ('1978_16', 2, 1, 'assets/topic/1978.svg');
INSERT INTO `card` (id, type, title, header, content, option) VALUES ('1978_17', 0, 'Nyame Mungu wa Mbinguni alificha wapi hadithi zote?', NULL, NULL, 'oneAtATime');
INSERT INTO `cardExtra` (cardId, type, serial, content) VALUES ('1978_17', 1, 1, 'Kwenye sanduku la mbao');
INSERT INTO `cardExtra` (cardId, type, serial, content) VALUES ('1978_17', 0, 1, 'Kwenye sanduku la chuma');
INSERT INTO `cardExtra` (cardId, type, serial, content) VALUES ('1978_17', 0, 2, 'Kwenye sanduku la Plastiki');
INSERT INTO `cardExtra` (cardId, type, serial, content) VALUES ('1978_17', 0, 3, 'Kwenye sanduku tupu');
INSERT INTO `card` (id, type, title, header, content, option) VALUES ('1978_22', 0, 'Teua Wanyama waliohitajiwa na Nyame.', NULL, NULL, 'many');
INSERT INTO `cardExtra` (cardId, type, serial, content) VALUES ('1978_22', 1, 1, 'Chui');
INSERT INTO `cardExtra` (cardId, type, serial, content) VALUES ('1978_22', 1, 2, 'Nyigu');
INSERT INTO `cardExtra` (cardId, type, serial, content) VALUES ('1978_22', 1, 3, 'Nyoka');
INSERT INTO `cardExtra` (cardId, type, serial, content) VALUES ('1978_22', 0, 1, 'Tumbili');
INSERT INTO `cardExtra` (cardId, type, serial, content) VALUES ('1978_22', 0, 2, 'Punda');
INSERT INTO `cardExtra` (cardId, type, serial, content) VALUES ('1978_22', 0, 3, 'Kunguru');
INSERT INTO `card` (id, type, title, header, content, option) VALUES ('1978_29', 0, 'Anansi alikua mtu wa aina gani?', 'assets/topic/asb/1294.png', NULL, 'open');
INSERT INTO `cardExtra` (cardId, type, serial, content) VALUES ('1978_29', 0, 1, 'Mwenye akili');
INSERT INTO `cardExtra` (cardId, type, serial, content) VALUES ('1978_29', 0, 2, 'Mpole');
INSERT INTO `cardExtra` (cardId, type, serial, content) VALUES ('1978_29', 0, 3, 'Mtu mbaya');
INSERT INTO `cardExtra` (cardId, type, serial, content) VALUES ('1978_29', 0, 4, 'Mjinga');
INSERT INTO `card` (id, type, title, header, content, option) VALUES ('2234', 2, 'Anansi awapa watu hekima', 'assets/topic/asb/1273.png', 'Mutugi Kamundi
Wiehan de Jager', 'FFB3C8FF');
INSERT INTO `card` (id, type, title, header, content, option) VALUES ('2234_3', 3, NULL, 'assets/topic/asb/1274.png', 'Hapo zamani za kale, watu hawakujua chochote. Hawakujua kupanda mimea, kushona nguo, wala kuuunda vyombo vya chuma. Lakini mungu aliyeitwa Nyame akiwa mbinguni, alimiliki hekima ambayo watu walihitaji. Nyame alihifadhi hekima hiyo kwenye chungu cha udongo.', NULL);
INSERT INTO `card` (id, type, title, header, content, option) VALUES ('2234_4', 3, NULL, 'assets/topic/asb/1275.png', 'Siku moja, Nyame aliamua kumpa Anansi chungu hicho kilichojaa ujuzi na hekima. Anansi alikitazama chungu kile. Na kila alipokitazama alipata kujua jambo jipya. Alifuarahi sana.', NULL);
INSERT INTO `card` (id, type, title, header, content, option) VALUES ('2234_5', 3, NULL, 'assets/topic/asb/1276.png', 'Anansi alisema moyoni, "Nitakificha chungu hiki juu ya mti mrefu ili mtu mwingine asikifikie. Ningetaka kufaidika peke yangu." Kwa kutumia miyaa, Anansi alitengeneza kamba akaifungia kwenye chungu. Kisha, alijifungia kamba hiyo kiunoni. Aliupanda mti ule huku kile chungu kikining''inia mbele yake. Haikuwa rahisi kwani kila wakati, chungu kile kilimgonga magotini.', NULL);
INSERT INTO `card` (id, type, title, header, content, option) VALUES ('2234_6', 3, NULL, 'assets/topic/asb/1277.png', 'Wakati huo wote, mwanawe Anansi alikuwa amesimama chini ya ule mti akimtazama babake. Hatimaye, alimwambia, "Baba, mbona usikifunge chungu mgongoni ili uweze kuuparaga mti?" Anansi aliamua kukifunga mgongoni chungu hicho kilichojaa hekima. Ilikuwa rahisi zaidi kukibeba kile chungu mgongoni.', NULL);
INSERT INTO `card` (id, type, title, header, content, option) VALUES ('2234_7', 3, NULL, 'assets/topic/asb/1278.png', 'Baada ya muda mfupi, alifika juu ya mti. Akiwa juu aliwaza, "Mimi ndiye ninabeba hekima lakini,  mwanangu anaonekana kuwa mwerevu kuniliko." Anansi alikasirika na kukitupa kile chungu chini.', NULL);
INSERT INTO `card` (id, type, title, header, content, option) VALUES ('2234_8', 3, NULL, 'assets/topic/asb/1279.png', 'Chungu kilianguka na kuvunjika vigae vingi. Watu waliipata hekima wakajua kulima, kushona nguo, na kuunda vyombo vya chuma. Hivyo ndivyo watu walivyojua kufanya mambo yote wanayofanya.', NULL);
INSERT INTO `card` (id, type, title, header, content, option) VALUES ('2234_9', 3, NULL, NULL, 'You are free to download, copy, translate or adapt this story and use the illustrations as long as you attribute in the following way:
Anansi awapa watu hekima
Author -
Ghanaian folktale
Translation -
Mutugi Kamundi
Illustration -
Wiehan de Jager
Language -
Kiswahili
Level -
Longer paragraphs
© African Storybook Initiative 2014
Creative Commons: Attribution 4.0
Source
www.africanstorybook.org', NULL);
INSERT INTO `card` (id, type, title, header, content, option) VALUES ('2234_10', 1, 'Chora mti mrefu ukiwa na vipande vya chungu kwenye ardhi.', 'assets/topic/2234.svg', NULL, NULL);
INSERT INTO `cardExtra` (cardId, type, serial, content) VALUES ('2234_10', 2, 1, 'assets/topic/2234.svg');
INSERT INTO `card` (id, type, title, header, content, option) VALUES ('2234_11', 0, 'Hekima za dunia zilihifadhiwa wapi salama', NULL, NULL, 'oneAtATime');
INSERT INTO `cardExtra` (cardId, type, serial, content) VALUES ('2234_11', 1, 1, 'Kwenye Chungu cha udongo');
INSERT INTO `cardExtra` (cardId, type, serial, content) VALUES ('2234_11', 0, 1, 'Kwenye chungu cha mbao');
INSERT INTO `cardExtra` (cardId, type, serial, content) VALUES ('2234_11', 0, 2, 'Kwenye chungu cha tope');
INSERT INTO `cardExtra` (cardId, type, serial, content) VALUES ('2234_11', 0, 3, 'Kwenye chungu cha plastiki');
INSERT INTO `card` (id, type, title, header, content, option) VALUES ('2234_16', 0, 'Anansi alikuja kuwa mchoyo akataka awe na busara mwenyewe.', NULL, NULL, 'oneAtATime');
INSERT INTO `cardExtra` (cardId, type, serial, content) VALUES ('2234_16', 1, 1, 'Kweli.');
INSERT INTO `cardExtra` (cardId, type, serial, content) VALUES ('2234_16', 0, 1, 'Si kweli.');
INSERT INTO `card` (id, type, title, header, content, option) VALUES ('2234_19', 0, 'Unajisikiaje kuhusu kushirikiana busara yako na wengine?', 'assets/topic/asb/1273.png', NULL, 'open');
INSERT INTO `cardExtra` (cardId, type, serial, content) VALUES ('2234_19', 0, 1, 'Furaha');
INSERT INTO `cardExtra` (cardId, type, serial, content) VALUES ('2234_19', 0, 2, 'Vibaya');
INSERT INTO `cardExtra` (cardId, type, serial, content) VALUES ('2234_19', 0, 3, 'Ukatili');
INSERT INTO `cardExtra` (cardId, type, serial, content) VALUES ('2234_19', 0, 4, 'Uchoyo');
INSERT INTO `card` (id, type, title, header, content, option) VALUES ('22000', 2, 'Anansi mlafi', 'assets/topic/asb/946.png', 'Ursula Nafula
Wiehan de Jager', 'FFCFB5DD');
INSERT INTO `card` (id, type, title, header, content, option) VALUES ('22000_3', 3, NULL, 'assets/topic/asb/2078.png', 'Anansi aliwakuta kunguru wakila makuyu.
Yeye pia alitaka makuyu.', NULL);
INSERT INTO `card` (id, type, title, header, content, option) VALUES ('22000_4', 3, NULL, 'assets/topic/asb/947.png', 'Kunguru walimpatia Anansi makuyu.', NULL);
INSERT INTO `card` (id, type, title, header, content, option) VALUES ('22000_5', 3, NULL, 'assets/topic/asb/1996.png', 'Kunguru walimwambia, "Sasa njoo uchume makuyu nasi."', NULL);
INSERT INTO `card` (id, type, title, header, content, option) VALUES ('22000_6', 3, NULL, 'assets/topic/asb/2077.png', 'Walienda kuchuma makuyu pamoja.
Lakini Anansi alichukua makuyu yote.', NULL);
INSERT INTO `card` (id, type, title, header, content, option) VALUES ('22000_7', 3, NULL, 'assets/topic/asb/949.png', 'Anansi aliruka.
Alianguka ndani ya mto uliojaa mamba.', NULL);
INSERT INTO `card` (id, type, title, header, content, option) VALUES ('22000_8', 3, NULL, 'assets/topic/asb/952.png', 'Anansi alisema, "Mimi ni mmoja wa jamaa zenu."
Hakuliwa.', NULL);
INSERT INTO `card` (id, type, title, header, content, option) VALUES ('22000_9', 3, NULL, 'assets/topic/asb/951.png', 'Anansi alijifanya kuwa anakunywa maji chafu kama mamba.', NULL);
INSERT INTO `card` (id, type, title, header, content, option) VALUES ('22000_10', 3, NULL, 'assets/topic/asb/2079.png', 'Mamba walimwamini Anansi.
Walimualika kukaa nao.', NULL);
INSERT INTO `card` (id, type, title, header, content, option) VALUES ('22000_11', 3, NULL, 'assets/topic/asb/948.png', 'Anansi alisema, "Nitakaa, lakini, hebu kwanza niilete famalia yangu."', NULL);
INSERT INTO `card` (id, type, title, header, content, option) VALUES ('22000_12', 3, NULL, 'assets/topic/asb/953.png', 'Mamba alimbeba Anansi hadi ukingo wa mto.', NULL);
INSERT INTO `card` (id, type, title, header, content, option) VALUES ('22000_13', 3, NULL, 'assets/topic/asb/1995.png', 'Anansi alitoroka.
Mamba bado anamsubiri hadi leo.', NULL);
INSERT INTO `card` (id, type, title, header, content, option) VALUES ('22000_14', 3, NULL, NULL, 'You are free to download, copy, translate or adapt this story and use the illustrations as long as you attribute in the following way:
Anansi mlafi
Author -
Ghanaian folktale
Translation -
Ursula Nafula
Illustration -
Wiehan de Jager
Language -
Kiswahili
Level -
First words
© African Storybook Initiative 2014
Creative Commons: Attribution 4.0
Source
www.africanstorybook.org', NULL);
INSERT INTO `card` (id, type, title, header, content, option) VALUES ('22000_15', 1, 'Chora Mamba', 'assets/topic/22000.svg', NULL, NULL);
INSERT INTO `cardExtra` (cardId, type, serial, content) VALUES ('22000_15', 2, 1, 'assets/topic/22000.svg');
INSERT INTO `card` (id, type, title, header, content, option) VALUES ('22000_16', 0, 'Kungura hula matunda gani?', NULL, NULL, 'oneAtATime');
INSERT INTO `cardExtra` (cardId, type, serial, content) VALUES ('22000_16', 1, 1, 'Makuyu');
INSERT INTO `cardExtra` (cardId, type, serial, content) VALUES ('22000_16', 0, 1, 'Mizabibu');
INSERT INTO `cardExtra` (cardId, type, serial, content) VALUES ('22000_16', 0, 2, 'Tufaa');
INSERT INTO `cardExtra` (cardId, type, serial, content) VALUES ('22000_16', 0, 3, 'Ndizi');
INSERT INTO `card` (id, type, title, header, content, option) VALUES ('22000_21', 0, 'Anansi alibebwa na nani mpaka kwenye ukingo wa mto?', NULL, NULL, 'oneAtATime');
INSERT INTO `cardExtra` (cardId, type, serial, content) VALUES ('22000_21', 1, 1, 'Mamba');
INSERT INTO `cardExtra` (cardId, type, serial, content) VALUES ('22000_21', 0, 1, 'Tumbili');
INSERT INTO `cardExtra` (cardId, type, serial, content) VALUES ('22000_21', 0, 2, 'Punda');
INSERT INTO `cardExtra` (cardId, type, serial, content) VALUES ('22000_21', 0, 3, 'Sisiminzi');
INSERT INTO `card` (id, type, title, header, content, option) VALUES ('22000_26', 0, 'Utapenda kubebwa na Mnyama gani?', 'assets/topic/asb/946.png', NULL, 'open');
INSERT INTO `cardExtra` (cardId, type, serial, content) VALUES ('22000_26', 0, 1, 'Punda Milia');
INSERT INTO `cardExtra` (cardId, type, serial, content) VALUES ('22000_26', 0, 2, 'Farasi');
INSERT INTO `cardExtra` (cardId, type, serial, content) VALUES ('22000_26', 0, 3, 'Simba');
INSERT INTO `cardExtra` (cardId, type, serial, content) VALUES ('22000_26', 0, 4, 'Ngamia');
INSERT INTO `card` (id, type, title, header, content, option) VALUES ('21995', 2, 'Anansi mwenye wivu', 'assets/topic/asb/166.png', 'Ursula Nafula
 Wiehan de Jager', 'FFB3C8FF');
INSERT INTO `card` (id, type, title, header, content, option) VALUES ('21995_3', 3, NULL, 'assets/topic/asb/157.png', 'Anansi na Sungura walikuwa marafiki.
Anansi alionea wivu mali ya Sungura.', NULL);
INSERT INTO `card` (id, type, title, header, content, option) VALUES ('21995_4', 3, NULL, 'assets/topic/asb/158.png', 'Anansi alimfukuza Sungura.
Akachukuwa shamba lake.', NULL);
INSERT INTO `card` (id, type, title, header, content, option) VALUES ('21995_5', 3, NULL, 'assets/topic/asb/159.png', 'Anansi aliuza mazao yote.
Alipata pesa nyingi.', NULL);
INSERT INTO `card` (id, type, title, header, content, option) VALUES ('21995_6', 3, NULL, 'assets/topic/asb/160.png', 'Anansi alirudi nyumbani.
Alikibeba kikapu kichwani.', NULL);
INSERT INTO `card` (id, type, title, header, content, option) VALUES ('21995_7', 3, NULL, 'assets/topic/asb/161.png', 'Anansi alikiweka kikapu chini.
Alienda kujikinga asinyeshewe.', NULL);
INSERT INTO `card` (id, type, title, header, content, option) VALUES ('21995_8', 3, NULL, 'assets/topic/asb/162.png', 'Muvua ilisababisha mafuriko.
Anansi alijificha shimoni.', NULL);
INSERT INTO `card` (id, type, title, header, content, option) VALUES ('21995_9', 3, NULL, 'assets/topic/asb/163.png', 'Tai alikiona kikapu.
Alikifunika kwa mabawa yake.', NULL);
INSERT INTO `card` (id, type, title, header, content, option) VALUES ('21995_10', 3, NULL, 'assets/topic/asb/164.png', '"Kikapu hiki ni changu," Tai alisema.
"Ni changu!" Anansi alipiga kelele.', NULL);
INSERT INTO `card` (id, type, title, header, content, option) VALUES ('21995_11', 3, NULL, 'assets/topic/asb/166.png', 'Tai alisema, "Nilipata mahindi na pesa bila
mwenyewe."', NULL);
INSERT INTO `card` (id, type, title, header, content, option) VALUES ('21995_12', 3, NULL, 'assets/topic/asb/165.png', 'Chifu na wazee wake walichukuwa muda kuamua nani alisema ukweli.', NULL);
INSERT INTO `card` (id, type, title, header, content, option) VALUES ('21995_13', 3, NULL, 'assets/topic/asb/168.png', 'Hatimaye, walisema, "Tai anasema ukweli. Kikapu ni chake."', NULL);
INSERT INTO `card` (id, type, title, header, content, option) VALUES ('21995_14', 3, NULL, 'assets/topic/asb/167.png', 'Sungura alirudi katika shamba lake.
Anansi hakuwa na pesa wala marafiki.', NULL);
INSERT INTO `card` (id, type, title, header, content, option) VALUES ('21995_15', 3, NULL, NULL, 'You are free to download, copy, translate or adapt this story and use the illustrations as long as you attribute in the following way:
Anansi mwenye wivu
Author -
Ghanaian folktale
Translation -
Ursula Nafula
Illustration -
Wiehan de Jager
Language -
Kiswahili
Level -
First words
© African Storybook Initiative 2014
Creative Commons: Attribution 4.0
Source
www.africanstorybook.org', NULL);
INSERT INTO `card` (id, type, title, header, content, option) VALUES ('21995_16', 1, 'Chora Shamba na ulirembe.', 'assets/topic/21995.svg', NULL, NULL);
INSERT INTO `cardExtra` (cardId, type, serial, content) VALUES ('21995_16', 2, 1, 'assets/topic/21995.svg');
INSERT INTO `card` (id, type, title, header, content, option) VALUES ('21995_17', 0, 'Anansi alichukua nini kutoka kwa Sungura?', NULL, NULL, 'oneAtATime');
INSERT INTO `cardExtra` (cardId, type, serial, content) VALUES ('21995_17', 1, 1, 'Shamba kubwa');
INSERT INTO `cardExtra` (cardId, type, serial, content) VALUES ('21995_17', 0, 1, 'Kikapu kikubwa');
INSERT INTO `cardExtra` (cardId, type, serial, content) VALUES ('21995_17', 0, 2, 'Chungu kikubwa');
INSERT INTO `cardExtra` (cardId, type, serial, content) VALUES ('21995_17', 0, 3, 'Mti mkubwa');
INSERT INTO `card` (id, type, title, header, content, option) VALUES ('21995_22', 0, 'Tai alichukua nini kilichokua kwenye Kikapu?', NULL, NULL, 'oneAtATime');
INSERT INTO `cardExtra` (cardId, type, serial, content) VALUES ('21995_22', 1, 1, 'Hela');
INSERT INTO `cardExtra` (cardId, type, serial, content) VALUES ('21995_22', 0, 1, 'Asali');
INSERT INTO `cardExtra` (cardId, type, serial, content) VALUES ('21995_22', 0, 2, 'Yai');
INSERT INTO `cardExtra` (cardId, type, serial, content) VALUES ('21995_22', 0, 3, 'Ngamia');
INSERT INTO `card` (id, type, title, header, content, option) VALUES ('21995_27', 0, 'Utapenda kumuitaje Anansi?', 'assets/topic/asb/166.png', NULL, 'open');
INSERT INTO `cardExtra` (cardId, type, serial, content) VALUES ('21995_27', 0, 1, 'Muongo');
INSERT INTO `cardExtra` (cardId, type, serial, content) VALUES ('21995_27', 0, 2, 'Asiyestahili');
INSERT INTO `cardExtra` (cardId, type, serial, content) VALUES ('21995_27', 0, 3, 'Rafiki Mzuri');
INSERT INTO `cardExtra` (cardId, type, serial, content) VALUES ('21995_27', 0, 4, 'Mwenye moyo mzuri');
INSERT INTO `card` (id, type, title, header, content, option) VALUES ('22806', 2, 'Anayenipenda, hujua ninachopenda', 'assets/topic/asb/1196.png', 'palmesi katangambo
Natalie Propa, Rob Owen and Wiehan de Jager', 'FFB3C8FF');
INSERT INTO `card` (id, type, title, header, content, option) VALUES ('22806_3', 3, NULL, 'assets/topic/asb/19837.png', 'Hapo zamani za kale, palikuwa na mfalme.
Yeye na wake zake watatu, waliishi katika kijiji kimoja kilichoitwa Nuru.', NULL);
INSERT INTO `card` (id, type, title, header, content, option) VALUES ('22806_4', 3, NULL, 'assets/topic/asb/17604.png', 'Siku moja, mfalme yule aliwaita wake zake na kusema, "Wake zangu wapendwa, ningependa leo nile chakula kitamu. Atakayepika chakula kitamu zaidi, atapata zawadi nono."', NULL);
INSERT INTO `card` (id, type, title, header, content, option) VALUES ('22806_5', 3, NULL, 'assets/topic/asb/9495.png', 'Mke mmoja alienda sokoni akanunua nyama ya ng''ombe na viungo vingi.
Alirudi nyumbani na kupika kitoweo alichoamini kilikuwa kitamu.', NULL);
INSERT INTO `card` (id, type, title, header, content, option) VALUES ('22806_6', 3, NULL, 'assets/topic/asb/14032.png', 'Mke mwingine alienda soko iliyokuwa sehemu tofauti. Alinunua nyama ya pori pamoja na viungo tofauti.
Naye alirudi nyumbani kuitayarisha.', NULL);
INSERT INTO `card` (id, type, title, header, content, option) VALUES ('22806_7', 3, NULL, 'assets/topic/asb/10066.png', 'Mke wa mwisho aliamua kwenda kumuona mamake mfalme.
Aliambiwa apike chakula cha kienyeji na wala asiweke mafuta au viungo vyovyote vya kisasa.', NULL);
INSERT INTO `card` (id, type, title, header, content, option) VALUES ('22806_8', 3, NULL, 'assets/topic/asb/10069.png', 'Mke huyo wa tatu, alienda shambani kutafuta mboga tofauti za kutayarishia chakula cha kienyeji.', NULL);
INSERT INTO `card` (id, type, title, header, content, option) VALUES ('22806_9', 3, NULL, 'assets/topic/asb/17605.png', 'Mfalme na wenzake walifika kwa wake waliopika nyama ya ng''ombe na ya pori. Hata hivyo, mfalme hakukipenda chakula alichoandaliwa.
Walienda kwa mke aliyeandaa chakula cha kienyeji.', NULL);
INSERT INTO `card` (id, type, title, header, content, option) VALUES ('22806_10', 3, NULL, 'assets/topic/asb/10074.png', 'Mfalme alikifurahia sana kwani kilikuwa chakula alichokipenda. Alimteua mke huyo kuwa malkia katika ufalme wake.
Tangu siku hiyo, huyo mke aliheshimiwa sana. Yeye alijua namna ya kumfurahisha mmewe.', NULL);
INSERT INTO `card` (id, type, title, header, content, option) VALUES ('22806_11', 3, NULL, NULL, 'You are free to download, copy, translate or adapt this story and use the illustrations as long as you attribute in the following way:
Anayenipenda, hujua ninachopenda
Author -
palmesi katangambo
Illustration -
Natalie Propa, Rob Owen and Wiehan de Jager
Language -
Kiswahili
Level -
First paragraphs
© African Storybook Initiative 2018
Creative Commons: Attribution 4.0
Source
www.africanstorybook.org
Original source
Palmesi Katangambo', NULL);
INSERT INTO `card` (id, type, title, header, content, option) VALUES ('22806_12', 1, 'Chora Ikulu.', 'assets/topic/22806.svg', NULL, NULL);
INSERT INTO `cardExtra` (cardId, type, serial, content) VALUES ('22806_12', 2, 1, 'assets/topic/22806.svg');
INSERT INTO `card` (id, type, title, header, content, option) VALUES ('22806_13', 0, 'Mfalme alikua na wake wangapi?', NULL, NULL, 'oneAtATime');
INSERT INTO `cardExtra` (cardId, type, serial, content) VALUES ('22806_13', 1, 1, 'Watatu');
INSERT INTO `cardExtra` (cardId, type, serial, content) VALUES ('22806_13', 0, 1, 'Wawili');
INSERT INTO `cardExtra` (cardId, type, serial, content) VALUES ('22806_13', 0, 2, 'Mmoja');
INSERT INTO `cardExtra` (cardId, type, serial, content) VALUES ('22806_13', 0, 3, 'Wanne');
INSERT INTO `card` (id, type, title, header, content, option) VALUES ('22806_18', 0, 'Mfalme alimteua mke wa tatu kuwa Malkia', NULL, NULL, 'oneAtATime');
INSERT INTO `cardExtra` (cardId, type, serial, content) VALUES ('22806_18', 1, 1, 'Kweli.');
INSERT INTO `cardExtra` (cardId, type, serial, content) VALUES ('22806_18', 0, 1, 'Si kweli.');
INSERT INTO `card` (id, type, title, header, content, option) VALUES ('22806_21', 0, 'Mfalme alijisikiaje alipopewa chakula kilichoandaliwa na mke wake wa tatu?', NULL, NULL, 'oneAtATime');
INSERT INTO `cardExtra` (cardId, type, serial, content) VALUES ('22806_21', 1, 1, 'Furaha');
INSERT INTO `cardExtra` (cardId, type, serial, content) VALUES ('22806_21', 0, 1, 'Hasira');
INSERT INTO `cardExtra` (cardId, type, serial, content) VALUES ('22806_21', 0, 2, 'Alisononeka');
INSERT INTO `cardExtra` (cardId, type, serial, content) VALUES ('22806_21', 0, 3, 'Ukatili');
INSERT INTO `card` (id, type, title, header, content, option) VALUES ('22806_26', 0, 'Unapendelea kula nini?', 'assets/topic/asb/1196.png', NULL, 'open');
INSERT INTO `cardExtra` (cardId, type, serial, content) VALUES ('22806_26', 0, 1, 'Chapati');
INSERT INTO `cardExtra` (cardId, type, serial, content) VALUES ('22806_26', 0, 2, 'Wali');
INSERT INTO `cardExtra` (cardId, type, serial, content) VALUES ('22806_26', 0, 3, 'Kuku');
INSERT INTO `cardExtra` (cardId, type, serial, content) VALUES ('22806_26', 0, 4, 'Matunda');
INSERT INTO `card` (id, type, title, header, content, option) VALUES ('21817', 2, 'Asiyesikia la mkuu', 'assets/topic/asb/10763.png', 'Ursula Nafula
Rob Owen', 'FFCFB5DD');
INSERT INTO `card` (id, type, title, header, content, option) VALUES ('21817_3', 3, NULL, 'assets/topic/asb/10763.png', 'Lego alikuwa nyoka mkubwa. Aliishi katika kijiji cha Sinyare.', NULL);
INSERT INTO `card` (id, type, title, header, content, option) VALUES ('21817_4', 3, NULL, 'assets/topic/asb/10765.png', 'Apiyo, Ajoh na Atieno walienda kutafuta kuni.
Bibi aliwaonya kuhusu Lego.', NULL);
INSERT INTO `card` (id, type, title, header, content, option) VALUES ('21817_5', 3, NULL, 'assets/topic/asb/10766.png', 'Wote watatu walitayarisha chakula.
"Itakuwa siku ndefu," walisema.', NULL);
INSERT INTO `card` (id, type, title, header, content, option) VALUES ('21817_6', 3, NULL, 'assets/topic/asb/10767.png', '"Hebu tuwe kimya. Lego huishi karibu hapa." Apiyo aliwakumbusha wegine.', NULL);
INSERT INTO `card` (id, type, title, header, content, option) VALUES ('21817_7', 3, NULL, 'assets/topic/asb/10769.png', 'Atieno alitaka meno ya Lego.
Apiyo alimwambia, "Kumbuka onyo la bibi."', NULL);
INSERT INTO `card` (id, type, title, header, content, option) VALUES ('21817_8', 3, NULL, 'assets/topic/asb/10770.png', '"Ninataka meno ya Lego ya dhahabu." Ajoh hakujali.', NULL);
INSERT INTO `card` (id, type, title, header, content, option) VALUES ('21817_9', 3, NULL, 'assets/topic/asb/10771.png', 'Lego hakuyapata meno yake ya dhahabu.
Alisubiri kumuadhibu mwizi.', NULL);
INSERT INTO `card` (id, type, title, header, content, option) VALUES ('21817_10', 3, NULL, 'assets/topic/asb/10772.png', '"Hsssss!" Wasichana walisikia sauti.
Lego alikuwa tayari kumuuma aliyeiba.', NULL);
INSERT INTO `card` (id, type, title, header, content, option) VALUES ('21817_11', 3, NULL, 'assets/topic/asb/10773.png', 'Lego aliwapatia mtihani wa kuimba. "Aliyeiba, hataweza kuimba vizuri."', NULL);
INSERT INTO `card` (id, type, title, header, content, option) VALUES ('21817_12', 3, NULL, 'assets/topic/asb/10774.png', 'Apiyo na Atieno walipita mtihani. Waliimba vyema.', NULL);
INSERT INTO `card` (id, type, title, header, content, option) VALUES ('21817_13', 3, NULL, 'assets/topic/asb/10775.png', 'Ajoh hakuweza kuimba vizuri.
Lego alijua mwizi alikuwa nani.', NULL);
INSERT INTO `card` (id, type, title, header, content, option) VALUES ('21817_14', 3, NULL, 'assets/topic/asb/10776.png', 'Lego alimmeza Ajoh!
"Heri angenisikiza." Bibi alisema.', NULL);
INSERT INTO `card` (id, type, title, header, content, option) VALUES ('21817_15', 3, NULL, NULL, 'You are free to download, copy, translate or adapt this story and use the illustrations as long as you attribute in the following way:
Asiyesikia la mkuu
Author -
Joseph Sanchez Nadimo
Translation -
Ursula Nafula
Illustration -
Rob Owen
Language -
Kiswahili
Level -
First words
© African Storybook Initiative 2015
Creative Commons: Attribution 4.0
Source
www.africanstorybook.org', NULL);
INSERT INTO `card` (id, type, title, header, content, option) VALUES ('21817_16', 1, 'Mchore nyoka Unyalego mkubwa mwenye meno ya Dhahabu.', 'assets/topic/21817.svg', NULL, NULL);
INSERT INTO `cardExtra` (cardId, type, serial, content) VALUES ('21817_16', 2, 1, 'assets/topic/21817.svg');
INSERT INTO `card` (id, type, title, header, content, option) VALUES ('21817_17', 0, 'Unyalego ni jina la mnyama gani?', NULL, NULL, 'oneAtATime');
INSERT INTO `cardExtra` (cardId, type, serial, content) VALUES ('21817_17', 1, 1, 'Nyoka');
INSERT INTO `cardExtra` (cardId, type, serial, content) VALUES ('21817_17', 0, 1, 'Tumbili');
INSERT INTO `cardExtra` (cardId, type, serial, content) VALUES ('21817_17', 0, 2, 'Asali ya nyuki');
INSERT INTO `cardExtra` (cardId, type, serial, content) VALUES ('21817_17', 0, 3, 'Pundamilia');
INSERT INTO `card` (id, type, title, header, content, option) VALUES ('21817_22', 0, 'Unyalego ana meno ya Dhahabu.', NULL, NULL, 'oneAtATime');
INSERT INTO `cardExtra` (cardId, type, serial, content) VALUES ('21817_22', 1, 1, 'Kweli.');
INSERT INTO `cardExtra` (cardId, type, serial, content) VALUES ('21817_22', 0, 1, 'Si kweli.');
INSERT INTO `card` (id, type, title, header, content, option) VALUES ('21817_25', 0, 'Unafikiri Unyalego alikua wa aina gani?', 'assets/topic/asb/10763.png', NULL, 'open');
INSERT INTO `cardExtra` (cardId, type, serial, content) VALUES ('21817_25', 0, 1, 'Mpole');
INSERT INTO `cardExtra` (cardId, type, serial, content) VALUES ('21817_25', 0, 2, 'Mwenye akili');
INSERT INTO `cardExtra` (cardId, type, serial, content) VALUES ('21817_25', 0, 3, 'Mkatili');
INSERT INTO `cardExtra` (cardId, type, serial, content) VALUES ('21817_25', 0, 4, 'Mpumbavu');
INSERT INTO `card` (id, type, title, header, content, option) VALUES ('24734', 2, 'Asiyetii wazee', 'assets/topic/asb/27127.png', 'Ursula  Nafula
Kenneth Boyowa Okitikpi', 'FFB3C8FF');
INSERT INTO `card` (id, type, title, header, content, option) VALUES ('24734_3', 3, NULL, 'assets/topic/asb/27118.png', 'Hapo zamani, kulikuwa na mvulana aliyeitwa Jalo. Jalo aliwaasi wazazi wake.
Watu walijua kuwa mvulana huyo alikosa adabu.', NULL);
INSERT INTO `card` (id, type, title, header, content, option) VALUES ('24734_4', 3, NULL, 'assets/topic/asb/27119.png', 'Siku moja Jalo na mamake waliwatembelea jamaa zao kijijini.
Kabla wao kuondoka kurejea nyumbani, jamaa zao waliwapatia zawadi.', NULL);
INSERT INTO `card` (id, type, title, header, content, option) VALUES ('24734_5', 3, NULL, 'assets/topic/asb/27120.png', 'Walimpeleka Jalo na mamake kwenye bustani iliyojaa matunda. Kisha wakawaalika kula matunda yoyote waliyopenda.
Ila, hawakutakiwa kuchuma kutoka kwa mwembe.', NULL);
INSERT INTO `card` (id, type, title, header, content, option) VALUES ('24734_6', 3, NULL, 'assets/topic/asb/27121.png', 'Jalo aliona mwembe mkubwa uliokuwa na maembe mengi mabivu.', NULL);
INSERT INTO `card` (id, type, title, header, content, option) VALUES ('24734_7', 3, NULL, 'assets/topic/asb/27122.png', 'Jalo alishangaa kuyaona maembe mengi mabivu. Aliamua kuchuma moja.', NULL);
INSERT INTO `card` (id, type, title, header, content, option) VALUES ('24734_8', 3, NULL, 'assets/topic/asb/27123.png', 'Ingawa Jalo alikuwa ameonywa kutokula kutoka kwenye mwembe, alifanya hivyo.
Alisema, "Litakalofanyika, lifanyike. Ninataka kulila embe hili."', NULL);
INSERT INTO `card` (id, type, title, header, content, option) VALUES ('24734_9', 3, NULL, 'assets/topic/asb/27124.png', 'Mamake Jalo alimwonya tena. Hata hivyo, Jalo hakumtii.', NULL);
INSERT INTO `card` (id, type, title, header, content, option) VALUES ('24734_10', 3, NULL, 'assets/topic/asb/27125.png', 'Alipolila tu hilo embe, tumbo ilianza kunguruma.', NULL);
INSERT INTO `card` (id, type, title, header, content, option) VALUES ('24734_11', 3, NULL, 'assets/topic/asb/27126.png', 'Jalo aliendelea kuhisi vibaya akaanza kulia. Kichwa chake kilianza kuvimba.', NULL);
INSERT INTO `card` (id, type, title, header, content, option) VALUES ('24734_12', 3, NULL, 'assets/topic/asb/27127.png', 'Halafu, mwembe uliota kichwani kwake! Jalo aligeuka na kuwa mwembe.', NULL);
INSERT INTO `card` (id, type, title, header, content, option) VALUES ('24734_13', 3, NULL, 'assets/topic/asb/27128.png', 'Tangu wakati huo, kila mwembe huo unapoguswa, huimba, "Asiyewatii wazee, atajuta. Jalo ni mfano."', NULL);
INSERT INTO `card` (id, type, title, header, content, option) VALUES ('24734_14', 3, NULL, NULL, 'Hivyo ndivyo ilivyo. Wahenga husema, "Asiyesikia la mkuu, huvunjika guu."', NULL);
INSERT INTO `card` (id, type, title, header, content, option) VALUES ('24734_15', 3, NULL, NULL, 'You are free to download, copy, translate or adapt this story and use the illustrations as long as you attribute in the following way:
Asiyetii wazee
Author -
Yakubu Aliyu Malumri
Translation -
Ursula  Nafula
Illustration -
Kenneth Boyowa Okitikpi
Language -
Kiswahili
Level -
First paragraphs
© African Storybook Initiative 2018
Creative Commons: Attribution 4.0
Source
www.africanstorybook.org', NULL);
INSERT INTO `card` (id, type, title, header, content, option) VALUES ('24734_16', 1, 'Chora mti wa Muembe.', 'assets/topic/24734.svg', NULL, NULL);
INSERT INTO `cardExtra` (cardId, type, serial, content) VALUES ('24734_16', 2, 1, 'assets/topic/24734.svg');
INSERT INTO `card` (id, type, title, header, content, option) VALUES ('24734_17', 0, 'Jallo alikua hana adabu kwa wazazi wake.', NULL, NULL, 'oneAtATime');
INSERT INTO `cardExtra` (cardId, type, serial, content) VALUES ('24734_17', 1, 1, 'Kweli.');
INSERT INTO `cardExtra` (cardId, type, serial, content) VALUES ('24734_17', 0, 1, 'Si kweli.');
INSERT INTO `card` (id, type, title, header, content, option) VALUES ('24734_20', 0, 'Jallo alikuja kuwa Mti wa Muembe.', NULL, NULL, 'oneAtATime');
INSERT INTO `cardExtra` (cardId, type, serial, content) VALUES ('24734_20', 1, 1, 'Kweli.');
INSERT INTO `cardExtra` (cardId, type, serial, content) VALUES ('24734_20', 0, 1, 'SI kweli.');
INSERT INTO `card` (id, type, title, header, content, option) VALUES ('24734_23', 0, 'Jallo hakumsikiliza mama yake kwasababu alikua_____________?', NULL, NULL, 'oneAtATime');
INSERT INTO `cardExtra` (cardId, type, serial, content) VALUES ('24734_23', 1, 1, 'Hana adabu.');
INSERT INTO `cardExtra` (cardId, type, serial, content) VALUES ('24734_23', 0, 1, 'Ana Adabu.');
INSERT INTO `cardExtra` (cardId, type, serial, content) VALUES ('24734_23', 0, 2, 'Mchoyo.');
INSERT INTO `cardExtra` (cardId, type, serial, content) VALUES ('24734_23', 0, 3, 'Mwenye akili.');
INSERT INTO `card` (id, type, title, header, content, option) VALUES ('24734_28', 0, 'Unaishi vipi na wakubwa zako?', 'assets/topic/asb/27127.png', NULL, 'open');
INSERT INTO `cardExtra` (cardId, type, serial, content) VALUES ('24734_28', 0, 1, 'Kwa adabu');
INSERT INTO `cardExtra` (cardId, type, serial, content) VALUES ('24734_28', 0, 2, 'Kwa adabu Mbaya');
INSERT INTO `cardExtra` (cardId, type, serial, content) VALUES ('24734_28', 0, 3, 'Kwa kuongea sana');
INSERT INTO `cardExtra` (cardId, type, serial, content) VALUES ('24734_28', 0, 4, 'Kwa jeuri');
INSERT INTO `card` (id, type, title, header, content, option) VALUES ('30269', 2, 'Ököbhöörya', 'assets/topic/asb/26677.png', 'Kutafsiri Biblia Mara
Leo Daly and Magriet Brink', 'FFB3C8FF');
INSERT INTO `card` (id, type, title, header, content, option) VALUES ('30269_3', 3, NULL, 'assets/topic/asb/26675.png', 'Omoswa hai ghörëngë?', NULL);
INSERT INTO `card` (id, type, title, header, content, option) VALUES ('30269_4', 3, NULL, 'assets/topic/asb/26676.png', 'Rikonokono hai rërëngë?', NULL);
INSERT INTO `card` (id, type, title, header, content, option) VALUES ('30269_5', 3, NULL, 'assets/topic/asb/26677.png', 'Embebha hai ërëngë?', NULL);
INSERT INTO `card` (id, type, title, header, content, option) VALUES ('30269_6', 3, NULL, 'assets/topic/asb/26678.png', 'Ikonyönyi hai kërëngë?', NULL);
INSERT INTO `card` (id, type, title, header, content, option) VALUES ('30269_7', 3, NULL, 'assets/topic/asb/26679.png', 'Isyaghara hai ërëngë?', NULL);
INSERT INTO `card` (id, type, title, header, content, option) VALUES ('30269_8', 3, NULL, 'assets/topic/asb/26680.png', 'Inyaamu hai ërënge?', NULL);
INSERT INTO `card` (id, type, title, header, content, option) VALUES ('30269_9', 3, NULL, 'assets/topic/asb/26681.png', 'Ikishuushu hai kërënge?', NULL);
INSERT INTO `card` (id, type, title, header, content, option) VALUES ('30269_10', 3, NULL, 'assets/topic/asb/26682.png', 'Ësëësë hai ërënge?', NULL);
INSERT INTO `card` (id, type, title, header, content, option) VALUES ('30269_11', 3, NULL, 'assets/topic/asb/26683.png', 'Ëmbëëshë hai ërënge?', NULL);
INSERT INTO `card` (id, type, title, header, content, option) VALUES ('30269_12', 3, NULL, 'assets/topic/asb/26684.png', 'Ëmböri hai ërënge?', NULL);
INSERT INTO `card` (id, type, title, header, content, option) VALUES ('30269_14', 3, NULL, NULL, 'You are free to download, copy, translate or adapt this story and use the illustrations as long as you attribute in the following way:
Ököbhöörya
Author -
Little Zebra Books
Translation -
Kutafsiri Biblia Mara
Illustration -
Leo Daly and Magriet Brink
Language -
Ikisimbëtë
Level -
First sentences
© African Storybook Initiative 2018
Creative Commons: Attribution 4.0
Source
www.africanstorybook.org', NULL);
INSERT INTO `card` (id, type, title, header, content, option) VALUES ('30269_15', 1, 'Chora mnyama yoyote mmoja aliyetajwa kwa Hadithi na umrembe.', 'assets/topic/30269.svg', NULL, NULL);
INSERT INTO `cardExtra` (cardId, type, serial, content) VALUES ('30269_15', 2, 1, 'assets/topic/30269.svg');
INSERT INTO `card` (id, type, title, header, content, option) VALUES ('30269_16', 0, 'Chagua neno sahihi.', NULL, NULL, 'oneAtATime');
INSERT INTO `cardExtra` (cardId, type, serial, content) VALUES ('30269_16', 1, 1, 'Mamba');
INSERT INTO `cardExtra` (cardId, type, serial, content) VALUES ('30269_16', 0, 1, 'Ammba');
INSERT INTO `cardExtra` (cardId, type, serial, content) VALUES ('30269_16', 0, 2, 'Mamamba');
INSERT INTO `cardExtra` (cardId, type, serial, content) VALUES ('30269_16', 0, 3, 'mammba');
INSERT INTO `card` (id, type, title, header, content, option) VALUES ('30269_21', 0, 'Oanisha Picha katika Majina yake', NULL, NULL, 'pair');
INSERT INTO `cardExtra` (cardId, type, serial, content) VALUES ('30269_21', 1, 1, 'Ant');
INSERT INTO `cardExtra` (cardId, type, serial, content) VALUES ('30269_21', 1, 2, 'Sisiminzi');
INSERT INTO `cardExtra` (cardId, type, serial, content) VALUES ('30269_21', 1, 3, 'Lizard');
INSERT INTO `cardExtra` (cardId, type, serial, content) VALUES ('30269_21', 1, 4, 'Mjusi');
INSERT INTO `cardExtra` (cardId, type, serial, content) VALUES ('30269_21', 1, 5, 'Bird');
INSERT INTO `cardExtra` (cardId, type, serial, content) VALUES ('30269_21', 1, 6, 'Ndege');
INSERT INTO `card` (id, type, title, header, content, option) VALUES ('30269_28', 0, 'Mbuzi hula nini?', 'assets/topic/asb/26677.png', NULL, 'open');
INSERT INTO `cardExtra` (cardId, type, serial, content) VALUES ('30269_28', 0, 1, 'Nyasi');
INSERT INTO `cardExtra` (cardId, type, serial, content) VALUES ('30269_28', 0, 2, 'Udongo');
INSERT INTO `cardExtra` (cardId, type, serial, content) VALUES ('30269_28', 0, 3, 'Majani');
INSERT INTO `cardExtra` (cardId, type, serial, content) VALUES ('30269_28', 0, 4, 'Fimbo');
INSERT INTO `card` (id, type, title, header, content, option) VALUES ('31354', 2, 'Ömöbhërë', 'assets/topic/asb/26739.png', 'Kutafsiri Biblia Mara
Sue  Beattie', 'FFF4E1B5');
INSERT INTO `card` (id, type, title, header, content, option) VALUES ('31354_3', 3, NULL, 'assets/topic/asb/26749.png', 'Ekerenge', NULL);
INSERT INTO `card` (id, type, title, header, content, option) VALUES ('31354_4', 3, NULL, 'assets/topic/asb/26744.png', 'Ököghörö', NULL);
INSERT INTO `card` (id, type, title, header, content, option) VALUES ('31354_5', 3, NULL, 'assets/topic/asb/26741.png', 'Riiru', NULL);
INSERT INTO `card` (id, type, title, header, content, option) VALUES ('31354_6', 3, NULL, 'assets/topic/asb/26747.png', 'Obhokende', NULL);
INSERT INTO `card` (id, type, title, header, content, option) VALUES ('31354_7', 3, NULL, 'assets/topic/asb/26740.png', 'Enda', NULL);
INSERT INTO `card` (id, type, title, header, content, option) VALUES ('31354_8', 3, NULL, 'assets/topic/asb/26748.png', 'Ikikubha', NULL);
INSERT INTO `card` (id, type, title, header, content, option) VALUES ('31354_9', 3, NULL, 'assets/topic/asb/26742.png', 'Ebhesaanyi', NULL);
INSERT INTO `card` (id, type, title, header, content, option) VALUES ('31354_10', 3, NULL, 'assets/topic/asb/26745.png', 'Amabhoko', NULL);
INSERT INTO `card` (id, type, title, header, content, option) VALUES ('31354_11', 3, NULL, 'assets/topic/asb/26746.png', 'Ekeghokora', NULL);
INSERT INTO `card` (id, type, title, header, content, option) VALUES ('31354_12', 3, NULL, 'assets/topic/asb/26743.png', 'Omotwe', NULL);
INSERT INTO `card` (id, type, title, header, content, option) VALUES ('31354_13', 3, NULL, NULL, 'You are free to download, copy, translate or adapt this story and use the illustrations as long as you attribute in the following way:
Ömöbhërë
Author -
Little Zebra Books
Translation -
Kutafsiri Biblia Mara
Illustration -
Sue  Beattie
Language -
Ikisimbëtë
Level -
First words
© African Storybook Initiative 2018
Creative Commons: Attribution 4.0
Source
www.africanstorybook.org', NULL);
INSERT INTO `card` (id, type, title, header, content, option) VALUES ('31354_14', 1, 'Chora sehemu moja yoyote ya mwili kutoka kwenye hadithi.', 'assets/topic/31354.svg', NULL, NULL);
INSERT INTO `cardExtra` (cardId, type, serial, content) VALUES ('31354_14', 2, 1, 'assets/topic/31354.svg');
INSERT INTO `card` (id, type, title, header, content, option) VALUES ('31354_15', 0, 'Chagua sehemu zote za Mwili.', NULL, NULL, 'many');
INSERT INTO `cardExtra` (cardId, type, serial, content) VALUES ('31354_15', 1, 1, 'Kichwa');
INSERT INTO `cardExtra` (cardId, type, serial, content) VALUES ('31354_15', 1, 2, 'Mikono');
INSERT INTO `cardExtra` (cardId, type, serial, content) VALUES ('31354_15', 1, 3, 'Kifua');
INSERT INTO `cardExtra` (cardId, type, serial, content) VALUES ('31354_15', 1, 4, 'Miguu');
INSERT INTO `cardExtra` (cardId, type, serial, content) VALUES ('31354_15', 1, 5, 'Viatu');
INSERT INTO `cardExtra` (cardId, type, serial, content) VALUES ('31354_15', 1, 6, 'Kofia');
INSERT INTO `card` (id, type, title, header, content, option) VALUES ('31354_22', 0, 'Oanisha Picha katika majina yake.', NULL, NULL, 'pair');
INSERT INTO `cardExtra` (cardId, type, serial, content) VALUES ('31354_22', 1, 1, 'Head');
INSERT INTO `cardExtra` (cardId, type, serial, content) VALUES ('31354_22', 1, 2, 'Kichwa');
INSERT INTO `cardExtra` (cardId, type, serial, content) VALUES ('31354_22', 1, 3, 'Hand');
INSERT INTO `cardExtra` (cardId, type, serial, content) VALUES ('31354_22', 1, 4, 'Mkono');
INSERT INTO `cardExtra` (cardId, type, serial, content) VALUES ('31354_22', 1, 5, 'Stomach');
INSERT INTO `cardExtra` (cardId, type, serial, content) VALUES ('31354_22', 1, 6, 'Tumbo');
INSERT INTO `cardExtra` (cardId, type, serial, content) VALUES ('31354_22', 1, 7, 'Leg');
INSERT INTO `cardExtra` (cardId, type, serial, content) VALUES ('31354_22', 1, 8, 'Mguu');
INSERT INTO `card` (id, type, title, header, content, option) VALUES ('31354_31', 0, 'Sehemu gani ya mwili wako unayoipendelea sana?', 'assets/topic/asb/26739.png', NULL, 'open');
INSERT INTO `cardExtra` (cardId, type, serial, content) VALUES ('31354_31', 0, 1, 'Kichwa');
INSERT INTO `cardExtra` (cardId, type, serial, content) VALUES ('31354_31', 0, 2, 'Mikono');
INSERT INTO `cardExtra` (cardId, type, serial, content) VALUES ('31354_31', 0, 3, 'Tumbo');
INSERT INTO `cardExtra` (cardId, type, serial, content) VALUES ('31354_31', 0, 4, 'Miguu');
INSERT INTO `card` (id, type, title, header, content, option) VALUES ('21143', 2, 'Bahati  mbaya!', 'assets/topic/asb/14751.png', 'Brigid Simiyu
Abraham Muzee', 'FF9DEDE3');
INSERT INTO `card` (id, type, title, header, content, option) VALUES ('21143_3', 3, NULL, 'assets/topic/asb/14735.png', 'Mimi na Kiki ni marafiki.
Sisi hutembea kwenda nyumbani.', NULL);
INSERT INTO `card` (id, type, title, header, content, option) VALUES ('21143_4', 3, NULL, 'assets/topic/asb/14736.png', 'Siku moja, mwanamme alitufuata.', NULL);
INSERT INTO `card` (id, type, title, header, content, option) VALUES ('21143_5', 3, NULL, 'assets/topic/asb/14737.png', 'Meno yake yalikuwa ya kutisha.
Ngozi yake ilijaa vipele.', NULL);
INSERT INTO `card` (id, type, title, header, content, option) VALUES ('21143_6', 3, NULL, 'assets/topic/asb/14738.png', 'Tulipomtazama, alitupigia kelele  kwa hasira.', NULL);
INSERT INTO `card` (id, type, title, header, content, option) VALUES ('21143_8', 1, 'Chora koti na ulirembe.', 'assets/topic/21143.svg', NULL, NULL);
INSERT INTO `cardExtra` (cardId, type, serial, content) VALUES ('21143_8', 2, 1, 'assets/topic/21143.svg');
INSERT INTO `card` (id, type, title, header, content, option) VALUES ('21143_9', 0, 'Marafiki wawili hufikiria nini baada ya shule kila siku?', NULL, NULL, 'oneAtATime');
INSERT INTO `cardExtra` (cardId, type, serial, content) VALUES ('21143_9', 1, 1, 'Kuchunguza');
INSERT INTO `cardExtra` (cardId, type, serial, content) VALUES ('21143_9', 0, 1, 'Kucheza mziki');
INSERT INTO `cardExtra` (cardId, type, serial, content) VALUES ('21143_9', 0, 2, 'Kucheza michezo');
INSERT INTO `cardExtra` (cardId, type, serial, content) VALUES ('21143_9', 0, 3, 'Hawafakirii chochote');
INSERT INTO `card` (id, type, title, header, content, option) VALUES ('21143_14', 0, 'Mtu mrefu alikua amevalia nini?', NULL, NULL, 'oneAtATime');
INSERT INTO `cardExtra` (cardId, type, serial, content) VALUES ('21143_14', 1, 1, 'Koti jeusi');
INSERT INTO `cardExtra` (cardId, type, serial, content) VALUES ('21143_14', 0, 1, 'Koti jeupe');
INSERT INTO `cardExtra` (cardId, type, serial, content) VALUES ('21143_14', 0, 2, 'Kofia');
INSERT INTO `cardExtra` (cardId, type, serial, content) VALUES ('21143_14', 0, 3, 'Miwani');
INSERT INTO `card` (id, type, title, header, content, option) VALUES ('21143_19', 0, 'Kwanini mtu mrefu alikua anawafuata nyuma yao?', 'assets/topic/asb/14751.png', NULL, 'open');
INSERT INTO `cardExtra` (cardId, type, serial, content) VALUES ('21143_19', 0, 1, 'Ili kuwapora');
INSERT INTO `cardExtra` (cardId, type, serial, content) VALUES ('21143_19', 0, 2, 'Ili kuwaumiza');
INSERT INTO `cardExtra` (cardId, type, serial, content) VALUES ('21143_19', 0, 3, 'Ili kuwateka');
INSERT INTO `cardExtra` (cardId, type, serial, content) VALUES ('21143_19', 0, 4, 'Alikua shwari.');
INSERT INTO `card` (id, type, title, header, content, option) VALUES ('2830', 2, 'Banti na Sabuni', 'assets/topic/asb/607.png', 'Brigid Simiyu
 Sorit Gupto', 'FFB3C8FF');
INSERT INTO `card` (id, type, title, header, content, option) VALUES ('2830_3', 3, NULL, 'assets/topic/asb/607.png', 'Banti anapenda kucheza na vipepeo.', NULL);
INSERT INTO `card` (id, type, title, header, content, option) VALUES ('2830_4', 3, NULL, 'assets/topic/asb/612.png', 'Pia anapenda kucheza na ndege.', NULL);
INSERT INTO `card` (id, type, title, header, content, option) VALUES ('2830_5', 3, NULL, 'assets/topic/asb/608.png', 'Yeye hutengeneza mashua kutoka kwa makaratasi.', NULL);
INSERT INTO `card` (id, type, title, header, content, option) VALUES ('2830_6', 3, NULL, 'assets/topic/asb/610.png', 'Pia hutengeneza ngome akitumia changarawe.', NULL);
INSERT INTO `card` (id, type, title, header, content, option) VALUES ('2830_7', 3, NULL, 'assets/topic/asb/609.png', 'Banti anaporudi nyumbani, mamake humwuliza aoge. Yeye hukataa.', NULL);
INSERT INTO `card` (id, type, title, header, content, option) VALUES ('2830_8', 3, NULL, 'assets/topic/asb/611.png', '"Nachukia sabuni!" Banti hulia.', NULL);
INSERT INTO `card` (id, type, title, header, content, option) VALUES ('2830_9', 3, NULL, 'assets/topic/asb/613.png', 'Aliota kuwa vijidudu vinavyosababisha magonjwa vilikivamia kitanda chake.', NULL);
INSERT INTO `card` (id, type, title, header, content, option) VALUES ('2830_10', 3, NULL, 'assets/topic/asb/614.png', 'Banti alikuwa anafukuzwa na vijidudu hivyo. Alikimbia akipiga mayowe, "Nisaidie. Nisaidie!"', NULL);
INSERT INTO `card` (id, type, title, header, content, option) VALUES ('2830_11', 3, NULL, 'assets/topic/asb/911.png', 'Mfalme Sabuni alimjibu, "Banti, usiogope. Jeshi langu la povu litavivamia vijidudu vile vinavyokusumbua!"', NULL);
INSERT INTO `card` (id, type, title, header, content, option) VALUES ('2830_12', 3, NULL, 'assets/topic/asb/910.png', 'Mara moja, povu lilivifukuzia mbali vile vijidudu.', NULL);
INSERT INTO `card` (id, type, title, header, content, option) VALUES ('2830_13', 3, NULL, 'assets/topic/asb/912.png', 'Tangu wakati huo, Banti hutumia sabuni. Hujipangusa na kujisugua hadi anakuwa msafi.', NULL);
INSERT INTO `card` (id, type, title, header, content, option) VALUES ('2830_14', 3, NULL, NULL, 'You are free to download, copy, translate or adapt this story and use the illustrations as long as you attribute in the following way:
Banti na Sabuni
Author -
Sorit Gupto
Translation -
Brigid Simiyu
Illustration -
Sorit Gupto
Language -
Kiswahili
Level -
First sentences
© Pratham Books 2014
Creative Commons: Attribution 4.0
Source
www.africanstorybook.org
Original source
www.prathambooks.org', NULL);
INSERT INTO `card` (id, type, title, header, content, option) VALUES ('2830_15', 1, 'Chora Sabuni na uirembe.', 'assets/topic/2830.svg', NULL, NULL);
INSERT INTO `cardExtra` (cardId, type, serial, content) VALUES ('2830_15', 2, 1, 'assets/topic/2830.svg');
INSERT INTO `card` (id, type, title, header, content, option) VALUES ('2830_16', 0, 'Chagua vitu vyote ambavyo Bunty alipenda kucheza navyo.', NULL, NULL, 'many');
INSERT INTO `cardExtra` (cardId, type, serial, content) VALUES ('2830_16', 1, 1, 'Vipepeo');
INSERT INTO `cardExtra` (cardId, type, serial, content) VALUES ('2830_16', 1, 2, 'Ndege');
INSERT INTO `cardExtra` (cardId, type, serial, content) VALUES ('2830_16', 1, 3, 'Mashua za karatasi');
INSERT INTO `cardExtra` (cardId, type, serial, content) VALUES ('2830_16', 1, 4, 'Ikulu ya Mchanga');
INSERT INTO `cardExtra` (cardId, type, serial, content) VALUES ('2830_16', 0, 1, 'Paka');
INSERT INTO `cardExtra` (cardId, type, serial, content) VALUES ('2830_16', 0, 2, 'Mbwa');
INSERT INTO `cardExtra` (cardId, type, serial, content) VALUES ('2830_16', 0, 3, 'Mwanasesere');
INSERT INTO `card` (id, type, title, header, content, option) VALUES ('2830_24', 0, 'Jeshi la mapovu la Mfalme sabuni lilifukuza vijidudu.', NULL, NULL, 'oneAtATime');
INSERT INTO `cardExtra` (cardId, type, serial, content) VALUES ('2830_24', 1, 1, 'Kweli.');
INSERT INTO `cardExtra` (cardId, type, serial, content) VALUES ('2830_24', 0, 1, 'Si kweli.');
INSERT INTO `card` (id, type, title, header, content, option) VALUES ('2830_27', 0, 'Tuogapo na sabuni, vijidudu hukimbia', NULL, NULL, 'oneAtATime');
INSERT INTO `cardExtra` (cardId, type, serial, content) VALUES ('2830_27', 1, 1, 'Kweli.');
INSERT INTO `cardExtra` (cardId, type, serial, content) VALUES ('2830_27', 0, 1, 'Si kweli.');
INSERT INTO `card` (id, type, title, header, content, option) VALUES ('2830_30', 0, 'Unapendelea kufanya nini asubuh?', 'assets/topic/asb/607.png', NULL, 'open');
INSERT INTO `cardExtra` (cardId, type, serial, content) VALUES ('2830_30', 0, 1, 'Kuoga');
INSERT INTO `cardExtra` (cardId, type, serial, content) VALUES ('2830_30', 0, 2, 'Kuosha meno');
INSERT INTO `cardExtra` (cardId, type, serial, content) VALUES ('2830_30', 0, 3, 'Kula');
INSERT INTO `cardExtra` (cardId, type, serial, content) VALUES ('2830_30', 0, 4, 'Kukimbia');
INSERT INTO `card` (id, type, title, header, content, option) VALUES ('2912', 2, 'Barua', 'assets/topic/asb/1398.png', 'Mutugi Kamundi
Cathy Feek', 'FFB3C8FF');
INSERT INTO `card` (id, type, title, header, content, option) VALUES ('2912_3', 3, NULL, 'assets/topic/asb/1398.png', 'Wiki iliyopita nilipokea barua nyingi.', NULL);
INSERT INTO `card` (id, type, title, header, content, option) VALUES ('2912_4', 3, NULL, 'assets/topic/asb/1399.png', 'Siku ya Jumatatu, daktari alimwandikia mwalimu wangu barua.', NULL);
INSERT INTO `card` (id, type, title, header, content, option) VALUES ('2912_5', 3, NULL, 'assets/topic/asb/1400.png', 'Tabisile ni mgonjwa.
Ni lazima akae nyumbani.', NULL);
INSERT INTO `card` (id, type, title, header, content, option) VALUES ('2912_6', 3, NULL, 'assets/topic/asb/1401.png', 'Siku ya Jumanne, nilipokea barua kutoka kwa wanafunzi wa darasa langu.', NULL);
INSERT INTO `card` (id, type, title, header, content, option) VALUES ('2912_7', 3, NULL, 'assets/topic/asb/1402.png', 'Tabisile, tunakutakia nafuu haraka!', NULL);
INSERT INTO `card` (id, type, title, header, content, option) VALUES ('2912_8', 3, NULL, 'assets/topic/asb/1403.png', 'Siku ya Jumatano, nilipokea barua kutoka kwa rafiki yangu.', NULL);
INSERT INTO `card` (id, type, title, header, content, option) VALUES ('2912_9', 3, NULL, 'assets/topic/asb/1404.png', 'Nimekuchorea picha hii. Nakupenda sana.
Wako, Dudu.', NULL);
INSERT INTO `card` (id, type, title, header, content, option) VALUES ('2912_10', 3, NULL, 'assets/topic/asb/1405.png', 'Siku ya Alhamisi, nilipokea barua kutoka kwa mamangu.', NULL);
INSERT INTO `card` (id, type, title, header, content, option) VALUES ('2912_11', 3, NULL, NULL, 'You are free to download, copy, translate or adapt this story and use the illustrations as long as you attribute in the following way:
Barua
Author -
Clare Verbeek, Thembani Dladla and Zanele Buthelezi
Translation -
Mutugi Kamundi
Illustration -
Cathy Feek
Language -
Kiswahili
Level -
First words
© School of Education and Development (Centre for Adult Education), University of Kwazulu-Natal 2007
Creative Commons: Attribution-Non Commercial 3.0
Source
www.africanstorybook.org
Original source
http://cae.ukzn.ac.za/resources/seedbooks.aspx', NULL);
INSERT INTO `card` (id, type, title, header, content, option) VALUES ('2912_12', 1, 'Mwandikie rafiki yako barua.', 'assets/topic/2912.svg', NULL, NULL);
INSERT INTO `cardExtra` (cardId, type, serial, content) VALUES ('2912_12', 2, 1, 'assets/topic/2912.svg');
INSERT INTO `card` (id, type, title, header, content, option) VALUES ('2912_13', 0, 'Mganga wa Afya alimuandikia nani barua?', NULL, NULL, 'oneAtATime');
INSERT INTO `cardExtra` (cardId, type, serial, content) VALUES ('2912_13', 1, 1, 'mama');
INSERT INTO `cardExtra` (cardId, type, serial, content) VALUES ('2912_13', 0, 1, 'Dudu');
INSERT INTO `cardExtra` (cardId, type, serial, content) VALUES ('2912_13', 0, 2, 'Mwalimu');
INSERT INTO `cardExtra` (cardId, type, serial, content) VALUES ('2912_13', 0, 3, 'mimi');
INSERT INTO `card` (id, type, title, header, content, option) VALUES ('2912_18', 0, 'Rafiki yangu Dudu aliandika barua siku ya Alhamisi.', NULL, NULL, 'oneAtATime');
INSERT INTO `cardExtra` (cardId, type, serial, content) VALUES ('2912_18', 1, 1, 'Kweli.');
INSERT INTO `cardExtra` (cardId, type, serial, content) VALUES ('2912_18', 0, 1, 'Si kweli.');
INSERT INTO `card` (id, type, title, header, content, option) VALUES ('2912_21', 0, 'Unapendelea kumwandikia nani barua?', 'assets/topic/asb/1398.png', NULL, 'open');
INSERT INTO `cardExtra` (cardId, type, serial, content) VALUES ('2912_21', 0, 1, 'Rafiki');
INSERT INTO `cardExtra` (cardId, type, serial, content) VALUES ('2912_21', 0, 2, 'Mama');
INSERT INTO `cardExtra` (cardId, type, serial, content) VALUES ('2912_21', 0, 3, 'Mwalimu');
INSERT INTO `cardExtra` (cardId, type, serial, content) VALUES ('2912_21', 0, 4, 'baba');
INSERT INTO `card` (id, type, title, header, content, option) VALUES ('2526', 2, 'Barua kwa Mama', 'assets/topic/asb/1503.png', 'Ursula Nafula
 Catherine Groenewald', 'FF9DEDE3');
INSERT INTO `card` (id, type, title, header, content, option) VALUES ('2526_3', 3, NULL, 'assets/topic/asb/1504.png', 'Mama aliziweka nguo zake katika begi ndogo.', NULL);
INSERT INTO `card` (id, type, title, header, content, option) VALUES ('2526_4', 3, NULL, 'assets/topic/asb/1505.png', 'Alinikumbatia akasema,  "Kwa heri kwa sasa."', NULL);
INSERT INTO `card` (id, type, title, header, content, option) VALUES ('2526_5', 3, NULL, 'assets/topic/asb/1506.png', '"Mama unaenda wapi?" Nilimwuliza.', NULL);
INSERT INTO `card` (id, type, title, header, content, option) VALUES ('2526_6', 3, NULL, 'assets/topic/asb/1507.png', 'Nilianza kulia nikitaka kumfuata.
Baba alinibeba akanituliza.', NULL);
INSERT INTO `card` (id, type, title, header, content, option) VALUES ('2526_7', 3, NULL, 'assets/topic/asb/1508.png', 'Baba alisema, "Mamako anaenda hospitalini kujifungua mtoto."', NULL);
INSERT INTO `card` (id, type, title, header, content, option) VALUES ('2526_8', 3, NULL, 'assets/topic/asb/2133.png', 'Niliposikia ''mtoto'' sikulia tena.
"Kwa nini aende hospitalini?"', NULL);
INSERT INTO `card` (id, type, title, header, content, option) VALUES ('2526_9', 3, NULL, 'assets/topic/asb/1509.png', 'Baba alinijibu, "Nitakueleza kwa nini anaenda hospitalini."', NULL);
INSERT INTO `card` (id, type, title, header, content, option) VALUES ('2526_10', 3, NULL, NULL, 'Baba alinieleza lakini sikuelewa.
Nilimwuliza, "Ataendelea kunipenda?"', NULL);
INSERT INTO `card` (id, type, title, header, content, option) VALUES ('2526_11', 3, NULL, 'assets/topic/asb/1510.png', 'Alinijibu, "Tutakupenda wakati wote."', NULL);
INSERT INTO `card` (id, type, title, header, content, option) VALUES ('2526_12', 3, NULL, 'assets/topic/asb/1511.png', '"Ninaweza kumwandikia barua akiwa huko?" Nilimwuliza baba.', NULL);
INSERT INTO `card` (id, type, title, header, content, option) VALUES ('2526_13', 3, NULL, 'assets/topic/asb/1512.png', 'Jioni hiyo, nilianza kumtungia mama barua.', NULL);
INSERT INTO `card` (id, type, title, header, content, option) VALUES ('2526_14', 3, NULL, 'assets/topic/asb/1513.png', 'Nilichukuwa karatasi na kuanza kuandika.', NULL);
INSERT INTO `card` (id, type, title, header, content, option) VALUES ('2526_15', 3, NULL, 'assets/topic/asb/1514.png', 'Mama, mama! Baba alisema kwamba umeenda kumleta mtoto mwingine.', NULL);
INSERT INTO `card` (id, type, title, header, content, option) VALUES ('2526_16', 3, NULL, 'assets/topic/asb/1503.png', 'Tafadhali, fanya haraka urudi nyumbani.', NULL);
INSERT INTO `card` (id, type, title, header, content, option) VALUES ('2526_17', 3, NULL, 'assets/topic/asb/1515.png', 'Ningependa umlete mtoto msichana.
Nitacheza naye akiwa mkubwa.', NULL);
INSERT INTO `card` (id, type, title, header, content, option) VALUES ('2526_18', 3, NULL, 'assets/topic/asb/1516.png', 'Unaweza kuwaleta wawili.
Mmoja atakuwa wangu.', NULL);
INSERT INTO `card` (id, type, title, header, content, option) VALUES ('2526_19', 3, NULL, 'assets/topic/asb/1517.png', 'Ninakusubiri hapa nyumbani.', NULL);
INSERT INTO `card` (id, type, title, header, content, option) VALUES ('2526_20', 3, NULL, 'assets/topic/asb/1518.png', 'Niliikunja barua yangu ili baba ampelekee mama.
Asubuhi, barua haikuwepo.', NULL);
INSERT INTO `card` (id, type, title, header, content, option) VALUES ('2526_21', 3, NULL, NULL, 'You are free to download, copy, translate or adapt this story and use the illustrations as long as you attribute in the following way:
Barua kwa Mama
Author -
Ursula Nafula
Translation -
Ursula Nafula
Illustration -
Catherine Groenewald
Language -
Kiswahili
Level -
First words
© African Storybook Initiative 2014
Creative Commons: Attribution 4.0
Source
www.africanstorybook.org', NULL);
INSERT INTO `card` (id, type, title, header, content, option) VALUES ('2526_22', 1, 'Mchore mtoto.', 'assets/topic/2526.svg', NULL, NULL);
INSERT INTO `cardExtra` (cardId, type, serial, content) VALUES ('2526_22', 2, 1, 'assets/topic/2526.svg');
INSERT INTO `card` (id, type, title, header, content, option) VALUES ('2526_23', 0, 'Mama alikua anaenda wapi?', NULL, NULL, 'oneAtATime');
INSERT INTO `cardExtra` (cardId, type, serial, content) VALUES ('2526_23', 1, 1, 'Hospitali');
INSERT INTO `cardExtra` (cardId, type, serial, content) VALUES ('2526_23', 0, 1, 'Shule');
INSERT INTO `cardExtra` (cardId, type, serial, content) VALUES ('2526_23', 0, 2, 'Kweny Mti');
INSERT INTO `cardExtra` (cardId, type, serial, content) VALUES ('2526_23', 0, 3, 'Alikua haendi popote');
INSERT INTO `card` (id, type, title, header, content, option) VALUES ('2526_28', 0, 'Baba yangu alisema tutakupenda siku zote', NULL, NULL, 'oneAtATime');
INSERT INTO `cardExtra` (cardId, type, serial, content) VALUES ('2526_28', 1, 1, 'Kweli.');
INSERT INTO `cardExtra` (cardId, type, serial, content) VALUES ('2526_28', 0, 1, 'Si kweli.');
INSERT INTO `card` (id, type, title, header, content, option) VALUES ('2526_31', 0, 'Unajisikiaje unapomuona mtoto mpya nyumbani kwenu?', 'assets/topic/asb/1503.png', NULL, 'open');
INSERT INTO `cardExtra` (cardId, type, serial, content) VALUES ('2526_31', 0, 1, 'Furaha');
INSERT INTO `cardExtra` (cardId, type, serial, content) VALUES ('2526_31', 0, 2, 'Msisimko');
INSERT INTO `cardExtra` (cardId, type, serial, content) VALUES ('2526_31', 0, 3, 'Hasira');
INSERT INTO `cardExtra` (cardId, type, serial, content) VALUES ('2526_31', 0, 4, 'Huzuni');
INSERT INTO `card` (id, type, title, header, content, option) VALUES ('12428', 2, 'Basi kubwa la bluu', 'assets/topic/asb/11446.png', 'Brigid Simiyu
 Mango Tree', 'FFB3C8FF');
INSERT INTO `card` (id, type, title, header, content, option) VALUES ('12428_3', 3, NULL, 'assets/topic/asb/11446.png', 'Kulikuwa na basi moja tu katika kijiji cha Ebei. Lilikuwa basi kubwa lenye rangi ya bluu. Lilinguruma sana.', NULL);
INSERT INTO `card` (id, type, title, header, content, option) VALUES ('12428_4', 3, NULL, 'assets/topic/asb/11447.png', 'Siku moja mamake Ebei alisema, "Kesho tutaenda mjini kununua sare yako ya shule."', NULL);
INSERT INTO `card` (id, type, title, header, content, option) VALUES ('12428_5', 3, NULL, 'assets/topic/asb/11448.png', 'Ebei alifurahi sana. Kumbe atasafiri katika lile basi kubwa la bluu! Usiku huo hakuweza kulala vizuri.', NULL);
INSERT INTO `card` (id, type, title, header, content, option) VALUES ('12428_6', 3, NULL, 'assets/topic/asb/11449.png', 'Mamake alipoenda kumuamsha, Ebei alikuwa tayari amevaa.', NULL);
INSERT INTO `card` (id, type, title, header, content, option) VALUES ('12428_7', 3, NULL, 'assets/topic/asb/11450.png', 'Ebei na mamake walienda kwenye kituo cha basi. Walisubiri lile basi kubwa la bluu. Basi halikufika.', NULL);
INSERT INTO `card` (id, type, title, header, content, option) VALUES ('12428_8', 3, NULL, 'assets/topic/asb/11451.png', 'Watu wengine walifika kwenye kituo cha basi. Wote walilalamika kuwa basi lilichelewa. Mmoja aliuliza, "Basi limetuacha?"', NULL);
INSERT INTO `card` (id, type, title, header, content, option) VALUES ('12428_9', 3, NULL, 'assets/topic/asb/11452.png', 'Ebei alikuwa na wasiswasi. "Tusipokwenda mjini,  sitapata sare yangu ya shule," aliwaza.', NULL);
INSERT INTO `card` (id, type, title, header, content, option) VALUES ('12428_10', 3, NULL, 'assets/topic/asb/11453.png', 'Baadhi yao walikata tamaa wakarudi nyumbani. Lakini Ebei alilia akakataa kurudi. "Tutasubiri zaidi," mamake alimtuliza.', NULL);
INSERT INTO `card` (id, type, title, header, content, option) VALUES ('12428_11', 3, NULL, 'assets/topic/asb/11454.png', 'Ghafla, walisikia mngurumo. Wakaona vumbi hewani. Basi lilikuwa linakuja kwa kasi.', NULL);
INSERT INTO `card` (id, type, title, header, content, option) VALUES ('12428_12', 3, NULL, 'assets/topic/asb/11455.png', 'Basi halikuwa la bluu wala halikuwa kubwa. Basi lile lilikuwa dogo na jekundu. Waliosubiri waliliangalia tu na hawakuingia ndani.', NULL);
INSERT INTO `card` (id, type, title, header, content, option) VALUES ('12428_13', 3, NULL, 'assets/topic/asb/11456.png', 'Dereva aliwaita, "Ingieni! Ingieni!
Tumechelewa sana leo."', NULL);
INSERT INTO `card` (id, type, title, header, content, option) VALUES ('12428_14', 3, NULL, 'assets/topic/asb/11457.png', 'Ebei na mamake walikuwa wa kwanza kuingia. Mara wote waliingia ndani ya basi lile dogo jekundu.', NULL);
INSERT INTO `card` (id, type, title, header, content, option) VALUES ('12428_15', 3, NULL, 'assets/topic/asb/11458.png', 'Ebei alichungulia dirishani. Aliwaona watu wengi zaidi wakiingia ndani ya basi.', NULL);
INSERT INTO `card` (id, type, title, header, content, option) VALUES ('12428_16', 3, NULL, 'assets/topic/asb/11459.png', 'Mara basi likaondoka. Ebei aliwaona watu wengine wakikimbia kulifikia basi. Walikuwa tayari wamechelewa.', NULL);
INSERT INTO `card` (id, type, title, header, content, option) VALUES ('12428_17', 3, NULL, 'assets/topic/asb/11460.png', 'Mamake Ebei alimuuliza dereva, "Liko wapi basi kubwa la bluu?" Dereva alimjibu, "Samahani mama,  basi la bluu liliharibika. Linatengenezwa. Kesho litakuja."', NULL);
INSERT INTO `card` (id, type, title, header, content, option) VALUES ('12428_18', 3, NULL, 'assets/topic/asb/11461.png', 'Ebei hakujali rangi wala ukubwa wa basi. Alifurahi kuwa basi lile lilikuwa linawapeleka mjini. Hatimaye,  atanunuliwa sare ya shule.', NULL);
INSERT INTO `card` (id, type, title, header, content, option) VALUES ('12428_19', 3, NULL, NULL, 'You are free to download, copy, translate or adapt this story and use the illustrations as long as you attribute in the following way:
Basi kubwa la bluu
Author -
Mecelin Kakoro
Translation -
Brigid Simiyu
Illustration -
Mango Tree
Language -
Kiswahili
Level -
First sentences
© African Storybook Initiative 2015
Creative Commons: Attribution 4.0
Source
www.africanstorybook.org', NULL);
INSERT INTO `card` (id, type, title, header, content, option) VALUES ('12428_20', 1, 'Chora basi na ulipake rangi.', 'assets/topic/12428.svg', NULL, NULL);
INSERT INTO `cardExtra` (cardId, type, serial, content) VALUES ('12428_20', 2, 1, 'assets/topic/12428.svg');
INSERT INTO `card` (id, type, title, header, content, option) VALUES ('12428_21', 0, 'Ebei na mama yake walitaka kununua nini?', NULL, NULL, 'oneAtATime');
INSERT INTO `cardExtra` (cardId, type, serial, content) VALUES ('12428_21', 1, 1, 'Sare');
INSERT INTO `cardExtra` (cardId, type, serial, content) VALUES ('12428_21', 0, 1, 'kofia');
INSERT INTO `cardExtra` (cardId, type, serial, content) VALUES ('12428_21', 0, 2, 'Popo');
INSERT INTO `cardExtra` (cardId, type, serial, content) VALUES ('12428_21', 0, 3, 'Mpira');
INSERT INTO `card` (id, type, title, header, content, option) VALUES ('12428_26', 0, 'Basi la rangi gani lilikuja stendi?', NULL, NULL, 'oneAtATime');
INSERT INTO `cardExtra` (cardId, type, serial, content) VALUES ('12428_26', 1, 1, 'Nyekundu');
INSERT INTO `cardExtra` (cardId, type, serial, content) VALUES ('12428_26', 0, 1, 'Njano');
INSERT INTO `cardExtra` (cardId, type, serial, content) VALUES ('12428_26', 0, 2, 'Rangi ya chungwa');
INSERT INTO `cardExtra` (cardId, type, serial, content) VALUES ('12428_26', 0, 3, 'kijani');
INSERT INTO `card` (id, type, title, header, content, option) VALUES ('12428_31', 0, 'Unajisikiaje unapokua unasubiria kitu?', 'assets/topic/asb/11446.png', NULL, 'open');
INSERT INTO `cardExtra` (cardId, type, serial, content) VALUES ('12428_31', 0, 1, 'Mtulivu');
INSERT INTO `cardExtra` (cardId, type, serial, content) VALUES ('12428_31', 0, 2, 'Mwenye furaha');
INSERT INTO `cardExtra` (cardId, type, serial, content) VALUES ('12428_31', 0, 3, 'Mwenye huzuni');
INSERT INTO `cardExtra` (cardId, type, serial, content) VALUES ('12428_31', 0, 4, 'Mwenye hasira');
INSERT INTO `card` (id, type, title, header, content, option) VALUES ('14419', 2, 'Bi Simu', 'assets/topic/asb/10053.png', 'Ursula Nafula
Marion Drew', 'FF9DEDE3');
INSERT INTO `card` (id, type, title, header, content, option) VALUES ('14419_3', 3, NULL, 'assets/topic/asb/10048.png', 'Huyu anaitwa Bi Simu. Mtazame vizuri!', NULL);
INSERT INTO `card` (id, type, title, header, content, option) VALUES ('14419_4', 3, NULL, 'assets/topic/asb/10049.png', 'Bi Simu ana simu tano. Akiamka, yeye huzipanga simu zake tano mezani.', NULL);
INSERT INTO `card` (id, type, title, header, content, option) VALUES ('14419_5', 3, NULL, 'assets/topic/asb/10050.png', 'Kila simu ina kazi tofauti. Simu ya rangi ya manjano ni ya kuwasiliana na familia yake.', NULL);
INSERT INTO `card` (id, type, title, header, content, option) VALUES ('14419_6', 3, NULL, 'assets/topic/asb/10051.png', 'Nayo ile ya rangi nyeupe, ni ya kuwasiliana na wenzake anaofanya nao kazi.', NULL);
INSERT INTO `card` (id, type, title, header, content, option) VALUES ('14419_7', 3, NULL, 'assets/topic/asb/10052.png', 'Bi Simu huitumia ile ya rangi nyekundu kuwasiliana na watu anaowadai!', NULL);
INSERT INTO `card` (id, type, title, header, content, option) VALUES ('14419_8', 3, NULL, 'assets/topic/asb/10053.png', 'Ile ya rangi ya waridi ni ya kuwasiliana na marafiki zake wa dhati.', NULL);
INSERT INTO `card` (id, type, title, header, content, option) VALUES ('14419_9', 3, NULL, 'assets/topic/asb/10054.png', 'Bi Simu huitumia ile ya kizambarau kuwasiliana na watu wanaohitaji msaada wake.', NULL);
INSERT INTO `card` (id, type, title, header, content, option) VALUES ('14419_10', 3, NULL, 'assets/topic/asb/10055.png', 'Bi Simu hupenda watu wafurahi. Hapendi ugomvi wala vita.', NULL);
INSERT INTO `card` (id, type, title, header, content, option) VALUES ('14419_11', 3, NULL, 'assets/topic/asb/10056.png', 'Asipokuwa kazini, Bi Simu huwaalika watoto ukumbini kwake. Wao hutazama runinga na kupata mawaidha.', NULL);
INSERT INTO `card` (id, type, title, header, content, option) VALUES ('14419_12', 3, NULL, 'assets/topic/asb/10057.png', 'Bi Simu anawahurumia wanyonge. Huwatembelea wagonjwa na wazee nyumbani kwao.', NULL);
INSERT INTO `card` (id, type, title, header, content, option) VALUES ('14419_13', 3, NULL, 'assets/topic/asb/10058.png', 'Kila apitapo, watu hupiga mayowe wakimwita, "Bi Simu! Bi Simu!"', NULL);
INSERT INTO `card` (id, type, title, header, content, option) VALUES ('14419_14', 3, NULL, 'assets/topic/asb/10059.png', 'Naye hufurahia na kusema, "Mimi ni Bi Simu. Nazitumia simu zangu kuwasiliana na wote."
Huyo ni Bi Simu na simu zake tano!', NULL);
INSERT INTO `card` (id, type, title, header, content, option) VALUES ('14419_15', 3, NULL, NULL, 'You are free to download, copy, translate or adapt this story and use the illustrations as long as you attribute in the following way:
Bi Simu
Author -
Ursula Nafula
Illustration -
Marion Drew
Language -
Kiswahili
Level -
First sentences
© African Storybook Initiative 2015
Creative Commons: Attribution 4.0
Source
www.africanstorybook.org', NULL);
INSERT INTO `card` (id, type, title, header, content, option) VALUES ('14419_16', 1, 'Chora simu na uirembe.', 'assets/topic/14419.svg', NULL, NULL);
INSERT INTO `cardExtra` (cardId, type, serial, content) VALUES ('14419_16', 2, 1, 'assets/topic/14419.svg');
INSERT INTO `card` (id, type, title, header, content, option) VALUES ('14419_17', 0, 'Bibi simu alikua na simu ngapi?', NULL, NULL, 'oneAtATime');
INSERT INTO `cardExtra` (cardId, type, serial, content) VALUES ('14419_17', 1, 1, 'Tano');
INSERT INTO `cardExtra` (cardId, type, serial, content) VALUES ('14419_17', 0, 1, 'Moja');
INSERT INTO `cardExtra` (cardId, type, serial, content) VALUES ('14419_17', 0, 2, 'Mbili');
INSERT INTO `cardExtra` (cardId, type, serial, content) VALUES ('14419_17', 0, 3, 'Nne');
INSERT INTO `card` (id, type, title, header, content, option) VALUES ('14419_22', 0, 'Chagua rangi zote za simu alizokua nazo Bi Simu.', NULL, NULL, 'many');
INSERT INTO `cardExtra` (cardId, type, serial, content) VALUES ('14419_22', 1, 1, 'Njano');
INSERT INTO `cardExtra` (cardId, type, serial, content) VALUES ('14419_22', 1, 2, 'Nyeupe');
INSERT INTO `cardExtra` (cardId, type, serial, content) VALUES ('14419_22', 1, 3, 'Nyekundu');
INSERT INTO `cardExtra` (cardId, type, serial, content) VALUES ('14419_22', 1, 4, 'Waridi');
INSERT INTO `cardExtra` (cardId, type, serial, content) VALUES ('14419_22', 1, 5, 'Zambarau');
INSERT INTO `cardExtra` (cardId, type, serial, content) VALUES ('14419_22', 0, 1, 'Nyeusi');
INSERT INTO `cardExtra` (cardId, type, serial, content) VALUES ('14419_22', 0, 2, 'Rangi ya chungwa');
INSERT INTO `cardExtra` (cardId, type, serial, content) VALUES ('14419_22', 0, 3, 'Buluu');
INSERT INTO `card` (id, type, title, header, content, option) VALUES ('14419_31', 0, 'Unahitaji simu ngapi?', 'assets/topic/asb/10053.png', NULL, 'open');
INSERT INTO `cardExtra` (cardId, type, serial, content) VALUES ('14419_31', 0, 1, 'Moja');
INSERT INTO `cardExtra` (cardId, type, serial, content) VALUES ('14419_31', 0, 2, 'Mbili');
INSERT INTO `cardExtra` (cardId, type, serial, content) VALUES ('14419_31', 0, 3, 'Tatu');
INSERT INTO `cardExtra` (cardId, type, serial, content) VALUES ('14419_31', 0, 4, 'Nne');
INSERT INTO `card` (id, type, title, header, content, option) VALUES ('21610', 2, 'Biantaka na chungu kilichokufa', 'assets/topic/asb/14436.png', 'Ursula Nafula
Emily Berg', 'FFB3C8FF');
INSERT INTO `card` (id, type, title, header, content, option) VALUES ('21610_3', 3, NULL, 'assets/topic/asb/14435.png', 'Hapo zamani za kale, kulikuwa na mwanamme aliyeitwa Biantaka. Alikuwa na ng''ombe. Kila siku Biantaka alimlisha ng''ombe wake na kumpa maji. Alikuwa na chungu kidogo alichotumia kuchota maji.', NULL);
INSERT INTO `card` (id, type, title, header, content, option) VALUES ('21610_4', 3, NULL, 'assets/topic/asb/14436.png', 'Siku moja, Biantaka alimwendea jirani yake kumuomba chungu kikubwa ili akitumie kuchota maji. Jirani yake alikubali kumwazima Biantaka chungu kikubwa. Alisema, "Tatizo la jirani yangu ni tatizo langu."', NULL);
INSERT INTO `card` (id, type, title, header, content, option) VALUES ('21610_5', 3, NULL, 'assets/topic/asb/13193.png', 'Siku chache baadaye, Biantaka alienda kwa mfinyanzi akanunua chungu kidogo. Alipofika nyumbani, alikiweka ndani ya kile chungu kikubwa alichomuomba jirani yake.', NULL);
INSERT INTO `card` (id, type, title, header, content, option) VALUES ('21610_6', 3, NULL, 'assets/topic/asb/13194.png', 'Alijitwika chungu kikubwa kilichokuwa na kile kidogo ndani yake. Akaenda moja kwa moja hadi kwa jirani yake aliyemwazima.', NULL);
INSERT INTO `card` (id, type, title, header, content, option) VALUES ('21610_7', 3, NULL, 'assets/topic/asb/14440.png', 'Biantaka alimwambia, "Nimekurejeshea chungu chako ambacho kimezaa kingine." Jirani alishangaa kwamba chungu chake kilikuwa kimezaa chungu kingine. Alimpongeza Biantaka akisema, "Umebarikiwa sana."', NULL);
INSERT INTO `card` (id, type, title, header, content, option) VALUES ('21610_8', 3, NULL, 'assets/topic/asb/14437.png', 'Baada ya muda, Biantaka alirudi kwa jirani yake kumuomba chungu tena. Mara hii, kakuwa na nia nzuri.', NULL);
INSERT INTO `card` (id, type, title, header, content, option) VALUES ('21610_9', 3, NULL, 'assets/topic/asb/14447.png', 'Mwenye chungu alimsubiri Biantaka arejeshe chungu chake bila mafanikio. Mwishowe, alikwenda nyumbani kwa Biantaka akasema, "Nimekuja kukichukuwa chungu changu."', NULL);
INSERT INTO `card` (id, type, title, header, content, option) VALUES ('21610_10', 3, NULL, 'assets/topic/asb/14446.png', 'Biantaka alimwambia jirani yake, "Rafiki yangu, chungu chetu kilifariki. Nilikusudia kuja kukuletea ujumbe huo mbaya."', NULL);
INSERT INTO `card` (id, type, title, header, content, option) VALUES ('21610_11', 3, NULL, 'assets/topic/asb/14448.png', 'Kwa mshangao, Jirani aliruka juu. Uso wake ulianza kufura kwa hasira. Alipiga kelele akimkemea Biantaka, "Sijawahi kusikia kuwa chungu kinafariki!"', NULL);
INSERT INTO `card` (id, type, title, header, content, option) VALUES ('21610_12', 3, NULL, 'assets/topic/asb/14450.png', 'Biantaka alimjibu, "Rafiki yangu, lazima uyakubali mambo haya. Kila kitu kinachozaa lazima pia kifariki. Mimi pia nilihuzunika sana kufuatia kifo cha chungu chako kikubwa."', NULL);
INSERT INTO `card` (id, type, title, header, content, option) VALUES ('21610_13', 3, NULL, 'assets/topic/asb/14449.png', 'Jirani alifoka kwa hasira akaenda kortini kumshtaki Biantaka. Hakimu alisikiliza maelezo ya pande zote mbili. Aliamua kuwa jirani mwenye chungu ndiye aliyekuwa na makosa.', NULL);
INSERT INTO `card` (id, type, title, header, content, option) VALUES ('21610_14', 3, NULL, 'assets/topic/asb/14451.png', 'Hakimu alimwuliza, "Biantaka alipokwambia kuwa chungu chako kilizaa, ulikubali. Kwa hivyo unapaswa kukubali anaposema kwamba kila kiumbe hai kinachozaa lazima kifariki kwa kuwa anasema ukweli." Hivyo ndivyo hakimu alivyoamua kesi hiyo.', NULL);
INSERT INTO `card` (id, type, title, header, content, option) VALUES ('21610_15', 3, NULL, 'assets/topic/asb/14452.png', 'Jirani alitembea polepole kama konokono akarudi nyumbani. Alikuwa amekipoteza chungu chake kikubwa. Naye Biantaka alikuwa amekipata chungu kikubwa kwa kutumia ujanja wake.', NULL);
INSERT INTO `card` (id, type, title, header, content, option) VALUES ('21610_16', 3, NULL, NULL, 'You are free to download, copy, translate or adapt this story and use the illustrations as long as you attribute in the following way:
Biantaka na chungu kilichokufa
Author -
Peter Kisakye
Translation -
Ursula Nafula
Illustration -
Emily Berg
Language -
Kiswahili
Level -
First paragraphs
© Text: Uganda Community Libraries Association (Ugcla) Artwork: African Storybook Initiative 2015
Creative Commons: Attribution 4.0
Source
www.africanstorybook.org
Original source
http://ugcla.org', NULL);
INSERT INTO `card` (id, type, title, header, content, option) VALUES ('21610_17', 1, 'Chora chungu kikubwa na ukirembe.', 'assets/topic/21610.svg', NULL, NULL);
INSERT INTO `cardExtra` (cardId, type, serial, content) VALUES ('21610_17', 2, 1, 'assets/topic/21610.svg');
INSERT INTO `card` (id, type, title, header, content, option) VALUES ('21610_18', 0, 'Byantaka alikua na mnyama gani?', NULL, NULL, 'oneAtATime');
INSERT INTO `cardExtra` (cardId, type, serial, content) VALUES ('21610_18', 1, 1, 'Ngómbe');
INSERT INTO `cardExtra` (cardId, type, serial, content) VALUES ('21610_18', 0, 1, 'Mbwa');
INSERT INTO `cardExtra` (cardId, type, serial, content) VALUES ('21610_18', 0, 2, 'Paka');
INSERT INTO `cardExtra` (cardId, type, serial, content) VALUES ('21610_18', 0, 3, 'Tumbili');
INSERT INTO `card` (id, type, title, header, content, option) VALUES ('21610_23', 0, 'Byantaka alimdanganya jirani yake kuhusu chungu.', NULL, NULL, 'oneAtATime');
INSERT INTO `cardExtra` (cardId, type, serial, content) VALUES ('21610_23', 1, 1, 'Kweli.');
INSERT INTO `cardExtra` (cardId, type, serial, content) VALUES ('21610_23', 0, 1, 'Si kweli.');
INSERT INTO `card` (id, type, title, header, content, option) VALUES ('21610_26', 0, 'Ukiwa na tatizo unamwambia nani?', 'assets/topic/asb/14436.png', NULL, 'open');
INSERT INTO `cardExtra` (cardId, type, serial, content) VALUES ('21610_26', 0, 1, 'Mama');
INSERT INTO `cardExtra` (cardId, type, serial, content) VALUES ('21610_26', 0, 2, 'Mwalimu');
INSERT INTO `cardExtra` (cardId, type, serial, content) VALUES ('21610_26', 0, 3, 'Jaji');
INSERT INTO `cardExtra` (cardId, type, serial, content) VALUES ('21610_26', 0, 4, 'Polisi');
INSERT INTO `card` (id, type, title, header, content, option) VALUES ('31503', 2, 'Biashara ya Akoro ya ndizi', 'assets/topic/asb/13467.png', 'Ursula  Nafula
Atilabachew Reda and Natalie Propa', 'FF9DEDE3');
INSERT INTO `card` (id, type, title, header, content, option) VALUES ('31503_3', 3, NULL, 'assets/topic/asb/10070.png', 'Akoro ni mumewe Chichi. Wanaishi katika kijiji kiitwacho Kanam katika Kaunti ya Turkana. Akoro ana bustani ya ndizi inayompatia mazao mazuri.', NULL);
INSERT INTO `card` (id, type, title, header, content, option) VALUES ('31503_4', 3, NULL, 'assets/topic/asb/13459.png', 'Siku moja kabla jua kuwa kali, Akoro aliondoka akiwa amebeba kreti ya ndizi mbivu kichwani kwake. Alitembea kwa ujasiri akielekea sokoni Kilindo, umbali wa kilomita moja kutoka nyumbani kwake.', NULL);
INSERT INTO `card` (id, type, title, header, content, option) VALUES ('31503_5', 3, NULL, 'assets/topic/asb/13460.png', 'Njiani, wanaume na wanawake wa umri wake walimtazama kwa mshangao. Baadhi yao hata walimcheka kwa sauti, "Bila shaka Akoro amerogwa. Anawezaje kufanya kazi kama hii? Wanaume kutoka jamii yetu hawauzi ndizi!" Lakini, Akoro hakujali. Alikuwa ameamua na angefanya kwa bidii kazi yoyote.', NULL);
INSERT INTO `card` (id, type, title, header, content, option) VALUES ('31503_6', 3, NULL, 'assets/topic/asb/13462.png', 'Alipowasili sokoni tu, Akoro alizipanga ndizi zake kisha akaketi karibu nazo akisubiri wateja. Alijiuliza, "Je, kuna yeyote atakayezinunua ndizi zangu?"', NULL);
INSERT INTO `card` (id, type, title, header, content, option) VALUES ('31503_7', 3, NULL, 'assets/topic/asb/13466.png', 'Dakika chache baadaye, mwanamke aliyevalia rinda la  kizambarau, alisimama karibu na kibanda cha Akoro. "Ndizi kilo moja inagharimu pesa ngapi?" mwanamke yule aliuliza. "Shilingi hamsini, dadangu," Akoro alimjibu kwa heshima.', NULL);
INSERT INTO `card` (id, type, title, header, content, option) VALUES ('31503_8', 3, NULL, 'assets/topic/asb/13465.png', 'Mwanamke yule akasema, "Tafadhali nifungie kilo moja na nusu." Aliendelea kusema, "Lazima unipunguzie bei." Akoro akamjibu, "Hakuna shida dadangu, nitapunguza shilingi kumi. Wewe ni mteja wangu wa kwanza." Akoro alimpatia mwanamke yule ndizi zake.', NULL);
INSERT INTO `card` (id, type, title, header, content, option) VALUES ('31503_9', 3, NULL, 'assets/topic/asb/13464.png', 'Akoro alianza kufurahia biashara yake. Wanunuzi walivutiwa na ndizi zilizopendeza na maneno ya Akoro matamu.', NULL);
INSERT INTO `card` (id, type, title, header, content, option) VALUES ('31503_10', 3, NULL, 'assets/topic/asb/13463.png', 'Ilipofika adhuhuri, Akoro alikuwa amechoka kusimama. Alitafuta kigoda akakalia akaendelea kuuza ndizi zake. Mwanamke aliyevalia rinda la bluu, alinunua ndizi nyingi. Waliomcheka Akoro, walianza kushangaa jinsi biashara yake ya ndizi ilivyonawiri.', NULL);
INSERT INTO `card` (id, type, title, header, content, option) VALUES ('31503_11', 3, NULL, 'assets/topic/asb/13468.png', 'Ilipotimia saa tisa alasiri, Akoro alijitayarisha kuuza ndizi zake za mwisho. Aliwapa ndizi mbili mbili wanaume walioketi naye wakati huo wote. Walimtumbuiza kwa hadithi tamu alipowasubiri wateja. Akoro aliuza ndizi za mwisho kwa mwanamke mmoja aliyekuwa akienda nyumbani kutoka kazini.', NULL);
INSERT INTO `card` (id, type, title, header, content, option) VALUES ('31503_12', 3, NULL, 'assets/topic/asb/13470.png', 'Jioni, Akoro alikwenda nyumbani akiwa amebeba kreti tupu kichwani kwake. Alipotembea, aliimba wimbo wa furaha huku akijivunia kazi aliyokuwa amefanya siku hiyo. Aliwaza, "Kufanya bidii kwa dhati ni jambo muhimu maishani."', NULL);
INSERT INTO `card` (id, type, title, header, content, option) VALUES ('31503_13', 3, NULL, 'assets/topic/asb/13469.png', 'Alipokaribia nyumbani, Akoro aliinunulia familiia yake unga wa mahindi, mafuta ya mboga, chai, sukari na mkate. Kisha alienda nyumbani kwa furaha. Mawazo yake yalijaa mipango ya kuipanua biashara yake ya ndizi.', NULL);
INSERT INTO `card` (id, type, title, header, content, option) VALUES ('31503_14', 3, NULL, NULL, 'You are free to download, copy, translate or adapt this story and use the illustrations as long as you attribute in the following way:
Biashara ya Akoro ya ndizi
Author -
Mele Joab
Translation -
Ursula  Nafula
Illustration -
Atilabachew Reda and Natalie Propa
Language -
Kiswahili
Level -
Longer paragraphs
© Creative Commons Attribution (Cc-By 4.0) 2015
Creative Commons: Attribution 4.0
Source
www.africanstorybook.org', NULL);
INSERT INTO `card` (id, type, title, header, content, option) VALUES ('31503_15', 1, 'Chora mti wa ndizi.', 'assets/topic/31503.svg', NULL, NULL);
INSERT INTO `cardExtra` (cardId, type, serial, content) VALUES ('31503_15', 2, 1, 'assets/topic/31503.svg');
INSERT INTO `card` (id, type, title, header, content, option) VALUES ('31503_16', 0, 'Akro alipanda tunda gani kwenye bustani yake?', NULL, NULL, 'oneAtATime');
INSERT INTO `cardExtra` (cardId, type, serial, content) VALUES ('31503_16', 1, 1, 'Ndizi.');
INSERT INTO `cardExtra` (cardId, type, serial, content) VALUES ('31503_16', 0, 1, 'Embe.');
INSERT INTO `cardExtra` (cardId, type, serial, content) VALUES ('31503_16', 0, 2, 'Chungwa');
INSERT INTO `cardExtra` (cardId, type, serial, content) VALUES ('31503_16', 0, 3, 'Tufaa');
INSERT INTO `card` (id, type, title, header, content, option) VALUES ('31503_21', 0, 'Ndizi mbivu na maneno yake matamu yalimfanya kila mpita njia atake kujaribu ladha ya ndizi.', NULL, NULL, 'oneAtATime');
INSERT INTO `cardExtra` (cardId, type, serial, content) VALUES ('31503_21', 1, 1, 'Kweli.');
INSERT INTO `cardExtra` (cardId, type, serial, content) VALUES ('31503_21', 0, 1, 'Si kweli.');
INSERT INTO `card` (id, type, title, header, content, option) VALUES ('31503_24', 0, 'Unapendelea kununua nini sokoni?', 'assets/topic/asb/13467.png', NULL, 'open');
INSERT INTO `cardExtra` (cardId, type, serial, content) VALUES ('31503_24', 0, 1, 'Ndizi Mbivu');
INSERT INTO `cardExtra` (cardId, type, serial, content) VALUES ('31503_24', 0, 2, 'Mafuta');
INSERT INTO `cardExtra` (cardId, type, serial, content) VALUES ('31503_24', 0, 3, 'Sukari');
INSERT INTO `cardExtra` (cardId, type, serial, content) VALUES ('31503_24', 0, 4, 'Chai');
INSERT INTO `card` (id, type, title, header, content, option) VALUES ('19110', 2, 'Bibi atusimulia hadithi', 'assets/topic/asb/18842.png', 'Ursula Nafula
Marleen Visser', 'FFCFB5DD');
INSERT INTO `card` (id, type, title, header, content, option) VALUES ('19110_3', 3, NULL, 'assets/topic/asb/18819.png', 'Sote tulikuwa tumekusanyika nyumbani kwa bibi kuzisikiliza hadithi zake. Usiku huo, tulikuwa tumeketi karibu na meko bibi alipoanza kutusimulia hadithi:
Sungura na Tembo walikuwa majirani waliokuwa marafiki pia.', NULL);
INSERT INTO `card` (id, type, title, header, content, option) VALUES ('19110_4', 3, NULL, 'assets/topic/asb/18831.png', 'Sungura alikuwa akipenda uyoga, lakini alikuwa mvivu sana. Alizoea kuiba uyoga wa Tembo. Mwaka huo, Tembo alipanda ndizi na maboga. Kwa hivyo, Sungura hakupata uyoga.', NULL);
INSERT INTO `card` (id, type, title, header, content, option) VALUES ('19110_5', 3, NULL, 'assets/topic/asb/18832.png', 'Sungura alikosa chakula kwa siku nyingi akaamua kuiba ndizi za Tembo. Tembo aligundua kwamba ndizi zake zilikuwa zikiibwa. Alimwendea Sungura na kusema, "Kuna mtu fulani ananiibia."', NULL);
INSERT INTO `card` (id, type, title, header, content, option) VALUES ('19110_6', 3, NULL, 'assets/topic/asb/18833.png', 'Sungura aliuliza, "Anaweza kuwa nani anayekuibia?" Tembo alianza kuimba, "Nitamshika mwizi! Aaa! Nitamshika mwizi! Ooo!" Sungura alikuwa na wasiwasi sana.', NULL);
INSERT INTO `card` (id, type, title, header, content, option) VALUES ('19110_7', 3, NULL, 'assets/topic/asb/18834.png', 'Tembo alimwuliza Kima kumchungia shamba lake. Lakini, Sungura hakuiba mchana wala usiku huo. Hakuiba siku iliyofuata wala usiku uliofuata. Kima alichoka kuchunga akarudi nyumbani.', NULL);
INSERT INTO `card` (id, type, title, header, content, option) VALUES ('19110_8', 3, NULL, 'assets/topic/asb/18835.png', 'Siku iliyofuata, Sungura alienda shambani kwa Tembo kuiba tena. Tembo alipoenda kukagua mimea yake,  Sungura alijificha katika matawi ya maboga.', NULL);
INSERT INTO `card` (id, type, title, header, content, option) VALUES ('19110_9', 3, NULL, 'assets/topic/asb/18836.png', 'Tembo aliyaona matawi yakitingika akaanza kuimba, "Nimemshika mwizi! Aaa! Nimemshika mwizi! Ooo!" Tembo alitafuta kila mahali lakini hakumpata mwizi.', NULL);
INSERT INTO `card` (id, type, title, header, content, option) VALUES ('19110_10', 3, NULL, 'assets/topic/asb/18837.png', 'Siku moja, Sungura alipokuwa akila mazao ya Tembo shambani, Tembo aliwasili. Sungura aliruka na kujificha ndani ya boga moja kubwa.', NULL);
INSERT INTO `card` (id, type, title, header, content, option) VALUES ('19110_11', 3, NULL, 'assets/topic/asb/18839.png', 'Tembo aliliona lile boga kubwa akasema, "Ooo! Hapa kuna boga kubwa. Litakuwa chakula changu cha mchana." Alilimeza papo hapo!', NULL);
INSERT INTO `card` (id, type, title, header, content, option) VALUES ('19110_12', 3, NULL, 'assets/topic/asb/18840.png', 'Sungura alijaribu kuruka kutoka ndani ya lile boga, lakini hakuweza. Tembo alipohisi kitu kikiruka tumboni mwake, alijiuliza, "Hili ni boga aina gani linaloruka tumboni mwangu?"', NULL);
INSERT INTO `card` (id, type, title, header, content, option) VALUES ('19110_13', 3, NULL, 'assets/topic/asb/18841.png', 'Tembo alilitema nje lile boga. Kabla kulikagua,  Sungura alijitosa nje ya lile boga akatoroka. Tembo hakuwahi kumshika mwizi.', NULL);
INSERT INTO `card` (id, type, title, header, content, option) VALUES ('19110_14', 3, NULL, 'assets/topic/asb/18842.png', 'Bibi alisema, "Na huo ndio mwisho wa hadithi." "Asante bibi," tulimjibu pamoja. Tuliviweka vikombe vyetu vya maziwa, kisha tukaenda kulala tukiwaza juu ya hadithi hiyo ya bibi.', NULL);
INSERT INTO `card` (id, type, title, header, content, option) VALUES ('19110_15', 3, NULL, NULL, 'You are free to download, copy, translate or adapt this story and use the illustrations as long as you attribute in the following way:
Bibi atusimulia hadithi
Author -
Mutai Chepkoech
Translation -
Ursula Nafula
Illustration -
Marleen Visser
Language -
Kiswahili
Level -
First paragraphs
© African Storybook Initiative 2016
Creative Commons: Attribution 4.0
Source
www.africanstorybook.org', NULL);
INSERT INTO `card` (id, type, title, header, content, option) VALUES ('19110_16', 1, 'Chora boga na ulirembe.', 'assets/topic/19110.svg', NULL, NULL);
INSERT INTO `cardExtra` (cardId, type, serial, content) VALUES ('19110_16', 2, 1, 'assets/topic/19110.svg');
INSERT INTO `card` (id, type, title, header, content, option) VALUES ('19110_17', 0, 'Sungura alikua mwizi.', NULL, NULL, 'oneAtATime');
INSERT INTO `cardExtra` (cardId, type, serial, content) VALUES ('19110_17', 1, 1, 'Kweli.');
INSERT INTO `cardExtra` (cardId, type, serial, content) VALUES ('19110_17', 0, 1, 'Si kweli.');
INSERT INTO `card` (id, type, title, header, content, option) VALUES ('19110_20', 0, 'Tembo alimuweka nani amlindie shamba lake?', NULL, NULL, 'oneAtATime');
INSERT INTO `cardExtra` (cardId, type, serial, content) VALUES ('19110_20', 1, 1, 'Tumbili.');
INSERT INTO `cardExtra` (cardId, type, serial, content) VALUES ('19110_20', 0, 1, 'Punda');
INSERT INTO `cardExtra` (cardId, type, serial, content) VALUES ('19110_20', 0, 2, 'Sungura');
INSERT INTO `cardExtra` (cardId, type, serial, content) VALUES ('19110_20', 0, 3, 'Mbwa');
INSERT INTO `card` (id, type, title, header, content, option) VALUES ('19110_25', 0, 'Utajilindaje na wezi?', 'assets/topic/asb/18842.png', NULL, 'open');
INSERT INTO `cardExtra` (cardId, type, serial, content) VALUES ('19110_25', 0, 1, 'Kwa fimbo');
INSERT INTO `cardExtra` (cardId, type, serial, content) VALUES ('19110_25', 0, 2, 'Kwa mawe');
INSERT INTO `cardExtra` (cardId, type, serial, content) VALUES ('19110_25', 0, 3, 'Kwa kujificha');
INSERT INTO `cardExtra` (cardId, type, serial, content) VALUES ('19110_25', 0, 4, 'kwa kupiga kelele');
INSERT INTO `card` (id, type, title, header, content, option) VALUES ('20431', 2, 'Binti mpendwa', 'assets/topic/asb/18758.png', 'Brigid Simiyu
Brian Wambi', 'FFB3C8FF');
INSERT INTO `card` (id, type, title, header, content, option) VALUES ('20431_3', 3, NULL, 'assets/topic/asb/18757.png', 'Huyu ni Natabo.
Ana ndugu sita wa kiume.', NULL);
INSERT INTO `card` (id, type, title, header, content, option) VALUES ('20431_4', 3, NULL, 'assets/topic/asb/18758.png', 'Wazazi wake walimpatia chungu kidogo.
Alikipenda sana.', NULL);
INSERT INTO `card` (id, type, title, header, content, option) VALUES ('20431_5', 3, NULL, 'assets/topic/asb/18759.png', 'Siku moja, ndugu zake walikivunja chungu hicho.', NULL);
INSERT INTO `card` (id, type, title, header, content, option) VALUES ('20431_6', 3, NULL, 'assets/topic/asb/18760.png', 'Natabo hakukiona chungu chake.
Alilia kwa muda mrefu.', NULL);
INSERT INTO `card` (id, type, title, header, content, option) VALUES ('20431_7', 3, NULL, 'assets/topic/asb/18761.png', 'Natabo alitoroka nyumbani.
Alipanda mti mrefu.', NULL);
INSERT INTO `card` (id, type, title, header, content, option) VALUES ('20431_8', 3, NULL, 'assets/topic/asb/18762.png', 'Wazazi wake walimsihi, "Tafadhali, shuka chini."', NULL);
INSERT INTO `card` (id, type, title, header, content, option) VALUES ('20431_9', 3, NULL, 'assets/topic/asb/18763.png', 'Ndugu zake waliimba, "Tafadhali, shuka chini."', NULL);
INSERT INTO `card` (id, type, title, header, content, option) VALUES ('20431_10', 3, NULL, 'assets/topic/asb/18764.png', 'Natabo aliufanyia mzaha wimbo wao.', NULL);
INSERT INTO `card` (id, type, title, header, content, option) VALUES ('20431_11', 3, NULL, 'assets/topic/asb/18765.png', 'Naye rafiki ya Natabo akaimba, "Tafadhali, shuka chini."', NULL);
INSERT INTO `card` (id, type, title, header, content, option) VALUES ('20431_12', 3, NULL, 'assets/topic/asb/18766.png', 'Rafiki yake aliimba mpaka Natabo akashuka chini.', NULL);
INSERT INTO `card` (id, type, title, header, content, option) VALUES ('20431_13', 3, NULL, 'assets/topic/asb/18767.png', 'Marafiki hao walienda nyumbani pamoja.', NULL);
INSERT INTO `card` (id, type, title, header, content, option) VALUES ('20431_14', 3, NULL, 'assets/topic/asb/18768.png', 'Walisherehekea.
Natabo alipata chungu kipya!', NULL);
INSERT INTO `card` (id, type, title, header, content, option) VALUES ('20431_15', 3, NULL, NULL, 'You are free to download, copy, translate or adapt this story and use the illustrations as long as you attribute in the following way:
Binti mpendwa
Author -
Ritah Katetemera and Mulongo Bukheye
Translation -
Brigid Simiyu
Illustration -
Brian Wambi
Language -
Kiswahili
Level -
First words
© African Storybook Initiative 2016
Creative Commons: Attribution 4.0
Source
www.africanstorybook.org', NULL);
INSERT INTO `card` (id, type, title, header, content, option) VALUES ('20431_16', 1, 'Chora sherehe', 'assets/topic/20431.svg', NULL, NULL);
INSERT INTO `cardExtra` (cardId, type, serial, content) VALUES ('20431_16', 2, 1, 'assets/topic/20431.svg');
INSERT INTO `card` (id, type, title, header, content, option) VALUES ('20431_17', 0, 'Mwanaume na mke wake walikua na watoto wangapi?', NULL, NULL, 'oneAtATime');
INSERT INTO `cardExtra` (cardId, type, serial, content) VALUES ('20431_17', 1, 1, 'Saba');
INSERT INTO `cardExtra` (cardId, type, serial, content) VALUES ('20431_17', 0, 1, 'Sita');
INSERT INTO `cardExtra` (cardId, type, serial, content) VALUES ('20431_17', 0, 2, 'Mmoja');
INSERT INTO `cardExtra` (cardId, type, serial, content) VALUES ('20431_17', 0, 3, 'Watano');
INSERT INTO `card` (id, type, title, header, content, option) VALUES ('20431_22', 0, 'Mwnaume na mke wake, kwa pamoja walimpenda mtoto wa kike zaidi.', NULL, NULL, 'oneAtATime');
INSERT INTO `cardExtra` (cardId, type, serial, content) VALUES ('20431_22', 1, 1, 'Kweli.');
INSERT INTO `cardExtra` (cardId, type, serial, content) VALUES ('20431_22', 0, 1, 'Si kweli.');
INSERT INTO `card` (id, type, title, header, content, option) VALUES ('20431_25', 0, 'Uitajisikiaje kama mtu akivunja vitu vyako?', 'assets/topic/asb/18758.png', NULL, 'open');
INSERT INTO `cardExtra` (cardId, type, serial, content) VALUES ('20431_25', 0, 1, 'Ntarahi sana');
INSERT INTO `cardExtra` (cardId, type, serial, content) VALUES ('20431_25', 0, 2, 'Ntachoka');
INSERT INTO `cardExtra` (cardId, type, serial, content) VALUES ('20431_25', 0, 3, 'Ntakasirika');
INSERT INTO `cardExtra` (cardId, type, serial, content) VALUES ('20431_25', 0, 4, 'Ntahuzunika');
INSERT INTO `card` (id, type, title, header, content, option) VALUES ('12899', 2, 'Binti wa Mflame Kayanja', 'assets/topic/asb/10069.png', 'Brigid Simiyu
Natalie Propa', 'FF9DEDE3');
INSERT INTO `card` (id, type, title, header, content, option) VALUES ('12899_3', 3, NULL, 'assets/topic/asb/10074.png', 'Hapo zamani za kale, aliishi Mfalme kwa jina Kayanja. Waliishi katika kasri kubwa yeye, mkewe malkia na Apenyo binti yao. Apenyo alikuwa msichana mrembo. Kila mwanmme alitaka kumwoa,  lakini mfalme Kayanja alitaka mahari ya juu sana.', NULL);
INSERT INTO `card` (id, type, title, header, content, option) VALUES ('12899_4', 3, NULL, 'assets/topic/asb/10063.png', 'Karibu na kasri la mfalme Kayanja, aliishi Chifu Aludah Mkuu. Aliitwa ''Mkuu'' kwa sababu kila aliyeishi pale kijijini, alimtii. Chifu Aludah alikuwa amempoteza mkewe kutokana na ugonjwa wa malaria. Alitaka kuoa mke mwingine.', NULL);
INSERT INTO `card` (id, type, title, header, content, option) VALUES ('12899_5', 3, NULL, 'assets/topic/asb/10064.png', 'Chifu Aludah alikuwa mzee mfupi mwenye upara. Aliamua kupeleka mahari kwa Mfalme Kayanja ili amwoe bintiye. Walipokuwa wakijadili mahari,  kijakazi wa Mfalme, kwa jina Kakembo, aliyasikia mazungumzo yao. Kakembo alikuwa na uhusiano wa karibu sana na Apenyo.', NULL);
INSERT INTO `card` (id, type, title, header, content, option) VALUES ('12899_6', 3, NULL, 'assets/topic/asb/10065.png', 'Chifu Aludah alikubali kumpa Mfalme Kayanja nusu ya mali yake. Pia alileta sindano ambayo ilikuwa sehemu ya mahari aliyoleta. Matayarisho ya harusi yalifanywa kisisrisiri baina ya Mfalme Kayanja na Chifu Aludah. Mfalme Kayanja alijua kwamba bintiye hangefurahia uamuzi huo.', NULL);
INSERT INTO `card` (id, type, title, header, content, option) VALUES ('12899_7', 3, NULL, 'assets/topic/asb/10066.png', 'Juma moja kabla ya siku ya harusi hiyo ya kifalme,  Kakembo alimwambia Apenyo, "Mpendwa binti-mfalme, babako amepanga kukuoza kwa Chifu Aludah. Harusi itafanyika katika muda wa juma moja."', NULL);
INSERT INTO `card` (id, type, title, header, content, option) VALUES ('12899_8', 3, NULL, 'assets/topic/asb/10067.png', 'Apenyo alishtuka asijue la kufanya. Aliwaza, "Kamwe sitaolewa na yule mzee mwenye upara. Kamwe! Lazima nimwone Trevor, mpenzi wangu, achukue hatua bila kupoteza muda."', NULL);
INSERT INTO `card` (id, type, title, header, content, option) VALUES ('12899_9', 3, NULL, 'assets/topic/asb/10069.png', 'Usiku huo Apenyo alitoroka. Babake angegundua alikokuwa akienda angekasirika sana. Alipitia kwenye msitu wa giza wenye mawe. Mwishowe, akafika kwa Trevor. Alipowasili nyumbani kwa Trevor, alikuwa amechoka, mwenye njaa na kiu.', NULL);
INSERT INTO `card` (id, type, title, header, content, option) VALUES ('12899_10', 3, NULL, 'assets/topic/asb/10070.png', 'Trevor alimkaribisha. "Mpenzi wangu, mbona ukakimbia umbali huu peke yako usiku?" Trevor aliuliza. Alimletea maji ya kunywa kisha akatulia kumsubiri Apenyo aongee.', NULL);
INSERT INTO `card` (id, type, title, header, content, option) VALUES ('12899_11', 3, NULL, 'assets/topic/asb/10071.png', 'Apenyo alikunywa maji, akashusha pumzi na kusema, "Babangu anataka kunioza kwa chifu Aludah Mkuu. Lakini, siwezi kuolewa na yule mzee mwovu. Trevor, ningependa kuolewa nawe hata kama wewe ni maskini. Ninakupenda."', NULL);
INSERT INTO `card` (id, type, title, header, content, option) VALUES ('12899_12', 3, NULL, 'assets/topic/asb/10072.png', '"Lakini sina chochote cha kulipia mahari." Trevor alilalama. Apenyo alijibu, "Naelewa, lakini nataka kuolewa na wewe tu." Aliwaza kwa muda kisha akasema, "Hebu twende kwa Kategga, mwenye mashua, atuvushe hadi upande mwingine wa mto tumuepuke babangu."', NULL);
INSERT INTO `card` (id, type, title, header, content, option) VALUES ('12899_13', 3, NULL, 'assets/topic/asb/10211.png', 'Mfalme Kayanja alipogundua kuwa bintiye ametoweka, aliamuru msako ufanywe kijijini. Walinzi na askari walimtafuta Apenyo kila mahali lakini hawakumpata. Walirudi na kumwambia Mfalme kwamba Apenyo hakuonekana popote. "Basi tafuteni pia vichakani," Mfalme Kayanja aliamrisha kwa hasira.', NULL);
INSERT INTO `card` (id, type, title, header, content, option) VALUES ('12899_14', 3, NULL, 'assets/topic/asb/10075.png', 'Trevor na Apenyo walipokuwa wakiharakisha kwenda mtoni, mawingu meusi yalianza kukusanyika angani. Dhoruba kubwa ilikuwa inakaribia.', NULL);
INSERT INTO `card` (id, type, title, header, content, option) VALUES ('12899_15', 3, NULL, 'assets/topic/asb/10076.png', 'Kategga, mwenye mashua, alikuwa anafunga mashua yake Trevor na Apenyo walipofika. Trevor alimwmomba Kategga awavukishe hadi ng''ambo ya pili ya mto. Kategga alikataa akawaelezea kwamba dhoruba kali ilikuwa inakaribia na ingekuwa hatari kuvuka.', NULL);
INSERT INTO `card` (id, type, title, header, content, option) VALUES ('12899_16', 3, NULL, 'assets/topic/asb/10077.png', 'Trevor alisizitiza huku akimwelezea kwa nini itawalazimu kuvuka  wakati huo. Alitia mkono mfukoni na kutoa kete yenye thamani na kumpa Kategga. Kategga aliwaonea huruma akakubali kuwavusha haraka kabla ya dhoruba.', NULL);
INSERT INTO `card` (id, type, title, header, content, option) VALUES ('12899_17', 3, NULL, 'assets/topic/asb/10078.png', 'Kategga aliivuta mashua ukingoni. Wakaabiri na kuanza safari. Mfalme Kayanja na Chifu Aludah walipofika ufukweni, waliowaona watu watatu mashuani wakivuka. Wakatambua kwamba Apenyo alikuwa anatoroka.', NULL);
INSERT INTO `card` (id, type, title, header, content, option) VALUES ('12899_18', 3, NULL, 'assets/topic/asb/10079.png', 'Dhoruba kali ilisababisha mawimbi makubwa. Kategga alishindwa kudhibiti mashua. Mfalme alilia, "Apenyo, tafadhali rudi! Nimewasamehe." Mayowe yake yalikuwa ya bure. Mashua ilipinduka wote wakazama. Tangu siku hiyo, walioishi katika ufalme wa Kayanja, walimwoa waliyemtaka, tajiri au maskini.', NULL);
INSERT INTO `card` (id, type, title, header, content, option) VALUES ('12899_19', 3, NULL, NULL, 'You are free to download, copy, translate or adapt this story and use the illustrations as long as you attribute in the following way:
Binti wa Mflame Kayanja
Author -
Amana Yunus
Translation -
Brigid Simiyu
Illustration -
Natalie Propa
Language -
Kiswahili
Level -
Longer paragraphs
© African Storybook Initiative 2014
Creative Commons: Attribution 4.0
Source
www.africanstorybook.org', NULL);
INSERT INTO `card` (id, type, title, header, content, option) VALUES ('12899_20', 1, 'Chora mashua ikiwa mtoni.', 'assets/topic/12899.svg', NULL, NULL);
INSERT INTO `cardExtra` (cardId, type, serial, content) VALUES ('12899_20', 2, 1, 'assets/topic/12899.svg');
INSERT INTO `card` (id, type, title, header, content, option) VALUES ('12899_21', 0, 'Apenyo alitaka kumuoa nani?', NULL, NULL, 'oneAtATime');
INSERT INTO `cardExtra` (cardId, type, serial, content) VALUES ('12899_21', 1, 1, 'Trevor');
INSERT INTO `cardExtra` (cardId, type, serial, content) VALUES ('12899_21', 0, 1, 'Aludah');
INSERT INTO `cardExtra` (cardId, type, serial, content) VALUES ('12899_21', 0, 2, 'Kategga');
INSERT INTO `cardExtra` (cardId, type, serial, content) VALUES ('12899_21', 0, 3, 'Hakuna');
INSERT INTO `card` (id, type, title, header, content, option) VALUES ('12899_26', 0, 'Katika ufalme wa Mfalme Kayanja, kila mtu aliweza kumuoa mtu aliyemtaka, tajiri au masikini.', NULL, NULL, 'oneAtATime');
INSERT INTO `cardExtra` (cardId, type, serial, content) VALUES ('12899_26', 1, 1, 'Kweli.');
INSERT INTO `cardExtra` (cardId, type, serial, content) VALUES ('12899_26', 0, 1, 'Si kweli.');
INSERT INTO `card` (id, type, title, header, content, option) VALUES ('12899_29', 0, 'Unatakua huru kufanya nini?', 'assets/topic/asb/10069.png', NULL, 'open');
INSERT INTO `cardExtra` (cardId, type, serial, content) VALUES ('12899_29', 0, 1, 'Kula kila kitu');
INSERT INTO `cardExtra` (cardId, type, serial, content) VALUES ('12899_29', 0, 2, 'Kumuoa kila mtu');
INSERT INTO `cardExtra` (cardId, type, serial, content) VALUES ('12899_29', 0, 3, 'Kucheza na kila mtu');
INSERT INTO `cardExtra` (cardId, type, serial, content) VALUES ('12899_29', 0, 4, 'Kwenda kila mahali');
INSERT INTO `card` (id, type, title, header, content, option) VALUES ('18417', 2, 'Chiriku', 'assets/topic/asb/9449.png', 'Ursula Nafula
Jesse Breytenbach', 'FFB3C8FF');
INSERT INTO `card` (id, type, title, header, content, option) VALUES ('18417_3', 3, NULL, 'assets/topic/asb/9393.png', 'Chiriku alionywa na mamake kutoongea sana.
Hakutii.', NULL);
INSERT INTO `card` (id, type, title, header, content, option) VALUES ('18417_4', 3, NULL, 'assets/topic/asb/9392.png', 'Shangazi ya Chiriku aliishi mbali.
Siku moja,alikuwa mgonjwa.', NULL);
INSERT INTO `card` (id, type, title, header, content, option) VALUES ('18417_5', 3, NULL, 'assets/topic/asb/9394.png', 'Chiriku alitumwa kumpelekea shangazi chakula.
Ilikuwa jioni.', NULL);
INSERT INTO `card` (id, type, title, header, content, option) VALUES ('18417_6', 3, NULL, 'assets/topic/asb/9395.png', 'Chiriku alikutana na Sinso.
Sinso alikuwa fisi aliyegeuka mtu.', NULL);
INSERT INTO `card` (id, type, title, header, content, option) VALUES ('18417_7', 3, NULL, 'assets/topic/asb/9448.png', 'Sinso alimwuliza alichobeba.
Chiriku alijibu, "Nimebeba nyama na mayai."', NULL);
INSERT INTO `card` (id, type, title, header, content, option) VALUES ('18417_8', 3, NULL, 'assets/topic/asb/9449.png', 'Aliongeza, "Ninampelekea shangazi mgonjwa."
Sinso alikitamani chakula.', NULL);
INSERT INTO `card` (id, type, title, header, content, option) VALUES ('18417_9', 3, NULL, 'assets/topic/asb/9450.png', 'Sinso alimpa kwaheri.
Alikimbia akajificha nyumbani kwa shangazi.', NULL);
INSERT INTO `card` (id, type, title, header, content, option) VALUES ('18417_10', 3, NULL, 'assets/topic/asb/9445.png', 'Sinso alimmeza shangazi.
Akajifunika blanketi lake.', NULL);
INSERT INTO `card` (id, type, title, header, content, option) VALUES ('18417_11', 3, NULL, 'assets/topic/asb/9447.png', 'Chiriku alipowasili, nyumba ilikuwa kimya.
Aliita, "Shangazi, uko wapi?"', NULL);
INSERT INTO `card` (id, type, title, header, content, option) VALUES ('18417_12', 3, NULL, 'assets/topic/asb/9446.png', 'Hakusikia sauti ya shangazi yake.
Alishangaa kuona umbo kubwa.', NULL);
INSERT INTO `card` (id, type, title, header, content, option) VALUES ('18417_13', 3, NULL, 'assets/topic/asb/9451.png', 'Aliuliza, "Mbona una masikio makubwa?"
Sinso alijibu, "Ili nikusikie."', NULL);
INSERT INTO `card` (id, type, title, header, content, option) VALUES ('18417_14', 3, NULL, 'assets/topic/asb/9452.png', 'Aliuliza tena, "Mbona una macho makubwa?"
Sinso alijibu, "Ili nikuone."', NULL);
INSERT INTO `card` (id, type, title, header, content, option) VALUES ('18417_15', 3, NULL, 'assets/topic/asb/9453.png', 'Mwisho aliuliza, "Mbona una mdomo mkubwa?"
Sinso alijibu, "Ili nikumeze."', NULL);
INSERT INTO `card` (id, type, title, header, content, option) VALUES ('18417_16', 3, NULL, 'assets/topic/asb/9522.png', 'Sinso alimmeza Chiriku.
Chiriku aliendelea kuuliza maswali akiwa tumboni.', NULL);
INSERT INTO `card` (id, type, title, header, content, option) VALUES ('18417_17', 3, NULL, 'assets/topic/asb/9523.png', 'Mwishoni, Sinso alichoka na maswali aliyouliza Chiriku.
Alimtema nje.', NULL);
INSERT INTO `card` (id, type, title, header, content, option) VALUES ('18417_18', 3, NULL, 'assets/topic/asb/9455.png', 'Chiriku na shangazi yake waliokolewa.
Chiriku alikoma kuongea ovyo.', NULL);
INSERT INTO `card` (id, type, title, header, content, option) VALUES ('18417_19', 3, NULL, NULL, 'You are free to download, copy, translate or adapt this story and use the illustrations as long as you attribute in the following way:
Chiriku
Author -
Gaspah Juma
Adaptation -
Ursula Nafula
Illustration -
Jesse Breytenbach
Language -
Kiswahili
Level -
First words
© African Storybook Initiative 2014
Creative Commons: Attribution 4.0
Source
www.africanstorybook.org', NULL);
INSERT INTO `card` (id, type, title, header, content, option) VALUES ('18417_20', 1, 'Mchore Fisi', 'assets/topic/18417.svg', NULL, NULL);
INSERT INTO `cardExtra` (cardId, type, serial, content) VALUES ('18417_20', 2, 1, 'assets/topic/18417.svg');
INSERT INTO `card` (id, type, title, header, content, option) VALUES ('18417_21', 0, 'Chiriku alikua msichana muongeaji sana', NULL, NULL, 'oneAtATime');
INSERT INTO `cardExtra` (cardId, type, serial, content) VALUES ('18417_21', 1, 1, 'Kweli.');
INSERT INTO `cardExtra` (cardId, type, serial, content) VALUES ('18417_21', 0, 1, 'Si kweli.');
INSERT INTO `card` (id, type, title, header, content, option) VALUES ('18417_24', 0, 'Sinso lilikua jina la nani?', NULL, NULL, 'oneAtATime');
INSERT INTO `cardExtra` (cardId, type, serial, content) VALUES ('18417_24', 1, 1, 'Fisi');
INSERT INTO `cardExtra` (cardId, type, serial, content) VALUES ('18417_24', 0, 1, 'Tumbili');
INSERT INTO `cardExtra` (cardId, type, serial, content) VALUES ('18417_24', 0, 2, 'Panya');
INSERT INTO `cardExtra` (cardId, type, serial, content) VALUES ('18417_24', 0, 3, 'Simba');
INSERT INTO `card` (id, type, title, header, content, option) VALUES ('18417_29', 0, 'Kutokana na story, tumejifunza kuwa tusiongee na ________________?', NULL, NULL, 'oneAtATime');
INSERT INTO `cardExtra` (cardId, type, serial, content) VALUES ('18417_29', 1, 1, 'Watu wasiojulikana.');
INSERT INTO `cardExtra` (cardId, type, serial, content) VALUES ('18417_29', 0, 1, 'Marafiki');
INSERT INTO `cardExtra` (cardId, type, serial, content) VALUES ('18417_29', 0, 2, 'Shangazi');
INSERT INTO `cardExtra` (cardId, type, serial, content) VALUES ('18417_29', 0, 3, 'Mjomba');
INSERT INTO `card` (id, type, title, header, content, option) VALUES ('18417_34', 0, 'Wewe ni mtu wa aina gani?', 'assets/topic/asb/9449.png', NULL, 'open');
INSERT INTO `cardExtra` (cardId, type, serial, content) VALUES ('18417_34', 0, 1, 'Mpole');
INSERT INTO `cardExtra` (cardId, type, serial, content) VALUES ('18417_34', 0, 2, 'Muongeaji');
INSERT INTO `cardExtra` (cardId, type, serial, content) VALUES ('18417_34', 0, 3, 'Mchangamfu');
INSERT INTO `cardExtra` (cardId, type, serial, content) VALUES ('18417_34', 0, 4, 'Mwenye furaha');
INSERT INTO `card` (id, type, title, header, content, option) VALUES ('22084', 2, 'Chui na Swara', 'assets/topic/asb/17309.png', 'Brigid Simiyu
Isaac Okwir', 'FFCFB5DD');
INSERT INTO `card` (id, type, title, header, content, option) VALUES ('22084_3', 3, NULL, 'assets/topic/asb/17306.png', 'Mara nyingi, Chui alitaka kumshika Swara.', NULL);
INSERT INTO `card` (id, type, title, header, content, option) VALUES ('22084_4', 3, NULL, 'assets/topic/asb/17307.png', 'Swara naye alikuwa akitoroka kila alipomwona Chui.', NULL);
INSERT INTO `card` (id, type, title, header, content, option) VALUES ('22084_5', 3, NULL, 'assets/topic/asb/17309.png', 'Siku moja, Chui alimwambia Swara, "Ningependa tuwe marafiki. Unachokula, mimi sili. Hakuna sababu ya kuwa maadui."', NULL);
INSERT INTO `card` (id, type, title, header, content, option) VALUES ('22084_6', 3, NULL, 'assets/topic/asb/17310.png', 'Swara alikubali. Chui akasema, "Tule kiapo cha kutufanya marafiki. Atakayeasi, mtoto wake atakufa."', NULL);
INSERT INTO `card` (id, type, title, header, content, option) VALUES ('22084_7', 3, NULL, 'assets/topic/asb/17311.png', 'Walikula kiapo cha kuwafanya marafiki.
Usiku, Swara alilala chini ya mti na Chui akalala juu ya mti katikati ya matawi.', NULL);
INSERT INTO `card` (id, type, title, header, content, option) VALUES ('22084_8', 3, NULL, 'assets/topic/asb/17312.png', 'Baada ya muda, Swara alinona na Chui alikonda.', NULL);
INSERT INTO `card` (id, type, title, header, content, option) VALUES ('22084_9', 3, NULL, 'assets/topic/asb/17313.png', 'Chui alitamani kumla Swara aliyenona. Akasema, "Sina haja na kiapo. Sina hata mtoto!"', NULL);
INSERT INTO `card` (id, type, title, header, content, option) VALUES ('22084_10', 3, NULL, 'assets/topic/asb/17314.png', 'Chui alimrukia Swara akajaribu kumshika.
Lakini, hakuweza. Alinaswa kwenye matawi.', NULL);
INSERT INTO `card` (id, type, title, header, content, option) VALUES ('22084_11', 3, NULL, 'assets/topic/asb/17315.png', 'Swara alishtuka sana. Aliruka juu akaanza kulia, "Bee! Bee!"', NULL);
INSERT INTO `card` (id, type, title, header, content, option) VALUES ('22084_12', 3, NULL, 'assets/topic/asb/17316.png', 'Chui akamsihi, "Rafiki yangu, nisaidie. Tulikubaliana kuwa atakayevunja kiapo chetu, atampoteza mtoto wake."', NULL);
INSERT INTO `card` (id, type, title, header, content, option) VALUES ('22084_13', 3, NULL, 'assets/topic/asb/17317.png', 'Swara alimjibu, "Inaonekana kuwa wazazi wako ndio waliokula kiapo. Sasa wewe ndiwe utakayekufa."', NULL);
INSERT INTO `card` (id, type, title, header, content, option) VALUES ('22084_14', 3, NULL, NULL, 'You are free to download, copy, translate or adapt this story and use the illustrations as long as you attribute in the following way:
Chui na Swara
Author -
Magabi Enyew Gessesse and Elizabeth Laird
Translation -
Brigid Simiyu
Illustration -
Isaac Okwir
Language -
Kiswahili
Level -
First sentences
© African Storybook Initiative 2016
Creative Commons: Attribution 4.0
Source
www.africanstorybook.org
Original source
www.ethiopianfolktales.com', NULL);
INSERT INTO `card` (id, type, title, header, content, option) VALUES ('22084_15', 1, 'Chora mti wenye matawi na uurembe.', 'assets/topic/22084.svg', NULL, NULL);
INSERT INTO `cardExtra` (cardId, type, serial, content) VALUES ('22084_15', 2, 1, 'assets/topic/22084.svg');
INSERT INTO `card` (id, type, title, header, content, option) VALUES ('22084_16', 0, 'Swala alikua akimtoroka nani siku zote?', NULL, NULL, 'oneAtATime');
INSERT INTO `cardExtra` (cardId, type, serial, content) VALUES ('22084_16', 1, 1, 'Chui');
INSERT INTO `cardExtra` (cardId, type, serial, content) VALUES ('22084_16', 0, 1, 'Simba');
INSERT INTO `cardExtra` (cardId, type, serial, content) VALUES ('22084_16', 0, 2, 'Paka');
INSERT INTO `cardExtra` (cardId, type, serial, content) VALUES ('22084_16', 0, 3, 'Panya');
INSERT INTO `card` (id, type, title, header, content, option) VALUES ('22084_21', 0, 'Chui alinasa katikati ya matawi mawili.', NULL, NULL, 'oneAtATime');
INSERT INTO `cardExtra` (cardId, type, serial, content) VALUES ('22084_21', 1, 1, 'Kweli.');
INSERT INTO `cardExtra` (cardId, type, serial, content) VALUES ('22084_21', 0, 1, 'Si kweli.');
INSERT INTO `card` (id, type, title, header, content, option) VALUES ('22084_24', 0, 'Chui alikua mnyama wa aina gani?', 'assets/topic/asb/17309.png', NULL, 'open');
INSERT INTO `cardExtra` (cardId, type, serial, content) VALUES ('22084_24', 0, 1, 'Mwenye hasira');
INSERT INTO `cardExtra` (cardId, type, serial, content) VALUES ('22084_24', 0, 2, 'Mjanja');
INSERT INTO `cardExtra` (cardId, type, serial, content) VALUES ('22084_24', 0, 3, 'Mpole');
INSERT INTO `cardExtra` (cardId, type, serial, content) VALUES ('22084_24', 0, 4, 'Mshawishi');
INSERT INTO `card` (id, type, title, header, content, option) VALUES ('20434', 2, 'Chura na Nyoka', 'assets/topic/asb/18784.png', 'Brigid Simiyu
Rob Owen', 'FF9DEDE3');
INSERT INTO `card` (id, type, title, header, content, option) VALUES ('20434_3', 3, NULL, 'assets/topic/asb/18783.png', 'Chura na Nyoka walikuwa marafiki.', NULL);
INSERT INTO `card` (id, type, title, header, content, option) VALUES ('20434_4', 3, NULL, 'assets/topic/asb/18784.png', '"Njoo twende tukamtembelee mamangu." Chura alimwalika Nyoka.', NULL);
INSERT INTO `card` (id, type, title, header, content, option) VALUES ('20434_5', 3, NULL, 'assets/topic/asb/25000.png', '"Asante, lakini nani atatuchungia makao yetu?" Nyoka alimwuliza Chura.', NULL);
INSERT INTO `card` (id, type, title, header, content, option) VALUES ('20434_6', 3, NULL, 'assets/topic/asb/25001.png', '"Nitawachungia makao yenu," Kima alijitolea.', NULL);
INSERT INTO `card` (id, type, title, header, content, option) VALUES ('20434_7', 3, NULL, 'assets/topic/asb/25002.png', 'Chura aliweka mchwa mkobani kumpelekea mamake.', NULL);
INSERT INTO `card` (id, type, title, header, content, option) VALUES ('20434_8', 3, NULL, 'assets/topic/asb/25003.png', 'Chura na Nyoka waliondoka asubuhi wakaingia msituni.', NULL);
INSERT INTO `card` (id, type, title, header, content, option) VALUES ('20434_9', 3, NULL, 'assets/topic/asb/25004.png', 'Waliwakuta vichakuro. Nyoka aliwaogopa.', NULL);
INSERT INTO `card` (id, type, title, header, content, option) VALUES ('20434_10', 3, NULL, 'assets/topic/asb/25005.png', 'Chura alimlinda rafiki yake Nyoka.', NULL);
INSERT INTO `card` (id, type, title, header, content, option) VALUES ('20434_11', 3, NULL, 'assets/topic/asb/25006.png', 'Walipofika kwa mamake Chura, walikuwa wakihisi njaa sana.', NULL);
INSERT INTO `card` (id, type, title, header, content, option) VALUES ('20434_12', 3, NULL, 'assets/topic/asb/25007.png', 'Walinawa wakajitayarisha kwa chakula.', NULL);
INSERT INTO `card` (id, type, title, header, content, option) VALUES ('20434_13', 3, NULL, 'assets/topic/asb/25008.png', '"Nyoka, tafadhali keti wima." Chura alimwambia rafikiye.', NULL);
INSERT INTO `card` (id, type, title, header, content, option) VALUES ('20434_14', 3, NULL, 'assets/topic/asb/25009.png', 'Nyoka alijaribu kuketi wima, lakini hakuweza. Yeye si kama chura.', NULL);
INSERT INTO `card` (id, type, title, header, content, option) VALUES ('20434_15', 3, NULL, 'assets/topic/asb/25010.png', '"Siwezi kuketi wima kama chura," Nyoka alimjibu.', NULL);
INSERT INTO `card` (id, type, title, header, content, option) VALUES ('20434_16', 3, NULL, 'assets/topic/asb/25011.png', 'Chura hakumsikiza Nyoka. Alianza kukasirika.', NULL);
INSERT INTO `card` (id, type, title, header, content, option) VALUES ('20434_17', 3, NULL, 'assets/topic/asb/25012.png', 'Nyoka pia alikasirika akasema, "Hunielewi. Heri nirudi nyumbani."', NULL);
INSERT INTO `card` (id, type, title, header, content, option) VALUES ('20434_18', 3, NULL, 'assets/topic/asb/25013.png', 'Nyoka aliondoka kwa hasira. "Nilidhani Chura ni rafiki yangu." Aliwaza.', NULL);
INSERT INTO `card` (id, type, title, header, content, option) VALUES ('20434_19', 3, NULL, NULL, 'You are free to download, copy, translate or adapt this story and use the illustrations as long as you attribute in the following way:
Chura na Nyoka
Author -
John Emongot
Translation -
Brigid Simiyu
Illustration -
Rob Owen
Language -
Kiswahili
Level -
First words
© African Storybook Initiative 2016
Creative Commons: Attribution 4.0
Source
www.africanstorybook.org', NULL);
INSERT INTO `card` (id, type, title, header, content, option) VALUES ('20434_20', 1, 'Mchore nyoka na Umrembe', 'assets/topic/20434.svg', NULL, NULL);
INSERT INTO `cardExtra` (cardId, type, serial, content) VALUES ('20434_20', 2, 1, 'assets/topic/20434.svg');
INSERT INTO `card` (id, type, title, header, content, option) VALUES ('20434_21', 0, 'Nani aliwaambia Chura na nyoka atawachungia makao yao?', NULL, NULL, 'oneAtATime');
INSERT INTO `cardExtra` (cardId, type, serial, content) VALUES ('20434_21', 1, 1, 'Kima');
INSERT INTO `cardExtra` (cardId, type, serial, content) VALUES ('20434_21', 0, 1, 'Chui');
INSERT INTO `cardExtra` (cardId, type, serial, content) VALUES ('20434_21', 0, 2, 'Kasuku');
INSERT INTO `cardExtra` (cardId, type, serial, content) VALUES ('20434_21', 0, 3, 'Konokono');
INSERT INTO `card` (id, type, title, header, content, option) VALUES ('20434_26', 0, 'Marafiki wawili walivamiwa na Vichakuro.', NULL, NULL, 'oneAtATime');
INSERT INTO `cardExtra` (cardId, type, serial, content) VALUES ('20434_26', 1, 1, 'Kweli.');
INSERT INTO `cardExtra` (cardId, type, serial, content) VALUES ('20434_26', 0, 1, 'Si kweli.');
INSERT INTO `card` (id, type, title, header, content, option) VALUES ('20434_29', 0, 'unafikiria nini kuhusu mam yake chura?', 'assets/topic/asb/18784.png', NULL, 'open');
INSERT INTO `cardExtra` (cardId, type, serial, content) VALUES ('20434_29', 0, 1, 'Ni mpole');
INSERT INTO `cardExtra` (cardId, type, serial, content) VALUES ('20434_29', 0, 2, 'Ni mjeuri');
INSERT INTO `cardExtra` (cardId, type, serial, content) VALUES ('20434_29', 0, 3, 'Ana nidhamu');
INSERT INTO `cardExtra` (cardId, type, serial, content) VALUES ('20434_29', 0, 4, 'Ni mzuri.');
INSERT INTO `card` (id, type, title, header, content, option) VALUES ('22086', 2, 'Dama ni mashuhuri!', 'assets/topic/asb/7514.png', 'Brigid Simiyu
Vusi Malindi', 'FFF4E1B5');
INSERT INTO `card` (id, type, title, header, content, option) VALUES ('22086_3', 3, NULL, 'assets/topic/asb/7513.png', 'Ndungu yangu mdogo anachelewa kuamka.
Mimi huamka mapema kwani, mimi ni mashuhuri!', NULL);
INSERT INTO `card` (id, type, title, header, content, option) VALUES ('22086_4', 3, NULL, 'assets/topic/asb/7514.png', 'Mimi ndiye hufungua dirisha asubuhi.', NULL);
INSERT INTO `card` (id, type, title, header, content, option) VALUES ('22086_5', 3, NULL, 'assets/topic/asb/7517.png', 'Mama huniambia, "Wewe ni nyota yangu ya asubuhi."', NULL);
INSERT INTO `card` (id, type, title, header, content, option) VALUES ('22086_6', 3, NULL, 'assets/topic/asb/7507.png', 'Ninajiosha mwenyewe wala sihitaji usaidizi wowote.', NULL);
INSERT INTO `card` (id, type, title, header, content, option) VALUES ('22086_7', 3, NULL, 'assets/topic/asb/7515.png', 'Sijali kuoga kwa maji baridi wala kutumia sabuni inayonuka.', NULL);
INSERT INTO `card` (id, type, title, header, content, option) VALUES ('22086_8', 3, NULL, 'assets/topic/asb/7518.png', 'Mama akinikumbusha kupiga mswaki, ninamjibu, "Siwezi kusahau, mama!"', NULL);
INSERT INTO `card` (id, type, title, header, content, option) VALUES ('22086_9', 3, NULL, 'assets/topic/asb/7516.png', 'Baada ya kuoga, mimi huwaamkua babu na shangazi.
Kisha ninawatakia siku njema.', NULL);
INSERT INTO `card` (id, type, title, header, content, option) VALUES ('22086_10', 3, NULL, 'assets/topic/asb/7511.png', 'Huvaa nguo mwenyewe. "Nimekuwa mkubwa sasa," humwambia mama.', NULL);
INSERT INTO `card` (id, type, title, header, content, option) VALUES ('22086_11', 3, NULL, 'assets/topic/asb/7508.png', 'Ninaweza kufunga vifungo vyangu na kukaza kamba za viatu vyangu.', NULL);
INSERT INTO `card` (id, type, title, header, content, option) VALUES ('22086_12', 3, NULL, 'assets/topic/asb/7512.png', 'Humhimiza ndugu yangu kwenda shule.', NULL);
INSERT INTO `card` (id, type, title, header, content, option) VALUES ('22086_13', 3, NULL, 'assets/topic/asb/7510.png', 'Hufanya bidii kwa kila njia nikiwa darasani.', NULL);
INSERT INTO `card` (id, type, title, header, content, option) VALUES ('22086_14', 3, NULL, 'assets/topic/asb/7509.png', 'Mimi hufanya vizuri mambo haya kila siku.
Lakini, ninachopenda zaidi, ni kucheza!', NULL);
INSERT INTO `card` (id, type, title, header, content, option) VALUES ('22086_15', 3, NULL, NULL, 'You are free to download, copy, translate or adapt this story and use the illustrations as long as you attribute in the following way:
Dama ni mashuhuri!
Author -
Michael Oguttu
Translation -
Brigid Simiyu
Illustration -
Vusi Malindi
Language -
Kiswahili
Level -
First sentences
© Text: Uganda Community Libraries Association (Ugcla)  Artwork: African Storybook Initiative 2014
Creative Commons: Attribution 4.0
Source
www.africanstorybook.org', NULL);
INSERT INTO `card` (id, type, title, header, content, option) VALUES ('22086_16', 1, 'Chora dirisha likiwa na mapazia.', 'assets/topic/22086.svg', NULL, NULL);
INSERT INTO `cardExtra` (cardId, type, serial, content) VALUES ('22086_16', 2, 1, 'assets/topic/22086.svg');
INSERT INTO `card` (id, type, title, header, content, option) VALUES ('22086_17', 0, 'Nani huchelewa kuamka?', NULL, NULL, 'oneAtATime');
INSERT INTO `cardExtra` (cardId, type, serial, content) VALUES ('22086_17', 1, 1, 'Kaka Mdogo');
INSERT INTO `cardExtra` (cardId, type, serial, content) VALUES ('22086_17', 0, 1, 'Mama');
INSERT INTO `cardExtra` (cardId, type, serial, content) VALUES ('22086_17', 0, 2, 'Baba');
INSERT INTO `cardExtra` (cardId, type, serial, content) VALUES ('22086_17', 0, 3, 'Dada');
INSERT INTO `card` (id, type, title, header, content, option) VALUES ('22086_22', 0, 'Ninafanya bidii darasani kwa njia yoyote.', NULL, NULL, 'oneAtATime');
INSERT INTO `cardExtra` (cardId, type, serial, content) VALUES ('22086_22', 1, 1, 'Kweli.');
INSERT INTO `cardExtra` (cardId, type, serial, content) VALUES ('22086_22', 0, 1, 'Si kweli.');
INSERT INTO `card` (id, type, title, header, content, option) VALUES ('22086_25', 0, 'Ni nani unamuhusisha na shairi?', 'assets/topic/asb/7514.png', NULL, 'open');
INSERT INTO `cardExtra` (cardId, type, serial, content) VALUES ('22086_25', 0, 1, 'Kaka');
INSERT INTO `cardExtra` (cardId, type, serial, content) VALUES ('22086_25', 0, 2, 'Dada');
INSERT INTO `cardExtra` (cardId, type, serial, content) VALUES ('22086_25', 0, 3, 'Rafiki');
INSERT INTO `cardExtra` (cardId, type, serial, content) VALUES ('22086_25', 0, 4, 'Mimi mwenyewe');
INSERT INTO `card` (id, type, title, header, content, option) VALUES ('10680', 2, 'Demane na Demazane', 'assets/topic/asb/2636.png', 'Mutugi Kamundi
 Jemma Kahn', 'FFB3C8FF');
INSERT INTO `card` (id, type, title, header, content, option) VALUES ('10680_3', 3, NULL, NULL, 'Hapo zamani kuliondokea mvulana mmoja aliyeitwa Demane. Alikuwa na pacha mwenzake aliyeitwa Demazane.', NULL);
INSERT INTO `card` (id, type, title, header, content, option) VALUES ('10680_4', 3, NULL, 'assets/topic/asb/2635.png', 'Wazazi wao walipofariki, Demane na Demazane walienda kuishi na mjomba wao. Mjomba aliwachapa na kuwapatia uji mwepesi.', NULL);
INSERT INTO `card` (id, type, title, header, content, option) VALUES ('10680_5', 3, NULL, NULL, 'Kwa sababu hiyo, walitoroka.', NULL);
INSERT INTO `card` (id, type, title, header, content, option) VALUES ('10680_6', 3, NULL, 'assets/topic/asb/2636.png', 'Waliamua kuishi pangoni. Waliogopa kwa sababu majitu yaliyoishi karibu.', NULL);
INSERT INTO `card` (id, type, title, header, content, option) VALUES ('10680_7', 3, NULL, NULL, 'Waliunda mlango wakafunga kiingilio na kuacha mashimo mawili ya kupitisha hewa na mwangaza.', NULL);
INSERT INTO `card` (id, type, title, header, content, option) VALUES ('10680_8', 3, NULL, 'assets/topic/asb/2637.png', 'Demane akamwambia dadake, "Baki humu pangoni nikatafute chakula. Kamwe usipike nyama. Majitu hupenda sana harufu ya nyama."', NULL);
INSERT INTO `card` (id, type, title, header, content, option) VALUES ('10680_9', 3, NULL, NULL, 'Kila jioni Demane alirudi na nyama na kuimba:
Demazane, Demazane,
nimefika kwenye pango,
nimewinda korongo,
ufungue kwa mpango,
asiingie muongo.', NULL);
INSERT INTO `card` (id, type, title, header, content, option) VALUES ('10680_10', 3, NULL, 'assets/topic/asb/2638.png', 'Demazane alichoka sana kukaa pangoni peke yake. Siku moja alitoka akaenda matembezi. Aliona mto mdogo akaogelea kwa furaha sana.', NULL);
INSERT INTO `card` (id, type, title, header, content, option) VALUES ('10680_11', 3, NULL, NULL, 'Pia alipanda miti akaendelea kustarehe. Alifurahia uhuru wa kucheza. "Labda hakuna majitu. Pengine mjomba alitutisha tu," aliwaza.', NULL);
INSERT INTO `card` (id, type, title, header, content, option) VALUES ('10680_12', 3, NULL, 'assets/topic/asb/2639.png', 'Keshoye alipata ukakamavu. Aliuwasha moto pangoni ili kuondoa baridi. Kwa kuogopa majitu, aliufunga mlango kabisa.', NULL);
INSERT INTO `card` (id, type, title, header, content, option) VALUES ('10680_13', 3, NULL, NULL, '"Nina hakika hakuna hatari nikichoma nyama kwa moto huu. Chakula cha kuchomwa ni kitamu." Demazane aliwaza.', NULL);
INSERT INTO `card` (id, type, title, header, content, option) VALUES ('10680_14', 3, NULL, 'assets/topic/asb/2640.png', 'Demane aliporudi nyumbani aliimba kama kawaida:
Demazane, Demazane,
nimefika kwenye pango,
nimewinda korongo,
ufungue kwa mpango,
asiingie muongo.', NULL);
INSERT INTO `card` (id, type, title, header, content, option) VALUES ('10680_15', 3, NULL, NULL, 'Demazane alimwambia kakake, "Nilichoma nyama hii kwenye jua nje ya pango." Kwa vile Demane alikuwa amechoka, hakuuliza maswali zaidi.', NULL);
INSERT INTO `card` (id, type, title, header, content, option) VALUES ('10680_16', 3, NULL, 'assets/topic/asb/2641.png', 'Siku iliyofuata Demazane aliwasha moto na akachoma nyama tena. Alpomaliza kuitayarisha, alisikia sauti ikiimba kwenye mlango wa pango:', NULL);
INSERT INTO `card` (id, type, title, header, content, option) VALUES ('10680_17', 3, NULL, NULL, 'Demazane, Demazane,
nimefika kwenye pango,
nimewinda korongo,
ufungue kwa mpango,
asiingie muongo.
Demazane akasema, "Wewe si kakangu. Hiyo sio sauti yake."', NULL);
INSERT INTO `card` (id, type, title, header, content, option) VALUES ('10680_18', 3, NULL, 'assets/topic/asb/2642.png', 'Baada ya muda mfupi, aliskikia sauti tena ikiimba:
Demazane, Demazane,
nimefika kwenye pango,
nimewinda korongo,
ufungue kwa mpango,
asiingie muongo.', NULL);
INSERT INTO `card` (id, type, title, header, content, option) VALUES ('10680_19', 3, NULL, NULL, 'Sauti hiyo ilifanana sana na ya kakake kwa hivyo Demazane aliufungua mlango.', NULL);
INSERT INTO `card` (id, type, title, header, content, option) VALUES ('10680_20', 3, NULL, 'assets/topic/asb/2643.png', 'Jitu kubwa lenye nywele mwili mzima lilijaa mlangoni. Likamchukua Demazane haraka.', NULL);
INSERT INTO `card` (id, type, title, header, content, option) VALUES ('10680_21', 3, NULL, NULL, 'Demazane aliweza kuliokota jivu la jikoni  na  kulibeba. Alipokuwa akibebwa alimimina jivu lile njiani walikopitia.', NULL);
INSERT INTO `card` (id, type, title, header, content, option) VALUES ('10680_22', 3, NULL, 'assets/topic/asb/2646.png', 'Demane aliporudi alipata mlango ukiwa wazi na Demazane hakuwa ndani. Lakini aliona jivu lililomwagwa kulekea msituni.', NULL);
INSERT INTO `card` (id, type, title, header, content, option) VALUES ('10680_23', 3, NULL, NULL, 'Alifuata jivu hilo mpaka alipouona moto mbali.', NULL);
INSERT INTO `card` (id, type, title, header, content, option) VALUES ('10680_24', 3, NULL, 'assets/topic/asb/2644.png', 'Demane aliona jitu lililojaa nywele limeketi karibu na moto. Mkoba mkubwa ulikuwa karibu nalo. Alisongea karibu nalo akichechemea kama mtu aliyeumia mguu.', NULL);
INSERT INTO `card` (id, type, title, header, content, option) VALUES ('10680_25', 3, NULL, NULL, 'Alisema, "Naomba maji ya kunywa. Nimeumia mguu." "Ngoja nikuletee maji lakini usiguse mkoba wangu." Jitu lilisema huku likiweka mkoba ule vizuri ndani ya nyumba.', NULL);
INSERT INTO `card` (id, type, title, header, content, option) VALUES ('10680_26', 3, NULL, 'assets/topic/asb/2645.png', 'Jitu lilipoondoka kwenda mtoni, Demane alikata kamba ya mfuko, ukafunguka na dadake akatoka.', NULL);
INSERT INTO `card` (id, type, title, header, content, option) VALUES ('10680_27', 3, NULL, NULL, 'Demane aliubadilisha mkoba huo na wake uliojaa nyuki. Kisha yeye na dadake wakajificha na kungoja kuona kitakachotokea.', NULL);
INSERT INTO `card` (id, type, title, header, content, option) VALUES ('10680_28', 3, NULL, 'assets/topic/asb/2647.png', 'Jitu lilirudi na maji pamoja na watoto wake wawili, msichana na mvulana. Likamwambia msichana,  "Kuna mlo mtamu ndani ya mkoba. Nenda ukaulete!"', NULL);
INSERT INTO `card` (id, type, title, header, content, option) VALUES ('10680_29', 3, NULL, NULL, 'Msichana alipofungua mkoba, nyuki walimwuma mkono akalia kwa sauti, "Inauma, inauma." Jitu lilimwambia mvulana aende kumsaidia. Yeye pia aliumwa akalia kwa uchungu.', NULL);
INSERT INTO `card` (id, type, title, header, content, option) VALUES ('10680_30', 3, NULL, 'assets/topic/asb/2648.png', '"Msinifanye mjinga," jitu lilisema kwa sauti likajitoma ndani ya nyumba. Liliufunga mlango na kufungua ule mkoba.', NULL);
INSERT INTO `card` (id, type, title, header, content, option) VALUES ('10680_31', 3, NULL, NULL, 'Nyuki wale walichomoka kwa wingi na kumwuma kichwani, masikioni na machoni. Lilishindwa kuona likarukaruka na kulia kwa uchungu mwingi.', NULL);
INSERT INTO `card` (id, type, title, header, content, option) VALUES ('10680_32', 3, NULL, 'assets/topic/asb/2649.png', 'Jitu lilikimbia kuelekea kwenye bwawa la maji. Lilichopeka kichwa kwenye matope likakwama huko. Liligeuka na kuwa kisiki cha mti uliokatwa.', NULL);
INSERT INTO `card` (id, type, title, header, content, option) VALUES ('10680_33', 3, NULL, NULL, 'Nyuki walijenga nyumba yao kwenye kisiki hicho. Baadaye, Demane na Demazane walifurahia asali tamu kutoka kwa mzinga huo wa nyuki.', NULL);
INSERT INTO `card` (id, type, title, header, content, option) VALUES ('10680_34', 3, NULL, NULL, 'You are free to download, copy, translate or adapt this story and use the illustrations as long as you attribute in the following way:
Demane na Demazane
Author -
South African Folktale
Translation -
Mutugi Kamundi
Illustration -
Jemma Kahn
Language -
Kiswahili
Level -
First paragraphs
© African Storybook Initiative 2015
Creative Commons: Attribution 4.0
Source
www.africanstorybook.org', NULL);
INSERT INTO `card` (id, type, title, header, content, option) VALUES ('10680_35', 1, 'Chora Pango na uweke wanyama ndani yake.', 'assets/topic/10680.svg', NULL, NULL);
INSERT INTO `cardExtra` (cardId, type, serial, content) VALUES ('10680_35', 2, 1, 'assets/topic/10680.svg');
INSERT INTO `card` (id, type, title, header, content, option) VALUES ('10680_36', 0, 'Demane na Demazane walipata wapi makazi?', NULL, NULL, 'oneAtATime');
INSERT INTO `cardExtra` (cardId, type, serial, content) VALUES ('10680_36', 1, 1, 'Kwenye Pango.');
INSERT INTO `cardExtra` (cardId, type, serial, content) VALUES ('10680_36', 0, 1, 'Kwenye nyumba ya makuti');
INSERT INTO `cardExtra` (cardId, type, serial, content) VALUES ('10680_36', 0, 2, 'Kwenye mti');
INSERT INTO `cardExtra` (cardId, type, serial, content) VALUES ('10680_36', 0, 3, 'Kwenye nyumba ya mawe');
INSERT INTO `card` (id, type, title, header, content, option) VALUES ('10680_41', 0, 'Demane aliweka nini kwenye begi la Jitu lenye nywele Mwili mzima?', NULL, NULL, 'oneAtATime');
INSERT INTO `cardExtra` (cardId, type, serial, content) VALUES ('10680_41', 1, 1, 'Nyuki');
INSERT INTO `cardExtra` (cardId, type, serial, content) VALUES ('10680_41', 0, 1, 'Paka');
INSERT INTO `cardExtra` (cardId, type, serial, content) VALUES ('10680_41', 0, 2, 'Moto');
INSERT INTO `cardExtra` (cardId, type, serial, content) VALUES ('10680_41', 0, 3, 'Majivu');
INSERT INTO `card` (id, type, title, header, content, option) VALUES ('10680_46', 0, 'Ungejisikiaje kama ungekua peke yako?', 'assets/topic/asb/2636.png', NULL, 'open');
INSERT INTO `cardExtra` (cardId, type, serial, content) VALUES ('10680_46', 0, 1, 'Jasiri');
INSERT INTO `cardExtra` (cardId, type, serial, content) VALUES ('10680_46', 0, 2, 'Uoga');
INSERT INTO `cardExtra` (cardId, type, serial, content) VALUES ('10680_46', 0, 3, 'Mwenye akili');
INSERT INTO `cardExtra` (cardId, type, serial, content) VALUES ('10680_46', 0, 4, 'Mpumbavu');
INSERT INTO `card` (id, type, title, header, content, option) VALUES ('21445', 2, 'Dhahabu, kalamu nzuri', 'assets/topic/asb/25333.png', 'Ursula Nafula
Andrews Opoku Antwi and Michelangelo Quaye Anang', 'FFCFB5DD');
INSERT INTO `card` (id, type, title, header, content, option) VALUES ('21445_3', 3, NULL, 'assets/topic/asb/25336.png', 'Hapo zamani za kale, kulikuwa na Kijiji kilichoitwa Kalamu. Pale kijijini, kuliishi kalamu tofauti.', NULL);
INSERT INTO `card` (id, type, title, header, content, option) VALUES ('21445_4', 3, NULL, 'assets/topic/asb/25337.png', 'Kwa mfano, kulikuwa na Dhahabu, Bic, Ballpoint, Gel, Marker na wengine wengi.', NULL);
INSERT INTO `card` (id, type, title, header, content, option) VALUES ('21445_5', 3, NULL, 'assets/topic/asb/25339.png', 'Dhahabu alikuwa msichana mrembo.', NULL);
INSERT INTO `card` (id, type, title, header, content, option) VALUES ('21445_6', 3, NULL, 'assets/topic/asb/25340.png', 'Bic alikuwa rafiki mkubwa wa Dhahabu.', NULL);
INSERT INTO `card` (id, type, title, header, content, option) VALUES ('21445_7', 3, NULL, 'assets/topic/asb/25341.png', 'Dhahabu alikuwa mwenye huzuni na wasiwasi kila wakati. Aliishi maisha ya upweke mbali na waliompenda.', NULL);
INSERT INTO `card` (id, type, title, header, content, option) VALUES ('21445_8', 3, NULL, 'assets/topic/asb/25342.png', 'Hakuna yeyote aliyejua kwa nini Dhahabu alihuzunika na kuwa na wasiwasi wakati wote.
Watu waliamini kwamba alikuwa na kila sababu ya kufurahi.', NULL);
INSERT INTO `card` (id, type, title, header, content, option) VALUES ('21445_9', 3, NULL, 'assets/topic/asb/25343.png', 'Hata hivyo, Dhahabu alikuwa na siri kubwa ambayo yeye tu aliijua. Je, Dhahabu alikuwa na siri gani?', NULL);
INSERT INTO `card` (id, type, title, header, content, option) VALUES ('21445_10', 3, NULL, 'assets/topic/asb/25333.png', 'Dhahabu alikuwa mrembo na mwenye kupendwa. Lakini, hakuwa na wino! "Je, kalamu ya Dhahabu ina umhimu gani isipokuwa na wino?" Dhahabu aliwaelezea akilia.', NULL);
INSERT INTO `card` (id, type, title, header, content, option) VALUES ('21445_11', 3, NULL, NULL, 'You are free to download, copy, translate or adapt this story and use the illustrations as long as you attribute in the following way:
Dhahabu, kalamu nzuri
Author -
Ahmed Mardiya and Ibrahim Sharifa
Translation -
Ursula Nafula
Illustration -
Andrews Opoku Antwi and Michelangelo Quaye Anang
Language -
Kiswahili
Level -
First sentences
© African Storybook Initiative 2017
Creative Commons: Attribution 4.0
Source
www.africanstorybook.org', NULL);
INSERT INTO `card` (id, type, title, header, content, option) VALUES ('21445_12', 1, 'Chora Kalamu na uirembe.', 'assets/topic/21445.svg', NULL, NULL);
INSERT INTO `cardExtra` (cardId, type, serial, content) VALUES ('21445_12', 2, 1, 'assets/topic/21445.svg');
INSERT INTO `card` (id, type, title, header, content, option) VALUES ('21445_13', 0, 'Msichana mrembo katika kijiji Kalamu aliitwa nani?', NULL, NULL, 'oneAtATime');
INSERT INTO `cardExtra` (cardId, type, serial, content) VALUES ('21445_13', 1, 1, 'Dhahabu');
INSERT INTO `cardExtra` (cardId, type, serial, content) VALUES ('21445_13', 0, 1, 'Bic');
INSERT INTO `cardExtra` (cardId, type, serial, content) VALUES ('21445_13', 0, 2, 'Gel');
INSERT INTO `cardExtra` (cardId, type, serial, content) VALUES ('21445_13', 0, 3, 'Marker');
INSERT INTO `card` (id, type, title, header, content, option) VALUES ('21445_18', 0, 'Dhahabu alikua mwenye huzuni kwasababu hakuna na wino.', NULL, NULL, 'oneAtATime');
INSERT INTO `cardExtra` (cardId, type, serial, content) VALUES ('21445_18', 1, 1, 'Kweli.');
INSERT INTO `cardExtra` (cardId, type, serial, content) VALUES ('21445_18', 0, 1, 'Si kweli.');
INSERT INTO `card` (id, type, title, header, content, option) VALUES ('21445_21', 0, 'Kalamu Dhahabu atafanya nini?', 'assets/topic/asb/25333.png', NULL, 'open');
INSERT INTO `cardExtra` (cardId, type, serial, content) VALUES ('21445_21', 0, 1, 'Atachukua Wino');
INSERT INTO `cardExtra` (cardId, type, serial, content) VALUES ('21445_21', 0, 2, 'Atajaza maji');
INSERT INTO `cardExtra` (cardId, type, serial, content) VALUES ('21445_21', 0, 3, 'Atakimbia');
INSERT INTO `cardExtra` (cardId, type, serial, content) VALUES ('21445_21', 0, 4, 'Hatafanya kitu');
INSERT INTO `card` (id, type, title, header, content, option) VALUES ('30807', 2, 'Emirembe', 'assets/topic/asb/8945.png', 'Francis  Bananwa and Kyambogo  University
Steven McKimmie, Wiehan de Jager, Monge Tlaka, Jonathan Field, Emily Berg, Jano Strydom and Catherine Groenewald', 'FF9DEDE3');
INSERT INTO `card` (id, type, title, header, content, option) VALUES ('30807_3', 3, NULL, 'assets/topic/asb/7987.png', 'Emirembe kintu kyamugaso inho mu bulamu bwaife obwabulidho.', NULL);
INSERT INTO `card` (id, type, title, header, content, option) VALUES ('30807_4', 3, NULL, 'assets/topic/asb/8999.png', 'Buli azira mirembe  tategeka oba takola kintu kituufu.', NULL);
INSERT INTO `card` (id, type, title, header, content, option) VALUES ('30807_5', 3, NULL, 'assets/topic/asb/13838.png', 'Bwoba ozira mirembe, ofirwa eisubi eiramu era owulira nga buli kyokola tikiva mu muganhulo.', NULL);
INSERT INTO `card` (id, type, title, header, content, option) VALUES ('30807_6', 3, NULL, 'assets/topic/asb/18929.png', 'Emirembe ni emizi egyeisubu eiramu,obukombe ni enkulankulana eyoluberara.', NULL);
INSERT INTO `card` (id, type, title, header, content, option) VALUES ('30807_7', 3, NULL, 'assets/topic/asb/6006.png', 'Amaka agalina emirembe maigumivu nti ezira ki gasuula oba okwawula abaamu.', NULL);
INSERT INTO `card` (id, type, title, header, content, option) VALUES ('30807_8', 3, NULL, 'assets/topic/asb/8479.png', 'Emikwano egirina emirembe gigonzania ni omukwano ogwairala era bawangaala nga bazira kibatabula.', NULL);
INSERT INTO `card` (id, type, title, header, content, option) VALUES ('30807_9', 3, NULL, 'assets/topic/asb/13388.png', 'Ensi elina emirembe teba na ntalo era abanansi kyebenda bata amanhi gaibwe ghalala bakifuna.', NULL);
INSERT INTO `card` (id, type, title, header, content, option) VALUES ('30807_10', 3, NULL, 'assets/topic/asb/10611.png', 'Embendeza emirembe mwena mwena.', NULL);
INSERT INTO `card` (id, type, title, header, content, option) VALUES ('30807_11', 3, NULL, NULL, 'You are free to download, copy, translate or adapt this story and use the illustrations as long as you attribute in the following way:
Emirembe
Author -
Niyifasha Epimaque
Translation -
Francis  Bananwa and Kyambogo  University
Illustration -
Steven McKimmie, Wiehan de Jager, Monge Tlaka, Jonathan Field, Emily Berg, Jano Strydom and Catherine Groenewald
Language -
Lusoga
Level -
First paragraphs
© African Storybook Initiative 2017
Creative Commons: Attribution 4.0
Source
www.africanstorybook.org
Original source
The author!', NULL);
INSERT INTO `card` (id, type, title, header, content, option) VALUES ('30807_12', 1, 'Chora Njiwa', 'assets/topic/30807.svg', NULL, NULL);
INSERT INTO `cardExtra` (cardId, type, serial, content) VALUES ('30807_12', 2, 1, 'assets/topic/30807.svg');
INSERT INTO `card` (id, type, title, header, content, option) VALUES ('30807_13', 0, 'Ni kitu gani cha muhimu sana katika maisha yetu?', NULL, NULL, 'oneAtATime');
INSERT INTO `cardExtra` (cardId, type, serial, content) VALUES ('30807_13', 1, 1, 'Amani');
INSERT INTO `cardExtra` (cardId, type, serial, content) VALUES ('30807_13', 0, 1, 'Hela');
INSERT INTO `cardExtra` (cardId, type, serial, content) VALUES ('30807_13', 0, 2, 'Kazi');
INSERT INTO `cardExtra` (cardId, type, serial, content) VALUES ('30807_13', 0, 3, 'Adui');
INSERT INTO `card` (id, type, title, header, content, option) VALUES ('30807_18', 0, 'Familia yenye Amani ni Imara, ambapo hakuna mtu anayeweza kuitenganisha.', NULL, NULL, 'oneAtATime');
INSERT INTO `cardExtra` (cardId, type, serial, content) VALUES ('30807_18', 1, 1, 'Kweli.');
INSERT INTO `cardExtra` (cardId, type, serial, content) VALUES ('30807_18', 0, 1, 'Si kweli.');
INSERT INTO `card` (id, type, title, header, content, option) VALUES ('30807_21', 0, 'Ni nini kingine cha muhimu katika maisha yetu?', 'assets/topic/asb/8945.png', NULL, 'open');
INSERT INTO `cardExtra` (cardId, type, serial, content) VALUES ('30807_21', 0, 1, 'Chakula');
INSERT INTO `cardExtra` (cardId, type, serial, content) VALUES ('30807_21', 0, 2, 'Michezo');
INSERT INTO `cardExtra` (cardId, type, serial, content) VALUES ('30807_21', 0, 3, 'Nguvu');
INSERT INTO `cardExtra` (cardId, type, serial, content) VALUES ('30807_21', 0, 4, 'Furaha');
INSERT INTO `card` (id, type, title, header, content, option) VALUES ('30271', 2, 'Ensíkili', 'assets/topic/asb/26642.png', 'Kutafsiri Biblia Mara
Marleen Visser', 'FFCFB5DD');
INSERT INTO `card` (id, type, title, header, content, option) VALUES ('30271_3', 3, NULL, 'assets/topic/asb/26643.png', 'Eémbwa', NULL);
INSERT INTO `card` (id, type, title, header, content, option) VALUES ('30271_4', 3, NULL, 'assets/topic/asb/26644.png', 'Embaata', NULL);
INSERT INTO `card` (id, type, title, header, content, option) VALUES ('30271_5', 3, NULL, 'assets/topic/asb/26645.png', 'Éente', NULL);
INSERT INTO `card` (id, type, title, header, content, option) VALUES ('30271_6', 3, NULL, 'assets/topic/asb/26642.png', 'Ensíkili', NULL);
INSERT INTO `card` (id, type, title, header, content, option) VALUES ('30271_7', 3, NULL, 'assets/topic/asb/26647.png', 'Embeba', NULL);
INSERT INTO `card` (id, type, title, header, content, option) VALUES ('30271_8', 3, NULL, 'assets/topic/asb/26648.png', 'Enyaámu', NULL);
INSERT INTO `card` (id, type, title, header, content, option) VALUES ('30271_9', 3, NULL, 'assets/topic/asb/26649.png', 'Entaama', NULL);
INSERT INTO `card` (id, type, title, header, content, option) VALUES ('30271_10', 3, NULL, 'assets/topic/asb/26687.png', 'Embúzi', NULL);
INSERT INTO `card` (id, type, title, header, content, option) VALUES ('30271_11', 3, NULL, 'assets/topic/asb/26652.png', 'Empunu', NULL);
INSERT INTO `card` (id, type, title, header, content, option) VALUES ('30271_12', 3, NULL, 'assets/topic/asb/26651.png', 'Enkóko / Endahuzi', NULL);
INSERT INTO `card` (id, type, title, header, content, option) VALUES ('30271_14', 3, NULL, NULL, 'You are free to download, copy, translate or adapt this story and use the illustrations as long as you attribute in the following way:
Ensíkili
Author -
Little Zebra Books
Translation -
Kutafsiri Biblia Mara
Illustration -
Marleen Visser
Language -
Echiziinza
Level -
First words
© African Storybook Initiative 2018
Creative Commons: Attribution 4.0
Source
www.africanstorybook.org', NULL);
INSERT INTO `card` (id, type, title, header, content, option) VALUES ('30271_15', 1, 'Mpake rangi kuku na umrembe', 'assets/topic/30271.svg', NULL, NULL);
INSERT INTO `cardExtra` (cardId, type, serial, content) VALUES ('30271_15', 2, 1, 'assets/topic/30271.svg');
INSERT INTO `card` (id, type, title, header, content, option) VALUES ('30271_16', 0, 'Je, Ni Mnyama yupi mkubwa katika kundi', NULL, NULL, 'oneAtATime');
INSERT INTO `cardExtra` (cardId, type, serial, content) VALUES ('30271_16', 1, 1, 'Punda');
INSERT INTO `cardExtra` (cardId, type, serial, content) VALUES ('30271_16', 0, 1, 'Kondoo');
INSERT INTO `cardExtra` (cardId, type, serial, content) VALUES ('30271_16', 0, 2, 'Mbwa');
INSERT INTO `cardExtra` (cardId, type, serial, content) VALUES ('30271_16', 0, 3, 'Nguruwe');
INSERT INTO `card` (id, type, title, header, content, option) VALUES ('30271_21', 0, 'Orodhesha wanyama kulingana na urefu wao kuanzia mfupi hadi mrefu.', NULL, NULL, 'many');
INSERT INTO `cardExtra` (cardId, type, serial, content) VALUES ('30271_21', 1, 1, 'Panya');
INSERT INTO `cardExtra` (cardId, type, serial, content) VALUES ('30271_21', 1, 2, 'Paka');
INSERT INTO `cardExtra` (cardId, type, serial, content) VALUES ('30271_21', 1, 3, 'Bata');
INSERT INTO `cardExtra` (cardId, type, serial, content) VALUES ('30271_21', 1, 4, 'Nguruwe');
INSERT INTO `cardExtra` (cardId, type, serial, content) VALUES ('30271_21', 1, 5, 'Punda');
INSERT INTO `cardExtra` (cardId, type, serial, content) VALUES ('30271_21', 1, 6, 'Ng''ombe');
INSERT INTO `card` (id, type, title, header, content, option) VALUES ('30271_28', 0, 'Ni mnyama gani unayempenda?', 'assets/topic/asb/26642.png', NULL, 'open');
INSERT INTO `cardExtra` (cardId, type, serial, content) VALUES ('30271_28', 0, 1, 'Ng''ombe');
INSERT INTO `cardExtra` (cardId, type, serial, content) VALUES ('30271_28', 0, 2, 'Mbwa');
INSERT INTO `cardExtra` (cardId, type, serial, content) VALUES ('30271_28', 0, 3, 'Nguruwe');
INSERT INTO `cardExtra` (cardId, type, serial, content) VALUES ('30271_28', 0, 4, 'Paka');
INSERT INTO `card` (id, type, title, header, content, option) VALUES ('15612', 2, 'Fahali na Punda', 'assets/topic/asb/15496.png', 'Brigid Simiyu
Salim Kasamba', 'FFB3C8FF');
INSERT INTO `card` (id, type, title, header, content, option) VALUES ('15612_3', 3, NULL, 'assets/topic/asb/15491.png', 'Zamani aliishi mkulima mmoja maskini aliyekuwa na Fahali mzee. Fahali huyo hakupenda kulima. Alipenda kubaki nyumbani akila nyasi, akinywa maji na kupumzika.', NULL);
INSERT INTO `card` (id, type, title, header, content, option) VALUES ('15612_4', 3, NULL, 'assets/topic/asb/15492.png', 'Mkulima huyo vilevile alikuwa na Punda. Punda na Fahali walikuwa marafiki. Mwisho wa siku, walipenda kuongea pamoja. Siku moja, Fahali alisema, "Nimechoka sana. Nimefanya kazi siku nzima. Jembe ni kubwa na zito. Naye mkulima haniruhusu kupumzika."', NULL);
INSERT INTO `card` (id, type, title, header, content, option) VALUES ('15612_5', 3, NULL, 'assets/topic/asb/15493.png', 'Punda alimtazama Fahali akawaza, "Bila shaka Fahali ni mvivu na hapendi kufanya kazi." Kisha akasema, "Unadhani kuwa jembe lako ni zito? Niamini, rafiki yangu, jembe ni jepesi! Mimi leo nimebeba gunia la ngano mgongoni. Nina hakika lilikuwa zito kuliko jembe lako."', NULL);
INSERT INTO `card` (id, type, title, header, content, option) VALUES ('15612_6', 3, NULL, 'assets/topic/asb/15494.png', 'Siku iliyofuata, walikutana tena. Fahali akasema,  "Nimekuwa na siku mbaya leo. Shamba la bwana wangu liko mbali na limejaa mawe. Nimefanya kazi mchana kutwa. Sikupumzika hata kidogo."', NULL);
INSERT INTO `card` (id, type, title, header, content, option) VALUES ('15612_7', 3, NULL, 'assets/topic/asb/15495.png', '"Eti ulifanya kazi ngumu?" Punda alimwuliza. "Mimi leo nilikwenda sokoni mjini, kilomita nyingi kutoka hapa. Nina hakika nimefanya kazi ngumu kuliko wewe."', NULL);
INSERT INTO `card` (id, type, title, header, content, option) VALUES ('15612_8', 3, NULL, 'assets/topic/asb/15496.png', 'Siku iliyofuata, Fahali alirudi nyumbani akiwa amechelewa tena. Alimwambia Punda, "Ah! Rafiki! Leo ilikuwa siku mbaya kwangu." Lakini, Punda hakutaka kumsikiliza Fahali zaidi.', NULL);
INSERT INTO `card` (id, type, title, header, content, option) VALUES ('15612_9', 3, NULL, 'assets/topic/asb/15497.png', 'Punda alimwambia, "Wewe huchoka kila wakati na kila siku ni mbaya kwako. Mkulima atakapokuja kesho, lala na ufumbe macho yako useme, ''Moo! Moo!'' Mkulima akifikiri wewe ni mgonjwa, atakuruhusu upumzike." Fahali alilipenda wazo hilo akasema, "Asante mpenzi Punda. Wazo zuri sana."', NULL);
INSERT INTO `card` (id, type, title, header, content, option) VALUES ('15612_10', 3, NULL, 'assets/topic/asb/15498.png', 'Asubuhi iliyofuata, Fahali alilala na mkulima alipofika, aliyafumba macho yake akalia, "Moo! Moo!" Mkulima alimtazama akawaza, "Maskini Fahali wangu ni mgonjwa. Lakini, ni lazima nililime shamba langu. Ni nani atakayenisaidia? Haidhuru, kuna Punda! Atalivuta jembe leo."', NULL);
INSERT INTO `card` (id, type, title, header, content, option) VALUES ('15612_11', 3, NULL, 'assets/topic/asb/15499.png', 'Mkulima alimpeleka Punda shambani akamfunga jembe na kuanza kumcharaza, "Nenda! Haraka! Vuta!" Alimshurutisha Punda.', NULL);
INSERT INTO `card` (id, type, title, header, content, option) VALUES ('15612_12', 3, NULL, 'assets/topic/asb/15500.png', 'Punda alifanya kazi siku nzima. Jioni alikuwa amechoka sana. Alitembea polepole kwenda nyumbani. Fahali alimsubiri na alipomwona,  alisema, "Mpendwa Punda, nilikuwa na siku nzuri leo. Nilikula nyasi, nikanywa maji na nikapumzika chini ya mti mkubwa. Nataka kupumzika tena kesho. Je, nifanyeje? Nipe wazo jingine."', NULL);
INSERT INTO `card` (id, type, title, header, content, option) VALUES ('15612_13', 3, NULL, 'assets/topic/asb/15501.png', 'Punda alimtazama Fahali, akawaza, "Kazi yake ni mbaya kuliko yangu. Sitaki kuifanya tena kesho." Hatimaye, Punda akasema, "Rafiki yangu, kuwa makini. Leo nimemsikia mkulima akimwambia hivi mkewe, ''Fahali wangu ni mchovu kila wakati na sasa ni mgonjwa. Asipopata nafuu kesho, nitamchinja tule nyama.''"', NULL);
INSERT INTO `card` (id, type, title, header, content, option) VALUES ('15612_14', 3, NULL, 'assets/topic/asb/15502.png', 'Fahali aliogopa sana akalia akisema, "Eti nini? Alisema hivyo? Kesho, nitafanya kazi yangu. Nimepata nafuu sasa na wala si mchovu tena!"', NULL);
INSERT INTO `card` (id, type, title, header, content, option) VALUES ('15612_15', 3, NULL, NULL, 'You are free to download, copy, translate or adapt this story and use the illustrations as long as you attribute in the following way:
Fahali na Punda
Author -
Melese Getahun Wolde and Elizabeth Laird
Translation -
Brigid Simiyu
Illustration -
Salim Kasamba
Language -
Kiswahili
Level -
Longer paragraphs
© African Storybook Initiative 2016
Creative Commons: Attribution 4.0
Source
www.africanstorybook.org
Original source
www.ethiopianfolktales.com', NULL);
INSERT INTO `card` (id, type, title, header, content, option) VALUES ('15612_16', 1, 'Mpake rangi punda na umrembe', 'assets/topic/15612.svg', NULL, NULL);
INSERT INTO `cardExtra` (cardId, type, serial, content) VALUES ('15612_16', 2, 1, 'assets/topic/15612.svg');
INSERT INTO `card` (id, type, title, header, content, option) VALUES ('15612_17', 0, 'Mkulima alikuwa na wanyama wangapi?', NULL, NULL, 'oneAtATime');
INSERT INTO `cardExtra` (cardId, type, serial, content) VALUES ('15612_17', 1, 1, 'Wawili');
INSERT INTO `cardExtra` (cardId, type, serial, content) VALUES ('15612_17', 0, 1, 'Mmoja');
INSERT INTO `cardExtra` (cardId, type, serial, content) VALUES ('15612_17', 0, 2, 'Watatu');
INSERT INTO `cardExtra` (cardId, type, serial, content) VALUES ('15612_17', 0, 3, 'Wanne');
INSERT INTO `card` (id, type, title, header, content, option) VALUES ('15612_22', 0, 'Ng''ombe huliaje?', NULL, NULL, 'oneAtATime');
INSERT INTO `cardExtra` (cardId, type, serial, content) VALUES ('15612_22', 1, 1, 'Moo');
INSERT INTO `cardExtra` (cardId, type, serial, content) VALUES ('15612_22', 0, 1, 'Boo');
INSERT INTO `cardExtra` (cardId, type, serial, content) VALUES ('15612_22', 0, 2, 'Roo');
INSERT INTO `cardExtra` (cardId, type, serial, content) VALUES ('15612_22', 0, 3, 'Koo');
INSERT INTO `card` (id, type, title, header, content, option) VALUES ('15612_27', 0, 'Kwa nini tunapaswa kufanya kazi kwa bidii?', 'assets/topic/asb/15496.png', NULL, 'open');
INSERT INTO `cardExtra` (cardId, type, serial, content) VALUES ('15612_27', 0, 1, 'Inatufanya tufurahi');
INSERT INTO `cardExtra` (cardId, type, serial, content) VALUES ('15612_27', 0, 2, 'Inatupa Uhai');
INSERT INTO `cardExtra` (cardId, type, serial, content) VALUES ('15612_27', 0, 3, 'Inatuweka sawa');
INSERT INTO `cardExtra` (cardId, type, serial, content) VALUES ('15612_27', 0, 4, 'Hatupaswi');
INSERT INTO `card` (id, type, title, header, content, option) VALUES ('21985', 2, 'Familia ya Pembenyingi', 'assets/topic/asb/19270.png', 'Ursula Nafula
 Isaac Okwir', 'FFCFB5DD');
INSERT INTO `card` (id, type, title, header, content, option) VALUES ('21985_3', 3, NULL, 'assets/topic/asb/19268.png', '"Mwaka huu tutakuwa na mkutano maalum wa familia," Mama Pembenyingi alitangaza. "Nani atakayehudhuria? Natumai Pembenyingi wote watakuwa. Ninawakosa binamu yangu," Kosi alisema. "Ninakosa zaidi upande wa familia yangu ya Pembenne," Mama alitabasamu. "Ndiyo, ni kitambo sana tangu tuwaone Mstatili, Mraba, na Msambamba," alisema Baba Pembenyingi. "Usisahau, wana watoto watatu sasa!" Mama alimkumbusha Baba.', NULL);
INSERT INTO `card` (id, type, title, header, content, option) VALUES ('21985_4', 3, NULL, 'assets/topic/asb/19270.png', '"Na binamu wengine, je? Watakuja?" Fusi aliuliza. Mama alijibu, "Ndiyo, wao ni Pembenyingi, ingawa si Pembenne. Jina lao la ukoo ni Pembetatu. Watoto ni Pembetatu Pacha na Pembetatu Sawa." "Aa, ndiyo, familia ya Pembetatu!" alishangaa Fusi. "Lakini wanafanana sana na Pembenne." "La, sio kabisa," Mama alisema. "Pembetatu wana pande tatu, ilhali Pembenne wana pande nne, kama mimi."', NULL);
INSERT INTO `card` (id, type, title, header, content, option) VALUES ('21985_5', 3, NULL, 'assets/topic/asb/19271.png', 'Baba Pembenyingi aliongeza, "Nimefurahi kwa sababu binamu yangu wengine watatu watakuwa hapa, yaani, Pembetano, Pembesita na Pembenane. Wao pia ni wa familia yetu ya Pembenyingi." Vusi aliuliza, "Baba, mbona tunaitwa Pembenyingi?" "Tunaitwa Pembenyingi kwa sababu tuna pande mbili sura. Tumeumbwa kwa mistari iliyonyooka, na maumbo yetu yamefungika, kama unavyoona, mistari yetu yote imeunganika. Binamu yetu Pembetatu, Pembenne, Pembesita, na Pembetano wote watatutembelea," Baba alijibu.', NULL);
INSERT INTO `card` (id, type, title, header, content, option) VALUES ('21985_6', 3, NULL, 'assets/topic/asb/19272.png', '"Je, ulisema kuwa Pembenane atakuja? Yeye pia ni jamaa yetu?" Khosi aliuliza. "Bila shaka, binti yangu, ukimtazama, utajua kwamba ni wa familia yetu. Unastahili kuangalia kwa makini idadi ya pande ambazo binamu yako wanazo, au hutaweza kuona tofauti. Binamu Pembenane ana pande nane kwa sababu jina lake linamalizika na nane," Baba alisema.', NULL);
INSERT INTO `card` (id, type, title, header, content, option) VALUES ('21985_7', 3, NULL, 'assets/topic/asb/19273.png', '"Sawa, na Pembetano na Pembesita, je?" Vusi aliuliza. "Binamu Pembesita ana pande sita kwa sababu jina lake linamalizika na sita," Baba alijibu. "Pembetano wana pande tano. Mwalimu wetu alituambia kwamba tano inatokana na pande hizo
tano," aliongeza Khosi. "Kumbuka kwamba tatu na nne ndizo zinafanya binamu yako Pembetatu na Pembenne kuwa tofauti.', NULL);
INSERT INTO `card` (id, type, title, header, content, option) VALUES ('21985_8', 3, NULL, 'assets/topic/asb/19274.png', '"Baba, Pembesaba ana pande ngapi?" Vusi aliuliza. Baba alicheka akasema, "Sitakwambia. Kumbuka tulipiga picha zake tulipokuwa kwa harusi ya mjombako. Ningependa uitazame picha ile kwa makini kisha unieleze unachoona. Vusi aliitazama picha haraka halafu akajibu, Pembesaba ana pande saba!" Khosi aliongeza, "Ndiyo, kumbuka mwalimu wetu alituambia kuwa saba inatokana na idadi sab."', NULL);
INSERT INTO `card` (id, type, title, header, content, option) VALUES ('21985_9', 3, NULL, 'assets/topic/asb/19275.png', '"Aa mke wangu, unaona jinsi watoto wetu walivyo werevu? Je, kumi ina maana gani?" Baba aliuliza. "Pembe kumi!" Vusi na Khosi walisema. "Ndiyo, hiyo ndiyo sababu binamu yenu anaitwa Pembekumi. Lakini, hatakuja kwa sababu ataiwakilisha timu ya waogeleaji. Kuna Pembekumi wachache sana shuleni kwao," Mama aliwaambia.', NULL);
INSERT INTO `card` (id, type, title, header, content, option) VALUES ('21985_10', 3, NULL, 'assets/topic/asb/19276.png', 'Watoto walisema, "Mama na Baba, tunaweza kumualika rafiki yetu Mduara?" Wazazi wao walikubali Mduara kujiunga nao kwa sherehe. Wakati huo, waliusikia mlango ukibishwa. Baba alienda kujua ni nani. "Pembenne wako hapa! Karibu! Karibu!" Baba alishangilia.', NULL);
INSERT INTO `card` (id, type, title, header, content, option) VALUES ('21985_11', 3, NULL, 'assets/topic/asb/19277.png', 'Familia yote inaruka kuwasalimu Mraba, Mstatili, na watoto watatu wa Msambamba. Pembenne wanafurahi kuwa wa kwanza kufika.', NULL);
INSERT INTO `card` (id, type, title, header, content, option) VALUES ('21985_12', 3, NULL, 'assets/topic/asb/19278.png', 'Familia ya Pembetatu inabisha mlango muda mfupi baada ya kufika kwa Pembenne. Pembetatu pacha na Pembetatu sawa wamechoka baada ya safari ndefu. Lakini, wamefurahi kuwa pamoja na familia nzima.', NULL);
INSERT INTO `card` (id, type, title, header, content, option) VALUES ('21985_13', 3, NULL, 'assets/topic/asb/19279.png', 'Hatimaye, Pembenane na Pembesaba wanawasili pamoja na wanao, Pembetano na Pembesita. Pia wemewaleta Miraba watatu. Pembenane anaeleza, "Natumai si tatizo kwamba wana Pembenne watatu kutoka kijijini wamekuja nasi. Hawajawahi kwenda jijini." Mama alitabasamu, "Marafiki na familia wanakaribishwa hapa kila wakati." Aliwatuma watoto wote nje kucheza.', NULL);
INSERT INTO `card` (id, type, title, header, content, option) VALUES ('21985_14', 3, NULL, 'assets/topic/asb/19280.png', '"Tutacheza mchezo gani?" Vusi aliwauliza watoto wengine. Pembetatu sawa alisema kwa furaha, "Hebu tucheze mchezo wa maumbo!" Watoto wote wa Pembenyingi walianza kucheza mchezo huo. "Ninaweza kucheza nanyi? Mimi pia ningependa kucheza mchezo wa maumbo," Mduara alisema.  Vusi alimjibu, "Aibu kubwa, samahani, huwezi kucheza mchezo huo rafiki yangu." Mraba mmoja aliongeza, "Huoni umbo lako, wewe si wa familia ya Pembenyingi. Duara hawawezi kucheza mchezo wa maumbo."', NULL);
INSERT INTO `card` (id, type, title, header, content, option) VALUES ('21985_15', 3, NULL, 'assets/topic/asb/19281.png', 'Mduara alihuzunika sana kwa kuachwa nje ya mchezo. Lakini, mchezo haufurahishi sana mmoja akiachwa nje. Vusi alisema, "Ni heri tucheze mchezo ambao Mduara pia anaweza kucheza." Kwa hivyo, Pembenyingi na Mduara walicheza pamoja kwa furaha hadi chakula kitamu kilipokuwa tayari.', NULL);
INSERT INTO `card` (id, type, title, header, content, option) VALUES ('21985_16', 3, NULL, 'assets/topic/asb/19282.png', 'Your translated text', NULL);
INSERT INTO `card` (id, type, title, header, content, option) VALUES ('21985_17', 3, NULL, 'assets/topic/asb/19283.png', 'Your translated text', NULL);
INSERT INTO `card` (id, type, title, header, content, option) VALUES ('21985_18', 3, NULL, 'assets/topic/asb/19284.png', 'Your translated text', NULL);
INSERT INTO `card` (id, type, title, header, content, option) VALUES ('21985_19', 3, NULL, NULL, 'You are free to download, copy, translate or adapt this story and use the illustrations as long as you attribute in the following way:
Familia ya Pembenyingi
Author -
Lindiwe Tshabalala and African Storybook
Translation -
Ursula Nafula
Illustration -
Isaac Okwir
Language -
Kiswahili
Level -
Read aloud
© African Storybook Initiative 2016
Creative Commons: Attribution 4.0
Source
www.africanstorybook.org', NULL);
INSERT INTO `card` (id, type, title, header, content, option) VALUES ('21985_20', 1, 'Chora maumbo matano tofauti ya kijiometri na uyapake rangi', 'assets/topic/21985.svg', NULL, NULL);
INSERT INTO `cardExtra` (cardId, type, serial, content) VALUES ('21985_20', 2, 1, 'assets/topic/21985.svg');
INSERT INTO `card` (id, type, title, header, content, option) VALUES ('21985_21', 0, 'Pentagoni ina pande ngapi?', NULL, NULL, 'oneAtATime');
INSERT INTO `cardExtra` (cardId, type, serial, content) VALUES ('21985_21', 1, 1, 'Tano');
INSERT INTO `cardExtra` (cardId, type, serial, content) VALUES ('21985_21', 0, 1, 'Moja');
INSERT INTO `cardExtra` (cardId, type, serial, content) VALUES ('21985_21', 0, 2, 'Mbili');
INSERT INTO `cardExtra` (cardId, type, serial, content) VALUES ('21985_21', 0, 3, 'Tatu');
INSERT INTO `card` (id, type, title, header, content, option) VALUES ('21985_26', 0, 'Dekagoni ina pande kumi.', NULL, NULL, 'oneAtATime');
INSERT INTO `cardExtra` (cardId, type, serial, content) VALUES ('21985_26', 1, 1, 'Kweli.');
INSERT INTO `cardExtra` (cardId, type, serial, content) VALUES ('21985_26', 0, 1, 'Si kweli.');
INSERT INTO `card` (id, type, title, header, content, option) VALUES ('21985_29', 0, 'Je, ni umbo gani la kijiometri unalolipenda?', 'assets/topic/asb/19270.png', NULL, 'open');
INSERT INTO `cardExtra` (cardId, type, serial, content) VALUES ('21985_29', 0, 1, 'Dekagoni');
INSERT INTO `cardExtra` (cardId, type, serial, content) VALUES ('21985_29', 0, 2, 'Pentagoni');
INSERT INTO `cardExtra` (cardId, type, serial, content) VALUES ('21985_29', 0, 3, 'Oktagoni');
INSERT INTO `cardExtra` (cardId, type, serial, content) VALUES ('21985_29', 0, 4, 'Heksagoni');
INSERT INTO `card` (id, type, title, header, content, option) VALUES ('21998', 2, 'Fana anawapenda wanyama', 'assets/topic/asb/25266.png', 'Ursula Nafula
Jesse Breytenbach', 'FF9DEDE3');
INSERT INTO `card` (id, type, title, header, content, option) VALUES ('21998_3', 3, NULL, 'assets/topic/asb/25265.png', 'Fana na familia yake wanaishi katika mji wenye shughuli nyingi.', NULL);
INSERT INTO `card` (id, type, title, header, content, option) VALUES ('21998_4', 3, NULL, 'assets/topic/asb/25266.png', 'Fana ana paka, kuku wawili, mbuzi na njiwa.', NULL);
INSERT INTO `card` (id, type, title, header, content, option) VALUES ('21998_5', 3, NULL, 'assets/topic/asb/25267.png', 'Siku moja Fana aliwaona watoto wakiwarushia njiwa mawe.', NULL);
INSERT INTO `card` (id, type, title, header, content, option) VALUES ('21998_6', 3, NULL, 'assets/topic/asb/25268.png', 'Fana alikimbia akisema, "Acheni kutupa mawe."', NULL);
INSERT INTO `card` (id, type, title, header, content, option) VALUES ('21998_7', 3, NULL, 'assets/topic/asb/25269.png', 'Fana aliwachukua wale njiwa akawapeleka nyumbani.', NULL);
INSERT INTO `card` (id, type, title, header, content, option) VALUES ('21998_8', 3, NULL, 'assets/topic/asb/25270.png', 'Aliwalisha.
Aliwaambia wazazi vile alivyowaokoa.', NULL);
INSERT INTO `card` (id, type, title, header, content, option) VALUES ('21998_9', 3, NULL, 'assets/topic/asb/25271.png', 'Fana na wazazi wake waliwapeleka njiwa kutibiwa.', NULL);
INSERT INTO `card` (id, type, title, header, content, option) VALUES ('21998_10', 3, NULL, 'assets/topic/asb/25272.png', 'Fana huwaambia wenzake, "Wanyama ni marafiki zetu. Tunawalinda."', NULL);
INSERT INTO `card` (id, type, title, header, content, option) VALUES ('21998_11', 3, NULL, NULL, 'You are free to download, copy, translate or adapt this story and use the illustrations as long as you attribute in the following way:
Fana anawapenda wanyama
Author -
Foziya Mohammed
Translation -
Ursula Nafula
Illustration -
Jesse Breytenbach
Language -
Kiswahili
Level -
First words
© African Storybook Initiative 2017
Creative Commons: Attribution 4.0
Source
www.africanstorybook.org', NULL);
INSERT INTO `card` (id, type, title, header, content, option) VALUES ('21998_12', 1, 'Mpake rangi njiwa na umrembe', 'assets/topic/21998.svg', NULL, NULL);
INSERT INTO `cardExtra` (cardId, type, serial, content) VALUES ('21998_12', 2, 1, 'assets/topic/21998.svg');
INSERT INTO `card` (id, type, title, header, content, option) VALUES ('21998_13', 0, 'Chagua wanyama aliokuwa nao Fana', NULL, NULL, 'many');
INSERT INTO `cardExtra` (cardId, type, serial, content) VALUES ('21998_13', 1, 1, 'Paka');
INSERT INTO `cardExtra` (cardId, type, serial, content) VALUES ('21998_13', 1, 2, 'Kuku');
INSERT INTO `cardExtra` (cardId, type, serial, content) VALUES ('21998_13', 1, 3, 'Njiwa');
INSERT INTO `cardExtra` (cardId, type, serial, content) VALUES ('21998_13', 1, 4, 'Mbuzi');
INSERT INTO `cardExtra` (cardId, type, serial, content) VALUES ('21998_13', 0, 1, 'Punda');
INSERT INTO `cardExtra` (cardId, type, serial, content) VALUES ('21998_13', 0, 2, 'Simba');
INSERT INTO `cardExtra` (cardId, type, serial, content) VALUES ('21998_13', 0, 3, 'Tai');
INSERT INTO `card` (id, type, title, header, content, option) VALUES ('21998_21', 0, 'Fana na wazazi wake walileta nini kutoka kliniki?', NULL, NULL, 'oneAtATime');
INSERT INTO `cardExtra` (cardId, type, serial, content) VALUES ('21998_21', 1, 1, 'Dawa');
INSERT INTO `cardExtra` (cardId, type, serial, content) VALUES ('21998_21', 0, 1, 'Mkate');
INSERT INTO `cardExtra` (cardId, type, serial, content) VALUES ('21998_21', 0, 2, 'Biskuti');
INSERT INTO `cardExtra` (cardId, type, serial, content) VALUES ('21998_21', 0, 3, 'Maji');
INSERT INTO `card` (id, type, title, header, content, option) VALUES ('21998_26', 0, 'Unapakaa nini unapoumia?', 'assets/topic/asb/25266.png', NULL, 'open');
INSERT INTO `cardExtra` (cardId, type, serial, content) VALUES ('21998_26', 0, 1, 'Dawa');
INSERT INTO `cardExtra` (cardId, type, serial, content) VALUES ('21998_26', 0, 2, 'Jiwe');
INSERT INTO `cardExtra` (cardId, type, serial, content) VALUES ('21998_26', 0, 3, 'Matope');
INSERT INTO `cardExtra` (cardId, type, serial, content) VALUES ('21998_26', 0, 4, 'Maji');
INSERT INTO `card` (id, type, title, header, content, option) VALUES ('15613', 2, 'Fisi na Kobe', 'assets/topic/asb/13398.png', 'Brigid Simiyu
 Salim Kasamba', 'FFB3C8FF');
INSERT INTO `card` (id, type, title, header, content, option) VALUES ('15613_3', 3, NULL, 'assets/topic/asb/13395.png', 'Fisi mlafi aliishi katika kijiji cha Mkosi.', NULL);
INSERT INTO `card` (id, type, title, header, content, option) VALUES ('15613_4', 3, NULL, 'assets/topic/asb/13397.png', 'Katika kijiji jirani, aliishi Kobe mwoga. Fisi na Kobe walikuwa marafiki.', NULL);
INSERT INTO `card` (id, type, title, header, content, option) VALUES ('15613_5', 3, NULL, 'assets/topic/asb/13398.png', 'Fisi alisikia kwamba kulikuwa na nyuki waliotengeneza asali tamu kuliko yote. Nyuki hao walisafiri mbali na mizinga yao mara moja kwa mwaka. "Lazima tuipate ile asali nyuki watakapokuwa safarini," Fisi alimwambia Kobe.', NULL);
INSERT INTO `card` (id, type, title, header, content, option) VALUES ('15613_6', 3, NULL, 'assets/topic/asb/13400.png', 'Ingawa Kobe aliogopa kwenda, hakuwa na ujasiri wa kukataa. Asubuhi iliyofuata, Fisi na Kobe walianza safari yao. Fisi alienda kwa kasi huku Kobe akijikokota nyuma kwa woga.', NULL);
INSERT INTO `card` (id, type, title, header, content, option) VALUES ('15613_7', 3, NULL, 'assets/topic/asb/13401.png', 'Walipanda milima wakashuka kisha wakavuka mabonde. Waliuvuka mto mkubwa wakaendelea na safari yao wakiwa na nia ya kuifikia ile mizinga ya nyuki.', NULL);
INSERT INTO `card` (id, type, title, header, content, option) VALUES ('15613_8', 3, NULL, 'assets/topic/asb/13403.png', 'Hatimaye, waliona mizinga ya nyuki milimani kwenye miti. Fisi alikwenda kwa haraka. Kobe alikuwa tayari kuzirai kutokana na njaa na uchovu.', NULL);
INSERT INTO `card` (id, type, title, header, content, option) VALUES ('15613_9', 3, NULL, 'assets/topic/asb/13405.png', 'Fisi alipoufikia mzinga mkubwa zaidi, alimwambia Kobe, "Haraka! Panda juu ya mti uuangushe mzinga chini."', NULL);
INSERT INTO `card` (id, type, title, header, content, option) VALUES ('15613_10', 3, NULL, 'assets/topic/asb/13406.png', 'Kobe aling''ang''ana kuupanda mti. Alipofanya hivyo, aliangalia chini mara kwa mara asije akaanguka. Fisi alikasirishwa na kitendo hicho akaanza kumpigia Kobe kelele.', NULL);
INSERT INTO `card` (id, type, title, header, content, option) VALUES ('15613_11', 3, NULL, 'assets/topic/asb/13407.png', 'Kobe alipougusa mzinga, alisikia sauti ya nyuki. Kumbe walikuwa bado ndani ya mzinga wao! Kobe alishtuka akaanguka chini.', NULL);
INSERT INTO `card` (id, type, title, header, content, option) VALUES ('15613_12', 3, NULL, 'assets/topic/asb/13408.png', 'Mzinga wa nyuki ulimwangukia Kobe akafunikwa na kufichwa na asali! Fisi alianza kuilamba ile asali. Lakini nyuki hawakufurahia kitendo hicho.', NULL);
INSERT INTO `card` (id, type, title, header, content, option) VALUES ('15613_13', 3, NULL, 'assets/topic/asb/13409.png', 'Nyuki walimuuma Fisi kila sehemu ya mwili akaamua kukimbilia usalama wake. Hata hivyo, nyuki walimfuata wakaendelea kumuuma.', NULL);
INSERT INTO `card` (id, type, title, header, content, option) VALUES ('15613_14', 3, NULL, 'assets/topic/asb/13410.png', 'Fisi aliteremka kutoka mlimani, akavuka mto na bonde. Nyuki waliendelea kumuuma wakati huo wote.', NULL);
INSERT INTO `card` (id, type, title, header, content, option) VALUES ('15613_15', 3, NULL, 'assets/topic/asb/13411.png', 'Kobe naye alikuwa bado chini ya mzinga mkubwa. Hatimaye, kila kitu kilikuwa kimya. Kobe aligundua kwamba mzinga na asali vilikuwa vimekaukia mgongoni kwake.', NULL);
INSERT INTO `card` (id, type, title, header, content, option) VALUES ('15613_16', 3, NULL, 'assets/topic/asb/13412.png', 'Kobe alitambua kuwa hakuhitaji tena kujificha kichakani. Gamba jipya alilopata lingeweza kumkinga na hatari yoyote.', NULL);
INSERT INTO `card` (id, type, title, header, content, option) VALUES ('15613_17', 3, NULL, 'assets/topic/asb/13414.png', 'Fisi alikuwa amechoka na alijaa vidonda mwilini. Alizirai kabla kufika nyumbani. Alipoamka,  aligundua kwamba mishale ya nyuki ilisababisha yeye kuwa na madoadoa kwenye ngozi yake.', NULL);
INSERT INTO `card` (id, type, title, header, content, option) VALUES ('15613_18', 3, NULL, NULL, 'Hivi ndivyo kobe alivyopata gamba lake ngumu naye fisi akapata madoadoa kwenye ngozi yake. Urafiki kati ya fisi na kobe uliisha.', NULL);
INSERT INTO `card` (id, type, title, header, content, option) VALUES ('15613_19', 3, NULL, NULL, 'You are free to download, copy, translate or adapt this story and use the illustrations as long as you attribute in the following way:
Fisi na Kobe
Author -
Alice Mulwa
Translation -
Brigid Simiyu
Illustration -
Salim Kasamba
Language -
Kiswahili
Level -
First paragraphs
© African Storybook Initiative 2015
Creative Commons: Attribution 4.0
Source
www.africanstorybook.org', NULL);
INSERT INTO `card` (id, type, title, header, content, option) VALUES ('15613_20', 1, 'Mpake rangi kobe na umrembe', 'assets/topic/15613.svg', NULL, NULL);
INSERT INTO `cardExtra` (cardId, type, serial, content) VALUES ('15613_20', 2, 1, 'assets/topic/15613.svg');
INSERT INTO `card` (id, type, title, header, content, option) VALUES ('15613_21', 0, 'Nani alikuwa rafiki wa fisi mlafi?', NULL, NULL, 'oneAtATime');
INSERT INTO `cardExtra` (cardId, type, serial, content) VALUES ('15613_21', 1, 1, 'Kobe');
INSERT INTO `cardExtra` (cardId, type, serial, content) VALUES ('15613_21', 0, 1, 'Nyani');
INSERT INTO `cardExtra` (cardId, type, serial, content) VALUES ('15613_21', 0, 2, 'Duma');
INSERT INTO `cardExtra` (cardId, type, serial, content) VALUES ('15613_21', 0, 3, 'Sungura');
INSERT INTO `card` (id, type, title, header, content, option) VALUES ('15613_26', 0, 'Nyuki huishi kwenye mzinga', NULL, NULL, 'oneAtATime');
INSERT INTO `cardExtra` (cardId, type, serial, content) VALUES ('15613_26', 1, 1, 'Kweli.');
INSERT INTO `cardExtra` (cardId, type, serial, content) VALUES ('15613_26', 0, 1, 'Si kweli.');
INSERT INTO `card` (id, type, title, header, content, option) VALUES ('15613_29', 0, 'Tuwafanyie nini marafiki zetu?', 'assets/topic/asb/13398.png', NULL, 'open');
INSERT INTO `cardExtra` (cardId, type, serial, content) VALUES ('15613_29', 0, 1, 'Wema');
INSERT INTO `cardExtra` (cardId, type, serial, content) VALUES ('15613_29', 0, 2, 'Furaha');
INSERT INTO `cardExtra` (cardId, type, serial, content) VALUES ('15613_29', 0, 3, 'Uchangamfu');
INSERT INTO `cardExtra` (cardId, type, serial, content) VALUES ('15613_29', 0, 4, 'Haki');
INSERT INTO `card` (id, type, title, header, content, option) VALUES ('8698', 2, 'Fisi na Kunguru', 'assets/topic/asb/1725.png', 'Pete Mhunzi
 Wiehan de Jager', 'FF9DEDE3');
INSERT INTO `card` (id, type, title, header, content, option) VALUES ('8698_3', 3, NULL, 'assets/topic/asb/1725.png', 'Fisi na Kunguru walikuwa marafiki ingawa walikuwa tofauti. Kunguru aliruka lakini Fisi alitembea tu.', NULL);
INSERT INTO `card` (id, type, title, header, content, option) VALUES ('8698_4', 3, NULL, 'assets/topic/asb/1726.png', 'Siku moja Fisi alitaka kumfahamu Kunguru zaidi. Alimwuliza, "Ni kitu gani cheupe kilicho nyuma ya shingo yako?" Kunguru alimjibu Fisi, "Ni nyama nono nimekuwa nikiila huko angani ninaporuka. Nimeila kwa muda mrefu hadi imejibandika shingoni mwangu."', NULL);
INSERT INTO `card` (id, type, title, header, content, option) VALUES ('8698_5', 3, NULL, NULL, 'Fisi aliposikia juu ya nyama, alidondokwa na mate. Alitamani sana kula nyama hiyo. Ataipataje ikiwa angani naye hakuwa na mabawa ya kuruka na kuifikia? Fisi alimwomba Kunguru, "Tafadhali rafiki yangu, nikopeshe manyoya ili nijitengenezee mabawa. Nina hamu sana ya kuruka kama wewe na kuila ile nyama."', NULL);
INSERT INTO `card` (id, type, title, header, content, option) VALUES ('8698_6', 3, NULL, 'assets/topic/asb/1727.png', 'Kwa ukarimu wake, Kunguru alimpatia Fisi manyoya. Fisi aliyashona mabawa, akayaunganisha na mwili wake akajaribu kuruka. Uzito wake ulimshinda akalazimika kuwa na mpango tofauti.', NULL);
INSERT INTO `card` (id, type, title, header, content, option) VALUES ('8698_7', 3, NULL, 'assets/topic/asb/1728.png', 'Fisi alimwambia Kunguru, "Niruhusu niushikilie mkia wako utakaporuka angani." Kunguru alikubali akasema, "Ninajua una hamu ya kuruka. Hebu tufanye hivyo kesho asubuhi." Asubuhi ilipofika, Fisi aliushikilia mkia wa Kunguru, Kunguru aliporuka.', NULL);
INSERT INTO `card` (id, type, title, header, content, option) VALUES ('8698_8', 3, NULL, 'assets/topic/asb/1729.png', 'Kunguru aliruka mpaka akachoka kabisa. Fisi alimsihi,  "Tafadhali rafiki yangu, endelea kidogo zaidi!"', NULL);
INSERT INTO `card` (id, type, title, header, content, option) VALUES ('8698_9', 3, NULL, NULL, 'Walipokifikia kipande cha kwanza cha wingu kubwa jeupe, Fisi alidhani ni nyama nono. Mara Fisi alisikia sauti. Unyoya mmoja alioushika uling''oka kutoka kwenye mkia wa Kunguru! Akasikia sauti ya pili, ya tatu na ya nne. Kunguru alijihisi mwepesi. Alikuwa ameondokewa na mzigo ''Fisi.'' Kunguru aliimba: Manyoya ya Kunguru jinyonyoe. Manyoya ya Kunguru jinyonyoe. Fisi aliimba kinyume akisema: Manyoya ya Kunguru yashikane yasijinyonyoe. Manyoya ya Kunguru yashikane yasijinyonyoe.', NULL);
INSERT INTO `card` (id, type, title, header, content, option) VALUES ('8698_11', 3, NULL, 'assets/topic/asb/1731.png', 'Hatimaye, manyoya yote yaling''oka. Fisi akaelea peke yake angani. Alilirukia wingu jeupe akidhani ni nyama nono ambayo angejishikilia. Lakini,  alipojaribu kuishika ile "nyama," aliyashika mawingu majimaji tu!', NULL);
INSERT INTO `card` (id, type, title, header, content, option) VALUES ('8698_12', 3, NULL, 'assets/topic/asb/1732.png', 'Fisi alianza kuanguka kwa kasi kutoka angani. Alipaza sauti akisema, "Nisaidie! Nisaidie!" Hakuna aliyemsikia. Kunguru alikuwa ametokomea mawinguni.', NULL);
INSERT INTO `card` (id, type, title, header, content, option) VALUES ('8698_13', 3, NULL, 'assets/topic/asb/1733.png', 'Fisi alianguka chini kwa kishindo akalala kimya kwa muda. Baadaye aliamka kwa maumivu akipiga mayowe. Mguu wake mmoja ulikuwa umevunjika. Alikuwa na madoadoa mengi mwilini.', NULL);
INSERT INTO `card` (id, type, title, header, content, option) VALUES ('8698_14', 3, NULL, 'assets/topic/asb/1734.png', 'Fisi hajaweza kuruka. Urafiki baina yake na Kunguru haukuwepo tena.', NULL);
INSERT INTO `card` (id, type, title, header, content, option) VALUES ('8698_15', 3, NULL, NULL, 'You are free to download, copy, translate or adapt this story and use the illustrations as long as you attribute in the following way:
Fisi na Kunguru
Author -
Ann Nduku
Translation -
Pete Mhunzi
Illustration -
Wiehan de Jager
Language -
Kiswahili
Level -
Longer paragraphs
© African Storybook Initiative 2014
Creative Commons: Attribution 4.0
Source
www.africanstorybook.org', NULL);
INSERT INTO `card` (id, type, title, header, content, option) VALUES ('8698_16', 1, 'Mpake rangi kunguru na umrembe', 'assets/topic/8698.svg', NULL, NULL);
INSERT INTO `cardExtra` (cardId, type, serial, content) VALUES ('8698_16', 2, 1, 'assets/topic/8698.svg');
INSERT INTO `card` (id, type, title, header, content, option) VALUES ('8698_17', 0, 'Fisi alishona nini kwa kutumia manyoya?', NULL, NULL, 'oneAtATime');
INSERT INTO `cardExtra` (cardId, type, serial, content) VALUES ('8698_17', 1, 1, 'Mabawa');
INSERT INTO `cardExtra` (cardId, type, serial, content) VALUES ('8698_17', 0, 1, 'Mkia');
INSERT INTO `cardExtra` (cardId, type, serial, content) VALUES ('8698_17', 0, 2, 'Kishada');
INSERT INTO `cardExtra` (cardId, type, serial, content) VALUES ('8698_17', 0, 3, 'Mteremko');
INSERT INTO `card` (id, type, title, header, content, option) VALUES ('8698_22', 0, 'Nyama ya Mafuta ambayo fisi alitaka kula ilikua ni Wingu', NULL, NULL, 'oneAtATime');
INSERT INTO `cardExtra` (cardId, type, serial, content) VALUES ('8698_22', 1, 1, 'Kweli.');
INSERT INTO `cardExtra` (cardId, type, serial, content) VALUES ('8698_22', 0, 1, 'Si kweli.');
INSERT INTO `card` (id, type, title, header, content, option) VALUES ('8698_25', 0, 'Unapendelea nini kwa rafiki yako?', 'assets/topic/asb/1725.png', NULL, 'open');
INSERT INTO `cardExtra` (cardId, type, serial, content) VALUES ('8698_25', 0, 1, 'Urafiki');
INSERT INTO `cardExtra` (cardId, type, serial, content) VALUES ('8698_25', 0, 2, 'Wema');
INSERT INTO `cardExtra` (cardId, type, serial, content) VALUES ('8698_25', 0, 3, 'Ujasiri');
INSERT INTO `cardExtra` (cardId, type, serial, content) VALUES ('8698_25', 0, 4, 'Burudani');
INSERT INTO `card` (id, type, title, header, content, option) VALUES ('19193', 2, 'Fisi, Sungura na beseni', 'assets/topic/asb/19188.png', 'Charles Katiwa Kiema
 Salim Kasamba', 'FF9DEDE3');
INSERT INTO `card` (id, type, title, header, content, option) VALUES ('19193_3', 3, NULL, 'assets/topic/asb/19185.png', 'Hapo zamani, Fisi na Sungura walikuwa marafiki sana. Wote walikuwa maskini lakini Sungura alikuwa na punda. Pia alikuwa na beseni ndogo aliyoitumia kumlisha punda wake.', NULL);
INSERT INTO `card` (id, type, title, header, content, option) VALUES ('19193_4', 3, NULL, 'assets/topic/asb/19186.png', 'Adhuhuri moja, Sungura alitaka kumpatia punda wake maji. Hakuweza kutega maji kutoka kisimani kwa kutumia ile beseni yake ndogo. Basi alienda kumwomba Fisi beseni yake kubwa. Fisi alimpatia kwa sababu ya urafiki wao.', NULL);
INSERT INTO `card` (id, type, title, header, content, option) VALUES ('19193_5', 3, NULL, 'assets/topic/asb/19187.png', 'Sungura alipomaliza kumnywesha punda maji, alikwenda nyumbani kwake na beseni ya Fisi. Wiki mbili baadaye, Fisi alihitaji kufua nguo zake lakini alikumbuka kwamba Sungura alikuwa bado na beseni yake. Fisi aliziacha nguo akaenda kwa Sungura kuichukua beseni yake.', NULL);
INSERT INTO `card` (id, type, title, header, content, option) VALUES ('19193_6', 3, NULL, 'assets/topic/asb/19188.png', 'Sungura alimrudishia Fisi beseni yake kubwa na akampa ndogo vilevile akisema, "Beseni yako ilizaa mtoto. Kwa sababu ya urafiki wetu, nimeamua kukupatia zote mbili." Fisi alifurahi mno akazikubali beseni hizo mbili.', NULL);
INSERT INTO `card` (id, type, title, header, content, option) VALUES ('19193_7', 3, NULL, 'assets/topic/asb/19189.png', 'Siku mbili baadaye, Sungura tena alihitaji kumnywesha punda wake maji. Kwa mara nyingine, alimwendea Fisi amsaidie. Fisi aliwaza, "Kwa sababu nitapokea beseni moja zaidi, nitampa tena beseni yangu!" Sungura aliichukua beseni kubwa ya Fisi na kwenda kumnywesha punda wake maji. Baadaye,  aliibeba akaenda nyumbani kwake nayo.', NULL);
INSERT INTO `card` (id, type, title, header, content, option) VALUES ('19193_8', 3, NULL, 'assets/topic/asb/19190.png', 'Fisi alisubiri kabla kwenda kuichukua beseni yake kutoka kwa Sungura. Alitaka izae nyingine kama mbeleni! Fisi alipoenda nyumbani kwa Sungura kuichukua beseni yake, Sungura alisema, "Fisi,  rafiki yangu, nilikuwa ninajitayarisha kukuletea ujumbe mbaya. Beseni yako ilikufa siku mbili zilizopita. Si unajua kwamba vitu vyote vilivyo hai lazima vife?"', NULL);
INSERT INTO `card` (id, type, title, header, content, option) VALUES ('19193_9', 3, NULL, 'assets/topic/asb/19191.png', 'Fisi hakuweza kuamini aliyoyasikia. Alisema,  "Lazima niwaite wanyama wakubwa waje kuamua kesi hii." Fisi aliwaita wanyama wakubwa kwa mkutano. Ndovu, viboko, vifaru na twiga walifika nyumbani kwa Sungura kuamua kesi.', NULL);
INSERT INTO `card` (id, type, title, header, content, option) VALUES ('19193_10', 3, NULL, 'assets/topic/asb/19192.png', 'Sungura aliulizwa kueleza kilichotokea. Alisema,  "Mara ya kwanza nilipoomba beseni ya Fisi, ilizaa mtoto nami nilimpatia zote mbili. Nilipoomba mara ya pili, beseni hiyo ilifariki kabla haijazaa. Kwa sababu chochote kilicho hai, vilevile hufa. Hivyo ndivyo ilivyokuwa!" Wanyama wote walikubaliana na Sungura. Fisi aliipoteza beseni yake.', NULL);
INSERT INTO `card` (id, type, title, header, content, option) VALUES ('19193_11', 3, NULL, NULL, 'You are free to download, copy, translate or adapt this story and use the illustrations as long as you attribute in the following way:
Fisi, Sungura na beseni
Author -
Charles Katiwa Kiema
Illustration -
Salim Kasamba
Language -
Kiswahili
Level -
Longer paragraphs
© African Storybook Initiative 2016
Creative Commons: Attribution 4.0
Source
www.africanstorybook.org', NULL);
INSERT INTO `card` (id, type, title, header, content, option) VALUES ('19193_12', 1, 'Chora beseni kubwa na ulirembe', 'assets/topic/19193.svg', NULL, NULL);
INSERT INTO `cardExtra` (cardId, type, serial, content) VALUES ('19193_12', 2, 1, 'assets/topic/19193.svg');
INSERT INTO `card` (id, type, title, header, content, option) VALUES ('19193_13', 0, 'Sungura alimiliki mnyama yupi?', NULL, NULL, 'oneAtATime');
INSERT INTO `cardExtra` (cardId, type, serial, content) VALUES ('19193_13', 1, 1, 'Punda');
INSERT INTO `cardExtra` (cardId, type, serial, content) VALUES ('19193_13', 0, 1, 'Nyani');
INSERT INTO `cardExtra` (cardId, type, serial, content) VALUES ('19193_13', 0, 2, 'Paka');
INSERT INTO `cardExtra` (cardId, type, serial, content) VALUES ('19193_13', 0, 3, 'Panya');
INSERT INTO `card` (id, type, title, header, content, option) VALUES ('19193_18', 0, 'Sungura alitoa beseni dogo pamoja na beseni kubwa', NULL, NULL, 'oneAtATime');
INSERT INTO `cardExtra` (cardId, type, serial, content) VALUES ('19193_18', 1, 1, 'Kweli.');
INSERT INTO `cardExtra` (cardId, type, serial, content) VALUES ('19193_18', 0, 1, 'Si kweli.');
INSERT INTO `card` (id, type, title, header, content, option) VALUES ('19193_21', 0, 'Unakunywa maji kwa kutumia nini?', 'assets/topic/asb/19188.png', NULL, 'open');
INSERT INTO `cardExtra` (cardId, type, serial, content) VALUES ('19193_21', 0, 1, 'Sufuria');
INSERT INTO `cardExtra` (cardId, type, serial, content) VALUES ('19193_21', 0, 2, 'Bilauri');
INSERT INTO `cardExtra` (cardId, type, serial, content) VALUES ('19193_21', 0, 3, 'Kikombe');
INSERT INTO `cardExtra` (cardId, type, serial, content) VALUES ('19193_21', 0, 4, 'Jagi');
INSERT INTO `card` (id, type, title, header, content, option) VALUES ('16199', 2, 'Furaha na Huzuni', 'assets/topic/asb/1901.png', 'Mutugi Kamundi
 Rijuta Ghate', 'FF9DEDE3');
INSERT INTO `card` (id, type, title, header, content, option) VALUES ('16199_3', 3, NULL, 'assets/topic/asb/1892.png', 'Kwa nini mtoto analia?', NULL);
INSERT INTO `card` (id, type, title, header, content, option) VALUES ('16199_4', 3, NULL, 'assets/topic/asb/1893.png', 'Labda ana njaa.', NULL);
INSERT INTO `card` (id, type, title, header, content, option) VALUES ('16199_5', 3, NULL, 'assets/topic/asb/1894.png', 'Kwa nini
mvulana huyu amehuzunika?', NULL);
INSERT INTO `card` (id, type, title, header, content, option) VALUES ('16199_6', 3, NULL, 'assets/topic/asb/1895.png', 'Labda anamkosa baba yake.', NULL);
INSERT INTO `card` (id, type, title, header, content, option) VALUES ('16199_7', 3, NULL, 'assets/topic/asb/1896.png', 'Kwa nini msichana huyu amefurahi?', NULL);
INSERT INTO `card` (id, type, title, header, content, option) VALUES ('16199_8', 3, NULL, 'assets/topic/asb/1897.png', 'Kwa sababu amepata rinda jipya.', NULL);
INSERT INTO `card` (id, type, title, header, content, option) VALUES ('16199_9', 3, NULL, 'assets/topic/asb/1898.png', 'Kwa nini mzee huyo anacheka?', NULL);
INSERT INTO `card` (id, type, title, header, content, option) VALUES ('16199_10', 3, NULL, 'assets/topic/asb/1899.png', 'Kwa sababu amesoma kichekesho.', NULL);
INSERT INTO `card` (id, type, title, header, content, option) VALUES ('16199_11', 3, NULL, 'assets/topic/asb/1900.png', 'Kwa nini
mama huyu anatabasamu?', NULL);
INSERT INTO `card` (id, type, title, header, content, option) VALUES ('16199_12', 3, NULL, 'assets/topic/asb/1901.png', 'Watoto wake wanasoma kimya kimya.', NULL);
INSERT INTO `card` (id, type, title, header, content, option) VALUES ('16199_13', 3, NULL, 'assets/topic/asb/1902.png', 'Mbona mama huyu anatazama chini?', NULL);
INSERT INTO `card` (id, type, title, header, content, option) VALUES ('16199_14', 3, NULL, 'assets/topic/asb/1903.png', 'Anaona haya.', NULL);
INSERT INTO `card` (id, type, title, header, content, option) VALUES ('16199_15', 3, NULL, NULL, 'You are free to download, copy, translate or adapt this story and use the illustrations as long as you attribute in the following way:
Furaha na Huzuni
Author -
Madhav Chavan
Adaptation -
Mutugi Kamundi
Illustration -
Rijuta Ghate
Language -
Kiswahili
Level -
First words
© Pratham Books 2014
Creative Commons: Attribution 4.0
Source
www.africanstorybook.org
Original source
www.prathambooks.org', NULL);
INSERT INTO `card` (id, type, title, header, content, option) VALUES ('16199_16', 1, 'Chora gauni la msichana.', 'assets/topic/16199.svg', NULL, NULL);
INSERT INTO `cardExtra` (cardId, type, serial, content) VALUES ('16199_16', 2, 1, 'assets/topic/16199.svg');
INSERT INTO `card` (id, type, title, header, content, option) VALUES ('16199_17', 0, 'Mtoto analia kwa sababu ana njaa.', NULL, NULL, 'oneAtATime');
INSERT INTO `cardExtra` (cardId, type, serial, content) VALUES ('16199_17', 1, 1, 'Kweli.');
INSERT INTO `cardExtra` (cardId, type, serial, content) VALUES ('16199_17', 0, 1, 'Si kweli.');
INSERT INTO `card` (id, type, title, header, content, option) VALUES ('16199_20', 0, 'Oanisha kulingana na hadithi', NULL, NULL, 'pair');
INSERT INTO `cardExtra` (cardId, type, serial, content) VALUES ('16199_20', 1, 1, 'Mtoto');
INSERT INTO `cardExtra` (cardId, type, serial, content) VALUES ('16199_20', 1, 2, 'Njaa');
INSERT INTO `cardExtra` (cardId, type, serial, content) VALUES ('16199_20', 1, 3, 'Msichana');
INSERT INTO `cardExtra` (cardId, type, serial, content) VALUES ('16199_20', 1, 4, 'Gauni');
INSERT INTO `cardExtra` (cardId, type, serial, content) VALUES ('16199_20', 1, 5, 'Mwanamke');
INSERT INTO `cardExtra` (cardId, type, serial, content) VALUES ('16199_20', 1, 6, 'Haya');
INSERT INTO `cardExtra` (cardId, type, serial, content) VALUES ('16199_20', 1, 7, 'Mzee');
INSERT INTO `cardExtra` (cardId, type, serial, content) VALUES ('16199_20', 1, 8, 'Utani mzuri');
INSERT INTO `card` (id, type, title, header, content, option) VALUES ('16199_29', 0, 'Unahisije?', 'assets/topic/asb/1901.png', NULL, 'open');
INSERT INTO `cardExtra` (cardId, type, serial, content) VALUES ('16199_29', 0, 1, 'Furaha');
INSERT INTO `cardExtra` (cardId, type, serial, content) VALUES ('16199_29', 0, 2, 'Njaa');
INSERT INTO `cardExtra` (cardId, type, serial, content) VALUES ('16199_29', 0, 3, 'Huzuni');
INSERT INTO `cardExtra` (cardId, type, serial, content) VALUES ('16199_29', 0, 4, 'Haya');
INSERT INTO `card` (id, type, title, header, content, option) VALUES ('9911', 2, 'Hadithi kumhusu Wangari Maathai', 'assets/topic/asb/9803.png', 'Ursula Nafula
 Maya Marshak', 'FFB3C8FF');
INSERT INTO `card` (id, type, title, header, content, option) VALUES ('9911_3', 3, NULL, 'assets/topic/asb/9803.png', 'Kulikuwa na msichana mdogo aliyefanya kazi shambani na mamake. Waliishi karibu na Mlima Kenya, Afrika Mashariki. Msichana huyo aliitwa Wangari.', NULL);
INSERT INTO `card` (id, type, title, header, content, option) VALUES ('9911_4', 3, NULL, 'assets/topic/asb/9804.png', 'Wangari alilima katika bustani ya familia yake. Alipanda mbegu ndogo katika ardhi iliyokuwa na joto.', NULL);
INSERT INTO `card` (id, type, title, header, content, option) VALUES ('9911_5', 3, NULL, 'assets/topic/asb/9805.png', 'Alipenda majira ya jioni, wakati jua lilipotua. Giza lilipozidi, Wangari alirudi nyumbani.', NULL);
INSERT INTO `card` (id, type, title, header, content, option) VALUES ('9911_6', 3, NULL, 'assets/topic/asb/9806.png', 'Wangari alikuwa mwerevu. Alikuwa na hamu ya kwenda shule lakini, wazazi wake walitaka awasaidie nyumbani. Alipofikisha umri wa miaka saba, alikubaliwa akaanza kwenda shule.', NULL);
INSERT INTO `card` (id, type, title, header, content, option) VALUES ('9911_7', 3, NULL, 'assets/topic/asb/9807.png', 'Wangari alipenda kusoma na kujifunza kupitia kila kitabu alichosoma. Alifanya vyema shuleni akaalikwa kwenda Amerika kuendeleza masoma yake. Wangari alichangamshwa sana na nafasi hii. Alipenda kuufahamu ulimwengu zaidi.', NULL);
INSERT INTO `card` (id, type, title, header, content, option) VALUES ('9911_8', 3, NULL, 'assets/topic/asb/9808.png', 'Alipokuwa chuoni huko Amerika, Wangari alijifunza mambo mapya. Alisomea mimea na jinsi inavyokua. Alikumbuka vile alivyocheza na ndugu zake. Vilevile, alikumbuka kivuli cha miti maridadi ya misitu ya Kenya.', NULL);
INSERT INTO `card` (id, type, title, header, content, option) VALUES ('9911_9', 3, NULL, 'assets/topic/asb/9810.png', 'Alipojifunza, alifahamu kuwa aliwapenda watu wa Kenya. Alitaka wafurahi na wawe huru. Alikumbuka kwao nyumbani Afrika.', NULL);
INSERT INTO `card` (id, type, title, header, content, option) VALUES ('9911_10', 3, NULL, 'assets/topic/asb/9811.png', 'Wangari alikamilisha masomo yake akarudi Kenya. Nchi yake ilikuwa imebadilika sana. Watu matajiri walikuwa wameikata miti. Wanawake walikosa kuni. Watu wengi walikuwa maskini. Watoto walikuwa na njaa.', NULL);
INSERT INTO `card` (id, type, title, header, content, option) VALUES ('9911_11', 3, NULL, 'assets/topic/asb/9812.png', 'Wangari aliwafunza wanawake kupanda miti. Waliiuza miti hiyo na kupata pesa. Walizitumia kwa mahitaji ya familia zao. Walifurahi kwa sababu Wangari aliwasaidia kuwa na nguvu na uwezo.', NULL);
INSERT INTO `card` (id, type, title, header, content, option) VALUES ('9911_12', 3, NULL, 'assets/topic/asb/9813.png', 'Muda ulipopita, miti mipya ilikuwa misitu. Mito ilianza tena kupitisha maji. Ujumbe wa Wangari ulienea Afrika nzima. Leo, mamilioni ya miti imesitawi kutokana na juhudi za Wangari.', NULL);
INSERT INTO `card` (id, type, title, header, content, option) VALUES ('9911_14', 1, 'Paka rangi msitu wenye mto', 'assets/topic/9911.svg', NULL, NULL);
INSERT INTO `cardExtra` (cardId, type, serial, content) VALUES ('9911_14', 2, 1, 'assets/topic/9911.svg');
INSERT INTO `card` (id, type, title, header, content, option) VALUES ('9911_15', 0, 'Jina la msichana mdogo aliyefanya kazi na mama yake katika mashamba ni lipi?', NULL, NULL, 'oneAtATime');
INSERT INTO `cardExtra` (cardId, type, serial, content) VALUES ('9911_15', 1, 1, 'Wangari');
INSERT INTO `cardExtra` (cardId, type, serial, content) VALUES ('9911_15', 0, 1, 'Changari');
INSERT INTO `cardExtra` (cardId, type, serial, content) VALUES ('9911_15', 0, 2, 'Wango');
INSERT INTO `cardExtra` (cardId, type, serial, content) VALUES ('9911_15', 0, 3, 'Chang');
INSERT INTO `card` (id, type, title, header, content, option) VALUES ('9911_20', 0, 'Wangari alipenda kujifunza zaidi na zaidi.', NULL, NULL, 'oneAtATime');
INSERT INTO `cardExtra` (cardId, type, serial, content) VALUES ('9911_20', 1, 1, 'Kweli.');
INSERT INTO `cardExtra` (cardId, type, serial, content) VALUES ('9911_20', 0, 1, 'Si kweli');
INSERT INTO `card` (id, type, title, header, content, option) VALUES ('9911_23', 0, 'Wangari aliwafundisha wanawake jinsi ya kupanda miti kutokana na mbegu.', NULL, NULL, 'oneAtATime');
INSERT INTO `cardExtra` (cardId, type, serial, content) VALUES ('9911_23', 1, 1, 'Kweli.');
INSERT INTO `cardExtra` (cardId, type, serial, content) VALUES ('9911_23', 0, 1, 'Si kweli');
INSERT INTO `card` (id, type, title, header, content, option) VALUES ('9911_26', 0, 'Unapenda kufanya nini?', 'assets/topic/asb/9803.png', NULL, 'open');
INSERT INTO `cardExtra` (cardId, type, serial, content) VALUES ('9911_26', 0, 1, 'Kupanda mbegu');
INSERT INTO `cardExtra` (cardId, type, serial, content) VALUES ('9911_26', 0, 2, 'Kucheza katika maji');
INSERT INTO `cardExtra` (cardId, type, serial, content) VALUES ('9911_26', 0, 3, 'Kusoma');
INSERT INTO `cardExtra` (cardId, type, serial, content) VALUES ('9911_26', 0, 4, 'Kulala');
INSERT INTO `card` (id, type, title, header, content, option) VALUES ('23107', 2, 'Hadithi ndefu ya Jojo', 'assets/topic/asb/19917.png', 'Ursula  Nafula
Marleen Visser', 'FF9DEDE3');
INSERT INTO `card` (id, type, title, header, content, option) VALUES ('23107_3', 3, NULL, 'assets/topic/asb/19902.png', 'Chifu aliyeitwa Mfupi na Duara, alilia, "Nina tatizo kubwa sana."', NULL);
INSERT INTO `card` (id, type, title, header, content, option) VALUES ('23107_4', 3, NULL, 'assets/topic/asb/19903.png', '"Nimeipoteza pembe yangu inayotumika wakati wa upanzi," Chifu Mfupi na Duara alisema.', NULL);
INSERT INTO `card` (id, type, title, header, content, option) VALUES ('23107_5', 3, NULL, 'assets/topic/asb/19904.png', '"Nitaipata pembe yako. Nitaenda kuitafuta nyumbani kwa Mjomba Mstatili," Jojo alisema.', NULL);
INSERT INTO `card` (id, type, title, header, content, option) VALUES ('23107_6', 3, NULL, 'assets/topic/asb/19905.png', 'Jojo na Mjomba Mstatili walitafuta kila mahali lakini hawakuipata ile pembe.', NULL);
INSERT INTO `card` (id, type, title, header, content, option) VALUES ('23107_7', 3, NULL, 'assets/topic/asb/19906.png', '"Nenda uone ikiwa Mama Pembetatu anayo ile pembe," Mjomba Mstatili alisema.', NULL);
INSERT INTO `card` (id, type, title, header, content, option) VALUES ('23107_8', 3, NULL, 'assets/topic/asb/19907.png', 'Jojo alifika nyumbani kwake akanywa maji baridi kabla kuendelea na safari.', NULL);
INSERT INTO `card` (id, type, title, header, content, option) VALUES ('23107_9', 3, NULL, 'assets/topic/asb/19908.png', 'Jojo alimtembelea Almasi na kumwuliza ikiwa angeweza kuambatana naye.', NULL);
INSERT INTO `card` (id, type, title, header, content, option) VALUES ('23107_10', 3, NULL, 'assets/topic/asb/19909.png', '"Si mbali lakini nitatayarisha chakula kidogo ili tubebe," Almasi alisema.', NULL);
INSERT INTO `card` (id, type, title, header, content, option) VALUES ('23107_11', 3, NULL, 'assets/topic/asb/19910.png', 'Almasi na Jojo walipumzika na kula chakula chao chini ya mlima wa pembetatu.', NULL);
INSERT INTO `card` (id, type, title, header, content, option) VALUES ('23107_12', 3, NULL, 'assets/topic/asb/19911.png', 'Walipokuwa wamepanda nusu ya mlima, walimwona buibui na utando wa ajbu.', NULL);
INSERT INTO `card` (id, type, title, header, content, option) VALUES ('23107_13', 3, NULL, 'assets/topic/asb/19912.png', 'Jojo na Almasi walifika  nyumbani kwa Mama Pembetatu', NULL);
INSERT INTO `card` (id, type, title, header, content, option) VALUES ('23107_14', 3, NULL, 'assets/topic/asb/19913.png', '"Chifu hakuacha pembe yake hapa," Mama Pembetatu alisema.', NULL);
INSERT INTO `card` (id, type, title, header, content, option) VALUES ('23107_15', 3, NULL, 'assets/topic/asb/19914.png', 'Mama Pembetatu alijua mahali wangeipata ile pembe.', NULL);
INSERT INTO `card` (id, type, title, header, content, option) VALUES ('23107_16', 3, NULL, 'assets/topic/asb/19915.png', 'Ilikuwa jioni walipowasili nyumbani kwa Chifu Mfupi na Duara.', NULL);
INSERT INTO `card` (id, type, title, header, content, option) VALUES ('23107_17', 3, NULL, 'assets/topic/asb/19916.png', 'Mama Pembetatu alimwelekezea chifu kidole. "Umeifunga pembe yako kichwani."', NULL);
INSERT INTO `card` (id, type, title, header, content, option) VALUES ('23107_18', 3, NULL, 'assets/topic/asb/19917.png', 'Chifu Mfupi na Duara alimpa Jojo ile pembe kuipuliza. Wote walifurahi tena.', NULL);
INSERT INTO `card` (id, type, title, header, content, option) VALUES ('23107_19', 3, NULL, NULL, 'You are free to download, copy, translate or adapt this story and use the illustrations as long as you attribute in the following way:
Hadithi ndefu ya Jojo
Author -
Leo Daly
Translation -
Ursula  Nafula
Illustration -
Marleen Visser
Language -
Kiswahili
Level -
First sentences
© African Storybook Initiative 2017
Creative Commons: Attribution 4.0
Source
www.africanstorybook.org', NULL);
INSERT INTO `card` (id, type, title, header, content, option) VALUES ('23107_20', 1, 'Chora pembe na ulirembe', 'assets/topic/23107.svg', NULL, NULL);
INSERT INTO `cardExtra` (cardId, type, serial, content) VALUES ('23107_20', 2, 1, 'assets/topic/23107.svg');
INSERT INTO `card` (id, type, title, header, content, option) VALUES ('23107_21', 0, 'Mfalme mfupi na duara alipoteza nini?', NULL, NULL, 'oneAtATime');
INSERT INTO `cardExtra` (cardId, type, serial, content) VALUES ('23107_21', 1, 1, 'Pembe ya Springi');
INSERT INTO `cardExtra` (cardId, type, serial, content) VALUES ('23107_21', 0, 1, 'Pembe ya majira ya joto');
INSERT INTO `cardExtra` (cardId, type, serial, content) VALUES ('23107_21', 0, 2, 'Farasi mweupe mwenye pembe moja');
INSERT INTO `cardExtra` (cardId, type, serial, content) VALUES ('23107_21', 0, 3, 'hakupoteza kitu');
INSERT INTO `card` (id, type, title, header, content, option) VALUES ('23107_26', 0, 'Mfalme mfupi alisahau mahali alipohifadhi pembe ya springi.', NULL, NULL, 'oneAtATime');
INSERT INTO `cardExtra` (cardId, type, serial, content) VALUES ('23107_26', 1, 1, 'Kweli.');
INSERT INTO `cardExtra` (cardId, type, serial, content) VALUES ('23107_26', 0, 1, 'Uongo.');
INSERT INTO `card` (id, type, title, header, content, option) VALUES ('23107_29', 0, 'Ni umbo gani unalopenda?', 'assets/topic/asb/19917.png', NULL, 'open');
INSERT INTO `cardExtra` (cardId, type, serial, content) VALUES ('23107_29', 0, 1, 'Duara');
INSERT INTO `cardExtra` (cardId, type, serial, content) VALUES ('23107_29', 0, 2, 'Pembe tatu');
INSERT INTO `cardExtra` (cardId, type, serial, content) VALUES ('23107_29', 0, 3, 'Mraba');
INSERT INTO `cardExtra` (cardId, type, serial, content) VALUES ('23107_29', 0, 4, 'Almasi');
INSERT INTO `card` (id, type, title, header, content, option) VALUES ('17135', 2, 'Hakimu asiyekuwa na busara', 'assets/topic/asb/17057.png', 'Ursula Nafula
Brian Wambi', 'FFCFB5DD');
INSERT INTO `card` (id, type, title, header, content, option) VALUES ('17135_3', 3, NULL, 'assets/topic/asb/17050.png', 'Hapo zamani, waliishi majirani wawili marafiki,  Meseret na Demeke. Walikuwa maskini sana.
Siku moja, Meseret alimwambia Demeke,  "Lazima leo niipeleke ngano yangu sokoni. Gunia ni nzito na soko iko mbali. Ningekuwa na pesa za kutosha, ningemnunua punda."', NULL);
INSERT INTO `card` (id, type, title, header, content, option) VALUES ('17135_4', 3, NULL, 'assets/topic/asb/17052.png', 'Demeke alijibu, "Nami lazima nikavinunue vyungu vipya leo sokoni. Vitakuwa vizito mno. Heri ningekuwa na punda vilevile. Kwa sasa, ninazo tu nusu ya pesa."', NULL);
INSERT INTO `card` (id, type, title, header, content, option) VALUES ('17135_5', 3, NULL, 'assets/topic/asb/17053.png', 'Meseret alikuwa na wazo. Alisema, "Hebu tumnunue punda pamoja. Wewe utalipa nusu nami nilipe nusu. Nitamtumia kwenda sokoni kwa juma moja nawe umtumie kwa juma lingine."
Meseret na Demeke walimnunua punda. Kwa muda mrefu waliishi kwa furaha.', NULL);
INSERT INTO `card` (id, type, title, header, content, option) VALUES ('17135_6', 3, NULL, 'assets/topic/asb/17054.png', 'Siku moja, babake Meseret alifariki. Meseret alirithi mashamba, miti, ng''ombe na kondoo. Alikuwa tajiri na hakutaka kufanya kazi na Demeke tena. Vilevile,  alitaka nusu yake ya punda.', NULL);
INSERT INTO `card` (id, type, title, header, content, option) VALUES ('17135_7', 3, NULL, 'assets/topic/asb/17055.png', 'Meseret alimwambia Demeke, "Mbwa wangu wanahitaji nyama. Ninataka kumchinja punda wetu wewe uchukuwe nusu yake nami nichukuwe nusu itakayobaki."
Demeke alilia. "Sihitaji nyama yoyote ila punda. Ikiwa unataka kumchinja, nipe pesa za nusu yangu." Meseret alifoka, "Sitakupatia pesa zozote. Nusu ya punda ni yangu na ninaitaka sasa." Demeke alisema, "Hebu twende kwa hakimu atuamulie."', NULL);
INSERT INTO `card` (id, type, title, header, content, option) VALUES ('17135_8', 3, NULL, 'assets/topic/asb/17057.png', 'Meseret na Demeke walienda kumwona hakimu alisiyekuwa na busara. Hakuwasikiliza kwa makini.
Hakimu aliwauliza, "Mnammiliki punda pamoja?" "Ndiyo," Meseret na Demeke waliitikia. Hakimu akasema, "Basi, kila mmoja atapata nusu. Iwapo Meseret anataka nusu yake, ana haki ya kuichukuwa. Mchinjeni punda kisha mmgawe nusu mbili."', NULL);
INSERT INTO `card` (id, type, title, header, content, option) VALUES ('17135_9', 3, NULL, 'assets/topic/asb/17058.png', 'Meseret alifurahi. Alimchinja punda na kuchukua nusu ya nyama kuwapelekea mbwa wake.
Demeke alihuzunika akawaza, "Maskini punda wangu hayupo tena, na sasa lazima nibebe kila
kitu mwenyewe."', NULL);
INSERT INTO `card` (id, type, title, header, content, option) VALUES ('17135_10', 3, NULL, 'assets/topic/asb/17060.png', 'Miezi michache baadaye, Meseret alitaka kujijengea nyumba mpya. Alifikiri, "Nitakiteketeza chumba changu kizee kisha niijenge nyumba mpya nzuri na kubwa." Meseret alivihamisha vitu kutoka chumbani. Demeke alimwuliza, "Unafanya nini?" Meseret alimjibu, "Ninataka kukiteketeza chumba changu ili niijenge nyumba mpya." Demeke alikuwa na wasiwasi, "Lakini, chumba chako ki karibu na changu. Ukikiteketeza, changu pia kitateketea."', NULL);
INSERT INTO `card` (id, type, title, header, content, option) VALUES ('17135_11', 3, NULL, 'assets/topic/asb/17061.png', 'Kwa hasira, Meseret alisema, "Usijaribu kunizuia! Hiki ni chumba changu na nikitaka nitakiteketeza." Demeke alilia, "Wacha! Hebu twende tumwulize hakimu."
Kwa sababu hakimu hakuwa mwenye busara, hakusikiliza kwa makini wala hakuelewa. Hatimaye alisema, "Meseret ana haki ya kukiteketeze chumba chake na hakuna anayeweza kumzuia."', NULL);
INSERT INTO `card` (id, type, title, header, content, option) VALUES ('17135_12', 3, NULL, 'assets/topic/asb/17062.png', 'Meseret alipokiteketeza chumba chake, upepo uliupeperusha moto hadi kwenye paa la chumba cha Demeke. Punde, chumba chake pia kilianza kuteketea.
Demeke alimlilia hakimu, "Tazama! Meseret amekiteketeza chumba changu! Lazima anilipe." Hakimu aliamua, "La! Meseret alikiteketeza chumba chake. Moto ndio uliokiunguza chumba chako. Meseret hastahili kukulipa."', NULL);
INSERT INTO `card` (id, type, title, header, content, option) VALUES ('17135_13', 3, NULL, 'assets/topic/asb/17063.png', 'Maskini Demeke alihuzunika sana. Hakuwa na punda wala chumba. Alibaki na shamba peke yake.
Kila siku alifanya kazi shambani mwake na usiku kulala chini ya mti.', NULL);
INSERT INTO `card` (id, type, title, header, content, option) VALUES ('17135_14', 3, NULL, 'assets/topic/asb/17064.png', 'Demeke alifanya kazi kwa bidii shambani mwake. Aliyang''oa magugu na kuwafukuza ndege. Wakati wa kuvuna ulipofika, kulikuwa na mazao mazuri ya mbaazi.', NULL);
INSERT INTO `card` (id, type, title, header, content, option) VALUES ('17135_15', 3, NULL, 'assets/topic/asb/17066.png', 'Siku moja, wanawe Meseret walipitia katika shamba la Demeke. Waliona mbaazi wakasema, "Mbaazi ni tamu sana!" Walizivamia wakazitoa zote.', NULL);
INSERT INTO `card` (id, type, title, header, content, option) VALUES ('17135_16', 3, NULL, 'assets/topic/asb/17068.png', 'Demeke alipowaona wanawe Meseret, aliwaambia, "Nirudishieni mbaazi zangu."
Walimjibu kwa dharau, "Hatuwezi kukurudishia kwa kuwa tumezila. Mwulize baba akulipe."', NULL);
INSERT INTO `card` (id, type, title, header, content, option) VALUES ('17135_17', 3, NULL, 'assets/topic/asb/17069.png', 'Demeke alimwambia Meseret, "Wanao wamezila mbaazi zangu." Meseret alimjibu, "Nitakupa pesa." "Sitaki pesa zako. Ninataka mbaazi zangu." Demeke alitishia. "Subiri! Hebu twende tumuulize hakimu," Meseret alilia.', NULL);
INSERT INTO `card` (id, type, title, header, content, option) VALUES ('17135_18', 3, NULL, 'assets/topic/asb/17070.png', 'Meseret na Demeke walienda kumwona hakimu yule yule. Kama kawaida, hakuwasikiliza kwa makini wala hakufikiria juu ya tukio hilo. "Wanawe Meseret walikula mbaazi zako na ni lazima zirudishwe. Pasua tumbo zao uchukuwe mbaazi zako." Hakimu aliamua.
Meseret alisononeka sana akasema, "Wanangu watafariki! Tafadhali, Demeke, nitakupatia pesa." "Nilitaka pesa ulipomchinja punda wetu. Ninataka mbaazi zangu." Demeke alinena.', NULL);
INSERT INTO `card` (id, type, title, header, content, option) VALUES ('17135_19', 3, NULL, 'assets/topic/asb/17071.png', 'Demeke alichukua kisu chake. "Nitakujengea chumba kipya! Naomba msamaha kwa kukiteketeza chumba chako cha kwanza," Meseret alisema.
"Sitaki chumba kipya. Ninataka mbaazi zangu," Demeke alimjibu. Alianza kukitia kisu chake makali. "La! La! Tafadhali, ngoja! Hebu twende tukawaone wazee. Tafadhali rafiki yangu wa jadi, wacha wazee waamue." Meseret alilia.', NULL);
INSERT INTO `card` (id, type, title, header, content, option) VALUES ('17135_20', 3, NULL, 'assets/topic/asb/17073.png', 'Meseret na Demeke walienda kuwaona wazee wa kijiji. Wazee waliongea kwa muda mrefu na mwishowe walimwambia Meseret, "Ulikosea ulipokataa kumlipa Demeke nusu ya punda wake. Ulikosea pia ulipokiteketeza chumba chake, na wanao walipozila mbaazi zake."', NULL);
INSERT INTO `card` (id, type, title, header, content, option) VALUES ('17135_21', 3, NULL, 'assets/topic/asb/17074.png', 'Wazee walimgeukia Demeke wakasema, "Unataka kuwaua wanawe Meseret. Hilo ni kosa pia. Huu ni uamuzi wetu. Lazima Meseret ampatie Demeke nusu ya miti yake yote, mashamba, ng''ombe na kondoo. Hivyo, mtaishi pamoja kwa amani."', NULL);
INSERT INTO `card` (id, type, title, header, content, option) VALUES ('17135_22', 3, NULL, 'assets/topic/asb/17075.png', 'Meseret alimpatia Demeke nusu ya mali yake.
Waliishi pamoja kwa furaha bila kugombana tena.', NULL);
INSERT INTO `card` (id, type, title, header, content, option) VALUES ('17135_23', 3, NULL, NULL, 'You are free to download, copy, translate or adapt this story and use the illustrations as long as you attribute in the following way:
Hakimu asiyekuwa na busara
Author -
Magabi Eynew Gessesse and Elizabeth Laird
Translation -
Ursula Nafula
Illustration -
Brian Wambi
Language -
Kiswahili
Level -
Read aloud
© African Storybook Initiative 2016
Creative Commons: Attribution 4.0
Source
www.africanstorybook.org
Original source
www.ethiopianfolktales.com', NULL);
INSERT INTO `card` (id, type, title, header, content, option) VALUES ('17135_24', 1, 'Chora nyumba ya makuti na uirembe', 'assets/topic/17135.svg', NULL, NULL);
INSERT INTO `cardExtra` (cardId, type, serial, content) VALUES ('17135_24', 2, 1, 'assets/topic/17135.svg');
INSERT INTO `card` (id, type, title, header, content, option) VALUES ('17135_25', 0, 'Meseret na Demeke walitamani kununua nini kama wangekua na fedha za kutosha?', NULL, NULL, 'oneAtATime');
INSERT INTO `cardExtra` (cardId, type, serial, content) VALUES ('17135_25', 1, 1, 'Punda');
INSERT INTO `cardExtra` (cardId, type, serial, content) VALUES ('17135_25', 0, 1, 'Tumbili');
INSERT INTO `cardExtra` (cardId, type, serial, content) VALUES ('17135_25', 0, 2, 'Panya');
INSERT INTO `cardExtra` (cardId, type, serial, content) VALUES ('17135_25', 0, 3, 'Paka');
INSERT INTO `card` (id, type, title, header, content, option) VALUES ('17135_30', 0, 'Jaji alikuwa mwenye busara kwa wote.', NULL, NULL, 'oneAtATime');
INSERT INTO `cardExtra` (cardId, type, serial, content) VALUES ('17135_30', 1, 1, 'Si kweli.');
INSERT INTO `cardExtra` (cardId, type, serial, content) VALUES ('17135_30', 0, 1, 'Kweli.');
INSERT INTO `card` (id, type, title, header, content, option) VALUES ('17135_33', 0, 'Unapigana na nani?', 'assets/topic/asb/17057.png', NULL, 'open');
INSERT INTO `cardExtra` (cardId, type, serial, content) VALUES ('17135_33', 0, 1, 'Sipigani na mtu');
INSERT INTO `cardExtra` (cardId, type, serial, content) VALUES ('17135_33', 0, 2, 'Mama');
INSERT INTO `cardExtra` (cardId, type, serial, content) VALUES ('17135_33', 0, 3, 'Dada');
INSERT INTO `cardExtra` (cardId, type, serial, content) VALUES ('17135_33', 0, 4, 'Rafiki');
INSERT INTO `card` (id, type, title, header, content, option) VALUES ('8040', 2, 'Hamisi abahatika', 'assets/topic/asb/7976.png', 'Adelheid Marie Bwire
Rob Owen', 'FF9DEDE3');
INSERT INTO `card` (id, type, title, header, content, option) VALUES ('8040_3', 3, NULL, 'assets/topic/asb/7966.png', 'Siku moja Hamisi na babake walienda sokoni kununua sare ya shule.', NULL);
INSERT INTO `card` (id, type, title, header, content, option) VALUES ('8040_4', 3, NULL, 'assets/topic/asb/7967.png', 'Hamisi akamwona kijana mwingine amevalia shati la kijani kibichi. "Anaonekana nadhifu sana," Hamisi aliwaza.', NULL);
INSERT INTO `card` (id, type, title, header, content, option) VALUES ('8040_5', 3, NULL, 'assets/topic/asb/7968.png', '"Shati lile lapendeza sana," Hamisi alimwambia babake.', NULL);
INSERT INTO `card` (id, type, title, header, content, option) VALUES ('8040_6', 3, NULL, 'assets/topic/asb/7969.png', 'Hamisi aliendelea kusema, "Tafadhali baba, ninunulie shati la kijani kibichi."', NULL);
INSERT INTO `card` (id, type, title, header, content, option) VALUES ('8040_7', 3, NULL, 'assets/topic/asb/7972.png', '"Hamisi, leo nitaweza kununua sare ya shule pekee." Baba alisema.', NULL);
INSERT INTO `card` (id, type, title, header, content, option) VALUES ('8040_8', 3, NULL, 'assets/topic/asb/7973.png', '"Sina pesa za ziada za kukununulia shati kama hilo." Baba akaeleza.', NULL);
INSERT INTO `card` (id, type, title, header, content, option) VALUES ('8040_9', 3, NULL, 'assets/topic/asb/7975.png', 'Baada ya kulipia sare, baba alitambua kuwa alikuwa na pesa zilizobaki. Angeweza kumnunulia Hamisi shati la kijani kibichi!', NULL);
INSERT INTO `card` (id, type, title, header, content, option) VALUES ('8040_10', 3, NULL, 'assets/topic/asb/7976.png', 'Hamisi alifurahi sana. Alikimbia kwenda kujichagulia shati la kijani kibichi.', NULL);
INSERT INTO `card` (id, type, title, header, content, option) VALUES ('8040_11', 3, NULL, NULL, 'You are free to download, copy, translate or adapt this story and use the illustrations as long as you attribute in the following way:
Hamisi abahatika
Author -
Adelheid Marie Bwire
Illustration -
Rob Owen
Language -
Kiswahili
Level -
First sentences
© African Storybook Initiative and Molteno Institute 2014
Creative Commons: Attribution 4.0
Source
www.africanstorybook.org', NULL);
INSERT INTO `card` (id, type, title, header, content, option) VALUES ('8040_12', 1, 'Paka rangi sare ya shule.', 'assets/topic/8040.svg', NULL, NULL);
INSERT INTO `cardExtra` (cardId, type, serial, content) VALUES ('8040_12', 2, 1, 'assets/topic/8040.svg');
INSERT INTO `card` (id, type, title, header, content, option) VALUES ('8040_13', 0, 'Hamisi na baba yake walienda kununua nini?', NULL, NULL, 'oneAtATime');
INSERT INTO `cardExtra` (cardId, type, serial, content) VALUES ('8040_13', 1, 1, 'sare');
INSERT INTO `cardExtra` (cardId, type, serial, content) VALUES ('8040_13', 0, 1, 'Kofia');
INSERT INTO `cardExtra` (cardId, type, serial, content) VALUES ('8040_13', 0, 2, 'Popo');
INSERT INTO `cardExtra` (cardId, type, serial, content) VALUES ('8040_13', 0, 3, 'Mpira');
INSERT INTO `card` (id, type, title, header, content, option) VALUES ('8040_18', 0, 'Hatimaye baba yake hamisi alinunua shati kwaajili ya Hamisi.', NULL, NULL, 'oneAtATime');
INSERT INTO `cardExtra` (cardId, type, serial, content) VALUES ('8040_18', 1, 1, 'Kweli.');
INSERT INTO `cardExtra` (cardId, type, serial, content) VALUES ('8040_18', 0, 1, 'Si kweli.');
INSERT INTO `card` (id, type, title, header, content, option) VALUES ('8040_21', 0, 'Je, ungependa kununua shati la rangi gani?', 'assets/topic/asb/7976.png', NULL, 'open');
INSERT INTO `cardExtra` (cardId, type, serial, content) VALUES ('8040_21', 0, 1, 'Kijani');
INSERT INTO `cardExtra` (cardId, type, serial, content) VALUES ('8040_21', 0, 2, 'Nyekundu');
INSERT INTO `cardExtra` (cardId, type, serial, content) VALUES ('8040_21', 0, 3, 'Rangi ya machungwa');
INSERT INTO `cardExtra` (cardId, type, serial, content) VALUES ('8040_21', 0, 4, 'Buluu');
INSERT INTO `card` (id, type, title, header, content, option) VALUES ('19386', 2, 'Jambazi', 'assets/topic/asb/17600.png', 'Susan Kavaya
Jacob Kono', 'FFCFB5DD');
INSERT INTO `card` (id, type, title, header, content, option) VALUES ('19386_3', 3, NULL, 'assets/topic/asb/17597.png', 'Hapo zamani za kale, kulikuwa na wafanya biashara waliokwenda kila mahali. Walisafiri wakati wa musimu wa baridi na musimu wa joto. Walivuka milima, majangwa na misitu wakiuza na kununua bidhaa. Wafanya biashara hao waliwaogopa majambazi kwa hivyo walisafiri wakiwa katika vikundi.', NULL);
INSERT INTO `card` (id, type, title, header, content, option) VALUES ('19386_4', 3, NULL, 'assets/topic/asb/17598.png', 'Ilitokea kuwa mfanya biashara mmoja hakuweza kupata kikundi cha kusafiri nacho, kwa hivyo, alisafiri peke yake. Alikutana na jambazi akajawa na hofu. Jambazi huyo alimwuliza, "Wewe ni nani?" Alijibu, "Mimi ni mfanya biashara." "Uko peke yako?" "La! Marafiki zangu wako nyuma ingawa sasa niko peke yangu." Alijibu.', NULL);
INSERT INTO `card` (id, type, title, header, content, option) VALUES ('19386_5', 3, NULL, 'assets/topic/asb/17599.png', 'Wakati huo, mfanya biashara mwingine alikuja kutoka nyuma yao. Alijificha akatazama kwa hofu jambazi yule akimwua mfanya biashara wa kwanza na kumzika. Aliwaza, "Nitaendeleaje na safari yangu? Yaliyompata mwenzangu yatanipata mimi pia." Aliogopa kuvuka akabaki mahali hapo kwa muda. Baadaye, aliwaza, "Siwezi kukaa hapa milele. Lazima niendelee na safari yangu."', NULL);
INSERT INTO `card` (id, type, title, header, content, option) VALUES ('19386_6', 3, NULL, 'assets/topic/asb/17600.png', 'Alipita mahali ambapo jambazi alikuwa amemwua mfanya biashara wa kwanza. Alifika kijijini akiwa amehuzunika sana. Hakuweza kutabasamu wala kuzungumza na watu. Watu walimwuliza, "Ulikuwa mchangamfu, lakini sasa umehuzunika. Kwa nini?"  "Nimechoka na ninahisi kiu," alisema.', NULL);
INSERT INTO `card` (id, type, title, header, content, option) VALUES ('19386_7', 3, NULL, 'assets/topic/asb/17601.png', 'Alikaa hapo kijijini usiku wote. Siku iliyofuata,  aliendelea na safari yake. Watu walizidi kumwuliza,  "Ni nini kinachokusumbua?" Mfanya biashara alijiuliza, "Je, niwaambie au la?" Mwishowe, aliamua kuwaambia yaliyompata mfanya biashara mwenzake.', NULL);
INSERT INTO `card` (id, type, title, header, content, option) VALUES ('19386_8', 3, NULL, 'assets/topic/asb/17602.png', 'Alipomaliza kuwasimulia, wanakijiji walijua kuwa jambazi alikuwa ametoka katika kijiji chao. Walisema, "Ni vibaya sana kitendo kama hiki kutendeka hapa. Tutajaribu kujua aliyeuawa ni nani." Lakini, hawakusema jambo lolote kuhusu jambazi aliyemwua mfanya biashara huyo.', NULL);
INSERT INTO `card` (id, type, title, header, content, option) VALUES ('19386_9', 3, NULL, 'assets/topic/asb/17603.png', 'Walipokuwa njiani, mfanya biashara yule aliwaambia wanakijiji, "Nilimuona mtu akizika maiti ya mtu mwengine. Sikujua aliyezikwa alikuwa nani wala jambazi alikuwa nani. Sitawahi kurudi mahali hapa tena."', NULL);
INSERT INTO `card` (id, type, title, header, content, option) VALUES ('19386_10', 3, NULL, 'assets/topic/asb/17604.png', 'Mfalme wa kijiji alisikia jinsi wafanya biashara walikuwa wakiuawa na kuzikwa na  majambazi. Alihuzunika. "Je, majambazi wanawezaje kuwafanyia wafanya biashara hivi katika milki yangu?" Alitafuta njia ya kusuluhisha tatizo hilo. "Nitawaalika watu wote katika sherehe kisha nijaribu kuwashika majambazi hao."', NULL);
INSERT INTO `card` (id, type, title, header, content, option) VALUES ('19386_11', 3, NULL, 'assets/topic/asb/17605.png', 'Mfalme alipendwa sana na watu wake. Aliwaandalia sherehe wakulima, makasisi na kila mtu kijijini. Wote walikula, wakanywa na kujiburudisha. Mfalme alisema, "Binti yangu ni mgonjwa. Dawa pekee inayoweza kumponya ni ndimu inayomea karibu na maji yaliyo baridi mbali na wanapoishi binadamu. Kuna yeyote anayeweza kuniletea ndimu hiyo?"', NULL);
INSERT INTO `card` (id, type, title, header, content, option) VALUES ('19386_12', 3, NULL, 'assets/topic/asb/17606.png', 'Kila mtu aliwaza, "Je, nitaipata wapi ndimu aina hiyo?" Hawakusema chochote ila jambazi alisimama haraka akasema, "Mheshimiwa, nitakuletea ndimu hiyo, lakini nipe muda wa wiki mbili."', NULL);
INSERT INTO `card` (id, type, title, header, content, option) VALUES ('19386_13', 3, NULL, 'assets/topic/asb/17607.png', 'Jambazi alikwenda moja kwa moja mpaka mahali alipomzika mfanya biashara aliyemwua kwa sababu ndimu aliyotaka mfalme ilimea hapo. Alikimbilia kuipata kabla mtu mwingine kufanya hivyo. Aliziweka ndimu mfukoni kisha akakimbia kumpelekea mfalme.', NULL);
INSERT INTO `card` (id, type, title, header, content, option) VALUES ('19386_14', 3, NULL, 'assets/topic/asb/17608.png', 'Baada ya kusubiri langoni kwa siku kadhaa, alikubaliwa kumwona mfalme. Alisema, "Niko tayari kutimiza mahitaji yako. Nimekuletea ulichokitaka. Tafadhali kipokee." Mfalme alisema, "Nimefurahi umekileta nilichotaka. Ningependa unipe tukiwa mbele ya watu wengi."', NULL);
INSERT INTO `card` (id, type, title, header, content, option) VALUES ('19386_15', 3, NULL, 'assets/topic/asb/17609.png', 'Mfalme aliwaita watu wote kutoka kijijini kwenda katika ikulu. Walipokuwa wanakula na kunywa,  alisema, "Mtu huyu ametimiza ahadi yake kama mlivyosikia. Alisema ataleta tunda nililohitaji na amelileta. Ningependa kupokea zawadi hii kubwa mbele yenu nyote."', NULL);
INSERT INTO `card` (id, type, title, header, content, option) VALUES ('19386_16', 3, NULL, 'assets/topic/asb/17610.png', 'Watu walifikiri kuwa jambazi angepata zawadi ya pesa. Walimwonea wivu. Walishangaa jinsi alipata matunda hayo ya pekee. Jambazi aliufungua mfuko wake ili kumpatia mfalme ndimu mbili. Alipozitoa mfukoni, zilikuwa ndimu mbili, lakini alipomkabidhi mfalme, ziligeuka na kuwa mafuvu mawili ya binadamu.', NULL);
INSERT INTO `card` (id, type, title, header, content, option) VALUES ('19386_17', 3, NULL, 'assets/topic/asb/17611.png', 'Hili lilipofanyika, watu wote walikasirika naye jambazi akapigwa na butwaa. Mfalme alitabasamu. Kwa muda mrefu, alikuwa akitamani kukomesha ujambazi katika ufalme wake. Alitaka vitendo vyao viovu kujulikana kwa kila mtu. Alikuwa akiomba Mola amwonyeshe nani aliyekuwa jambazi.', NULL);
INSERT INTO `card` (id, type, title, header, content, option) VALUES ('19386_18', 3, NULL, 'assets/topic/asb/17612.png', 'Siku hiyo, maombi yake yalijibiwa. Alijua mtu huyo ndiye aliyekuwa muuaji. Alitoa amri atiwe gerezani.', NULL);
INSERT INTO `card` (id, type, title, header, content, option) VALUES ('19386_19', 3, NULL, NULL, 'You are free to download, copy, translate or adapt this story and use the illustrations as long as you attribute in the following way:
Jambazi
Author -
DiresGebre-Meskel and Elizabeth Laird
Translation -
Susan Kavaya
Illustration -
Jacob Kono
Language -
Kiswahili
Level -
Read aloud
© African Storybook Initiative 2016
Creative Commons: Attribution 4.0
Source
www.africanstorybook.org
Original source
www.ethiopianfolktales.com', NULL);
INSERT INTO `card` (id, type, title, header, content, option) VALUES ('19386_20', 1, 'Mpake rangi Ngamia na umrembe', 'assets/topic/19386.svg', NULL, NULL);
INSERT INTO `cardExtra` (cardId, type, serial, content) VALUES ('19386_20', 2, 1, 'assets/topic/19386.svg');
INSERT INTO `card` (id, type, title, header, content, option) VALUES ('19386_21', 0, 'Nani aliyemuua mfanyabiashara?', NULL, NULL, 'oneAtATime');
INSERT INTO `cardExtra` (cardId, type, serial, content) VALUES ('19386_21', 1, 1, 'Jambazi');
INSERT INTO `cardExtra` (cardId, type, serial, content) VALUES ('19386_21', 0, 1, 'Mwanakijiji');
INSERT INTO `cardExtra` (cardId, type, serial, content) VALUES ('19386_21', 0, 2, 'Mfalme');
INSERT INTO `cardExtra` (cardId, type, serial, content) VALUES ('19386_21', 0, 3, 'Mlinzi');
INSERT INTO `card` (id, type, title, header, content, option) VALUES ('19386_26', 0, 'Je! Mfalme alihitaji tunda gani apatiwe?', NULL, NULL, 'oneAtATime');
INSERT INTO `cardExtra` (cardId, type, serial, content) VALUES ('19386_26', 1, 1, 'Ndimu');
INSERT INTO `cardExtra` (cardId, type, serial, content) VALUES ('19386_26', 0, 1, 'Tofaha');
INSERT INTO `cardExtra` (cardId, type, serial, content) VALUES ('19386_26', 0, 2, 'Ndizi');
INSERT INTO `cardExtra` (cardId, type, serial, content) VALUES ('19386_26', 0, 3, 'Cheri');
INSERT INTO `card` (id, type, title, header, content, option) VALUES ('19386_31', 0, 'Utafanyaje ukiumwa?', 'assets/topic/asb/17600.png', NULL, 'open');
INSERT INTO `cardExtra` (cardId, type, serial, content) VALUES ('19386_31', 0, 1, 'Nitakunywa dawa');
INSERT INTO `cardExtra` (cardId, type, serial, content) VALUES ('19386_31', 0, 2, 'Nitapumzika');
INSERT INTO `cardExtra` (cardId, type, serial, content) VALUES ('19386_31', 0, 3, 'Nitakula Tunda');
INSERT INTO `cardExtra` (cardId, type, serial, content) VALUES ('19386_31', 0, 4, 'Nitamuona Mganga wa Afya');
INSERT INTO `card` (id, type, title, header, content, option) VALUES ('21838', 2, 'Jimbi adanganya', 'assets/topic/asb/14805.png', 'Ursula Nafula
 Wiehan de Jager', 'FF9DEDE3');
INSERT INTO `card` (id, type, title, header, content, option) VALUES ('21838_3', 3, NULL, 'assets/topic/asb/14795.png', 'Zamani, wanyama waliishi pamoja.
Walikutana kumchagua mfalme.', NULL);
INSERT INTO `card` (id, type, title, header, content, option) VALUES ('21838_4', 3, NULL, 'assets/topic/asb/14796.png', 'Jimbi alitaka kuwa mfalme.
Alidanganya kuwa alikuwa na moto kichwani.', NULL);
INSERT INTO `card` (id, type, title, header, content, option) VALUES ('21838_5', 3, NULL, 'assets/topic/asb/14797.png', 'Wanyama wengine walimwamini Jimbi.
Walimchagua kuwa mfalme.', NULL);
INSERT INTO `card` (id, type, title, header, content, option) VALUES ('21838_6', 3, NULL, 'assets/topic/asb/14798.png', 'Msimu wa mvua ulifika.
Kila kitu kilikuwa maji na baridi.', NULL);
INSERT INTO `card` (id, type, title, header, content, option) VALUES ('21838_7', 3, NULL, 'assets/topic/asb/14799.png', 'Sungura aliuliza, "Tutaupata moto wapi tujipashe joto?"', NULL);
INSERT INTO `card` (id, type, title, header, content, option) VALUES ('21838_8', 3, NULL, 'assets/topic/asb/14800.png', 'Kima alisema, "Tutaupata kwenye kichwa cha Jimbi."', NULL);
INSERT INTO `card` (id, type, title, header, content, option) VALUES ('21838_9', 3, NULL, 'assets/topic/asb/14801.png', 'Wanyama walimtuma Mbwa Mwitu kuleta moto kutoka kwa mfalme wao.', NULL);
INSERT INTO `card` (id, type, title, header, content, option) VALUES ('21838_10', 3, NULL, 'assets/topic/asb/14802.png', 'Mbwa Mwitu alienda kuuchukua moto bila kumuamsha Jimbi.', NULL);
INSERT INTO `card` (id, type, title, header, content, option) VALUES ('21838_11', 3, NULL, 'assets/topic/asb/14803.png', 'Mbwa Mwitu aliweka nyasi kavu kichwani.
Hazikushika moto.', NULL);
INSERT INTO `card` (id, type, title, header, content, option) VALUES ('21838_12', 3, NULL, 'assets/topic/asb/14804.png', '"Mwamshe mfalme Jimbi! Tunahitaji moto sasa," Mbwa Mwitu alisema.', NULL);
INSERT INTO `card` (id, type, title, header, content, option) VALUES ('21838_13', 3, NULL, 'assets/topic/asb/14805.png', 'Jimbi hakuwa na moto wa kumpatia Mbwa Mwitu.', NULL);
INSERT INTO `card` (id, type, title, header, content, option) VALUES ('21838_14', 3, NULL, 'assets/topic/asb/14806.png', 'Kutoka siku hiyo, mbwa mwitu hula jimbi.', NULL);
INSERT INTO `card` (id, type, title, header, content, option) VALUES ('21838_15', 3, NULL, NULL, 'You are free to download, copy, translate or adapt this story and use the illustrations as long as you attribute in the following way:
Jimbi adanganya
Author -
Vincent Afeku
Translation -
Ursula Nafula
Illustration -
Wiehan de Jager
Language -
Kiswahili
Level -
First words
© African Storybook Initiative 2015
Creative Commons: Attribution 4.0
Source
www.africanstorybook.org', NULL);
INSERT INTO `card` (id, type, title, header, content, option) VALUES ('21838_16', 1, 'Paka rangi Taji na ulirembe', 'assets/topic/21838.svg', NULL, NULL);
INSERT INTO `cardExtra` (cardId, type, serial, content) VALUES ('21838_16', 2, 1, 'assets/topic/21838.svg');
INSERT INTO `card` (id, type, title, header, content, option) VALUES ('21838_17', 0, 'Mnyama yupi alitaka kuwa mfalme?', NULL, NULL, 'oneAtATime');
INSERT INTO `cardExtra` (cardId, type, serial, content) VALUES ('21838_17', 1, 1, 'Jimbi');
INSERT INTO `cardExtra` (cardId, type, serial, content) VALUES ('21838_17', 0, 1, 'Mbwa Mwitu');
INSERT INTO `cardExtra` (cardId, type, serial, content) VALUES ('21838_17', 0, 2, 'Sungura');
INSERT INTO `cardExtra` (cardId, type, serial, content) VALUES ('21838_17', 0, 3, 'Tumbili');
INSERT INTO `card` (id, type, title, header, content, option) VALUES ('21838_22', 0, 'Chagua wanyama wote uliowasoma kwenye hadithi', NULL, NULL, 'many');
INSERT INTO `cardExtra` (cardId, type, serial, content) VALUES ('21838_22', 1, 1, 'Jimbi');
INSERT INTO `cardExtra` (cardId, type, serial, content) VALUES ('21838_22', 1, 2, 'Mbwa Mwitu');
INSERT INTO `cardExtra` (cardId, type, serial, content) VALUES ('21838_22', 1, 3, 'Sungura');
INSERT INTO `cardExtra` (cardId, type, serial, content) VALUES ('21838_22', 1, 4, 'Tumbili');
INSERT INTO `cardExtra` (cardId, type, serial, content) VALUES ('21838_22', 0, 1, 'Punda');
INSERT INTO `cardExtra` (cardId, type, serial, content) VALUES ('21838_22', 0, 2, 'Pundamilia');
INSERT INTO `card` (id, type, title, header, content, option) VALUES ('21838_29', 0, 'Unafanya nini kupasha mwili wako joto kipindi cha Baridi?', 'assets/topic/asb/14805.png', NULL, 'open');
INSERT INTO `cardExtra` (cardId, type, serial, content) VALUES ('21838_29', 0, 1, 'Najifunika na Blanketi');
INSERT INTO `cardExtra` (cardId, type, serial, content) VALUES ('21838_29', 0, 2, 'Nawasha moto kupata joto');
INSERT INTO `cardExtra` (cardId, type, serial, content) VALUES ('21838_29', 0, 3, 'Napasha Mikono');
INSERT INTO `cardExtra` (cardId, type, serial, content) VALUES ('21838_29', 0, 4, 'Navaa sweta');
INSERT INTO `card` (id, type, title, header, content, option) VALUES ('12609', 2, 'Jimbi na Sungura', 'assets/topic/asb/12453.png', 'Ursula Nafula
 Duane Arthur', 'FF9DEDE3');
INSERT INTO `card` (id, type, title, header, content, option) VALUES ('12609_3', 3, NULL, 'assets/topic/asb/12438.png', 'Hapo zamani za kale, kulikuwa na Jimbi na Sungura. Walikuwa marafiki sana.', NULL);
INSERT INTO `card` (id, type, title, header, content, option) VALUES ('12609_4', 3, NULL, 'assets/topic/asb/12440.png', 'Usiku mmoja, Sungura aliitembelea familia ya Jimbi. Walifurahia kula chajio pamoja.', NULL);
INSERT INTO `card` (id, type, title, header, content, option) VALUES ('12609_5', 3, NULL, 'assets/topic/asb/12443.png', 'Walipolala, Sungura aligundua kitu fulani.  Jimbi na familia yake walivificha vichwa vyao walipolala.', NULL);
INSERT INTO `card` (id, type, title, header, content, option) VALUES ('12609_6', 3, NULL, 'assets/topic/asb/12449.png', 'Jimbi na familia yake walilala fofofo, lakini Sungura hakulala usiku kucha.', NULL);
INSERT INTO `card` (id, type, title, header, content, option) VALUES ('12609_7', 3, NULL, 'assets/topic/asb/12453.png', 'Asubuhi walipoamka, Sungura alitaka kujua siri hiyo. Akauliza, "Ninyi huviweka vichwa vyenu wapi mnapolala?"', NULL);
INSERT INTO `card` (id, type, title, header, content, option) VALUES ('12609_8', 3, NULL, 'assets/topic/asb/12454.png', 'Jimbi, akitaka kumchezea shere Sungura, alimjibu, "Rafiki yangu, wakati wa kulala, sisi ndege huvikata vichwa vyetu ili tuweze kulala kwa starehe."', NULL);
INSERT INTO `card` (id, type, title, header, content, option) VALUES ('12609_9', 3, NULL, 'assets/topic/asb/12455.png', '"Asubuhi tuamkapo, sisi huvirejesha vichwa vyetu mwilini," Jimbi aliendelea kueleza.', NULL);
INSERT INTO `card` (id, type, title, header, content, option) VALUES ('12609_10', 3, NULL, 'assets/topic/asb/12456.png', 'Sungura aliporudi nyumbani, aliwaelezea familia yake siri hiyo ya Jimbi. Sungura waliamua kuijaribu siri hiyo wao wenyewe! Unafikiri ni nini kilichotokea?', NULL);
INSERT INTO `card` (id, type, title, header, content, option) VALUES ('12609_11', 3, NULL, NULL, 'You are free to download, copy, translate or adapt this story and use the illustrations as long as you attribute in the following way:
Jimbi na Sungura
Author -
Geoffrey Thiiru
Translation -
Ursula Nafula
Illustration -
Duane Arthur
Language -
Kiswahili
Level -
First paragraphs
© African Storybook Initiative 2015
Creative Commons: Attribution 4.0
Source
www.africanstorybook.org', NULL);
INSERT INTO `card` (id, type, title, header, content, option) VALUES ('12609_12', 1, 'Mpake rangi sungura na umrembe', 'assets/topic/12609.svg', NULL, NULL);
INSERT INTO `cardExtra` (cardId, type, serial, content) VALUES ('12609_12', 2, 1, 'assets/topic/12609.svg');
INSERT INTO `card` (id, type, title, header, content, option) VALUES ('12609_13', 0, 'Nani rafiki mzuri wa Sungura?', NULL, NULL, 'oneAtATime');
INSERT INTO `cardExtra` (cardId, type, serial, content) VALUES ('12609_13', 1, 1, 'Jimbi');
INSERT INTO `cardExtra` (cardId, type, serial, content) VALUES ('12609_13', 0, 1, 'Tumbili');
INSERT INTO `cardExtra` (cardId, type, serial, content) VALUES ('12609_13', 0, 2, 'Punda');
INSERT INTO `cardExtra` (cardId, type, serial, content) VALUES ('12609_13', 0, 3, 'Sungura');
INSERT INTO `card` (id, type, title, header, content, option) VALUES ('12609_18', 0, 'Jimbi na familia yake walikata vichwa vyao ili kupata usingizi mzuri.', NULL, NULL, 'oneAtATime');
INSERT INTO `cardExtra` (cardId, type, serial, content) VALUES ('12609_18', 1, 1, 'Si kweli');
INSERT INTO `cardExtra` (cardId, type, serial, content) VALUES ('12609_18', 0, 1, 'Kweli.');
INSERT INTO `card` (id, type, title, header, content, option) VALUES ('12609_21', 0, 'Utafanya nini ili upate usingizi mzuri usiku?', 'assets/topic/asb/12453.png', NULL, 'open');
INSERT INTO `cardExtra` (cardId, type, serial, content) VALUES ('12609_21', 0, 1, 'Nitakula matunda baada ya mlo wa usiku');
INSERT INTO `cardExtra` (cardId, type, serial, content) VALUES ('12609_21', 0, 2, 'Nitatembea umbali mrefu');
INSERT INTO `cardExtra` (cardId, type, serial, content) VALUES ('12609_21', 0, 3, 'Nitabadilisha eneo la kulala.');
INSERT INTO `cardExtra` (cardId, type, serial, content) VALUES ('12609_21', 0, 4, 'Nitasoma kitabu.');
INSERT INTO `card` (id, type, title, header, content, option) VALUES ('20439', 2, 'Jinsi chura alivyopata ngozi yake', 'assets/topic/asb/13417.png', 'Brigid Simiyu
Rob Owen', 'FFF4E1B5');
INSERT INTO `card` (id, type, title, header, content, option) VALUES ('20439_3', 3, NULL, 'assets/topic/asb/13415.png', 'Mod alikuwa amechoka kuishi majini.', NULL);
INSERT INTO `card` (id, type, title, header, content, option) VALUES ('20439_4', 3, NULL, 'assets/topic/asb/13416.png', '"Jihadhari. Ngozi yako itanyauka," Kasa alimwonya.', NULL);
INSERT INTO `card` (id, type, title, header, content, option) VALUES ('20439_5', 3, NULL, 'assets/topic/asb/13417.png', 'Lakini, Mod alitaka kujua.
Aliruka akaenda zake.', NULL);
INSERT INTO `card` (id, type, title, header, content, option) VALUES ('20439_6', 3, NULL, 'assets/topic/asb/13418.png', 'Alitazama kila mahali.', NULL);
INSERT INTO `card` (id, type, title, header, content, option) VALUES ('20439_7', 3, NULL, 'assets/topic/asb/13419.png', 'Alikuta kinyonga wa kizambarau.
Alikuwa kando ya dimbwi la maji.', NULL);
INSERT INTO `card` (id, type, title, header, content, option) VALUES ('20439_8', 3, NULL, 'assets/topic/asb/13421.png', 'Kinyonga aligeuka rangi ya waridi!
Mod aliruka mbali naye.', NULL);
INSERT INTO `card` (id, type, title, header, content, option) VALUES ('20439_9', 3, NULL, 'assets/topic/asb/13422.png', 'Alimwona fisi akikoka moto.', NULL);
INSERT INTO `card` (id, type, title, header, content, option) VALUES ('20439_10', 3, NULL, 'assets/topic/asb/13423.png', 'Moto ulienea karibu na Mod.
Aliogopa.', NULL);
INSERT INTO `card` (id, type, title, header, content, option) VALUES ('20439_11', 3, NULL, 'assets/topic/asb/13424.png', 'Moto uliichoma ngozi yake.
Aliruka ndani ya dimbwi la maji.', NULL);
INSERT INTO `card` (id, type, title, header, content, option) VALUES ('20439_12', 3, NULL, 'assets/topic/asb/13425.png', 'Lakini ngozi yake ilikuwa tayari na malengelenge.', NULL);
INSERT INTO `card` (id, type, title, header, content, option) VALUES ('20439_13', 3, NULL, 'assets/topic/asb/13426.png', 'Mod alipata ngozi kavu na mbaya.
Alianza kuishi miambani.', NULL);
INSERT INTO `card` (id, type, title, header, content, option) VALUES ('20439_14', 3, NULL, 'assets/topic/asb/13427.png', 'Vyura wachache wana ngozi nyororo.
Wanaishi majini.', NULL);
INSERT INTO `card` (id, type, title, header, content, option) VALUES ('20439_15', 3, NULL, NULL, 'You are free to download, copy, translate or adapt this story and use the illustrations as long as you attribute in the following way:
Jinsi chura alivyopata ngozi yake
Author -
Alice Mulwa
Translation -
Brigid Simiyu
Illustration -
Rob Owen
Language -
Kiswahili
Level -
First words
© African Storybook Initiative 2015
Creative Commons: Attribution 4.0
Source
www.africanstorybook.org', NULL);
INSERT INTO `card` (id, type, title, header, content, option) VALUES ('20439_16', 1, 'Paka rangi eneo la mvua', 'assets/topic/20439.svg', NULL, NULL);
INSERT INTO `cardExtra` (cardId, type, serial, content) VALUES ('20439_16', 2, 1, 'assets/topic/20439.svg');
INSERT INTO `card` (id, type, title, header, content, option) VALUES ('20439_17', 0, 'Mod alitaka kuhama eneo lake kwasababu ya msimu upi?', NULL, NULL, 'oneAtATime');
INSERT INTO `cardExtra` (cardId, type, serial, content) VALUES ('20439_17', 1, 1, 'Msimu wa Masika');
INSERT INTO `cardExtra` (cardId, type, serial, content) VALUES ('20439_17', 0, 1, 'Msimu wa mvua za rasharasha');
INSERT INTO `cardExtra` (cardId, type, serial, content) VALUES ('20439_17', 0, 2, 'Msimu wa Vuli');
INSERT INTO `cardExtra` (cardId, type, serial, content) VALUES ('20439_17', 0, 3, 'Msimu wa kiangazi');
INSERT INTO `card` (id, type, title, header, content, option) VALUES ('20439_22', 0, 'Mod alizungumza na nani kabla hajaondoka kwenye Maji?', NULL, NULL, 'oneAtATime');
INSERT INTO `cardExtra` (cardId, type, serial, content) VALUES ('20439_22', 1, 1, 'Kobe');
INSERT INTO `cardExtra` (cardId, type, serial, content) VALUES ('20439_22', 0, 1, 'Tumbili');
INSERT INTO `cardExtra` (cardId, type, serial, content) VALUES ('20439_22', 0, 2, 'Samaki');
INSERT INTO `cardExtra` (cardId, type, serial, content) VALUES ('20439_22', 0, 3, 'Kaa');
INSERT INTO `card` (id, type, title, header, content, option) VALUES ('20439_27', 0, 'Je, wewe hufanya nini wakati wa mvua?', 'assets/topic/asb/13417.png', NULL, 'open');
INSERT INTO `cardExtra` (cardId, type, serial, content) VALUES ('20439_27', 0, 1, 'Nakaa nyumbani');
INSERT INTO `cardExtra` (cardId, type, serial, content) VALUES ('20439_27', 0, 2, 'Nacheza katika maji');
INSERT INTO `cardExtra` (cardId, type, serial, content) VALUES ('20439_27', 0, 3, 'Nakula kuki');
INSERT INTO `cardExtra` (cardId, type, serial, content) VALUES ('20439_27', 0, 4, 'Nabeba mwamvuli');
INSERT INTO `card` (id, type, title, header, content, option) VALUES ('20436', 2, 'Jinsi Kobe alivyopata pua kombo', 'assets/topic/asb/13136.png', 'Brigid Simiyu
Marlene Visser', 'FF9DEDE3');
INSERT INTO `card` (id, type, title, header, content, option) VALUES ('20436_3', 3, NULL, 'assets/topic/asb/13129.png', 'Kobe na Kindi wanahitaji pesa.', NULL);
INSERT INTO `card` (id, type, title, header, content, option) VALUES ('20436_4', 3, NULL, 'assets/topic/asb/13130.png', 'Wanatengeneza sahani ili wauze sokoni.', NULL);
INSERT INTO `card` (id, type, title, header, content, option) VALUES ('20436_5', 3, NULL, 'assets/topic/asb/13131.png', 'Kobe anashuhudia vita sokoni.', NULL);
INSERT INTO `card` (id, type, title, header, content, option) VALUES ('20436_6', 3, NULL, 'assets/topic/asb/13132.png', 'Kindi na Fuko wanapigana.', NULL);
INSERT INTO `card` (id, type, title, header, content, option) VALUES ('20436_7', 3, NULL, 'assets/topic/asb/13133.png', '"Mwache rafiki yangu," Kobe anapiga mayowe.', NULL);
INSERT INTO `card` (id, type, title, header, content, option) VALUES ('20436_8', 3, NULL, 'assets/topic/asb/13134.png', 'Fuko anamuuma Kobe kwenye pua.', NULL);
INSERT INTO `card` (id, type, title, header, content, option) VALUES ('20436_9', 3, NULL, 'assets/topic/asb/13135.png', 'Pua lake lililovunjika linaumia sana.', NULL);
INSERT INTO `card` (id, type, title, header, content, option) VALUES ('20436_10', 3, NULL, 'assets/topic/asb/13136.png', 'Kobe ana pua kombo kwa kuwa na haraka ya kupigana.', NULL);
INSERT INTO `card` (id, type, title, header, content, option) VALUES ('20436_11', 3, NULL, NULL, 'You are free to download, copy, translate or adapt this story and use the illustrations as long as you attribute in the following way:
Jinsi Kobe alivyopata pua kombo
Author -
Taiwo Ẹhinẹni
Translation -
Brigid Simiyu
Illustration -
Marlene Visser
Language -
Kiswahili
Level -
First words
© African Storybook Initiative 2015
Creative Commons: Attribution 4.0
Source
www.africanstorybook.org', NULL);
INSERT INTO `card` (id, type, title, header, content, option) VALUES ('20436_12', 1, 'Chora sahani za ukubwa tofauti na upake rangi.', 'assets/topic/20436.svg', NULL, NULL);
INSERT INTO `cardExtra` (cardId, type, serial, content) VALUES ('20436_12', 2, 1, 'assets/topic/20436.svg');
INSERT INTO `card` (id, type, title, header, content, option) VALUES ('20436_13', 0, 'Kobe alijua kutengeneza nini?', NULL, NULL, 'oneAtATime');
INSERT INTO `cardExtra` (cardId, type, serial, content) VALUES ('20436_13', 1, 1, 'Sahani za Udongo');
INSERT INTO `cardExtra` (cardId, type, serial, content) VALUES ('20436_13', 0, 1, 'Vyungu vya udongo');
INSERT INTO `cardExtra` (cardId, type, serial, content) VALUES ('20436_13', 0, 2, 'Chombo cha maua cha udongo');
INSERT INTO `cardExtra` (cardId, type, serial, content) VALUES ('20436_13', 0, 3, 'Mwanasesere wa udongo');
INSERT INTO `card` (id, type, title, header, content, option) VALUES ('20436_18', 0, 'Kobe alingátwa na Fuko', NULL, NULL, 'oneAtATime');
INSERT INTO `cardExtra` (cardId, type, serial, content) VALUES ('20436_18', 1, 1, 'Kweli.');
INSERT INTO `cardExtra` (cardId, type, serial, content) VALUES ('20436_18', 0, 1, 'Si kweli');
INSERT INTO `card` (id, type, title, header, content, option) VALUES ('20436_21', 0, 'Utafanya nini utakapoona marafiki wako wanapigana?', 'assets/topic/asb/13136.png', NULL, 'open');
INSERT INTO `cardExtra` (cardId, type, serial, content) VALUES ('20436_21', 0, 1, 'Nitajaribu kuzuia ugomvi');
INSERT INTO `cardExtra` (cardId, type, serial, content) VALUES ('20436_21', 0, 2, 'Nitawajulisha watu wakubwa');
INSERT INTO `cardExtra` (cardId, type, serial, content) VALUES ('20436_21', 0, 3, 'Nitaita msaada');
INSERT INTO `cardExtra` (cardId, type, serial, content) VALUES ('20436_21', 0, 4, 'Nitaita polisi');
INSERT INTO `card` (id, type, title, header, content, option) VALUES ('22557', 2, 'Jinsi rangi zilivyokuja pamoja angani', 'assets/topic/asb/26440.png', 'Ursula  Nafula
Offei Tettey Eugene', 'FFB3C8FF');
INSERT INTO `card` (id, type, title, header, content, option) VALUES ('22557_3', 3, NULL, 'assets/topic/asb/26434.png', 'Siku moja, mvua kubwa ilikuwa imenyesha. Imani alitazama angani na kwa mara ya kwanza, aliona rangi.', NULL);
INSERT INTO `card` (id, type, title, header, content, option) VALUES ('22557_4', 3, NULL, 'assets/topic/asb/26435.png', 'Rangi zile zilipendeza sana. Alidhani kuwa mtu fulani alikuwa amefanya kazi kubwa ya kuipaka anga rangi kama vile babake alivyozipaka nyumba.', NULL);
INSERT INTO `card` (id, type, title, header, content, option) VALUES ('22557_5', 3, NULL, 'assets/topic/asb/26436.png', 'Alikimbia kumweleza dadake. "Sarah, tazama! Mtu fulani ametupakia anga rangi na kuirembesha."', NULL);
INSERT INTO `card` (id, type, title, header, content, option) VALUES ('22557_6', 3, NULL, 'assets/topic/asb/26437.png', 'Lakini Sarah alisema, "Usiwe mshenzi! Huo ni upinde. Wewe ni mdogo nami ni mkubwa. Ninajua kwa nini upinde uko angani. Hebu nikuonyeshe."', NULL);
INSERT INTO `card` (id, type, title, header, content, option) VALUES ('22557_7', 3, NULL, 'assets/topic/asb/26438.png', 'Alimpeleka Imani katika bustani ya wanyama akasema, "Upinde hautokezei kwa sababu simba wananguruma kwa mara ya kwanza. Wala hautokezei kwa sababu tembo wanazaliwa."', NULL);
INSERT INTO `card` (id, type, title, header, content, option) VALUES ('22557_8', 3, NULL, 'assets/topic/asb/26439.png', 'Sarah alimpeleka tena Imani kwenye bustani ya maua akasema, "Upinde hautokezei eti kwa sababu vipepeo wameipoteza rangi yao mawinguni."', NULL);
INSERT INTO `card` (id, type, title, header, content, option) VALUES ('22557_9', 3, NULL, 'assets/topic/asb/26440.png', 'Sarah alimwonyesha Imani kitabu akasema, "Vilevile, upinde hautokezei eti kwa sababu vifaru wanakimbia na kuzitisha rangi."', NULL);
INSERT INTO `card` (id, type, title, header, content, option) VALUES ('22557_10', 3, NULL, 'assets/topic/asb/26441.png', '"Ninajua kwa nini pinde hutokezea. Mama alinieleza, nami sasa ninakueleza!" Sarah alimwelekeza Imani kwenye uwanja wa michezo.', NULL);
INSERT INTO `card` (id, type, title, header, content, option) VALUES ('22557_11', 3, NULL, 'assets/topic/asb/26442.png', '"Pinde hutokezea angani kwa ajili ya watoto kama mimi na wewe. Siku moja, rangi zilitazama chini kutoka juu na zikafurahia kile zilizoweza kuona."', NULL);
INSERT INTO `card` (id, type, title, header, content, option) VALUES ('22557_12', 3, NULL, 'assets/topic/asb/26443.png', '"Ziliwaona watoto wenye rangi ya maji ya kunde, rangi nyeusi na rangi iliyo katikati. Ziliwaza, ''Ni ajabu ilioje kupendeza kama watoto hawa wanavyopendeza.''"', NULL);
INSERT INTO `card` (id, type, title, header, content, option) VALUES ('22557_13', 3, NULL, 'assets/topic/asb/26444.png', '"Rangi hizo zilikuja pamoja angani zikajadiliana ambavyo zingefanya. Ziliamua, ''Tutaweza tu kupendeza tukiwa kikundi.''"', NULL);
INSERT INTO `card` (id, type, title, header, content, option) VALUES ('22557_14', 3, NULL, 'assets/topic/asb/26445.png', '"Sasa, huwa zinaungana pamoja na kung''ara namna zinavyoweza. Zina matumaini ya kupendeza kama watoto zinazoona, watoto kama mimi na wewe."', NULL);
INSERT INTO `card` (id, type, title, header, content, option) VALUES ('22557_15', 3, NULL, NULL, 'You are free to download, copy, translate or adapt this story and use the illustrations as long as you attribute in the following way:
Jinsi rangi zilivyokuja pamoja angani
Author -
Zainab Ayoza Omaki
Translation -
Ursula  Nafula
Illustration -
Offei Tettey Eugene
Language -
Kiswahili
Level -
First sentences
© African Storybook Initiative 2018
Creative Commons: Attribution 4.0
Source
www.africanstorybook.org', NULL);
INSERT INTO `card` (id, type, title, header, content, option) VALUES ('22557_16', 1, 'Chora upinde wa mvua.', 'assets/topic/22557.svg', NULL, NULL);
INSERT INTO `cardExtra` (cardId, type, serial, content) VALUES ('22557_16', 2, 1, 'assets/topic/22557.svg');
INSERT INTO `card` (id, type, title, header, content, option) VALUES ('22557_17', 0, 'Imani aliona nini angani chenye rangi mbalimbali?', NULL, NULL, 'oneAtATime');
INSERT INTO `cardExtra` (cardId, type, serial, content) VALUES ('22557_17', 1, 1, 'Upinde wa mvua');
INSERT INTO `cardExtra` (cardId, type, serial, content) VALUES ('22557_17', 0, 1, 'Ndege');
INSERT INTO `cardExtra` (cardId, type, serial, content) VALUES ('22557_17', 0, 2, 'Jua');
INSERT INTO `cardExtra` (cardId, type, serial, content) VALUES ('22557_17', 0, 3, 'Mvua');
INSERT INTO `card` (id, type, title, header, content, option) VALUES ('22557_22', 0, 'Upinde wa mvua una rangi saba.', NULL, NULL, 'oneAtATime');
INSERT INTO `cardExtra` (cardId, type, serial, content) VALUES ('22557_22', 1, 1, 'Kweli.');
INSERT INTO `cardExtra` (cardId, type, serial, content) VALUES ('22557_22', 0, 1, 'Si kweli.');
INSERT INTO `card` (id, type, title, header, content, option) VALUES ('22557_25', 0, 'Je, ni rangi gani unayoipenda katika Upinde wa mvua?', 'assets/topic/asb/26440.png', NULL, 'open');
INSERT INTO `cardExtra` (cardId, type, serial, content) VALUES ('22557_25', 0, 1, 'Nyekundu');
INSERT INTO `cardExtra` (cardId, type, serial, content) VALUES ('22557_25', 0, 2, 'Zambarau-buluu');
INSERT INTO `cardExtra` (cardId, type, serial, content) VALUES ('22557_25', 0, 3, 'Kijani');
INSERT INTO `cardExtra` (cardId, type, serial, content) VALUES ('22557_25', 0, 4, 'Buluu');
INSERT INTO `card` (id, type, title, header, content, option) VALUES ('16587', 2, 'Jinsi usiku ulivyoingia kijijini', 'assets/topic/asb/1130.png', 'Ursula Nafula
 Wiehan de Jager', 'FFB3C8FF');
INSERT INTO `card` (id, type, title, header, content, option) VALUES ('16587_3', 3, NULL, 'assets/topic/asb/1131.png', 'Opio aliishi katika kijiji kisichokuwa na majira ya usiku. Watu walipochoka, walilala na kufanya kazi walipoamka.', NULL);
INSERT INTO `card` (id, type, title, header, content, option) VALUES ('16587_4', 3, NULL, 'assets/topic/asb/1132.png', 'Siku moja Opio na mbwa wake walienda kuwinda. Mbwa walipomfukuza paa, Opio aliwafuata. Mwishowe, hakuwaona tena.', NULL);
INSERT INTO `card` (id, type, title, header, content, option) VALUES ('16587_5', 3, NULL, 'assets/topic/asb/1133.png', 'Opia alikimbia mpaka akachoka. Alikaribishwa na mtu mmoja akapewa pombe kunywa.', NULL);
INSERT INTO `card` (id, type, title, header, content, option) VALUES ('16587_6', 3, NULL, 'assets/topic/asb/1134.png', 'Opio alipoamka, hakuweza kuona. Alimlalamikia mwenye nyumba, "Ulinywesha nini? Mbona sioni tena?"', NULL);
INSERT INTO `card` (id, type, title, header, content, option) VALUES ('16587_7', 3, NULL, 'assets/topic/asb/1135.png', 'Mwenye nyumba alimwambia Opio, "Sasa ni usiku. Wewe hujui usiku?" Opio aliuliza maswali mengi kuhusu usiku na mchana.', NULL);
INSERT INTO `card` (id, type, title, header, content, option) VALUES ('16587_8', 3, NULL, 'assets/topic/asb/1136.png', 'Asubuhi, Opio alielezwa jinsi ya kuupeleka usiku kijijini kwao. Aliambiwa atembea kuelekea kwao bila kutazama nyuma.', NULL);
INSERT INTO `card` (id, type, title, header, content, option) VALUES ('16587_9', 3, NULL, 'assets/topic/asb/1130.png', 'Usiku huo Opio alisafiri kwenda kijijini kwao akifuatwa na giza. Hakutazama nyuma.', NULL);
INSERT INTO `card` (id, type, title, header, content, option) VALUES ('16587_10', 3, NULL, 'assets/topic/asb/1137.png', 'Alipofika kijijini kwao, wanakijiji waliogopa wakamwuliza, "Hiki ni kitu gani cheusi kilichokufuata?" Opio aliwaeleza, "Hili ni giza la usiku. Mwangaza huwa mchana."', NULL);
INSERT INTO `card` (id, type, title, header, content, option) VALUES ('16587_11', 3, NULL, 'assets/topic/asb/1138.png', 'Opio aliendelea kuwaeleza, "Tutafanya kazi mchana na tutapumzika usiku."', NULL);
INSERT INTO `card` (id, type, title, header, content, option) VALUES ('16587_12', 3, NULL, 'assets/topic/asb/1139.png', 'Na hivyo ndivyo usiku ulivyoingia katika kijiji cha Opio.', NULL);
INSERT INTO `card` (id, type, title, header, content, option) VALUES ('16587_13', 3, NULL, NULL, 'You are free to download, copy, translate or adapt this story and use the illustrations as long as you attribute in the following way:
Jinsi usiku ulivyoingia kijijini
Author -
Robert Ekuka
Translation -
Ursula Nafula
Illustration -
Wiehan de Jager
Language -
Kiswahili
Level -
First sentences
© African Storybook Initiative 2014
Creative Commons: Attribution 4.0
Source
www.africanstorybook.org', NULL);
INSERT INTO `card` (id, type, title, header, content, option) VALUES ('16587_14', 1, 'Pamba usiku ukiwa na nyota na Mwezi.', 'assets/topic/16587.svg', NULL, NULL);
INSERT INTO `cardExtra` (cardId, type, serial, content) VALUES ('16587_14', 2, 1, 'assets/topic/16587.svg');
INSERT INTO `card` (id, type, title, header, content, option) VALUES ('16587_15', 0, 'Nini hakikuwepo katika kijiji cha Opio?', NULL, NULL, 'oneAtATime');
INSERT INTO `cardExtra` (cardId, type, serial, content) VALUES ('16587_15', 1, 1, 'Usiku');
INSERT INTO `cardExtra` (cardId, type, serial, content) VALUES ('16587_15', 0, 1, 'Mchana');
INSERT INTO `cardExtra` (cardId, type, serial, content) VALUES ('16587_15', 0, 2, 'Mti');
INSERT INTO `cardExtra` (cardId, type, serial, content) VALUES ('16587_15', 0, 3, 'Tunda');
INSERT INTO `card` (id, type, title, header, content, option) VALUES ('16587_20', 0, 'Usiku ulimfuata Opio kijijini kwake.', NULL, NULL, 'oneAtATime');
INSERT INTO `cardExtra` (cardId, type, serial, content) VALUES ('16587_20', 1, 1, 'Kweli.');
INSERT INTO `cardExtra` (cardId, type, serial, content) VALUES ('16587_20', 0, 1, 'Si kweli.');
INSERT INTO `card` (id, type, title, header, content, option) VALUES ('16587_23', 0, 'Utaongeza nini kupamba usiku?', 'assets/topic/asb/1130.png', NULL, 'open');
INSERT INTO `cardExtra` (cardId, type, serial, content) VALUES ('16587_23', 0, 1, 'Nyota');
INSERT INTO `cardExtra` (cardId, type, serial, content) VALUES ('16587_23', 0, 2, 'Mwezi');
INSERT INTO `cardExtra` (cardId, type, serial, content) VALUES ('16587_23', 0, 3, 'Jua');
INSERT INTO `cardExtra` (cardId, type, serial, content) VALUES ('16587_23', 0, 4, 'Upinde wa mvua');
INSERT INTO `card` (id, type, title, header, content, option) VALUES ('22081', 2, 'Jua, Mwezi, na Maji', 'assets/topic/asb/25567.png', 'Brigid Simiyu
Salim Kasamba', 'FFB3C8FF');
INSERT INTO `card` (id, type, title, header, content, option) VALUES ('22081_3', 3, NULL, 'assets/topic/asb/25557.png', 'Miaka mingi iliyopita, Jua na Maji walikuwa marafiki.
Wote waliishi duniani.', NULL);
INSERT INTO `card` (id, type, title, header, content, option) VALUES ('22081_4', 3, NULL, 'assets/topic/asb/25558.png', 'Jua alipenda kumtembelea Maji mara kwa mara.
Lakini, Maji hakuwahi kwenda kumtembelea Jua.', NULL);
INSERT INTO `card` (id, type, title, header, content, option) VALUES ('22081_5', 3, NULL, 'assets/topic/asb/25559.png', 'Mwishowe, Jua alimwuliza Maji kwa nini hakuenda kumtembelea.
Maji alijibu kwamba Jua ana nyumba ndogo sana. Alisema, "Nikija na familia yangu, tutakutupa nje."', NULL);
INSERT INTO `card` (id, type, title, header, content, option) VALUES ('22081_6', 3, NULL, 'assets/topic/asb/25560.png', 'Maji alisema, "Ukitaka nikutembelee, jenga uwanja mkubwa. Watu wangu ni wengi mno. Wao huchukuwa nafasi kubwa."', NULL);
INSERT INTO `card` (id, type, title, header, content, option) VALUES ('22081_7', 3, NULL, 'assets/topic/asb/25561.png', 'Jua alirudi nyumbani kwa mkewe, Mwezi. Mwezi alimsalimu kwa tabasamu kubwa.
Kisha Jua akamwambia Mwezi kuhusu ahadi aliyompa Maji.', NULL);
INSERT INTO `card` (id, type, title, header, content, option) VALUES ('22081_8', 3, NULL, 'assets/topic/asb/25562.png', 'Siku iliyofuata, Jua alianza kuandaa uwanja mkubwa ambamo angemtumbuiza rafiki yake, Maji.', NULL);
INSERT INTO `card` (id, type, title, header, content, option) VALUES ('22081_9', 3, NULL, 'assets/topic/asb/25563.png', 'Uwanja ulipokuwa tayari, alimwalika Maji awatembelee.', NULL);
INSERT INTO `card` (id, type, title, header, content, option) VALUES ('22081_10', 3, NULL, 'assets/topic/asb/25564.png', 'Maji alipofika, alimwuliza Jua iwapo ingekuwa salama yeye kuingia ndani.
Jua alijibu, "Ndiyo, ingia rafiki yangu."', NULL);
INSERT INTO `card` (id, type, title, header, content, option) VALUES ('22081_11', 3, NULL, 'assets/topic/asb/25565.png', 'Maji akaanza kutiririka ndani ya nyumba!
Aliambatana na mamba, samaki, vyura, nyoka, konokono, na wanyama wote wa majini.', NULL);
INSERT INTO `card` (id, type, title, header, content, option) VALUES ('22081_12', 3, NULL, 'assets/topic/asb/25566.png', 'Muda mfupi baadaye, Maji alifika magotini. Alimwuliza Jua iwapo bado ilikuwa salama.
"Ndiyo," Jua alijibu tena.
Jamaa wengine wengi wa Maji wakaendelea kuingia.', NULL);
INSERT INTO `card` (id, type, title, header, content, option) VALUES ('22081_13', 3, NULL, 'assets/topic/asb/25567.png', 'Maji alifika kiwango cha upeo wa kichwa cha mtu. Alimwambia Jua, "Je, watu wangu zaidi wanaweza kuja?" Jua na Mwezi walijibu, "Ndiyo."
Maji alitiririka ndani zaidi hadi Jua na Mwezi wakalazimika kuning''inia kwenye paa.', NULL);
INSERT INTO `card` (id, type, title, header, content, option) VALUES ('22081_14', 3, NULL, 'assets/topic/asb/25568.png', 'Watu wa Maji waliendelea kuingia hadi wakafika juu ya paa la nyumba. Jua na Mwezi walilazimika kwenda juu angani.
Tangu wakati huo, Jua na Mwezi huishi angani.', NULL);
INSERT INTO `card` (id, type, title, header, content, option) VALUES ('22081_15', 3, NULL, NULL, 'You are free to download, copy, translate or adapt this story and use the illustrations as long as you attribute in the following way:
Jua, Mwezi, na Maji
Author -
Owino Ogot
Translation -
Brigid Simiyu
Illustration -
Salim Kasamba
Language -
Kiswahili
Level -
First paragraphs
© African Storybook Initiative 2017
Creative Commons: Attribution 4.0
Source
www.africanstorybook.org', NULL);
INSERT INTO `card` (id, type, title, header, content, option) VALUES ('22081_16', 1, 'Chora jua na ulirembe.', 'assets/topic/22081.svg', NULL, NULL);
INSERT INTO `cardExtra` (cardId, type, serial, content) VALUES ('22081_16', 2, 1, 'assets/topic/22081.svg');
INSERT INTO `card` (id, type, title, header, content, option) VALUES ('22081_17', 0, 'Kutokana na hadithi, jua na maji viliishi wapi?', NULL, NULL, 'oneAtATime');
INSERT INTO `cardExtra` (cardId, type, serial, content) VALUES ('22081_17', 1, 1, 'Duniani');
INSERT INTO `cardExtra` (cardId, type, serial, content) VALUES ('22081_17', 0, 1, 'Mtini');
INSERT INTO `cardExtra` (cardId, type, serial, content) VALUES ('22081_17', 0, 2, 'Angani');
INSERT INTO `cardExtra` (cardId, type, serial, content) VALUES ('22081_17', 0, 3, 'Mwezini');
INSERT INTO `card` (id, type, title, header, content, option) VALUES ('22081_22', 0, 'Jua alijenga eneo kubwa sana ili maji aweze kumtembelea.', NULL, NULL, 'oneAtATime');
INSERT INTO `cardExtra` (cardId, type, serial, content) VALUES ('22081_22', 1, 1, 'Kweli.');
INSERT INTO `cardExtra` (cardId, type, serial, content) VALUES ('22081_22', 0, 1, 'Si kweli.');
INSERT INTO `card` (id, type, title, header, content, option) VALUES ('22081_25', 0, 'Je, utajenga nini ikiwa maji yanataka kukutembelea?', 'assets/topic/asb/25567.png', NULL, 'open');
INSERT INTO `cardExtra` (cardId, type, serial, content) VALUES ('22081_25', 0, 1, 'Bwawa');
INSERT INTO `cardExtra` (cardId, type, serial, content) VALUES ('22081_25', 0, 2, 'Dimbwi');
INSERT INTO `cardExtra` (cardId, type, serial, content) VALUES ('22081_25', 0, 3, 'Ziwa');
INSERT INTO `cardExtra` (cardId, type, serial, content) VALUES ('22081_25', 0, 4, 'Kisima');
INSERT INTO `card` (id, type, title, header, content, option) VALUES ('22062', 2, 'Kadogo na nduguze', 'assets/topic/asb/19605.png', 'Brigid Simiyu
 Vusi Malindi', 'FF9DEDE3');
INSERT INTO `card` (id, type, title, header, content, option) VALUES ('22062_3', 3, NULL, 'assets/topic/asb/19601.png', 'Hapo zamani za kale, mtu na mkewe walikuwa na watoto wa kiume saba wajinga.
Watoto hao waliipoteza mifugo, walivunja jembe, na kila mtu aliwadanganya walipokuwa sokoni.', NULL);
INSERT INTO `card` (id, type, title, header, content, option) VALUES ('22062_4', 3, NULL, 'assets/topic/asb/19602.png', 'Mama yao aliomba, "Ee Mungu, mbona watoto wangu wote ni wajinga? Tafadhali, nipe angaa mtoto mmoja mwenye hekima."', NULL);
INSERT INTO `card` (id, type, title, header, content, option) VALUES ('22062_5', 3, NULL, 'assets/topic/asb/19603.png', 'Mwanamke huyo alijifungua mtoto mvulana. Mtoto huyo alikuwa mdogo mno.
"Tutamwita Kadogo," mama akasema.', NULL);
INSERT INTO `card` (id, type, title, header, content, option) VALUES ('22062_6', 3, NULL, 'assets/topic/asb/19604.png', 'Kadogo hakukua kimo bali aliongezeka umri.  Alikuwa mwerevu sana. Wazazi wake walimpenda lakini, nduguze walimwonea wivu. "Mbona wazazi wetu wanakupenda wewe zaidi yetu sisi?" Walimwuliza Kadogo. "Hebu jitazame! Wewe ni mdogo kama panya."', NULL);
INSERT INTO `card` (id, type, title, header, content, option) VALUES ('22062_7', 3, NULL, 'assets/topic/asb/19605.png', 'Kulikuwa na adui aliyeishi karibu na familia ya Kadogo. Siku moja, nduguze Kadogo waliwaza, "Adui yetu ana ng''ombe wengi wanono. Usiku wa leo twendeni tukawaibe fahali wawili. Tutamtumia punda wa baba kubeba nyama zote."
Hawakumwona Kadogo kwa sababu alikuwa nyuma ya kigoda cha baba yao.', NULL);
INSERT INTO `card` (id, type, title, header, content, option) VALUES ('22062_8', 3, NULL, 'assets/topic/asb/19606.png', 'Usiku huo, nduguze Kadogo walimchukua punda wakaenda kwa adui yao.
Kadogo  aliwafuata mbio ila hawakumwona.', NULL);
INSERT INTO `card` (id, type, title, header, content, option) VALUES ('22062_9', 3, NULL, 'assets/topic/asb/19607.png', 'Walipofika kwa adui, lango lilikuwa limefungwa. Ndugu hao hawakuweza kuingia ndani. Mmoja wao akasema, "Heri tusingemuacha Kadogo nyumbani. Yeye ni mwerevu na angeweza kuingia ndani."
Hawakuwa wamemwona Kadogo kwa sababu alikuwa amejificha.', NULL);
INSERT INTO `card` (id, type, title, header, content, option) VALUES ('22062_10', 3, NULL, 'assets/topic/asb/19608.png', 'Kadogo alijitambulisha, "Ndugu zangu, sikubaki nyumbani. Nisubirini hapa nami nitaingia ndani niufungue mlango. Nitawaelekeza fahali wote kwenu."
Ndugu wa tatu aliuliza, "Utaingiaje ilhali lango limefungwa?"', NULL);
INSERT INTO `card` (id, type, title, header, content, option) VALUES ('22062_11', 3, NULL, 'assets/topic/asb/19609.png', 'Kadogo alicheka akasema, "Tazama, kuna mlango unaonitosha mimi."
Nduguze walipotazama, waliona nafasi ndogo karibu na lango. Ni nafasi iliyotosha paka pekee, lakini Kadogo aliweza kupita.', NULL);
INSERT INTO `card` (id, type, title, header, content, option) VALUES ('22062_12', 3, NULL, 'assets/topic/asb/19610.png', 'Kadogo alipenya kwenye nafais hiyo. Alipanda juu ya lango na kulifungua. Aliwaongoza fahali kutoka nje bila tatizo. Alisema, "Nendeni, fahali wangu wazuri! Nendeni nje!"', NULL);
INSERT INTO `card` (id, type, title, header, content, option) VALUES ('22062_13', 3, NULL, 'assets/topic/asb/19611.png', 'Mmoja wa nduguze adui alikuwa amelala katika chumba chake. Mbwa waliokuwa macho walianza kubweka walipomsikia Kadogo.
Bwana wao aliamka na kuuliza, "Kunaendelea nini hapa?"', NULL);
INSERT INTO `card` (id, type, title, header, content, option) VALUES ('22062_14', 3, NULL, 'assets/topic/asb/19612.png', 'Kadogo alipomwona, alijifanya kuwa mmoja wa wafanyakazi. "Usiwe na wasiwasi, bwana mkubwa. Fahali wetu wawili walikuwa wamepotea. Sasa ninawarejesha," alisema.
Bwana yule alikasirika akasema, "Wacha kupiga kelele. Tunataka kulala." Alirudi chumbani kwake, akaufunga mlango.', NULL);
INSERT INTO `card` (id, type, title, header, content, option) VALUES ('22062_15', 3, NULL, 'assets/topic/asb/19613.png', 'Kadogo aliwaongoza wale fahali wawili nje. Nduguze walifurahi sana. "Tazama fahali hawa ni wanono! Hebu tuwachinje tule nyama sasa," walisema.
Kadogo alijibu, "Adui wetu akituskika atatoka nje tena. Lazima tuvuke mto tuwapeleke mbali."', NULL);
INSERT INTO `card` (id, type, title, header, content, option) VALUES ('22062_16', 3, NULL, 'assets/topic/asb/19614.png', 'Kadogo na nduguze waliwapeleka fahali mbali na nyumba ya adui. Walipofika kwenye mto, wale ndugu saba walitazama maji kisha wakatikisa vichwa vyao.  "Hatuwezi kuuvuka mto huu. Maji haya ni mengi na hatujui kuogelea. Kadogo yuko wapi? Yeye ndiye atakayejua jinsi ya kuvuka ng''ambo."', NULL);
INSERT INTO `card` (id, type, title, header, content, option) VALUES ('22062_17', 3, NULL, 'assets/topic/asb/19615.png', 'Kadogo alikuwa ameketi juu ya pembe za fahali.
Alisema, "Niko hapa, ndugu zangu. Ninajua la kufanya. Nipeni ukambaa." Ndugu zake walimpatia ukambaa.
Kadogo aliufunga ukambaa upande mmoja wa mti. Kisha akwaambia nduguze, "Ushikeni ukambaa huu mvuke mto. Mtakuwa salama."', NULL);
INSERT INTO `card` (id, type, title, header, content, option) VALUES ('22062_18', 3, NULL, 'assets/topic/asb/19616.png', 'Mmoja baada ya mwingine, ndugu wale waliushika ukambaa wakavuka mto. Fahali waliogelea mbele yao.
"Sasa tuko mbali na adui wetu. Tunaweza kuwachinja fahali," Kadogo alisema. Wale ndugu waliwachinja fahali wakazigawa nyama mafungu saba kila mmoja na lake.', NULL);
INSERT INTO `card` (id, type, title, header, content, option) VALUES ('22062_19', 3, NULL, 'assets/topic/asb/19617.png', 'Kadogo aliwauliza, "Li wapi fungu langu?" Nduguze walicheka wakasema, "Fungu lako? Wewe ni mdogo sana. Huwezi kula nyama hii. Kadogo, wewe huna nyama." Kadogo alikasirika mno akawaza, "Nitawaadhibu kwa kunitendea hivi." Aliwaambia, "Ikiwa hamtanipa nyama, nipeni kibofu cha fahali mmoja."', NULL);
INSERT INTO `card` (id, type, title, header, content, option) VALUES ('22062_20', 3, NULL, 'assets/topic/asb/19618.png', 'Ndugu hao walimtupia Kadogo kibofu na wakaondoka. Kadogo alikichukua kile kibofu, akakimbia mbele ya nduguze.  Alipanda mti uliokuwa karibu na njia waliyopitia.
Kadogo aliufunga upande mmoja wa kibofu kisha akakipuliza hadi kikawa kama mpira. Akakichukua kijiti akaanza kukipiga kile kibofu.', NULL);
INSERT INTO `card` (id, type, title, header, content, option) VALUES ('22062_21', 3, NULL, 'assets/topic/asb/19619.png', 'Alipokuwa akikipiga kile kibofu, Kadogo alisema, "Tafadhali bwana, sikuwaiba fahali wako. Ni ndugu zangu waliowaiba. Wamewaua fahali wako na kuzigawanya nyama!"
Nduguze Kadogo walilia, "Adui wetu ametufuata. Atatuadhibu!" Kisha wakatoroka.', NULL);
INSERT INTO `card` (id, type, title, header, content, option) VALUES ('22062_22', 3, NULL, 'assets/topic/asb/19620.png', 'Kadogo alishuka kutoka mtini huku akitabasamu. "Nyama yote itakuwa yangu sasa," alisema.', NULL);
INSERT INTO `card` (id, type, title, header, content, option) VALUES ('22062_23', 3, NULL, NULL, 'You are free to download, copy, translate or adapt this story and use the illustrations as long as you attribute in the following way:
Kadogo na nduguze
Author -
Magabi Eynew Gessesse and Elizabeth Laird
Translation -
Brigid Simiyu
Illustration -
Vusi Malindi
Language -
Kiswahili
Level -
Longer paragraphs
© African Storybook Initiative 2016
Creative Commons: Attribution 4.0
Source
www.africanstorybook.org
Original source
www.ethiopianfolktales.com', NULL);
INSERT INTO `card` (id, type, title, header, content, option) VALUES ('22062_24', 1, 'Mpake rangi mtu mdogo na mtu mkubwa.', 'assets/topic/22062.svg', NULL, NULL);
INSERT INTO `cardExtra` (cardId, type, serial, content) VALUES ('22062_24', 2, 1, 'assets/topic/22062.svg');
INSERT INTO `card` (id, type, title, header, content, option) VALUES ('22062_25', 0, 'Je, mume na mke wake walikuwa na watoto wangapi?', NULL, NULL, 'oneAtATime');
INSERT INTO `cardExtra` (cardId, type, serial, content) VALUES ('22062_25', 1, 1, 'Nane');
INSERT INTO `cardExtra` (cardId, type, serial, content) VALUES ('22062_25', 0, 1, 'Watano');
INSERT INTO `cardExtra` (cardId, type, serial, content) VALUES ('22062_25', 0, 2, 'Sita');
INSERT INTO `cardExtra` (cardId, type, serial, content) VALUES ('22062_25', 0, 3, 'Wanne');
INSERT INTO `card` (id, type, title, header, content, option) VALUES ('22062_30', 0, 'Sinziro alikuwa mrefu zaidi kati ya watoto wote nane.', NULL, NULL, 'oneAtATime');
INSERT INTO `cardExtra` (cardId, type, serial, content) VALUES ('22062_30', 1, 1, 'Si kweli.');
INSERT INTO `cardExtra` (cardId, type, serial, content) VALUES ('22062_30', 0, 1, 'Kweli.');
INSERT INTO `card` (id, type, title, header, content, option) VALUES ('22062_33', 0, 'Utavukaje mto?', 'assets/topic/asb/19605.png', NULL, 'open');
INSERT INTO `cardExtra` (cardId, type, serial, content) VALUES ('22062_33', 0, 1, 'Kwa kuogelea.');
INSERT INTO `cardExtra` (cardId, type, serial, content) VALUES ('22062_33', 0, 2, 'Kwa mashua.');
INSERT INTO `cardExtra` (cardId, type, serial, content) VALUES ('22062_33', 0, 3, 'Kwa kutembea juu ya daraja');
INSERT INTO `cardExtra` (cardId, type, serial, content) VALUES ('22062_33', 0, 4, 'Utatafuta njia nyingine ya kuvuka.');
INSERT INTO `card` (id, type, title, header, content, option) VALUES ('2632', 2, 'Kahawia', 'assets/topic/asb/2617.png', 'Ursula Nafula
 Sue Kramer', 'FFB3C8FF');
INSERT INTO `card` (id, type, title, header, content, option) VALUES ('2632_3', 3, NULL, 'assets/topic/asb/2618.png', 'Kuni ya kahawia iliyopasukapasuka.', NULL);
INSERT INTO `card` (id, type, title, header, content, option) VALUES ('2632_4', 3, NULL, 'assets/topic/asb/2619.png', 'Mchoro wa simba wa kahawia.', NULL);
INSERT INTO `card` (id, type, title, header, content, option) VALUES ('2632_5', 3, NULL, 'assets/topic/asb/2620.png', 'Mkate laini wa kahawia.', NULL);
INSERT INTO `card` (id, type, title, header, content, option) VALUES ('2632_6', 3, NULL, 'assets/topic/asb/2621.png', 'Keki tamu za kahawia.', NULL);
INSERT INTO `card` (id, type, title, header, content, option) VALUES ('2632_7', 3, NULL, 'assets/topic/asb/2622.png', 'Viatu vizee vya kahawia.', NULL);
INSERT INTO `card` (id, type, title, header, content, option) VALUES ('2632_8', 3, NULL, 'assets/topic/asb/2624.png', 'Kifaru wa kahawia wa kumetameta.', NULL);
INSERT INTO `card` (id, type, title, header, content, option) VALUES ('2632_9', 3, NULL, 'assets/topic/asb/2625.png', 'Kofia ya kahawia iliyotengenezwa kutoka kwa ngozi ya kondoo.', NULL);
INSERT INTO `card` (id, type, title, header, content, option) VALUES ('2632_10', 3, NULL, 'assets/topic/asb/2626.png', 'Mbwa laini wa kahawia.', NULL);
INSERT INTO `card` (id, type, title, header, content, option) VALUES ('2632_11', 3, NULL, 'assets/topic/asb/2627.png', 'Udongo mchafu wa kahawia.', NULL);
INSERT INTO `card` (id, type, title, header, content, option) VALUES ('2632_12', 3, NULL, 'assets/topic/asb/2628.png', 'Ngozi majimaji ya kahawia.', NULL);
INSERT INTO `card` (id, type, title, header, content, option) VALUES ('2632_13', 3, NULL, 'assets/topic/asb/2629.png', 'Na hii ni nini? Uso safi katika kioo kichafu.', NULL);
INSERT INTO `card` (id, type, title, header, content, option) VALUES ('2632_14', 3, NULL, NULL, 'You are free to download, copy, translate or adapt this story and use the illustrations as long as you attribute in the following way:
Kahawia
Author -
Reviva Schermbrucker
Translation -
Ursula Nafula
Illustration -
Sue Kramer
Language -
Kiswahili
Level -
First words
© Reviva Schermbrucker, Sue Kramer and Praesa, 2002
Creative Commons: Attribution-Non Commercial 3.0
Source
www.africanstorybook.org
Original source
http://www.littlehandstrust.com/books.html', NULL);
INSERT INTO `card` (id, type, title, header, content, option) VALUES ('2632_15', 1, 'Chora mkate mtamu wa rangi ya kahawia.', 'assets/topic/2632.svg', NULL, NULL);
INSERT INTO `cardExtra` (cardId, type, serial, content) VALUES ('2632_15', 2, 1, 'assets/topic/2632.svg');
INSERT INTO `card` (id, type, title, header, content, option) VALUES ('2632_16', 0, 'Linganisha yafuatazo kama ilivyo katika hadithi.', NULL, NULL, 'pair');
INSERT INTO `cardExtra` (cardId, type, serial, content) VALUES ('2632_16', 1, 1, 'Kupasuka');
INSERT INTO `cardExtra` (cardId, type, serial, content) VALUES ('2632_16', 1, 2, 'Mbao');
INSERT INTO `cardExtra` (cardId, type, serial, content) VALUES ('2632_16', 1, 3, 'Iliyochorwa');
INSERT INTO `cardExtra` (cardId, type, serial, content) VALUES ('2632_16', 1, 4, 'Simba');
INSERT INTO `cardExtra` (cardId, type, serial, content) VALUES ('2632_16', 1, 5, 'Laini');
INSERT INTO `cardExtra` (cardId, type, serial, content) VALUES ('2632_16', 1, 6, 'Mkate');
INSERT INTO `cardExtra` (cardId, type, serial, content) VALUES ('2632_16', 1, 7, 'Tamu');
INSERT INTO `cardExtra` (cardId, type, serial, content) VALUES ('2632_16', 1, 8, 'Keki');
INSERT INTO `cardExtra` (cardId, type, serial, content) VALUES ('2632_16', 1, 9, 'Metameta');
INSERT INTO `cardExtra` (cardId, type, serial, content) VALUES ('2632_16', 1, 10, 'Kifaru');
INSERT INTO `cardExtra` (cardId, type, serial, content) VALUES ('2632_16', 1, 11, 'Ngozi ya kondoo');
INSERT INTO `cardExtra` (cardId, type, serial, content) VALUES ('2632_16', 1, 12, 'Kofia');
INSERT INTO `cardExtra` (cardId, type, serial, content) VALUES ('2632_16', 1, 13, 'Uchafu');
INSERT INTO `cardExtra` (cardId, type, serial, content) VALUES ('2632_16', 1, 14, 'Matope');
INSERT INTO `card` (id, type, title, header, content, option) VALUES ('2632_31', 0, 'Mbwa ni mlaini na ana macho ya kahawia.', NULL, NULL, 'oneAtATime');
INSERT INTO `cardExtra` (cardId, type, serial, content) VALUES ('2632_31', 1, 1, 'Kweli.');
INSERT INTO `cardExtra` (cardId, type, serial, content) VALUES ('2632_31', 0, 1, 'Si kweli');
INSERT INTO `card` (id, type, title, header, content, option) VALUES ('2632_34', 0, 'Andika majina ya vitu vyenye rangi nyeusi.', 'assets/topic/asb/2617.png', NULL, 'open');
INSERT INTO `cardExtra` (cardId, type, serial, content) VALUES ('2632_34', 0, 1, 'Nywele');
INSERT INTO `cardExtra` (cardId, type, serial, content) VALUES ('2632_34', 0, 2, 'Buti nyeusi');
INSERT INTO `cardExtra` (cardId, type, serial, content) VALUES ('2632_34', 0, 3, 'Usiku');
INSERT INTO `cardExtra` (cardId, type, serial, content) VALUES ('2632_34', 0, 4, 'Kunguru');
INSERT INTO `card` (id, type, title, header, content, option) VALUES ('22468', 2, 'Kate yuko mbinguni', 'assets/topic/asb/26149.png', 'Ursula Nafula
Rodney  Kawaayi', 'FF9DEDE3');
INSERT INTO `card` (id, type, title, header, content, option) VALUES ('22468_3', 3, NULL, 'assets/topic/asb/26134.png', 'Kate ana kitu kichwani mwake. Je, watakiondoaje?', NULL);
INSERT INTO `card` (id, type, title, header, content, option) VALUES ('22468_4', 3, NULL, 'assets/topic/asb/26135.png', 'Kinafanya Kate achoke. Kinamuumiza. Kinamfanya ajihisi mzito.', NULL);
INSERT INTO `card` (id, type, title, header, content, option) VALUES ('22468_5', 3, NULL, 'assets/topic/asb/26136.png', 'Hawezi kula. Hawezi kunywa. Hacheki kama hapo awali.', NULL);
INSERT INTO `card` (id, type, title, header, content, option) VALUES ('22468_6', 3, NULL, NULL, 'Jamani, maskini mwanamke huyu! Kichwa kinamuuma. Daktari anapiga kichwa chake picha kutumia mawimbi ya sauti.', NULL);
INSERT INTO `card` (id, type, title, header, content, option) VALUES ('22468_7', 3, NULL, 'assets/topic/asb/26137.png', 'Daktari anauona uvime kichwani mwake. Anasema, "Kuna uvimbe kwenye ubongo wako."', NULL);
INSERT INTO `card` (id, type, title, header, content, option) VALUES ('22468_8', 3, NULL, 'assets/topic/asb/26138.png', '"Lazima tuuondoe huu uvimbe mara moja. Lazima tuuondoe sasa hivi!" Daktari anasema.', NULL);
INSERT INTO `card` (id, type, title, header, content, option) VALUES ('22468_9', 3, NULL, 'assets/topic/asb/26139.png', 'Wanaileta machela.', NULL);
INSERT INTO `card` (id, type, title, header, content, option) VALUES ('22468_10', 3, NULL, 'assets/topic/asb/26140.png', 'Wanatayarisha vifaa vya upasuaji.', NULL);
INSERT INTO `card` (id, type, title, header, content, option) VALUES ('22468_11', 3, NULL, 'assets/topic/asb/26141.png', 'Wanamdunga sindano.', NULL);
INSERT INTO `card` (id, type, title, header, content, option) VALUES ('22468_12', 3, NULL, 'assets/topic/asb/26142.png', 'Wanakata na kukifungua kichwa cha Kate.', NULL);
INSERT INTO `card` (id, type, title, header, content, option) VALUES ('22468_13', 3, NULL, 'assets/topic/asb/26143.png', 'Wanautoa ubongo.', NULL);
INSERT INTO `card` (id, type, title, header, content, option) VALUES ('22468_14', 3, NULL, 'assets/topic/asb/26144.png', 'Wanakata na kuundoa ule uvimbe.', NULL);
INSERT INTO `card` (id, type, title, header, content, option) VALUES ('22468_15', 3, NULL, 'assets/topic/asb/26145.png', 'Wanaurudisha ubongo kwenye fuvu. Kisha wanashona na kukifunga kichwa tena.', NULL);
INSERT INTO `card` (id, type, title, header, content, option) VALUES ('22468_16', 3, NULL, 'assets/topic/asb/26146.png', 'Je, Kate anahisi chochote wanachofanya? La! Kate yuko mbinguni. Hahisi. Hali. Hanywi. Kwa saa 24!', NULL);
INSERT INTO `card` (id, type, title, header, content, option) VALUES ('22468_17', 3, NULL, 'assets/topic/asb/26147.png', 'Halafu, Kate anapata uhai!', NULL);
INSERT INTO `card` (id, type, title, header, content, option) VALUES ('22468_18', 3, NULL, 'assets/topic/asb/26148.png', 'Sasa anahisi vizuri. Yuko kama mtoto mchanga.', NULL);
INSERT INTO `card` (id, type, title, header, content, option) VALUES ('22468_19', 3, NULL, 'assets/topic/asb/26149.png', 'Sote tunamfurahia rafiki yetu Kate aliyepata kuonja mbinguni.', NULL);
INSERT INTO `card` (id, type, title, header, content, option) VALUES ('22468_20', 3, NULL, NULL, 'You are free to download, copy, translate or adapt this story and use the illustrations as long as you attribute in the following way:
Kate yuko mbinguni
Author -
Cornelius Wambi Gulere
Translation -
Ursula Nafula
Illustration -
Rodney  Kawaayi
Language -
Kiswahili
Level -
First sentences
© African Storybook Initiative 2018
Creative Commons: Attribution 4.0
Source
www.africanstorybook.org', NULL);
INSERT INTO `card` (id, type, title, header, content, option) VALUES ('22468_21', 1, 'Chora mbingu na uirembe', 'assets/topic/22468.svg', NULL, NULL);
INSERT INTO `cardExtra` (cardId, type, serial, content) VALUES ('22468_21', 2, 1, 'assets/topic/22468.svg');
INSERT INTO `card` (id, type, title, header, content, option) VALUES ('22468_22', 0, 'Mganga wa Afya aliona nini katika kichwa cha Kate?', NULL, NULL, 'oneAtATime');
INSERT INTO `cardExtra` (cardId, type, serial, content) VALUES ('22468_22', 1, 1, 'Uvimbe');
INSERT INTO `cardExtra` (cardId, type, serial, content) VALUES ('22468_22', 0, 1, 'Maumivu ya kichwa');
INSERT INTO `cardExtra` (cardId, type, serial, content) VALUES ('22468_22', 0, 2, 'Nywele');
INSERT INTO `cardExtra` (cardId, type, serial, content) VALUES ('22468_22', 0, 3, 'Chunusi');
INSERT INTO `card` (id, type, title, header, content, option) VALUES ('22468_27', 0, 'Mganga wa Afya alifanikisha upasuaji katika kichwa cha Kate.', NULL, NULL, 'oneAtATime');
INSERT INTO `cardExtra` (cardId, type, serial, content) VALUES ('22468_27', 1, 1, 'Kweli.');
INSERT INTO `cardExtra` (cardId, type, serial, content) VALUES ('22468_27', 0, 1, 'Si kweli');
INSERT INTO `card` (id, type, title, header, content, option) VALUES ('22468_30', 0, 'Unahisi nini kuhusu mbingu.', 'assets/topic/asb/26149.png', NULL, 'open');
INSERT INTO `cardExtra` (cardId, type, serial, content) VALUES ('22468_30', 0, 1, 'Rangi mbali mbali');
INSERT INTO `cardExtra` (cardId, type, serial, content) VALUES ('22468_30', 0, 2, 'Amani');
INSERT INTO `cardExtra` (cardId, type, serial, content) VALUES ('22468_30', 0, 3, 'Hakuna usiku');
INSERT INTO `cardExtra` (cardId, type, serial, content) VALUES ('22468_30', 0, 4, 'Furaha daima');
INSERT INTO `card` (id, type, title, header, content, option) VALUES ('3127', 2, 'Kato mwakili, na Shida Kubwa', 'assets/topic/asb/2080.png', 'Brigid Simiyu
 Herminder Ohri', 'FFB3C8FF');
INSERT INTO `card` (id, type, title, header, content, option) VALUES ('3127_3', 3, NULL, 'assets/topic/asb/2081.png', 'Katika bustani ndogo jijini, kulikuwa na mti mkubwa. Wanyama wengi waliishi pamoja juu ya mti huo. Paliishi pia jamii ya kichakuro. Viki alikuwa mmoja wao na alipenda kuongea mambo makubwa. Binamuye, Kato kutoka Msitu wa Mbali, alikuwa amekuja kumtembelea.', NULL);
INSERT INTO `card` (id, type, title, header, content, option) VALUES ('3127_4', 3, NULL, 'assets/topic/asb/2082.png', 'Jioni moja, wanyama wote walioishi katika ile bustani ndogo walienda kulala. Mara walisikia sauti kubwa ikitoka kwenye uwanja uliokuwa karibu.', NULL);
INSERT INTO `card` (id, type, title, header, content, option) VALUES ('3127_5', 3, NULL, 'assets/topic/asb/2083.png', 'Kato na vichakuro wengine waliona mashine kubwa ya manjano. Waliona pia wanaume waliovalia kofia ngumu za manjano wakionyesha kwa vidole ile bustani ndogo na nyumba zingine zilizokuwa upande mwingine wa barabara. Walinuia kuzivunja vunja zote kisha wajenge uwanja wa kuegesha magari.', NULL);
INSERT INTO `card` (id, type, title, header, content, option) VALUES ('3127_6', 3, NULL, 'assets/topic/asb/2085.png', 'Watu walioishi pale wangehamia nyumba zingine. Lakini hakuna aliyewafikiria juu ya wanyama, ndege na wadudu walioishi katika ile bustani ndogo.', NULL);
INSERT INTO `card` (id, type, title, header, content, option) VALUES ('3127_7', 3, NULL, 'assets/topic/asb/2086.png', 'Walioziona mashine hiyo kwanza walikuwa familia ya fugo, hasa Bwana Popules, mkubwa kwa umri. Naye alimwelezea Bwana Mopules, ambaye alimwelezea mdogo wao, Pipules Mdogo.', NULL);
INSERT INTO `card` (id, type, title, header, content, option) VALUES ('3127_8', 3, NULL, 'assets/topic/asb/2087.png', 'Walipokuwa wachanga, waliitwa Pop, Mop na Pip.', NULL);
INSERT INTO `card` (id, type, title, header, content, option) VALUES ('3127_9', 3, NULL, 'assets/topic/asb/2088.png', 'Kulikiwa na vurumai, kukimbia kwingi, kuruka huku na huko bila yeyote kujua la kufanya. Wapi kwa kwenda? Watoto wa vipepeo walisema, "Hebu tutafute majani." Vipepeo wakasema, "Tunataka maua." Panya wadogo walitaka mashimo. Fugo walitaka kujilimia mashimo yao.', NULL);
INSERT INTO `card` (id, type, title, header, content, option) VALUES ('3127_10', 3, NULL, 'assets/topic/asb/2089.png', 'Vichakuro, ndege na wadudu walitaka miti, vichaka na nyasi. "Tutapata wapi hii yote? Bila shaka tutakufa," walisema kisha wakalia kwa uchungu."', NULL);
INSERT INTO `card` (id, type, title, header, content, option) VALUES ('3127_11', 3, NULL, 'assets/topic/asb/2090.png', 'Mjombake Kato na shangaziye walikuwa kimya sana na vichakuro wote wadogo walisonga karibu na mamao. Kato alisafisha koo na kuanza kuongea huku akiona haya, "Naishi katika Msitu wa Mbali, labda tunaweza kwenda sote huko." Kulikuwa na sauti za mchangamko na mmoja akasema, "Vipi?"', NULL);
INSERT INTO `card` (id, type, title, header, content, option) VALUES ('3127_12', 3, NULL, 'assets/topic/asb/2091.png', 'Kato alikuna kichwa na kuwaza sana, "Sawa, Kichakuro ya Moja kwa Moja, inaweza kuwapeleka vichakuro na vipepeo, buibui, watoto wa vipepeo na wadudu wote. Ndege wanaweza kuruka au waje nasi. Fugo nao pamoja na panya wadogo na nyoka wanaweza kutumia Fugo ya Moja kwa Moja ipitiayo chini kwa chini. Kila mmoja alifikiria kuwa hilo lilikuwa wazo zuri kabisa."', NULL);
INSERT INTO `card` (id, type, title, header, content, option) VALUES ('3127_13', 3, NULL, 'assets/topic/asb/2092.png', 'Bwana Popules aliharakisha kumwuliza dereva wa treni ya moja kwa moja ya chini kwa chini ikiwa angeweza kuwabeba wote hadi Msitu wa Mbali. Dereva alibabaika, akagugumia kabla ya kusema, "Sawa." Sasa ilikuwa zamu ya Bwana Popules kuwa mwungwana. "Marafiki, hamna haja ya kuwa na wasiwasi."', NULL);
INSERT INTO `card` (id, type, title, header, content, option) VALUES ('3127_14', 3, NULL, 'assets/topic/asb/2095.png', 'Kwa hivyo, wakati wa saa za asubuhi, Kichakuro Moja kwa Moja na treni aina ya Fugo ya chini kwa chini pamoja na abiria wote, iliendesha safari yake ya kuelekea Msitu wa Mbali ulio na miti, maua,  vidimbwi na ardhi nyororo.', NULL);
INSERT INTO `card` (id, type, title, header, content, option) VALUES ('3127_15', 3, NULL, NULL, 'You are free to download, copy, translate or adapt this story and use the illustrations as long as you attribute in the following way:
Kato mwakili, na Shida Kubwa
Author -
Herminder Ohri
Translation -
Brigid Simiyu
Illustration -
Herminder Ohri
Language -
Kiswahili
Level -
Longer paragraphs
© Pratham Books 2014
Creative Commons: Attribution 4.0
Source
www.africanstorybook.org
Original source
www.prathambooks.org', NULL);
INSERT INTO `card` (id, type, title, header, content, option) VALUES ('3127_16', 1, 'Mchore kichakuro na umrembe.', 'assets/topic/3127.svg', NULL, NULL);
INSERT INTO `cardExtra` (cardId, type, serial, content) VALUES ('3127_16', 2, 1, 'assets/topic/3127.svg');
INSERT INTO `card` (id, type, title, header, content, option) VALUES ('3127_17', 0, 'Nani alikuja kutembelea Vikki kutoka msitu wa mbali?', NULL, NULL, 'oneAtATime');
INSERT INTO `cardExtra` (cardId, type, serial, content) VALUES ('3127_17', 1, 1, 'Kato');
INSERT INTO `cardExtra` (cardId, type, serial, content) VALUES ('3127_17', 0, 1, 'Nato');
INSERT INTO `cardExtra` (cardId, type, serial, content) VALUES ('3127_17', 0, 2, 'Pato');
INSERT INTO `cardExtra` (cardId, type, serial, content) VALUES ('3127_17', 0, 3, 'Loto');
INSERT INTO `card` (id, type, title, header, content, option) VALUES ('3127_22', 0, 'Mashine aliyoiona Kato ilikuwa na rangi gani?', NULL, NULL, 'oneAtATime');
INSERT INTO `cardExtra` (cardId, type, serial, content) VALUES ('3127_22', 1, 1, 'Njano');
INSERT INTO `cardExtra` (cardId, type, serial, content) VALUES ('3127_22', 0, 1, 'Kahawia');
INSERT INTO `cardExtra` (cardId, type, serial, content) VALUES ('3127_22', 0, 2, 'Buluu');
INSERT INTO `cardExtra` (cardId, type, serial, content) VALUES ('3127_22', 0, 3, 'Nyeupe');
INSERT INTO `card` (id, type, title, header, content, option) VALUES ('3127_27', 0, 'Kama wewe ukiwa  kichakuro, utafanya nini utakapoona mashine kubwa ya njano?', 'assets/topic/asb/2080.png', NULL, 'open');
INSERT INTO `cardExtra` (cardId, type, serial, content) VALUES ('3127_27', 0, 1, 'Nitaenda mahali salama.');
INSERT INTO `cardExtra` (cardId, type, serial, content) VALUES ('3127_27', 0, 2, 'Nitawajulisha  wengine');
INSERT INTO `cardExtra` (cardId, type, serial, content) VALUES ('3127_27', 0, 3, 'Nitaingata mashine ya njano');
INSERT INTO `cardExtra` (cardId, type, serial, content) VALUES ('3127_27', 0, 4, 'Nitakusanya chakula');
INSERT INTO `card` (id, type, title, header, content, option) VALUES ('13544', 2, 'Khalai anapenda mimea', 'assets/topic/asb/13389.png', 'Ursula Nafula
Jesse Pietersen', 'FFF4E1B5');
INSERT INTO `card` (id, type, title, header, content, option) VALUES ('13544_3', 3, NULL, 'assets/topic/asb/13382.png', 'Khalai ni msichana mwenye umri wa miaka saba. Katika jamii yake, jina lake lina maana sawa na ''aliye mzuri''.', NULL);
INSERT INTO `card` (id, type, title, header, content, option) VALUES ('13544_4', 3, NULL, 'assets/topic/asb/13383.png', 'Khalai anapoamka, anauzungumzia mmea mchanga wa Mchungwa akisema, "Tafadhali mchungwa, kua mkubwa uzae machungwa mengi mabivu."', NULL);
INSERT INTO `card` (id, type, title, header, content, option) VALUES ('13544_5', 3, NULL, 'assets/topic/asb/13384.png', 'Khalai anapokuwa njiani kwenda shuleni, anazizungumzia Nyasi. Anasema, "Tafadhali nyasi, zidi kuwa kijani kibichi na wala usinyauke."', NULL);
INSERT INTO `card` (id, type, title, header, content, option) VALUES ('13544_6', 3, NULL, 'assets/topic/asb/13385.png', 'Khalai anapoyapita Maua ya kichakani, anasema,  "Tafadhali maua, endelea kunawiri ili nikutumie kuzirembesha nywele zangu."', NULL);
INSERT INTO `card` (id, type, title, header, content, option) VALUES ('13544_7', 3, NULL, 'assets/topic/asb/13386.png', 'Anapokuwa shuleni, Khalai anauzungumzia Mti ulioko pale shuleni, "Tafadhali miti, yazae matawi makubwa ili tuweze kusomea chini ya kivuli chako."', NULL);
INSERT INTO `card` (id, type, title, header, content, option) VALUES ('13544_8', 3, NULL, 'assets/topic/asb/13387.png', 'Khalai anauzungumzia ua unaoizingira shule yake, "Tafadhali ua, kua uwe mwenye nguvu ili uilinde shule yetu dhidi ya watu wabaya."', NULL);
INSERT INTO `card` (id, type, title, header, content, option) VALUES ('13544_9', 3, NULL, 'assets/topic/asb/13388.png', 'Anaporudi nyumbani alasiri, Khalai anautembelea mti wa mchungwa kutazama ikiwa machungwa yameiva.', NULL);
INSERT INTO `card` (id, type, title, header, content, option) VALUES ('13544_10', 3, NULL, 'assets/topic/asb/13389.png', '"Machungwa bado mabichi," Khalai anashusha pumzi. "Nitakutembelea kesho, mchungwa wee! Labda utanipa chungwa mbivu wakati huo."', NULL);
INSERT INTO `card` (id, type, title, header, content, option) VALUES ('13544_11', 3, NULL, NULL, 'You are free to download, copy, translate or adapt this story and use the illustrations as long as you attribute in the following way:
Khalai anapenda mimea
Author -
Ursula Nafula
Illustration -
Jesse Pietersen
Language -
Kiswahili
Level -
First sentences
© African Storybook Initiative 2015
Creative Commons: Attribution 4.0
Source
www.africanstorybook.org', NULL);
INSERT INTO `card` (id, type, title, header, content, option) VALUES ('13544_12', 1, 'Pamba mti kwa machungwa', 'assets/topic/13544.svg', NULL, NULL);
INSERT INTO `cardExtra` (cardId, type, serial, content) VALUES ('13544_12', 2, 1, 'assets/topic/13544.svg');
INSERT INTO `card` (id, type, title, header, content, option) VALUES ('13544_13', 0, 'Khalai huuambia mchungwa uwe mkubwa na uzae matunda mabivu.', NULL, NULL, 'oneAtATime');
INSERT INTO `cardExtra` (cardId, type, serial, content) VALUES ('13544_13', 1, 1, 'Kweli.');
INSERT INTO `cardExtra` (cardId, type, serial, content) VALUES ('13544_13', 0, 1, 'Si kweli.');
INSERT INTO `card` (id, type, title, header, content, option) VALUES ('13544_16', 0, 'Khalai huziambia nyasi ziwe kijani kibichi.', NULL, NULL, 'oneAtATime');
INSERT INTO `cardExtra` (cardId, type, serial, content) VALUES ('13544_16', 1, 1, 'Kweli.');
INSERT INTO `cardExtra` (cardId, type, serial, content) VALUES ('13544_16', 0, 1, 'Si kweli.');
INSERT INTO `card` (id, type, title, header, content, option) VALUES ('13544_19', 0, 'Ungefanya nini kama ungekuwa mti mkubwa?', 'assets/topic/asb/13389.png', NULL, 'open');
INSERT INTO `cardExtra` (cardId, type, serial, content) VALUES ('13544_19', 0, 1, 'Ningetoa matunda');
INSERT INTO `cardExtra` (cardId, type, serial, content) VALUES ('13544_19', 0, 2, 'Ningetoa kivuli');
INSERT INTO `cardExtra` (cardId, type, serial, content) VALUES ('13544_19', 0, 3, 'Ningetoa kuni');
INSERT INTO `cardExtra` (cardId, type, serial, content) VALUES ('13544_19', 0, 4, 'Ningetoa hewa nzuri');
INSERT INTO `card` (id, type, title, header, content, option) VALUES ('22567', 2, 'Kiangazi na Mto wenye Baraka', 'assets/topic/asb/26514.png', 'Ursula  Nafula
Awwalu  Sakiwa', 'FF9DEDE3');
INSERT INTO `card` (id, type, title, header, content, option) VALUES ('22567_3', 3, NULL, 'assets/topic/asb/26503.png', 'Katika mwaka mmoja, kipindi cha ukame kilikuwa kirefu sana. Kiangazi kikawaathiri wanyama wote. Mito yote ikakauka ila Mto wenye Baraka.
Wanyama wakahisi kiu kikubwa wakaamua kukutana ili watafute suluhu.', NULL);
INSERT INTO `card` (id, type, title, header, content, option) VALUES ('22567_4', 3, NULL, 'assets/topic/asb/26504.png', 'Ngamia alikuwa wa kwanza kuzungumza, "Kama mnavyojua, tuna kiu kikubwa na mito yote imekauka ila Mto wenye Baraka. Lakini mto huo uko mbali sana. Je, tufanyaje?"', NULL);
INSERT INTO `card` (id, type, title, header, content, option) VALUES ('22567_5', 3, NULL, 'assets/topic/asb/26505.png', 'Farasi alitoa pendekezo, "Baadhi yetu tunaweza kwenda kwenye Mto huo wenye Baraka. Tutaweza kuyanywa maji na kisha tuwaletee wengine."
Ng''ombe alijibu, "Ni mbali sana. Tutakaporudi, wale tutakaokuwa tumewaacha nyuma, watakuwa wamefariki."', NULL);
INSERT INTO `card` (id, type, title, header, content, option) VALUES ('22567_6', 3, NULL, 'assets/topic/asb/26506.png', 'Mbuzi aliruka juu kisha akasema, "Meee, meee! Mimi pia nitaenda kwenye Mto wenye Baraka."
Jimbi naye akasema, "Koor, kor kor kor! Pia mimi nitaenda kwenye Mto wenye Baraka."', NULL);
INSERT INTO `card` (id, type, title, header, content, option) VALUES ('22567_7', 3, NULL, 'assets/topic/asb/26507.png', 'Haikuwa rahisi kwenda huko. Aliyekuwa nyuma ya wote, alikuwa Kanga. Baada ya kutembea kwa muda mrefu, Kanga alisema, "Rafiki zanguni, siwezi tena kuendelea kwenda kwenye Mto wenye Baraka."
Jimbi akammeza Kanga.', NULL);
INSERT INTO `card` (id, type, title, header, content, option) VALUES ('22567_8', 3, NULL, 'assets/topic/asb/26508.png', 'Waliendelea na safari tena. Muda mfupi baadaye, Jimbi akasema, "Tafadhali, nimechoka. Siwezi tena kuendelea kwenda kwenye Mto wenye Baraka."
Kondoo akammeza Jimbi.', NULL);
INSERT INTO `card` (id, type, title, header, content, option) VALUES ('22567_9', 3, NULL, 'assets/topic/asb/26509.png', 'Safari ilipoendelea, Kondoo alichoka kisha akasema, "Nimechoka. Sitaki tena kuendelea kwenda kwenye Mto wenye Baraka."
Mbuzi akammeza Kondoo.', NULL);
INSERT INTO `card` (id, type, title, header, content, option) VALUES ('22567_10', 3, NULL, 'assets/topic/asb/26510.png', 'Punde tu, Mbuzi naye alichoka na hakutaka kuendelea kuendelea kwenda kwenye Mto wenye Baraka. Farasi aligeuka na kummeza Mbuzi.
Farasi alipochoka, Ng''ombe alimmeza.', NULL);
INSERT INTO `card` (id, type, title, header, content, option) VALUES ('22567_11', 3, NULL, 'assets/topic/asb/26511.png', 'Sasa walikuwa wamebaki Ng''ombe na Ngamia peke yao. Waliendelea na safari hadi Ng''ombe alipochoka.
Ilimbidi Ngamia ageuke na kummeza Ng''ombe.', NULL);
INSERT INTO `card` (id, type, title, header, content, option) VALUES ('22567_12', 3, NULL, 'assets/topic/asb/26512.png', 'Ngamia alipobaki peke yake, alijitahidi ili aufikie Mto wenye Baraka. Ni yeye tu ndiye angeweza kuwaokoa wengine.
Alikuwa amechoka mno.', NULL);
INSERT INTO `card` (id, type, title, header, content, option) VALUES ('22567_13', 3, NULL, 'assets/topic/asb/26513.png', 'Hatimaye, Ngamia aliwasili kwenye Mto wenye Baraka na kulala chini. Kisha akamtapika Ng''ombe.
Ng''ombe akamtapika Farasi. Farasi akamtapika Mbuzi.
Mbuzi akamtapika Kondoo. Kondoo akamtapika Jimbi naye Jimbi akamtapika Kanga.', NULL);
INSERT INTO `card` (id, type, title, header, content, option) VALUES ('22567_14', 3, NULL, 'assets/topic/asb/26514.png', 'Na hivyo ndivyo wanyama wote walivyofaulu kuyanywa maji kutoka Mto wenye Baraka.', NULL);
INSERT INTO `card` (id, type, title, header, content, option) VALUES ('22567_15', 3, NULL, NULL, 'You are free to download, copy, translate or adapt this story and use the illustrations as long as you attribute in the following way:
Kiangazi na Mto wenye Baraka
Author -
Also Mohammed Sale
Translation -
Ursula  Nafula
Illustration -
Awwalu  Sakiwa
Language -
Kiswahili
Level -
Longer paragraphs
© African Storybook Initiative 2018
Creative Commons: Attribution 4.0
Source
www.africanstorybook.org', NULL);
INSERT INTO `card` (id, type, title, header, content, option) VALUES ('22567_16', 1, 'Chora mto na uupambe.', 'assets/topic/22567.svg', NULL, NULL);
INSERT INTO `cardExtra` (cardId, type, serial, content) VALUES ('22567_16', 2, 1, 'assets/topic/22567.svg');
INSERT INTO `card` (id, type, title, header, content, option) VALUES ('22567_17', 0, 'Taja Makundi ya wanyama wote walio katika hadithi.', NULL, NULL, 'many');
INSERT INTO `cardExtra` (cardId, type, serial, content) VALUES ('22567_17', 1, 1, 'Kuku');
INSERT INTO `cardExtra` (cardId, type, serial, content) VALUES ('22567_17', 1, 2, 'Mbuzi');
INSERT INTO `cardExtra` (cardId, type, serial, content) VALUES ('22567_17', 1, 3, 'Kondoo');
INSERT INTO `cardExtra` (cardId, type, serial, content) VALUES ('22567_17', 1, 4, 'Ng''ombe');
INSERT INTO `cardExtra` (cardId, type, serial, content) VALUES ('22567_17', 1, 5, 'Farasi');
INSERT INTO `cardExtra` (cardId, type, serial, content) VALUES ('22567_17', 1, 6, 'Ngamia');
INSERT INTO `cardExtra` (cardId, type, serial, content) VALUES ('22567_17', 0, 1, 'Chui');
INSERT INTO `cardExtra` (cardId, type, serial, content) VALUES ('22567_17', 0, 2, 'Simba');
INSERT INTO `card` (id, type, title, header, content, option) VALUES ('22567_26', 0, 'Wanyama wote walifika katika mto wa baraka.', NULL, NULL, 'oneAtATime');
INSERT INTO `cardExtra` (cardId, type, serial, content) VALUES ('22567_26', 1, 1, 'Kweli.');
INSERT INTO `cardExtra` (cardId, type, serial, content) VALUES ('22567_26', 0, 1, 'Si kweli.');
INSERT INTO `card` (id, type, title, header, content, option) VALUES ('22567_29', 0, 'Utafanya nini ikiwa hakuna maji katika kijiji chako?', 'assets/topic/asb/26514.png', NULL, 'open');
INSERT INTO `cardExtra` (cardId, type, serial, content) VALUES ('22567_29', 0, 1, 'Nitajenga bwawa.');
INSERT INTO `cardExtra` (cardId, type, serial, content) VALUES ('22567_29', 0, 2, 'Nitachimba kisima.');
INSERT INTO `cardExtra` (cardId, type, serial, content) VALUES ('22567_29', 0, 3, 'Nitaenda kutafuta maji.');
INSERT INTO `cardExtra` (cardId, type, serial, content) VALUES ('22567_29', 0, 4, 'Nitasubiri mvua.');
INSERT INTO `card` (id, type, title, header, content, option) VALUES ('23308', 2, 'Kifungua kinywa', 'assets/topic/asb/1571.png', 'Bushirah Kabatesi
Cathy Feek', 'FFF4E1B5');
INSERT INTO `card` (id, type, title, header, content, option) VALUES ('23308_3', 3, NULL, 'assets/topic/asb/1572.png', 'Babangu anapenda
sana uji wa ma mahinidi.', NULL);
INSERT INTO `card` (id, type, title, header, content, option) VALUES ('23308_4', 3, NULL, 'assets/topic/asb/1573.png', 'Mimi napendelea uji wa
wimbi.', NULL);
INSERT INTO `card` (id, type, title, header, content, option) VALUES ('23308_5', 3, NULL, 'assets/topic/asb/1574.png', 'Badangu anapenda kahawa.', NULL);
INSERT INTO `card` (id, type, title, header, content, option) VALUES ('23308_6', 3, NULL, 'assets/topic/asb/1575.png', 'Ninatamani maziwa
siki.', NULL);
INSERT INTO `card` (id, type, title, header, content, option) VALUES ('23308_7', 3, NULL, 'assets/topic/asb/1576.png', 'Babangu anapenda
sana matofaa.', NULL);
INSERT INTO `card` (id, type, title, header, content, option) VALUES ('23308_8', 3, NULL, 'assets/topic/asb/1577.png', 'Minapenda
machungwa.', NULL);
INSERT INTO `card` (id, type, title, header, content, option) VALUES ('23308_9', 3, NULL, 'assets/topic/asb/1571.png', 'Babangu anapenda
mkate wa siagi.
Mimi napenda mkate
we sinia.', NULL);
INSERT INTO `card` (id, type, title, header, content, option) VALUES ('23308_10', 3, NULL, 'assets/topic/asb/1578.png', 'Sisi sote tunapenda keki kubwa.', NULL);
INSERT INTO `card` (id, type, title, header, content, option) VALUES ('23308_11', 3, NULL, NULL, 'You are free to download, copy, translate or adapt this story and use the illustrations as long as you attribute in the following way:
Kifungua kinywa
Author -
Clare Verbeek, Thembani Dladla and Zanele Buthelezi
Translation -
Bushirah Kabatesi
Illustration -
Cathy Feek
Language -
Kiswahili
Level -
First words
© School of Education and Development (Centre for Adult Education), University of Kwazulu-Natal 2007
Creative Commons: Attribution-Non Commercial 3.0
Source
www.africanstorybook.org
Original source
http://cae.ukzn.ac.za/resources/seedbooks.aspx', NULL);
INSERT INTO `card` (id, type, title, header, content, option) VALUES ('23308_12', 1, 'Chora tunda tofaa na ulirembe.', 'assets/topic/23308.svg', NULL, NULL);
INSERT INTO `cardExtra` (cardId, type, serial, content) VALUES ('23308_12', 2, 1, 'assets/topic/23308.svg');
INSERT INTO `card` (id, type, title, header, content, option) VALUES ('23308_13', 0, 'Taja vitu vyote apendavyo Baba.', NULL, NULL, 'many');
INSERT INTO `cardExtra` (cardId, type, serial, content) VALUES ('23308_13', 1, 1, 'Uji');
INSERT INTO `cardExtra` (cardId, type, serial, content) VALUES ('23308_13', 1, 2, 'Kahawa');
INSERT INTO `cardExtra` (cardId, type, serial, content) VALUES ('23308_13', 1, 3, 'Tunda Tofaa');
INSERT INTO `cardExtra` (cardId, type, serial, content) VALUES ('23308_13', 1, 4, 'Mkate');
INSERT INTO `cardExtra` (cardId, type, serial, content) VALUES ('23308_13', 0, 1, 'Asali');
INSERT INTO `cardExtra` (cardId, type, serial, content) VALUES ('23308_13', 0, 2, 'Maziwa');
INSERT INTO `cardExtra` (cardId, type, serial, content) VALUES ('23308_13', 0, 3, 'Ndizi');
INSERT INTO `cardExtra` (cardId, type, serial, content) VALUES ('23308_13', 0, 4, 'Kuki');
INSERT INTO `card` (id, type, title, header, content, option) VALUES ('23308_22', 0, 'Kutokana na hadithi mtoto anapenda nini?', NULL, NULL, 'oneAtATime');
INSERT INTO `cardExtra` (cardId, type, serial, content) VALUES ('23308_22', 1, 1, 'Chungwa');
INSERT INTO `cardExtra` (cardId, type, serial, content) VALUES ('23308_22', 0, 1, 'Asali');
INSERT INTO `cardExtra` (cardId, type, serial, content) VALUES ('23308_22', 0, 2, 'Ndizi');
INSERT INTO `cardExtra` (cardId, type, serial, content) VALUES ('23308_22', 0, 3, 'Mkate');
INSERT INTO `card` (id, type, title, header, content, option) VALUES ('23308_27', 0, 'Je, unapendelea chakula gani?', 'assets/topic/asb/1571.png', NULL, 'open');
INSERT INTO `cardExtra` (cardId, type, serial, content) VALUES ('23308_27', 0, 1, 'Asali');
INSERT INTO `cardExtra` (cardId, type, serial, content) VALUES ('23308_27', 0, 2, 'Keki');
INSERT INTO `cardExtra` (cardId, type, serial, content) VALUES ('23308_27', 0, 3, 'Embe');
INSERT INTO `cardExtra` (cardId, type, serial, content) VALUES ('23308_27', 0, 4, 'Aiskrimu');
INSERT INTO `card` (id, type, title, header, content, option) VALUES ('21841', 2, 'Kima na Fisi', 'assets/topic/asb/18699.png', 'Ursula Nafula
Salim Kasamba', 'FF9DEDE3');
INSERT INTO `card` (id, type, title, header, content, option) VALUES ('21841_3', 3, NULL, 'assets/topic/asb/18696.png', 'Kima na Fisi waligombana.
Walitaka ushauri wa Hakimu.', NULL);
INSERT INTO `card` (id, type, title, header, content, option) VALUES ('21841_4', 3, NULL, 'assets/topic/asb/18697.png', 'Hakimu aliwaza, "Kima atakula mahindi yangu. Fisi atakula mifugo wangu!"', NULL);
INSERT INTO `card` (id, type, title, header, content, option) VALUES ('21841_5', 3, NULL, 'assets/topic/asb/18698.png', 'Mwishowe, Hakimu aliwaambia, "Tafuteni ushauri wa wazee wa kijiji."', NULL);
INSERT INTO `card` (id, type, title, header, content, option) VALUES ('21841_6', 3, NULL, 'assets/topic/asb/18699.png', 'Wazee pia waliogopa.
Hawakuamua kesi kati ya Kima na Fisi.', NULL);
INSERT INTO `card` (id, type, title, header, content, option) VALUES ('21841_7', 3, NULL, 'assets/topic/asb/18708.png', 'Wazee waliwaambia Kima na Fisi, "Kesi hii ni ngumu sana."', NULL);
INSERT INTO `card` (id, type, title, header, content, option) VALUES ('21841_8', 3, NULL, 'assets/topic/asb/18701.png', 'Wazee walisema, "Tafuteni ushauri kutoka kwa mwanamke maskini."', NULL);
INSERT INTO `card` (id, type, title, header, content, option) VALUES ('21841_9', 3, NULL, 'assets/topic/asb/18702.png', 'Mwanamke maskini alikubali kuamua kesi yao.
"Sina mali ya kupoteza."', NULL);
INSERT INTO `card` (id, type, title, header, content, option) VALUES ('21841_10', 3, NULL, 'assets/topic/asb/18703.png', 'Alimwambia Fisi, "Wewe unaheshimiwa, ni mkubwa na ni shujaa. Acha ugomvi."', NULL);
INSERT INTO `card` (id, type, title, header, content, option) VALUES ('21841_11', 3, NULL, 'assets/topic/asb/18704.png', 'Fisi alijibu, "Umesema ukweli. Nitakomesha huu ugomvi. Sitaki aibu."', NULL);
INSERT INTO `card` (id, type, title, header, content, option) VALUES ('21841_12', 3, NULL, 'assets/topic/asb/18705.png', 'Mwanamke alimwambia Kima, "Wewe ni mwerevu. Acha ugomvi."
Kima alikubali.', NULL);
INSERT INTO `card` (id, type, title, header, content, option) VALUES ('21841_13', 3, NULL, 'assets/topic/asb/18706.png', 'Aliwaambia, "Mmekubali kukomesha ugomvi. Ni vyema kusameheana."', NULL);
INSERT INTO `card` (id, type, title, header, content, option) VALUES ('21841_14', 3, NULL, 'assets/topic/asb/18707.png', 'Mwanamke maskini alisuluhisha tatizo lao.', NULL);
INSERT INTO `card` (id, type, title, header, content, option) VALUES ('21841_15', 3, NULL, NULL, 'You are free to download, copy, translate or adapt this story and use the illustrations as long as you attribute in the following way:
Kima na Fisi
Author -
Mulualem  Daba
Translation -
Ursula Nafula
Illustration -
Salim Kasamba
Language -
Kiswahili
Level -
First words
© African Storybook Initiative 2017
Creative Commons: Attribution 4.0
Source
www.africanstorybook.org', NULL);
INSERT INTO `card` (id, type, title, header, content, option) VALUES ('21841_16', 1, 'Mpake rangi tumbili na umrembe', 'assets/topic/21841.svg', NULL, NULL);
INSERT INTO `cardExtra` (cardId, type, serial, content) VALUES ('21841_16', 2, 1, 'assets/topic/21841.svg');
INSERT INTO `card` (id, type, title, header, content, option) VALUES ('21841_17', 0, 'Hakimu aliogopa kutoa hukumu ya kesi yao.', NULL, NULL, 'oneAtATime');
INSERT INTO `cardExtra` (cardId, type, serial, content) VALUES ('21841_17', 1, 1, 'Kweli.');
INSERT INTO `cardExtra` (cardId, type, serial, content) VALUES ('21841_17', 0, 1, 'Si kweli.');
INSERT INTO `card` (id, type, title, header, content, option) VALUES ('21841_20', 0, 'Wazee katika kijiji hawakuogopa kutoa hukumu ya kesi yao.', NULL, NULL, 'oneAtATime');
INSERT INTO `cardExtra` (cardId, type, serial, content) VALUES ('21841_20', 1, 1, 'Si kweli.');
INSERT INTO `cardExtra` (cardId, type, serial, content) VALUES ('21841_20', 0, 1, 'Kweli.');
INSERT INTO `card` (id, type, title, header, content, option) VALUES ('21841_23', 0, 'Unafikiri ni nini asili ya wanyama hao wawili?', 'assets/topic/asb/18699.png', NULL, 'open');
INSERT INTO `cardExtra` (cardId, type, serial, content) VALUES ('21841_23', 0, 1, 'Hasira');
INSERT INTO `cardExtra` (cardId, type, serial, content) VALUES ('21841_23', 0, 2, 'Kutokuwa na uvumilivu');
INSERT INTO `cardExtra` (cardId, type, serial, content) VALUES ('21841_23', 0, 3, 'Ubinafsi');
INSERT INTO `cardExtra` (cardId, type, serial, content) VALUES ('21841_23', 0, 4, 'Utiifu');
INSERT INTO `card` (id, type, title, header, content, option) VALUES ('20440', 2, 'Kima na kiangazi kibaya', 'assets/topic/asb/18796.png', 'Brigid Simiyu', 'FF9DEDE3');
INSERT INTO `card` (id, type, title, header, content, option) VALUES ('20440_3', 3, NULL, 'assets/topic/asb/18786.png', 'Mvua haikunyesha. Ardhi ilikuwa kavu sana.', NULL);
INSERT INTO `card` (id, type, title, header, content, option) VALUES ('20440_4', 3, NULL, 'assets/topic/asb/18788.png', 'Kima aliondoka nyumbani kutafuta maji na chakula.', NULL);
INSERT INTO `card` (id, type, title, header, content, option) VALUES ('20440_5', 3, NULL, 'assets/topic/asb/18789.png', 'Alipitia milima na mabonde.', NULL);
INSERT INTO `card` (id, type, title, header, content, option) VALUES ('20440_6', 3, NULL, 'assets/topic/asb/18790.png', 'Alifika sehemu iliyoitwa Tirkol.', NULL);
INSERT INTO `card` (id, type, title, header, content, option) VALUES ('20440_7', 3, NULL, 'assets/topic/asb/18791.png', 'Kima alifurahia mahali hapa sana.', NULL);
INSERT INTO `card` (id, type, title, header, content, option) VALUES ('20440_8', 3, NULL, 'assets/topic/asb/18792.png', 'Alikula matunda akanona. Lakini, aliwakosa wenzake.', NULL);
INSERT INTO `card` (id, type, title, header, content, option) VALUES ('20440_9', 3, NULL, 'assets/topic/asb/18793.png', 'Kwa hivyo Kima alifunga safari kurudi nyumbani.', NULL);
INSERT INTO `card` (id, type, title, header, content, option) VALUES ('20440_10', 3, NULL, 'assets/topic/asb/18794.png', 'Kima wengine walifurahi kumwona.', NULL);
INSERT INTO `card` (id, type, title, header, content, option) VALUES ('20440_11', 3, NULL, 'assets/topic/asb/18795.png', 'Walimuuliza, “Hii ni sehemu gani iliyo na matunda?”', NULL);
INSERT INTO `card` (id, type, title, header, content, option) VALUES ('20440_12', 3, NULL, 'assets/topic/asb/18796.png', '“Nitawapeleka huko,” Kima aliwajibu.', NULL);
INSERT INTO `card` (id, type, title, header, content, option) VALUES ('20440_13', 3, NULL, 'assets/topic/asb/18797.png', 'Kima wote walipendaTirkol. Waliamua kuishi huko milele.', NULL);
INSERT INTO `card` (id, type, title, header, content, option) VALUES ('20440_14', 3, NULL, 'assets/topic/asb/18798.png', 'Lakini kima wa Tirkol walikuwa na wasiwasi.', NULL);
INSERT INTO `card` (id, type, title, header, content, option) VALUES ('20440_15', 3, NULL, 'assets/topic/asb/18799.png', '“Kima wageni watakula matunda yetu yote,” walisema.', NULL);
INSERT INTO `card` (id, type, title, header, content, option) VALUES ('20440_16', 3, NULL, 'assets/topic/asb/18800.png', 'Kima wa Tirkol walienda kuwavamia kima wageni.', NULL);
INSERT INTO `card` (id, type, title, header, content, option) VALUES ('20440_17', 3, NULL, 'assets/topic/asb/18801.png', 'Kima mzee aliuliza, “Mbona vita? Matunda yatatutosha!”', NULL);
INSERT INTO `card` (id, type, title, header, content, option) VALUES ('20440_18', 3, NULL, 'assets/topic/asb/18802.png', 'Ilikuwa ukweli. Kima waliamua kuishi pamoja kwa amani.', NULL);
INSERT INTO `card` (id, type, title, header, content, option) VALUES ('20440_19', 3, NULL, NULL, 'You are free to download, copy, translate or adapt this story and use the illustrations as long as you attribute in the following way:
Kima na kiangazi kibaya
Author -
Alice Edui
Translation -
Brigid Simiyu
Illustration -
Language -
Kiswahili
Level -
First words
© African Storybook Initiative 2016
Creative Commons: Attribution 4.0
Source
www.africanstorybook.org', NULL);
INSERT INTO `card` (id, type, title, header, content, option) VALUES ('20440_20', 1, 'Chora msitu na uurembe.', 'assets/topic/20440.svg', NULL, NULL);
INSERT INTO `cardExtra` (cardId, type, serial, content) VALUES ('20440_20', 2, 1, 'assets/topic/20440.svg');
INSERT INTO `card` (id, type, title, header, content, option) VALUES ('20440_21', 0, 'Taja Sehemu ambayo mto na matunda mbalimbali yanapatikana.', NULL, NULL, 'oneAtATime');
INSERT INTO `cardExtra` (cardId, type, serial, content) VALUES ('20440_21', 1, 1, 'Tirkol');
INSERT INTO `cardExtra` (cardId, type, serial, content) VALUES ('20440_21', 0, 1, 'Charkol');
INSERT INTO `cardExtra` (cardId, type, serial, content) VALUES ('20440_21', 0, 2, 'Monkol');
INSERT INTO `cardExtra` (cardId, type, serial, content) VALUES ('20440_21', 0, 3, 'Tirk');
INSERT INTO `card` (id, type, title, header, content, option) VALUES ('20440_26', 0, 'Kima wa Tirkol na kima wa mlimani waliishi kwa furaha.', NULL, NULL, 'oneAtATime');
INSERT INTO `cardExtra` (cardId, type, serial, content) VALUES ('20440_26', 1, 1, 'Kweli.');
INSERT INTO `cardExtra` (cardId, type, serial, content) VALUES ('20440_26', 0, 1, 'Si kweli.');
INSERT INTO `card` (id, type, title, header, content, option) VALUES ('20440_29', 0, 'Ungefanya nini kama ungekuwa kima wa Tirkol?', 'assets/topic/asb/18796.png', NULL, 'open');
INSERT INTO `cardExtra` (cardId, type, serial, content) VALUES ('20440_29', 0, 1, 'Ningefukuza fukuza kima wengine');
INSERT INTO `cardExtra` (cardId, type, serial, content) VALUES ('20440_29', 0, 2, 'Ningeonesha wema');
INSERT INTO `cardExtra` (cardId, type, serial, content) VALUES ('20440_29', 0, 3, 'Ningemjulisha kima mzee');
INSERT INTO `cardExtra` (cardId, type, serial, content) VALUES ('20440_29', 0, 4, 'Ningekaa mbali na kima wengine.');
INSERT INTO `card` (id, type, title, header, content, option) VALUES ('21140', 2, 'Kimbia Sungura, Kimbia!', 'assets/topic/asb/7610.png', 'Brigid Simiyu
 Wiehan de Jager', 'FFB3C8FF');
INSERT INTO `card` (id, type, title, header, content, option) VALUES ('21140_3', 3, NULL, 'assets/topic/asb/7595.png', 'Sungura alikuwa amelala chini ya mti.
Tofaa likaanguka kutoka mti ule.', NULL);
INSERT INTO `card` (id, type, title, header, content, option) VALUES ('21140_4', 3, NULL, 'assets/topic/asb/7596.png', 'Sungura akasikia sauit ikisema, "Kimbia Sungura, kimbia!"', NULL);
INSERT INTO `card` (id, type, title, header, content, option) VALUES ('21140_5', 3, NULL, 'assets/topic/asb/7597.png', 'Sungura akasema, "Kitu kilianguka nikasikia, ''Kimbia Sungura kimbia!''"', NULL);
INSERT INTO `card` (id, type, title, header, content, option) VALUES ('21140_6', 3, NULL, 'assets/topic/asb/7598.png', 'Kuku alianza kukimbia aliposikia alivyosema Sungura.', NULL);
INSERT INTO `card` (id, type, title, header, content, option) VALUES ('21140_7', 3, NULL, 'assets/topic/asb/7599.png', 'Wakamwambia Mbwa, "Sungura alisikia kitu kikianguka naye akakimbia."', NULL);
INSERT INTO `card` (id, type, title, header, content, option) VALUES ('21140_8', 3, NULL, 'assets/topic/asb/7600.png', 'Mbwa akaanza kukimbia pamoja na Sungura na Kuku.', NULL);
INSERT INTO `card` (id, type, title, header, content, option) VALUES ('21140_9', 3, NULL, 'assets/topic/asb/7601.png', 'Mbwa akamwambia Farasi, "Sungura alisikia kitu kikianguka naye akakimbia."', NULL);
INSERT INTO `card` (id, type, title, header, content, option) VALUES ('21140_10', 3, NULL, 'assets/topic/asb/7602.png', 'Farasi akaanza kukimbia pamoja nao.', NULL);
INSERT INTO `card` (id, type, title, header, content, option) VALUES ('21140_11', 3, NULL, 'assets/topic/asb/7603.png', 'Punda akawauliza, "Mbona mnakimbia?"
Farasi akamjibu, "Sijui."', NULL);
INSERT INTO `card` (id, type, title, header, content, option) VALUES ('21140_12', 3, NULL, 'assets/topic/asb/7604.png', 'Punda pia akaanza kukimbia pamoja nao.', NULL);
INSERT INTO `card` (id, type, title, header, content, option) VALUES ('21140_13', 3, NULL, 'assets/topic/asb/7605.png', 'Punda akamwambia Ng''ombe, "Sungura alisikia kitu kikianguka akakimbia."', NULL);
INSERT INTO `card` (id, type, title, header, content, option) VALUES ('21140_14', 3, NULL, 'assets/topic/asb/7606.png', 'Ng''ombe alikuwa na wasiwasi.
Akaanza pia kukimbia pamoja nao.', NULL);
INSERT INTO `card` (id, type, title, header, content, option) VALUES ('21140_15', 3, NULL, 'assets/topic/asb/7607.png', 'Ng''ombe akamwambia Paka, "Sungura alisikia kitu kikianguka naye akakimbia."', NULL);
INSERT INTO `card` (id, type, title, header, content, option) VALUES ('21140_16', 3, NULL, 'assets/topic/asb/7608.png', 'Paka akaanza kukimbia na wanyama wengine.', NULL);
INSERT INTO `card` (id, type, title, header, content, option) VALUES ('21140_17', 3, NULL, 'assets/topic/asb/7609.png', 'Walimkuta mvulana akawauliza, "Kwani hamjui kilichotendeka?"', NULL);
INSERT INTO `card` (id, type, title, header, content, option) VALUES ('21140_18', 3, NULL, 'assets/topic/asb/7610.png', '"Ni mimi niliyesema, "Kimbia Sungura kimbia!"
Mvulana alicheka.', NULL);
INSERT INTO `card` (id, type, title, header, content, option) VALUES ('21140_19', 3, NULL, NULL, 'You are free to download, copy, translate or adapt this story and use the illustrations as long as you attribute in the following way:
Kimbia Sungura, Kimbia!
Author -
Phumy Zikode
Translation -
Brigid Simiyu
Illustration -
Wiehan de Jager
Language -
Kiswahili
Level -
First words
© African Storybook Initiative 2015
Creative Commons: Attribution 4.0
Source
www.africanstorybook.org', NULL);
INSERT INTO `card` (id, type, title, header, content, option) VALUES ('21140_20', 1, 'Mchore sungura chini ya mti.', 'assets/topic/21140.svg', NULL, NULL);
INSERT INTO `cardExtra` (cardId, type, serial, content) VALUES ('21140_20', 2, 1, 'assets/topic/21140.svg');
INSERT INTO `card` (id, type, title, header, content, option) VALUES ('21140_21', 0, 'Sungura alilala chini ya mti upi?', NULL, NULL, 'oneAtATime');
INSERT INTO `cardExtra` (cardId, type, serial, content) VALUES ('21140_21', 1, 1, 'Mti wa tunda Tofaa');
INSERT INTO `cardExtra` (cardId, type, serial, content) VALUES ('21140_21', 0, 1, 'muembe');
INSERT INTO `cardExtra` (cardId, type, serial, content) VALUES ('21140_21', 0, 2, 'mpapai');
INSERT INTO `cardExtra` (cardId, type, serial, content) VALUES ('21140_21', 0, 3, 'Mfenesi');
INSERT INTO `card` (id, type, title, header, content, option) VALUES ('21140_26', 0, 'Chagua wanyama aliokutana nao sungura kuanzia wa kwanza hadi wa mwisho kwa utaratibu', NULL, NULL, 'many');
INSERT INTO `cardExtra` (cardId, type, serial, content) VALUES ('21140_26', 1, 1, 'Kuku');
INSERT INTO `cardExtra` (cardId, type, serial, content) VALUES ('21140_26', 1, 2, 'Mbwa');
INSERT INTO `cardExtra` (cardId, type, serial, content) VALUES ('21140_26', 1, 3, 'Farasi');
INSERT INTO `cardExtra` (cardId, type, serial, content) VALUES ('21140_26', 1, 4, 'Punda');
INSERT INTO `cardExtra` (cardId, type, serial, content) VALUES ('21140_26', 1, 5, 'Ng''ombe');
INSERT INTO `cardExtra` (cardId, type, serial, content) VALUES ('21140_26', 1, 6, 'Paka');
INSERT INTO `card` (id, type, title, header, content, option) VALUES ('21140_33', 0, 'Sungura angeweza kufanya nini kabla ya kukimbia?', 'assets/topic/asb/7610.png', NULL, 'open');
INSERT INTO `cardExtra` (cardId, type, serial, content) VALUES ('21140_33', 0, 1, 'Angepaswa kuwa mtulivu');
INSERT INTO `cardExtra` (cardId, type, serial, content) VALUES ('21140_33', 0, 2, 'Angeangalia kote');
INSERT INTO `cardExtra` (cardId, type, serial, content) VALUES ('21140_33', 0, 3, 'Angeangalia kilichoanguka');
INSERT INTO `cardExtra` (cardId, type, serial, content) VALUES ('21140_33', 0, 4, 'Angepaswa kulala badala ya kukimbia.');
INSERT INTO `card` (id, type, title, header, content, option) VALUES ('23158', 2, 'Kinywa na Mkono', 'assets/topic/asb/26880.png', 'Espoir Ntinda
Espoir Ntinda', 'FF9DEDE3');
INSERT INTO `card` (id, type, title, header, content, option) VALUES ('23158_3', 3, NULL, 'assets/topic/asb/26880.png', 'Hapo zamani, kulikuwa na marafiki wawili, Kinywa na Mkono.
Waliishi kijijini kama ndugu kila mmoja na mkewe.', NULL);
INSERT INTO `card` (id, type, title, header, content, option) VALUES ('23158_4', 3, NULL, 'assets/topic/asb/26881.png', 'Baada ya muda mfupi, mke wa Kinywa alifariki.
Kinywa alimwomba rafiki yake vifaa ili amzike mke wake.', NULL);
INSERT INTO `card` (id, type, title, header, content, option) VALUES ('23158_5', 3, NULL, 'assets/topic/asb/26882.png', 'Kinywa aliporudi nyumbani, aligundua kwamba alikuwa amelipoteza panga la Mkono. Alienda kuomba msamaha ila Mkono hakutaka kusikia maelezo yoyote.
Mkono alimlazimisha Kinywa amrudishie panga lake na lisiwe jingine bali lile alilokuwa amemazima.', NULL);
INSERT INTO `card` (id, type, title, header, content, option) VALUES ('23158_6', 3, NULL, 'assets/topic/asb/26883.png', 'Kinywa hakuwa na la kufanya. Aliamua kurudi alipomzika mkewe ili alitafute panga hilo. Alitafuta kila mahali lakini, hakulipata.
Mwishowe, aliamua kuchimbua kaburi ili angalie. La kushangaza ni kuwa hata mwili wa mkewe haukuwepo tena kaburini.', NULL);
INSERT INTO `card` (id, type, title, header, content, option) VALUES ('23158_7', 3, NULL, 'assets/topic/asb/26884.png', 'Kwa huzuni, Kinywa alirudi nyumbani. Alipokaribia kufika, alimwona mbwa akiwa na panga hilo. Wakati huo, aliisikia sauti ya mkewe ikisema, "Huyu ni mtumishi wako."
Kinywa alilichukua panga lile akamrudishia Mkono. Yeye akabaki na mbwa yule.', NULL);
INSERT INTO `card` (id, type, title, header, content, option) VALUES ('23158_8', 3, NULL, 'assets/topic/asb/26885.png', 'Kinywa aliishi na mbwa yule akimsaidia kuwinda. Siku moja aliacha kumwita mbwa na kuanza kumwita Mtumishi.
Waliishi kwa furaha hadi urafiki baina ya Kinywa na Mkono uliporudi kuwa kama ulivyokuwa mbeleni.', NULL);
INSERT INTO `card` (id, type, title, header, content, option) VALUES ('23158_9', 3, NULL, 'assets/topic/asb/26886.png', 'Baadaye, Mkono alitamani kula nyama, lakini hakuwa na mbwa wa kumwindia. Alikwenda kuomba mbwa wa Kinywa.
Kinywa hakusita kumpatia Mtumishi wake. Lakini alimwambia asimwite mbwa bali amwite Mtumishi.', NULL);
INSERT INTO `card` (id, type, title, header, content, option) VALUES ('23158_10', 3, NULL, 'assets/topic/asb/26887.png', 'Mkono alienda na Mtumishi popote alipotaka. Kila alichomwuliza afanye, alifanya.
Allimtuma porini kuwinda. Mkono alimfurahia Mtumishi sana.', NULL);
INSERT INTO `card` (id, type, title, header, content, option) VALUES ('23158_11', 3, NULL, 'assets/topic/asb/26888.png', 'Siku mmoja walipokuwa porini, Mtumishi alipotea. Kinywa alianza kumwita, "Mtumishi! Mtumishi! Uko wapi?"
Alipochoka, alisema kwa hasira, "Mbwa huyu ni gaidi sana." Wakati huo Mtumishi alitokea na kusema, "Umeniita mbwa! Naenda zangu." Alitoroka.', NULL);
INSERT INTO `card` (id, type, title, header, content, option) VALUES ('23158_12', 3, NULL, 'assets/topic/asb/26889.png', 'Mkono alirudi nyumbani bila Mtumishi. Alienda kwa rafikiye Kinywa kumpasha habari ya kupotea kwa Mtumishi. Kinywa hakufurahia ujumbe huo.
Alimlazimisha Mkono kumrudishia Mtumishi wake. Mkono hakufaulu kufanya  hivyo.
Tangu siku hiyo hadi leo, mkono ni mtumishi wa kinywa.', NULL);
INSERT INTO `card` (id, type, title, header, content, option) VALUES ('23158_13', 3, NULL, NULL, 'You are free to download, copy, translate or adapt this story and use the illustrations as long as you attribute in the following way:
Kinywa na Mkono
Author -
Espoir Ntinda
Illustration -
Espoir Ntinda
Language -
Kiswahili
Level -
Longer paragraphs
© African Storybook Initiative 2018
Creative Commons: Attribution 4.0
Source
www.africanstorybook.org', NULL);
INSERT INTO `card` (id, type, title, header, content, option) VALUES ('23158_14', 1, 'Chora mdomo na uurembe.', 'assets/topic/23158.svg', NULL, NULL);
INSERT INTO `cardExtra` (cardId, type, serial, content) VALUES ('23158_14', 2, 1, 'assets/topic/23158.svg');
INSERT INTO `card` (id, type, title, header, content, option) VALUES ('23158_15', 0, 'Mbwa alipenda aitwe nani?', NULL, NULL, 'oneAtATime');
INSERT INTO `cardExtra` (cardId, type, serial, content) VALUES ('23158_15', 1, 1, 'Msaidizi');
INSERT INTO `cardExtra` (cardId, type, serial, content) VALUES ('23158_15', 0, 1, 'Pilipili');
INSERT INTO `cardExtra` (cardId, type, serial, content) VALUES ('23158_15', 0, 2, 'Mchezaji');
INSERT INTO `cardExtra` (cardId, type, serial, content) VALUES ('23158_15', 0, 3, 'Mfanya usafi');
INSERT INTO `card` (id, type, title, header, content, option) VALUES ('23158_20', 0, 'Msaidizi hakusaidia mkono kabisa.', NULL, NULL, 'oneAtATime');
INSERT INTO `cardExtra` (cardId, type, serial, content) VALUES ('23158_20', 1, 1, 'Si kweli.');
INSERT INTO `cardExtra` (cardId, type, serial, content) VALUES ('23158_20', 0, 1, 'Kweli.');
INSERT INTO `card` (id, type, title, header, content, option) VALUES ('23158_23', 0, 'Je, msaidizi angeweza kufanya nini?', 'assets/topic/asb/26880.png', NULL, 'open');
INSERT INTO `cardExtra` (cardId, type, serial, content) VALUES ('23158_23', 0, 1, 'kusamehe mkono.');
INSERT INTO `cardExtra` (cardId, type, serial, content) VALUES ('23158_23', 0, 2, 'kupiga mkono.');
INSERT INTO `cardExtra` (cardId, type, serial, content) VALUES ('23158_23', 0, 3, 'kurudi kinywani.');
INSERT INTO `cardExtra` (cardId, type, serial, content) VALUES ('23158_23', 0, 4, 'kuonya mkono.');
INSERT INTO `card` (id, type, title, header, content, option) VALUES ('2209', 2, 'Kitabu cha hali ya hewa', 'assets/topic/asb/1547.png', 'Mutugi Kamundi
 Sandra McDougall', 'FFCFB5DD');
INSERT INTO `card` (id, type, title, header, content, option) VALUES ('2209_3', 3, NULL, 'assets/topic/asb/1547.png', 'Hakuna mvua.', NULL);
INSERT INTO `card` (id, type, title, header, content, option) VALUES ('2209_4', 3, NULL, 'assets/topic/asb/1548.png', 'Jua linang''aa.', NULL);
INSERT INTO `card` (id, type, title, header, content, option) VALUES ('2209_5', 3, NULL, 'assets/topic/asb/1549.png', 'Kuna upepo.', NULL);
INSERT INTO `card` (id, type, title, header, content, option) VALUES ('2209_6', 3, NULL, 'assets/topic/asb/1550.png', 'Kuna mawingu mazito.', NULL);
INSERT INTO `card` (id, type, title, header, content, option) VALUES ('2209_7', 3, NULL, 'assets/topic/asb/1551.png', 'Ni baridi.', NULL);
INSERT INTO `card` (id, type, title, header, content, option) VALUES ('2209_8', 3, NULL, 'assets/topic/asb/1552.png', 'Mvua inanyesha.', NULL);
INSERT INTO `card` (id, type, title, header, content, option) VALUES ('2209_9', 3, NULL, 'assets/topic/asb/1553.png', 'Kuna ngurumo za radi.', NULL);
INSERT INTO `card` (id, type, title, header, content, option) VALUES ('2209_10', 3, NULL, 'assets/topic/asb/1554.png', 'Naona upinde.', NULL);
INSERT INTO `card` (id, type, title, header, content, option) VALUES ('2209_11', 3, NULL, NULL, 'You are free to download, copy, translate or adapt this story and use the illustrations as long as you attribute in the following way:
Kitabu cha hali ya hewa
Author -
Clare Verbeek, Thembani Dladla and Zanele Buthelezi
Translation -
Mutugi Kamundi
Illustration -
Sandra McDougall
Language -
Kiswahili
Level -
First words
© School of Education and Development (Centre for Adult Education), University of Kwazulu-Natal 2007
Creative Commons: Attribution-Non Commercial 3.0
Source
www.africanstorybook.org
Original source
http://cae.ukzn.ac.za/resources/seedbooks.aspx', NULL);
INSERT INTO `card` (id, type, title, header, content, option) VALUES ('2209_12', 1, 'Chora aiskirimu na uirembe.', 'assets/topic/2209.svg', NULL, NULL);
INSERT INTO `cardExtra` (cardId, type, serial, content) VALUES ('2209_12', 2, 1, 'assets/topic/2209.svg');
INSERT INTO `card` (id, type, title, header, content, option) VALUES ('2209_13', 0, 'Jua ni la moto wakati mchana.', NULL, NULL, 'oneAtATime');
INSERT INTO `cardExtra` (cardId, type, serial, content) VALUES ('2209_13', 1, 1, 'Kweli.');
INSERT INTO `cardExtra` (cardId, type, serial, content) VALUES ('2209_13', 0, 1, 'Uongo.');
INSERT INTO `card` (id, type, title, header, content, option) VALUES ('2209_16', 0, 'Radi huja kwenye Mawingu Meusi', NULL, NULL, 'oneAtATime');
INSERT INTO `cardExtra` (cardId, type, serial, content) VALUES ('2209_16', 1, 1, 'Kweli.');
INSERT INTO `cardExtra` (cardId, type, serial, content) VALUES ('2209_16', 0, 1, 'Si kweli');
INSERT INTO `card` (id, type, title, header, content, option) VALUES ('2209_19', 0, 'Wakati gani huwa unahisi baridi?', 'assets/topic/asb/1547.png', NULL, 'open');
INSERT INTO `cardExtra` (cardId, type, serial, content) VALUES ('2209_19', 0, 1, 'Wakati wa mvua');
INSERT INTO `cardExtra` (cardId, type, serial, content) VALUES ('2209_19', 0, 2, 'Msimu wa baridi');
INSERT INTO `cardExtra` (cardId, type, serial, content) VALUES ('2209_19', 0, 3, 'Kipindi cha mvua ya barafu');
INSERT INTO `cardExtra` (cardId, type, serial, content) VALUES ('2209_19', 0, 4, 'Pindi nikinywa kitu cha baridi');
INSERT INTO `card` (id, type, title, header, content, option) VALUES ('20022', 2, 'Kiumbe cha ajabu', 'assets/topic/asb/19458.png', 'Ursula Nafula
Tawanda Mhand', 'FFB3C8FF');
INSERT INTO `card` (id, type, title, header, content, option) VALUES ('20022_3', 3, NULL, 'assets/topic/asb/19455.png', 'Familia ya Inzawu ilikuwa yenye furaha. Binti wao wawili walijifunza kutoka kwa mama yao jinsi ya kupika na kutunza bustani.', NULL);
INSERT INTO `card` (id, type, title, header, content, option) VALUES ('20022_4', 3, NULL, 'assets/topic/asb/19456.png', 'Kila walipokula chakula cha jioni, waliongea kuhusu waliyotenda siku hiyo.', NULL);
INSERT INTO `card` (id, type, title, header, content, option) VALUES ('20022_5', 3, NULL, 'assets/topic/asb/19457.png', 'Baba aliwaonya wanawe kutoingia msituni
kabisa. Aliwaambia kuhusu kiumbe cha ajabu kilichoishi katika msitu huo. Alisema, "Kiumbe hicho ni kama sisi wawili pamoja!"', NULL);
INSERT INTO `card` (id, type, title, header, content, option) VALUES ('20022_6', 3, NULL, 'assets/topic/asb/19458.png', 'Siku moja, wasichana wale walikuwa wakicheza karibu na mto. Waliuzunguka mti, na ghafla, walikabiliana na kiumbe cha ajabu! Kiumbe hicho kilikuwa na macho mawili, mapua mawili, viganja viwili na mikono miwili.', NULL);
INSERT INTO `card` (id, type, title, header, content, option) VALUES ('20022_7', 3, NULL, 'assets/topic/asb/19459.png', 'Wakitetemeka kwa woga, walikimbia kuwaeleza ndugu zao walichokuwa wameona. Hata hivyo, wavulana hao hawakuwaamini, "Ni ujinga wa wasichana tu!" Walisema.', NULL);
INSERT INTO `card` (id, type, title, header, content, option) VALUES ('20022_8', 3, NULL, 'assets/topic/asb/19460.png', 'Mwishowe, hamu iliwazidi. Wavulana hao waliwafuata dada zao wakaelekea mtoni ili kujionea wenyewe kiumbe hicho cha ajabu.', NULL);
INSERT INTO `card` (id, type, title, header, content, option) VALUES ('20022_9', 3, NULL, 'assets/topic/asb/19461.png', 'Walitafuta na kutafuta lakini waliona nyasi
ndefu na miti peke yake. Waliposikia kelele, walitazama juu.', NULL);
INSERT INTO `card` (id, type, title, header, content, option) VALUES ('20022_10', 3, NULL, 'assets/topic/asb/19462.png', 'Juu ya mti walikiona kiumbe cha ajabu wasichokuwa wameona tangu. Kilikuwa na macho mawili, mapua mawili, viganja viwili na mikono miwili. Kila sehemu ya mwili ilikuwa mbili mbili kinyume na wao waliokuwa na kimoja pekee.', NULL);
INSERT INTO `card` (id, type, title, header, content, option) VALUES ('20022_11', 3, NULL, 'assets/topic/asb/19463.png', 'Watoto hao waliogopa, wakakimbia kuwaambia wazazi wao. Muda mfupi baadaye, familia nzima ilikuwa pale mtoni kukichunguza kiumbe hicho cha ajabu.', NULL);
INSERT INTO `card` (id, type, title, header, content, option) VALUES ('20022_12', 3, NULL, 'assets/topic/asb/19464.png', '"Msiniumize!" Kiumbe hicho kilisema, huku kikijificha nyuma ya mti. Wakati huo, familia ya Inzawu iliweza kuona mguu mmoja, kiganja kimoja, mkono mmoja na jicho moja pekee.', NULL);
INSERT INTO `card` (id, type, title, header, content, option) VALUES ('20022_13', 3, NULL, 'assets/topic/asb/19465.png', '"Mimi ni kama ninyi tu," kiumbe hicho kiliendelea kusema. "Tofauti kati yangu nanyi ni kwamba niliumbwa na mbili mbili ya kila sehemu ya mwili."', NULL);
INSERT INTO `card` (id, type, title, header, content, option) VALUES ('20022_14', 3, NULL, 'assets/topic/asb/19466.png', 'Hivyo ndivyo familia ya Inzawu iligundua kwamba kiumbe hicho hakikuwa cha kuogopwa. Ilikuwa tu hali iliyokuwa tofauti na yao.', NULL);
INSERT INTO `card` (id, type, title, header, content, option) VALUES ('20022_15', 3, NULL, NULL, 'You are free to download, copy, translate or adapt this story and use the illustrations as long as you attribute in the following way:
Kiumbe cha ajabu
Author -
Mlungisi Madlala and Ntombikayise Ngidi
Translation -
Ursula Nafula
Illustration -
Tawanda Mhand
Language -
Kiswahili
Level -
First paragraphs
© African Storybook Initiative 2016
Creative Commons: Attribution 4.0
Source
www.africanstorybook.org', NULL);
INSERT INTO `card` (id, type, title, header, content, option) VALUES ('20022_16', 1, 'Mchore mwanaume kwa kutumia stika.', 'assets/topic/20022.svg', NULL, NULL);
INSERT INTO `cardExtra` (cardId, type, serial, content) VALUES ('20022_16', 2, 1, 'assets/topic/20022.svg');
INSERT INTO `card` (id, type, title, header, content, option) VALUES ('20022_17', 0, 'Kulikua na watu wa ngapi katika familia ya Izinzawu', NULL, NULL, 'oneAtATime');
INSERT INTO `cardExtra` (cardId, type, serial, content) VALUES ('20022_17', 1, 1, 'Sita');
INSERT INTO `cardExtra` (cardId, type, serial, content) VALUES ('20022_17', 0, 1, 'Watano');
INSERT INTO `cardExtra` (cardId, type, serial, content) VALUES ('20022_17', 0, 2, 'Wanne');
INSERT INTO `cardExtra` (cardId, type, serial, content) VALUES ('20022_17', 0, 3, 'Wawili');
INSERT INTO `card` (id, type, title, header, content, option) VALUES ('20022_22', 0, 'Kiumbe kilikua ni binadamu kama sisi', NULL, NULL, 'oneAtATime');
INSERT INTO `cardExtra` (cardId, type, serial, content) VALUES ('20022_22', 1, 1, 'Kweli.');
INSERT INTO `cardExtra` (cardId, type, serial, content) VALUES ('20022_22', 0, 1, 'Uongo.');
INSERT INTO `card` (id, type, title, header, content, option) VALUES ('20022_25', 0, 'Utafanya nini ukiona kiumbe cha ajabu?', 'assets/topic/asb/19458.png', NULL, 'open');
INSERT INTO `cardExtra` (cardId, type, serial, content) VALUES ('20022_25', 0, 1, 'Nitakipiga jiwe');
INSERT INTO `cardExtra` (cardId, type, serial, content) VALUES ('20022_25', 0, 2, 'Nitakikimbia');
INSERT INTO `cardExtra` (cardId, type, serial, content) VALUES ('20022_25', 0, 3, 'Nitawajulisha watu wakubwa');
INSERT INTO `cardExtra` (cardId, type, serial, content) VALUES ('20022_25', 0, 4, 'Nitaangalia kinafanya nini.');
INSERT INTO `card` (id, type, title, header, content, option) VALUES ('22004', 2, 'Kobe na Sungura', 'assets/topic/asb/2036.png', 'Ursula Nafula
 Padmanabha', 'FF9DEDE3');
INSERT INTO `card` (id, type, title, header, content, option) VALUES ('22004_3', 3, NULL, 'assets/topic/asb/2037.png', 'Hapo zamani, Sungura na Kobe walishindana mbio.', NULL);
INSERT INTO `card` (id, type, title, header, content, option) VALUES ('22004_4', 3, NULL, 'assets/topic/asb/2038.png', 'Wanyama wengine walitazama mashindano hayo.', NULL);
INSERT INTO `card` (id, type, title, header, content, option) VALUES ('22004_5', 3, NULL, 'assets/topic/asb/2039.png', 'Sungura alimshinda Kobe.
Hata hivyo, hakujivuna kwa kuwa mshindi.', NULL);
INSERT INTO `card` (id, type, title, header, content, option) VALUES ('22004_6', 3, NULL, 'assets/topic/asb/2040.png', 'Kobe na Sungura waliendelea kuwa marafiki.', NULL);
INSERT INTO `card` (id, type, title, header, content, option) VALUES ('22004_7', 3, NULL, 'assets/topic/asb/2042.png', 'Mfalme Simba aliwatuma Kobe na Sungrua kwa mfalme jirani.', NULL);
INSERT INTO `card` (id, type, title, header, content, option) VALUES ('22004_8', 3, NULL, 'assets/topic/asb/2043.png', 'Kobe na Sungura waliondoka kutimiza walivyotumwa.', NULL);
INSERT INTO `card` (id, type, title, header, content, option) VALUES ('22004_9', 3, NULL, 'assets/topic/asb/2044.png', 'Mfalme Simba aliwasubiri Kobe na Sungura kurudi.', NULL);
INSERT INTO `card` (id, type, title, header, content, option) VALUES ('22004_10', 3, NULL, 'assets/topic/asb/2045.png', 'Barabara waliyotumia ilijaa mawe na miiba.', NULL);
INSERT INTO `card` (id, type, title, header, content, option) VALUES ('22004_11', 3, NULL, 'assets/topic/asb/2046.png', 'Kobe na Sungura walitembea, wakatembea.
Walipumzika na kuzungumza.', NULL);
INSERT INTO `card` (id, type, title, header, content, option) VALUES ('22004_12', 3, NULL, 'assets/topic/asb/2048.png', 'Walijadili jinsi ya kusaidiana.', NULL);
INSERT INTO `card` (id, type, title, header, content, option) VALUES ('22004_13', 3, NULL, 'assets/topic/asb/2050.png', 'Sungura alimbeba Kobe walipopita kwenye
miiba.', NULL);
INSERT INTO `card` (id, type, title, header, content, option) VALUES ('22004_14', 3, NULL, 'assets/topic/asb/2051.png', 'Walipofika mtoni, Kobe alimbeba Sungura wakavuka.', NULL);
INSERT INTO `card` (id, type, title, header, content, option) VALUES ('22004_15', 3, NULL, 'assets/topic/asb/2052.png', 'Kobe alitembea haraka sana.
Sungura alijishikilia mgongoni.', NULL);
INSERT INTO `card` (id, type, title, header, content, option) VALUES ('22004_16', 3, NULL, 'assets/topic/asb/2054.png', 'Kobe na Sungura walijadiliana na mflame jirani.', NULL);
INSERT INTO `card` (id, type, title, header, content, option) VALUES ('22004_17', 3, NULL, 'assets/topic/asb/2056.png', 'Walirudi nyumbani haraka sana.
Kobe na Sungura walikuwa marifiki wakubwa!', NULL);
INSERT INTO `card` (id, type, title, header, content, option) VALUES ('22004_18', 3, NULL, NULL, 'You are free to download, copy, translate or adapt this story and use the illustrations as long as you attribute in the following way:
Kobe na Sungura
Author -
Venkatramana Gowda and Divaspathy Hegde
Translation -
Ursula Nafula
Illustration -
Padmanabha
Language -
Kiswahili
Level -
First words
© Pratham Books 2014
Creative Commons: Attribution 4.0
Source
www.africanstorybook.org
Original source
www.prathambooks.org', NULL);
INSERT INTO `card` (id, type, title, header, content, option) VALUES ('22004_19', 1, 'Wapake rangi Sungura na Kobe.', 'assets/topic/22004.svg', NULL, NULL);
INSERT INTO `cardExtra` (cardId, type, serial, content) VALUES ('22004_19', 2, 1, 'assets/topic/22004.svg');
INSERT INTO `card` (id, type, title, header, content, option) VALUES ('22004_20', 0, 'Sungura alimkalia Kobe, hivyo ikawa rahisi kuvuka mto.', NULL, NULL, 'oneAtATime');
INSERT INTO `cardExtra` (cardId, type, serial, content) VALUES ('22004_20', 1, 1, 'Kweli.');
INSERT INTO `cardExtra` (cardId, type, serial, content) VALUES ('22004_20', 0, 1, 'Si kweli.');
INSERT INTO `card` (id, type, title, header, content, option) VALUES ('22004_23', 0, 'Sungura na Kobe hawakuweza kupata ujumbe kutoka kwa mfalme mwingine.', NULL, NULL, 'oneAtATime');
INSERT INTO `cardExtra` (cardId, type, serial, content) VALUES ('22004_23', 1, 1, 'Si kweli.');
INSERT INTO `cardExtra` (cardId, type, serial, content) VALUES ('22004_23', 0, 1, 'Kweli.');
INSERT INTO `card` (id, type, title, header, content, option) VALUES ('22004_26', 0, 'Unafikiri kwanini Sungura na Kobe walifanikiwa?', 'assets/topic/asb/2036.png', NULL, 'open');
INSERT INTO `cardExtra` (cardId, type, serial, content) VALUES ('22004_26', 0, 1, 'Walisaidiana.');
INSERT INTO `cardExtra` (cardId, type, serial, content) VALUES ('22004_26', 0, 2, 'Walifanya kazi kwa bidii.');
INSERT INTO `cardExtra` (cardId, type, serial, content) VALUES ('22004_26', 0, 3, 'Walikwenda njia yao wenyewe.');
INSERT INTO `cardExtra` (cardId, type, serial, content) VALUES ('22004_26', 0, 4, 'Walikuwa nguvu ya kila mmoja.');
INSERT INTO `card` (id, type, title, header, content, option) VALUES ('24751', 2, 'Kondoo aliyechoka na maisha ya jijini', 'assets/topic/asb/26535.png', 'Ursula  Nafula
Kenneth Boyowa Okitikpi', 'FFCFB5DD');
INSERT INTO `card` (id, type, title, header, content, option) VALUES ('24751_3', 3, NULL, 'assets/topic/asb/26535.png', 'Kondoo aliishi jijini. Alipochoka na maisha ya jiji, aliamua kwenda kichakani.
Akiwa njiani, alikutana na Fisi aliyekuwa hajala kwa siku nyingi.', NULL);
INSERT INTO `card` (id, type, title, header, content, option) VALUES ('24751_4', 3, NULL, 'assets/topic/asb/26536.png', 'Kondoo alimsalimu Fisi, "Hujambo ndugu Fisi? Hujambo ndugu Fisi?"
Fisi alimjibu Kondoo, "Usinisalimu ukirudia rudia hivyo. Tenda jambo uimalize njaa niliyonayo."', NULL);
INSERT INTO `card` (id, type, title, header, content, option) VALUES ('24751_5', 3, NULL, 'assets/topic/asb/26537.png', 'Kondoo aliposikia hivyo, alianza kukimbia.
Ghafla, alijikuta katika pango la Simba huku akifuatwa na Fisi.
Fisi alifika pangoni huku akimrushia Simba vumbi machoni.', NULL);
INSERT INTO `card` (id, type, title, header, content, option) VALUES ('24751_6', 3, NULL, 'assets/topic/asb/26538.png', 'Simba alimwambia Fisi, "Kwani hatuwezi hata kupata amani pangoni kwetu? Unaturushia vumbi machoni mwetu!"
Fisi alijibu, "Samahani Mfalme, sikukusudia kukudharau! Ninakifukuza chakula changu!"', NULL);
INSERT INTO `card` (id, type, title, header, content, option) VALUES ('24751_7', 3, NULL, 'assets/topic/asb/26539.png', 'Simba alisema, "Wewe Fisi, ni chakula kwangu pia. Je, nilikufukuza? Ulikuja wewe mwenyewe. Usinilaumu baadaye."', NULL);
INSERT INTO `card` (id, type, title, header, content, option) VALUES ('24751_8', 3, NULL, 'assets/topic/asb/26540.png', 'Simba akamwuliza Kondoo, "Mbona ulikuja kichakani?"
Kondoo akajibu, "Nilikuja kwa sababu mimi ni mwaguzi."', NULL);
INSERT INTO `card` (id, type, title, header, content, option) VALUES ('24751_9', 3, NULL, 'assets/topic/asb/26541.png', 'Simba akasema, "Zitayarishe dawa za kienyeji unihakikishie kwamba wewe ni mwaguzi kweli." Kondoo akajibu, "Dawa zangu ni ghali mno."
Simba akasema, "Hiyo si shida. Hakuna jambo nisiloweza kufanya."', NULL);
INSERT INTO `card` (id, type, title, header, content, option) VALUES ('24751_10', 3, NULL, 'assets/topic/asb/26542.png', 'Kondoo akasema, "Sikio la Fisi ndilo dawa."
Simba akalikata sikio la Fisi na kumpatia Kondoo.
Kondoo akaliweka sikio hilo ndani ya chupa iliyokuwa na asali. Kisha akampatia Simba.', NULL);
INSERT INTO `card` (id, type, title, header, content, option) VALUES ('24751_11', 3, NULL, 'assets/topic/asb/26543.png', 'Simba alipolila lile sikio, lilikuwa tamu sana.
Akamwuliza Kondoo, "Inawezekana kulipata sikio la pili?"', NULL);
INSERT INTO `card` (id, type, title, header, content, option) VALUES ('24751_12', 3, NULL, 'assets/topic/asb/26544.png', 'Kondoo akasema, "Ndiyo, inawezekana mfalme wangu." Kwa hivyo, Simba alilikata sikio la Fisi la pili akampatia Kondoo.
Kondoo akaliweka tena ndani ya chupa iliyokuwa na asali kisha akampatia Simba.', NULL);
INSERT INTO `card` (id, type, title, header, content, option) VALUES ('24751_13', 3, NULL, 'assets/topic/asb/26545.png', 'Simba akamwuliza Kondoo, "Je, inawezekana kuipata ngozi?" Kondoo akajibu, "Nadhani inawezekana mfalme wangu."
Fisi aliposikia hivyo, aliogopa kufa. Alitoroka huku akifukuzwa na Simba.', NULL);
INSERT INTO `card` (id, type, title, header, content, option) VALUES ('24751_14', 3, NULL, 'assets/topic/asb/26546.png', '"Ikiwa hivyo ndivyo maisha yalivyo kichakani, heri nirudi nyumbani," Kondoo alisema.', NULL);
INSERT INTO `card` (id, type, title, header, content, option) VALUES ('24751_15', 3, NULL, NULL, 'You are free to download, copy, translate or adapt this story and use the illustrations as long as you attribute in the following way:
Kondoo aliyechoka na maisha ya jijini
Author -
Mohammed Alhaji Modu
Translation -
Ursula  Nafula
Illustration -
Kenneth Boyowa Okitikpi
Language -
Kiswahili
Level -
First paragraphs
© African Storybook Initiative 2018
Creative Commons: Attribution 4.0
Source
www.africanstorybook.org', NULL);
INSERT INTO `card` (id, type, title, header, content, option) VALUES ('24751_16', 1, 'Mpake rangi Kondoo na umrembe.', 'assets/topic/24751.svg', NULL, NULL);
INSERT INTO `cardExtra` (cardId, type, serial, content) VALUES ('24751_16', 2, 1, 'assets/topic/24751.svg');
INSERT INTO `card` (id, type, title, header, content, option) VALUES ('24751_17', 0, 'Kondoo alitaka kwenda wapi?', NULL, NULL, 'oneAtATime');
INSERT INTO `cardExtra` (cardId, type, serial, content) VALUES ('24751_17', 1, 1, 'Kichakani');
INSERT INTO `cardExtra` (cardId, type, serial, content) VALUES ('24751_17', 0, 1, 'Msituni');
INSERT INTO `cardExtra` (cardId, type, serial, content) VALUES ('24751_17', 0, 2, 'Nyumbani');
INSERT INTO `cardExtra` (cardId, type, serial, content) VALUES ('24751_17', 0, 3, 'Mjini');
INSERT INTO `card` (id, type, title, header, content, option) VALUES ('24751_22', 0, 'Simba alikula masikio mangapi?', NULL, NULL, 'oneAtATime');
INSERT INTO `cardExtra` (cardId, type, serial, content) VALUES ('24751_22', 1, 1, 'Mawili');
INSERT INTO `cardExtra` (cardId, type, serial, content) VALUES ('24751_22', 0, 1, 'Moja');
INSERT INTO `cardExtra` (cardId, type, serial, content) VALUES ('24751_22', 0, 2, 'Matatu');
INSERT INTO `cardExtra` (cardId, type, serial, content) VALUES ('24751_22', 0, 3, 'Manne');
INSERT INTO `card` (id, type, title, header, content, option) VALUES ('24751_27', 0, 'Utafanya nini ikiwa una njaa?', 'assets/topic/asb/26535.png', NULL, 'open');
INSERT INTO `cardExtra` (cardId, type, serial, content) VALUES ('24751_27', 0, 1, 'Nitasubiri chakula');
INSERT INTO `cardExtra` (cardId, type, serial, content) VALUES ('24751_27', 0, 2, 'Nitapika chakula');
INSERT INTO `cardExtra` (cardId, type, serial, content) VALUES ('24751_27', 0, 3, 'Nitakula matunda');
INSERT INTO `cardExtra` (cardId, type, serial, content) VALUES ('24751_27', 0, 4, 'Nitakunywa maji');
INSERT INTO `card` (id, type, title, header, content, option) VALUES ('21863', 2, 'Kuhesabu Kabichi', 'assets/topic/asb/19328.png', 'Ursula Nafula
Magriet Brink', 'FFF4E1B5');
INSERT INTO `card` (id, type, title, header, content, option) VALUES ('21863_3', 3, NULL, 'assets/topic/asb/19323.png', 'Mama Koki amekuwa akichuma kabichi wiki nzima. Dona, Maya na Duki humsaidia Mama Koki katika bustani yake kila Jumamosi asubuhi.
Leo watoto watasaidia katika kupakia na kuhesabu kabichi. Halafu Baba Koki atayapeleka masanduku yaliyojaa kabichi sokoni kuuza.', NULL);
INSERT INTO `card` (id, type, title, header, content, option) VALUES ('21863_4', 3, NULL, 'assets/topic/asb/19325.png', 'Teksi iliwafikisha watoto kwenye lango la bustani. Waliliona rundo kubwa la kabichi karibu na gari la Baba Koki. "Salala! Kabichi nyingi kweli!" Maya alishangaa. "Bila shaka kuna kabichi elfu moja hapo!" Duki alicheka. "La! Hasha! Pengine ni mia mbili tu!" Dona alipinga.', NULL);
INSERT INTO `card` (id, type, title, header, content, option) VALUES ('21863_5', 3, NULL, 'assets/topic/asb/19326.png', 'Mama Koki alikuwa amesubiri langoni. "Hamjambo, nimefurahi kuwaona!" Aliwasalimu watoto. "Hebu tuanze kazi. Mtahitajika kuzihesabu kabichi na kuweka kumi na mbili katika kila sanduku. Nina masanduku 20. Wawili kati yenu wanaweza kupakia kila mmoja kwenye masanduku 7 na mmoja apakie kwenye masanduku 6."', NULL);
INSERT INTO `card` (id, type, title, header, content, option) VALUES ('21863_6', 3, NULL, 'assets/topic/asb/19327.png', 'Watoto walilitazama lile rundo la kabichi. Wakajadili njia tofauti za kuzihesabu kabichi hizo. "Mimi nitahesabu zangu mbili mbili," Maya akasema. "Ninapenda kuhesabu nne nne. Ni haraka," Duki akajibu. "Mimi nitazihesabu tatu tatu ili niwe tofauti nanyi!" Dona akawajibu.', NULL);
INSERT INTO `card` (id, type, title, header, content, option) VALUES ('21863_7', 3, NULL, 'assets/topic/asb/19328.png', 'Pindi watoto walijaza masanduku 20. "Kazi nzuri!" Mama Koki aliwapongeza. "Tazama, kuna kabichi zimezalia. Nguruwe wangu wanazipenda, kwa hivyo, hebu tuwagawie," Mama Koki aliamua. "Mlipakia kabichi ngapi katika masanduku? Ni kabichi ngapi zilibaki?" Aliwauliza watoto.', NULL);
INSERT INTO `card` (id, type, title, header, content, option) VALUES ('21863_8', 3, NULL, 'assets/topic/asb/19329.png', 'Kazi iliyofuata ilikuwa kuandika bei kwenye kila sanduku kisha kumsaidia Baba Koki kuyapakia kwenye gari. Ilikuwa lazima waweke nusu ya masanduku upande mmoja na nusu nyingine upande wa pili ili uzito ulingane.', NULL);
INSERT INTO `card` (id, type, title, header, content, option) VALUES ('21863_9', 3, NULL, 'assets/topic/asb/19330.png', '"Karibu tukamilishe!" Baba Koki alisema. "Hebu tuone ni masanduku mangapi tunahitaji kuweka kila upande."', NULL);
INSERT INTO `card` (id, type, title, header, content, option) VALUES ('21863_10', 3, NULL, 'assets/topic/asb/19331.png', 'Muda mfupi baadaye, masanduku yote 20 yalikuwa yamepakiwa kwenye gari. Baba Koki alilingurumisha gari na kuondoka kwenda sokoni. Aliwaza, "Nikifaulu kuuza masanduku yote, nitapata pesa za kutosha za kurekebisha zizi la nguruwe na kuwashangaza watoto!"', NULL);
INSERT INTO `card` (id, type, title, header, content, option) VALUES ('21863_11', 3, NULL, 'assets/topic/asb/19332.png', 'Nyumbani, Mama Koki na watoto walikuwa wakinyunyizia mimea maji na kukusanya majani. Kufikia saa sita, wote walikuwa wamechoka. Mama Koki aliwaambia, "Ni wakati wa karamu yenu. Je, mnajua nilichowaandalia leo?"', NULL);
INSERT INTO `card` (id, type, title, header, content, option) VALUES ('21863_12', 3, NULL, 'assets/topic/asb/19333.png', 'Aliingia ndani kuwaletea alichokuwa amewaandalia. Watoto walisubiri kwa uvumilivu huku wakikisia atakacholeta. Alipowasili, waliona mifuko ya kimori chake ikiwa imejaa!', NULL);
INSERT INTO `card` (id, type, title, header, content, option) VALUES ('21863_13', 3, NULL, 'assets/topic/asb/19334.png', '"Hebu tuone ikiwa mlikisia sawa! Nimewatayarishia nini leo?" Mama Koki aliinamisha mifuko na matofaa yakaanguka mezani. "Nilikisia sawa!" Duki alisema kwa furaha. Mama Koki aliwaambia watoto, "Sasa kumbukeni sharti. Gawanya sawa ili kila mmoja apate haki yake. Hakuna anayepata zaidi wala kidogo kuliko mwingine!"', NULL);
INSERT INTO `card` (id, type, title, header, content, option) VALUES ('21863_14', 3, NULL, 'assets/topic/asb/19335.png', 'Kwanza, watoto walihesabu matofaa mawili mawili. Walihesabu: 2, 4, 6, 8, 10, 12, 14, 16, na tofaa moja likabaki. Yote pamoja, yalikuwa matofaa 17.', NULL);
INSERT INTO `card` (id, type, title, header, content, option) VALUES ('21863_15', 3, NULL, 'assets/topic/asb/19336.png', 'Waligawana matofaa sawasawa yakabaki matofaa mawili. Kisha watoto waliyaweka matofaa yao mikobani ili wayapeleke nyumbani kwao.', NULL);
INSERT INTO `card` (id, type, title, header, content, option) VALUES ('21863_16', 3, NULL, 'assets/topic/asb/19337.png', '"Hebu tuyakate matofaa mawili yaliyobaki ili tugawane kati yetu," Duki aliwaambia. "Kila mmoja wetu atapata vipande vingapi vya tofaa?" Maya aliuliza. "Ninajua jibu!" Dona alitabasamu.', NULL);
INSERT INTO `card` (id, type, title, header, content, option) VALUES ('21863_17', 3, NULL, 'assets/topic/asb/19338.png', 'Wakati huo, Baba Koki alifika nyumbani kutoka sokoni. Gari lilikuwa tupu naye alikuwa akitabasamu. "Niliuza kabichi zote. Sasa ninaweza kurekebisha zizi la nguruwe na kuwanunulia ule mpira wa miguu mliotaka." Watoto walishangilia, "Yee!"', NULL);
INSERT INTO `card` (id, type, title, header, content, option) VALUES ('21863_19', 3, NULL, NULL, 'You are free to download, copy, translate or adapt this story and use the illustrations as long as you attribute in the following way:
Kuhesabu Kabichi
Author -
Penelope Smith
Translation -
Ursula Nafula
Illustration -
Magriet Brink
Language -
Kiswahili
Level -
Longer paragraphs
© African Storybook Initiative 2016
Creative Commons: Attribution 4.0
Source
www.africanstorybook.org', NULL);
INSERT INTO `card` (id, type, title, header, content, option) VALUES ('21863_20', 1, 'Paka rangi Kabichi na uirembe', 'assets/topic/21863.svg', NULL, NULL);
INSERT INTO `cardExtra` (cardId, type, serial, content) VALUES ('21863_20', 2, 1, 'assets/topic/21863.svg');
INSERT INTO `card` (id, type, title, header, content, option) VALUES ('21863_21', 0, 'Baba Koki alipakia masanduku ishirini katika lori.', NULL, NULL, 'oneAtATime');
INSERT INTO `cardExtra` (cardId, type, serial, content) VALUES ('21863_21', 1, 1, 'Kweli.');
INSERT INTO `cardExtra` (cardId, type, serial, content) VALUES ('21863_21', 0, 1, 'Si kweli.');
INSERT INTO `card` (id, type, title, header, content, option) VALUES ('21863_24', 0, 'Je, watoto waligawana nini?', NULL, NULL, 'oneAtATime');
INSERT INTO `cardExtra` (cardId, type, serial, content) VALUES ('21863_24', 1, 1, 'Tunda tofaa');
INSERT INTO `cardExtra` (cardId, type, serial, content) VALUES ('21863_24', 0, 1, 'Machungwa');
INSERT INTO `cardExtra` (cardId, type, serial, content) VALUES ('21863_24', 0, 2, 'Stroberi');
INSERT INTO `cardExtra` (cardId, type, serial, content) VALUES ('21863_24', 0, 3, 'Ndizi');
INSERT INTO `card` (id, type, title, header, content, option) VALUES ('21863_29', 0, 'Unashirikiana nini na rafiki yako?', 'assets/topic/asb/19328.png', NULL, 'open');
INSERT INTO `cardExtra` (cardId, type, serial, content) VALUES ('21863_29', 0, 1, 'Matunda');
INSERT INTO `cardExtra` (cardId, type, serial, content) VALUES ('21863_29', 0, 2, 'Chakula');
INSERT INTO `cardExtra` (cardId, type, serial, content) VALUES ('21863_29', 0, 3, 'Juisi');
INSERT INTO `cardExtra` (cardId, type, serial, content) VALUES ('21863_29', 0, 4, 'Maji');
INSERT INTO `card` (id, type, title, header, content, option) VALUES ('23035', 2, 'Kuku amfanyia Tai hila', 'assets/topic/asb/9588.png', 'Ursula  Nafula
Rob Owen', 'FF9DEDE3');
INSERT INTO `card` (id, type, title, header, content, option) VALUES ('23035_3', 3, NULL, 'assets/topic/asb/9587.png', 'Hapo zamani, Kuku na Tai walikuwa marafiki. Siku moja, Tai alimkuta Kuku akiwa anapumzika chini ya mti. Alikuwa amesimamia mguu mmoja pekee.', NULL);
INSERT INTO `card` (id, type, title, header, content, option) VALUES ('23035_4', 3, NULL, 'assets/topic/asb/9588.png', 'Tai alimwuliza Kuku, "Mguu wako mwingine uko wapi?"', NULL);
INSERT INTO `card` (id, type, title, header, content, option) VALUES ('23035_5', 3, NULL, 'assets/topic/asb/9589.png', 'Kuku alimweleza Tai, "Mwenye duka aliukata na badala yake akanipatia vitu hivi."', NULL);
INSERT INTO `card` (id, type, title, header, content, option) VALUES ('23035_6', 3, NULL, 'assets/topic/asb/9590.png', 'Tai alimwuliza Kuku ikiwa yeye pia angeweza kufanya  hivyo. Vilevile alitaka mfuko uliojaa vitu. Kuku alikubali.', NULL);
INSERT INTO `card` (id, type, title, header, content, option) VALUES ('23035_7', 3, NULL, 'assets/topic/asb/9591.png', 'Tai alimwendea mwenye duka akitaka aukate mguu wake mmoja na badala yake ampatie vitu vitamu. Mwenye duka alikubali akafanya hivyo.', NULL);
INSERT INTO `card` (id, type, title, header, content, option) VALUES ('23035_8', 3, NULL, 'assets/topic/asb/9592.png', 'Tai aliruka ruka kwa mguu mmoja akielekea nyumbani. Hata hivyo, alivifurahia vitu alivopewa na mwenye duka.', NULL);
INSERT INTO `card` (id, type, title, header, content, option) VALUES ('23035_9', 3, NULL, 'assets/topic/asb/9593.png', 'Tai alipofika nyumbani, alimkuta Kuku akiwa na miguu yake miwili.', NULL);
INSERT INTO `card` (id, type, title, header, content, option) VALUES ('23035_10', 3, NULL, 'assets/topic/asb/9594.png', 'Tai alikasirika sana akaanza kumfukuza Kuku. Lakini hakuweza kumshika. Hiyo ndiyo sababu Tai huwashambulia vifaranga wa Kuku kila mara. Anapomshika mmoja, yeye humla.', NULL);
INSERT INTO `card` (id, type, title, header, content, option) VALUES ('23035_11', 3, NULL, NULL, 'You are free to download, copy, translate or adapt this story and use the illustrations as long as you attribute in the following way:
Kuku amfanyia Tai hila
Author -
Nathan Higenyi
Translation -
Ursula  Nafula
Illustration -
Rob Owen
Language -
Kiswahili
Level -
First paragraphs
© African Storybook Initiative 2015
Creative Commons: Attribution 4.0
Source
www.africanstorybook.org', NULL);
INSERT INTO `card` (id, type, title, header, content, option) VALUES ('23035_12', 1, 'Mpake rangi Kuku na umrembe.', 'assets/topic/23035.svg', NULL, NULL);
INSERT INTO `cardExtra` (cardId, type, serial, content) VALUES ('23035_12', 2, 1, 'assets/topic/23035.svg');
INSERT INTO `card` (id, type, title, header, content, option) VALUES ('23035_13', 0, 'Ni nani rafiki wa kuku?', NULL, NULL, 'oneAtATime');
INSERT INTO `cardExtra` (cardId, type, serial, content) VALUES ('23035_13', 1, 1, 'Tai');
INSERT INTO `cardExtra` (cardId, type, serial, content) VALUES ('23035_13', 0, 1, 'Panya');
INSERT INTO `cardExtra` (cardId, type, serial, content) VALUES ('23035_13', 0, 2, 'Tumbili');
INSERT INTO `cardExtra` (cardId, type, serial, content) VALUES ('23035_13', 0, 3, 'Kunguru');
INSERT INTO `card` (id, type, title, header, content, option) VALUES ('23035_18', 0, 'Mwenye duka aliukata mguu wa Tai.', NULL, NULL, 'oneAtATime');
INSERT INTO `cardExtra` (cardId, type, serial, content) VALUES ('23035_18', 1, 1, 'Kweli.');
INSERT INTO `cardExtra` (cardId, type, serial, content) VALUES ('23035_18', 0, 1, 'Si kweli.');
INSERT INTO `card` (id, type, title, header, content, option) VALUES ('23035_21', 0, 'Unabadilishana nini na rafiki yako?', 'assets/topic/asb/9588.png', NULL, 'open');
INSERT INTO `cardExtra` (cardId, type, serial, content) VALUES ('23035_21', 0, 1, 'Chakula');
INSERT INTO `cardExtra` (cardId, type, serial, content) VALUES ('23035_21', 0, 2, 'Matunda');
INSERT INTO `cardExtra` (cardId, type, serial, content) VALUES ('23035_21', 0, 3, 'Kuki');
INSERT INTO `cardExtra` (cardId, type, serial, content) VALUES ('23035_21', 0, 4, 'Chokoleti');
INSERT INTO `card` (id, type, title, header, content, option) VALUES ('22536', 2, 'Kunguru na Mbweha', 'assets/topic/asb/25729.png', 'Ursula  Nafula
Isaac Okwir', 'FF9DEDE3');
INSERT INTO `card` (id, type, title, header, content, option) VALUES ('22536_3', 3, NULL, 'assets/topic/asb/25729.png', 'Hapo zamani, wanyama wa pori waliishi pamoja.
Kunguru na Mbweha walikuwa marafiki wakubwa.', NULL);
INSERT INTO `card` (id, type, title, header, content, option) VALUES ('22536_4', 3, NULL, 'assets/topic/asb/25730.png', 'Wakati huo kulitokea njaa. Wanyama hawakuwa na chakula.', NULL);
INSERT INTO `card` (id, type, title, header, content, option) VALUES ('22536_5', 3, NULL, 'assets/topic/asb/25731.png', 'Mbweha na Kunguru walienda kutafuta chakula.
Walipoipata nyama, Kunguru alianza kuila peke yake.', NULL);
INSERT INTO `card` (id, type, title, header, content, option) VALUES ('22536_6', 3, NULL, 'assets/topic/asb/25732.png', 'Mbweha alipoona hivyo, alimnyanyua Kunguru.
"Je, nikuue au la?" Mbweha alimwuliza.', NULL);
INSERT INTO `card` (id, type, title, header, content, option) VALUES ('22536_7', 3, NULL, 'assets/topic/asb/25733.png', '"Tafadhali, usiniue! Hasa, usinitupe chini ya mwamba," Kunguru alimsihi.', NULL);
INSERT INTO `card` (id, type, title, header, content, option) VALUES ('22536_8', 3, NULL, 'assets/topic/asb/25734.png', 'Mbweha alimjibu, "Sitakutupa chini ya mwamba."', NULL);
INSERT INTO `card` (id, type, title, header, content, option) VALUES ('22536_9', 3, NULL, 'assets/topic/asb/25735.png', 'Lakini ulikuwa uongo. Mbweha alinuia kumtupa Kunguru chini ya mwamba.', NULL);
INSERT INTO `card` (id, type, title, header, content, option) VALUES ('22536_10', 3, NULL, 'assets/topic/asb/25736.png', 'Mbweha alimptupa Kunguru chini ya mwamba.
Kisha alitazama kutoka pembeni akitaka kuuona mwili wa Kunguru.', NULL);
INSERT INTO `card` (id, type, title, header, content, option) VALUES ('22536_11', 3, NULL, 'assets/topic/asb/25737.png', 'Wakati huo, Kunguru alikuwa amegeuka na kuanza kuruka hewani.', NULL);
INSERT INTO `card` (id, type, title, header, content, option) VALUES ('22536_12', 3, NULL, 'assets/topic/asb/25738.png', 'Kunguru alitua mtini.
Mbweha na Kunguru walitazamana.', NULL);
INSERT INTO `card` (id, type, title, header, content, option) VALUES ('22536_13', 3, NULL, 'assets/topic/asb/25739.png', '"Niliepuka kwa sababu mimi ni mwerevu," Kunguru alijigamba.', NULL);
INSERT INTO `card` (id, type, title, header, content, option) VALUES ('22536_14', 3, NULL, 'assets/topic/asb/25740.png', '"Uliepuka kwa sababu nilikuruhusu uepuke," Mbweha alimjibu.', NULL);
INSERT INTO `card` (id, type, title, header, content, option) VALUES ('22536_15', 3, NULL, NULL, 'You are free to download, copy, translate or adapt this story and use the illustrations as long as you attribute in the following way:
Kunguru na Mbweha
Author -
ሰለሙን  ግደይ and ገ/ኣምላኽ  ገ/መደህን
Translation -
Ursula  Nafula
Illustration -
Isaac Okwir
Language -
Kiswahili
Level -
First sentences
© African Storybook Initiative 2017
Creative Commons: Attribution 4.0
Source
www.africanstorybook.org', NULL);
INSERT INTO `card` (id, type, title, header, content, option) VALUES ('22536_16', 1, 'Mpake rangi Kunguru na Mbwea.', 'assets/topic/22536.svg', NULL, NULL);
INSERT INTO `cardExtra` (cardId, type, serial, content) VALUES ('22536_16', 2, 1, 'assets/topic/22536.svg');
INSERT INTO `card` (id, type, title, header, content, option) VALUES ('22536_17', 0, 'Mbwea na Kunguru walienda kutafuta chakula.', NULL, NULL, 'oneAtATime');
INSERT INTO `cardExtra` (cardId, type, serial, content) VALUES ('22536_17', 1, 1, 'Kweli.');
INSERT INTO `cardExtra` (cardId, type, serial, content) VALUES ('22536_17', 0, 1, 'Si kweli.');
INSERT INTO `card` (id, type, title, header, content, option) VALUES ('22536_20', 0, 'Kunguru alitua wapi baada ya kutupwa kutoka kwenye Mwamba?', NULL, NULL, 'oneAtATime');
INSERT INTO `cardExtra` (cardId, type, serial, content) VALUES ('22536_20', 1, 1, 'Mtini');
INSERT INTO `cardExtra` (cardId, type, serial, content) VALUES ('22536_20', 0, 1, 'Nyumbani');
INSERT INTO `cardExtra` (cardId, type, serial, content) VALUES ('22536_20', 0, 2, 'Angani');
INSERT INTO `cardExtra` (cardId, type, serial, content) VALUES ('22536_20', 0, 3, 'Mwambani');
INSERT INTO `card` (id, type, title, header, content, option) VALUES ('22536_25', 0, 'Utafanya nini ukipata chakula?', 'assets/topic/asb/25729.png', NULL, 'open');
INSERT INTO `cardExtra` (cardId, type, serial, content) VALUES ('22536_25', 0, 1, 'Nitakula peke yangu');
INSERT INTO `cardExtra` (cardId, type, serial, content) VALUES ('22536_25', 0, 2, 'Nitakula na rafiki zangu.');
INSERT INTO `cardExtra` (cardId, type, serial, content) VALUES ('22536_25', 0, 3, 'Nitatupa nyuma');
INSERT INTO `cardExtra` (cardId, type, serial, content) VALUES ('22536_25', 0, 4, 'Nitapeleka nyumbani.');
INSERT INTO `card` (id, type, title, header, content, option) VALUES ('21837', 2, 'Kusema Asante!', 'assets/topic/asb/17299.png', 'Ursula Nafula
 Rob Owen', 'FF9DEDE3');
INSERT INTO `card` (id, type, title, header, content, option) VALUES ('21837_3', 3, NULL, 'assets/topic/asb/17289.png', 'Mtu, Simba, Mbwa, Nyoka, Tai na Punda walienda vita.', NULL);
INSERT INTO `card` (id, type, title, header, content, option) VALUES ('21837_4', 3, NULL, 'assets/topic/asb/17290.png', 'Mume na mkewe walikubali kuwachinjia ng''ombe wao.', NULL);
INSERT INTO `card` (id, type, title, header, content, option) VALUES ('21837_5', 3, NULL, 'assets/topic/asb/17291.png', 'Kila mmoja alitaka sehemu tofauti ya ng''ombe.
Waliahidi kuwapa zawadi.', NULL);
INSERT INTO `card` (id, type, title, header, content, option) VALUES ('21837_6', 3, NULL, 'assets/topic/asb/17292.png', 'Mume na mkewe walimpa kila mmoja sehemu ya nyama aliyotaka.', NULL);
INSERT INTO `card` (id, type, title, header, content, option) VALUES ('21837_7', 3, NULL, 'assets/topic/asb/17293.png', 'Baada ya kula, walilala vizuri.
Asubuhi, walienda zao.', NULL);
INSERT INTO `card` (id, type, title, header, content, option) VALUES ('21837_8', 3, NULL, 'assets/topic/asb/17294.png', 'Wiki nyingi zilipita.
Simba aliwaletea pembe kubwa ya tembo.', NULL);
INSERT INTO `card` (id, type, title, header, content, option) VALUES ('21837_9', 3, NULL, 'assets/topic/asb/17295.png', 'Mbwa alichunga ile pembe.
Haikuibwa na wezi.', NULL);
INSERT INTO `card` (id, type, title, header, content, option) VALUES ('21837_10', 3, NULL, 'assets/topic/asb/17296.png', 'Ndugu wa mume akasema, "Nitaiba ile pembe kutoka kwao."', NULL);
INSERT INTO `card` (id, type, title, header, content, option) VALUES ('21837_11', 3, NULL, 'assets/topic/asb/17297.png', 'Alipoenda kuiba pembe, Nyoka alimuuma.', NULL);
INSERT INTO `card` (id, type, title, header, content, option) VALUES ('21837_12', 3, NULL, 'assets/topic/asb/17298.png', 'Mume na mkewe walichukua mifugo wa ndugu aliyekufa.
Walikuwa matajiri.', NULL);
INSERT INTO `card` (id, type, title, header, content, option) VALUES ('21837_13', 3, NULL, 'assets/topic/asb/17299.png', 'Tai aliwaona matajiri wakibeba pesa na vito vya bei.', NULL);
INSERT INTO `card` (id, type, title, header, content, option) VALUES ('21837_14', 3, NULL, 'assets/topic/asb/17300.png', 'Tai alizichukua pesa na vito.
Aliwapelekea mume na mkewe.', NULL);
INSERT INTO `card` (id, type, title, header, content, option) VALUES ('21837_15', 3, NULL, 'assets/topic/asb/17301.png', 'Punda alibeba gunia nzito la pesa.
Hakumpenda tajiri wake.', NULL);
INSERT INTO `card` (id, type, title, header, content, option) VALUES ('21837_16', 3, NULL, 'assets/topic/asb/17302.png', 'Aliwapelekea mume na mkewe lile gunia la pesa.', NULL);
INSERT INTO `card` (id, type, title, header, content, option) VALUES ('21837_17', 3, NULL, 'assets/topic/asb/17303.png', 'Mume akasema, "Wanyama wametupa zawadi. Mtu bado."', NULL);
INSERT INTO `card` (id, type, title, header, content, option) VALUES ('21837_18', 3, NULL, 'assets/topic/asb/17304.png', 'Walingonja, wakangoja, lakini, Mtu hakurudi.', NULL);
INSERT INTO `card` (id, type, title, header, content, option) VALUES ('21837_19', 3, NULL, NULL, 'You are free to download, copy, translate or adapt this story and use the illustrations as long as you attribute in the following way:
Kusema Asante!
Author -
Mariam Mohammed and Elizabeth Laird
Translation -
Ursula Nafula
Illustration -
Rob Owen
Language -
Kiswahili
Level -
First words
© African Storybook Initiative 2016
Creative Commons: Attribution 4.0
Source
www.africanstorybook.org
Original source
www.ethiopianfolktales.com', NULL);
INSERT INTO `card` (id, type, title, header, content, option) VALUES ('21837_20', 1, 'Chora nyumba ya makuti na uipambe.', 'assets/topic/21837.svg', NULL, NULL);
INSERT INTO `cardExtra` (cardId, type, serial, content) VALUES ('21837_20', 2, 1, 'assets/topic/21837.svg');
INSERT INTO `card` (id, type, title, header, content, option) VALUES ('21837_21', 0, 'Chagua wanyama wote walopelekwa Vitani.', NULL, NULL, 'many');
INSERT INTO `cardExtra` (cardId, type, serial, content) VALUES ('21837_21', 1, 1, 'Tai');
INSERT INTO `cardExtra` (cardId, type, serial, content) VALUES ('21837_21', 1, 2, 'Nyoka');
INSERT INTO `cardExtra` (cardId, type, serial, content) VALUES ('21837_21', 1, 3, 'Mbwa');
INSERT INTO `cardExtra` (cardId, type, serial, content) VALUES ('21837_21', 1, 4, 'Simba');
INSERT INTO `cardExtra` (cardId, type, serial, content) VALUES ('21837_21', 1, 5, 'Punda');
INSERT INTO `cardExtra` (cardId, type, serial, content) VALUES ('21837_21', 0, 1, 'Tumbili');
INSERT INTO `cardExtra` (cardId, type, serial, content) VALUES ('21837_21', 0, 2, 'Paka');
INSERT INTO `cardExtra` (cardId, type, serial, content) VALUES ('21837_21', 0, 3, 'Kobe');
INSERT INTO `card` (id, type, title, header, content, option) VALUES ('21837_30', 0, 'Oanisha wanyama na misaada walioifanya', NULL, NULL, 'pair');
INSERT INTO `cardExtra` (cardId, type, serial, content) VALUES ('21837_30', 1, 1, 'Simba');
INSERT INTO `cardExtra` (cardId, type, serial, content) VALUES ('21837_30', 1, 2, 'Pembe la Tembo');
INSERT INTO `cardExtra` (cardId, type, serial, content) VALUES ('21837_30', 1, 3, 'Mbwa');
INSERT INTO `cardExtra` (cardId, type, serial, content) VALUES ('21837_30', 1, 4, 'Alilinda wezi wasiibe');
INSERT INTO `cardExtra` (cardId, type, serial, content) VALUES ('21837_30', 1, 5, 'Tai');
INSERT INTO `cardExtra` (cardId, type, serial, content) VALUES ('21837_30', 1, 6, 'Kitu chenye kuwaka na kungáa');
INSERT INTO `cardExtra` (cardId, type, serial, content) VALUES ('21837_30', 1, 7, 'Punda');
INSERT INTO `cardExtra` (cardId, type, serial, content) VALUES ('21837_30', 1, 8, 'Begi la Fedha');
INSERT INTO `card` (id, type, title, header, content, option) VALUES ('21837_39', 0, 'Utarudishaje fadhila kwa mtu aliyekusaidia kwa ya kwanza.', 'assets/topic/asb/17299.png', NULL, 'open');
INSERT INTO `cardExtra` (cardId, type, serial, content) VALUES ('21837_39', 0, 1, 'Nitampa Fedha');
INSERT INTO `cardExtra` (cardId, type, serial, content) VALUES ('21837_39', 0, 2, 'Nitampa chakula');
INSERT INTO `cardExtra` (cardId, type, serial, content) VALUES ('21837_39', 0, 3, 'Nitampa Nguo');
INSERT INTO `cardExtra` (cardId, type, serial, content) VALUES ('21837_39', 0, 4, 'Nitampa Makazi');
INSERT INTO `card` (id, type, title, header, content, option) VALUES ('15934', 2, 'Kutekwa nyara!', 'assets/topic/asb/14751.png', 'Ursula Nafula
Abraham Muzee', 'FFCFB5DD');
INSERT INTO `card` (id, type, title, header, content, option) VALUES ('15934_3', 3, NULL, 'assets/topic/asb/14735.png', 'Mimi na rafiki yangu Kiki hupenda kuchunguza na kuvumbua mambo. Hii ndiyo sababu tunayafahamu mazingira yetu vyema. Siku moja tulipokuwa tukienda nyumbani kutoka shule, tulikubaliana twende mahali tukafanye uchunguzi.', NULL);
INSERT INTO `card` (id, type, title, header, content, option) VALUES ('15934_4', 3, NULL, 'assets/topic/asb/14736.png', 'Tulipitia karibu na reli ingawa babake Kiki alikuwa ametuonya dhidi ya kufanya hivyo. Baadaye,  tulimwona mwanamume aliyekuwa amevaa koti refu jeusi. Alikuwa akitufuata polepole.', NULL);
INSERT INTO `card` (id, type, title, header, content, option) VALUES ('15934_5', 3, NULL, 'assets/topic/asb/14737.png', 'Tuliamua kutembea polepole ili tumtazame kwa karibu. Alikuwa mtu wa kuogofya. Ngozi yake ilijaa vipele. Midomo yake ilikuwa midogo na haikuyafunika meno yake ya rangi ya kahawia. Alikuwa na kovu moja kubwa lililofunika nusu ya uso wake.', NULL);
INSERT INTO `card` (id, type, title, header, content, option) VALUES ('15934_6', 3, NULL, 'assets/topic/asb/14738.png', 'Moyo wangu ulidunda kwa sauti nikadhani mhuni huyo angeweza kuusikia. Nilimkodolea macho. Hakupendezwa na jinsi nilivyomtazama akanikemea kwa ukali, "Wewe mvulana, unaangalia nini?"', NULL);
INSERT INTO `card` (id, type, title, header, content, option) VALUES ('15934_7', 3, NULL, 'assets/topic/asb/14739.png', 'Kwa woga, tuligeuka na kutimua mbio, lakini mimi sikuweza kukimbia kwa kasi. Mhuni huyo akalishika shati langu na kunivuta kwa nguvu. Rafiki yangu Kiki alifanikiwa kutoroka.', NULL);
INSERT INTO `card` (id, type, title, header, content, option) VALUES ('15934_8', 3, NULL, 'assets/topic/asb/14740.png', 'Mhuni huyo alininyanyua juu kama karatasi na kunirusha ndani ya gari moja jeupe lililokuwa limeegeshwa hapo uwanjani. Yeye alipanda na kukaa kiti cha mbele. Mwenzake aliyekuwa ndani ya gari, aliniziba macho na kuibana mikono yangu nyuma. Kisha dereva akaliendesha gari hilo kwa kasi ya ambulansi.', NULL);
INSERT INTO `card` (id, type, title, header, content, option) VALUES ('15934_9', 3, NULL, 'assets/topic/asb/14741.png', 'Yule jambazi wa pili aliyekuwa ameketi karibu nami,  aliniwekea kitambaa chenye unyevunyevu usoni mwangu. Nilipounusa unyevunyevu huo, nililala. Baadaye nilipoamka, nilijipata nimeketi sakafuni katika chumba kimoja chenye giza totoro. Kilijaa buibui na panya.', NULL);
INSERT INTO `card` (id, type, title, header, content, option) VALUES ('15934_10', 3, NULL, 'assets/topic/asb/14742.png', 'Mara mlango wa chumba ukafunguka. Yule mhuni aliyenifunga kitambaa usoni, akaingia akiwa amebeba sahani. "Kula chakula hiki upesi kwa sababu utakwenda safari ndefu," aliniambia.', NULL);
INSERT INTO `card` (id, type, title, header, content, option) VALUES ('15934_11', 3, NULL, 'assets/topic/asb/14743.png', 'Nilipolisikia neno ''safari'' niliamua kula ili nipate nguvu za kujiokoa. Mhuni yule aliifungua kamba niliyofungwa nayo. Nilipokuwa nikila, aliketi pembeni na kuvuta sigara. Moshi ulijaa chumbani mwote.', NULL);
INSERT INTO `card` (id, type, title, header, content, option) VALUES ('15934_12', 3, NULL, 'assets/topic/asb/14744.png', 'Mlango ulibishwa, mhuni huyo na dereva wakaingia wakiwa wamembeba mvulana. Kiki pia alikuwa ameshikwa! Lo! Tulikuwa tumenaswa katika chumba chenye giza.', NULL);
INSERT INTO `card` (id, type, title, header, content, option) VALUES ('15934_13', 3, NULL, 'assets/topic/asb/14745.png', 'Baadaye tulifahamu kuwa yule mhuni mrefu mwenye sura mbaya ndiye alikuwa kiongozi wa genge lile.  Mhuni aliyenipa chakula hakufurahia walivyofanya. Tuliwasikia wakibishana pale nje ya chumba. Kiongozi akasema kwa sauti, "Sijali kama unaijua familia yake. Huwezi kubadili nia yako sasa."', NULL);
INSERT INTO `card` (id, type, title, header, content, option) VALUES ('15934_14', 3, NULL, 'assets/topic/asb/14746.png', 'Kutokana na ubishi huo, tulijua kwamba mmoja wao alitufahamu ingawa sikujua ni yupi. Kiki akasema,  "Lazima tupate njia ya kutoroka. Wazazi wetu hawana pesa za kutukomboa." Wahuni hao waliendelea kubishana hadi wakaanza kupigana. Mimi nilimfungua Kiki upesi, tukaufunga mlango na kuanza kutafuta njia ya kutoroka.', NULL);
INSERT INTO `card` (id, type, title, header, content, option) VALUES ('15934_15', 3, NULL, 'assets/topic/asb/14747.png', 'Tuliona dirisha lenye mianya myembamba iliyopitisha mwangaza. Tulizivuta mbao za dirisha hadi misumari iliyoziunganisha ikang''oka. Kisha tukaziondoa pakawa na mwanya mkubwa.', NULL);
INSERT INTO `card` (id, type, title, header, content, option) VALUES ('15934_16', 3, NULL, 'assets/topic/asb/14748.png', 'Kiki alikuwa mdogo na mwepesi kuniliko mimi. Tukaamua achapuke kwenda kutafuta usaidizi. Nikamsaidia kupita kwenye kile kidirisha na akaruka chini.', NULL);
INSERT INTO `card` (id, type, title, header, content, option) VALUES ('15934_17', 3, NULL, 'assets/topic/asb/14749.png', 'Wahuni waliposikia kishindo cha Kiki, waliugonga mlango na kuufungua. Walikiangalia kile kidirisha  kisha wakaanza kusukumana na kutoka nje. Walikasirika sana, hasa yule mkubwa wao mwenye sura mbaya, walipokosa kujua alikimbilia upande gani. Huku akinipiga, alisema, "Wazazi wako watalipa kwa ajili ya kitendo hiki."', NULL);
INSERT INTO `card` (id, type, title, header, content, option) VALUES ('15934_18', 3, NULL, 'assets/topic/asb/14750.png', 'Wahuni walizipigilia zile mbao na  kukiziba kile kidirisha wakanifungia. Niliwasikia wakibishana tena. Mhuni aliyevuta sigara alitaka niachiliwe. Dereva alihofia kuwa Kiki angekumbuka njia na kuwaleta polisi. Kiongozi naye alitaka tu kupata pesa.', NULL);
INSERT INTO `card` (id, type, title, header, content, option) VALUES ('15934_19', 3, NULL, 'assets/topic/asb/14751.png', 'Mara niliisikia sauti ya mtu mzima akisema, "Usiogope. Polisi wameshafika. Lala sakafuni ujifunike kichwa na wala usisonge."', NULL);
INSERT INTO `card` (id, type, title, header, content, option) VALUES ('15934_20', 3, NULL, 'assets/topic/asb/14752.png', 'Nilisikia kelele na milio ya risasi. Sikufahamu kilichokuwa kikiendelea kwani mambo mengi yalitendeka kwa wakati mmoja! Polisi waliingia chumbani na kuwakamata wahuni wale mara moja.', NULL);
INSERT INTO `card` (id, type, title, header, content, option) VALUES ('15934_21', 3, NULL, 'assets/topic/asb/14753.png', 'Polisi wa kike aliufungua mlango,  akaingia chumbani na kunifunika kwa blanketi. Aliniambia,  "Rafiki yako alikuwa na bahati kwa sababu alitupata tukishika doria. Mara moja, tuliitisha usaidizi na tukaja kuwatia adabu hawa majambazi!"', NULL);
INSERT INTO `card` (id, type, title, header, content, option) VALUES ('15934_22', 3, NULL, 'assets/topic/asb/14754.png', 'Wahuni hao walitiwa pingu na kusukumwa ndani ya gari la polisi. Mimi nilingia kwenye gari moja na yule polisi wa kike. Alinipeleka kwa wazazi wangu waliokuwa na wasiwasi.
Tangu siku hiyo, mimi na Kiki tumekuwa waangalifu zaidi.', NULL);
INSERT INTO `card` (id, type, title, header, content, option) VALUES ('15934_23', 3, NULL, NULL, 'You are free to download, copy, translate or adapt this story and use the illustrations as long as you attribute in the following way:
Kutekwa nyara!
Author -
Richard Khadambi and Collins Kipkirui
Translation -
Ursula Nafula
Illustration -
Abraham Muzee
Language -
Kiswahili
Level -
Longer paragraphs
© African Storybook Initiative 2015
Creative Commons: Attribution 4.0
Source
www.africanstorybook.org', NULL);
INSERT INTO `card` (id, type, title, header, content, option) VALUES ('15934_24', 1, 'Paka rangi kufuli na funguo.', 'assets/topic/15934.svg', NULL, NULL);
INSERT INTO `cardExtra` (cardId, type, serial, content) VALUES ('15934_24', 2, 1, 'assets/topic/15934.svg');
INSERT INTO `card` (id, type, title, header, content, option) VALUES ('15934_25', 0, 'Kiki na rafiki yake walipenda nini?', NULL, NULL, 'oneAtATime');
INSERT INTO `cardExtra` (cardId, type, serial, content) VALUES ('15934_25', 1, 1, 'Kuchunguza');
INSERT INTO `cardExtra` (cardId, type, serial, content) VALUES ('15934_25', 0, 1, 'Kula');
INSERT INTO `cardExtra` (cardId, type, serial, content) VALUES ('15934_25', 0, 2, 'Kuzungumza');
INSERT INTO `cardExtra` (cardId, type, serial, content) VALUES ('15934_25', 0, 3, 'Kucheza mziki');
INSERT INTO `card` (id, type, title, header, content, option) VALUES ('15934_30', 0, 'Kiki na rafiki yake walitekwa na mtu mrefu mbaya', NULL, NULL, 'oneAtATime');
INSERT INTO `cardExtra` (cardId, type, serial, content) VALUES ('15934_30', 1, 1, 'Kweli.');
INSERT INTO `cardExtra` (cardId, type, serial, content) VALUES ('15934_30', 0, 1, 'Uongo.');
INSERT INTO `card` (id, type, title, header, content, option) VALUES ('15934_33', 0, 'Utafanyaje ukiwaona watekaji?', 'assets/topic/asb/14751.png', NULL, 'open');
INSERT INTO `cardExtra` (cardId, type, serial, content) VALUES ('15934_33', 0, 1, 'Nitakimbia');
INSERT INTO `cardExtra` (cardId, type, serial, content) VALUES ('15934_33', 0, 2, 'Nitawajulisha watu wakubwa');
INSERT INTO `cardExtra` (cardId, type, serial, content) VALUES ('15934_33', 0, 3, 'Nitawajulisha Polisi');
INSERT INTO `cardExtra` (cardId, type, serial, content) VALUES ('15934_33', 0, 4, 'Nitakua mtulivu na kutafuta msaada');
INSERT INTO `card` (id, type, title, header, content, option) VALUES ('21149', 2, 'Kutotii!', 'assets/topic/asb/18310.png', 'Brigid Simiyu
 Marion Drew', 'FF9DEDE3');
INSERT INTO `card` (id, type, title, header, content, option) VALUES ('21149_3', 3, NULL, 'assets/topic/asb/18306.png', 'Ulikuwa wakati wa wanyama kwenda kulala.
Mmoja wao hakutii.', NULL);
INSERT INTO `card` (id, type, title, header, content, option) VALUES ('21149_4', 3, NULL, 'assets/topic/asb/18307.png', 'Mkulima alimwambia Piggy aende kulala.
Piggy alikataa.', NULL);
INSERT INTO `card` (id, type, title, header, content, option) VALUES ('21149_5', 3, NULL, 'assets/topic/asb/18308.png', 'Mkulima alimwuliza Trasti Wip kumcharaza Piggy.
Trasti Wip alikataa.', NULL);
INSERT INTO `card` (id, type, title, header, content, option) VALUES ('21149_6', 3, NULL, 'assets/topic/asb/18309.png', 'Moto Kali alikataa kumteketeza Trasti Wip kwa kutotii.', NULL);
INSERT INTO `card` (id, type, title, header, content, option) VALUES ('21149_7', 3, NULL, 'assets/topic/asb/18310.png', 'Maji Safi hakumtii mkulima.
Alikataa kumzima Moto Kali.', NULL);
INSERT INTO `card` (id, type, title, header, content, option) VALUES ('21149_8', 3, NULL, 'assets/topic/asb/18311.png', 'Mkulima alimwuliza Ng''ombe Moo kunywa Maji Safi.', NULL);
INSERT INTO `card` (id, type, title, header, content, option) VALUES ('21149_9', 3, NULL, 'assets/topic/asb/18312.png', 'Ng''ombe Moo alisema, "Nitayanywa maji haya. Nina kiu."', NULL);
INSERT INTO `card` (id, type, title, header, content, option) VALUES ('21149_10', 3, NULL, 'assets/topic/asb/18313.png', 'Maji Safi alilia, "Usininywe. Nitamzima Moto Kali."', NULL);
INSERT INTO `card` (id, type, title, header, content, option) VALUES ('21149_11', 3, NULL, 'assets/topic/asb/18314.png', 'Moto Kali alipiga kelele, "La, hutanizima. Nitamteketeza Trasti Wip."', NULL);
INSERT INTO `card` (id, type, title, header, content, option) VALUES ('21149_12', 3, NULL, 'assets/topic/asb/18315.png', 'Trasti Wip alilia, "Tafadhali usiniteketeze. Nitamcharaza Piggy."', NULL);
INSERT INTO `card` (id, type, title, header, content, option) VALUES ('21149_13', 3, NULL, 'assets/topic/asb/18316.png', 'Piggy alisema kwa hasira, "Usinicharaze. Nitaingia chumbani."', NULL);
INSERT INTO `card` (id, type, title, header, content, option) VALUES ('21149_14', 3, NULL, 'assets/topic/asb/18317.png', 'Piggy aliingia chumbani tayari kulala.', NULL);
INSERT INTO `card` (id, type, title, header, content, option) VALUES ('21149_15', 3, NULL, NULL, 'You are free to download, copy, translate or adapt this story and use the illustrations as long as you attribute in the following way:
Kutotii!
Author -
Thobile Gama
Translation -
Brigid Simiyu
Illustration -
Marion Drew
Language -
Kiswahili
Level -
First words
© African Storybook Initiative 2016
Creative Commons: Attribution 4.0
Source
www.africanstorybook.org', NULL);
INSERT INTO `card` (id, type, title, header, content, option) VALUES ('21149_16', 1, 'Mpaka rangi Piggy Mrembo na umrembe', 'assets/topic/21149.svg', NULL, NULL);
INSERT INTO `cardExtra` (cardId, type, serial, content) VALUES ('21149_16', 2, 1, 'assets/topic/21149.svg');
INSERT INTO `card` (id, type, title, header, content, option) VALUES ('21149_17', 0, 'Mkulima alimuambia Piggy alale wapi?', NULL, NULL, 'oneAtATime');
INSERT INTO `cardExtra` (cardId, type, serial, content) VALUES ('21149_17', 1, 1, 'Kwenye kalamu');
INSERT INTO `cardExtra` (cardId, type, serial, content) VALUES ('21149_17', 0, 1, 'Kwenye Penseli');
INSERT INTO `cardExtra` (cardId, type, serial, content) VALUES ('21149_17', 0, 2, 'Kwenye eneo');
INSERT INTO `cardExtra` (cardId, type, serial, content) VALUES ('21149_17', 0, 3, 'Kwenye Nyumba');
INSERT INTO `card` (id, type, title, header, content, option) VALUES ('21149_22', 0, 'Trusty Whip alimuambia Moto Kali asimchome.', NULL, NULL, 'oneAtATime');
INSERT INTO `cardExtra` (cardId, type, serial, content) VALUES ('21149_22', 1, 1, 'Kweli.');
INSERT INTO `cardExtra` (cardId, type, serial, content) VALUES ('21149_22', 0, 1, 'Si kweli.');
INSERT INTO `card` (id, type, title, header, content, option) VALUES ('21149_25', 0, 'Unafikiria ni kwanini Piggy hakutaka kwenda kwenye Kalamu.', 'assets/topic/asb/18310.png', NULL, 'open');
INSERT INTO `cardExtra` (cardId, type, serial, content) VALUES ('21149_25', 0, 1, 'Piggy alitaka kucheza.');
INSERT INTO `cardExtra` (cardId, type, serial, content) VALUES ('21149_25', 0, 2, 'Piggy Hakupata usingizi.');
INSERT INTO `cardExtra` (cardId, type, serial, content) VALUES ('21149_25', 0, 3, 'Piggy alikuwa ana njaa.');
INSERT INTO `cardExtra` (cardId, type, serial, content) VALUES ('21149_25', 0, 4, 'Piggy alitaka alale peke yake.');
INSERT INTO `card` (id, type, title, header, content, option) VALUES ('17534', 2, 'Kuwahesabu Wanyama', 'assets/topic/asb/9651.png', 'Susan Kavaya
 Rob Owen', 'FF9DEDE3');
INSERT INTO `card` (id, type, title, header, content, option) VALUES ('17534_3', 3, NULL, 'assets/topic/asb/9652.png', 'Tembo mmoja anaenda kunywa maji.', NULL);
INSERT INTO `card` (id, type, title, header, content, option) VALUES ('17534_4', 3, NULL, 'assets/topic/asb/9647.png', 'Twiga wawili wanakaribia kunywa maji.', NULL);
INSERT INTO `card` (id, type, title, header, content, option) VALUES ('17534_5', 3, NULL, 'assets/topic/asb/9644.png', 'Nyati watatu na ndege wanne pia wanaenda kunywa maji.', NULL);
INSERT INTO `card` (id, type, title, header, content, option) VALUES ('17534_6', 3, NULL, 'assets/topic/asb/9646.png', 'Swala watano na nguruwe mwitu sita wanafika mahali kuna maji.', NULL);
INSERT INTO `card` (id, type, title, header, content, option) VALUES ('17534_7', 3, NULL, 'assets/topic/asb/9650.png', 'Pundamilia saba wanakimbia kwenda kunywa maji.', NULL);
INSERT INTO `card` (id, type, title, header, content, option) VALUES ('17534_8', 3, NULL, 'assets/topic/asb/9645.png', 'Chura wanane na samaki tisa wanaogelea majini.', NULL);
INSERT INTO `card` (id, type, title, header, content, option) VALUES ('17534_9', 3, NULL, 'assets/topic/asb/9651.png', 'Simba mmoja ananguruma. Anataka kunywa maji. Ni nani anamwogopa simba?', NULL);
INSERT INTO `card` (id, type, title, header, content, option) VALUES ('17534_10', 3, NULL, 'assets/topic/asb/9648.png', 'Tembo mmoja na simba mmoja wanakunywa maji pamoja.', NULL);
INSERT INTO `card` (id, type, title, header, content, option) VALUES ('17534_11', 3, NULL, NULL, 'You are free to download, copy, translate or adapt this story and use the illustrations as long as you attribute in the following way:
Kuwahesabu Wanyama
Author -
Zanele Buthelezi, Thembani Dladla and Clare Verbeek
Translation -
Susan Kavaya
Illustration -
Rob Owen
Language -
Kiswahili
Level -
First words
© School of Education and Development (Ukzn) and African Storybook Initiative 2007
Creative Commons: Attribution 4.0
Source
www.africanstorybook.org
Original source
www.akdn.org', NULL);
INSERT INTO `card` (id, type, title, header, content, option) VALUES ('17534_12', 1, 'Mpake rangi Tembo na Umrembe', 'assets/topic/17534.svg', NULL, NULL);
INSERT INTO `cardExtra` (cardId, type, serial, content) VALUES ('17534_12', 2, 1, 'assets/topic/17534.svg');
INSERT INTO `card` (id, type, title, header, content, option) VALUES ('17534_13', 0, 'Simba wangapi walikunywa maji?', NULL, NULL, 'oneAtATime');
INSERT INTO `cardExtra` (cardId, type, serial, content) VALUES ('17534_13', 1, 1, 'Mmoja');
INSERT INTO `cardExtra` (cardId, type, serial, content) VALUES ('17534_13', 0, 1, 'Wawili');
INSERT INTO `cardExtra` (cardId, type, serial, content) VALUES ('17534_13', 0, 2, 'Hakuna aliyekunywa');
INSERT INTO `cardExtra` (cardId, type, serial, content) VALUES ('17534_13', 0, 3, 'Watatu');
INSERT INTO `card` (id, type, title, header, content, option) VALUES ('17534_18', 0, 'Pundamilia saba walikua wanakimbilia kwenye maji.', NULL, NULL, 'oneAtATime');
INSERT INTO `cardExtra` (cardId, type, serial, content) VALUES ('17534_18', 1, 1, 'Kweli.');
INSERT INTO `cardExtra` (cardId, type, serial, content) VALUES ('17534_18', 0, 1, 'Si kweli.');
INSERT INTO `card` (id, type, title, header, content, option) VALUES ('17534_21', 0, 'Unafikiri kwanini wanyama wanakunywa maji pamoja?.', 'assets/topic/asb/9651.png', NULL, 'open');
INSERT INTO `cardExtra` (cardId, type, serial, content) VALUES ('17534_21', 0, 1, 'Kunaweza kuwa na ukame.');
INSERT INTO `cardExtra` (cardId, type, serial, content) VALUES ('17534_21', 0, 2, 'Maji yanaweza kuwa matamu.');
INSERT INTO `cardExtra` (cardId, type, serial, content) VALUES ('17534_21', 0, 3, 'Wote ni marafiki');
INSERT INTO `cardExtra` (cardId, type, serial, content) VALUES ('17534_21', 0, 4, 'Ili kuonyesha umoja wao.');
INSERT INTO `card` (id, type, title, header, content, option) VALUES ('17031', 2, 'Kwa nini Ajao hakuzikwa', 'assets/topic/asb/16974.png', 'Ursula Nafula
 Jesse Breytenbach', 'FF9DEDE3');
INSERT INTO `card` (id, type, title, header, content, option) VALUES ('17031_3', 3, NULL, 'assets/topic/asb/16973.png', 'Ajao alikuwa popo.
Aliugua nyumbani kwake bila kupata usaidizi wowote.', NULL);
INSERT INTO `card` (id, type, title, header, content, option) VALUES ('17031_4', 3, NULL, 'assets/topic/asb/16974.png', 'Baada ya muda,  Ajao alifariki.', NULL);
INSERT INTO `card` (id, type, title, header, content, option) VALUES ('17031_5', 3, NULL, 'assets/topic/asb/16975.png', 'Majirani walisema, "Ajao amekufa. Itatubidi tuwaite jamaa zake waje wamzike."', NULL);
INSERT INTO `card` (id, type, title, header, content, option) VALUES ('17031_6', 3, NULL, 'assets/topic/asb/16976.png', 'Majirani waliwaita ndege wakisema, "Mmoja wenu amefariki. Njooni mkamzike."', NULL);
INSERT INTO `card` (id, type, title, header, content, option) VALUES ('17031_7', 3, NULL, 'assets/topic/asb/16977.png', 'Ndege walipokuja, waliona kuwa ni Ajao.
Wakasema, "Mnyama huyu si wa jamii yetu."', NULL);
INSERT INTO `card` (id, type, title, header, content, option) VALUES ('17031_8', 3, NULL, 'assets/topic/asb/16978.png', '"Wote wa jamii yetu wana manyoya. Lakini Ajao hana manyoya yoyote. Yeye si mmoja wetu."
Kisha ndege hao waliondoka wakaenda zao.', NULL);
INSERT INTO `card` (id, type, title, header, content, option) VALUES ('17031_9', 3, NULL, 'assets/topic/asb/16979.png', 'Majirani walikubali, "Ndege wamesema ukweli. Ajao hana manyoya. Yeye si wa jamii yao."', NULL);
INSERT INTO `card` (id, type, title, header, content, option) VALUES ('17031_10', 3, NULL, 'assets/topic/asb/16980.png', 'Kisha mmoja wao akasema, "Labda Ajao ni wa jamii ya panya. Anafanana nao."', NULL);
INSERT INTO `card` (id, type, title, header, content, option) VALUES ('17031_11', 3, NULL, 'assets/topic/asb/16981.png', 'Majirani waliwaita panya wakisema, "Mmoja wenu amefariki. Njooni mkamzike."', NULL);
INSERT INTO `card` (id, type, title, header, content, option) VALUES ('17031_12', 3, NULL, 'assets/topic/asb/16982.png', 'Panya walipofika waliona kuwa ni Ajao.
Walisema, "Mnyama huyu si wa jamii yetu."', NULL);
INSERT INTO `card` (id, type, title, header, content, option) VALUES ('17031_13', 3, NULL, 'assets/topic/asb/16983.png', '"Kila mmoja wa familia yetu huwa na mkia. Ajao hana mkia."
Kisha Panya waliondoka wakaenda zao.', NULL);
INSERT INTO `card` (id, type, title, header, content, option) VALUES ('17031_14', 3, NULL, 'assets/topic/asb/16984.png', 'Hakuna jamaa wa Ajao aliyepatikana.
Kwa hivyo, Ajao hakuzikwa.', NULL);
INSERT INTO `card` (id, type, title, header, content, option) VALUES ('17031_15', 3, NULL, NULL, 'You are free to download, copy, translate or adapt this story and use the illustrations as long as you attribute in the following way:
Kwa nini Ajao hakuzikwa
Author -
Taiwo Ẹhinẹni
Translation -
Ursula Nafula
Illustration -
Jesse Breytenbach
Language -
Kiswahili
Level -
First sentences
© African Storybook Initiative 2016
Creative Commons: Attribution 4.0
Source
www.africanstorybook.org', NULL);
INSERT INTO `card` (id, type, title, header, content, option) VALUES ('17031_16', 1, 'Mchora Mamalia Popo na umrembe.', 'assets/topic/17031.svg', NULL, NULL);
INSERT INTO `cardExtra` (cardId, type, serial, content) VALUES ('17031_16', 2, 1, 'assets/topic/17031.svg');
INSERT INTO `card` (id, type, title, header, content, option) VALUES ('17031_17', 0, 'Ajao ni nani?', NULL, NULL, 'oneAtATime');
INSERT INTO `cardExtra` (cardId, type, serial, content) VALUES ('17031_17', 1, 1, 'Popo');
INSERT INTO `cardExtra` (cardId, type, serial, content) VALUES ('17031_17', 0, 1, 'Ndege');
INSERT INTO `cardExtra` (cardId, type, serial, content) VALUES ('17031_17', 0, 2, 'Panya');
INSERT INTO `cardExtra` (cardId, type, serial, content) VALUES ('17031_17', 0, 3, 'Mbwa');
INSERT INTO `card` (id, type, title, header, content, option) VALUES ('17031_22', 0, 'Ndege na Panya walimsaidia Ajao kuzika.', NULL, NULL, 'oneAtATime');
INSERT INTO `cardExtra` (cardId, type, serial, content) VALUES ('17031_22', 1, 1, 'Si kweli.');
INSERT INTO `cardExtra` (cardId, type, serial, content) VALUES ('17031_22', 0, 1, 'Kweli.');
INSERT INTO `card` (id, type, title, header, content, option) VALUES ('17031_25', 0, 'Ungefanya nini ikiwa ungekuwa rafiki wa Ajao?', 'assets/topic/asb/16974.png', NULL, 'open');
INSERT INTO `cardExtra` (cardId, type, serial, content) VALUES ('17031_25', 0, 1, 'Ningemzika Ajao.');
INSERT INTO `cardExtra` (cardId, type, serial, content) VALUES ('17031_25', 0, 2, 'Ningeepuka kusema yeye si familia yetu.');
INSERT INTO `cardExtra` (cardId, type, serial, content) VALUES ('17031_25', 0, 3, 'Ningewajulisha familia yake.');
INSERT INTO `cardExtra` (cardId, type, serial, content) VALUES ('17031_25', 0, 4, 'Nisingeruhusu  afe.');
INSERT INTO `card` (id, type, title, header, content, option) VALUES ('2069', 2, 'Kwa nini buibui ana miguu myembamba', 'assets/topic/asb/1069.png', 'Brigid Simiyu
Wiehan de Jager', 'FF9DEDE3');
INSERT INTO `card` (id, type, title, header, content, option) VALUES ('2069_3', 3, NULL, 'assets/topic/asb/1070.png', 'Kulikuwa na buibui mmoja mvivu aliyeitwa Anansi. Badala ya kujipikia chakula, Anansi alipenda kuwatembelea marafiki zake na kula chakula chao.', NULL);
INSERT INTO `card` (id, type, title, header, content, option) VALUES ('2069_4', 3, NULL, 'assets/topic/asb/1071.png', 'Siku moja Anansi alipitia nyumbani kwa Sungura na kunusa mboga zilizokuwa zikipikwa. Alizitamani sana. Sungura alimwambia, "Hazijaiva, lakini unaweza kunisaidia kuosha vyombo tukisubiri ziive."
Anansi akamjibu kwa haraka, "Samahani, nina kazi nyingine, nitarudi baadaye."', NULL);
INSERT INTO `card` (id, type, title, header, content, option) VALUES ('2069_5', 3, NULL, 'assets/topic/asb/1072.png', '"Nitakujulishaje zitakapokuwa tayari?" Sungura akamwuliza. Anansi akawaza kidogo halafu akasema, "Nitasokota utando nifunge ncha moja mguuni kwangu na nyingine chunguni. Mboga zitakapoiva, utauvuta utando, nami nitakimbia nije."
Kwa hivyo, Anansi aliufunga utando kwenye chungu kisha akaenda.', NULL);
INSERT INTO `card` (id, type, title, header, content, option) VALUES ('2069_6', 3, NULL, 'assets/topic/asb/1073.png', 'Anansi alimwona Kima na mkewe wakipika maharage. Kima alisema, "Jiunge nasi! Maharage karibu yaive."
Anansi akamjibu, "Samahani, nina kazi nyingine, nitarudi baadaye. Nitafunga ncha moja ya utando huu kwenye mguu na nyingine kwenye chungu chako. Maharage yatakapoiva, utauvuta utando, nami nitakuja."', NULL);
INSERT INTO `card` (id, type, title, header, content, option) VALUES ('2069_7', 3, NULL, 'assets/topic/asb/1074.png', 'Anansi alipita kwa Nguruwe na kunusia viazi vitamu na asali. Nguruwe alisema, "Ninapika viazi vitamu na asali. Njoo tule."
Anansi akamjibu, "Ningependa lakini sina muda." Anansi akafunga utando ncha moja mguuni na nyingine kwenye chungu cha viazi vitamu. Akamwambia Nguruwe, "Viazi vitakapoiva, utauvuta utando huu, nami nitakuja."', NULL);
INSERT INTO `card` (id, type, title, header, content, option) VALUES ('2069_8', 3, NULL, 'assets/topic/asb/1075.png', 'Anansi alipofika mtoni, miguu yake yote ilikuwa imefungwa kwa ncha za utando. Anansi akawaza,  "Hili lilikuwa ni wazo zuri sana. Ila najiuliza ni chungu kipi kitakachoiva kwanza?"
Pale pale Anansi akahisi mguu mmoja ukivutwa. Akasema, "Ah, hii ni ncha ya utando uliofungwa kwenye chungu cha mboga."', NULL);
INSERT INTO `card` (id, type, title, header, content, option) VALUES ('2069_9', 3, NULL, 'assets/topic/asb/1076.png', 'Anansi aliendelea kuhisi mvuto baada ya mwingine. Alivutwa pande tatu mara moja. "Ah! Jamani!" Anansi alisema alipovutwa kwa mara ya nne. Kabla hajapumua, akahisi ncha ya tano, ya sita, ya saba,  na ya nane zikivutwa.
Anansi alivutwa huku na kule. Kila mmoja alivuta ncha yake wakati ule ule. Miguu yake ilivutwa ikawa myembamba.', NULL);
INSERT INTO `card` (id, type, title, header, content, option) VALUES ('2069_10', 3, NULL, 'assets/topic/asb/1069.png', 'Anansi alijirusha mtoni kwa haraka. Tando zote zilipochukuliwa na maji, alijivuta taratibu kwa maumivu hadi kando ya mto. Anansi alihisi uchungu, "Ah! Ah!" Labda hili halikuwa wazo zuri kabisa." Siku ile hakupata chakula chochote.
Tangu wakati huo, buibui huwa na miguu minane myembamba.', NULL);
INSERT INTO `card` (id, type, title, header, content, option) VALUES ('2069_11', 3, NULL, NULL, 'You are free to download, copy, translate or adapt this story and use the illustrations as long as you attribute in the following way:
Kwa nini buibui ana miguu myembamba
Author -
Ghanaian folktale
Translation -
Brigid Simiyu
Illustration -
Wiehan de Jager
Language -
Kiswahili
Level -
Longer paragraphs
© African Storybook Initiative 2014
Creative Commons: Attribution 4.0
Source
www.africanstorybook.org', NULL);
INSERT INTO `card` (id, type, title, header, content, option) VALUES ('2069_12', 1, 'Mpake rangi Buibui na Umrembe.', 'assets/topic/2069.svg', NULL, NULL);
INSERT INTO `cardExtra` (cardId, type, serial, content) VALUES ('2069_12', 2, 1, 'assets/topic/2069.svg');
INSERT INTO `card` (id, type, title, header, content, option) VALUES ('2069_13', 0, 'Oanisha wanyama na vyakula wanavyopika.', NULL, NULL, 'pair');
INSERT INTO `cardExtra` (cardId, type, serial, content) VALUES ('2069_13', 1, 1, 'Sungura');
INSERT INTO `cardExtra` (cardId, type, serial, content) VALUES ('2069_13', 1, 2, 'Mboga ya majani');
INSERT INTO `cardExtra` (cardId, type, serial, content) VALUES ('2069_13', 1, 3, 'Tumbili');
INSERT INTO `cardExtra` (cardId, type, serial, content) VALUES ('2069_13', 1, 4, 'Maharagwe');
INSERT INTO `cardExtra` (cardId, type, serial, content) VALUES ('2069_13', 1, 5, 'Nguruwe pori');
INSERT INTO `cardExtra` (cardId, type, serial, content) VALUES ('2069_13', 1, 6, 'Viazi vitamu');
INSERT INTO `card` (id, type, title, header, content, option) VALUES ('2069_20', 0, 'Mwishowe Anansi alipata chakula nyumbani kwa Sungura', NULL, NULL, 'oneAtATime');
INSERT INTO `cardExtra` (cardId, type, serial, content) VALUES ('2069_20', 1, 1, 'Kweli.');
INSERT INTO `cardExtra` (cardId, type, serial, content) VALUES ('2069_20', 0, 1, 'Si kweli.');
INSERT INTO `card` (id, type, title, header, content, option) VALUES ('2069_23', 0, 'Je, utafanya nini ikiwa una njaa?', 'assets/topic/asb/1069.png', NULL, 'open');
INSERT INTO `cardExtra` (cardId, type, serial, content) VALUES ('2069_23', 0, 1, 'Nitapika na kula.');
INSERT INTO `cardExtra` (cardId, type, serial, content) VALUES ('2069_23', 0, 2, 'Nitawatembelea marafiki zangu nyumbani kwao.');
INSERT INTO `cardExtra` (cardId, type, serial, content) VALUES ('2069_23', 0, 3, 'Nitakaa na Njaa');
INSERT INTO `cardExtra` (cardId, type, serial, content) VALUES ('2069_23', 0, 4, 'Nitakula matunda');
INSERT INTO `card` (id, type, title, header, content, option) VALUES ('22088', 2, 'Kwa nini Nzi humsumbua Ng''ombe', 'assets/topic/asb/19248.png', 'Brigid Simiyu
 Stephen Wallace', 'FFB3C8FF');
INSERT INTO `card` (id, type, title, header, content, option) VALUES ('22088_3', 3, NULL, 'assets/topic/asb/19248.png', 'Je, umewahi kuona kundi la ng''ombe malishoni?
Kila mara ng''ombe hutikisa kichwa chake. Huonekana akijaribu kuwafukuza nzi wanaomsumbua.
Lakini, kwa nini nzi hupenda kuzunguka kichwa cha Ng''ombe?', NULL);
INSERT INTO `card` (id, type, title, header, content, option) VALUES ('22088_4', 3, NULL, 'assets/topic/asb/19249.png', 'Inaaminika kuwa tabia hii ilianza zamani katika nchi ya mbali. Malkia wa nchi hiyo alikuwa tajiri na mkarimu. Siku moja aliamua kuwaandalia wanyama wote karamu. Aliandaa meza kubwa ya nyama, mikate, mboga aina aina na matunda matamu.', NULL);
INSERT INTO `card` (id, type, title, header, content, option) VALUES ('22088_5', 3, NULL, 'assets/topic/asb/19250.png', 'Wanyama wailfurahia vyakula wakajilamba midomo. Malkia alisema, "Mnyama mkubwa katika kila meza ndiye atakayegawa chakula katika meza hiyo."
Ng''ombe alikuwa ameketi meza moja na Kondoo, Mbuzi, Mbwa, Bata Bukini na Nzi. Ng''ombe akaanza kuwagawia chakula. Alimpa kila mnyama kipande kikubwa cha mkate na jibini.', NULL);
INSERT INTO `card` (id, type, title, header, content, option) VALUES ('22088_6', 3, NULL, 'assets/topic/asb/19251.png', 'Kwa vile Nzi alikuwa mdogo, Ng''ombe alijifanya
hakumuona. "Zuum! Zuum! Zii! Na mimi, je? Tafadhali nigawie chakula pia." Nzi alilalamika. Ng''ombe hakumsikia Nzi. Aliendelea kuula
mkate wake. Maskini Nzi aliketi bila chochote huku akiwatazama wanyama wengine wakila.', NULL);
INSERT INTO `card` (id, type, title, header, content, option) VALUES ('22088_7', 3, NULL, 'assets/topic/asb/19252.png', 'Walipomaliza kula mkate, Ng''ombe aliwagawia nyama na mboga. Kila mnyama alipokea sahani kubwa ya chakula. Lakini, kwa vile Nzi alikuwa mdogo, Ng''ombe tena hakumuona. "Zuum! Zuum! Zii! Na mimi, je? Tafadhali nigawie chakula pia." Nzi alilalamika kwa sauti kuliko mara ya kwanza. Ng''ombe alimkasirikia Nzi.', NULL);
INSERT INTO `card` (id, type, title, header, content, option) VALUES ('22088_8', 3, NULL, 'assets/topic/asb/19253.png', '"Eboi! Kumbe huna adabu?" Ng''ombe alimwuliza. "Mdudu mdogo kama wewe hustahili kuwa katika karamu ya malkia. Subiri hadi wanyama wote wakubwa wamalize kula." Chakula kilikwisha. Maskini Nzi hakupokea hata chembe. Ng''ombe akaanza kugawa matunda tikiti maji na matofaa.', NULL);
INSERT INTO `card` (id, type, title, header, content, option) VALUES ('22088_9', 3, NULL, 'assets/topic/asb/19254.png', 'Wanyama wote wakapata chakula isipokuwa Nzi. "Zuum! Zuum! Zii! Na mimi, je? Tafadhali nigawie chakula pia." Nzi alilalamika tena. Ng''ombe alicheka huku akiuma tofaa. "Ninyi mnasikia chochote?" Aliwauliza wanyama wengine. "Mimi sijasikia chochote." Wanyama wote walishiba kupita kiasi isipokuwa Nzi. Tumbo lake lilinguruma kwa njaa.', NULL);
INSERT INTO `card` (id, type, title, header, content, option) VALUES ('22088_10', 3, NULL, 'assets/topic/asb/19256.png', 'Baada ya chakula, walicheza na kuburudika. Nzi alikuwa amekasirika. Aliamua kurudi nyumbani. Malkia alimwuliza, "Nzi, mbona unaondoka? Hujafurahia karamu?" Nzi aliinama kwa heshima, "Samahani, chakula kilikuwa kitamu. Lakini sikugawiwa hata chembe." Nzi alimweleza malkia namna ilivyokuwa. Malkia alikasirishwa na Ng''ombe.', NULL);
INSERT INTO `card` (id, type, title, header, content, option) VALUES ('22088_11', 3, NULL, 'assets/topic/asb/19255.png', 'Malkia akasema, "Kutoka leo, wewe na marafiki zako mtakuwa mkiwasumbua Ng''ombe kila siku tangu asubuhi hadi jioni. Utakizunguka kichwa na kupiga kelele karibu na masikio yake. Hivyo ndivyo atakavyopata funzo. Hatawahi kukudharau tena. Atajua kwamba kwangu mimi, hata mdudu mdogo ni muhimu."', NULL);
INSERT INTO `card` (id, type, title, header, content, option) VALUES ('22088_12', 3, NULL, 'assets/topic/asb/19257.png', 'Hiyo ndiyo sababu Nzi amekuwa akifanya hadi leo.
Yeye na marafiki zake hupiga kelele kwenye masikio ya Ng''ombe tangu asubuhi hadi jioni. Wanapofanya hivyo, wao huimba "Zuum! Zuum! Zii! Hamtatudharau tena. Semeni ndiyo!"', NULL);
INSERT INTO `card` (id, type, title, header, content, option) VALUES ('22088_13', 3, NULL, NULL, 'You are free to download, copy, translate or adapt this story and use the illustrations as long as you attribute in the following way:
Kwa nini Nzi humsumbua Ng''ombe
Author -
Jaco jacobs
Translation -
Brigid Simiyu
Illustration -
Stephen Wallace
Language -
Kiswahili
Level -
Longer paragraphs
© Lapa  2016
Creative Commons: Attribution 4.0
Source
www.africanstorybook.org', NULL);
INSERT INTO `card` (id, type, title, header, content, option) VALUES ('22088_14', 1, 'Wapake rangi Nzi na Ngómbe na uwarembe', 'assets/topic/22088.svg', NULL, NULL);
INSERT INTO `cardExtra` (cardId, type, serial, content) VALUES ('22088_14', 2, 1, 'assets/topic/22088.svg');
INSERT INTO `card` (id, type, title, header, content, option) VALUES ('22088_15', 0, 'Nani humsumbua Ngómbe wakati wote?', NULL, NULL, 'oneAtATime');
INSERT INTO `cardExtra` (cardId, type, serial, content) VALUES ('22088_15', 1, 1, 'Nzi');
INSERT INTO `cardExtra` (cardId, type, serial, content) VALUES ('22088_15', 0, 1, 'Asali ya Nyuki');
INSERT INTO `cardExtra` (cardId, type, serial, content) VALUES ('22088_15', 0, 2, 'Kipepeo');
INSERT INTO `cardExtra` (cardId, type, serial, content) VALUES ('22088_15', 0, 3, 'Ndege');
INSERT INTO `card` (id, type, title, header, content, option) VALUES ('22088_20', 0, 'Nzi alikua mdogo sana, hivyo Ngómbe alimuona kwa shida.', NULL, NULL, 'oneAtATime');
INSERT INTO `cardExtra` (cardId, type, serial, content) VALUES ('22088_20', 1, 1, 'Kweli.');
INSERT INTO `cardExtra` (cardId, type, serial, content) VALUES ('22088_20', 0, 1, 'Si kweli.');
INSERT INTO `card` (id, type, title, header, content, option) VALUES ('22088_23', 0, 'Utafanya nini ikiwa hakuna mtu anayekuona?', 'assets/topic/asb/19248.png', NULL, 'open');
INSERT INTO `cardExtra` (cardId, type, serial, content) VALUES ('22088_23', 0, 1, 'Nitapiga kelele kwa sauti kubwa.');
INSERT INTO `cardExtra` (cardId, type, serial, content) VALUES ('22088_23', 0, 2, 'Nitatupa Mpira wa karatasi');
INSERT INTO `cardExtra` (cardId, type, serial, content) VALUES ('22088_23', 0, 3, 'Nitatupa jiwe dogo.');
INSERT INTO `cardExtra` (cardId, type, serial, content) VALUES ('22088_23', 0, 4, 'Nitamkumbusha mtu.');
INSERT INTO `card` (id, type, title, header, content, option) VALUES ('15938', 2, 'Kwa nini viboko hawana manyoya', 'assets/topic/asb/6143.png', 'Wilkins Kiondo
 Little Zebra Books and Carol Liddiment', 'FFB3C8FF');
INSERT INTO `card` (id, type, title, header, content, option) VALUES ('15938_3', 3, NULL, 'assets/topic/asb/6162.png', 'Siku moja, Sungura alikuwa anatembea ukingoni mwa mto.', NULL);
INSERT INTO `card` (id, type, title, header, content, option) VALUES ('15938_4', 3, NULL, 'assets/topic/asb/6163.png', 'Kiboko alikuwa akila majani matamu ya kijani.', NULL);
INSERT INTO `card` (id, type, title, header, content, option) VALUES ('15938_5', 3, NULL, 'assets/topic/asb/6145.png', 'Kwa bahati mbaya, Kiboko alimkanyaga Sungura mguuni. Kwa uchungu, Sungura alipiga mayowe  na kumfokea Kiboko akisema, "Wewe Kiboko! Unaukanyaga mguu wangu. Huoni?"', NULL);
INSERT INTO `card` (id, type, title, header, content, option) VALUES ('15938_6', 3, NULL, 'assets/topic/asb/6146.png', 'Kiboko alimuomba Sungura msamaha, "Samahani sana rafiki. Sikukusudia. Naomba unisamehe!" Sungura hakumsikiliza. Aliendelea kumfokea Kiboko akisema, "Umefanya makusudi! Siku moja nitalipiza kisasi!"', NULL);
INSERT INTO `card` (id, type, title, header, content, option) VALUES ('15938_7', 3, NULL, 'assets/topic/asb/6147.png', 'Siku moja, Sungura alienda kumtafuta Moto na kumwambia, "Naomba umuunguze Kiboko atakapotoka kwenye maji baada ya kula majani. Kanikanyaga!" Moto akajibu, "Hapana shaka, rafiki yangu Sungura. Nitafanya ulivyoniambia."', NULL);
INSERT INTO `card` (id, type, title, header, content, option) VALUES ('15938_8', 3, NULL, 'assets/topic/asb/6148.png', 'Kiboko alipokuwa akila majani kando ya mto,  "Whuuush!" Moto akalipuka na kuanza kuyaunguza manyoya ya Kiboko.', NULL);
INSERT INTO `card` (id, type, title, header, content, option) VALUES ('15938_9', 3, NULL, 'assets/topic/asb/6149.png', 'Kiboko alilia kwa uchungu huku akikimbilia majini. Manyoya yake yote yaliungua. Kiboko alipiga mayowe, "Manyoya yangu yameunguzwa! Moto ameyaunguza manyoya yangu yote! Manyoya yangu yameungua! Manyoya yangu mazuri!"', NULL);
INSERT INTO `card` (id, type, title, header, content, option) VALUES ('15938_10', 3, NULL, 'assets/topic/asb/6170.png', 'Tangu wakati huo, kiboko hatembei mbali na maji kwa kuhofia kuunguzwa na Moto. Sungura alifurahi sana kumuona Kiboko bila manyoya. Akasema,  "Nimelipiza kisasi!"', NULL);
INSERT INTO `card` (id, type, title, header, content, option) VALUES ('15938_11', 3, NULL, NULL, 'You are free to download, copy, translate or adapt this story and use the illustrations as long as you attribute in the following way:
Kwa nini viboko hawana manyoya
Author -
Basilio Gimo and David Ker
Translation -
Wilkins Kiondo
Illustration -
Little Zebra Books and Carol Liddiment
Language -
Kiswahili
Level -
First paragraphs
© Little Zebra Books 2016
Creative Commons: Attribution 4.0
Source
www.africanstorybook.org
Original source
http://www.littlezebrabooks.com/.', NULL);
INSERT INTO `card` (id, type, title, header, content, option) VALUES ('15938_12', 1, 'Mpake rangi Kiboko na umrembe.', 'assets/topic/15938.svg', NULL, NULL);
INSERT INTO `cardExtra` (cardId, type, serial, content) VALUES ('15938_12', 2, 1, 'assets/topic/15938.svg');
INSERT INTO `card` (id, type, title, header, content, option) VALUES ('15938_13', 0, 'Nani alimkanyaga mguu Sungura?', NULL, NULL, 'oneAtATime');
INSERT INTO `cardExtra` (cardId, type, serial, content) VALUES ('15938_13', 1, 1, 'Kiboko');
INSERT INTO `cardExtra` (cardId, type, serial, content) VALUES ('15938_13', 0, 1, 'Tumbili');
INSERT INTO `cardExtra` (cardId, type, serial, content) VALUES ('15938_13', 0, 2, 'Tembo');
INSERT INTO `cardExtra` (cardId, type, serial, content) VALUES ('15938_13', 0, 3, 'Simba');
INSERT INTO `card` (id, type, title, header, content, option) VALUES ('15938_18', 0, 'Kiboko aliungua nywele akiwa nchi kavu, hivo siku zote huishi kwenye maji.', NULL, NULL, 'oneAtATime');
INSERT INTO `cardExtra` (cardId, type, serial, content) VALUES ('15938_18', 1, 1, 'Kweli.');
INSERT INTO `cardExtra` (cardId, type, serial, content) VALUES ('15938_18', 0, 1, 'Si kweli.');
INSERT INTO `card` (id, type, title, header, content, option) VALUES ('15938_21', 0, 'Kama mtu yeyote akikunyaga mguu utafanyaje?', 'assets/topic/asb/6143.png', NULL, 'open');
INSERT INTO `cardExtra` (cardId, type, serial, content) VALUES ('15938_21', 0, 1, 'Nitasamehe');
INSERT INTO `cardExtra` (cardId, type, serial, content) VALUES ('15938_21', 0, 2, 'Nitamfundisha adabu');
INSERT INTO `cardExtra` (cardId, type, serial, content) VALUES ('15938_21', 0, 3, 'Ntamkanyaga na yeye.');
INSERT INTO `cardExtra` (cardId, type, serial, content) VALUES ('15938_21', 0, 4, 'Nitapiga kelele na kucheka');
INSERT INTO `card` (id, type, title, header, content, option) VALUES ('8442', 2, 'Kwa nini Yayeri ni mashuhuri?', 'assets/topic/asb/7509.png', 'Kiondo Wilkins
 Vusi Malindi', 'FFB3C8FF');
INSERT INTO `card` (id, type, title, header, content, option) VALUES ('8442_3', 3, NULL, 'assets/topic/asb/7513.png', 'Yayeri anaamka mapema.
Tunajiuliza, "Kwa nini Yayeri ni mashuhuri?"', NULL);
INSERT INTO `card` (id, type, title, header, content, option) VALUES ('8442_4', 3, NULL, 'assets/topic/asb/7514.png', 'Anashukuru kwa usiku uliopita. Tunajiuliza, "Kwa nini Yayeri ni mashuhuri?"', NULL);
INSERT INTO `card` (id, type, title, header, content, option) VALUES ('8442_5', 3, NULL, 'assets/topic/asb/7517.png', 'Anatandika godoro vizuri.
Tunajiuliza, "Kwa nini Yayeri ni mashuhuri?"', NULL);
INSERT INTO `card` (id, type, title, header, content, option) VALUES ('8442_6', 3, NULL, 'assets/topic/asb/7516.png', 'Anawasalimu babu na bibi.
Tunajiuliza, "Kwa nini Yayeri ni mashuhuri?"', NULL);
INSERT INTO `card` (id, type, title, header, content, option) VALUES ('8442_7', 3, NULL, 'assets/topic/asb/7515.png', 'Anaosha uso wake.
Tunajiuliza, "Kwa nini Yayeri ni mashuhuri?"', NULL);
INSERT INTO `card` (id, type, title, header, content, option) VALUES ('8442_8', 3, NULL, 'assets/topic/asb/7518.png', 'Anapiga meno yake mswaki.
Tunajiuliza, "Kwa nini Yayeri ni mashuhuri?"', NULL);
INSERT INTO `card` (id, type, title, header, content, option) VALUES ('8442_9', 3, NULL, 'assets/topic/asb/7507.png', 'Anaoga.
Tunajiuliza, "Kwa nini Yayeri ni mashuhuri?"', NULL);
INSERT INTO `card` (id, type, title, header, content, option) VALUES ('8442_10', 3, NULL, 'assets/topic/asb/7511.png', 'Anavaa sare ya shule.
Tunajiuliza, "Kwa nini Yayeri ni mashuhuri?"', NULL);
INSERT INTO `card` (id, type, title, header, content, option) VALUES ('8442_11', 3, NULL, 'assets/topic/asb/7508.png', 'Anavaa viatu vyake vyeusi.
Tunajiuliza, "Kwa nini Yayeri ni mashuhuri?"', NULL);
INSERT INTO `card` (id, type, title, header, content, option) VALUES ('8442_12', 3, NULL, 'assets/topic/asb/7512.png', 'Anafika shuleni mapema.
Tunajiuliza, "Kwa nini Yayeri ni mashuhuri?"', NULL);
INSERT INTO `card` (id, type, title, header, content, option) VALUES ('8442_13', 3, NULL, 'assets/topic/asb/7510.png', 'Anasoma kwa bidii.
Tunajiuliza, "Kwa nini Yayeri ni mashuhuri?"', NULL);
INSERT INTO `card` (id, type, title, header, content, option) VALUES ('8442_14', 3, NULL, 'assets/topic/asb/7509.png', 'Anacheza na wenzake.
Unaelewa kwa nini Yayeri ni mashuhuri?', NULL);
INSERT INTO `card` (id, type, title, header, content, option) VALUES ('8442_15', 3, NULL, NULL, 'You are free to download, copy, translate or adapt this story and use the illustrations as long as you attribute in the following way:
Kwa nini Yayeri ni mashuhuri?
Author -
Michael Oguttu
Translation -
Kiondo Wilkins
Illustration -
Vusi Malindi
Language -
Kiswahili
Level -
First words
© Text: Uganda Community Libraries Association (Ugcla)  Artwork: African Storybook Initiative 2014
Creative Commons: Attribution 4.0
Source
www.africanstorybook.org
Original source
http://ugcla.org', NULL);
INSERT INTO `card` (id, type, title, header, content, option) VALUES ('8442_16', 1, 'Chora Sabuni na Uirembe.', 'assets/topic/8442.svg', NULL, NULL);
INSERT INTO `cardExtra` (cardId, type, serial, content) VALUES ('8442_16', 2, 1, 'assets/topic/8442.svg');
INSERT INTO `card` (id, type, title, header, content, option) VALUES ('8442_17', 0, 'Ni ipi rangi ya sabuni yake?', NULL, NULL, 'oneAtATime');
INSERT INTO `cardExtra` (cardId, type, serial, content) VALUES ('8442_17', 1, 1, 'Buluu');
INSERT INTO `cardExtra` (cardId, type, serial, content) VALUES ('8442_17', 0, 1, 'Nyeusi');
INSERT INTO `cardExtra` (cardId, type, serial, content) VALUES ('8442_17', 0, 2, 'Nyekundu');
INSERT INTO `cardExtra` (cardId, type, serial, content) VALUES ('8442_17', 0, 3, 'Njano');
INSERT INTO `card` (id, type, title, header, content, option) VALUES ('8442_22', 0, 'Viatu vyake ni vya rangi gani?', NULL, NULL, 'oneAtATime');
INSERT INTO `cardExtra` (cardId, type, serial, content) VALUES ('8442_22', 1, 1, 'Nyeusi');
INSERT INTO `cardExtra` (cardId, type, serial, content) VALUES ('8442_22', 0, 1, 'Buluu');
INSERT INTO `cardExtra` (cardId, type, serial, content) VALUES ('8442_22', 0, 2, 'Nyekundu');
INSERT INTO `cardExtra` (cardId, type, serial, content) VALUES ('8442_22', 0, 3, 'Rangi ya chungwa');
INSERT INTO `card` (id, type, title, header, content, option) VALUES ('8442_27', 0, 'Unapendelea rangi gani?', 'assets/topic/asb/7509.png', NULL, 'open');
INSERT INTO `cardExtra` (cardId, type, serial, content) VALUES ('8442_27', 0, 1, 'Nyeusi');
INSERT INTO `cardExtra` (cardId, type, serial, content) VALUES ('8442_27', 0, 2, 'Bluu');
INSERT INTO `cardExtra` (cardId, type, serial, content) VALUES ('8442_27', 0, 3, 'Nyekundu');
INSERT INTO `cardExtra` (cardId, type, serial, content) VALUES ('8442_27', 0, 4, 'Rangi ya chungwa');
INSERT INTO `card` (id, type, title, header, content, option) VALUES ('24473', 2, 'Kwanini makitaba ilijengwa?', 'assets/topic/asb/7960.png', 'JENNIFER PRISCILLA APIO and Priscilla Jey
 Marleen Visser, Magriet Brink, Karlien de Villiers, Marike le Roux, Jano Strydom, Rob Owen, Jesse Breytenbach and Catherine Groenewald', 'FF9DEDE3');
INSERT INTO `card` (id, type, title, header, content, option) VALUES ('24473_3', 3, NULL, 'assets/topic/asb/8548.png', 'viti na meza.', NULL);
INSERT INTO `card` (id, type, title, header, content, option) VALUES ('24473_4', 3, NULL, 'assets/topic/asb/8856.png', 'vitabu vingi kwa ajili ya watoto na wakubwa.', NULL);
INSERT INTO `card` (id, type, title, header, content, option) VALUES ('24473_5', 3, NULL, 'assets/topic/asb/9652.png', 'ukutani kuna picha zilizonakishiwa.', NULL);
INSERT INTO `card` (id, type, title, header, content, option) VALUES ('24473_6', 3, NULL, 'assets/topic/asb/9850.png', 'mawingu meupe na bluu kwenye dali.', NULL);
INSERT INTO `card` (id, type, title, header, content, option) VALUES ('24473_7', 3, NULL, 'assets/topic/asb/8947.png', 'watoto kwa wakubwa huenda makitaba.', NULL);
INSERT INTO `card` (id, type, title, header, content, option) VALUES ('24473_8', 3, NULL, 'assets/topic/asb/9855.png', 'marafiki zangu na mm hua tunaenda makitaba kipindi  cha likizo.', NULL);
INSERT INTO `card` (id, type, title, header, content, option) VALUES ('24473_9', 3, NULL, 'assets/topic/asb/8850.png', 'Tunasoma hiki kitabu siku yetu tulivu.', NULL);
INSERT INTO `card` (id, type, title, header, content, option) VALUES ('24473_10', 3, NULL, 'assets/topic/asb/8854.png', 'Mama aliazima kitabu cha picha makitaba.', NULL);
INSERT INTO `card` (id, type, title, header, content, option) VALUES ('24473_11', 3, NULL, 'assets/topic/asb/8851.png', 'sehemu yangu.', NULL);
INSERT INTO `card` (id, type, title, header, content, option) VALUES ('24473_12', 3, NULL, 'assets/topic/asb/8855.png', 'sehemu yako.', NULL);
INSERT INTO `card` (id, type, title, header, content, option) VALUES ('24473_13', 3, NULL, 'assets/topic/asb/8858.png', 'sehemu yenu.', NULL);
INSERT INTO `card` (id, type, title, header, content, option) VALUES ('24473_14', 3, NULL, 'assets/topic/asb/8856.png', 'nafurahia sana makitaba!', NULL);
INSERT INTO `card` (id, type, title, header, content, option) VALUES ('24473_15', 3, NULL, NULL, 'You are free to download, copy, translate or adapt this story and use the illustrations as long as you attribute in the following way:
Kwanini makitaba ilijengwa?
Author -
Kabubbu Remedial class
Translation -
JENNIFER PRISCILLA APIO and Priscilla Jey
Illustration -
Marleen Visser, Magriet Brink, Karlien de Villiers, Marike le Roux, Jano Strydom, Rob Owen, Jesse Breytenbach and Catherine Groenewald
Language -
Kiswahili
Level -
First sentences
© Kabubbu Pilot Site 2015
Creative Commons: Attribution 4.0
Source
www.africanstorybook.org', NULL);
INSERT INTO `card` (id, type, title, header, content, option) VALUES ('24473_16', 1, 'Chora vitabu vingi na uvipake rangi.', 'assets/topic/24473.svg', NULL, NULL);
INSERT INTO `cardExtra` (cardId, type, serial, content) VALUES ('24473_16', 2, 1, 'assets/topic/24473.svg');
INSERT INTO `card` (id, type, title, header, content, option) VALUES ('24473_17', 0, 'Si watoto tu, hata watu wazima huenda maktaba.', NULL, NULL, 'oneAtATime');
INSERT INTO `cardExtra` (cardId, type, serial, content) VALUES ('24473_17', 1, 1, 'Kweli.');
INSERT INTO `cardExtra` (cardId, type, serial, content) VALUES ('24473_17', 0, 1, 'Si kweli.');
INSERT INTO `card` (id, type, title, header, content, option) VALUES ('24473_20', 0, 'Picha zilipakwa rangi wapi Maktaba?', NULL, NULL, 'oneAtATime');
INSERT INTO `cardExtra` (cardId, type, serial, content) VALUES ('24473_20', 1, 1, 'Ukutani');
INSERT INTO `cardExtra` (cardId, type, serial, content) VALUES ('24473_20', 0, 1, 'Kwenye viti');
INSERT INTO `cardExtra` (cardId, type, serial, content) VALUES ('24473_20', 0, 2, 'Mezani');
INSERT INTO `cardExtra` (cardId, type, serial, content) VALUES ('24473_20', 0, 3, 'Darini');
INSERT INTO `card` (id, type, title, header, content, option) VALUES ('24473_25', 0, 'Unapendelea kusoma nini ukienda Maktaba?', 'assets/topic/asb/7960.png', NULL, 'open');
INSERT INTO `cardExtra` (cardId, type, serial, content) VALUES ('24473_25', 0, 1, 'Vitabu vya Hadithi');
INSERT INTO `cardExtra` (cardId, type, serial, content) VALUES ('24473_25', 0, 2, 'Historia');
INSERT INTO `cardExtra` (cardId, type, serial, content) VALUES ('24473_25', 0, 3, 'Sayansi');
INSERT INTO `cardExtra` (cardId, type, serial, content) VALUES ('24473_25', 0, 4, 'Utamaduni');
INSERT INTO `card` (id, type, title, header, content, option) VALUES ('21999', 2, 'Kwenda Jijini', 'assets/topic/asb/15008.png', 'Ursula Nafula
 Brian Wambi', 'FFF4E1B5');
INSERT INTO `card` (id, type, title, header, content, option) VALUES ('21999_3', 3, NULL, 'assets/topic/asb/14993.png', 'Niliwasili katika kituo chetu cha basi. Kilikuwa kimejaa watu.', NULL);
INSERT INTO `card` (id, type, title, header, content, option) VALUES ('21999_4', 3, NULL, 'assets/topic/asb/14994.png', 'Kondakta wa basi aliita, "Kwenda jijini! Tunaondoka sasa!"', NULL);
INSERT INTO `card` (id, type, title, header, content, option) VALUES ('21999_5', 3, NULL, 'assets/topic/asb/14995.png', 'Watu walifanya haraka kuingia ndani ya basi.', NULL);
INSERT INTO `card` (id, type, title, header, content, option) VALUES ('21999_6', 3, NULL, 'assets/topic/asb/14997.png', 'Wanawake waliokuwa na watoto waliketi.
Safari itakuwa ndefu.', NULL);
INSERT INTO `card` (id, type, title, header, content, option) VALUES ('21999_7', 3, NULL, 'assets/topic/asb/14996.png', 'Niliketi kwenye dirisha karibu na mwanamume na mwanamke.', NULL);
INSERT INTO `card` (id, type, title, header, content, option) VALUES ('21999_8', 3, NULL, 'assets/topic/asb/14998.png', 'Niliwaza, "Ninaenda jijini! Nitakosa familia yangu."', NULL);
INSERT INTO `card` (id, type, title, header, content, option) VALUES ('21999_9', 3, NULL, 'assets/topic/asb/14999.png', 'Wachuuzi wengi waliingia kuuza bidhaa zao.', NULL);
INSERT INTO `card` (id, type, title, header, content, option) VALUES ('21999_10', 3, NULL, 'assets/topic/asb/15000.png', 'Baadhi ya abiria walinunua bidhaa.
Sikuwa na pesa ya kununua chochote.', NULL);
INSERT INTO `card` (id, type, title, header, content, option) VALUES ('21999_11', 3, NULL, 'assets/topic/asb/15001.png', 'Ghafla, dereva alipiga honi.
Tulikuwa tayari kuondoka.', NULL);
INSERT INTO `card` (id, type, title, header, content, option) VALUES ('21999_12', 3, NULL, 'assets/topic/asb/15002.png', 'Wachuuzi walisukumana kutoka nje.', NULL);
INSERT INTO `card` (id, type, title, header, content, option) VALUES ('21999_13', 3, NULL, 'assets/topic/asb/15003.png', '"Tutafika saa ngapi?" Nilijiuliza.', NULL);
INSERT INTO `card` (id, type, title, header, content, option) VALUES ('21999_14', 3, NULL, 'assets/topic/asb/15004.png', 'Ndani ya basi mlikuwa na joto sana.
Niliyafumba macho yangu.', NULL);
INSERT INTO `card` (id, type, title, header, content, option) VALUES ('21999_15', 3, NULL, 'assets/topic/asb/15005.png', 'Niliwafikiri mama na ndugu yangu wakiwa nyumbani.', NULL);
INSERT INTO `card` (id, type, title, header, content, option) VALUES ('21999_16', 3, NULL, 'assets/topic/asb/15006.png', 'Baadaye, nilipatwa na usingizi.', NULL);
INSERT INTO `card` (id, type, title, header, content, option) VALUES ('21999_17', 3, NULL, 'assets/topic/asb/15007.png', 'Baada ya muda mrefu, niliamka.
Karibu kila abiria alikuwa ameshuka.', NULL);
INSERT INTO `card` (id, type, title, header, content, option) VALUES ('21999_18', 3, NULL, 'assets/topic/asb/15008.png', 'Nilianza kutafuta mahali mjomba aliishi.', NULL);
INSERT INTO `card` (id, type, title, header, content, option) VALUES ('21999_19', 3, NULL, NULL, 'You are free to download, copy, translate or adapt this story and use the illustrations as long as you attribute in the following way:
Kwenda Jijini
Author -
Lesley Koyi and Ursula Nafula
Translation -
Ursula Nafula
Illustration -
Brian Wambi
Language -
Kiswahili
Level -
First words
© African Storybook Initiative 2015
Creative Commons: Attribution 4.0
Source
www.africanstorybook.org', NULL);
INSERT INTO `card` (id, type, title, header, content, option) VALUES ('21999_20', 1, 'Paka rangi Basi.', 'assets/topic/21999.svg', NULL, NULL);
INSERT INTO `cardExtra` (cardId, type, serial, content) VALUES ('21999_20', 2, 1, 'assets/topic/21999.svg');
INSERT INTO `card` (id, type, title, header, content, option) VALUES ('21999_21', 0, 'Abiria waliweka wapi vitu vyao?', NULL, NULL, 'oneAtATime');
INSERT INTO `cardExtra` (cardId, type, serial, content) VALUES ('21999_21', 1, 1, 'Makabatini');
INSERT INTO `cardExtra` (cardId, type, serial, content) VALUES ('21999_21', 0, 1, 'Mwambani');
INSERT INTO `cardExtra` (cardId, type, serial, content) VALUES ('21999_21', 0, 2, 'kwenye kiti');
INSERT INTO `cardExtra` (cardId, type, serial, content) VALUES ('21999_21', 0, 3, 'Kwenye mkanda');
INSERT INTO `card` (id, type, title, header, content, option) VALUES ('21999_26', 0, 'Watu walibeba vitu tofauti katika basi.', NULL, NULL, 'oneAtATime');
INSERT INTO `cardExtra` (cardId, type, serial, content) VALUES ('21999_26', 1, 1, 'Kweli.');
INSERT INTO `cardExtra` (cardId, type, serial, content) VALUES ('21999_26', 0, 1, 'Si kweli.');
INSERT INTO `card` (id, type, title, header, content, option) VALUES ('21999_29', 0, 'Utafanya nini utakapoingia kwenye basi?', 'assets/topic/asb/15008.png', NULL, 'open');
INSERT INTO `cardExtra` (cardId, type, serial, content) VALUES ('21999_29', 0, 1, 'Nitalala');
INSERT INTO `cardExtra` (cardId, type, serial, content) VALUES ('21999_29', 0, 2, 'Nitakaa karibu na dirisha.');
INSERT INTO `cardExtra` (cardId, type, serial, content) VALUES ('21999_29', 0, 3, 'Nitakula vitafunwa');
INSERT INTO `cardExtra` (cardId, type, serial, content) VALUES ('21999_29', 0, 4, 'Nitaongea na wengine.');
INSERT INTO `card` (id, type, title, header, content, option) VALUES ('22080', 2, 'Leah, Roba na Ng''ombe', 'assets/topic/asb/9373.png', 'Brigid Simiyu
 Marion Drew', 'FF9DEDE3');
INSERT INTO `card` (id, type, title, header, content, option) VALUES ('22080_3', 3, NULL, 'assets/topic/asb/9371.png', 'Hapo zamani, katika kijiji kimoja, kulikuwa na mvulana aliyeitwa Roba.', NULL);
INSERT INTO `card` (id, type, title, header, content, option) VALUES ('22080_4', 3, NULL, 'assets/topic/asb/9370.png', 'Roba alikuwa rafiki ya Leah. Walikuwa majirani.', NULL);
INSERT INTO `card` (id, type, title, header, content, option) VALUES ('22080_5', 3, NULL, 'assets/topic/asb/9374.png', 'Siku moja, walienda kuchota maji.', NULL);
INSERT INTO `card` (id, type, title, header, content, option) VALUES ('22080_6', 3, NULL, 'assets/topic/asb/9373.png', 'Walipokaribia kisima, walimwona ng''ombe akiwa amelala hapo.
Waliketi chini kujadiliana vile wangecheza naye.', NULL);
INSERT INTO `card` (id, type, title, header, content, option) VALUES ('22080_7', 3, NULL, 'assets/topic/asb/9378.png', 'Roba alianza kumuiga ng''ombe. Alisema kwa sauti ya juu, "Mooo, mooo, moooooo!"', NULL);
INSERT INTO `card` (id, type, title, header, content, option) VALUES ('22080_8', 3, NULL, 'assets/topic/asb/9376.png', 'Aliendelea hadi ng''ombe akawatazama. Leah alishtuka.
Roba aligundua kwamba Leah alikuwa ameogopa.', NULL);
INSERT INTO `card` (id, type, title, header, content, option) VALUES ('22080_9', 3, NULL, 'assets/topic/asb/9380.png', 'Roba alisema, "Twende tumpige atoroke ili tuchote maji."
Leah alimjibu huku akitetemeka, "Roba, ninaogopa!"', NULL);
INSERT INTO `card` (id, type, title, header, content, option) VALUES ('22080_10', 3, NULL, 'assets/topic/asb/9381.png', 'Roba alikuwa wa kwanza kuenda. Leah alimfuata
polepole.
Walijaribu kumgonga ng''ombe, lakini ng''ombe yule hakusonga.', NULL);
INSERT INTO `card` (id, type, title, header, content, option) VALUES ('22080_11', 3, NULL, 'assets/topic/asb/9385.png', 'Roba alisema, "Leah, unaweza kuketi hapa. Mimi nitachota maji."
Leah alikubali.', NULL);
INSERT INTO `card` (id, type, title, header, content, option) VALUES ('22080_12', 3, NULL, 'assets/topic/asb/9384.png', 'Roba alijaza ndoo ya kwanza maji.', NULL);
INSERT INTO `card` (id, type, title, header, content, option) VALUES ('22080_13', 3, NULL, NULL, 'Alipokuwa akijaza ndoo ya pili, ng''ombe alisimama.
Alimuenua Roba juu kwa pembe moja kisha akamtupa mgongoni.', NULL);
INSERT INTO `card` (id, type, title, header, content, option) VALUES ('22080_14', 3, NULL, 'assets/topic/asb/9387.png', 'Roba alipiga kelele, "Joo, jooo, jooooo!"
Leah aliangua kicheko na hakuweza kuacha kucheka.', NULL);
INSERT INTO `card` (id, type, title, header, content, option) VALUES ('22080_15', 3, NULL, 'assets/topic/asb/9388.png', 'Ng''ombe alisema, "Mooo, mooo, moooooo!"', NULL);
INSERT INTO `card` (id, type, title, header, content, option) VALUES ('22080_16', 3, NULL, 'assets/topic/asb/9389.png', 'Leah alipoacha kucheka, alikimbia haraka alivyoweza.
Alimpata mamake Roba akifagia.', NULL);
INSERT INTO `card` (id, type, title, header, content, option) VALUES ('22080_17', 3, NULL, 'assets/topic/asb/9390.png', 'Alisema huku akihema, "Ma-ma! Ma-ma! Ng''o-mbe amemchukua Roba!"', NULL);
INSERT INTO `card` (id, type, title, header, content, option) VALUES ('22080_18', 3, NULL, 'assets/topic/asb/9391.png', 'Mamake Roba aliangusha ufagio akakimbia.
Unadhani ni nini kilichotendeka baadaye?', NULL);
INSERT INTO `card` (id, type, title, header, content, option) VALUES ('22080_19', 3, NULL, NULL, 'You are free to download, copy, translate or adapt this story and use the illustrations as long as you attribute in the following way:
Leah, Roba na Ng''ombe
Author -
Matlotlisang Tenane
Translation -
Brigid Simiyu
Illustration -
Marion Drew
Language -
Kiswahili
Level -
First paragraphs
© African Storybook Initiative 2014
Creative Commons: Attribution 4.0
Source
www.africanstorybook.org
Original source
http://paleng.weebly.com/,', NULL);
INSERT INTO `card` (id, type, title, header, content, option) VALUES ('22080_20', 1, 'Mpake rangi Ngómbe na Umrembe.', 'assets/topic/22080.svg', NULL, NULL);
INSERT INTO `cardExtra` (cardId, type, serial, content) VALUES ('22080_20', 2, 1, 'assets/topic/22080.svg');
INSERT INTO `card` (id, type, title, header, content, option) VALUES ('22080_21', 0, 'Mnyama yupi alilala karibu na chemchemi?', NULL, NULL, 'oneAtATime');
INSERT INTO `cardExtra` (cardId, type, serial, content) VALUES ('22080_21', 1, 1, 'Ng''ombe');
INSERT INTO `cardExtra` (cardId, type, serial, content) VALUES ('22080_21', 0, 1, 'Tumbili');
INSERT INTO `cardExtra` (cardId, type, serial, content) VALUES ('22080_21', 0, 2, 'Punda');
INSERT INTO `cardExtra` (cardId, type, serial, content) VALUES ('22080_21', 0, 3, 'Simba');
INSERT INTO `card` (id, type, title, header, content, option) VALUES ('22080_26', 0, 'Ngómbe hakusogea ingawa walijaribu kumgonga.', NULL, NULL, 'oneAtATime');
INSERT INTO `cardExtra` (cardId, type, serial, content) VALUES ('22080_26', 1, 1, 'Kweli.');
INSERT INTO `cardExtra` (cardId, type, serial, content) VALUES ('22080_26', 0, 1, 'Si kweli.');
INSERT INTO `card` (id, type, title, header, content, option) VALUES ('22080_29', 0, 'Ngómbe alikua Mpole na hakumshambulia Roba.', NULL, NULL, 'oneAtATime');
INSERT INTO `cardExtra` (cardId, type, serial, content) VALUES ('22080_29', 1, 1, 'Si kweli.');
INSERT INTO `cardExtra` (cardId, type, serial, content) VALUES ('22080_29', 0, 1, 'Kweli.');
INSERT INTO `card` (id, type, title, header, content, option) VALUES ('22080_32', 0, 'Utafanya nini ukiona ng''ombe ameketi karibu na maji?', NULL, NULL, 'oneAtATime');
INSERT INTO `cardExtra` (cardId, type, serial, content) VALUES ('22080_32', 0, 1, 'Nitaepuka kwenda karibu na yeye.');
INSERT INTO `cardExtra` (cardId, type, serial, content) VALUES ('22080_32', 0, 2, 'Nitapita njia nyingine.');
INSERT INTO `cardExtra` (cardId, type, serial, content) VALUES ('22080_32', 0, 3, 'Nitajaribu kumtisha');
INSERT INTO `cardExtra` (cardId, type, serial, content) VALUES ('22080_32', 0, 4, 'Nitamlisha kitu.');
INSERT INTO `card` (id, type, title, header, content, option) VALUES ('12670', 2, 'Likizo kwa Bibi', 'assets/topic/asb/11661.png', 'Brigid Simiyu
Catherine Groenewald', 'FF9DEDE3');
INSERT INTO `card` (id, type, title, header, content, option) VALUES ('12670_3', 3, NULL, 'assets/topic/asb/11657.png', 'Odongo na Apiyo waliishi na baba yao mjini. Kila wakati waliitazamia likizo si tu kwa shule kufungwa, bali pia kumtembelea bibi yao.
Bibi aliishi katika kijiji cha wavuvi karibu na ziwa kubwa.', NULL);
INSERT INTO `card` (id, type, title, header, content, option) VALUES ('12670_4', 3, NULL, 'assets/topic/asb/11658.png', 'Odongo na Apiyo walifurahi kwani ulikuwa wakati wa kumtembelea bibi kwa mara nyingine. Usiku huo,  walifunganya mifuko yao tayari kwa safari ndefu ya kwenda kijijini.
Usiku kucha waliongea juu ya likizo na kumtembelea bibi kijijini.', NULL);
INSERT INTO `card` (id, type, title, header, content, option) VALUES ('12670_5', 3, NULL, 'assets/topic/asb/11659.png', 'Asubuhi iliyofuata, waliondoka mapema kwenye gari la baba yao kuelekea kijijini. Safarini, waliiona milima, wanyama wa pori na mashamba ya majani chai.
Walihesabu magari yaliyopita na kuimba nyimbo walizofunzwa shuleni.', NULL);
INSERT INTO `card` (id, type, title, header, content, option) VALUES ('12670_6', 3, NULL, 'assets/topic/asb/11660.png', 'Baada ya muda, walilala kwa sababu ya uchovu.', NULL);
INSERT INTO `card` (id, type, title, header, content, option) VALUES ('12670_7', 3, NULL, 'assets/topic/asb/11661.png', 'Walipofika kijijini, baba aliwaamsha. Walimkuta bibi akipumzika kwenye mkeka chini ya mti.
Bibi alikuwa mwanamke mrembo na mwenye nguvu.', NULL);
INSERT INTO `card` (id, type, title, header, content, option) VALUES ('12670_8', 3, NULL, 'assets/topic/asb/11662.png', 'Bibi aliwakaribisha kwa kucheza na kuimba kwa furaha. Wajukuu wake walifurahi na kumpa zawadi walizomletea kutoka mjini.
"Fungua zawadi yangu kwanza," Odongo alimsihi. "La, atafungua yangu kwanza!" Apiyo akasema.', NULL);
INSERT INTO `card` (id, type, title, header, content, option) VALUES ('12670_9', 3, NULL, 'assets/topic/asb/11663.png', 'Bibi aliwabariki wajukuu wake baada ya kuzifungua zawadi. Alipendezwa na zawadi walizompelekea.', NULL);
INSERT INTO `card` (id, type, title, header, content, option) VALUES ('12670_10', 3, NULL, 'assets/topic/asb/11664.png', 'Baada ya kupmzika, Odongo na Apiyo walitoka nje. Walifurahia kucheza na vipepeo na ndege.
Hawakuweza kuwaona vipepeo na ndege wengi mjini.', NULL);
INSERT INTO `card` (id, type, title, header, content, option) VALUES ('12670_11', 3, NULL, 'assets/topic/asb/11665.png', 'Walipanda mitini na kuchezea ziwani.', NULL);
INSERT INTO `card` (id, type, title, header, content, option) VALUES ('12670_12', 3, NULL, 'assets/topic/asb/11666.png', 'Giza lilipoanza kuingia, walirejea nyumbani. Bibi aliwaandalia chakula, lakini walilala kabla ya kumaliza kukila!', NULL);
INSERT INTO `card` (id, type, title, header, content, option) VALUES ('12670_13', 3, NULL, 'assets/topic/asb/11667.png', 'Siku iliyofuata, baba yao aliondoka na kurudi mjini. Aliwaacha Odongo na Apiyo nyumbani kwa bibi.', NULL);
INSERT INTO `card` (id, type, title, header, content, option) VALUES ('12670_14', 3, NULL, 'assets/topic/asb/11668.png', 'Odongo na Apiyo walimsaidia bibi yao kufanya kazi za nyumbani. Walitafuta kuni na kuchota maji. Wakakusanya mayai na kuchuna mboga kutoka kwenye bustani.', NULL);
INSERT INTO `card` (id, type, title, header, content, option) VALUES ('12670_15', 3, NULL, 'assets/topic/asb/11669.png', 'Bibi aliwafunza wajukuu wake jinsi ya kupika ugali mwororo walioula kwa kitoweo cha nyama. Pia, aliwaonyesha namna ya kupika wali wa nazi walioula kwa mchuzi wa samaki.', NULL);
INSERT INTO `card` (id, type, title, header, content, option) VALUES ('12670_16', 3, NULL, 'assets/topic/asb/11670.png', 'Siku moja subuhi, Odongo aliwapeleka ng''ombe wa bibiye malishoni. Kwa bahati mbaya, waliingia shambani mwa jirani. Jirani alitishia kuwafungia ng''ombe kwake kwa kuila mimea yake. Baada ya siku hiyo, Odongo alikuwa mwangalifu zaidi.', NULL);
INSERT INTO `card` (id, type, title, header, content, option) VALUES ('12670_17', 3, NULL, 'assets/topic/asb/11671.png', 'Siku ya soko, Odongo na Apiyo walienda pamoja na bibi. Bibi alikuwa na kibanda cha kuuzia mboga, sukari na sabuni. Apiyo aliwaelezea wateja bei za bidhaa. Odongo naye aliwapakia wateja bidhaa walizonunua.', NULL);
INSERT INTO `card` (id, type, title, header, content, option) VALUES ('12670_18', 3, NULL, 'assets/topic/asb/11672.png', 'Kabla ya kurejea nyumbani walimsaidia bibi kuhesabu pesa alizopata siku hiyo. Baadaye, walikunywa chai pamoja.', NULL);
INSERT INTO `card` (id, type, title, header, content, option) VALUES ('12670_19', 3, NULL, 'assets/topic/asb/11673.png', 'Likizo ilipokaribia kuisha, watoto walilazimika kurudi mjini. Bibi alimpatia Odongo kofia naye Apiyo akampatia sweta kama zawadi. Aliwatayarishia chakula watakachokula safarini.', NULL);
INSERT INTO `card` (id, type, title, header, content, option) VALUES ('12670_20', 3, NULL, 'assets/topic/asb/11674.png', 'Baba yao alipofika, hawakutaka kuondoka. Walimsihi Bibi kwenda nao mjini. Lakini, alitabasamu na kusema, "Nina kazi nyingi shambani, siwezi kwenda mjini. Nitawasubiri mje hapa kijijini tena."', NULL);
INSERT INTO `card` (id, type, title, header, content, option) VALUES ('12670_21', 3, NULL, 'assets/topic/asb/11675.png', 'Odongo na Apiyo walimkumbatia na kumuaga.', NULL);
INSERT INTO `card` (id, type, title, header, content, option) VALUES ('12670_22', 3, NULL, 'assets/topic/asb/11676.png', 'Odongo na Apiyo waliwaambia marafiki zao kuhusu maisha kijijini. Baadhi yao waliamini kuwa maisha ya mjini ni bora. Bali wengine waliamini maisha ya kijijini ni bora zaidi. Lakini wote walikubali kwamba Odongo na Apiyo walipendwa na bibi yao.', NULL);
INSERT INTO `card` (id, type, title, header, content, option) VALUES ('12670_23', 3, NULL, NULL, 'You are free to download, copy, translate or adapt this story and use the illustrations as long as you attribute in the following way:
Likizo kwa Bibi
Author -
Violet Otieno
Translation -
Brigid Simiyu
Illustration -
Catherine Groenewald
Language -
Kiswahili
Level -
Longer paragraphs
© African Storybook Initiative 2015
Creative Commons: Attribution 4.0
Source
www.africanstorybook.org', NULL);
INSERT INTO `card` (id, type, title, header, content, option) VALUES ('12670_24', 1, 'Mpakare rangi bibi kwenye kiti.', 'assets/topic/12670.svg', NULL, NULL);
INSERT INTO `cardExtra` (cardId, type, serial, content) VALUES ('12670_24', 2, 1, 'assets/topic/12670.svg');
INSERT INTO `card` (id, type, title, header, content, option) VALUES ('12670_25', 0, 'Odongo na Apiyo walifurahi kutembelea bibi yao.', NULL, NULL, 'oneAtATime');
INSERT INTO `cardExtra` (cardId, type, serial, content) VALUES ('12670_25', 1, 1, 'Kweli.');
INSERT INTO `cardExtra` (cardId, type, serial, content) VALUES ('12670_25', 0, 1, 'Si kweli.');
INSERT INTO `card` (id, type, title, header, content, option) VALUES ('12670_28', 0, 'Odongo na Apiyo walinunua zawadi kwa ajili ya bibi yao.', NULL, NULL, 'oneAtATime');
INSERT INTO `cardExtra` (cardId, type, serial, content) VALUES ('12670_28', 1, 1, 'Kweli.');
INSERT INTO `cardExtra` (cardId, type, serial, content) VALUES ('12670_28', 0, 1, 'Si kweli.');
INSERT INTO `card` (id, type, title, header, content, option) VALUES ('12670_31', 0, 'Nyar-Kanyada alimpa Odongo kofia  na Apiyo sweta.', NULL, NULL, 'oneAtATime');
INSERT INTO `cardExtra` (cardId, type, serial, content) VALUES ('12670_31', 1, 1, 'Kweli.');
INSERT INTO `cardExtra` (cardId, type, serial, content) VALUES ('12670_31', 0, 1, 'Si kweli.');
INSERT INTO `card` (id, type, title, header, content, option) VALUES ('12670_34', 0, 'Unapenda kumpa bibi zawadi gani?', 'assets/topic/asb/11661.png', NULL, 'open');
INSERT INTO `cardExtra` (cardId, type, serial, content) VALUES ('12670_34', 0, 1, 'Sanduku zuri');
INSERT INTO `cardExtra` (cardId, type, serial, content) VALUES ('12670_34', 0, 2, 'Sweta');
INSERT INTO `cardExtra` (cardId, type, serial, content) VALUES ('12670_34', 0, 3, 'Miwani');
INSERT INTO `cardExtra` (cardId, type, serial, content) VALUES ('12670_34', 0, 4, 'Mwamvuli');
INSERT INTO `card` (id, type, title, header, content, option) VALUES ('19586', 2, 'Madola mjanja', 'assets/topic/asb/19552.png', 'African Storybook
Brian Juma', 'FF9DEDE3');
INSERT INTO `card` (id, type, title, header, content, option) VALUES ('19586_3', 3, NULL, 'assets/topic/asb/19543.png', 'Kulikuwa na tajiri mmoja mjanja aliyeitwa Madola. Aliwaajiri watu waliofanya kazi kwa bidii, lakini walipomaliza, hakuwalipa ada zao.', NULL);
INSERT INTO `card` (id, type, title, header, content, option) VALUES ('19586_4', 3, NULL, 'assets/topic/asb/19544.png', 'Dande alikuwa mvulana mdogo aliyeishi na bibi yake. Alikwenda kwa Madola kuajiriwa ili aweze kumnunulia bibi dawa. Alipata kazi ya kuwachunga mifugo wa Madola.', NULL);
INSERT INTO `card` (id, type, title, header, content, option) VALUES ('19586_5', 3, NULL, 'assets/topic/asb/19545.png', 'Mwisho wa mwezi, Dande alikwenda ili apate malipo yake. Madola alifanya ujanja akamwambia, "Nenda nyumbani kisha urudi kesho nikulipe."', NULL);
INSERT INTO `card` (id, type, title, header, content, option) VALUES ('19586_6', 3, NULL, 'assets/topic/asb/19546.png', 'Keshoye, Dande alifika kwa Madola mapema akitarajia kulipwa. Madola alifanya ujeuri tena akamwambia, "Hala! Kwani wewe ni mwanafunzi? Kwa nini umefika hapa mapema hivi? Kwani hii ni shule?"', NULL);
INSERT INTO `card` (id, type, title, header, content, option) VALUES ('19586_7', 3, NULL, 'assets/topic/asb/19547.png', 'Madola alimpeleka Dande kando na wafanyakazi wengine akamwambia, "Nitakulipa, lakini, kwanza niletee kibuyu cha asali tamu."', NULL);
INSERT INTO `card` (id, type, title, header, content, option) VALUES ('19586_8', 3, NULL, 'assets/topic/asb/19548.png', 'Dande alifikiria, "Ni muhimu sana kuzipata zile hela ili nimnunulie bibi dawa." Alivibeba vibuyu viwili akakimbia msituni kuitafuta asali. Alipouna mzinga, aliviweka vibuyu karibu akasubiri vijae.', NULL);
INSERT INTO `card` (id, type, title, header, content, option) VALUES ('19586_9', 3, NULL, 'assets/topic/asb/19549.png', 'Dande alipokuwa akiwaza jinsi ya kumwadhibu Madola, hakumwona nyoka mdogo mweusi mwenye sumu akiingia katika kibuyu kimoja. Dande aliviziba vile vibuyu ili asali isidondoke kisha akaondoka.', NULL);
INSERT INTO `card` (id, type, title, header, content, option) VALUES ('19586_10', 3, NULL, 'assets/topic/asb/19550.png', 'Dande alimpelekea Madola kibuyu cha asali akitarajia kulipwa. Madola aliionja asali, akasema,  "Niletee kibuyu cha pili cha asali kama hii ndipo nikulipe." Dande alikimbia kukileta kibuyu cha pili bila kujua ndicho kilichoingiwa yule nyoka.', NULL);
INSERT INTO `card` (id, type, title, header, content, option) VALUES ('19586_11', 3, NULL, 'assets/topic/asb/19551.png', 'Dande alimpatia Madola kibuyu cha pili akisema, "Ndicho hiki kibuyu cha asali tamu kama ile ya kwanza. Naomba unilipe sasa."', NULL);
INSERT INTO `card` (id, type, title, header, content, option) VALUES ('19586_12', 3, NULL, 'assets/topic/asb/19552.png', 'Madola alikipokea kibuyu lakini kwa mara nyingine,  alimwambia Dande kwa ujanja, "Sikulipi leo. Subiri mwisho wa mwaka." Dande alimtazama Madola kwa hasira kisha akarudi nyumbani.', NULL);
INSERT INTO `card` (id, type, title, header, content, option) VALUES ('19586_13', 3, NULL, 'assets/topic/asb/19553.png', 'Madola alitaka kuila ile asali kwa pupa. Alipokitia kidole ndani ya kibuyu, aliumwa. Alitoka nje akilia,  "Nimeumwa! Nisaidieni jamani!" Nyoka aliyemuuma alitoroka bila kuonwa na yeyote.', NULL);
INSERT INTO `card` (id, type, title, header, content, option) VALUES ('19586_14', 3, NULL, 'assets/topic/asb/19554.png', 'Wafanyakazi wote walikimbia wasijue kilichotendeka kwa mwajiri wao. Baadaye, ambulansi ilifika na kumpeleka Madola hospitali.', NULL);
INSERT INTO `card` (id, type, title, header, content, option) VALUES ('19586_15', 3, NULL, NULL, 'You are free to download, copy, translate or adapt this story and use the illustrations as long as you attribute in the following way:
Madola mjanja
Author -
Mariam Yusuf
Translation -
African Storybook
Illustration -
Brian Juma
Language -
Kiswahili
Level -
First paragraphs
© African Storybook Initiative 2017
Creative Commons: Attribution 4.0
Source
www.africanstorybook.org', NULL);
INSERT INTO `card` (id, type, title, header, content, option) VALUES ('19586_16', 1, 'Mrembe Tajiri Mjanja na Mpake rangi.', 'assets/topic/19586.svg', NULL, NULL);
INSERT INTO `cardExtra` (cardId, type, serial, content) VALUES ('19586_16', 2, 1, 'assets/topic/19586.svg');
INSERT INTO `card` (id, type, title, header, content, option) VALUES ('19586_17', 0, 'Tajiri Mjanja aliitwa nani?', NULL, NULL, 'oneAtATime');
INSERT INTO `cardExtra` (cardId, type, serial, content) VALUES ('19586_17', 1, 1, 'Madola');
INSERT INTO `cardExtra` (cardId, type, serial, content) VALUES ('19586_17', 0, 1, 'Badola');
INSERT INTO `cardExtra` (cardId, type, serial, content) VALUES ('19586_17', 0, 2, 'Cadola');
INSERT INTO `cardExtra` (cardId, type, serial, content) VALUES ('19586_17', 0, 3, 'Doladola');
INSERT INTO `card` (id, type, title, header, content, option) VALUES ('19586_22', 0, 'Dande alitaka kununua nini kwaajili ya bibi yake?', NULL, NULL, 'oneAtATime');
INSERT INTO `cardExtra` (cardId, type, serial, content) VALUES ('19586_22', 1, 1, 'Dawa');
INSERT INTO `cardExtra` (cardId, type, serial, content) VALUES ('19586_22', 0, 1, 'Kofia');
INSERT INTO `cardExtra` (cardId, type, serial, content) VALUES ('19586_22', 0, 2, 'Sweta');
INSERT INTO `cardExtra` (cardId, type, serial, content) VALUES ('19586_22', 0, 3, 'Matunda');
INSERT INTO `card` (id, type, title, header, content, option) VALUES ('19586_27', 0, 'Madola alikuwa mpole sana na alimlipa Dande.', NULL, NULL, 'oneAtATime');
INSERT INTO `cardExtra` (cardId, type, serial, content) VALUES ('19586_27', 1, 1, 'Si kweli.');
INSERT INTO `cardExtra` (cardId, type, serial, content) VALUES ('19586_27', 0, 1, 'Kweli.');
INSERT INTO `card` (id, type, title, header, content, option) VALUES ('19586_30', 0, 'Utafanya nini ikiwa Madola hakulipi?', 'assets/topic/asb/19552.png', NULL, 'open');
INSERT INTO `cardExtra` (cardId, type, serial, content) VALUES ('19586_30', 0, 1, 'Nitamshawishi kwa kumuelezea matatizo yangu.');
INSERT INTO `cardExtra` (cardId, type, serial, content) VALUES ('19586_30', 0, 2, 'Nitawajulisha watu wazima');
INSERT INTO `cardExtra` (cardId, type, serial, content) VALUES ('19586_30', 0, 3, 'Nitalalamika Polisi');
INSERT INTO `cardExtra` (cardId, type, serial, content) VALUES ('19586_30', 0, 4, 'Nitamfundisha somo.');
INSERT INTO `card` (id, type, title, header, content, option) VALUES ('21075', 2, 'Magezi na Kasiira', 'assets/topic/asb/15478.png', 'Brigid Simiyu
Brian Wambi', 'FFF4E1B5');
INSERT INTO `card` (id, type, title, header, content, option) VALUES ('21075_3', 3, NULL, 'assets/topic/asb/15471.png', 'Magezi na Kasiira waliishi pamoja.
Walishiriki chakula pamoja.', NULL);
INSERT INTO `card` (id, type, title, header, content, option) VALUES ('21075_4', 3, NULL, 'assets/topic/asb/15472.png', 'Magezi alisema, "Tulime pamoja jinsi tunavyokula pamoja."', NULL);
INSERT INTO `card` (id, type, title, header, content, option) VALUES ('21075_5', 3, NULL, 'assets/topic/asb/15473.png', 'Magezi alimwambia Kasiira, "Wewe lima mimi nitapanda."', NULL);
INSERT INTO `card` (id, type, title, header, content, option) VALUES ('21075_6', 3, NULL, 'assets/topic/asb/15474.png', 'Magezi pia alimwambia Kasiira, "Wewe panda mimi nitapalilia."', NULL);
INSERT INTO `card` (id, type, title, header, content, option) VALUES ('21075_7', 3, NULL, 'assets/topic/asb/15475.png', 'Mtama ulikomaa.
Kasiira alimwambia Magezi avune.', NULL);
INSERT INTO `card` (id, type, title, header, content, option) VALUES ('21075_8', 3, NULL, 'assets/topic/asb/15476.png', 'Magezi alijibu, "Wewe vuna. Mimi nitahifadhi."', NULL);
INSERT INTO `card` (id, type, title, header, content, option) VALUES ('21075_9', 3, NULL, 'assets/topic/asb/15477.png', 'Magezi alikuwa mvivu.
Kasiira alimpatia kifungu kimoja tu cha mtama.', NULL);
INSERT INTO `card` (id, type, title, header, content, option) VALUES ('21075_10', 3, NULL, 'assets/topic/asb/15478.png', 'Magezi alikutana na Kuku.', NULL);
INSERT INTO `card` (id, type, title, header, content, option) VALUES ('21075_11', 3, NULL, 'assets/topic/asb/15479.png', 'Kuku alikula ule mtama.
Alimpatia Magezi yai.', NULL);
INSERT INTO `card` (id, type, title, header, content, option) VALUES ('21075_12', 3, NULL, 'assets/topic/asb/15480.png', 'Magezi aliwakuta watoto wekicheza.
Walilivunja lile yai.', NULL);
INSERT INTO `card` (id, type, title, header, content, option) VALUES ('21075_13', 3, NULL, 'assets/topic/asb/15481.png', 'Watoto walimpatia Magezi embe.', NULL);
INSERT INTO `card` (id, type, title, header, content, option) VALUES ('21075_14', 3, NULL, 'assets/topic/asb/15482.png', 'Magezi alimkuta Kasuku.
Kasuku alilikula embe kisha akampatia unyoya.', NULL);
INSERT INTO `card` (id, type, title, header, content, option) VALUES ('21075_15', 3, NULL, 'assets/topic/asb/15483.png', 'Ziwa liliuchukua unyoya.
Likampatia Magezi maji.', NULL);
INSERT INTO `card` (id, type, title, header, content, option) VALUES ('21075_16', 3, NULL, 'assets/topic/asb/15484.png', 'Magezi aliyatumia maji kuzima moto wa wachoma makaa.', NULL);
INSERT INTO `card` (id, type, title, header, content, option) VALUES ('21075_17', 3, NULL, 'assets/topic/asb/15485.png', 'Wachoma makaa walimpatia Magezi shoka.', NULL);
INSERT INTO `card` (id, type, title, header, content, option) VALUES ('21075_18', 3, NULL, 'assets/topic/asb/15486.png', 'Magezi aliwakuta wachinjaji.
Waliivunja shoka.', NULL);
INSERT INTO `card` (id, type, title, header, content, option) VALUES ('21075_19', 3, NULL, 'assets/topic/asb/15487.png', 'Magezi alipatiwa kichwa na mkia wa fahali.
Ona alichofanya Magezi!', NULL);
INSERT INTO `card` (id, type, title, header, content, option) VALUES ('21075_20', 3, NULL, 'assets/topic/asb/15488.png', 'Alipiga mayowe, "Fahali wa mfalme amekwama matopeni!"
Ulikuwa ujanja tu.', NULL);
INSERT INTO `card` (id, type, title, header, content, option) VALUES ('21075_21', 3, NULL, 'assets/topic/asb/15489.png', 'Watu walikuja kumsaidia.
Magezi aliwaambia, "Vuteni mkia na kichwa."', NULL);
INSERT INTO `card` (id, type, title, header, content, option) VALUES ('21075_22', 3, NULL, 'assets/topic/asb/15490.png', 'Magezi aliwaambia watu, "Nipeni ng''ombe wenu nimpelekee mfalme."', NULL);
INSERT INTO `card` (id, type, title, header, content, option) VALUES ('21075_23', 3, NULL, NULL, 'You are free to download, copy, translate or adapt this story and use the illustrations as long as you attribute in the following way:
Magezi na Kasiira
Author -
Cornelius Gulere
Translation -
Brigid Simiyu
Illustration -
Brian Wambi
Language -
Kiswahili
Level -
First words
© Text: Uganda Community Libraries Association (Ugcla) Artwork: African Storybook Initiative 2015
Creative Commons: Attribution 4.0
Source
www.africanstorybook.org
Original source
http://ugcla.org', NULL);
INSERT INTO `card` (id, type, title, header, content, option) VALUES ('21075_24', 1, 'Wapake rangi Sokwe na Tumbili', 'assets/topic/21075.svg', NULL, NULL);
INSERT INTO `cardExtra` (cardId, type, serial, content) VALUES ('21075_24', 2, 1, 'assets/topic/21075.svg');
INSERT INTO `card` (id, type, title, header, content, option) VALUES ('21075_25', 0, 'Wangekula pamoja hata sisiminzi mweupe mmoja.', NULL, NULL, 'oneAtATime');
INSERT INTO `cardExtra` (cardId, type, serial, content) VALUES ('21075_25', 1, 1, 'Kweli.');
INSERT INTO `cardExtra` (cardId, type, serial, content) VALUES ('21075_25', 0, 1, 'Si kweli');
INSERT INTO `card` (id, type, title, header, content, option) VALUES ('21075_28', 0, 'Chagua kazi zote alizofanya Kasiira kwa mpangilio kuanzia ya kwanza hadi ya mwisho.', NULL, NULL, 'many');
INSERT INTO `cardExtra` (cardId, type, serial, content) VALUES ('21075_28', 1, 1, 'Alilima');
INSERT INTO `cardExtra` (cardId, type, serial, content) VALUES ('21075_28', 1, 2, 'Alipanda Mtama');
INSERT INTO `cardExtra` (cardId, type, serial, content) VALUES ('21075_28', 1, 3, 'Alipalilia majani');
INSERT INTO `cardExtra` (cardId, type, serial, content) VALUES ('21075_28', 1, 4, 'Alivuna Mtama');
INSERT INTO `cardExtra` (cardId, type, serial, content) VALUES ('21075_28', 1, 5, 'Alihifadhi Ghalani');
INSERT INTO `card` (id, type, title, header, content, option) VALUES ('21075_34', 0, 'Kila mtu mmoja alimpa Magezi Ngómbe moja.', NULL, NULL, 'oneAtATime');
INSERT INTO `cardExtra` (cardId, type, serial, content) VALUES ('21075_34', 1, 1, 'Kweli.');
INSERT INTO `cardExtra` (cardId, type, serial, content) VALUES ('21075_34', 0, 1, 'Si kweli.');
INSERT INTO `card` (id, type, title, header, content, option) VALUES ('21075_37', 0, 'Unataka kuwa mtu wa aina gani?', 'assets/topic/asb/15478.png', NULL, 'open');
INSERT INTO `cardExtra` (cardId, type, serial, content) VALUES ('21075_37', 0, 1, 'Mchapakazi');
INSERT INTO `cardExtra` (cardId, type, serial, content) VALUES ('21075_37', 0, 2, 'Wa kushirikiana na marafiki');
INSERT INTO `cardExtra` (cardId, type, serial, content) VALUES ('21075_37', 0, 3, 'Mwenye Bahati');
INSERT INTO `cardExtra` (cardId, type, serial, content) VALUES ('21075_37', 0, 4, 'Wa kumilikia biashara');
INSERT INTO `card` (id, type, title, header, content, option) VALUES ('18330', 2, 'Magozwe', 'assets/topic/asb/12937.png', 'Ursula Nafula
Wiehan de Jager', 'FFB3C8FF');
INSERT INTO `card` (id, type, title, header, content, option) VALUES ('18330_3', 3, NULL, 'assets/topic/asb/12931.png', 'Kulikuwa na wavulana wa kurandaranda mtaani.
Mdogo wao aliitwa Magozwe.', NULL);
INSERT INTO `card` (id, type, title, header, content, option) VALUES ('18330_4', 3, NULL, 'assets/topic/asb/12932.png', 'Wazazi wa Magozwe walikufa akiwa mdogo.
Alienda kuishi na mjombake.', NULL);
INSERT INTO `card` (id, type, title, header, content, option) VALUES ('18330_5', 3, NULL, 'assets/topic/asb/12933.png', 'Mjombake alimtesa.
Magozwe alitorokea mtaani.', NULL);
INSERT INTO `card` (id, type, title, header, content, option) VALUES ('18330_6', 3, NULL, 'assets/topic/asb/12935.png', 'Maisha ya mtaa yalikuwa magumu.
Waliishi kwa kuombaomba.', NULL);
INSERT INTO `card` (id, type, title, header, content, option) VALUES ('18330_7', 3, NULL, 'assets/topic/asb/12936.png', 'Siku moja, Magozwe aliokota kitabu cha hadithi kwenye pipa.', NULL);
INSERT INTO `card` (id, type, title, header, content, option) VALUES ('18330_8', 3, NULL, 'assets/topic/asb/12937.png', 'Picha zilionyesha rubani.
Magozwe alitamani kuwa rubani mashuhuri.', NULL);
INSERT INTO `card` (id, type, title, header, content, option) VALUES ('18330_9', 3, NULL, 'assets/topic/asb/12938.png', 'Magozwe alikuwa akiomba chakula barabarani.
Alikutana na Tomaso.', NULL);
INSERT INTO `card` (id, type, title, header, content, option) VALUES ('18330_10', 3, NULL, 'assets/topic/asb/12939.png', 'Tomaso aliwapeleka pahali walikopata chakula.', NULL);
INSERT INTO `card` (id, type, title, header, content, option) VALUES ('18330_11', 3, NULL, 'assets/topic/asb/12940.png', 'Siku moja, Magozwe alimwambia Tomaso, "Sijui kusoma."', NULL);
INSERT INTO `card` (id, type, title, header, content, option) VALUES ('18330_12', 3, NULL, 'assets/topic/asb/12941.png', 'Magozwe pia alimweleza kwa nini alitoroka kwa mjombake.', NULL);
INSERT INTO `card` (id, type, title, header, content, option) VALUES ('18330_13', 3, NULL, 'assets/topic/asb/12942.png', 'Magozwe alisherehekea miaka kumi ya kuzaliwa.
Tomaso alimpatia kitabu.', NULL);
INSERT INTO `card` (id, type, title, header, content, option) VALUES ('18330_14', 3, NULL, 'assets/topic/asb/12943.png', 'Magozwe alifikiria juu ya kwenda shule.', NULL);
INSERT INTO `card` (id, type, title, header, content, option) VALUES ('18330_15', 3, NULL, 'assets/topic/asb/12944.png', 'Ingawa aliogopa, Tomaso alimtia moyo.', NULL);
INSERT INTO `card` (id, type, title, header, content, option) VALUES ('18330_16', 3, NULL, 'assets/topic/asb/12945.png', 'Magozwe alipelekwa katika makao ya watoto.', NULL);
INSERT INTO `card` (id, type, title, header, content, option) VALUES ('18330_17', 3, NULL, 'assets/topic/asb/12946.png', 'Alisoma kwa bidii.', NULL);
INSERT INTO `card` (id, type, title, header, content, option) VALUES ('18330_18', 3, NULL, 'assets/topic/asb/12947.png', 'Siku moja, Magozwe alimweleza Tomaso, "Nitakuwa rubani maarufu kwa wote."', NULL);
INSERT INTO `card` (id, type, title, header, content, option) VALUES ('18330_19', 3, NULL, NULL, 'You are free to download, copy, translate or adapt this story and use the illustrations as long as you attribute in the following way:
Magozwe
Author -
Lesley Koyi
Adaptation -
Ursula Nafula
Illustration -
Wiehan de Jager
Language -
Kiswahili
Level -
First words
© African Storybook Initiative 2015
Creative Commons: Attribution 4.0
Source
www.africanstorybook.org', NULL);
INSERT INTO `card` (id, type, title, header, content, option) VALUES ('18330_20', 1, 'Unda kambi Moto na uipambe.', 'assets/topic/18330.svg', NULL, NULL);
INSERT INTO `cardExtra` (cardId, type, serial, content) VALUES ('18330_20', 2, 1, 'assets/topic/18330.svg');
INSERT INTO `card` (id, type, title, header, content, option) VALUES ('18330_21', 0, 'Nani alikua mdogo katika kikundi cha wavulana?', NULL, NULL, 'oneAtATime');
INSERT INTO `cardExtra` (cardId, type, serial, content) VALUES ('18330_21', 1, 1, 'Magozwe');
INSERT INTO `cardExtra` (cardId, type, serial, content) VALUES ('18330_21', 0, 1, 'Maggie');
INSERT INTO `cardExtra` (cardId, type, serial, content) VALUES ('18330_21', 0, 2, 'Mago');
INSERT INTO `cardExtra` (cardId, type, serial, content) VALUES ('18330_21', 0, 3, 'Gozwe');
INSERT INTO `card` (id, type, title, header, content, option) VALUES ('18330_26', 0, 'Mjomba wa Magozwe alikuwa mtu mwenye huruma.', NULL, NULL, 'oneAtATime');
INSERT INTO `cardExtra` (cardId, type, serial, content) VALUES ('18330_26', 1, 1, 'Kweli.');
INSERT INTO `cardExtra` (cardId, type, serial, content) VALUES ('18330_26', 0, 1, 'Si kweli.');
INSERT INTO `card` (id, type, title, header, content, option) VALUES ('18330_29', 0, 'Siku moja Magozwe aliokota kitabu cha hadithi kwenye Pipa.', NULL, NULL, 'oneAtATime');
INSERT INTO `cardExtra` (cardId, type, serial, content) VALUES ('18330_29', 1, 1, 'Kweli.');
INSERT INTO `cardExtra` (cardId, type, serial, content) VALUES ('18330_29', 0, 1, 'Si kweli.');
INSERT INTO `card` (id, type, title, header, content, option) VALUES ('18330_32', 0, 'Thomas alikuwa mpole na alitoa chakula kwa wavulana.', NULL, NULL, 'oneAtATime');
INSERT INTO `cardExtra` (cardId, type, serial, content) VALUES ('18330_32', 1, 1, 'Kweli.');
INSERT INTO `cardExtra` (cardId, type, serial, content) VALUES ('18330_32', 0, 1, 'Si kweli.');
INSERT INTO `card` (id, type, title, header, content, option) VALUES ('18330_35', 0, 'Utawasaidiaje watu wasio na makazi?', 'assets/topic/asb/12937.png', NULL, 'open');
INSERT INTO `cardExtra` (cardId, type, serial, content) VALUES ('18330_35', 0, 1, 'Nitawapa chakula');
INSERT INTO `cardExtra` (cardId, type, serial, content) VALUES ('18330_35', 0, 2, 'Nitawapa sadaka');
INSERT INTO `cardExtra` (cardId, type, serial, content) VALUES ('18330_35', 0, 3, 'Nitakua Mwema na kusikiliza hadithi zao.');
INSERT INTO `cardExtra` (cardId, type, serial, content) VALUES ('18330_35', 0, 4, 'Nitawaonyesha kituo cha kulelea watoto yatima.');
INSERT INTO `card` (id, type, title, header, content, option) VALUES ('14412', 2, 'Maguru apatiana miguu', 'assets/topic/asb/13910.png', 'Ursula Nafula
Wiehan de Jager', 'FF9DEDE3');
INSERT INTO `card` (id, type, title, header, content, option) VALUES ('14412_3', 3, NULL, 'assets/topic/asb/13904.png', 'Hapo zamani, wanyama hawakuwa na miguu.
Wote walitambaa.', NULL);
INSERT INTO `card` (id, type, title, header, content, option) VALUES ('14412_4', 3, NULL, 'assets/topic/asb/13905.png', 'Watu pekee ndio waliotembea.
Walikuwa wamepatiwa miguu na Maguru.', NULL);
INSERT INTO `card` (id, type, title, header, content, option) VALUES ('14412_5', 3, NULL, 'assets/topic/asb/13906.png', 'Siku moja, Maguru aliamua kuwapatia pia wanyama miguu.
Alitaka watembee kama vile binadamu. Kwa hivyo aliwatangazia!', NULL);
INSERT INTO `card` (id, type, title, header, content, option) VALUES ('14412_6', 3, NULL, 'assets/topic/asb/13907.png', 'Wanyama walifurahi. Sasa wangeweza kutembea na kukimbia.
Waliimba na kucheza.', NULL);
INSERT INTO `card` (id, type, title, header, content, option) VALUES ('14412_7', 3, NULL, 'assets/topic/asb/13908.png', 'Ilikuwa vigumu kutambaa. Tumbo zao zilikwaruzwa.
Wangepata miguu wangeweza pia kusimama na kuona mbali.', NULL);
INSERT INTO `card` (id, type, title, header, content, option) VALUES ('14412_8', 3, NULL, 'assets/topic/asb/13909.png', 'Siku ilipofika, wanyama wengi walitambaa kwenda kwa Maguru.', NULL);
INSERT INTO `card` (id, type, title, header, content, option) VALUES ('14412_9', 3, NULL, 'assets/topic/asb/13910.png', 'Kila mnyama alipata miguu minne.
Kila ndege alipata miguu miwili.', NULL);
INSERT INTO `card` (id, type, title, header, content, option) VALUES ('14412_10', 3, NULL, 'assets/topic/asb/13911.png', 'Walifanana tofauti waliposimama.
Baadhi yao walianguka waliposimama.', NULL);
INSERT INTO `card` (id, type, title, header, content, option) VALUES ('14412_11', 3, NULL, 'assets/topic/asb/13912.png', 'Walizunguka kijijini wakiwaambia watu,  "Hatutatambaa tena."', NULL);
INSERT INTO `card` (id, type, title, header, content, option) VALUES ('14412_12', 3, NULL, 'assets/topic/asb/13913.png', 'Wa mwisho kwenda kwa Maguru alikuwa Jongoo. Maguru alimwuliza, "Kuna mwingine nyuma yako?" Jongoo alijibu, "La! Mimi ndiye wa mwisho."', NULL);
INSERT INTO `card` (id, type, title, header, content, option) VALUES ('14412_13', 3, NULL, 'assets/topic/asb/13914.png', 'Maguru aliwaza, "Ikiwa yeye ndiye wa mwisho, nitaifanyia nini miguu itakayobaki?"
Maguru aliamua kumpatia Jongoo miguu yote iliyokuwa imebaki.', NULL);
INSERT INTO `card` (id, type, title, header, content, option) VALUES ('14412_14', 3, NULL, 'assets/topic/asb/13915.png', 'Jongoo aliondoka kwa furaha akiwa na miguu mingi. Aliwaza, "Nitaweza kwenda kwa kasi kuwaliko wote."', NULL);
INSERT INTO `card` (id, type, title, header, content, option) VALUES ('14412_15', 3, NULL, 'assets/topic/asb/13916.png', 'Baada ya Jongoo kuondoka, Nyoka alifika. "Tafadhali,  nipatie nami miguu." Nyoka alimsihi Maguru.', NULL);
INSERT INTO `card` (id, type, title, header, content, option) VALUES ('14412_16', 3, NULL, 'assets/topic/asb/13917.png', '"Nimepatiana miguu yote kwa waliotangulia. Wewe ulikuwa wapi?" Maguru alimwuliza.
Nyoka alimjibu, "Nililala kupita kiasi."', NULL);
INSERT INTO `card` (id, type, title, header, content, option) VALUES ('14412_17', 3, NULL, 'assets/topic/asb/13918.png', 'Maguru alitafuta kila mahali lakini hakupata miguu yoyote ya kumpatia Nyoka.', NULL);
INSERT INTO `card` (id, type, title, header, content, option) VALUES ('14412_18', 3, NULL, 'assets/topic/asb/13919.png', 'Maguru alimwambia, "Hakuna miguu iliyobaki."
Nyoka alitambaa akarudi bila miguu.
Hiyo ndiyo sababu nyoka huwa hawalali. Wanasubiri kupata miguu.', NULL);
INSERT INTO `card` (id, type, title, header, content, option) VALUES ('14412_19', 3, NULL, NULL, 'You are free to download, copy, translate or adapt this story and use the illustrations as long as you attribute in the following way:
Maguru apatiana miguu
Author -
Mutugi Kamundi
Translation -
Ursula Nafula
Illustration -
Wiehan de Jager
Language -
Kiswahili
Level -
First sentences
© African Storybook Initiative 2015
Creative Commons: Attribution 4.0
Source
www.africanstorybook.org', NULL);
INSERT INTO `card` (id, type, title, header, content, option) VALUES ('14412_20', 1, 'Mchoro Jongoo na Umrembe.', 'assets/topic/14412.svg', NULL, NULL);
INSERT INTO `cardExtra` (cardId, type, serial, content) VALUES ('14412_20', 2, 1, 'assets/topic/14412.svg');
INSERT INTO `card` (id, type, title, header, content, option) VALUES ('14412_21', 0, 'Kwa muda mrefu sana, wanyama hakua na nini?', NULL, NULL, 'oneAtATime');
INSERT INTO `cardExtra` (cardId, type, serial, content) VALUES ('14412_21', 1, 1, 'Miguu');
INSERT INTO `cardExtra` (cardId, type, serial, content) VALUES ('14412_21', 0, 1, 'Masikio');
INSERT INTO `cardExtra` (cardId, type, serial, content) VALUES ('14412_21', 0, 2, 'Macho');
INSERT INTO `cardExtra` (cardId, type, serial, content) VALUES ('14412_21', 0, 3, 'Mkia');
INSERT INTO `card` (id, type, title, header, content, option) VALUES ('14412_26', 0, 'Jongoo alipata miguu mingi kutoka kwa Maguru.', NULL, NULL, 'oneAtATime');
INSERT INTO `cardExtra` (cardId, type, serial, content) VALUES ('14412_26', 1, 1, 'Kweli.');
INSERT INTO `cardExtra` (cardId, type, serial, content) VALUES ('14412_26', 0, 1, 'Si kweli.');
INSERT INTO `card` (id, type, title, header, content, option) VALUES ('14412_29', 0, 'Nyoka hakupata Miguu kutoka kwa Maguru kwa kua alilala sana.', NULL, NULL, 'oneAtATime');
INSERT INTO `cardExtra` (cardId, type, serial, content) VALUES ('14412_29', 1, 1, 'Kweli.');
INSERT INTO `cardExtra` (cardId, type, serial, content) VALUES ('14412_29', 0, 1, 'Si kweli.');
INSERT INTO `card` (id, type, title, header, content, option) VALUES ('14412_32', 0, 'Ulikosa nini kwa sababu ya kulala sana?', 'assets/topic/asb/13910.png', NULL, 'open');
INSERT INTO `cardExtra` (cardId, type, serial, content) VALUES ('14412_32', 0, 1, 'Pipi');
INSERT INTO `cardExtra` (cardId, type, serial, content) VALUES ('14412_32', 0, 2, 'Kujifunza');
INSERT INTO `cardExtra` (cardId, type, serial, content) VALUES ('14412_32', 0, 3, 'Furahia na marafiki');
INSERT INTO `cardExtra` (cardId, type, serial, content) VALUES ('14412_32', 0, 4, 'Chakula');
INSERT INTO `card` (id, type, title, header, content, option) VALUES ('2405', 2, 'Maharage Yanayomea', 'assets/topic/asb/1824.png', 'Mutugi Kamundi
 Mlungisi Dlamini', 'FF9DEDE3');
INSERT INTO `card` (id, type, title, header, content, option) VALUES ('2405_3', 3, NULL, 'assets/topic/asb/1826.png', 'Kwanza,  mzizi unamea.', NULL);
INSERT INTO `card` (id, type, title, header, content, option) VALUES ('2405_4', 3, NULL, 'assets/topic/asb/1827.png', 'Mzizi unaingia chini ya udongo.', NULL);
INSERT INTO `card` (id, type, title, header, content, option) VALUES ('2405_5', 3, NULL, 'assets/topic/asb/1828.png', 'Halafu, shina linaanza kukua.
Linaelekea juu kwenye jua.', NULL);
INSERT INTO `card` (id, type, title, header, content, option) VALUES ('2405_6', 3, NULL, 'assets/topic/asb/1829.png', 'Majani yanaanza kuota.', NULL);
INSERT INTO `card` (id, type, title, header, content, option) VALUES ('2405_7', 3, NULL, 'assets/topic/asb/1824.png', 'Mmea unakuwa mrefu zaidi.', NULL);
INSERT INTO `card` (id, type, title, header, content, option) VALUES ('2405_8', 3, NULL, 'assets/topic/asb/1832.png', 'Kisha maua yanatokezea.
Maua hugeuka na kuwa maharage.', NULL);
INSERT INTO `card` (id, type, title, header, content, option) VALUES ('2405_9', 3, NULL, 'assets/topic/asb/1833.png', 'Kuna mbegu nyingi ndani ya ganda.', NULL);
INSERT INTO `card` (id, type, title, header, content, option) VALUES ('2405_10', 3, NULL, NULL, 'You are free to download, copy, translate or adapt this story and use the illustrations as long as you attribute in the following way:
Maharage Yanayomea
Author -
Clare Verbeek, Thembani Dladla and Zanele Buthelezi
Translation -
Mutugi Kamundi
Illustration -
Mlungisi Dlamini
Language -
Kiswahili
Level -
First words
© School of Education and Development (Centre for Adult Education), University of Kwazulu-Natal, 2007 2014
Creative Commons: Attribution-Non Commercial 3.0
Source
www.africanstorybook.org
Original source
http://cae.ukzn.ac.za/resources/seedbooks.aspx.', NULL);
INSERT INTO `card` (id, type, title, header, content, option) VALUES ('2405_11', 1, 'Chora Maharagwe yanayochipua.', 'assets/topic/2405.svg', NULL, NULL);
INSERT INTO `cardExtra` (cardId, type, serial, content) VALUES ('2405_11', 2, 1, 'assets/topic/2405.svg');
INSERT INTO `card` (id, type, title, header, content, option) VALUES ('2405_12', 0, 'Mizizi humea kwanza kutoka kwenye mbegu ya Haragwe, kisha huelekea chini.', NULL, NULL, 'oneAtATime');
INSERT INTO `cardExtra` (cardId, type, serial, content) VALUES ('2405_12', 1, 1, 'Kweli.');
INSERT INTO `cardExtra` (cardId, type, serial, content) VALUES ('2405_12', 0, 1, 'Si kweli.');
INSERT INTO `card` (id, type, title, header, content, option) VALUES ('2405_15', 0, 'Shina hukua kuelekea jua.', NULL, NULL, 'oneAtATime');
INSERT INTO `cardExtra` (cardId, type, serial, content) VALUES ('2405_15', 1, 1, 'Kweli.');
INSERT INTO `cardExtra` (cardId, type, serial, content) VALUES ('2405_15', 0, 1, 'Si kweli.');
INSERT INTO `card` (id, type, title, header, content, option) VALUES ('2405_18', 0, 'Je, maua hugeuka kuwa nini?', NULL, NULL, 'oneAtATime');
INSERT INTO `cardExtra` (cardId, type, serial, content) VALUES ('2405_18', 1, 1, 'Maharagwe');
INSERT INTO `cardExtra` (cardId, type, serial, content) VALUES ('2405_18', 0, 1, 'Mmea');
INSERT INTO `cardExtra` (cardId, type, serial, content) VALUES ('2405_18', 0, 2, 'Shina');
INSERT INTO `cardExtra` (cardId, type, serial, content) VALUES ('2405_18', 0, 3, 'Mizizi');
INSERT INTO `card` (id, type, title, header, content, option) VALUES ('2405_23', 0, 'Je, ni aina gani ya maharagwe ungependa kupanda?', 'assets/topic/asb/1824.png', NULL, 'open');
INSERT INTO `cardExtra` (cardId, type, serial, content) VALUES ('2405_23', 0, 1, 'Maharagwe ya kijani');
INSERT INTO `cardExtra` (cardId, type, serial, content) VALUES ('2405_23', 0, 2, 'Maharagwe ya umbo la figo');
INSERT INTO `cardExtra` (cardId, type, serial, content) VALUES ('2405_23', 0, 3, 'Maharagwe ya Pinto');
INSERT INTO `cardExtra` (cardId, type, serial, content) VALUES ('2405_23', 0, 4, 'Maharage myeusi');
INSERT INTO `card` (id, type, title, header, content, option) VALUES ('21126', 2, 'Mahari', 'assets/topic/asb/6733.png', 'Brigid Simiyu
Wiehan de Jager', 'FFCFB5DD');
INSERT INTO `card` (id, type, title, header, content, option) VALUES ('21126_3', 3, NULL, 'assets/topic/asb/6733.png', 'Bi Kizee alikuwa na mjukuu aliyeitwa Noah.
Alimpatia Noah yai.', NULL);
INSERT INTO `card` (id, type, title, header, content, option) VALUES ('21126_4', 3, NULL, 'assets/topic/asb/6732.png', 'Noah alikutana na wachuma matunda damu.
Walilivunja yai hilo.', NULL);
INSERT INTO `card` (id, type, title, header, content, option) VALUES ('21126_5', 3, NULL, 'assets/topic/asb/6731.png', 'Noah alilia, "Yai lilikuwa la kulipia mahari!"', NULL);
INSERT INTO `card` (id, type, title, header, content, option) VALUES ('21126_6', 3, NULL, 'assets/topic/asb/6734.png', 'Wachuma matunda damu walimpatia Noah fimbo.', NULL);
INSERT INTO `card` (id, type, title, header, content, option) VALUES ('21126_7', 3, NULL, 'assets/topic/asb/6735.png', 'Noah aliwakuta wajenzi.
Wakaivunja fimbo ile.', NULL);
INSERT INTO `card` (id, type, title, header, content, option) VALUES ('21126_8', 3, NULL, 'assets/topic/asb/6742.png', 'Noah akalia, "Fimbo hiyo ilikuwa ya wachuma matunda damu!"', NULL);
INSERT INTO `card` (id, type, title, header, content, option) VALUES ('21126_9', 3, NULL, 'assets/topic/asb/6737.png', 'Wajenzi walimpatia Noah kifurushi cha nyasi.', NULL);
INSERT INTO `card` (id, type, title, header, content, option) VALUES ('21126_10', 3, NULL, 'assets/topic/asb/6736.png', 'Noah akamkuta mchungaji wa ng''ombe.
Ng''ombe akaila nyasi hiyo.', NULL);
INSERT INTO `card` (id, type, title, header, content, option) VALUES ('21126_11', 3, NULL, 'assets/topic/asb/6738.png', 'Noah alilia tena, "Ile nyasi ilikuwa ya wajenzi!"', NULL);
INSERT INTO `card` (id, type, title, header, content, option) VALUES ('21126_12', 3, NULL, 'assets/topic/asb/6739.png', 'Mchungaji alimpatia Noah ng''ombe.', NULL);
INSERT INTO `card` (id, type, title, header, content, option) VALUES ('21126_13', 3, NULL, 'assets/topic/asb/6743.png', 'Noah alipata sherehe ya harusi.
Walimchinja yule ng''ombe.', NULL);
INSERT INTO `card` (id, type, title, header, content, option) VALUES ('21126_14', 3, NULL, 'assets/topic/asb/6740.png', 'Noah alilia, "Yule ng''ombe alikuwa wa mchungaji!"', NULL);
INSERT INTO `card` (id, type, title, header, content, option) VALUES ('21126_15', 3, NULL, 'assets/topic/asb/6741.png', 'Familia ilimpatia Noah bi harusi.', NULL);
INSERT INTO `card` (id, type, title, header, content, option) VALUES ('21126_16', 3, NULL, NULL, 'You are free to download, copy, translate or adapt this story and use the illustrations as long as you attribute in the following way:
Mahari
Author -
Nambi  Sseppuuya Community Resource Centre
Translation -
Brigid Simiyu
Illustration -
Wiehan de Jager
Language -
Kiswahili
Level -
First words
© Text: Ugandan Community Libraries Association; Illustration: African Storybook Initiative 2014
Creative Commons: Attribution 4.0
Source
www.africanstorybook.org
Original source
http://ugcla.org', NULL);
INSERT INTO `card` (id, type, title, header, content, option) VALUES ('21126_17', 1, 'Chora Mayai ya Ukubwa tofauti na uyarembe.', 'assets/topic/21126.svg', NULL, NULL);
INSERT INTO `cardExtra` (cardId, type, serial, content) VALUES ('21126_17', 2, 1, 'assets/topic/21126.svg');
INSERT INTO `card` (id, type, title, header, content, option) VALUES ('21126_18', 0, 'Bi mzee alimpatia mjukuu wake zawadi gani?', NULL, NULL, 'oneAtATime');
INSERT INTO `cardExtra` (cardId, type, serial, content) VALUES ('21126_18', 1, 1, 'Yai');
INSERT INTO `cardExtra` (cardId, type, serial, content) VALUES ('21126_18', 0, 1, 'Dhahabu');
INSERT INTO `cardExtra` (cardId, type, serial, content) VALUES ('21126_18', 0, 2, 'Tufaa');
INSERT INTO `cardExtra` (cardId, type, serial, content) VALUES ('21126_18', 0, 3, 'Fedha');
INSERT INTO `card` (id, type, title, header, content, option) VALUES ('21126_23', 0, 'Chagua vitu vyote alivyopata Mvulana kwa mpangilio kuanzia cha kwanza hadi cha mwisho.', NULL, NULL, 'many');
INSERT INTO `cardExtra` (cardId, type, serial, content) VALUES ('21126_23', 1, 1, 'Yai');
INSERT INTO `cardExtra` (cardId, type, serial, content) VALUES ('21126_23', 1, 2, 'Fimbo');
INSERT INTO `cardExtra` (cardId, type, serial, content) VALUES ('21126_23', 1, 3, 'Kifurushi cha nyasi');
INSERT INTO `cardExtra` (cardId, type, serial, content) VALUES ('21126_23', 1, 4, 'Ng''ombe');
INSERT INTO `cardExtra` (cardId, type, serial, content) VALUES ('21126_23', 1, 5, 'Bi Harusi');
INSERT INTO `card` (id, type, title, header, content, option) VALUES ('21126_29', 0, 'Utafanya nini ukipata Yai', 'assets/topic/asb/6733.png', NULL, 'open');
INSERT INTO `cardExtra` (cardId, type, serial, content) VALUES ('21126_29', 0, 1, 'Nitalikaanga');
INSERT INTO `cardExtra` (cardId, type, serial, content) VALUES ('21126_29', 0, 2, 'Nitabadilishana na mtu');
INSERT INTO `cardExtra` (cardId, type, serial, content) VALUES ('21126_29', 0, 3, 'Nitampiga nalo Mtu');
INSERT INTO `cardExtra` (cardId, type, serial, content) VALUES ('21126_29', 0, 4, 'Nitacheza nalo.');
INSERT INTO `card` (id, type, title, header, content, option) VALUES ('12652', 2, 'Mamangu alipanda', 'assets/topic/asb/9002.png', 'Brigid Simiyu
 Jonathan Field', 'FFB3C8FF');
INSERT INTO `card` (id, type, title, header, content, option) VALUES ('12652_3', 3, NULL, 'assets/topic/asb/8998.png', 'Mamangu alipanda. Alipanda bustani ndogo. Alipanda bustani ndogo ya mbaazi.', NULL);
INSERT INTO `card` (id, type, title, header, content, option) VALUES ('12652_4', 3, NULL, 'assets/topic/asb/8999.png', 'Babangu alipanda. Alipanda bustani ndogo. Alipanda bustani ndogo ya maua.', NULL);
INSERT INTO `card` (id, type, title, header, content, option) VALUES ('12652_5', 3, NULL, 'assets/topic/asb/9000.png', 'Mamangu alipalilia bustani zote mbili.', NULL);
INSERT INTO `card` (id, type, title, header, content, option) VALUES ('12652_6', 3, NULL, 'assets/topic/asb/9001.png', 'Babangu alinyunyizia bustani zote mbili.', NULL);
INSERT INTO `card` (id, type, title, header, content, option) VALUES ('12652_7', 3, NULL, 'assets/topic/asb/9002.png', 'Mimi na wazazi wangu tulifanya kazi katika bustani hizo ndogo. Mimi na dadangu tulichuma maua na kuvuna mbaazi.', NULL);
INSERT INTO `card` (id, type, title, header, content, option) VALUES ('12652_8', 3, NULL, 'assets/topic/asb/9003.png', 'Tulivuna magunia ya mbaazi kutoka bustani ndogo ya mbaazi. Tulichuma magunia ya maua kutoka bustani ndogo ya maua.', NULL);
INSERT INTO `card` (id, type, title, header, content, option) VALUES ('12652_9', 3, NULL, 'assets/topic/asb/9004.png', 'Mamangu alipanda. Alipanda bustani kubwa. Bustani kubwa aliyopanda ilikuwa ya mbaazi.', NULL);
INSERT INTO `card` (id, type, title, header, content, option) VALUES ('12652_10', 3, NULL, 'assets/topic/asb/9005.png', 'Babangu alipanda. Alipanda bustani kubwa. Bustani kubwa aliyopanda ilikuwa ya maua.', NULL);
INSERT INTO `card` (id, type, title, header, content, option) VALUES ('12652_11', 3, NULL, NULL, 'You are free to download, copy, translate or adapt this story and use the illustrations as long as you attribute in the following way:
Mamangu alipanda
Author -
Tom Sabwa
Translation -
Brigid Simiyu
Illustration -
Jonathan Field
Language -
Kiswahili
Level -
First sentences
© Text: Ugandan Community Libraries Association (Ugcla) Artwork: African Storybook Initiative 2014
Creative Commons: Attribution 4.0
Source
www.africanstorybook.org', NULL);
INSERT INTO `card` (id, type, title, header, content, option) VALUES ('12652_12', 1, 'Pamba shamba na maua.', 'assets/topic/12652.svg', NULL, NULL);
INSERT INTO `cardExtra` (cardId, type, serial, content) VALUES ('12652_12', 2, 1, 'assets/topic/12652.svg');
INSERT INTO `card` (id, type, title, header, content, option) VALUES ('12652_13', 0, 'Baba alipanda nini katika bustani yake ndogo?', NULL, NULL, 'oneAtATime');
INSERT INTO `cardExtra` (cardId, type, serial, content) VALUES ('12652_13', 1, 1, 'Maua');
INSERT INTO `cardExtra` (cardId, type, serial, content) VALUES ('12652_13', 0, 1, 'Mbaazi');
INSERT INTO `cardExtra` (cardId, type, serial, content) VALUES ('12652_13', 0, 2, 'Matunda');
INSERT INTO `cardExtra` (cardId, type, serial, content) VALUES ('12652_13', 0, 3, 'Mti');
INSERT INTO `card` (id, type, title, header, content, option) VALUES ('12652_18', 0, 'Mama alipalilia katika bustani zote.', NULL, NULL, 'oneAtATime');
INSERT INTO `cardExtra` (cardId, type, serial, content) VALUES ('12652_18', 1, 1, 'Kweli.');
INSERT INTO `cardExtra` (cardId, type, serial, content) VALUES ('12652_18', 0, 1, 'Si kweli.');
INSERT INTO `card` (id, type, title, header, content, option) VALUES ('12652_21', 0, 'Utapanda nini ukiwa na bustani ndogo?', 'assets/topic/asb/9002.png', NULL, 'open');
INSERT INTO `cardExtra` (cardId, type, serial, content) VALUES ('12652_21', 0, 1, 'Muembe');
INSERT INTO `cardExtra` (cardId, type, serial, content) VALUES ('12652_21', 0, 2, 'Mpapai');
INSERT INTO `cardExtra` (cardId, type, serial, content) VALUES ('12652_21', 0, 3, 'Mbogamboga');
INSERT INTO `cardExtra` (cardId, type, serial, content) VALUES ('12652_21', 0, 4, 'Miwa');
INSERT INTO `card` (id, type, title, header, content, option) VALUES ('15746', 2, 'Mamba aliye mwilini mwangu', 'assets/topic/asb/6105.png', 'Ursula Nafula
 Felicity Bell', 'FFF4E1B5');
INSERT INTO `card` (id, type, title, header, content, option) VALUES ('15746_3', 3, NULL, 'assets/topic/asb/6093.png', 'Ninaitwa Molly. Mimi ni msichana kama wasichana wangine, isipokuwa, nina mamba mwilini mwangu. Wewe huwezi kumwona, lakini ninajua yupo. Jina lake ni Ukosefu-Kinga-Mwilini. Anajificha ndani ya mwili wangu na hawezi kuwaumiza marafiki zangu.', NULL);
INSERT INTO `card` (id, type, title, header, content, option) VALUES ('15746_4', 3, NULL, 'assets/topic/asb/6094.png', 'Mamba huyu hawezi kuondoka mwilini mwangu na kuingia mwilini mwako. Hata ukikaa karibu nami au ukiushika mkono wangu.', NULL);
INSERT INTO `card` (id, type, title, header, content, option) VALUES ('15746_5', 3, NULL, 'assets/topic/asb/6092.png', 'Hawezi kuuacha mwili wangu na kuruka ndani ya wako ukila nami chakula cha mchana, au ukilala karibu nami sakafuni.', NULL);
INSERT INTO `card` (id, type, title, header, content, option) VALUES ('15746_6', 3, NULL, 'assets/topic/asb/6095.png', 'Mamba huyu, Ukosefu-Kinga-Mwilini, amekuwa nami tangu nizaliwe. Anapenda kuwala majeshi wote wa mwilini ambao wangepigana na viini na kunizuia kuwa mgonjwa. Anapowala majeshi wangu kwa wingi, ninaugua sana. Siwezi kwenda shule wala kucheza na marafiki zangu.', NULL);
INSERT INTO `card` (id, type, title, header, content, option) VALUES ('15746_7', 3, NULL, 'assets/topic/asb/6097.png', 'Ninalazimika kumeza dawa zangu kila siku wakati unaopendekezwa. Nisipofanya hivyo, mamba huyu anaamka kwa hasira na kuwala majeshi wangu tena. Mimi sitaki afanye hivyo. Ndiyo sababu ninamkumbusha bibi kunipa dawa zangu wakati unaofaa.', NULL);
INSERT INTO `card` (id, type, title, header, content, option) VALUES ('15746_8', 3, NULL, 'assets/topic/asb/6099.png', 'Nikila mboga na matunda, majeshi walio mwilini mwangu wanapata nguvu. Mamba huyu hawezi kuwashika. Anapolala kwa muda, mimi huwa na nguvu. Hufurahi na kucheza na marafiki zangu tena.', NULL);
INSERT INTO `card` (id, type, title, header, content, option) VALUES ('15746_9', 3, NULL, 'assets/topic/asb/6139.png', 'Bibi alinipeleka kituo cha afya muda mfupi uliopita. Alipewa dawa na daktari ya kumfanya mamba huyu alale asiweze kuwala majeshi wangu. Mimi huweza kukimbia, kupanda juu na kucheza kama watoto wengine.', NULL);
INSERT INTO `card` (id, type, title, header, content, option) VALUES ('15746_10', 3, NULL, 'assets/topic/asb/6102.png', 'Ninampenda bibi sana. Ni mzuri na mwenye huruma. Ananilisha chakula kizuri na kuhakikisha ninapata vitamini zaidi ili majeshi wangu wawe na nguvu. Nikiugua ananipeleka kituo cha afya mara moja ili nipate matibabu na kupata nafuu. Ninapenda anaponisomea hadithi kabla mimi kwenda kulala.', NULL);
INSERT INTO `card` (id, type, title, header, content, option) VALUES ('15746_11', 3, NULL, 'assets/topic/asb/6103.png', 'Kabla sijalala, mimi huwaza juu ya kusomea katika shule kubwa. Nitaendelea kuzitumia dawa za kumfanya mamba wangu alale. Ningependa kumsaidia bibi na kumsomea hadithi atakapozeeka na kutoweza kuona vizuri. Nikiwa mtu mzima,  ningependa kusoma na kuchangia kutafuta dawa zitakazowafanya mamba wote walio katika miili ya watu, walale milele daima.', NULL);
INSERT INTO `card` (id, type, title, header, content, option) VALUES ('15746_12', 3, NULL, 'assets/topic/asb/6104.png', 'Nitajifunza kuishi na mamba wangu na kufanya alale zaidi nitakavyoweza. Nitakuwa na marafiki wengi na kufurahi kila siku iwezekanavyo.', NULL);
INSERT INTO `card` (id, type, title, header, content, option) VALUES ('15746_13', 3, NULL, 'assets/topic/asb/6105.png', 'Bibi, shangazi, wajomba, na marafiki, wananipenda,  ingawa nina mamba mwilini mwangu anayeitwa Ukosefu-Kinga-Mwilini.', NULL);
INSERT INTO `card` (id, type, title, header, content, option) VALUES ('15746_14', 3, NULL, NULL, 'You are free to download, copy, translate or adapt this story and use the illustrations as long as you attribute in the following way:
Mamba aliye mwilini mwangu
Author -
Val Morris
Translation -
Ursula Nafula
Illustration -
Felicity Bell
Language -
Kiswahili
Level -
Read aloud
© Books In Homes 2013
Creative Commons: Attribution 4.0
Source
www.africanstorybook.org', NULL);
INSERT INTO `card` (id, type, title, header, content, option) VALUES ('15746_15', 1, 'Mpake rangi msichana mdogo.', 'assets/topic/15746.svg', NULL, NULL);
INSERT INTO `cardExtra` (cardId, type, serial, content) VALUES ('15746_15', 2, 1, 'assets/topic/15746.svg');
INSERT INTO `card` (id, type, title, header, content, option) VALUES ('15746_16', 0, 'Kulikua na nini katika mwili wa msichana mdogo.', NULL, NULL, 'oneAtATime');
INSERT INTO `cardExtra` (cardId, type, serial, content) VALUES ('15746_16', 1, 1, 'Mamba');
INSERT INTO `cardExtra` (cardId, type, serial, content) VALUES ('15746_16', 0, 1, 'Tembo');
INSERT INTO `cardExtra` (cardId, type, serial, content) VALUES ('15746_16', 0, 2, 'Tumbili');
INSERT INTO `cardExtra` (cardId, type, serial, content) VALUES ('15746_16', 0, 3, 'Panya');
INSERT INTO `card` (id, type, title, header, content, option) VALUES ('15746_21', 0, 'Kama msichana akimeza dawa, Mumba hulala.', NULL, NULL, 'oneAtATime');
INSERT INTO `cardExtra` (cardId, type, serial, content) VALUES ('15746_21', 1, 1, 'Kweli.');
INSERT INTO `cardExtra` (cardId, type, serial, content) VALUES ('15746_21', 0, 1, 'Si kweli.');
INSERT INTO `card` (id, type, title, header, content, option) VALUES ('15746_24', 0, 'Kulingana na Hadithi, Mamba ni Homa.', NULL, NULL, 'oneAtATime');
INSERT INTO `cardExtra` (cardId, type, serial, content) VALUES ('15746_24', 1, 1, 'Kweli.');
INSERT INTO `cardExtra` (cardId, type, serial, content) VALUES ('15746_24', 0, 1, 'Si kweli.');
INSERT INTO `card` (id, type, title, header, content, option) VALUES ('15746_27', 0, 'Utafanya nini kumfanya mamba wako alale.', 'assets/topic/asb/6105.png', NULL, 'open');
INSERT INTO `cardExtra` (cardId, type, serial, content) VALUES ('15746_27', 0, 1, 'Nitakula chakula chenye afya.');
INSERT INTO `cardExtra` (cardId, type, serial, content) VALUES ('15746_27', 0, 2, 'Nitakula Matunda');
INSERT INTO `cardExtra` (cardId, type, serial, content) VALUES ('15746_27', 0, 3, 'Nitafanya mazoezi.');
INSERT INTO `cardExtra` (cardId, type, serial, content) VALUES ('15746_27', 0, 4, 'Nitameza dawa kama inanipasa.');
INSERT INTO `card` (id, type, title, header, content, option) VALUES ('12602', 2, 'Mamba aliyekuwa na njaa', 'assets/topic/asb/5948.png', 'Brigid Simiyu
 Wiehan de Jager', 'FF9DEDE3');
INSERT INTO `card` (id, type, title, header, content, option) VALUES ('12602_3', 3, NULL, 'assets/topic/asb/5948.png', 'Wakati mmoja palikuwa na mamba aliyekuwa na njaa.', NULL);
INSERT INTO `card` (id, type, title, header, content, option) VALUES ('12602_4', 3, NULL, 'assets/topic/asb/5949.png', 'Alikitafuta chakula polepole tena kimya kimya.', NULL);
INSERT INTO `card` (id, type, title, header, content, option) VALUES ('12602_5', 3, NULL, NULL, 'Halafu.', NULL);
INSERT INTO `card` (id, type, title, header, content, option) VALUES ('12602_6', 3, NULL, 'assets/topic/asb/5950.png', 'PUU! Mamba alishambulia!', NULL);
INSERT INTO `card` (id, type, title, header, content, option) VALUES ('12602_7', 3, NULL, 'assets/topic/asb/5947.png', 'Baadaye, hakuwa na njaa tena. Alifurahi.', NULL);
INSERT INTO `card` (id, type, title, header, content, option) VALUES ('12602_8', 3, NULL, 'assets/topic/asb/5951.png', 'Alitulia hadi alipohisi njaa tena.', NULL);
INSERT INTO `card` (id, type, title, header, content, option) VALUES ('12602_9', 3, NULL, NULL, 'You are free to download, copy, translate or adapt this story and use the illustrations as long as you attribute in the following way:
Mamba aliyekuwa na njaa
Author -
Christian G.
Translation -
Brigid Simiyu
Illustration -
Wiehan de Jager
Language -
Kiswahili
Level -
First sentences
© Christian G. 2014
Creative Commons: Attribution 4.0
Source
www.africanstorybook.org', NULL);
INSERT INTO `card` (id, type, title, header, content, option) VALUES ('12602_10', 1, 'Mpake rangi Mamba na umrembe.', 'assets/topic/12602.svg', NULL, NULL);
INSERT INTO `cardExtra` (cardId, type, serial, content) VALUES ('12602_10', 2, 1, 'assets/topic/12602.svg');
INSERT INTO `card` (id, type, title, header, content, option) VALUES ('12602_11', 0, 'Mamba ilitafuta chakula polepole na kimya kimya.', NULL, NULL, 'oneAtATime');
INSERT INTO `cardExtra` (cardId, type, serial, content) VALUES ('12602_11', 1, 1, 'Kweli.');
INSERT INTO `cardExtra` (cardId, type, serial, content) VALUES ('12602_11', 0, 1, 'Si kweli.');
INSERT INTO `card` (id, type, title, header, content, option) VALUES ('12602_14', 0, 'mamba huwa na furaha baada ya kula.', NULL, NULL, 'oneAtATime');
INSERT INTO `cardExtra` (cardId, type, serial, content) VALUES ('12602_14', 1, 1, 'Kweli.');
INSERT INTO `cardExtra` (cardId, type, serial, content) VALUES ('12602_14', 0, 1, 'Si kweli.');
INSERT INTO `card` (id, type, title, header, content, option) VALUES ('12602_17', 0, 'Unajisikiaje unapokula kitu ukipendacho?', 'assets/topic/asb/5948.png', NULL, 'open');
INSERT INTO `cardExtra` (cardId, type, serial, content) VALUES ('12602_17', 0, 1, 'Furaha');
INSERT INTO `cardExtra` (cardId, type, serial, content) VALUES ('12602_17', 0, 2, 'Nasisimka');
INSERT INTO `cardExtra` (cardId, type, serial, content) VALUES ('12602_17', 0, 3, 'Nataka zaidi');
INSERT INTO `cardExtra` (cardId, type, serial, content) VALUES ('12602_17', 0, 4, 'Nawagawia na familia yangu.');
INSERT INTO `card` (id, type, title, header, content, option) VALUES ('22087', 2, 'Mamba anasubiri bongo', 'assets/topic/asb/25465.png', 'Brigid Simiyu
Tawanda Mhandu', 'FF9DEDE3');
INSERT INTO `card` (id, type, title, header, content, option) VALUES ('22087_3', 3, NULL, 'assets/topic/asb/25460.png', 'Zamani mamba aliishi karibu na mto na wanawe.', NULL);
INSERT INTO `card` (id, type, title, header, content, option) VALUES ('22087_4', 3, NULL, 'assets/topic/asb/25462.png', 'Aliwafunza wanawe kutowaamini binadamu. Binadamu walikuwa na bongo.', NULL);
INSERT INTO `card` (id, type, title, header, content, option) VALUES ('22087_5', 3, NULL, 'assets/topic/asb/25461.png', 'Siku moja, mwanamume mmoja alikuwa akivuka mto.', NULL);
INSERT INTO `card` (id, type, title, header, content, option) VALUES ('22087_6', 3, NULL, 'assets/topic/asb/25463.png', 'Mwanamume huyo alikutana na mamba katikati ya mto. Mamba alimshambulia.', NULL);
INSERT INTO `card` (id, type, title, header, content, option) VALUES ('22087_7', 3, NULL, 'assets/topic/asb/25464.png', 'Mamba alipokuwa karibu kumuua, alikumbuka maneno aliyosema babake.
Alimwambia kila mara kuwa binadamu wana bongo.', NULL);
INSERT INTO `card` (id, type, title, header, content, option) VALUES ('22087_8', 3, NULL, 'assets/topic/asb/25467.png', 'Mwanamume huyo alimuahidi mamba kuwa angemletea bongo za binadamu.
Mamba akamuacha huru.', NULL);
INSERT INTO `card` (id, type, title, header, content, option) VALUES ('22087_9', 3, NULL, 'assets/topic/asb/25465.png', 'Hadi leo, Mamba na wanawe bado wanasubiri kwenye ukingo wa mto kupokea bongo hizo.', NULL);
INSERT INTO `card` (id, type, title, header, content, option) VALUES ('22087_10', 3, NULL, 'assets/topic/asb/25466.png', 'Hadi leo, mamba wana hasira na binadamu.
Hawakuwahi kupokea bongo walizoahidiwa.', NULL);
INSERT INTO `card` (id, type, title, header, content, option) VALUES ('22087_11', 3, NULL, NULL, 'You are free to download, copy, translate or adapt this story and use the illustrations as long as you attribute in the following way:
Mamba anasubiri bongo
Author -
Northern Cape Teacher''s Workshop 2016
Translation -
Brigid Simiyu
Illustration -
Tawanda Mhandu
Language -
Kiswahili
Level -
First sentences
© African Storybook Initiative 2017
Creative Commons: Attribution 4.0
Source
www.africanstorybook.org', NULL);
INSERT INTO `card` (id, type, title, header, content, option) VALUES ('22087_12', 1, 'Wapake rangi mamba na watoto wake.', 'assets/topic/22087.svg', NULL, NULL);
INSERT INTO `cardExtra` (cardId, type, serial, content) VALUES ('22087_12', 2, 1, 'assets/topic/22087.svg');
INSERT INTO `card` (id, type, title, header, content, option) VALUES ('22087_13', 0, 'Mamba alimwambia nani asiamini?', NULL, NULL, 'oneAtATime');
INSERT INTO `cardExtra` (cardId, type, serial, content) VALUES ('22087_13', 1, 1, 'Wanadamu');
INSERT INTO `cardExtra` (cardId, type, serial, content) VALUES ('22087_13', 0, 1, 'Tembo');
INSERT INTO `cardExtra` (cardId, type, serial, content) VALUES ('22087_13', 0, 2, 'Sisiminzi');
INSERT INTO `cardExtra` (cardId, type, serial, content) VALUES ('22087_13', 0, 3, 'Panzi');
INSERT INTO `card` (id, type, title, header, content, option) VALUES ('22087_18', 0, 'Binadamu aliahidi kuleta nini?', NULL, NULL, 'oneAtATime');
INSERT INTO `cardExtra` (cardId, type, serial, content) VALUES ('22087_18', 1, 1, 'Ubongo');
INSERT INTO `cardExtra` (cardId, type, serial, content) VALUES ('22087_18', 0, 1, 'Mkono');
INSERT INTO `cardExtra` (cardId, type, serial, content) VALUES ('22087_18', 0, 2, 'Nyama');
INSERT INTO `cardExtra` (cardId, type, serial, content) VALUES ('22087_18', 0, 3, 'Nyasi');
INSERT INTO `card` (id, type, title, header, content, option) VALUES ('22087_23', 0, 'Ungefanya nini kama wewe ungekuwa ni binadamu?', 'assets/topic/asb/25465.png', NULL, 'open');
INSERT INTO `cardExtra` (cardId, type, serial, content) VALUES ('22087_23', 0, 1, 'Nisingeenda karibu na Mamba');
INSERT INTO `cardExtra` (cardId, type, serial, content) VALUES ('22087_23', 0, 2, 'Ningekua mtulivu na kujaribu kutoroka');
INSERT INTO `cardExtra` (cardId, type, serial, content) VALUES ('22087_23', 0, 3, 'Ningepatana na Mamba.');
INSERT INTO `cardExtra` (cardId, type, serial, content) VALUES ('22087_23', 0, 4, 'Ningeomba msaada.');
INSERT INTO `card` (id, type, title, header, content, option) VALUES ('21151', 2, 'Mamba na Mbwa', 'assets/topic/asb/17149.png', 'Brigid Simiyu
 Rob Owen', 'FFB3C8FF');
INSERT INTO `card` (id, type, title, header, content, option) VALUES ('21151_3', 3, NULL, 'assets/topic/asb/17139.png', 'Siku moja, Mbwa aliyapata mayai kando ya mto.', NULL);
INSERT INTO `card` (id, type, title, header, content, option) VALUES ('21151_4', 3, NULL, 'assets/topic/asb/17140.png', 'Mbwa aliyaweka mayai hayo kumi katika kikapu.', NULL);
INSERT INTO `card` (id, type, title, header, content, option) VALUES ('21151_5', 3, NULL, 'assets/topic/asb/17141.png', 'Mbwa aliyalinda na kuyaweka mahali kwenye joto.', NULL);
INSERT INTO `card` (id, type, title, header, content, option) VALUES ('21151_6', 3, NULL, 'assets/topic/asb/17142.png', 'Mamba alimwuliza Mbwa, "Umeyaona mayai yangu?"', NULL);
INSERT INTO `card` (id, type, title, header, content, option) VALUES ('21151_7', 3, NULL, 'assets/topic/asb/17143.png', 'Mamba aliwauliza wanyama wote ikiwa waliyaona mayai yake.', NULL);
INSERT INTO `card` (id, type, title, header, content, option) VALUES ('21151_8', 3, NULL, 'assets/topic/asb/17144.png', 'Wakati huo, mayai yaliangua moja moja.', NULL);
INSERT INTO `card` (id, type, title, header, content, option) VALUES ('21151_9', 3, NULL, 'assets/topic/asb/17145.png', 'Mbwa hakuweza kuwapa mamba wachanga chakula cha kutosha.', NULL);
INSERT INTO `card` (id, type, title, header, content, option) VALUES ('21151_10', 3, NULL, 'assets/topic/asb/17146.png', 'Siku moja, Mamba aliyasikia matumbo ya wanawe yakinguruma!', NULL);
INSERT INTO `card` (id, type, title, header, content, option) VALUES ('21151_11', 3, NULL, 'assets/topic/asb/17147.png', 'Mamba aliingia nyumbani akamcharaza Mbwa kwa mkia wake.', NULL);
INSERT INTO `card` (id, type, title, header, content, option) VALUES ('21151_12', 3, NULL, 'assets/topic/asb/17148.png', 'Mamba alimkimbiza Mbwa barabarani.', NULL);
INSERT INTO `card` (id, type, title, header, content, option) VALUES ('21151_13', 3, NULL, 'assets/topic/asb/17149.png', 'Mbwa alisimama akamwambia Mamba, “Nisamehe!”', NULL);
INSERT INTO `card` (id, type, title, header, content, option) VALUES ('21151_14', 3, NULL, 'assets/topic/asb/17150.png', 'Mamba alimsamehe. Alienda na wanawe kuogelea.', NULL);
INSERT INTO `card` (id, type, title, header, content, option) VALUES ('21151_15', 3, NULL, NULL, 'You are free to download, copy, translate or adapt this story and use the illustrations as long as you attribute in the following way:
Mamba na Mbwa
Author -
Candiru Enzikuru Mary
Translation -
Brigid Simiyu
Illustration -
Rob Owen
Language -
Kiswahili
Level -
First words
© African Storybook Initiative 2016
Creative Commons: Attribution 4.0
Source
www.africanstorybook.org', NULL);
INSERT INTO `card` (id, type, title, header, content, option) VALUES ('21151_16', 1, 'Mpake rangi Mbwa na Umrembe.', 'assets/topic/21151.svg', NULL, NULL);
INSERT INTO `cardExtra` (cardId, type, serial, content) VALUES ('21151_16', 2, 1, 'assets/topic/21151.svg');
INSERT INTO `card` (id, type, title, header, content, option) VALUES ('21151_17', 0, 'Mbwa aliona nini mchangani?', NULL, NULL, 'oneAtATime');
INSERT INTO `cardExtra` (cardId, type, serial, content) VALUES ('21151_17', 1, 1, 'Maziwa');
INSERT INTO `cardExtra` (cardId, type, serial, content) VALUES ('21151_17', 0, 1, 'Maji');
INSERT INTO `cardExtra` (cardId, type, serial, content) VALUES ('21151_17', 0, 2, 'Kichaka');
INSERT INTO `cardExtra` (cardId, type, serial, content) VALUES ('21151_17', 0, 3, 'Fimbo');
INSERT INTO `card` (id, type, title, header, content, option) VALUES ('21151_22', 0, 'Mbwa bila kujua aliiba mayai ya mamba.', NULL, NULL, 'oneAtATime');
INSERT INTO `cardExtra` (cardId, type, serial, content) VALUES ('21151_22', 1, 1, 'Kweli.');
INSERT INTO `cardExtra` (cardId, type, serial, content) VALUES ('21151_22', 0, 1, 'Si kweli.');
INSERT INTO `card` (id, type, title, header, content, option) VALUES ('21151_25', 0, 'Mamba aliyapata mayai yake kwenye nyumba ya nani?', NULL, NULL, 'oneAtATime');
INSERT INTO `cardExtra` (cardId, type, serial, content) VALUES ('21151_25', 1, 1, 'Mbwa');
INSERT INTO `cardExtra` (cardId, type, serial, content) VALUES ('21151_25', 0, 1, 'Swala');
INSERT INTO `cardExtra` (cardId, type, serial, content) VALUES ('21151_25', 0, 2, 'Chui');
INSERT INTO `cardExtra` (cardId, type, serial, content) VALUES ('21151_25', 0, 3, 'Mbwea');
INSERT INTO `card` (id, type, title, header, content, option) VALUES ('21151_30', 0, 'Utafanyaje kama mtu akikuibi mayai yako?', NULL, NULL, 'oneAtATime');
INSERT INTO `cardExtra` (cardId, type, serial, content) VALUES ('21151_30', 0, 1, 'Nitaangalia vizuri nilipoyahifadhi.');
INSERT INTO `cardExtra` (cardId, type, serial, content) VALUES ('21151_30', 0, 2, 'Nitawauliza wengine.');
INSERT INTO `cardExtra` (cardId, type, serial, content) VALUES ('21151_30', 0, 3, 'Nitaleta dazeni nyingine ya mayai.');
INSERT INTO `cardExtra` (cardId, type, serial, content) VALUES ('21151_30', 0, 4, 'Nitalalamika kwa watu wakubwa.');
INSERT INTO `card` (id, type, title, header, content, option) VALUES ('16742', 2, 'Manyati na wanyama wake', 'assets/topic/asb/1747.png', 'Ursula Nafula
Sandy Campbell', 'FFF4E1B5');
INSERT INTO `card` (id, type, title, header, content, option) VALUES ('16742_3', 3, NULL, 'assets/topic/asb/1749.png', 'Huyu ni Manyati na wanyama wake.', NULL);
INSERT INTO `card` (id, type, title, header, content, option) VALUES ('16742_4', 3, NULL, 'assets/topic/asb/1750.png', 'Ng''ombe wake anampatia maziwa.', NULL);
INSERT INTO `card` (id, type, title, header, content, option) VALUES ('16742_5', 3, NULL, 'assets/topic/asb/1751.png', 'Mbuzi wake naye anampatia nyama.', NULL);
INSERT INTO `card` (id, type, title, header, content, option) VALUES ('16742_6', 3, NULL, 'assets/topic/asb/1752.png', 'Naye farasi wake anamsafirisha.', NULL);
INSERT INTO `card` (id, type, title, header, content, option) VALUES ('16742_7', 3, NULL, 'assets/topic/asb/1753.png', 'Nguruwe naye anampatia nyama ya nguruwe.', NULL);
INSERT INTO `card` (id, type, title, header, content, option) VALUES ('16742_8', 3, NULL, 'assets/topic/asb/1754.png', 'Kuku anampatia mayai.', NULL);
INSERT INTO `card` (id, type, title, header, content, option) VALUES ('16742_9', 3, NULL, 'assets/topic/asb/1755.png', 'Mbwa wake anamlinda.', NULL);
INSERT INTO `card` (id, type, title, header, content, option) VALUES ('16742_10', 3, NULL, 'assets/topic/asb/1757.png', 'Manyati anawatunza wote!', NULL);
INSERT INTO `card` (id, type, title, header, content, option) VALUES ('16742_11', 3, NULL, NULL, 'You are free to download, copy, translate or adapt this story and use the illustrations as long as you attribute in the following way:
Manyati na wanyama wake
Author -
Jenny Katz
Adaptation -
Ursula Nafula
Illustration -
Sandy Campbell
Language -
Kiswahili
Level -
First sentences
© African Reading Matters 2015
Creative Commons: Attribution-Non Commercial 3.0
Source
www.africanstorybook.org
Original source
www.read.org.za', NULL);
INSERT INTO `card` (id, type, title, header, content, option) VALUES ('16742_12', 1, 'wapake rangi wanyama walio shambani.', 'assets/topic/16742.svg', NULL, NULL);
INSERT INTO `cardExtra` (cardId, type, serial, content) VALUES ('16742_12', 2, 1, 'assets/topic/16742.svg');
INSERT INTO `card` (id, type, title, header, content, option) VALUES ('16742_13', 0, 'Ngómbe hulia Moo', NULL, NULL, 'oneAtATime');
INSERT INTO `cardExtra` (cardId, type, serial, content) VALUES ('16742_13', 1, 1, 'Kweli.');
INSERT INTO `cardExtra` (cardId, type, serial, content) VALUES ('16742_13', 0, 1, 'Si kweli.');
INSERT INTO `card` (id, type, title, header, content, option) VALUES ('16742_16', 0, 'Mbuzi hulia meh meh', NULL, NULL, 'oneAtATime');
INSERT INTO `cardExtra` (cardId, type, serial, content) VALUES ('16742_16', 1, 1, 'Kweli.');
INSERT INTO `cardExtra` (cardId, type, serial, content) VALUES ('16742_16', 0, 1, 'Si kweli.');
INSERT INTO `card` (id, type, title, header, content, option) VALUES ('16742_19', 0, 'Chagua wanyama wote uliowasoma kwenye hadithi.', NULL, NULL, 'many');
INSERT INTO `cardExtra` (cardId, type, serial, content) VALUES ('16742_19', 1, 1, 'Ng''ombe');
INSERT INTO `cardExtra` (cardId, type, serial, content) VALUES ('16742_19', 1, 2, 'Mbuzi');
INSERT INTO `cardExtra` (cardId, type, serial, content) VALUES ('16742_19', 1, 3, 'Farasi');
INSERT INTO `cardExtra` (cardId, type, serial, content) VALUES ('16742_19', 1, 4, 'Nguruwe');
INSERT INTO `cardExtra` (cardId, type, serial, content) VALUES ('16742_19', 1, 5, 'Kuku');
INSERT INTO `cardExtra` (cardId, type, serial, content) VALUES ('16742_19', 1, 6, 'Mbwa');
INSERT INTO `cardExtra` (cardId, type, serial, content) VALUES ('16742_19', 0, 1, 'Punda');
INSERT INTO `cardExtra` (cardId, type, serial, content) VALUES ('16742_19', 0, 2, 'Tumbili');
INSERT INTO `cardExtra` (cardId, type, serial, content) VALUES ('16742_19', 0, 3, 'paka');
INSERT INTO `card` (id, type, title, header, content, option) VALUES ('16742_29', 0, 'Matumizi ya mbuzi ni nini?', 'assets/topic/asb/1747.png', NULL, 'open');
INSERT INTO `cardExtra` (cardId, type, serial, content) VALUES ('16742_29', 0, 1, 'Kutoa maziwa');
INSERT INTO `cardExtra` (cardId, type, serial, content) VALUES ('16742_29', 0, 2, 'Manyoa yake yanatumika kutengenezea sweta');
INSERT INTO `cardExtra` (cardId, type, serial, content) VALUES ('16742_29', 0, 3, 'Ni marafiki');
INSERT INTO `cardExtra` (cardId, type, serial, content) VALUES ('16742_29', 0, 4, 'Wanatuzalia mbuzi watoto.');
INSERT INTO `card` (id, type, title, header, content, option) VALUES ('16084', 2, 'Marafiki', 'assets/topic/asb/8601.png', 'Ursula Nafula
 Catherine Groenewald', 'FF9DEDE3');
INSERT INTO `card` (id, type, title, header, content, option) VALUES ('16084_3', 3, NULL, 'assets/topic/asb/8600.png', 'Jina langu ni Simo.', NULL);
INSERT INTO `card` (id, type, title, header, content, option) VALUES ('16084_4', 3, NULL, 'assets/topic/asb/8601.png', 'Nina marafiki wanne.', NULL);
INSERT INTO `card` (id, type, title, header, content, option) VALUES ('16084_5', 3, NULL, 'assets/topic/asb/8602.png', 'Majina yao ni Zizo,  Lele,  Sisa na Ayanda.', NULL);
INSERT INTO `card` (id, type, title, header, content, option) VALUES ('16084_6', 3, NULL, 'assets/topic/asb/8603.png', 'Rafiki yangu Zizo,  hupenda kucheza mpira.', NULL);
INSERT INTO `card` (id, type, title, header, content, option) VALUES ('16084_7', 3, NULL, 'assets/topic/asb/8604.png', 'Rafiki yangu Lele,  hupenda kuogelea.', NULL);
INSERT INTO `card` (id, type, title, header, content, option) VALUES ('16084_8', 3, NULL, 'assets/topic/asb/8605.png', 'Rafiki yangu Sisa,  hupenda kucheza mchezo wa kidalipo.', NULL);
INSERT INTO `card` (id, type, title, header, content, option) VALUES ('16084_9', 3, NULL, 'assets/topic/asb/8606.png', 'Rafiki yangu Ayanda,  hupenda kusoma.', NULL);
INSERT INTO `card` (id, type, title, header, content, option) VALUES ('16084_10', 3, NULL, 'assets/topic/asb/9857.png', 'Mimi hupenda kufanya vyote wanavyopenda kufanya.', NULL);
INSERT INTO `card` (id, type, title, header, content, option) VALUES ('16084_11', 3, NULL, 'assets/topic/asb/8608.png', 'Hucheza mpira na Zizo.', NULL);
INSERT INTO `card` (id, type, title, header, content, option) VALUES ('16084_12', 3, NULL, 'assets/topic/asb/8609.png', 'Huogelea kwenye bwawa na Lele.', NULL);
INSERT INTO `card` (id, type, title, header, content, option) VALUES ('16084_13', 3, NULL, 'assets/topic/asb/8610.png', 'Hucheza mchezo wa kidalipo na Sisa.', NULL);
INSERT INTO `card` (id, type, title, header, content, option) VALUES ('16084_14', 3, NULL, 'assets/topic/asb/8607.png', 'Njoo,  rafiki,  unapenda nini?', NULL);
INSERT INTO `card` (id, type, title, header, content, option) VALUES ('16084_15', 3, NULL, 'assets/topic/asb/9845.png', 'Njoo ucheze mpira nasi.', NULL);
INSERT INTO `card` (id, type, title, header, content, option) VALUES ('16084_16', 3, NULL, 'assets/topic/asb/9848.png', 'Njoo uogelee nasi.', NULL);
INSERT INTO `card` (id, type, title, header, content, option) VALUES ('16084_17', 3, NULL, 'assets/topic/asb/9858.png', 'Njoo ucheze kidalipo nasi.', NULL);
INSERT INTO `card` (id, type, title, header, content, option) VALUES ('16084_18', 3, NULL, 'assets/topic/asb/9855.png', 'Njoo usome nasi!', NULL);
INSERT INTO `card` (id, type, title, header, content, option) VALUES ('16084_19', 3, NULL, NULL, 'You are free to download, copy, translate or adapt this story and use the illustrations as long as you attribute in the following way:
Marafiki
Author -
Zimbili Dlamini and Hlengiwe Zondi
Translation -
Ursula Nafula
Illustration -
Catherine Groenewald
Language -
Kiswahili
Level -
First words
© African Storybook Initiative and Molteno Institute 2014
Creative Commons: Attribution 4.0
Source
www.africanstorybook.org', NULL);
INSERT INTO `card` (id, type, title, header, content, option) VALUES ('16084_20', 1, 'Upake mpira  rangi mbalimbali.', 'assets/topic/16084.svg', NULL, NULL);
INSERT INTO `cardExtra` (cardId, type, serial, content) VALUES ('16084_20', 2, 1, 'assets/topic/16084.svg');
INSERT INTO `card` (id, type, title, header, content, option) VALUES ('16084_21', 0, 'Marafiki wangapi walikuwepo kwaajili ya Simoni', NULL, NULL, 'oneAtATime');
INSERT INTO `cardExtra` (cardId, type, serial, content) VALUES ('16084_21', 1, 1, 'Wanne');
INSERT INTO `cardExtra` (cardId, type, serial, content) VALUES ('16084_21', 0, 1, 'Watatu');
INSERT INTO `cardExtra` (cardId, type, serial, content) VALUES ('16084_21', 0, 2, 'Wawili');
INSERT INTO `cardExtra` (cardId, type, serial, content) VALUES ('16084_21', 0, 3, 'Mmoja');
INSERT INTO `card` (id, type, title, header, content, option) VALUES ('16084_26', 0, 'Rafiki wa Simon Lele hupenda kuogelea.', NULL, NULL, 'oneAtATime');
INSERT INTO `cardExtra` (cardId, type, serial, content) VALUES ('16084_26', 1, 1, 'Kweli.');
INSERT INTO `cardExtra` (cardId, type, serial, content) VALUES ('16084_26', 0, 1, 'Si kweli.');
INSERT INTO `card` (id, type, title, header, content, option) VALUES ('16084_29', 0, 'Rafiki wa Simon Ayanda hupenda kusoma.', NULL, NULL, 'oneAtATime');
INSERT INTO `cardExtra` (cardId, type, serial, content) VALUES ('16084_29', 1, 1, 'Kweli.');
INSERT INTO `cardExtra` (cardId, type, serial, content) VALUES ('16084_29', 0, 1, 'Si kweli.');
INSERT INTO `card` (id, type, title, header, content, option) VALUES ('16084_32', 0, 'Unapenda kufanya nini ukiwa huru?', 'assets/topic/asb/8601.png', NULL, 'open');
INSERT INTO `cardExtra` (cardId, type, serial, content) VALUES ('16084_32', 0, 1, 'Kuogelea');
INSERT INTO `cardExtra` (cardId, type, serial, content) VALUES ('16084_32', 0, 2, 'Kucheza muziki');
INSERT INTO `cardExtra` (cardId, type, serial, content) VALUES ('16084_32', 0, 3, 'Kusoma');
INSERT INTO `cardExtra` (cardId, type, serial, content) VALUES ('16084_32', 0, 4, 'Kucheza michezo');
INSERT INTO `card` (id, type, title, header, content, option) VALUES ('19404', 2, 'Marafiki wawili wadogo', 'assets/topic/asb/18402.png', 'Susan Kavaya
 Jesse Pietersen', 'FF9DEDE3');
INSERT INTO `card` (id, type, title, header, content, option) VALUES ('19404_3', 3, NULL, 'assets/topic/asb/18401.png', 'Hapo zamani za kale,  kulikuwa na Mbuzi Mdogo na Chui Mdogo. Walikuwa marafiki.', NULL);
INSERT INTO `card` (id, type, title, header, content, option) VALUES ('19404_4', 3, NULL, 'assets/topic/asb/18402.png', 'Siku moja walienda kucheza pamoja uwanjani.', NULL);
INSERT INTO `card` (id, type, title, header, content, option) VALUES ('19404_5', 3, NULL, 'assets/topic/asb/18403.png', 'Walirudi nyumbani jioni sana.', NULL);
INSERT INTO `card` (id, type, title, header, content, option) VALUES ('19404_6', 3, NULL, 'assets/topic/asb/18404.png', 'Mbuzi Mdogo alimwambia mamake, "Nilikutana na rafiki mrembo. Ana madoadoa maridadi. Nimefurahi sana. Nitakutana  naye tena kesho."', NULL);
INSERT INTO `card` (id, type, title, header, content, option) VALUES ('19404_7', 3, NULL, 'assets/topic/asb/18405.png', 'Mamake Mbuzi Mdogo alijibu, "Mwanangu, nimefurahi umerudi salama. Huyo si rafiki yetu. Sitakuruhusu ukutane naye tena."', NULL);
INSERT INTO `card` (id, type, title, header, content, option) VALUES ('19404_8', 3, NULL, 'assets/topic/asb/18406.png', 'Wakati huo huo, Chui Mdogo alimwambia mamake,  "Nilikutana na rafiki mrembo. Anapenda kucheza sana. Nimefurahi. Nitakutana naye tena kesho."', NULL);
INSERT INTO `card` (id, type, title, header, content, option) VALUES ('19404_9', 3, NULL, 'assets/topic/asb/18407.png', 'Mamake alijibu, "Aa, maskini mwanangu. Huyo alikuwa mbuzi mdogo mrembo. Nasikitika hukumla. Utakapokutana naye kesho, muue na umle. Usiogope."', NULL);
INSERT INTO `card` (id, type, title, header, content, option) VALUES ('19404_10', 3, NULL, 'assets/topic/asb/18408.png', 'Siku iliyofuata, Chui Mdogo alienda katika kijiji cha Mbuzi Mdogo.', NULL);
INSERT INTO `card` (id, type, title, header, content, option) VALUES ('19404_11', 3, NULL, 'assets/topic/asb/18409.png', 'Hakumwona Mbuzi Mdogo pale nje. Alikuwa amejificha nyumbani kwa mamake.', NULL);
INSERT INTO `card` (id, type, title, header, content, option) VALUES ('19404_12', 3, NULL, 'assets/topic/asb/18410.png', 'Chui Mdogo alipaza sauti, "Twende uwanjani tukacheze."', NULL);
INSERT INTO `card` (id, type, title, header, content, option) VALUES ('19404_13', 3, NULL, 'assets/topic/asb/18411.png', 'Mbuzi Mdogo alijibu, "Sisi si marafiki tena. Leo siji. Nimemsikiza mamangu. Mtoto mzuri humsikiza mamake."', NULL);
INSERT INTO `card` (id, type, title, header, content, option) VALUES ('19404_14', 3, NULL, 'assets/topic/asb/18412.png', 'Chui Mdogo alihuzunika. Akarudi kwa mamake.', NULL);
INSERT INTO `card` (id, type, title, header, content, option) VALUES ('19404_15', 3, NULL, NULL, 'You are free to download, copy, translate or adapt this story and use the illustrations as long as you attribute in the following way:
Marafiki wawili wadogo
Author -
Belainesh Woubishet
Translation -
Susan Kavaya
Illustration -
Jesse Pietersen
Language -
Kiswahili
Level -
First sentences
© African Storybook Initiative 2016
Creative Commons: Attribution 4.0
Source
www.africanstorybook.org', NULL);
INSERT INTO `card` (id, type, title, header, content, option) VALUES ('19404_16', 1, 'Wapake rangi Mbuzi mdogo na Chui Mdogo', 'assets/topic/19404.svg', NULL, NULL);
INSERT INTO `cardExtra` (cardId, type, serial, content) VALUES ('19404_16', 2, 1, 'assets/topic/19404.svg');
INSERT INTO `card` (id, type, title, header, content, option) VALUES ('19404_17', 0, 'Mbuzi mdogo alikutana na nani wakawa marafiki?', NULL, NULL, 'oneAtATime');
INSERT INTO `cardExtra` (cardId, type, serial, content) VALUES ('19404_17', 1, 1, 'Chui');
INSERT INTO `cardExtra` (cardId, type, serial, content) VALUES ('19404_17', 0, 1, 'Ngómbe');
INSERT INTO `cardExtra` (cardId, type, serial, content) VALUES ('19404_17', 0, 2, 'Sisiminzi');
INSERT INTO `cardExtra` (cardId, type, serial, content) VALUES ('19404_17', 0, 3, 'Mbwea');
INSERT INTO `card` (id, type, title, header, content, option) VALUES ('19404_22', 0, 'Chui mdogo alitaka kumla mbuzi mdogo.', NULL, NULL, 'oneAtATime');
INSERT INTO `cardExtra` (cardId, type, serial, content) VALUES ('19404_22', 1, 1, 'Kweli.');
INSERT INTO `cardExtra` (cardId, type, serial, content) VALUES ('19404_22', 0, 1, 'Si kweli.');
INSERT INTO `card` (id, type, title, header, content, option) VALUES ('19404_25', 0, 'Mbuzi mdogo alimsikiliza mama yake na akaokolewa.', NULL, NULL, 'oneAtATime');
INSERT INTO `cardExtra` (cardId, type, serial, content) VALUES ('19404_25', 1, 1, 'Kweli.');
INSERT INTO `cardExtra` (cardId, type, serial, content) VALUES ('19404_25', 0, 1, 'Si kweli.');
INSERT INTO `card` (id, type, title, header, content, option) VALUES ('19404_28', 0, 'Ni nani katika familia yenu anayemsikiliza mama?', 'assets/topic/asb/18402.png', NULL, 'open');
INSERT INTO `cardExtra` (cardId, type, serial, content) VALUES ('19404_28', 0, 1, 'Mimi');
INSERT INTO `cardExtra` (cardId, type, serial, content) VALUES ('19404_28', 0, 2, 'kaka');
INSERT INTO `cardExtra` (cardId, type, serial, content) VALUES ('19404_28', 0, 3, 'Dada');
INSERT INTO `cardExtra` (cardId, type, serial, content) VALUES ('19404_28', 0, 4, 'Baba');
INSERT INTO `card` (id, type, title, header, content, option) VALUES ('22462', 2, 'Masanduku matatu yenye mali', 'assets/topic/asb/26153.png', 'Ursula Nafula
Adonay  Gebru', 'FF9DEDE3');
INSERT INTO `card` (id, type, title, header, content, option) VALUES ('22462_3', 3, NULL, 'assets/topic/asb/26150.png', 'Kulikuwa na mzee mmoja aliyeitwa Hagos. Aliishi na wanawe watatu.
Hagos alitaka wanawe wawe na mali baada ya kifo chake. Alitayarisha masanduku matatu.', NULL);
INSERT INTO `card` (id, type, title, header, content, option) VALUES ('22462_4', 3, NULL, 'assets/topic/asb/26151.png', 'Hagos alikwenda kwa Haile, jirani yake, na kumwambia, "Ninataka wanangu wawe na mali.
Nimeyatayarisha masanduku matatu. Ningependa uwapatie masanduku hayo baada ya kifo changu."', NULL);
INSERT INTO `card` (id, type, title, header, content, option) VALUES ('22462_5', 3, NULL, 'assets/topic/asb/26152.png', 'Baada ya Hagos kufariki, Haile aliwaita pamoja wale ndugu watatu akawaeleza, "Kabla baba yenu kufariki, alinipatia haya masanduku matatu. Kila sanduku lina jina. Naomba kila mmoja alichukue sanduku lililo na jina lake."', NULL);
INSERT INTO `card` (id, type, title, header, content, option) VALUES ('22462_6', 3, NULL, 'assets/topic/asb/26153.png', 'Ndugu wale walichukua kila mmoja sanduku lake kisha wakayafungua.
Sanduku la kwanza lilikuwa na dhahabu. La pili, lilikuwa na udongo. Nalo la tatu lilikuwa na samadi.', NULL);
INSERT INTO `card` (id, type, title, header, content, option) VALUES ('22462_7', 3, NULL, 'assets/topic/asb/26154.png', 'Aliyepata dhahabu alifurahi sana. Waliopata udongo na samadi, hawakufurahi. Walianza kugombana na yule aliyepata dhahabu.', NULL);
INSERT INTO `card` (id, type, title, header, content, option) VALUES ('22462_8', 3, NULL, 'assets/topic/asb/26155.png', 'Haile aliwaambia, "Ninyi ni ndugu na hamstahili kugombana. Hebu niwapeleke kwa mzee mwenye busara awashauri."', NULL);
INSERT INTO `card` (id, type, title, header, content, option) VALUES ('22462_9', 3, NULL, 'assets/topic/asb/26156.png', 'Haile aliwapeleka ndugu wale watatu kwa mzee mwenye busara. "Habari za asubuhi. Tumekuja kwako kutafuta ushauri kuhusu urithi," Haile alimweleza yule mzee.', NULL);
INSERT INTO `card` (id, type, title, header, content, option) VALUES ('22462_10', 3, NULL, 'assets/topic/asb/26157.png', 'Haile alimwambia yule mzee mwenye busara kuhusu yale masanduku matatu ambayo Hagos aliwaachia wanawe.
"Sasa hawa wawili, wanagombana na yule aliyepata sanduku lililokuwa na dhahabu," Haile alieleza.', NULL);
INSERT INTO `card` (id, type, title, header, content, option) VALUES ('22462_11', 3, NULL, 'assets/topic/asb/26158.png', 'Yule mzee mwenye busara alisizitiza, "Baba yenu alikuwa na sababu ya kuwapatia sanduku ambalo kila mmoja wenu alipata."', NULL);
INSERT INTO `card` (id, type, title, header, content, option) VALUES ('22462_12', 3, NULL, 'assets/topic/asb/26159.png', 'Aliendelea kuwaeleza, "Wewe ulipata dhahabu kwa sababu babako alitaka uwe mfanya biashara. Nawe ulipata udongo kwa sababu babako alitaka uwe mkulima."', NULL);
INSERT INTO `card` (id, type, title, header, content, option) VALUES ('22462_13', 3, NULL, 'assets/topic/asb/26160.png', '"Wewe ulipata samadi kwa sababu babako alitaka uwe mchungaji. Baba yenu alitaka mfanye kazi yenu kulingana na vipaji vyenu," mzee mwenye busara alikamilisha maelezo yake.', NULL);
INSERT INTO `card` (id, type, title, header, content, option) VALUES ('22462_14', 3, NULL, 'assets/topic/asb/26161.png', 'Baada ya kusikiliza ushauri wa yule mzee mwenye busara, wale ndugu watatu walikubaliana naye. Kila mmoja wao aliifanya kazi yake tofauti na wakaishi kwa furaha.', NULL);
INSERT INTO `card` (id, type, title, header, content, option) VALUES ('22462_15', 3, NULL, NULL, 'You are free to download, copy, translate or adapt this story and use the illustrations as long as you attribute in the following way:
Masanduku matatu yenye mali
Author -
ሰለሙን and ተኹሉ ይግዛው
Translation -
Ursula Nafula
Illustration -
Adonay  Gebru
Language -
Kiswahili
Level -
First paragraphs
© African Storybook Initiative 2018
Creative Commons: Attribution 4.0
Source
www.africanstorybook.org', NULL);
INSERT INTO `card` (id, type, title, header, content, option) VALUES ('22462_16', 1, 'Paka rangi ukubwa tofauti.', 'assets/topic/22462.svg', NULL, NULL);
INSERT INTO `cardExtra` (cardId, type, serial, content) VALUES ('22462_16', 2, 1, 'assets/topic/22462.svg');
INSERT INTO `card` (id, type, title, header, content, option) VALUES ('22462_17', 0, 'Mzee alikua na watoto wangapi?', NULL, NULL, 'oneAtATime');
INSERT INTO `cardExtra` (cardId, type, serial, content) VALUES ('22462_17', 1, 1, 'Watatu');
INSERT INTO `cardExtra` (cardId, type, serial, content) VALUES ('22462_17', 0, 1, 'Wawili');
INSERT INTO `cardExtra` (cardId, type, serial, content) VALUES ('22462_17', 0, 2, 'Mmoja');
INSERT INTO `cardExtra` (cardId, type, serial, content) VALUES ('22462_17', 0, 3, 'Wanne');
INSERT INTO `card` (id, type, title, header, content, option) VALUES ('22462_22', 0, 'Baba alitaka mtu aliyepata samadi kuwa Mfugaji.', NULL, NULL, 'oneAtATime');
INSERT INTO `cardExtra` (cardId, type, serial, content) VALUES ('22462_22', 1, 1, 'Kweli.');
INSERT INTO `cardExtra` (cardId, type, serial, content) VALUES ('22462_22', 0, 1, 'Si kweli.');
INSERT INTO `card` (id, type, title, header, content, option) VALUES ('22462_25', 0, 'Ikiwa ungekuwa mkulima ungefanya nini?', 'assets/topic/asb/26153.png', NULL, 'open');
INSERT INTO `cardExtra` (cardId, type, serial, content) VALUES ('22462_25', 0, 1, 'Ningelima ardhi.');
INSERT INTO `cardExtra` (cardId, type, serial, content) VALUES ('22462_25', 0, 2, 'Ningepanda Mbegu.');
INSERT INTO `cardExtra` (cardId, type, serial, content) VALUES ('22462_25', 0, 3, 'Ningelisha mifugo');
INSERT INTO `cardExtra` (cardId, type, serial, content) VALUES ('22462_25', 0, 4, 'Ningekuza mazao ninayoyapenda.');
INSERT INTO `card` (id, type, title, header, content, option) VALUES ('22582', 2, 'Maswali aliyouliza Kariza', 'assets/topic/asb/25965.png', 'Ursula  Nafula
Rob Owen', 'FFB3C8FF');
INSERT INTO `card` (id, type, title, header, content, option) VALUES ('22582_3', 3, NULL, 'assets/topic/asb/25964.png', 'Kariza alipenda kuuliza maswali. Aliyapata mazoea haya kutoka kwa wazazi wake waliokuwa wakimwambia, "Usipouliza maswali ukiwa mdogo, utakapokua mtu mzima, utakuwa mjinga!"', NULL);
INSERT INTO `card` (id, type, title, header, content, option) VALUES ('22582_4', 3, NULL, 'assets/topic/asb/25965.png', 'Siku moja, Kariza alimwuliza mwalimu wake, "Kwa nini wazazi wetu wanatueleza kila wakati tuwe tukinawa mikono yetu kabla ya kula, hata kama mikono yetu huonekana kuwa misafi?"
Wenzake darasani walilipenda swali lake. Wao pia hawakupenda kuambiwa kunawa mikono yao.', NULL);
INSERT INTO `card` (id, type, title, header, content, option) VALUES ('22582_5', 3, NULL, 'assets/topic/asb/25966.png', 'Mwalimu alijibu, "Hilo ni swali nzuri, Kariza. Mikono yetu hata inapoonekana kuwa misafi, inaweza kuwa na viini." Mwalimu aliwaeleza, "Viini husababisha maradhi. Hatuwezi kuviona viini hivyo kwa macho yetu. Tunahitaji kifaa kilicho na nguvu zaidi ili tuvione."', NULL);
INSERT INTO `card` (id, type, title, header, content, option) VALUES ('22582_6', 3, NULL, 'assets/topic/asb/25967.png', 'Mwalimu aliichukua darubini kutoka kabatini. "Darubini ni kifaa tunachotumia kuviona vitu vilivyo vidogo sana ambavyo hatuwezi kuviona kwa macho yetu," alisema.
Kwa utaratibu, mwalimu aliifuta mikono ya Kariza kwa kijiti. Halafu, akakifutia kile kijiti kwenye kioo cha darubini.', NULL);
INSERT INTO `card` (id, type, title, header, content, option) VALUES ('22582_7', 3, NULL, 'assets/topic/asb/25968.png', 'Mwalimu alikiweka kile kioo juu ya darubini.
Hiki ndicho walichoona walipotazama. Hata kama mikono ya Kariza haikuonekana kuwa michafu, ilikuwa na viini chungu nzima juu yake.', NULL);
INSERT INTO `card` (id, type, title, header, content, option) VALUES ('22582_8', 3, NULL, 'assets/topic/asb/25969.png', '"Kuna viini kila mahali. Vinapatikana kwenye vitu tunavyogusa, darasani kwetu, uwanjani na hata nyumbani. Viini hivi vinaweza kutufanya tuwe wagonjwa," mwalimu aliwaonya.', NULL);
INSERT INTO `card` (id, type, title, header, content, option) VALUES ('22582_9', 3, NULL, 'assets/topic/asb/25970.png', 'Mwalimu aliendelea, "Ili kuviangamiza viini hivi, lazima tuioshe mikono yetu kwa maji safi na sabuni, hasa kabla ya kula. Pia, tunapokuwa wagonjwa, lazima tuioshe ili tusivieneze viini."', NULL);
INSERT INTO `card` (id, type, title, header, content, option) VALUES ('22582_10', 3, NULL, 'assets/topic/asb/25971.png', 'Kariza alipofika nyumbani, alimkuta babake akiwa anatengeneza kiti cha aina ya pekee.
Akamwuliza, "Baba, unatengeneza nini?" Babake alimjibu, "Hiki kinaitwa ''chukua hatua unawe''. Unakitumia kunawa mikono yako baada ya kutumia choo na kabla ya kula."', NULL);
INSERT INTO `card` (id, type, title, header, content, option) VALUES ('22582_11', 3, NULL, 'assets/topic/asb/25972.png', 'Kariza alishangaa akasema, "Ndiyo! Mwalimu wetu ametuambia kuhusu kifaa hiki, lakini wengi wetu hatujui jinsi ya kukitumia. Kinatumikaje?"
Babake alicheka halafu akamwambia, "Hebu njoo binti yangu nikuonyesha."', NULL);
INSERT INTO `card` (id, type, title, header, content, option) VALUES ('22582_12', 3, NULL, 'assets/topic/asb/25973.png', '"Kwanza kabisa, kikanyage kipande hiki cha mti kilichoko sakafuni," baba akasema.', NULL);
INSERT INTO `card` (id, type, title, header, content, option) VALUES ('22582_13', 3, NULL, 'assets/topic/asb/25974.png', '"Unapofanya hivyo, mtungi wa maji utainama na kuyamwaga maji mikononi kwako. Kumbuka kuitumia sabuni kunawa," baba akamwambia Kariza.', NULL);
INSERT INTO `card` (id, type, title, header, content, option) VALUES ('22582_14', 3, NULL, 'assets/topic/asb/25975.png', 'Kariza alifurahi akasema, "Ningejuaje jambo hili nisingeuliza maswali? Ni kweli kwamba maswali humwelekeza mtu kupata maarifa."', NULL);
INSERT INTO `card` (id, type, title, header, content, option) VALUES ('22582_15', 3, NULL, NULL, 'You are free to download, copy, translate or adapt this story and use the illustrations as long as you attribute in the following way:
Maswali aliyouliza Kariza
Author -
Jean de Dieu Bavugempore
Translation -
Ursula  Nafula
Illustration -
Rob Owen
Language -
Kiswahili
Level -
Longer paragraphs
© African Storybook Initiative 2017
Creative Commons: Attribution 4.0
Source
www.africanstorybook.org', NULL);
INSERT INTO `card` (id, type, title, header, content, option) VALUES ('22582_16', 1, 'Paka mikono inayooshwa bombani.', 'assets/topic/22582.svg', NULL, NULL);
INSERT INTO `cardExtra` (cardId, type, serial, content) VALUES ('22582_16', 2, 1, 'assets/topic/22582.svg');
INSERT INTO `card` (id, type, title, header, content, option) VALUES ('22582_17', 0, 'Kariza hupenda kuuliza nini?', NULL, NULL, 'oneAtATime');
INSERT INTO `cardExtra` (cardId, type, serial, content) VALUES ('22582_17', 1, 1, 'Maswali');
INSERT INTO `cardExtra` (cardId, type, serial, content) VALUES ('22582_17', 0, 1, 'Mpira');
INSERT INTO `cardExtra` (cardId, type, serial, content) VALUES ('22582_17', 0, 2, 'Uchafu');
INSERT INTO `cardExtra` (cardId, type, serial, content) VALUES ('22582_17', 0, 3, 'Kalamu');
INSERT INTO `card` (id, type, title, header, content, option) VALUES ('22582_22', 0, 'Vijidudu vinaweza kutufanya tuumwe kama tusipoosha mikono yetu.', NULL, NULL, 'oneAtATime');
INSERT INTO `cardExtra` (cardId, type, serial, content) VALUES ('22582_22', 1, 1, 'Kweli.');
INSERT INTO `cardExtra` (cardId, type, serial, content) VALUES ('22582_22', 0, 1, 'Si kweli.');
INSERT INTO `card` (id, type, title, header, content, option) VALUES ('22582_25', 0, 'Je! Utajiweka vipi kuwa mwenye afya?', 'assets/topic/asb/25965.png', NULL, 'open');
INSERT INTO `cardExtra` (cardId, type, serial, content) VALUES ('22582_25', 0, 1, 'Nitakula chakula nyenye afya.');
INSERT INTO `cardExtra` (cardId, type, serial, content) VALUES ('22582_25', 0, 2, 'Nitaweka mikono iwe safi');
INSERT INTO `cardExtra` (cardId, type, serial, content) VALUES ('22582_25', 0, 3, 'Nitafanya mazoezi');
INSERT INTO `cardExtra` (cardId, type, serial, content) VALUES ('22582_25', 0, 4, 'Nitaosha mikono kabla ya kula.');
INSERT INTO `card` (id, type, title, header, content, option) VALUES ('19403', 2, 'Mawaidha kutoka kwa Baba', 'assets/topic/asb/17114.png', 'Susan Kavaya
Jacob Kono', 'FFF4E1B5');
INSERT INTO `card` (id, type, title, header, content, option) VALUES ('19403_3', 3, NULL, 'assets/topic/asb/17103.png', 'Hapo zamani za kale, kulikuwa na mwanamume aliyekuwa na watoto wawili wa kiume.', NULL);
INSERT INTO `card` (id, type, title, header, content, option) VALUES ('19403_4', 3, NULL, 'assets/topic/asb/17104.png', 'Siku moja, aliwaita akawaambia, "Wanangu, mimi ninakaribia kufa. Ningependa kuwaona mkiwa nyumbani mwenu kabla ya kifo changu. Ninawapa mwezi mmoja ili muweze kulishughulikia jambo hili. Rudini hapa baada ya mwezi."', NULL);
INSERT INTO `card` (id, type, title, header, content, option) VALUES ('19403_5', 3, NULL, 'assets/topic/asb/17105.png', 'Wanawe hao wawili walitoka kwa kasi. Mwana wa kwanza alikwenda akakata miti akaanza kujijengea nyumba.', NULL);
INSERT INTO `card` (id, type, title, header, content, option) VALUES ('19403_6', 3, NULL, 'assets/topic/asb/17106.png', 'Naye mwana wa pili alikwenda akaanza kujenga uhusiano maalum na watu kutoka familia mbali mbali. Alichukuliwa na watu tofauti kama mtoto wao wa kupanga.', NULL);
INSERT INTO `card` (id, type, title, header, content, option) VALUES ('19403_7', 3, NULL, 'assets/topic/asb/17107.png', 'Baada ya mwezi mmoja, ndugu hao wawili walirudi kumwona baba yao. Baba yao alisema, "Je, mmeweza kujenga nyumba zenu?" Na wote walimjibu, "Ndiyo."', NULL);
INSERT INTO `card` (id, type, title, header, content, option) VALUES ('19403_8', 3, NULL, 'assets/topic/asb/17108.png', 'Baba alikwenda na mwanawe wa kwanza. Aliona kwamba mwanawe alikuwa amejenga nyumba nyingi. Alitembea nje ya kila nyumba, akiuliza,  "Je, kuna mtu yeyote ndani ya nyumba hii?" Naye mwanawe alimjibu, "Hapana."', NULL);
INSERT INTO `card` (id, type, title, header, content, option) VALUES ('19403_9', 3, NULL, 'assets/topic/asb/17109.png', 'Waliitembelea kila nyumba na kila wakati baba alimwuliza mwanawe, "Je, kuna mtu yeyote kwenye nyumba hii?" Kila mara mwanawe alimjibu, "Hapana."', NULL);
INSERT INTO `card` (id, type, title, header, content, option) VALUES ('19403_10', 3, NULL, 'assets/topic/asb/17110.png', 'Hatimaye, baba alihisi njaa kwa sababu hakumpata mtu yeyote wa kumpa chakula. Alisema, "Sawa, twende nyumbani." Waliondoka wakaenda nyumbani.', NULL);
INSERT INTO `card` (id, type, title, header, content, option) VALUES ('19403_11', 3, NULL, 'assets/topic/asb/17111.png', 'Kaka wa pili aliwapeleka kwenye familia yake ya kwanza ya kupanga. Aliwajulisha kwa baba yake na kusema, "Hawa hapa ni baba na kaka zangu." Familia hii iliwapokea kwa furaha nyingi. Walichinja kondoo wakawatayarishia sherehe kubwa sana.', NULL);
INSERT INTO `card` (id, type, title, header, content, option) VALUES ('19403_12', 3, NULL, 'assets/topic/asb/17112.png', 'Kisha walikwenda kwa familia ya pili aliyokuwa amepanga. Aliwajulisha pia kama baba na kaka zake. Waliwafanyia sherehe nyingine kubwa.', NULL);
INSERT INTO `card` (id, type, title, header, content, option) VALUES ('19403_13', 3, NULL, 'assets/topic/asb/17113.png', 'Walikaribishwa katika kila familia ambako ndugu wa pili alikuwa amechukuliwa kama mwanao. Walikula wakashiba kisha wakaondoka wakarudi nyumbani.', NULL);
INSERT INTO `card` (id, type, title, header, content, option) VALUES ('19403_14', 3, NULL, 'assets/topic/asb/17114.png', 'Baba alisema, "Hivi ndivyo nilivyokusudia nilipowaambia mjitengenezee nyumba. Nyumbani hakumaanishi kuwa na nyumba nyingi au nyumba za bei ghali. Bali, ni kuwa na upendo, urafiki na uhusiano mwema na watu wengine."', NULL);
INSERT INTO `card` (id, type, title, header, content, option) VALUES ('19403_15', 3, NULL, NULL, 'You are free to download, copy, translate or adapt this story and use the illustrations as long as you attribute in the following way:
Mawaidha kutoka kwa Baba
Author -
Mohammed Kuyu and Elizabeth Laird
Translation -
Susan Kavaya
Illustration -
Jacob Kono
Language -
Kiswahili
Level -
First paragraphs
© African Storybook Initiative 2016
Creative Commons: Attribution 4.0
Source
www.africanstorybook.org
Original source
www.ethiopianfolktales.com', NULL);
INSERT INTO `card` (id, type, title, header, content, option) VALUES ('19403_16', 1, 'Paka rangi nyumba na uipambe.', 'assets/topic/19403.svg', NULL, NULL);
INSERT INTO `cardExtra` (cardId, type, serial, content) VALUES ('19403_16', 2, 1, 'assets/topic/19403.svg');
INSERT INTO `card` (id, type, title, header, content, option) VALUES ('19403_17', 0, 'Baba alimwambia mwanawe atengeneze nini?', NULL, NULL, 'oneAtATime');
INSERT INTO `cardExtra` (cardId, type, serial, content) VALUES ('19403_17', 1, 1, 'Nyumba');
INSERT INTO `cardExtra` (cardId, type, serial, content) VALUES ('19403_17', 0, 1, 'Shamba');
INSERT INTO `cardExtra` (cardId, type, serial, content) VALUES ('19403_17', 0, 2, 'fedha');
INSERT INTO `cardExtra` (cardId, type, serial, content) VALUES ('19403_17', 0, 3, 'Ardhi');
INSERT INTO `card` (id, type, title, header, content, option) VALUES ('19403_22', 0, 'Nyumba inamaanisha upendo, urafiki na uhusiano mwema na wengine.', NULL, NULL, 'oneAtATime');
INSERT INTO `cardExtra` (cardId, type, serial, content) VALUES ('19403_22', 1, 1, 'Kweli.');
INSERT INTO `cardExtra` (cardId, type, serial, content) VALUES ('19403_22', 0, 1, 'Si kweli.');
INSERT INTO `card` (id, type, title, header, content, option) VALUES ('19403_25', 0, 'Unaelewa nini kutoka na hadithi hii?', 'assets/topic/asb/17114.png', NULL, 'open');
INSERT INTO `cardExtra` (cardId, type, serial, content) VALUES ('19403_25', 0, 1, 'Kuwa mtu wa watu');
INSERT INTO `cardExtra` (cardId, type, serial, content) VALUES ('19403_25', 0, 2, 'Kuwa mwema');
INSERT INTO `cardExtra` (cardId, type, serial, content) VALUES ('19403_25', 0, 3, 'Kupendana na wengine');
INSERT INTO `cardExtra` (cardId, type, serial, content) VALUES ('19403_25', 0, 4, 'Kubadili nyumba kuwa familia.');
INSERT INTO `card` (id, type, title, header, content, option) VALUES ('22043', 2, 'Mazishi ya Fisi', 'assets/topic/asb/25123.png', 'Brigid Simiyu
Jacob Kono', 'FF9DEDE3');
INSERT INTO `card` (id, type, title, header, content, option) VALUES ('22043_3', 3, NULL, 'assets/topic/asb/25123.png', 'Siku moja, mtoto wa fisi alifariki.', NULL);
INSERT INTO `card` (id, type, title, header, content, option) VALUES ('22043_4', 3, NULL, 'assets/topic/asb/25124.png', 'Punda mmoja alikimbia kuwajulisha jamaa zake.
Punda wengine waliuliza, "Mtoto wa fisi? Hiyo ni habari njema. Fisi wote ni maadui zetu."', NULL);
INSERT INTO `card` (id, type, title, header, content, option) VALUES ('22043_5', 3, NULL, 'assets/topic/asb/25125.png', 'Punda mmoja mzee alisema, "Ndugu zangu, lazima tuhudhurie mazishi tuonyeshe heshima."
Punda wengine wakauliza, "Eti nini? Tuhudhurie mazishi ya fisi? Hatutaki kwenda. Tunaogopa kuliwa na fisi."', NULL);
INSERT INTO `card` (id, type, title, header, content, option) VALUES ('22043_6', 3, NULL, 'assets/topic/asb/25126.png', '"Sikiliza. Tusipoenda, fisi watakasirika sana. Watakuwa na sababu ya kutufanya kitoweo chao." Punda mzee alisema.
"Umesema ukweli. Lazima tuhudhurie mazishi ya fisi. Tukihudhuria, fisi watafurahi. Labda watakuwa marafiki zetu." Punda wengine walisema.', NULL);
INSERT INTO `card` (id, type, title, header, content, option) VALUES ('22043_7', 3, NULL, 'assets/topic/asb/25127.png', 'Fisi waliwaona punda nje ya nyumba yao. "Mbona punda wako hapa? Wamekuja kutucheka?" Fisi walijiuliza.
Punda walipowasikia fisi, waliogopa, wakaanza kuimba.', NULL);
INSERT INTO `card` (id, type, title, header, content, option) VALUES ('22043_8', 3, NULL, 'assets/topic/asb/25128.png', 'Wimbo ulienda hivi:
"Fisi wakubwa, mnawinda usiku kucha. Tunawasikia usiku wa manane. Meno yenu ni marefu. Macho yenu yanang''ara. Ingawa chakula chenu ni cheusi, kinyesi chenu ni rangi nyeupe. Sasa mmoja wenu amefariki!"', NULL);
INSERT INTO `card` (id, type, title, header, content, option) VALUES ('22043_9', 3, NULL, 'assets/topic/asb/25129.png', 'Mjombake fisi aliyekufa pia akawajibu kwa wimbo:
"Wimbo wenu ni mzuri. Maneno yenu ni matamu. Karibuni, wapendwa.
Lakini mmetuletea nini cha kula? Fisi wana njaa.
Wanahitaji nyama!"', NULL);
INSERT INTO `card` (id, type, title, header, content, option) VALUES ('22043_10', 3, NULL, 'assets/topic/asb/25130.png', 'Punda sasa waliogopa sana. "Hebu tutoroke," mmoja wao alisema. Mwingine alijibu, "Hatuwezi. Fisi watatukimbiza."', NULL);
INSERT INTO `card` (id, type, title, header, content, option) VALUES ('22043_11', 3, NULL, 'assets/topic/asb/25131.png', 'Punda mzee alishauri, "Tumekuja kuonyesha heshima zetu kwenu. Tunasikitika kwamba mtoto wenu amefariki. Tutaomba Mungu awafariji. Sasa lazima turudi nyumbani kwetu."', NULL);
INSERT INTO `card` (id, type, title, header, content, option) VALUES ('22043_12', 3, NULL, 'assets/topic/asb/25132.png', 'Fisi walisema, "Subiri! Hamuwezi kuondoka. Lazima mtupatie kitu cha kula. Tukatieni midomo yenu."', NULL);
INSERT INTO `card` (id, type, title, header, content, option) VALUES ('22043_13', 3, NULL, 'assets/topic/asb/25133.png', 'Punda waliangaliana. "Pengine tukiwakatia midomo yetu, watatuachilia twende." Waliwaza.', NULL);
INSERT INTO `card` (id, type, title, header, content, option) VALUES ('22043_14', 3, NULL, 'assets/topic/asb/25134.png', 'Fisi walikata midomo ya punda wakala.', NULL);
INSERT INTO `card` (id, type, title, header, content, option) VALUES ('22043_15', 3, NULL, 'assets/topic/asb/25135.png', 'Kwa mara nyingine, punda waliomba kuruhusiwa kuondoka.', NULL);
INSERT INTO `card` (id, type, title, header, content, option) VALUES ('22043_16', 3, NULL, 'assets/topic/asb/25136.png', '"Ndugu zangu, mtawaacha hawa punda waende?
Waangalieni! Tunaweza kuyaona meno yao! Wanatucheka!"', NULL);
INSERT INTO `card` (id, type, title, header, content, option) VALUES ('22043_17', 3, NULL, 'assets/topic/asb/25137.png', 'Fisi waliwarukia punda wakawaua halafu wakaanza kuwala.', NULL);
INSERT INTO `card` (id, type, title, header, content, option) VALUES ('22043_18', 3, NULL, 'assets/topic/asb/25138.png', 'Kabla punda mzee kufa, aliwatazama fisi akasema, "Fisi waovu, tulikuja kwa wimbo kuwafariji lakini tulikosea! Mkiwa na njaa, msitafute sababu ya
kuwala marafiki zenu!"', NULL);
INSERT INTO `card` (id, type, title, header, content, option) VALUES ('22043_19', 3, NULL, NULL, 'You are free to download, copy, translate or adapt this story and use the illustrations as long as you attribute in the following way:
Mazishi ya Fisi
Author -
Elizabeth  Laird and Yirga  Ejigu
Translation -
Brigid Simiyu
Illustration -
Jacob Kono
Language -
Kiswahili
Level -
Longer paragraphs
© African Storybook Initiative 2016
Creative Commons: Attribution 4.0
Source
www.africanstorybook.org', NULL);
INSERT INTO `card` (id, type, title, header, content, option) VALUES ('22043_20', 1, 'Mpake rangi Punda na umrembe.', 'assets/topic/22043.svg', NULL, NULL);
INSERT INTO `cardExtra` (cardId, type, serial, content) VALUES ('22043_20', 2, 1, 'assets/topic/22043.svg');
INSERT INTO `card` (id, type, title, header, content, option) VALUES ('22043_21', 0, 'Punda walikua wema na walienda kuwafariji Fisi.', NULL, NULL, 'oneAtATime');
INSERT INTO `cardExtra` (cardId, type, serial, content) VALUES ('22043_21', 1, 1, 'Kweli.');
INSERT INTO `cardExtra` (cardId, type, serial, content) VALUES ('22043_21', 0, 1, 'Si kweli.');
INSERT INTO `card` (id, type, title, header, content, option) VALUES ('22043_24', 0, 'Fisi walikua wajanja na walitaka kuwala Punda.', NULL, NULL, 'oneAtATime');
INSERT INTO `cardExtra` (cardId, type, serial, content) VALUES ('22043_24', 1, 1, 'Kweli.');
INSERT INTO `cardExtra` (cardId, type, serial, content) VALUES ('22043_24', 0, 1, 'Si kweli.');
INSERT INTO `card` (id, type, title, header, content, option) VALUES ('22043_27', 0, 'Utafanya ukiwa utaona adui zako wanateseka?', 'assets/topic/asb/25123.png', NULL, 'open');
INSERT INTO `cardExtra` (cardId, type, serial, content) VALUES ('22043_27', 0, 1, 'Nitawasaidia');
INSERT INTO `cardExtra` (cardId, type, serial, content) VALUES ('22043_27', 0, 2, 'Nitawaepuka');
INSERT INTO `cardExtra` (cardId, type, serial, content) VALUES ('22043_27', 0, 3, 'Nitawajulisha watu wao wa karibu');
INSERT INTO `cardExtra` (cardId, type, serial, content) VALUES ('22043_27', 0, 4, 'Nitaomba ushauri kutoka kwa wakubwa zangu.');
INSERT INTO `card` (id, type, title, header, content, option) VALUES ('3101', 2, 'Mbili', 'assets/topic/asb/3062.png', 'Ursula Nafula
 Richard MacIntosh', 'FF9DEDE3');
INSERT INTO `card` (id, type, title, header, content, option) VALUES ('3101_3', 3, NULL, 'assets/topic/asb/3061.png', 'Mikono miwili ya kukamata.', NULL);
INSERT INTO `card` (id, type, title, header, content, option) VALUES ('3101_4', 3, NULL, 'assets/topic/asb/3063.png', 'Matawi mawili ya mti.', NULL);
INSERT INTO `card` (id, type, title, header, content, option) VALUES ('3101_5', 3, NULL, 'assets/topic/asb/3064.png', 'Watoto wawili wanaocheza pamoja.', NULL);
INSERT INTO `card` (id, type, title, header, content, option) VALUES ('3101_6', 3, NULL, 'assets/topic/asb/3065.png', 'Masikio mawili ya sungura.', NULL);
INSERT INTO `card` (id, type, title, header, content, option) VALUES ('3101_7', 3, NULL, 'assets/topic/asb/3066.png', 'Macho mawili ya kuona.', NULL);
INSERT INTO `card` (id, type, title, header, content, option) VALUES ('3101_8', 3, NULL, 'assets/topic/asb/3067.png', 'Picha iliyo na watu wawili.', NULL);
INSERT INTO `card` (id, type, title, header, content, option) VALUES ('3101_9', 3, NULL, 'assets/topic/asb/3068.png', 'Binadamu wawili wanasoma kitabu pamoja.', NULL);
INSERT INTO `card` (id, type, title, header, content, option) VALUES ('3101_10', 3, NULL, 'assets/topic/asb/3069.png', 'Masikio mawili ya kusikia.', NULL);
INSERT INTO `card` (id, type, title, header, content, option) VALUES ('3101_11', 3, NULL, 'assets/topic/asb/3070.png', 'Mikono miwili ya kukumbatia!', NULL);
INSERT INTO `card` (id, type, title, header, content, option) VALUES ('3101_12', 3, NULL, 'assets/topic/asb/3071.png', 'Miguu miwili ya kusimamia.', NULL);
INSERT INTO `card` (id, type, title, header, content, option) VALUES ('3101_13', 3, NULL, NULL, 'You are free to download, copy, translate or adapt this story and use the illustrations as long as you attribute in the following way:
Mbili
Author -
Carole Bloch
Translation -
Ursula Nafula
Illustration -
Richard MacIntosh
Language -
Kiswahili
Level -
First words
© Carole Bloch, Richard Macintosh and Praesa, 2002
Creative Commons: Attribution-Non Commercial 3.0
Source
www.africanstorybook.org
Original source
http://www.littlehandstrust.com/books.html', NULL);
INSERT INTO `card` (id, type, title, header, content, option) VALUES ('3101_14', 1, 'Chora mikono miwili midogo.', 'assets/topic/3101.svg', NULL, NULL);
INSERT INTO `cardExtra` (cardId, type, serial, content) VALUES ('3101_14', 2, 1, 'assets/topic/3101.svg');
INSERT INTO `card` (id, type, title, header, content, option) VALUES ('3101_15', 0, 'Mikono miwili midogo ya kukamata.', NULL, NULL, 'oneAtATime');
INSERT INTO `cardExtra` (cardId, type, serial, content) VALUES ('3101_15', 1, 1, 'Kweli.');
INSERT INTO `cardExtra` (cardId, type, serial, content) VALUES ('3101_15', 0, 1, 'Si kweli.');
INSERT INTO `card` (id, type, title, header, content, option) VALUES ('3101_18', 0, 'Masikio mawili madogo ya kusikia.', NULL, NULL, 'oneAtATime');
INSERT INTO `cardExtra` (cardId, type, serial, content) VALUES ('3101_18', 1, 1, 'Kweli.');
INSERT INTO `cardExtra` (cardId, type, serial, content) VALUES ('3101_18', 0, 1, 'Si kweli.');
INSERT INTO `card` (id, type, title, header, content, option) VALUES ('3101_21', 0, 'Siku zote kuna mikono yenye upendo ya kukumbatia.', NULL, NULL, 'oneAtATime');
INSERT INTO `cardExtra` (cardId, type, serial, content) VALUES ('3101_21', 1, 1, 'Kweli.');
INSERT INTO `cardExtra` (cardId, type, serial, content) VALUES ('3101_21', 0, 1, 'Si kweli.');
INSERT INTO `card` (id, type, title, header, content, option) VALUES ('3101_24', 0, 'Umemkumbatia nani kwa mikono yako yenye upendo?', 'assets/topic/asb/3062.png', NULL, 'open');
INSERT INTO `cardExtra` (cardId, type, serial, content) VALUES ('3101_24', 0, 1, 'Mama');
INSERT INTO `cardExtra` (cardId, type, serial, content) VALUES ('3101_24', 0, 2, 'Baba');
INSERT INTO `cardExtra` (cardId, type, serial, content) VALUES ('3101_24', 0, 3, 'Dada');
INSERT INTO `cardExtra` (cardId, type, serial, content) VALUES ('3101_24', 0, 4, 'Rafiki');
INSERT INTO `card` (id, type, title, header, content, option) VALUES ('19877', 2, 'Mbio kuhimiza umoja wa Afrika', 'assets/topic/asb/19868.png', 'Ursula Nafula
Brian Wambi', 'FFCFB5DD');
INSERT INTO `card` (id, type, title, header, content, option) VALUES ('19877_3', 3, NULL, 'assets/topic/asb/19860.png', 'Kadogo na Juma ni marafiki.
Wanapenda kukimbia pamoja kila siku.', NULL);
INSERT INTO `card` (id, type, title, header, content, option) VALUES ('19877_4', 3, NULL, 'assets/topic/asb/19861.png', 'Siku moja, Juma alisema, "Tukimbie kwa ajili ya bara letu, tuhimize umoja wa Afrika!"
"Sawa, twende!" Kadogo alikubaliana naye.', NULL);
INSERT INTO `card` (id, type, title, header, content, option) VALUES ('19877_5', 3, NULL, 'assets/topic/asb/19862.png', 'Waliamua kuibeba kurunzi ya umoja kwenye safari yao.
Walianzia mbio hizo katika upande wa kusini jijini Cape Town.', NULL);
INSERT INTO `card` (id, type, title, header, content, option) VALUES ('19877_6', 3, NULL, 'assets/topic/asb/19863.png', 'Kutoka Afrika Kusini, walielekea kaskazini kupitia magharibi mwa bara. Walipitia Namibia, Angola,  Kongo na Cameroon.
Waliamua kupumzika jijini Abuja.', NULL);
INSERT INTO `card` (id, type, title, header, content, option) VALUES ('19877_7', 3, NULL, 'assets/topic/asb/19864.png', 'Wakimbiaji kutoka Afrika Magharibi walijiunga nao nchini Nigeria.
Waliendelea pamoja wakiufuata Mto Niger.', NULL);
INSERT INTO `card` (id, type, title, header, content, option) VALUES ('19877_8', 3, NULL, 'assets/topic/asb/19865.png', 'Walipofika Mali, walikumbwa na upepo mkali. Juma aliwashinda wote kwa nguvu.
Alijitwika jukumu na kuwaongoza salama.', NULL);
INSERT INTO `card` (id, type, title, header, content, option) VALUES ('19877_9', 3, NULL, 'assets/topic/asb/19866.png', 'Walipofika pwani ya Guinea, jijini Conakry, walikuwa wamejaa vumbi. Walienda kuogelea baharini.
Baadaye waliamua kuendelea na mbio zao kwenda Morocco kupitia Senegal na Mauritania.', NULL);
INSERT INTO `card` (id, type, title, header, content, option) VALUES ('19877_10', 3, NULL, 'assets/topic/asb/19867.png', 'Jijini Casablanca, wakimbiaji waliungana na vijana wenzao wakacheza ufukoni.
Halafu, wakaelekea Afrika Kaskazini.', NULL);
INSERT INTO `card` (id, type, title, header, content, option) VALUES ('19877_11', 3, NULL, 'assets/topic/asb/19868.png', 'Walikimbia kupitia Algeria na Libya wakapumzika Misiri ili wazitembelee piramidi.
Baadaye, waligeuka kusini wakaufuata Mto Nile kuelekea Uganda.', NULL);
INSERT INTO `card` (id, type, title, header, content, option) VALUES ('19877_12', 3, NULL, 'assets/topic/asb/19869.png', 'Walipita kwenye jangwa na mbuga za kitaifa. Vijana zaidi walijiunga nao jijini Kampala.
Kutoka Kampala, kikundi hicho kilielekea pwani ya Kenya.', NULL);
INSERT INTO `card` (id, type, title, header, content, option) VALUES ('19877_13', 3, NULL, 'assets/topic/asb/19870.png', 'Walipofika jijini Mombasa, waliketi ufukoni wakala wali wa nazi kwa samaki.
Juma alisema, "Hebu tuipeleke kurunzi ya umoja Mlimani Kilimanjaro."', NULL);
INSERT INTO `card` (id, type, title, header, content, option) VALUES ('19877_14', 3, NULL, 'assets/topic/asb/19871.png', 'Hata hivyo, Juma alikuwa amechoka. Walipokuwa njiani wakielekea Tanzania, alianguka chini.
Wakimbiaji wenzake walizikatiza mbio zao wakarudi nyuma kumsaidia Juma.', NULL);
INSERT INTO `card` (id, type, title, header, content, option) VALUES ('19877_15', 3, NULL, 'assets/topic/asb/19872.png', 'Juma alimpokeza Kadogo kurunzi akisema, "Ibebe kurunzi hii hadi Mlimani Kilimanjaro. Hakikisha umewasha mwale wa umoja wa Afrika."', NULL);
INSERT INTO `card` (id, type, title, header, content, option) VALUES ('19877_16', 3, NULL, 'assets/topic/asb/19873.png', 'Watu waliwashangilia wakimbiaji wakisema, "Ninyi ni mashujaa wetu."
Baada ya kuwasha mwale wa umoja Mlimani Kilimanjaro, walirejelea mbio kuelekea kusini mwa Afrika.', NULL);
INSERT INTO `card` (id, type, title, header, content, option) VALUES ('19877_17', 3, NULL, 'assets/topic/asb/19874.png', 'Walipofika Malawi, walikatiza mbio zao. Wakaenda kuogelea katika Ziwa Malawi.
Kadogo alimwambia Juma, "Tumekimbia kutoka kusini hadi kaskazini, mashariki hadi magharibi. Safari yetu inakaribia kukamilika."', NULL);
INSERT INTO `card` (id, type, title, header, content, option) VALUES ('19877_18', 3, NULL, 'assets/topic/asb/19875.png', 'Hatimaye, wakimbiaji wa umoja waliibeba kurunzi yao hadi nchini Zimbabwe. Umati wa watu ulikusanyika pale kushuhudia jambo hilo.
"Mbio zimefana kweli!" Alisema Juma huku akitabasamu.', NULL);
INSERT INTO `card` (id, type, title, header, content, option) VALUES ('19877_19', 3, NULL, NULL, 'You are free to download, copy, translate or adapt this story and use the illustrations as long as you attribute in the following way:
Mbio kuhimiza umoja wa Afrika
Author -
Ursula Nafula
Translation -
Ursula Nafula
Illustration -
Brian Wambi
Language -
Kiswahili
Level -
First paragraphs
© African Storybook Initiative 2016
Creative Commons: Attribution 4.0
Source
www.africanstorybook.org', NULL);
INSERT INTO `card` (id, type, title, header, content, option) VALUES ('19877_20', 1, 'Paka rangi watu wakikimbia.', 'assets/topic/19877.svg', NULL, NULL);
INSERT INTO `cardExtra` (cardId, type, serial, content) VALUES ('19877_20', 2, 1, 'assets/topic/19877.svg');
INSERT INTO `card` (id, type, title, header, content, option) VALUES ('19877_21', 0, 'Juma na Kadogo walitaka kukimbia wapi?', NULL, NULL, 'oneAtATime');
INSERT INTO `cardExtra` (cardId, type, serial, content) VALUES ('19877_21', 1, 1, 'Barani');
INSERT INTO `cardExtra` (cardId, type, serial, content) VALUES ('19877_21', 0, 1, 'Jijini');
INSERT INTO `cardExtra` (cardId, type, serial, content) VALUES ('19877_21', 0, 2, 'Kijijini');
INSERT INTO `cardExtra` (cardId, type, serial, content) VALUES ('19877_21', 0, 3, 'Nchini');
INSERT INTO `card` (id, type, title, header, content, option) VALUES ('19877_26', 0, 'Waliamua kuibeba kurunzi ya umoja kwenye safari yao.', NULL, NULL, 'oneAtATime');
INSERT INTO `cardExtra` (cardId, type, serial, content) VALUES ('19877_26', 1, 1, 'Kweli.');
INSERT INTO `cardExtra` (cardId, type, serial, content) VALUES ('19877_26', 0, 1, 'Si kweli.');
INSERT INTO `card` (id, type, title, header, content, option) VALUES ('19877_29', 0, 'Kadogo alibeba kurunzi hadi Kilimanjaro na kuwasha Mwale wa Umoja.', NULL, NULL, 'oneAtATime');
INSERT INTO `cardExtra` (cardId, type, serial, content) VALUES ('19877_29', 1, 1, 'Kweli.');
INSERT INTO `cardExtra` (cardId, type, serial, content) VALUES ('19877_29', 0, 1, 'Si kweli.');
INSERT INTO `card` (id, type, title, header, content, option) VALUES ('19877_32', 0, 'Unajisikiaje kukimbia Mbio za Pamoja?', 'assets/topic/asb/19868.png', NULL, 'open');
INSERT INTO `cardExtra` (cardId, type, serial, content) VALUES ('19877_32', 0, 1, 'Nasisimka');
INSERT INTO `cardExtra` (cardId, type, serial, content) VALUES ('19877_32', 0, 2, 'Ninajisikia Furaha');
INSERT INTO `cardExtra` (cardId, type, serial, content) VALUES ('19877_32', 0, 3, 'Ninahamasisha Umoja.');
INSERT INTO `cardExtra` (cardId, type, serial, content) VALUES ('19877_32', 0, 4, 'Ninakutana na watu wapya.');
INSERT INTO `card` (id, type, title, header, content, option) VALUES ('21635', 2, 'Mbu msumbufu', 'assets/topic/asb/14756.png', 'Ursula Nafula
Magriet Brink', 'FFB3C8FF');
INSERT INTO `card` (id, type, title, header, content, option) VALUES ('21635_3', 3, NULL, 'assets/topic/asb/14755.png', 'Nilisikia, "Hodi! Hodi!"', NULL);
INSERT INTO `card` (id, type, title, header, content, option) VALUES ('21635_4', 3, NULL, 'assets/topic/asb/14756.png', '"Ni nani, jamani?" Niliuliza huku nikisinzia.', NULL);
INSERT INTO `card` (id, type, title, header, content, option) VALUES ('21635_5', 3, NULL, 'assets/topic/asb/14757.png', '"Ni mimi." Sauti inayokwaruza sikio ilinijibu.', NULL);
INSERT INTO `card` (id, type, title, header, content, option) VALUES ('21635_6', 3, NULL, 'assets/topic/asb/14758.png', '"Nani ndiye ''Mimi''?" Niliuliza.', NULL);
INSERT INTO `card` (id, type, title, header, content, option) VALUES ('21635_7', 3, NULL, 'assets/topic/asb/14759.png', '"Nilikwambia kuwa, ni-mi-mi tu." Sauti ile ile ilisema.', NULL);
INSERT INTO `card` (id, type, title, header, content, option) VALUES ('21635_8', 3, NULL, 'assets/topic/asb/14760.png', 'Niliajibu, "Mimi sijui mtu yeyote anayeitwa, ''ni-mi-mi tu.''" Nilitazama ikiwa chandarua changu kilikuwa kimenikinga vizuri.', NULL);
INSERT INTO `card` (id, type, title, header, content, option) VALUES ('21635_9', 3, NULL, 'assets/topic/asb/14761.png', '"Jina langu ni Amosi." Sauti iliyokwaruza zaidi kuliko awali ilisema. Ilisikika ikiwa karibu sana na sikio langu.', NULL);
INSERT INTO `card` (id, type, title, header, content, option) VALUES ('21635_10', 3, NULL, 'assets/topic/asb/14762.png', '"Amosi nani?" Niliuliza huku nikitazama ndani ya chandarua.', NULL);
INSERT INTO `card` (id, type, title, header, content, option) VALUES ('21635_11', 3, NULL, 'assets/topic/asb/14763.png', '"Amosi Kuito." Hatimaye, sauti ilisema. Wakati huo huo niliumwa sikioni.', NULL);
INSERT INTO `card` (id, type, title, header, content, option) VALUES ('21635_12', 3, NULL, 'assets/topic/asb/14764.png', '"Uui!" Niliruka juu na kuondoka kitandani. "Utalipia kitendo hiki!" Nilipiga kelele.', NULL);
INSERT INTO `card` (id, type, title, header, content, option) VALUES ('21635_13', 3, NULL, 'assets/topic/asb/14766.png', 'Kwa hasira, niliiasha taa kumtafuta adui wangu.', NULL);
INSERT INTO `card` (id, type, title, header, content, option) VALUES ('21635_14', 3, NULL, 'assets/topic/asb/14765.png', 'Nilitangaza vita dhidi ya Amosi Kuito msumbufu!', NULL);
INSERT INTO `card` (id, type, title, header, content, option) VALUES ('21635_15', 3, NULL, NULL, 'You are free to download, copy, translate or adapt this story and use the illustrations as long as you attribute in the following way:
Mbu msumbufu
Author -
Ursula Nafula
Translation -
Ursula Nafula
Illustration -
Magriet Brink
Language -
Kiswahili
Level -
First sentences
© African Storybook Initiative 2016
Creative Commons: Attribution 4.0
Source
www.africanstorybook.org', NULL);
INSERT INTO `card` (id, type, title, header, content, option) VALUES ('21635_16', 1, 'Mpake rangi Mbu na Umrembe', 'assets/topic/21635.svg', NULL, NULL);
INSERT INTO `cardExtra` (cardId, type, serial, content) VALUES ('21635_16', 2, 1, 'assets/topic/21635.svg');
INSERT INTO `card` (id, type, title, header, content, option) VALUES ('21635_17', 0, 'Nani alijibu kwa sauti ya kukwaruza?', NULL, NULL, 'oneAtATime');
INSERT INTO `cardExtra` (cardId, type, serial, content) VALUES ('21635_17', 1, 1, 'Mbu');
INSERT INTO `cardExtra` (cardId, type, serial, content) VALUES ('21635_17', 0, 1, 'Nzi');
INSERT INTO `cardExtra` (cardId, type, serial, content) VALUES ('21635_17', 0, 2, 'Panzi');
INSERT INTO `cardExtra` (cardId, type, serial, content) VALUES ('21635_17', 0, 3, 'Kunguni');
INSERT INTO `card` (id, type, title, header, content, option) VALUES ('21635_22', 0, 'Aliwasha taa wakati ambao hakuona Mbu', NULL, NULL, 'oneAtATime');
INSERT INTO `cardExtra` (cardId, type, serial, content) VALUES ('21635_22', 1, 1, 'Kweli.');
INSERT INTO `cardExtra` (cardId, type, serial, content) VALUES ('21635_22', 0, 1, 'Si kweli.');
INSERT INTO `card` (id, type, title, header, content, option) VALUES ('21635_25', 0, 'Unapambanaje na Mbu?', 'assets/topic/asb/14756.png', NULL, 'open');
INSERT INTO `cardExtra` (cardId, type, serial, content) VALUES ('21635_25', 0, 1, 'Nitawapiga kwa Mkono');
INSERT INTO `cardExtra` (cardId, type, serial, content) VALUES ('21635_25', 0, 2, 'Nitawapulizia dawa');
INSERT INTO `cardExtra` (cardId, type, serial, content) VALUES ('21635_25', 0, 3, 'Nitatumia chandarua');
INSERT INTO `cardExtra` (cardId, type, serial, content) VALUES ('21635_25', 0, 4, 'Nitawafukuza kwa mashine ya umeme ya kuulia mbu');
INSERT INTO `card` (id, type, title, header, content, option) VALUES ('19401', 2, 'Mbuni na Simba', 'assets/topic/asb/19205.png', 'Susan Kavaya
 Brian Wambi', 'FFF4E1B5');
INSERT INTO `card` (id, type, title, header, content, option) VALUES ('19401_3', 3, NULL, 'assets/topic/asb/19195.png', 'Mbuni na Simba walikuwa marafiki sana. Wote wawili walikuwa na watoto wachanga.', NULL);
INSERT INTO `card` (id, type, title, header, content, option) VALUES ('19401_4', 3, NULL, 'assets/topic/asb/19196.png', 'Mbuni aliwalisha watoto wake vizuri.', NULL);
INSERT INTO `card` (id, type, title, header, content, option) VALUES ('19401_5', 3, NULL, 'assets/topic/asb/19197.png', 'Watoto wa Simba hawakupata chakula cha kutosha.', NULL);
INSERT INTO `card` (id, type, title, header, content, option) VALUES ('19401_6', 3, NULL, 'assets/topic/asb/19198.png', 'Simba aliwaangalia vifaranga na kuwaza,  "Hawa ni wazuri! Natamani wangekuwa wangu!"', NULL);
INSERT INTO `card` (id, type, title, header, content, option) VALUES ('19401_7', 3, NULL, 'assets/topic/asb/19199.png', 'Wakati Mbuni alikuwa hayupo,  Simba aliwachukua watoto wa Mbuni akaenda nao nyumbani kwake.', NULL);
INSERT INTO `card` (id, type, title, header, content, option) VALUES ('19401_8', 3, NULL, 'assets/topic/asb/19200.png', 'Mbuni alirudi na kupata watoto wa Simba nyumbani kwake. Alilia,  "Watoto wangu wako wapi?"', NULL);
INSERT INTO `card` (id, type, title, header, content, option) VALUES ('19401_9', 3, NULL, 'assets/topic/asb/19201.png', 'Mbuni alikimbia nyumbani kwa Simba. Aliwapata wanawe wakiwa na Simba.', NULL);
INSERT INTO `card` (id, type, title, header, content, option) VALUES ('19401_10', 3, NULL, 'assets/topic/asb/19202.png', 'Simba alikataa kuwarudisha watoto wa Mbuni. Alisema,  "Hawa ni wangu sasa. Unaweza kuwachukua watoto wa simba."', NULL);
INSERT INTO `card` (id, type, title, header, content, option) VALUES ('19401_11', 3, NULL, 'assets/topic/asb/19203.png', 'Mbuni alikasirika sana. "Nitafanyaje ili niwapate watoto wangu?" Alijiwazia.', NULL);
INSERT INTO `card` (id, type, title, header, content, option) VALUES ('19401_12', 3, NULL, 'assets/topic/asb/19204.png', 'Halafu alifikiri,  "Ninajua nitakachokifanya. Nitawaita wanyama wote kwa mkutano."', NULL);
INSERT INTO `card` (id, type, title, header, content, option) VALUES ('19401_13', 3, NULL, 'assets/topic/asb/19205.png', 'Wanyama walikubali kukutana.', NULL);
INSERT INTO `card` (id, type, title, header, content, option) VALUES ('19401_14', 3, NULL, 'assets/topic/asb/19206.png', 'Tembo aliwauliza Mbuni na Simba kuzungumza.', NULL);
INSERT INTO `card` (id, type, title, header, content, option) VALUES ('19401_15', 3, NULL, 'assets/topic/asb/19207.png', 'Wanyama wengi waliogopa kumlaumu Simba.', NULL);
INSERT INTO `card` (id, type, title, header, content, option) VALUES ('19401_16', 3, NULL, 'assets/topic/asb/19208.png', 'Mwishowe, Kuchakuro alisimama na kusema, "Watoto ambao wanafanana na ndege ni wa Mbuni. Watoto ambao wana mikia ni wa Simba jike."', NULL);
INSERT INTO `card` (id, type, title, header, content, option) VALUES ('19401_17', 3, NULL, 'assets/topic/asb/19209.png', 'Kuchakuro alitorokea tunduni. Wanyama wote walishangilia.', NULL);
INSERT INTO `card` (id, type, title, header, content, option) VALUES ('19401_18', 3, NULL, 'assets/topic/asb/19210.png', 'Simba alikasirika sana. Alienda nyumbani na watoto wake.', NULL);
INSERT INTO `card` (id, type, title, header, content, option) VALUES ('19401_19', 3, NULL, NULL, 'You are free to download, copy, translate or adapt this story and use the illustrations as long as you attribute in the following way:
Mbuni na Simba
Author -
Daniel Nanok
Translation -
Susan Kavaya
Illustration -
Brian Wambi
Language -
Kiswahili
Level -
First sentences
© African Storybook Initiative 2016
Creative Commons: Attribution 4.0
Source
www.africanstorybook.org', NULL);
INSERT INTO `card` (id, type, title, header, content, option) VALUES ('19401_20', 1, 'Paka rangi mnyama yoyote pamoja na watoto wake.', 'assets/topic/19401.svg', NULL, NULL);
INSERT INTO `cardExtra` (cardId, type, serial, content) VALUES ('19401_20', 2, 1, 'assets/topic/19401.svg');
INSERT INTO `card` (id, type, title, header, content, option) VALUES ('19401_21', 0, 'Mbuni aliwalisha watoto wake vyema.', NULL, NULL, 'oneAtATime');
INSERT INTO `cardExtra` (cardId, type, serial, content) VALUES ('19401_21', 1, 1, 'Kweli.');
INSERT INTO `cardExtra` (cardId, type, serial, content) VALUES ('19401_21', 0, 1, 'Si kweli.');
INSERT INTO `card` (id, type, title, header, content, option) VALUES ('19401_24', 0, 'Watoto wa simba hawakula vyema', NULL, NULL, 'oneAtATime');
INSERT INTO `cardExtra` (cardId, type, serial, content) VALUES ('19401_24', 1, 1, 'Kweli.');
INSERT INTO `cardExtra` (cardId, type, serial, content) VALUES ('19401_24', 0, 1, 'Si kweli.');
INSERT INTO `card` (id, type, title, header, content, option) VALUES ('19401_27', 0, 'Mnyama yupi aliyetoa hukumu nzuri akakimbilia kwenye shimo?', NULL, NULL, 'oneAtATime');
INSERT INTO `cardExtra` (cardId, type, serial, content) VALUES ('19401_27', 1, 1, 'Kuchakuro');
INSERT INTO `cardExtra` (cardId, type, serial, content) VALUES ('19401_27', 0, 1, 'Tembo');
INSERT INTO `cardExtra` (cardId, type, serial, content) VALUES ('19401_27', 0, 2, 'Kobe');
INSERT INTO `cardExtra` (cardId, type, serial, content) VALUES ('19401_27', 0, 3, 'Sokwe');
INSERT INTO `card` (id, type, title, header, content, option) VALUES ('19401_32', 0, 'Unafikiri ni kwanini simba alibadilisha watoto wake na watoto wa Mbuni?', 'assets/topic/asb/19205.png', NULL, 'open');
INSERT INTO `cardExtra` (cardId, type, serial, content) VALUES ('19401_32', 0, 1, 'Aliona watoto wa Mbuni ni wazuri.');
INSERT INTO `cardExtra` (cardId, type, serial, content) VALUES ('19401_32', 0, 2, 'Watoto wa Mbuni walikua na chakula kidogo.');
INSERT INTO `cardExtra` (cardId, type, serial, content) VALUES ('19401_32', 0, 3, 'Alitaka awale watoto wa Mbuni');
INSERT INTO `cardExtra` (cardId, type, serial, content) VALUES ('19401_32', 0, 4, 'Hakuwakumbuka watoto wake.');
INSERT INTO `card` (id, type, title, header, content, option) VALUES ('15611', 2, 'Mbuzi na kisu cha Fisi', 'assets/topic/asb/13567.png', 'Brigid Simiyu
 Wiehan de Jager', 'FF9DEDE3');
INSERT INTO `card` (id, type, title, header, content, option) VALUES ('15611_3', 3, NULL, 'assets/topic/asb/13550.png', 'Hapo zamani za kale,  kulikuwa na kipindi kirefu cha kiangazi. Wanyama walikula nyasi zote nchini. Kilichosalia pekee ni aina ya mmea uliotambaa kwenye miti mikubwa.', NULL);
INSERT INTO `card` (id, type, title, header, content, option) VALUES ('15611_4', 3, NULL, 'assets/topic/asb/13552.png', 'Siku moja Mbuzi alimwona Fisi akipita akiwa amekibeba kisu. Mbuzi alikiomba kile kisu ili aukate ule mmea uliotamba.', NULL);
INSERT INTO `card` (id, type, title, header, content, option) VALUES ('15611_5', 3, NULL, 'assets/topic/asb/13551.png', 'Fisi alimpa Mbuzi kisu. Mbuzi aliukata mmea ule akaula hadi akashiba kabisa. Alisahau kisu baada ya kukitumia.', NULL);
INSERT INTO `card` (id, type, title, header, content, option) VALUES ('15611_6', 3, NULL, 'assets/topic/asb/13566.png', 'Fisi alipokitaka kisu chake, Mbuzi hakujua afanyeje. Hakukumbuka alikokitupa.', NULL);
INSERT INTO `card` (id, type, title, header, content, option) VALUES ('15611_7', 3, NULL, 'assets/topic/asb/13567.png', 'Mbuzi alikwaruza hapa na pale akikitafuta kisu. Hadi leo, Mbuzi bado anakitafuta kisu hicho.', NULL);
INSERT INTO `card` (id, type, title, header, content, option) VALUES ('15611_8', 3, NULL, 'assets/topic/asb/13568.png', 'Fisi alimwambia Mbuzi, "Kwa sababu umekipoteza kisu changu kilichoniwezesha kupata riziki yangu, utakuwa mlo wangu. Vilevile nitawala wanao."', NULL);
INSERT INTO `card` (id, type, title, header, content, option) VALUES ('15611_9', 3, NULL, 'assets/topic/asb/13569.png', 'Tangu siku hiyo, Fisi hajamhurumia Mbuzi.', NULL);
INSERT INTO `card` (id, type, title, header, content, option) VALUES ('15611_10', 3, NULL, 'assets/topic/asb/13570.png', 'Wakati huo huo, Mbuzi anaendelea kukitafuta kisu cha Fisi.', NULL);
INSERT INTO `card` (id, type, title, header, content, option) VALUES ('15611_11', 3, NULL, NULL, 'You are free to download, copy, translate or adapt this story and use the illustrations as long as you attribute in the following way:
Mbuzi na kisu cha Fisi
Author -
Wekunya Cornelius
Translation -
Brigid Simiyu
Illustration -
Wiehan de Jager
Language -
Kiswahili
Level -
First paragraphs
© African Storybook Initiative 2015
Creative Commons: Attribution 4.0
Source
www.africanstorybook.org', NULL);
INSERT INTO `card` (id, type, title, header, content, option) VALUES ('15611_12', 1, 'Mpake rangi Mbuzi na umrembe.', 'assets/topic/15611.svg', NULL, NULL);
INSERT INTO `cardExtra` (cardId, type, serial, content) VALUES ('15611_12', 2, 1, 'assets/topic/15611.svg');
INSERT INTO `card` (id, type, title, header, content, option) VALUES ('15611_13', 0, 'Mbuzi alichukua kisu kutoka kwa nani?', NULL, NULL, 'oneAtATime');
INSERT INTO `cardExtra` (cardId, type, serial, content) VALUES ('15611_13', 1, 1, 'Fisi');
INSERT INTO `cardExtra` (cardId, type, serial, content) VALUES ('15611_13', 0, 1, 'Tumbili');
INSERT INTO `cardExtra` (cardId, type, serial, content) VALUES ('15611_13', 0, 2, 'Punda');
INSERT INTO `cardExtra` (cardId, type, serial, content) VALUES ('15611_13', 0, 3, 'Mbwea');
INSERT INTO `card` (id, type, title, header, content, option) VALUES ('15611_18', 0, 'Mbuzi hakuweza kukumbuka alikopotozea Kisu.', NULL, NULL, 'oneAtATime');
INSERT INTO `cardExtra` (cardId, type, serial, content) VALUES ('15611_18', 1, 1, 'Kweli.');
INSERT INTO `cardExtra` (cardId, type, serial, content) VALUES ('15611_18', 0, 1, 'Si kweli');
INSERT INTO `card` (id, type, title, header, content, option) VALUES ('15611_21', 0, 'Je, utafanya nini baada ya kula sana?', 'assets/topic/asb/13567.png', NULL, 'open');
INSERT INTO `cardExtra` (cardId, type, serial, content) VALUES ('15611_21', 0, 1, 'Nitalala');
INSERT INTO `cardExtra` (cardId, type, serial, content) VALUES ('15611_21', 0, 2, 'Nitaenda kutembea');
INSERT INTO `cardExtra` (cardId, type, serial, content) VALUES ('15611_21', 0, 3, 'Nitakula matunda');
INSERT INTO `cardExtra` (cardId, type, serial, content) VALUES ('15611_21', 0, 4, 'Nitaenda kucheza.');
INSERT INTO `card` (id, type, title, header, content, option) VALUES ('7868', 2, 'Mbuzi, Mbwa na Ng''ombe', 'assets/topic/asb/6372.png', 'Brigid Simiyu
 Marleen Visser', 'FF9DEDE3');
INSERT INTO `card` (id, type, title, header, content, option) VALUES ('7868_3', 3, NULL, 'assets/topic/asb/6371.png', 'Mbuzi, Mbwa na Ng''ombe walikuwa marafiki wakubwa. Siku moja walisafiri kwa teksi.', NULL);
INSERT INTO `card` (id, type, title, header, content, option) VALUES ('7868_4', 3, NULL, 'assets/topic/asb/6373.png', 'Walipofika mwisho wa safari yao, dereva aliwauliza walipe nauli zao. Ng''ombe akalipa.', NULL);
INSERT INTO `card` (id, type, title, header, content, option) VALUES ('7868_5', 3, NULL, 'assets/topic/asb/6374.png', 'Mbwa hakuwa na kiasi kamili cha pesa, akalipa zaidi kidogo.', NULL);
INSERT INTO `card` (id, type, title, header, content, option) VALUES ('7868_6', 3, NULL, 'assets/topic/asb/6375.png', 'Dereva alipokuwa akimrudhishia Mbwa baki ya pesa zake, Mbuzi alitoroka bila kulipa chochote.', NULL);
INSERT INTO `card` (id, type, title, header, content, option) VALUES ('7868_7', 3, NULL, 'assets/topic/asb/6376.png', 'Dereva alikasirika sana. Akaondosha gari bila kumrudishia Mbwa baki ya pesa zake.', NULL);
INSERT INTO `card` (id, type, title, header, content, option) VALUES ('7868_8', 3, NULL, 'assets/topic/asb/6377.png', 'Hiyo ndiyo sababu, siku zote, Mbwa hulikimbilia gari kwa nia ya kumpata dereva arudishiwe baki ya pesa zake.', NULL);
INSERT INTO `card` (id, type, title, header, content, option) VALUES ('7868_9', 3, NULL, 'assets/topic/asb/6378.png', 'Mbuzi, anapousikia mlio wa gari, hutoroka. Yeye huogopa kushikwa kwa kukosa kulipa nauli.', NULL);
INSERT INTO `card` (id, type, title, header, content, option) VALUES ('7868_10', 3, NULL, 'assets/topic/asb/6379.png', 'Ng''ombe huwa hashughuliki gari linapokuja. Yeye huchukuwa muda kuvuka barabara kwa sababu alilipa nauli yake kamili!', NULL);
INSERT INTO `card` (id, type, title, header, content, option) VALUES ('7868_11', 3, NULL, NULL, 'You are free to download, copy, translate or adapt this story and use the illustrations as long as you attribute in the following way:
Mbuzi, Mbwa na Ng''ombe
Author -
Fabian Wakholi
Translation -
Brigid Simiyu
Illustration -
Marleen Visser
Language -
Kiswahili
Level -
First sentences
© African Storybook Initiative 2014
Creative Commons: Attribution 4.0
Source
www.africanstorybook.org', NULL);
INSERT INTO `card` (id, type, title, header, content, option) VALUES ('7868_12', 1, 'Wapake rangi Mbuzi, Mbwa na Ngómbe kisha uwarembe.', 'assets/topic/7868.svg', NULL, NULL);
INSERT INTO `cardExtra` (cardId, type, serial, content) VALUES ('7868_12', 2, 1, 'assets/topic/7868.svg');
INSERT INTO `card` (id, type, title, header, content, option) VALUES ('7868_13', 0, 'Nani hakumlipa fedha dereva wa teksi ?', NULL, NULL, 'oneAtATime');
INSERT INTO `cardExtra` (cardId, type, serial, content) VALUES ('7868_13', 1, 1, 'Mbuzi');
INSERT INTO `cardExtra` (cardId, type, serial, content) VALUES ('7868_13', 0, 1, 'Ng''ombe');
INSERT INTO `cardExtra` (cardId, type, serial, content) VALUES ('7868_13', 0, 2, 'Mbwa');
INSERT INTO `cardExtra` (cardId, type, serial, content) VALUES ('7868_13', 0, 3, 'Wote walilipa');
INSERT INTO `card` (id, type, title, header, content, option) VALUES ('7868_18', 0, 'Mbwa anamtafuta dereva aliyemuachia chenji.', NULL, NULL, 'oneAtATime');
INSERT INTO `cardExtra` (cardId, type, serial, content) VALUES ('7868_18', 1, 1, 'Kweli.');
INSERT INTO `cardExtra` (cardId, type, serial, content) VALUES ('7868_18', 0, 1, 'Si kweli.');
INSERT INTO `card` (id, type, title, header, content, option) VALUES ('7868_21', 0, 'Utafanyaje kama huna chenji ya kumpatia dereva?', 'assets/topic/asb/6372.png', NULL, 'open');
INSERT INTO `cardExtra` (cardId, type, serial, content) VALUES ('7868_21', 0, 1, 'Nitakimbia');
INSERT INTO `cardExtra` (cardId, type, serial, content) VALUES ('7868_21', 0, 2, 'Nitaomba chenji kutoka kwa mtu mwingine.');
INSERT INTO `cardExtra` (cardId, type, serial, content) VALUES ('7868_21', 0, 3, 'Ntamuomba dereva atafute chenji.');
INSERT INTO `cardExtra` (cardId, type, serial, content) VALUES ('7868_21', 0, 4, 'Nitamwambia nitampa siku nyingine.');
INSERT INTO `card` (id, type, title, header, content, option) VALUES ('22059', 2, 'Mbuzi, mfalme bandia', 'assets/topic/asb/13362.png', 'Brigid Simiyu
Marleen Visser', 'FF9DEDE3');
INSERT INTO `card` (id, type, title, header, content, option) VALUES ('22059_3', 3, NULL, 'assets/topic/asb/13351.png', 'Hapo zamani, kulikuwa na mbuzi aliyeitwa Igobe.
Igobe alikuwa mfalme wa mifugo na ndege. Aliishi maisha mazuri.
Siku moja, Igobe aliwaita mifugo wote na ndege mkutanoni.', NULL);
INSERT INTO `card` (id, type, title, header, content, option) VALUES ('22059_4', 3, NULL, 'assets/topic/asb/13350.png', '"Rafiki zangu, nimewaita kwa sababu niliota ndoto," Igobe alisema. Mifugo wote na ndege walimsikiliza mfalme wao kwa makini.', NULL);
INSERT INTO `card` (id, type, title, header, content, option) VALUES ('22059_5', 3, NULL, 'assets/topic/asb/13352.png', '"Niliota kuwa kulikuwa na njaa na ukosefu wa maji katika nchi yetu. Wengi wa jamaa zetu walifariki!" Mfalme alisema.
Mifugo na ndege waliposikia ndoto ile, walijawa na hofu. "Tutafanyaje?" Paka aliuliza.', NULL);
INSERT INTO `card` (id, type, title, header, content, option) VALUES ('22059_6', 3, NULL, 'assets/topic/asb/13353.png', 'Kuku na Bata walikuwa na wazo. Walisema, "Kila mmoja wetu alete chakula kiwekwe katika hifadhi ya mfalme."
Mifugo wote na ndege walikubaliana na wazo hilo.', NULL);
INSERT INTO `card` (id, type, title, header, content, option) VALUES ('22059_7', 3, NULL, 'assets/topic/asb/13362.png', 'Mfalme alitoa sharti moja. Alisema, "Yeyote atakayekosa kuleta chakula, mtamfunga mumlete kwangu."', NULL);
INSERT INTO `card` (id, type, title, header, content, option) VALUES ('22059_8', 3, NULL, 'assets/topic/asb/13354.png', 'Wakati wa mfalme Mbuzi kustaafu ulifika. Mifugo wote na ndege walikutana kumchagua mfalme mpya. Paka alichaguliwa kuwa mfalme wao mpya.', NULL);
INSERT INTO `card` (id, type, title, header, content, option) VALUES ('22059_9', 3, NULL, 'assets/topic/asb/13363.png', 'Mbuzi hakumtambua Paka kama mfalme. Alisema, "Mimi ndiye mfalme na hakuna mwingine. Siwezi kumtii mwingine yeyote."', NULL);
INSERT INTO `card` (id, type, title, header, content, option) VALUES ('22059_10', 3, NULL, 'assets/topic/asb/13355.png', 'Mifugo walipeleka chakula katika hifadhi ya mfalme wao mpya. Mbuzi hakupeleka chochote.
Ng''ombe alisema, "Mbuzi alipokuwa mfalme, tulimtii. Hataki sasa kumtii mfalme wetu mpya. Tufanyeje?"', NULL);
INSERT INTO `card` (id, type, title, header, content, option) VALUES ('22059_11', 3, NULL, 'assets/topic/asb/13357.png', 'Mifugo wote na ndege walikasirika. "Kwani anadhani yeye ni tofauti nasi?" Walinung''unika.', NULL);
INSERT INTO `card` (id, type, title, header, content, option) VALUES ('22059_12', 3, NULL, 'assets/topic/asb/13356.png', 'Mbwa alisema, "Nilimsaidia alipokuwa mfalme. Sikuwa nikilala usiku. Kila wakati nilikuwa naye, tayari kumsaidia."', NULL);
INSERT INTO `card` (id, type, title, header, content, option) VALUES ('22059_13', 3, NULL, 'assets/topic/asb/13358.png', 'Kondoo alisema, "Nilimpatia sufu yangu ili awafunike wanawe."', NULL);
INSERT INTO `card` (id, type, title, header, content, option) VALUES ('22059_14', 3, NULL, 'assets/topic/asb/13359.png', 'Nguruwe naye alisema, "Alipokuwa mfalme, aliwaambia marafiki zake kuwa mimi ni mlafi. Lakini nilitumia muda mwingi kuitunza bustani yake na kupalilia mawele na mahindi."', NULL);
INSERT INTO `card` (id, type, title, header, content, option) VALUES ('22059_15', 3, NULL, 'assets/topic/asb/13360.png', 'Kondoo aliuliza, "Eti alisema nini? Kwamba wewe ni mlafi? Alifikiri kuwa atakuwa mfalme milele?" Kondoo aliongeza kusema, "Lazima afahamu kuwa yeye si mfalme tena. Hata sijui kwa nini anafikiri kuwa yeye ni muhimu sana."', NULL);
INSERT INTO `card` (id, type, title, header, content, option) VALUES ('22059_16', 3, NULL, 'assets/topic/asb/13361.png', 'Mifugo wote walicheka na kukubaliana kwamba lazima Mbuzi apeleke chakula kwa mfalme mpya. Mfalme Paka alimwamuru Mbuzi aende kwake.', NULL);
INSERT INTO `card` (id, type, title, header, content, option) VALUES ('22059_17', 3, NULL, 'assets/topic/asb/13364.png', 'Mifugo walipoenda, walimkuta Mbuzi akistarehe. "Siendi kwa Paka. Hakuna mfalme mwingine ila mimi. Ukiwa mfalme, unasalia mflame." Mbuzi alisema kwa kiburi.', NULL);
INSERT INTO `card` (id, type, title, header, content, option) VALUES ('22059_18', 3, NULL, 'assets/topic/asb/13365.png', '"Basi tutakufunga kwa kamba tukupeleke kwa mfalme mpya," Kondoo alisema.', NULL);
INSERT INTO `card` (id, type, title, header, content, option) VALUES ('22059_19', 3, NULL, 'assets/topic/asb/13366.png', 'Ng''ombe alimfunga Mbuzi akamvuta na kumpeleka kwa mfalme. Kondoo, Bata, Mbwa, Nguruwe na Jogoo walimshangilia Ng''ombe wakisema, "Mpeleke huyu mbuzi kaidi kwa mfalme mpya!"', NULL);
INSERT INTO `card` (id, type, title, header, content, option) VALUES ('22059_20', 3, NULL, 'assets/topic/asb/13367.png', 'Tangu wakati huo, kila mbuzi hukataa kusonga anapovutwa. Hufikiri kuwa anapelekwa kwenye mahakama ya mfalme.', NULL);
INSERT INTO `card` (id, type, title, header, content, option) VALUES ('22059_21', 3, NULL, NULL, 'You are free to download, copy, translate or adapt this story and use the illustrations as long as you attribute in the following way:
Mbuzi, mfalme bandia
Author -
Alice Nakasango
Translation -
Brigid Simiyu
Illustration -
Marleen Visser
Language -
Kiswahili
Level -
Longer paragraphs
© Text: Uganda Community Libraries Association (Ugcla) Artwork: African Storybook Initiative 2015
Creative Commons: Attribution 4.0
Source
www.africanstorybook.org
Original source
http://ugcla.org', NULL);
INSERT INTO `card` (id, type, title, header, content, option) VALUES ('22059_22', 1, 'Mpake rangi Paka na mrembe kwa Taji.', 'assets/topic/22059.svg', NULL, NULL);
INSERT INTO `cardExtra` (cardId, type, serial, content) VALUES ('22059_22', 2, 1, 'assets/topic/22059.svg');
INSERT INTO `card` (id, type, title, header, content, option) VALUES ('22059_23', 0, 'Nani aliyechaguliwa kuwa mfalme mpya?', NULL, NULL, 'oneAtATime');
INSERT INTO `cardExtra` (cardId, type, serial, content) VALUES ('22059_23', 0, 1, 'Paka');
INSERT INTO `cardExtra` (cardId, type, serial, content) VALUES ('22059_23', 0, 2, 'Ng''ombe');
INSERT INTO `cardExtra` (cardId, type, serial, content) VALUES ('22059_23', 0, 3, 'Nguruwe');
INSERT INTO `cardExtra` (cardId, type, serial, content) VALUES ('22059_23', 0, 4, 'Kuku');
INSERT INTO `card` (id, type, title, header, content, option) VALUES ('22059_28', 0, 'Kondoo alimpa Mbuzi Manyoya ili awafunike watoto wake.', NULL, NULL, 'oneAtATime');
INSERT INTO `cardExtra` (cardId, type, serial, content) VALUES ('22059_28', 1, 1, 'Kweli');
INSERT INTO `cardExtra` (cardId, type, serial, content) VALUES ('22059_28', 0, 1, 'Si kweli');
INSERT INTO `card` (id, type, title, header, content, option) VALUES ('22059_31', 0, 'Je, utamuadhibu vipi mbuzi kwa kutokutii?', 'assets/topic/asb/13362.png', NULL, 'open');
INSERT INTO `cardExtra` (cardId, type, serial, content) VALUES ('22059_31', 0, 1, 'Nitamfunga');
INSERT INTO `cardExtra` (cardId, type, serial, content) VALUES ('22059_31', 0, 2, 'Sitampa chakula');
INSERT INTO `cardExtra` (cardId, type, serial, content) VALUES ('22059_31', 0, 3, 'Nitampiga');
INSERT INTO `cardExtra` (cardId, type, serial, content) VALUES ('22059_31', 0, 4, 'Nitamuweka Gerezani.');
INSERT INTO `card` (id, type, title, header, content, option) VALUES ('23851', 2, 'Mbwa', 'assets/topic/asb/5927.png', 'penelope  nankunda
Catherine Groenewald, Jean Fullalove, Sandy Campbell, Ursula Nafula and Wiehan de Jager', 'FF9DEDE3');
INSERT INTO `card` (id, type, title, header, content, option) VALUES ('23851_3', 3, NULL, 'assets/topic/asb/1393.png', 'Kulikuwa na mtu na mbwa wake mmoja.', NULL);
INSERT INTO `card` (id, type, title, header, content, option) VALUES ('23851_4', 3, NULL, 'assets/topic/asb/5926.png', 'Alimpenda mbwa wake sana.', NULL);
INSERT INTO `card` (id, type, title, header, content, option) VALUES ('23851_5', 3, NULL, 'assets/topic/asb/3033.png', 'Alikuwa akifanya kazi kwa bidii na alikuwa akienda sokoni kununua nyama.', NULL);
INSERT INTO `card` (id, type, title, header, content, option) VALUES ('23851_6', 3, NULL, 'assets/topic/asb/2494.png', 'Kuteka maji kisimani.', NULL);
INSERT INTO `card` (id, type, title, header, content, option) VALUES ('23851_7', 3, NULL, 'assets/topic/asb/2492.png', 'Kulinda kila kitu nyumbani.', NULL);
INSERT INTO `card` (id, type, title, header, content, option) VALUES ('23851_8', 3, NULL, 'assets/topic/asb/1757.png', 'Siku moja huyo mtu alimshukuru mbwa wake kwa njia maalum kwa kuwa mwaminifu.', NULL);
INSERT INTO `card` (id, type, title, header, content, option) VALUES ('23851_9', 3, NULL, 'assets/topic/asb/2490.png', 'Mbwa akawa na furaha sana na ikaendelea kufanya kazi kwa bidii.', NULL);
INSERT INTO `card` (id, type, title, header, content, option) VALUES ('23851_10', 3, NULL, NULL, 'You are free to download, copy, translate or adapt this story and use the illustrations as long as you attribute in the following way:
Mbwa
Author -
Ritah Katetemera
Translation -
penelope  nankunda
Illustration -
Catherine Groenewald, Jean Fullalove, Sandy Campbell, Ursula Nafula and Wiehan de Jager
Language -
Kiswahili
Level -
First paragraphs
© Ritah Katetemera and Cissy Namugerwa 2014
Creative Commons: Attribution 4.0
Source
www.africanstorybook.org', NULL);
INSERT INTO `card` (id, type, title, header, content, option) VALUES ('23851_11', 1, 'Wapake rangi Mtu na Mbwa', 'assets/topic/23851.svg', NULL, NULL);
INSERT INTO `cardExtra` (cardId, type, serial, content) VALUES ('23851_11', 2, 1, 'assets/topic/23851.svg');
INSERT INTO `card` (id, type, title, header, content, option) VALUES ('23851_12', 0, 'Nani alikuwa mwaminifu sana kwa mwanadamu?', NULL, NULL, 'oneAtATime');
INSERT INTO `cardExtra` (cardId, type, serial, content) VALUES ('23851_12', 1, 1, 'Mbwa');
INSERT INTO `cardExtra` (cardId, type, serial, content) VALUES ('23851_12', 0, 1, 'Paka');
INSERT INTO `cardExtra` (cardId, type, serial, content) VALUES ('23851_12', 0, 2, 'Nyati');
INSERT INTO `cardExtra` (cardId, type, serial, content) VALUES ('23851_12', 0, 3, 'Punda');
INSERT INTO `card` (id, type, title, header, content, option) VALUES ('23851_17', 0, 'Mbwa wa mwanadamu alikuwa akilinda kila kitu nyumbani.', NULL, NULL, 'oneAtATime');
INSERT INTO `cardExtra` (cardId, type, serial, content) VALUES ('23851_17', 1, 1, 'Kweli.');
INSERT INTO `cardExtra` (cardId, type, serial, content) VALUES ('23851_17', 0, 1, 'Si kweli');
INSERT INTO `card` (id, type, title, header, content, option) VALUES ('23851_20', 0, 'Ni zawadi gani unayoweza kumpa mbwa ikiwa ulikuwa na moja?', 'assets/topic/asb/5927.png', NULL, 'open');
INSERT INTO `cardExtra` (cardId, type, serial, content) VALUES ('23851_20', 0, 1, 'Nyama');
INSERT INTO `cardExtra` (cardId, type, serial, content) VALUES ('23851_20', 0, 2, 'Vitu vitamu.');
INSERT INTO `cardExtra` (cardId, type, serial, content) VALUES ('23851_20', 0, 3, 'Nguo');
INSERT INTO `cardExtra` (cardId, type, serial, content) VALUES ('23851_20', 0, 4, 'Miwani');
INSERT INTO `card` (id, type, title, header, content, option) VALUES ('21124', 2, 'Mbweha asiye na shukurani', 'assets/topic/asb/18475.png', 'Brigid Simiyu
 Jacob Kono', 'FFB3C8FF');
INSERT INTO `card` (id, type, title, header, content, option) VALUES ('21124_3', 3, NULL, 'assets/topic/asb/18468.png', 'Mbweha alikuwa na njaa.
Alienda kuwinda.', NULL);
INSERT INTO `card` (id, type, title, header, content, option) VALUES ('21124_4', 3, NULL, 'assets/topic/asb/18469.png', 'Alimfukuza panya.
Panya alijificha chini ya jiwe.', NULL);
INSERT INTO `card` (id, type, title, header, content, option) VALUES ('21124_5', 3, NULL, 'assets/topic/asb/18470.png', 'Mbweha alichimba kumtoa panya.
Jiwe liliangukia mguu wake.', NULL);
INSERT INTO `card` (id, type, title, header, content, option) VALUES ('21124_6', 3, NULL, 'assets/topic/asb/18471.png', 'Sungura alimsikia Mbweha akilia.
Alikimbia kuona kilichotokea.', NULL);
INSERT INTO `card` (id, type, title, header, content, option) VALUES ('21124_7', 3, NULL, 'assets/topic/asb/18472.png', 'Sungura alikubali kumsaidia Mbweha.
Mbweha aliahidi kumpatia chakula.', NULL);
INSERT INTO `card` (id, type, title, header, content, option) VALUES ('21124_8', 3, NULL, 'assets/topic/asb/18473.png', 'Sungura alilisukuma jiwe.
Liliondoka kwenye mguu wa Mbweha.', NULL);
INSERT INTO `card` (id, type, title, header, content, option) VALUES ('21124_9', 3, NULL, 'assets/topic/asb/18474.png', 'Sungura alimdai zawadi yake.
Mbweha alitisha kumla Sungura!', NULL);
INSERT INTO `card` (id, type, title, header, content, option) VALUES ('21124_10', 3, NULL, 'assets/topic/asb/18475.png', 'Walimtafuta mzee kuwaamulia kesi yao.', NULL);
INSERT INTO `card` (id, type, title, header, content, option) VALUES ('21124_11', 3, NULL, 'assets/topic/asb/18476.png', 'Mbweha alitisha kumla yule mzee pia!', NULL);
INSERT INTO `card` (id, type, title, header, content, option) VALUES ('21124_12', 3, NULL, 'assets/topic/asb/18477.png', 'Mzee alisema, "Hebu nione lile jiwe kabla kuamua."', NULL);
INSERT INTO `card` (id, type, title, header, content, option) VALUES ('21124_13', 3, NULL, 'assets/topic/asb/18478.png', 'Mbweha na Sungura walimwonyesha mzee lile jiwe.', NULL);
INSERT INTO `card` (id, type, title, header, content, option) VALUES ('21124_14', 3, NULL, 'assets/topic/asb/18479.png', 'Mbweha alieleza jinsi jiwe liliangukia mguu wake.', NULL);
INSERT INTO `card` (id, type, title, header, content, option) VALUES ('21124_15', 3, NULL, 'assets/topic/asb/18481.png', 'Mzee alimwuliza Sungura, "Nionyeshe namna ulivyolisukuma jiwe."', NULL);
INSERT INTO `card` (id, type, title, header, content, option) VALUES ('21124_16', 3, NULL, 'assets/topic/asb/18482.png', 'Sungura alilisukuma jiwe.
Liliangukia mguu wa Mbweha.', NULL);
INSERT INTO `card` (id, type, title, header, content, option) VALUES ('21124_17', 3, NULL, 'assets/topic/asb/18483.png', 'Mzee alisema, "Sasa ni sawa. Hebu twende nyumbani."', NULL);
INSERT INTO `card` (id, type, title, header, content, option) VALUES ('21124_18', 3, NULL, 'assets/topic/asb/18484.png', 'Mzee na Sungura walienda zao.
Mbweha aliachwa akiwa amenaswa.', NULL);
INSERT INTO `card` (id, type, title, header, content, option) VALUES ('21124_19', 3, NULL, NULL, 'You are free to download, copy, translate or adapt this story and use the illustrations as long as you attribute in the following way:
Mbweha asiye na shukurani
Author -
Mohammed Kuyu and Elizabeth Laird
Translation -
Brigid Simiyu
Illustration -
Jacob Kono
Language -
Kiswahili
Level -
First words
© African Storybook Initiative 2016
Creative Commons: Attribution 4.0
Source
www.africanstorybook.org
Original source
www.ethiopianfolktales.com', NULL);
INSERT INTO `card` (id, type, title, header, content, option) VALUES ('21124_20', 1, 'Mpake rangi Sungura na umrembe.', 'assets/topic/21124.svg', NULL, NULL);
INSERT INTO `cardExtra` (cardId, type, serial, content) VALUES ('21124_20', 2, 1, 'assets/topic/21124.svg');
INSERT INTO `card` (id, type, title, header, content, option) VALUES ('21124_21', 0, 'Nani alimsaidia Mbwea kwa kuviringisha jiwe?', NULL, NULL, 'oneAtATime');
INSERT INTO `cardExtra` (cardId, type, serial, content) VALUES ('21124_21', 1, 1, 'Sungura');
INSERT INTO `cardExtra` (cardId, type, serial, content) VALUES ('21124_21', 0, 1, 'Panya Pori');
INSERT INTO `cardExtra` (cardId, type, serial, content) VALUES ('21124_21', 0, 2, 'Panya');
INSERT INTO `cardExtra` (cardId, type, serial, content) VALUES ('21124_21', 0, 3, 'Kichakuro');
INSERT INTO `card` (id, type, title, header, content, option) VALUES ('21124_26', 0, 'Mzee alimdanganya Mbwea na akamuokoa Sungura.', NULL, NULL, 'oneAtATime');
INSERT INTO `cardExtra` (cardId, type, serial, content) VALUES ('21124_26', 1, 1, 'Kweli.');
INSERT INTO `cardExtra` (cardId, type, serial, content) VALUES ('21124_26', 0, 1, 'Si kweli.');
INSERT INTO `card` (id, type, title, header, content, option) VALUES ('21124_29', 0, 'Unafikiria nini kuhusu asili ya Mbwea', 'assets/topic/asb/18475.png', NULL, 'open');
INSERT INTO `cardExtra` (cardId, type, serial, content) VALUES ('21124_29', 0, 1, 'Mjanja');
INSERT INTO `cardExtra` (cardId, type, serial, content) VALUES ('21124_29', 0, 2, 'Hastahili');
INSERT INTO `cardExtra` (cardId, type, serial, content) VALUES ('21124_29', 0, 3, 'Haaminiki');
INSERT INTO `cardExtra` (cardId, type, serial, content) VALUES ('21124_29', 0, 4, 'Mkatili');
INSERT INTO `card` (id, type, title, header, content, option) VALUES ('7881', 2, 'Mbweha na Jua', 'assets/topic/asb/5253.png', 'Brigid Simiyu
 Manyeka Arts Trust', 'FF9DEDE3');
INSERT INTO `card` (id, type, title, header, content, option) VALUES ('7881_3', 3, NULL, 'assets/topic/asb/5246.png', 'Hapo zamani, palikuwa na Mbweha mvivu pia mjinga. Yeye na babake mzee waliishi jangwani Kalahari.', NULL);
INSERT INTO `card` (id, type, title, header, content, option) VALUES ('7881_4', 3, NULL, 'assets/topic/asb/5247.png', 'Asubuhi moja, Mbweha mzee aliamka na kumpata mwanawe amelala juani. Chakula hakikuwa tayari na mbuzi walikuwa bado zizini! "Wewe kijana mvivu sana! Nenda ukamtafute mke. Nimezeeka na siwezi kukukimu tena," babake alisema. Mbweha aliruka juu na kuwapeleka mbuzi malishoni.', NULL);
INSERT INTO `card` (id, type, title, header, content, option) VALUES ('7881_5', 3, NULL, 'assets/topic/asb/5250.png', 'Kichakani, aliona kitu kilichoangaza juu ya mwamba. Alipoukaribia mwamba ndipo mwangaza ulipozidi kupendeza. Labda huyu ndiye aliyekuwa mke wake!', NULL);
INSERT INTO `card` (id, type, title, header, content, option) VALUES ('7881_6', 3, NULL, 'assets/topic/asb/5251.png', '"Wewe ni mzuri mno," Mbweha aliueleza mng''aro. "Lakini, wewe ni nani? Mbona uko peke yako?" "Mimi ni Jua," mng''aro ulijibu. "Familia yangu iliniacha hapa ilipohama. Haikutaka kunibeba maanake mimi ni moto sana."', NULL);
INSERT INTO `card` (id, type, title, header, content, option) VALUES ('7881_7', 3, NULL, 'assets/topic/asb/5252.png', 'Mbweha alisema, "Lakini, wewe u mzuri sana! Mimi nitakubeba. Nitakupeleka nyumbani nikujulishe kwa babangu." "Ni sawa, unaweza kunibeba, lakini,  usilalamike nikizidi kwa joto usiloweza kuhimili," Jua alisema.', NULL);
INSERT INTO `card` (id, type, title, header, content, option) VALUES ('7881_8', 3, NULL, 'assets/topic/asb/5253.png', 'Mbweha alienda nyumbani bila ngozi, manyoya mgongoni, wala bila mke.', NULL);
INSERT INTO `card` (id, type, title, header, content, option) VALUES ('7881_9', 3, NULL, 'assets/topic/asb/5255.png', 'Babake Mbweha aliuuguza mgongo wa mwanawe kwa kutumia mafuta.', NULL);
INSERT INTO `card` (id, type, title, header, content, option) VALUES ('7881_10', 3, NULL, 'assets/topic/asb/5256.png', 'Polepole, manyoya yaliota tena.', NULL);
INSERT INTO `card` (id, type, title, header, content, option) VALUES ('7881_11', 3, NULL, 'assets/topic/asb/5258.png', 'Manyoya hayo mapya yalikuwa rangi tofauti na yale mengine mwilini. Rangi zote tofauti zilimkumbusha Mbweha kila mara kutokuwa mjinga tena.', NULL);
INSERT INTO `card` (id, type, title, header, content, option) VALUES ('7881_12', 3, NULL, NULL, 'Maelezo kuhusu hadithi Katika mwaka wa 2005,  mwanahadithi wa Naro kwa jina la Bega Cgaze kutoka Jangwa la Kalahari nchini Botswana alimsimulia Marlene Winberg hadithi hii ambaye anaielezea hapa. Hadithi inapatikana katika mitindo tofauti katika jamii nyingi za kiSan za Afrika ya Kusini. Inawaonya vijana wengi wa kiume dhidi ya kudanganywa na urembo wa kimwili wa wasichana,  na inawaelezea wazazi kutowalazimisha watoto wao kuoa kwa ajili ya kupata msaada wa nyumbani. Vile vile inaonyesha nguvu za jua jangwani. Michoro imefanywa na Marlene na kufafanuliwa na Satsiri Winberg kupitia weldei wa kikundi cha Manyeka cha Kisanaa.', NULL);
INSERT INTO `card` (id, type, title, header, content, option) VALUES ('7881_13', 3, NULL, NULL, 'You are free to download, copy, translate or adapt this story and use the illustrations as long as you attribute in the following way:
Mbweha na Jua
Author -
Traditional San story
Translation -
Brigid Simiyu
Illustration -
Manyeka Arts Trust
Language -
Kiswahili
Level -
Read aloud
© Manyeka Arts Trust 2014
Creative Commons: Attribution 4.0
Source
www.africanstorybook.org
Original source
www.manyeka.co.za', NULL);
INSERT INTO `card` (id, type, title, header, content, option) VALUES ('7881_14', 1, 'Mpake rangi mbweha na umrembe.', 'assets/topic/7881.svg', NULL, NULL);
INSERT INTO `cardExtra` (cardId, type, serial, content) VALUES ('7881_14', 2, 1, 'assets/topic/7881.svg');
INSERT INTO `card` (id, type, title, header, content, option) VALUES ('7881_15', 0, 'Mzee alimuambia mwanae akatafute mke kwaajili yake.', NULL, NULL, 'oneAtATime');
INSERT INTO `cardExtra` (cardId, type, serial, content) VALUES ('7881_15', 1, 1, 'Kweli.');
INSERT INTO `cardExtra` (cardId, type, serial, content) VALUES ('7881_15', 0, 1, 'Si kweli.');
INSERT INTO `card` (id, type, title, header, content, option) VALUES ('7881_18', 0, 'Mbweha alimbeba nani?', NULL, NULL, 'oneAtATime');
INSERT INTO `cardExtra` (cardId, type, serial, content) VALUES ('7881_18', 1, 1, 'Jua');
INSERT INTO `cardExtra` (cardId, type, serial, content) VALUES ('7881_18', 0, 1, 'Mti');
INSERT INTO `cardExtra` (cardId, type, serial, content) VALUES ('7881_18', 0, 2, 'Mwezi');
INSERT INTO `cardExtra` (cardId, type, serial, content) VALUES ('7881_18', 0, 3, 'Jiwe');
INSERT INTO `card` (id, type, title, header, content, option) VALUES ('7881_23', 0, 'Unapenda kukausha nini kipindi cha jua kali?', 'assets/topic/asb/5253.png', NULL, 'open');
INSERT INTO `cardExtra` (cardId, type, serial, content) VALUES ('7881_23', 0, 1, 'Nguo');
INSERT INTO `cardExtra` (cardId, type, serial, content) VALUES ('7881_23', 0, 2, 'Samaki');
INSERT INTO `cardExtra` (cardId, type, serial, content) VALUES ('7881_23', 0, 3, 'Mbegu');
INSERT INTO `cardExtra` (cardId, type, serial, content) VALUES ('7881_23', 0, 4, 'Pilipili nyekundu.');
INSERT INTO `card` (id, type, title, header, content, option) VALUES ('7865', 2, 'Mbweha na zabibu chachu', 'assets/topic/asb/1775.png', 'Brigid Simiyu
 Benjamin Mitchley', 'FF9DEDE3');
INSERT INTO `card` (id, type, title, header, content, option) VALUES ('7865_3', 3, NULL, 'assets/topic/asb/1776.png', 'Hapo zamani za kale,  palikuwa na Mbweha aliyekuwa na njaa. Alitembea karibu na kichaka akitafuta chakula.', NULL);
INSERT INTO `card` (id, type, title, header, content, option) VALUES ('7865_4', 3, NULL, 'assets/topic/asb/1775.png', 'Aliuona mzabibu uliojaa zabibu mbivu. Kichala cha zabibu mbivu kilining''inia.', NULL);
INSERT INTO `card` (id, type, title, header, content, option) VALUES ('7865_5', 3, NULL, 'assets/topic/asb/1777.png', 'Mbweha aliwaza, "Zabibu hizi zinaonekana tamu kweli kweli." Alirudi nyuma hatua chache ili aweze kuzirukia zile zabibu.', NULL);
INSERT INTO `card` (id, type, title, header, content, option) VALUES ('7865_6', 3, NULL, 'assets/topic/asb/1778.png', 'Zabibu zilikuwa juu sana. Mbweha alipozirukia,  alianguka kwa mgongo wala hakuzifikia zile zabibu.', NULL);
INSERT INTO `card` (id, type, title, header, content, option) VALUES ('7865_7', 3, NULL, 'assets/topic/asb/1779.png', 'Aliinuka akurudi nyuma zaidi ili aweze kuzifikia zabibu. Mara hii alifika karibu zaidi, lakini akaanguka tena kwa kishindo.', NULL);
INSERT INTO `card` (id, type, title, header, content, option) VALUES ('7865_8', 3, NULL, 'assets/topic/asb/1780.png', 'Alijaribu tena na tena, lakini hakuweza kuzifikia zabibu. Alianguka mara nying hadi mgongo ukamuuma.', NULL);
INSERT INTO `card` (id, type, title, header, content, option) VALUES ('7865_9', 3, NULL, 'assets/topic/asb/1781.png', 'Hatimaye, alikata tamaa na kwenda zake.', NULL);
INSERT INTO `card` (id, type, title, header, content, option) VALUES ('7865_10', 3, NULL, 'assets/topic/asb/1782.png', 'Mbweha alijawa na majuto. Alisimama, akatazama nyuma na kuziangalia tena zile zabibu, "Zabibu hizo,  hata hivyo, zinaonekana chachu." Akajiliwaza. Aliondoka akaenda zake huku akihisi njaa kuliko hapo awali.', NULL);
INSERT INTO `card` (id, type, title, header, content, option) VALUES ('7865_11', 3, NULL, NULL, 'You are free to download, copy, translate or adapt this story and use the illustrations as long as you attribute in the following way:
Mbweha na zabibu chachu
Author -
Kholeka Mabeta
Translation -
Brigid Simiyu
Illustration -
Benjamin Mitchley
Language -
Kiswahili
Level -
First paragraphs
© African Storybook Initiative 2014
Creative Commons: Attribution 4.0
Source
www.africanstorybook.org', NULL);
INSERT INTO `card` (id, type, title, header, content, option) VALUES ('7865_12', 1, 'Chora zabibu na uzipambe.', 'assets/topic/7865.svg', NULL, NULL);
INSERT INTO `cardExtra` (cardId, type, serial, content) VALUES ('7865_12', 2, 1, 'assets/topic/7865.svg');
INSERT INTO `card` (id, type, title, header, content, option) VALUES ('7865_13', 0, 'Mbweha mwenye njaa alirukia nini?', NULL, NULL, 'oneAtATime');
INSERT INTO `cardExtra` (cardId, type, serial, content) VALUES ('7865_13', 1, 1, 'Zabibu');
INSERT INTO `cardExtra` (cardId, type, serial, content) VALUES ('7865_13', 0, 1, 'Embe');
INSERT INTO `cardExtra` (cardId, type, serial, content) VALUES ('7865_13', 0, 2, 'Ndizi');
INSERT INTO `cardExtra` (cardId, type, serial, content) VALUES ('7865_13', 0, 3, 'Nanasi');
INSERT INTO `card` (id, type, title, header, content, option) VALUES ('7865_18', 0, 'Mbweha mwenye njaa hakuweza kufikia zabibu,  akaachana nazo.', NULL, NULL, 'oneAtATime');
INSERT INTO `cardExtra` (cardId, type, serial, content) VALUES ('7865_18', 1, 1, 'Kweli.');
INSERT INTO `cardExtra` (cardId, type, serial, content) VALUES ('7865_18', 0, 1, 'Si kweli.');
INSERT INTO `card` (id, type, title, header, content, option) VALUES ('7865_21', 0, 'Unafikiri kwanini Mbweha aliachana na Zabibu?', 'assets/topic/asb/1775.png', NULL, 'open');
INSERT INTO `cardExtra` (cardId, type, serial, content) VALUES ('7865_21', 0, 1, 'Hakuweza kufikia zabibu');
INSERT INTO `cardExtra` (cardId, type, serial, content) VALUES ('7865_21', 0, 2, 'Alikuwa mvivu');
INSERT INTO `cardExtra` (cardId, type, serial, content) VALUES ('7865_21', 0, 3, 'Yeye hakupanda vizuri');
INSERT INTO `cardExtra` (cardId, type, serial, content) VALUES ('7865_21', 0, 4, 'Hakukuwa na nguvu ndani yake');
INSERT INTO `card` (id, type, title, header, content, option) VALUES ('22085', 2, 'Mchungaji', 'assets/topic/asb/19575.png', 'Brigid Simiyu', 'FFB3C8FF');
INSERT INTO `card` (id, type, title, header, content, option) VALUES ('22085_3', 3, NULL, 'assets/topic/asb/19569.png', 'Siku moja, Mchungaji hakuwa na nyasi za kuwalisha nguruwe, kondoo na mbuzi wake. Pia hakuwa na nafaka za kumlisha kuku. Vilevile hakuwa na zizi la kuwaweka mifgugo.', NULL);
INSERT INTO `card` (id, type, title, header, content, option) VALUES ('22085_4', 3, NULL, 'assets/topic/asb/19572.png', 'Aliamua kuwauza ili wapate chakula na makazi bora.', NULL);
INSERT INTO `card` (id, type, title, header, content, option) VALUES ('22085_5', 3, NULL, 'assets/topic/asb/19573.png', 'Alisema, "Ninaweza kuwauza kila mmoja robo."
Lakini mnunuzi alitaka bei ya chini zaidi.', NULL);
INSERT INTO `card` (id, type, title, header, content, option) VALUES ('22085_6', 3, NULL, 'assets/topic/asb/19574.png', 'Mnunuzi akasema, "Ninataka mbuzi peke yake."
Mchungaji akajibu, "Wanyama hawa ni marafiki.
Ningependa waishi pamoja."', NULL);
INSERT INTO `card` (id, type, title, header, content, option) VALUES ('22085_7', 3, NULL, 'assets/topic/asb/19575.png', 'Basi Mchungaji akawauza kondoo, mbuzi na nguruwe kwa robo kila mmoja. Kisha akampatia mnunuzi kuku bila malipo. Alipokuwa akirudi nyumbani Mchungaji alikuwa na huzuni.', NULL);
INSERT INTO `card` (id, type, title, header, content, option) VALUES ('22085_8', 3, NULL, 'assets/topic/asb/19577.png', 'Aligundua kwamba wale hawakuwa wanyama tu. Walikuwa marafiki zake pia.
Alirudi akamrejeshea mnunuzi hela zake ili awachukue marafiki zake.', NULL);
INSERT INTO `card` (id, type, title, header, content, option) VALUES ('22085_9', 3, NULL, 'assets/topic/asb/19578.png', '"Wanyama hawa sasa ni wangu," mnunuzi alisema. "Sitaweza kukurudishia."
Hata hivyo, mchungaji aliendelea kumsihi.', NULL);
INSERT INTO `card` (id, type, title, header, content, option) VALUES ('22085_10', 3, NULL, 'assets/topic/asb/19581.png', '"Nimegundua kwamba wao si wanyama tu bali ni marafiki zangu," mchungaji alisema.
Mnunuzi aliuliza, "Mbona basi uliwauza?"', NULL);
INSERT INTO `card` (id, type, title, header, content, option) VALUES ('22085_11', 3, NULL, 'assets/topic/asb/19582.png', 'Jirani aliwasikia wakibishana akasema, "Nenda ujenge zizi, utafute nyasi na nafaka. Halafu, unaweza kuwarejesha wanyama wako."', NULL);
INSERT INTO `card` (id, type, title, header, content, option) VALUES ('22085_12', 3, NULL, 'assets/topic/asb/19572.png', 'Mchungaji aliwapenda sana wanyama wake. Alimrudishia mnunuzi hela zake.
Aliwatengenezea zizi zuri akawapa nyasi na nafaka.', NULL);
INSERT INTO `card` (id, type, title, header, content, option) VALUES ('22085_13', 3, NULL, NULL, 'You are free to download, copy, translate or adapt this story and use the illustrations as long as you attribute in the following way:
Mchungaji
Author -
Beza
Translation -
Brigid Simiyu
Illustration -
Language -
Kiswahili
Level -
First sentences
© Bezawork Lindlöf 2017
Creative Commons: Attribution 4.0
Source
www.africanstorybook.org', NULL);
INSERT INTO `card` (id, type, title, header, content, option) VALUES ('22085_14', 1, 'Mpake rangi mchunga kondoo na Kondoo', 'assets/topic/22085.svg', NULL, NULL);
INSERT INTO `cardExtra` (cardId, type, serial, content) VALUES ('22085_14', 2, 1, 'assets/topic/22085.svg');
INSERT INTO `card` (id, type, title, header, content, option) VALUES ('22085_15', 0, 'Chagua wanyama wote aliokua nao Mchungaji.', NULL, NULL, 'many');
INSERT INTO `cardExtra` (cardId, type, serial, content) VALUES ('22085_15', 1, 1, 'Nguruwe');
INSERT INTO `cardExtra` (cardId, type, serial, content) VALUES ('22085_15', 1, 2, 'Mbuzi');
INSERT INTO `cardExtra` (cardId, type, serial, content) VALUES ('22085_15', 1, 3, 'kondoo');
INSERT INTO `cardExtra` (cardId, type, serial, content) VALUES ('22085_15', 1, 4, 'Kuku');
INSERT INTO `cardExtra` (cardId, type, serial, content) VALUES ('22085_15', 0, 1, 'Punda');
INSERT INTO `cardExtra` (cardId, type, serial, content) VALUES ('22085_15', 0, 2, 'Ng''ombe');
INSERT INTO `card` (id, type, title, header, content, option) VALUES ('22085_22', 0, 'Mchungaji aliwarudisha wanyama wake baada ya kutengeneza zizi.', NULL, NULL, 'oneAtATime');
INSERT INTO `cardExtra` (cardId, type, serial, content) VALUES ('22085_22', 1, 1, 'Kweli.');
INSERT INTO `cardExtra` (cardId, type, serial, content) VALUES ('22085_22', 0, 1, 'Si kweli.');
INSERT INTO `card` (id, type, title, header, content, option) VALUES ('22085_25', 0, 'Mnyama yupi ni rafiki yako bora?', 'assets/topic/asb/19575.png', NULL, 'open');
INSERT INTO `cardExtra` (cardId, type, serial, content) VALUES ('22085_25', 0, 1, 'Mbwa');
INSERT INTO `cardExtra` (cardId, type, serial, content) VALUES ('22085_25', 0, 2, 'Paka');
INSERT INTO `cardExtra` (cardId, type, serial, content) VALUES ('22085_25', 0, 3, 'Kondoo');
INSERT INTO `cardExtra` (cardId, type, serial, content) VALUES ('22085_25', 0, 4, 'Ng''ombe');
INSERT INTO `card` (id, type, title, header, content, option) VALUES ('24750', 2, 'Mdiria na bahari', 'assets/topic/asb/26594.png', 'Ursula  Nafula
Idowu Abayomi Oluwasegun', 'FF9DEDE3');
INSERT INTO `card` (id, type, title, header, content, option) VALUES ('24750_3', 3, NULL, 'assets/topic/asb/26584.png', 'Kuliishi mfalme katika Kisiwa cha Rusinga. Mfalme huyo hakuwa amehisi maumivu maishani mwake.
Hakuwahi hata dakika moja.', NULL);
INSERT INTO `card` (id, type, title, header, content, option) VALUES ('24750_4', 3, NULL, 'assets/topic/asb/26585.png', 'Asubuhi moja mfalme alikiinamisha kichwa chake. Aliwaza namna maumivu yanavyokuwa. "Kuna watu wengi maskini katika ufalme wangu. Nitawezaje kuhisi maumivu yao?" alijiuliza.', NULL);
INSERT INTO `card` (id, type, title, header, content, option) VALUES ('24750_5', 3, NULL, 'assets/topic/asb/26586.png', 'Mchana na usiku, alitamani kuhisi maumivu angalu mara moja tu.
Usiku mmoja, aliota ndoto akasikia sauti ikisema, "Nimesikia matakwa yako. Utahisi maumivu."', NULL);
INSERT INTO `card` (id, type, title, header, content, option) VALUES ('24750_6', 3, NULL, 'assets/topic/asb/26587.png', 'Sauti hiyo iliendelea, "Yajenge mashua kubwa saba ambamo utaweka mali na familia yako. Kisha safiri ukielekea upande wa kaskazini mwa Kisiwa cha Rusinga."
Mfalme alifurahi sana.', NULL);
INSERT INTO `card` (id, type, title, header, content, option) VALUES ('24750_7', 3, NULL, 'assets/topic/asb/26588.png', 'Muda mfupi baadaye, mashua saba yalijengwa na wakawa tayari kusafiri.', NULL);
INSERT INTO `card` (id, type, title, header, content, option) VALUES ('24750_8', 3, NULL, 'assets/topic/asb/26589.png', 'Siku moja kabla ya safari, mfalme aliandaa sherehe. Kila mmoja alihudhuria. Chui, nyoka, sungura, konokono, ndege na hata siafu, wote walifika kwa sherehe.', NULL);
INSERT INTO `card` (id, type, title, header, content, option) VALUES ('24750_9', 3, NULL, 'assets/topic/asb/26590.png', 'Mfalme aliwahotubia watu, "Mimi na familia yangu tunaondoka kwenda sehemu tofauti ya Kisiwa cha Rusinga. Tunataka kuhisi maumivu ambayo watu wengine huhisi."', NULL);
INSERT INTO `card` (id, type, title, header, content, option) VALUES ('24750_10', 3, NULL, 'assets/topic/asb/26591.png', 'Watu walinong''onezana miongoni mwao. Wazee hawakumwamini.
Lakini, ni nani angemhoji mfalme?', NULL);
INSERT INTO `card` (id, type, title, header, content, option) VALUES ('24750_11', 3, NULL, 'assets/topic/asb/26592.png', 'Siku iliyofuata, mfalme na familia yake walisafiri.
Kwa siku mbili, mashua yalipita majini. Anga lilikuwa wazi, bahari ilitulia na safari ilifurahisha.', NULL);
INSERT INTO `card` (id, type, title, header, content, option) VALUES ('24750_12', 3, NULL, 'assets/topic/asb/26593.png', 'Lakini siku ya tatu, bahari ilichafuka. Anga lilibadilika likatanda mawingu. Walikumbwa na dhoruba kubwa.
Mashua yalizama. Mfalme hakuweza kufanya lolote. Familia na mali yake ilipotelea baharini.', NULL);
INSERT INTO `card` (id, type, title, header, content, option) VALUES ('24750_13', 3, NULL, 'assets/topic/asb/26594.png', 'Mfalme pekee alinusurika. Lakini, alikuwa amebadilika na kuwa mdiria.
Mdiria aliruka akatua ukingoni mwa bahari. Alikuwa bado akitumaini kuipata familia na mali yake kutoka baharini.', NULL);
INSERT INTO `card` (id, type, title, header, content, option) VALUES ('24750_14', 3, NULL, 'assets/topic/asb/26595.png', 'Mdiria alipiga mbizi baharini mara nyingi. Hakuweza kuiokoa familia yake au hata baadhi ya mali yake.
"Kama ningejua, ningeyafurahia maisha yangu yalivyokuwa," alilia.', NULL);
INSERT INTO `card` (id, type, title, header, content, option) VALUES ('24750_15', 3, NULL, NULL, 'You are free to download, copy, translate or adapt this story and use the illustrations as long as you attribute in the following way:
Mdiria na bahari
Author -
Peter Omoko
Translation -
Ursula  Nafula
Illustration -
Idowu Abayomi Oluwasegun
Language -
Kiswahili
Level -
First paragraphs
© African Storybook Initiative 2018
Creative Commons: Attribution 4.0
Source
www.africanstorybook.org', NULL);
INSERT INTO `card` (id, type, title, header, content, option) VALUES ('24750_16', 1, 'Mpake rangi mfalme na umrembe', 'assets/topic/24750.svg', NULL, NULL);
INSERT INTO `cardExtra` (cardId, type, serial, content) VALUES ('24750_16', 2, 1, 'assets/topic/24750.svg');
INSERT INTO `card` (id, type, title, header, content, option) VALUES ('24750_17', 0, 'Mfalme wa kisiwa cha Rusinga hakuwa kupata maumivu kamwe.', NULL, NULL, 'oneAtATime');
INSERT INTO `cardExtra` (cardId, type, serial, content) VALUES ('24750_17', 1, 1, 'Kweli.');
INSERT INTO `cardExtra` (cardId, type, serial, content) VALUES ('24750_17', 0, 1, 'Si kweli.');
INSERT INTO `card` (id, type, title, header, content, option) VALUES ('24750_20', 0, 'Mfalme alitengeneza mashua kubwa ngapi?', NULL, NULL, 'oneAtATime');
INSERT INTO `cardExtra` (cardId, type, serial, content) VALUES ('24750_20', 1, 1, 'Saba');
INSERT INTO `cardExtra` (cardId, type, serial, content) VALUES ('24750_20', 0, 1, 'Tano');
INSERT INTO `cardExtra` (cardId, type, serial, content) VALUES ('24750_20', 0, 2, 'Nne');
INSERT INTO `cardExtra` (cardId, type, serial, content) VALUES ('24750_20', 0, 3, 'Nane');
INSERT INTO `card` (id, type, title, header, content, option) VALUES ('24750_25', 0, 'Mfalme alibadilika na kuwa Mdiria', NULL, NULL, 'oneAtATime');
INSERT INTO `cardExtra` (cardId, type, serial, content) VALUES ('24750_25', 1, 1, 'Kweli.');
INSERT INTO `cardExtra` (cardId, type, serial, content) VALUES ('24750_25', 0, 1, 'Si kweli.');
INSERT INTO `card` (id, type, title, header, content, option) VALUES ('24750_28', 0, 'Mara yako ya mwisho kuhisi maumivu ni lini?', 'assets/topic/asb/26594.png', NULL, 'open');
INSERT INTO `cardExtra` (cardId, type, serial, content) VALUES ('24750_28', 0, 1, 'Nilipojeruhiwa');
INSERT INTO `cardExtra` (cardId, type, serial, content) VALUES ('24750_28', 0, 2, 'Baba yangu ananipopiga kwa makosa yangu');
INSERT INTO `cardExtra` (cardId, type, serial, content) VALUES ('24750_28', 0, 3, 'siku ambayo hakukua na kitu cha kula nyumbani');
INSERT INTO `cardExtra` (cardId, type, serial, content) VALUES ('24750_28', 0, 4, 'Siku niliyokua peke yangu.');
INSERT INTO `card` (id, type, title, header, content, option) VALUES ('10152', 2, 'Meno', 'assets/topic/asb/1701.png', 'Brigid Simiyu
 Kathy Arbuckle', 'FFCFB5DD');
INSERT INTO `card` (id, type, title, header, content, option) VALUES ('10152_3', 3, NULL, 'assets/topic/asb/1701.png', 'Mamba ana meno makubwa.', NULL);
INSERT INTO `card` (id, type, title, header, content, option) VALUES ('10152_4', 3, NULL, 'assets/topic/asb/1702.png', 'Simba naye ana meno makubwa.', NULL);
INSERT INTO `card` (id, type, title, header, content, option) VALUES ('10152_5', 3, NULL, 'assets/topic/asb/1703.png', 'Ng''ombe ana meno ya nguvu.', NULL);
INSERT INTO `card` (id, type, title, header, content, option) VALUES ('10152_6', 3, NULL, 'assets/topic/asb/1704.png', 'Ndege hawana meno.', NULL);
INSERT INTO `card` (id, type, title, header, content, option) VALUES ('10152_7', 3, NULL, 'assets/topic/asb/1705.png', 'Panya wana meno ya mbele makubwa.', NULL);
INSERT INTO `card` (id, type, title, header, content, option) VALUES ('10152_8', 3, NULL, 'assets/topic/asb/1706.png', 'Papa wana meno makali.', NULL);
INSERT INTO `card` (id, type, title, header, content, option) VALUES ('10152_9', 3, NULL, 'assets/topic/asb/1707.png', 'Zamani nilikuwa na meno mengi.', NULL);
INSERT INTO `card` (id, type, title, header, content, option) VALUES ('10152_10', 3, NULL, 'assets/topic/asb/1708.png', 'Lakini sasa sina mengi.', NULL);
INSERT INTO `card` (id, type, title, header, content, option) VALUES ('10152_11', 3, NULL, NULL, 'You are free to download, copy, translate or adapt this story and use the illustrations as long as you attribute in the following way:
Meno
Author -
Clare Verbeek, Thembani Dladla and Zanele Buthelezi
Translation -
Brigid Simiyu
Illustration -
Kathy Arbuckle
Language -
Kiswahili
Level -
First words
© School of Education and Development (Centre for Adult Education), University of Kwazulu-Natal, 2007 2014
Creative Commons: Attribution-Non Commercial 3.0
Source
www.africanstorybook.org
Original source
http://cae.ukzn.ac.za/resources/seedbooks.aspx', NULL);
INSERT INTO `card` (id, type, title, header, content, option) VALUES ('10152_12', 1, 'Mpake rangi Simba anayenguruma.', 'assets/topic/10152.svg', NULL, NULL);
INSERT INTO `cardExtra` (cardId, type, serial, content) VALUES ('10152_12', 2, 1, 'assets/topic/10152.svg');
INSERT INTO `card` (id, type, title, header, content, option) VALUES ('10152_13', 0, 'Simba ana meno makubwa.', NULL, NULL, 'oneAtATime');
INSERT INTO `cardExtra` (cardId, type, serial, content) VALUES ('10152_13', 1, 1, 'Kweli.');
INSERT INTO `cardExtra` (cardId, type, serial, content) VALUES ('10152_13', 0, 1, 'Si kweli.');
INSERT INTO `card` (id, type, title, header, content, option) VALUES ('10152_16', 0, 'Ndege hawana meno.', NULL, NULL, 'oneAtATime');
INSERT INTO `cardExtra` (cardId, type, serial, content) VALUES ('10152_16', 1, 1, 'Kweli.');
INSERT INTO `cardExtra` (cardId, type, serial, content) VALUES ('10152_16', 0, 1, 'Si kweli.');
INSERT INTO `card` (id, type, title, header, content, option) VALUES ('10152_19', 0, 'Papa ana meno makali.', NULL, NULL, 'oneAtATime');
INSERT INTO `cardExtra` (cardId, type, serial, content) VALUES ('10152_19', 1, 1, 'Kweli.');
INSERT INTO `cardExtra` (cardId, type, serial, content) VALUES ('10152_19', 0, 1, 'Si kweli.');
INSERT INTO `card` (id, type, title, header, content, option) VALUES ('10152_22', 0, 'Ni nani ana meno machache nyumbani kwenu?', 'assets/topic/asb/1701.png', NULL, 'open');
INSERT INTO `cardExtra` (cardId, type, serial, content) VALUES ('10152_22', 0, 1, 'Bibi');
INSERT INTO `cardExtra` (cardId, type, serial, content) VALUES ('10152_22', 0, 2, 'Babu');
INSERT INTO `cardExtra` (cardId, type, serial, content) VALUES ('10152_22', 0, 3, 'Mtoto mdogo wa kiume');
INSERT INTO `cardExtra` (cardId, type, serial, content) VALUES ('10152_22', 0, 4, 'Mtoto mdogo wa kike.');
INSERT INTO `card` (id, type, title, header, content, option) VALUES ('22469', 2, 'Mhogo na Mtende', 'assets/topic/asb/25923.png', 'Ursula Nafula
Brian Wambi', 'FF9DEDE3');
INSERT INTO `card` (id, type, title, header, content, option) VALUES ('22469_3', 3, NULL, 'assets/topic/asb/25919.png', 'Hapo zamani, Mhogo na Mtende waliishi kijijini Koowa. Kama marafiki, walitembeleana kila siku.
Walikuwa wakulima waliofanya kazi kwa bidii katika mashamba yao.', NULL);
INSERT INTO `card` (id, type, title, header, content, option) VALUES ('22469_4', 3, NULL, 'assets/topic/asb/25920.png', 'Katika mwaka mmoja, kulikuwa na ukosefu wa mvua. Mimea yote ilikauka. Watu wakakosa chakula.
Mhogo na Mtende waliamua kwenda kutafuta kazi katika kijiji tofauti.', NULL);
INSERT INTO `card` (id, type, title, header, content, option) VALUES ('22469_5', 3, NULL, 'assets/topic/asb/25921.png', 'Wlimkuta mwanamke mmoja wakamsalimu, "Hujambo?" Aliitikia kisha akwauliza, "Mnakwenda wapi?"
Mtende alimjibu, "Tunakwenda kutafuta kazi katika kijiji jirani."', NULL);
INSERT INTO `card` (id, type, title, header, content, option) VALUES ('22469_6', 3, NULL, 'assets/topic/asb/25922.png', '"Kazi gani mnayofanya?" Mwanamke yule aliuliza. Walijibu, "Tunaweza kuipa chakula familia yako na mifugo wako.
Mwanamke alwauliza tena, "Mtahitaji nini kutupatia chakula hicho?" Walimjibu, "Tupe ardhi, maji na huduma nzuri."', NULL);
INSERT INTO `card` (id, type, title, header, content, option) VALUES ('22469_7', 3, NULL, 'assets/topic/asb/25923.png', 'Mwanamke yule aliwapeleka nyumbani kwake.', NULL);
INSERT INTO `card` (id, type, title, header, content, option) VALUES ('22469_8', 3, NULL, 'assets/topic/asb/25924.png', 'Alasiri moja, Mtende na Mhogo walibishana vikali. Mhogo alisema kuwa yeye alikuwa muhimu zaidi kuliko Mtende.
Mtende naye akasema kuwa yeye alikuwa muhimu kuliko Mhogo.', NULL);
INSERT INTO `card` (id, type, title, header, content, option) VALUES ('22469_9', 3, NULL, 'assets/topic/asb/25925.png', 'Mwanamke yule aliwasikia kutoka chumbani kwake.
Alitoka nje na kwauliza, "Mbona mnabishana?"', NULL);
INSERT INTO `card` (id, type, title, header, content, option) VALUES ('22469_10', 3, NULL, 'assets/topic/asb/25926.png', 'Mhogo alikuwa wa kwanza kuzungumza. "Mimi ni muhimu zaidi kuliko Mtende. Ninazaa mihogo mnayotumia kutengeneza fufu na unga wa mihogo."', NULL);
INSERT INTO `card` (id, type, title, header, content, option) VALUES ('22469_11', 3, NULL, 'assets/topic/asb/25927.png', '"Watu hupanda mashina yangu. Mifugo wenu hula majani na maganda yangu. Je, Mtende hufanya nini?" Mhogo aliuliza.', NULL);
INSERT INTO `card` (id, type, title, header, content, option) VALUES ('22469_12', 3, NULL, 'assets/topic/asb/25928.png', 'Mtende alicheka, akatikisa kichwa chake kisha akasema, "Mwanamke wee, unaikumbuka supu ya tende unayofurahia sana? Hutoka kwa nani?"', NULL);
INSERT INTO `card` (id, type, title, header, content, option) VALUES ('22469_13', 3, NULL, 'assets/topic/asb/25929.png', '"Mimi hutoa mafuta yanayotumiwa kukaanga samaki na nyama. Je, utawezaje kutayarisha kitoweo na mchuzi bila mafuta?"', NULL);
INSERT INTO `card` (id, type, title, header, content, option) VALUES ('22469_14', 3, NULL, 'assets/topic/asb/25930.png', '"Zaidi ya hayo, matawi yangu huezeka paa za vyumba vyenu na vibanda vya kupumzikia. Mnaburudika baada ya kazi kwa kuinywa kosha ninayotoa."', NULL);
INSERT INTO `card` (id, type, title, header, content, option) VALUES ('22469_15', 3, NULL, 'assets/topic/asb/25931.png', '"Isitoshe, fagio zinazotumiwa kufagia vyumba na uwanja wa nyumba zenu zinatoka kwangu," Mtende alimaliza kusema.', NULL);
INSERT INTO `card` (id, type, title, header, content, option) VALUES ('22469_16', 3, NULL, 'assets/topic/asb/25932.png', '"Hmmm!" Mwanamke alizusha pumzi. "Ni sawa marafiki, nimewasikia. Nitaitatua shida hii."', NULL);
INSERT INTO `card` (id, type, title, header, content, option) VALUES ('22469_17', 3, NULL, 'assets/topic/asb/25933.png', '"Ninyi nyote ni viumbe muhimu sana kwangu. Pamoja, mnatengeneza mlo mtamu wa fufu na supu ya tende!" mwanamke akasema.', NULL);
INSERT INTO `card` (id, type, title, header, content, option) VALUES ('22469_18', 3, NULL, 'assets/topic/asb/25934.png', 'Mwanamke yule alitayarisha supu ya tende pamoja na fufu kutoka kwenye mihogo. Aliwaalika marafiki zake kula naye. Walifurahia chakula hicho sana.
Tangu wakati huo, Mhogo na Mtende wamekuwa marafiki wakubwa.', NULL);
INSERT INTO `card` (id, type, title, header, content, option) VALUES ('22469_19', 3, NULL, NULL, 'You are free to download, copy, translate or adapt this story and use the illustrations as long as you attribute in the following way:
Mhogo na Mtende
Author -
Divine  Apedo, Elizabeth  Nkrumah and Georgina  Abbey
Translation -
Ursula Nafula
Illustration -
Brian Wambi
Language -
Kiswahili
Level -
First paragraphs
© African Storybook Initiative 2017
Creative Commons: Attribution 4.0
Source
www.africanstorybook.org', NULL);
INSERT INTO `card` (id, type, title, header, content, option) VALUES ('22469_20', 1, 'Upake rangi Mtende', 'assets/topic/22469.svg', NULL, NULL);
INSERT INTO `cardExtra` (cardId, type, serial, content) VALUES ('22469_20', 2, 1, 'assets/topic/22469.svg');
INSERT INTO `card` (id, type, title, header, content, option) VALUES ('22469_21', 0, 'Mtende na mti wa Muhogo viliishi kijini gani?', NULL, NULL, 'oneAtATime');
INSERT INTO `cardExtra` (cardId, type, serial, content) VALUES ('22469_21', 1, 1, 'Koowa');
INSERT INTO `cardExtra` (cardId, type, serial, content) VALUES ('22469_21', 0, 1, 'Boowa');
INSERT INTO `cardExtra` (cardId, type, serial, content) VALUES ('22469_21', 0, 2, 'Noowa');
INSERT INTO `cardExtra` (cardId, type, serial, content) VALUES ('22469_21', 0, 3, 'Doowa');
INSERT INTO `card` (id, type, title, header, content, option) VALUES ('22469_26', 0, 'Fagio za kufagilia kiwanja tunazotumia zinatokana na mti wa mtende.', NULL, NULL, 'oneAtATime');
INSERT INTO `cardExtra` (cardId, type, serial, content) VALUES ('22469_26', 1, 1, 'Kweli.');
INSERT INTO `cardExtra` (cardId, type, serial, content) VALUES ('22469_26', 0, 1, 'Si kweli.');
INSERT INTO `card` (id, type, title, header, content, option) VALUES ('22469_29', 0, 'Wewe na rafiki yako mlipigania nini?', 'assets/topic/asb/25923.png', NULL, 'open');
INSERT INTO `cardExtra` (cardId, type, serial, content) VALUES ('22469_29', 0, 1, 'Kucheza vizuri zaidi');
INSERT INTO `cardExtra` (cardId, type, serial, content) VALUES ('22469_29', 0, 2, 'kusoma vizuri zaidi');
INSERT INTO `cardExtra` (cardId, type, serial, content) VALUES ('22469_29', 0, 3, 'Kupika vizuri zaidi');
INSERT INTO `cardExtra` (cardId, type, serial, content) VALUES ('22469_29', 0, 4, 'Kufanya kazi vizuri zaidi');
INSERT INTO `card` (id, type, title, header, content, option) VALUES ('7871', 2, 'Mimi na familia yangu', 'assets/topic/asb/5216.png', 'Brigid Simiyu
 Wiehan de Jager', 'FFCFB5DD');
INSERT INTO `card` (id, type, title, header, content, option) VALUES ('7871_3', 3, NULL, 'assets/topic/asb/5217.png', 'Mimi na dinasou wangu tunawatazama ndege angani.', NULL);
INSERT INTO `card` (id, type, title, header, content, option) VALUES ('7871_4', 3, NULL, 'assets/topic/asb/5218.png', 'Mimi na ndege wangu tunamkuta sokwe mtini.', NULL);
INSERT INTO `card` (id, type, title, header, content, option) VALUES ('7871_5', 3, NULL, 'assets/topic/asb/5219.png', 'Ninacheza na sokwe na twiga wangu milimani.', NULL);
INSERT INTO `card` (id, type, title, header, content, option) VALUES ('7871_6', 3, NULL, 'assets/topic/asb/5232.png', 'Nyani anamwogopa kobe.', NULL);
INSERT INTO `card` (id, type, title, header, content, option) VALUES ('7871_7', 3, NULL, 'assets/topic/asb/5221.png', 'Mimi, kima na nyani wangu tunakula ndizi kila siku.', NULL);
INSERT INTO `card` (id, type, title, header, content, option) VALUES ('7871_8', 3, NULL, 'assets/topic/asb/5220.png', 'Nyani wangu na kima wanamwogopa kobe.', NULL);
INSERT INTO `card` (id, type, title, header, content, option) VALUES ('7871_9', 3, NULL, 'assets/topic/asb/5222.png', 'Kobe nami tunaenda nyumbani polepole pamoja na nyoka.', NULL);
INSERT INTO `card` (id, type, title, header, content, option) VALUES ('7871_10', 3, NULL, 'assets/topic/asb/5223.png', 'Nyoka nami twapenda kusonya na kuimba nyimbo kando ya ziwa.', NULL);
INSERT INTO `card` (id, type, title, header, content, option) VALUES ('7871_11', 3, NULL, 'assets/topic/asb/5224.png', 'Mimi na familia yangu nzima tunaishi pamoja kwa furaha kubwa!', NULL);
INSERT INTO `card` (id, type, title, header, content, option) VALUES ('7871_12', 3, NULL, NULL, 'You are free to download, copy, translate or adapt this story and use the illustrations as long as you attribute in the following way:
Mimi na familia yangu
Author -
Waako Joshua and Cornelius Gulere
Translation -
Brigid Simiyu
Illustration -
Wiehan de Jager
Language -
Kiswahili
Level -
First sentences
© Ugandan Community Libraries Association 2014
Creative Commons: Attribution 4.0
Source
www.africanstorybook.org', NULL);
INSERT INTO `card` (id, type, title, header, content, option) VALUES ('7871_13', 1, 'Mpake rangi dinasau na umrembe', 'assets/topic/7871.svg', NULL, NULL);
INSERT INTO `cardExtra` (cardId, type, serial, content) VALUES ('7871_13', 2, 1, 'assets/topic/7871.svg');
INSERT INTO `card` (id, type, title, header, content, option) VALUES ('7871_14', 0, 'Mvulana na dinosaur wake walikuwa wanatazama ndege.', NULL, NULL, 'oneAtATime');
INSERT INTO `cardExtra` (cardId, type, serial, content) VALUES ('7871_14', 1, 1, 'Kweli.');
INSERT INTO `cardExtra` (cardId, type, serial, content) VALUES ('7871_14', 0, 1, 'Si kweli.');
INSERT INTO `card` (id, type, title, header, content, option) VALUES ('7871_17', 0, 'Mvulana, tumbili na sokwe hula ndizi pamoja.', NULL, NULL, 'oneAtATime');
INSERT INTO `cardExtra` (cardId, type, serial, content) VALUES ('7871_17', 1, 1, 'Kweli.');
INSERT INTO `cardExtra` (cardId, type, serial, content) VALUES ('7871_17', 0, 1, 'Si kweli.');
INSERT INTO `card` (id, type, title, header, content, option) VALUES ('7871_20', 0, 'Unafanya nini na familia yako?', 'assets/topic/asb/5216.png', NULL, 'open');
INSERT INTO `cardExtra` (cardId, type, serial, content) VALUES ('7871_20', 1, 1, 'Tunakula pamoja');
INSERT INTO `cardExtra` (cardId, type, serial, content) VALUES ('7871_20', 0, 1, 'Tunacheza michezo');
INSERT INTO `cardExtra` (cardId, type, serial, content) VALUES ('7871_20', 0, 2, 'Tunacheza mziki');
INSERT INTO `cardExtra` (cardId, type, serial, content) VALUES ('7871_20', 0, 3, 'Tunapika');
INSERT INTO `card` (id, type, title, header, content, option) VALUES ('22082', 2, 'Mimi ni Moto!', 'assets/topic/asb/8558.png', 'Brigid Simiyu
 Rob Owen', 'FFCFB5DD');
INSERT INTO `card` (id, type, title, header, content, option) VALUES ('22082_3', 3, NULL, 'assets/topic/asb/8555.png', 'Hebu nikueleze hadithi kunihusu.
Ninaanza kama cheche ndogo.', NULL);
INSERT INTO `card` (id, type, title, header, content, option) VALUES ('22082_4', 3, NULL, 'assets/topic/asb/8556.png', 'Ninaenea kila mahali upepo unaponibeba.', NULL);
INSERT INTO `card` (id, type, title, header, content, option) VALUES ('22082_5', 3, NULL, 'assets/topic/asb/8558.png', 'Sisi ni marafiki wazuri.', NULL);
INSERT INTO `card` (id, type, title, header, content, option) VALUES ('22082_6', 3, NULL, 'assets/topic/asb/8557.png', 'Ninapika chakula chako.', NULL);
INSERT INTO `card` (id, type, title, header, content, option) VALUES ('22082_7', 3, NULL, 'assets/topic/asb/8559.png', 'Ninakupa mwangaza usiku.', NULL);
INSERT INTO `card` (id, type, title, header, content, option) VALUES ('22082_8', 3, NULL, 'assets/topic/asb/8560.png', 'Nina maarifa mengi.', NULL);
INSERT INTO `card` (id, type, title, header, content, option) VALUES ('22082_9', 3, NULL, 'assets/topic/asb/8561.png', 'Mimi ni mmoja wa familia yako.', NULL);
INSERT INTO `card` (id, type, title, header, content, option) VALUES ('22082_10', 3, NULL, 'assets/topic/asb/8562.png', 'Kuwa mwangalifu unaponialika nyumbani kwako.
Sipendi kuachwa peke yangu.', NULL);
INSERT INTO `card` (id, type, title, header, content, option) VALUES ('22082_11', 3, NULL, NULL, 'You are free to download, copy, translate or adapt this story and use the illustrations as long as you attribute in the following way:
Mimi ni Moto!
Author -
Deborah Namugosa, Beatres Nabune, Alison Tukei and Rose Sabano
Translation -
Brigid Simiyu
Illustration -
Rob Owen
Language -
Kiswahili
Level -
First sentences
© African Storybook Initiative 2014
Creative Commons: Attribution 4.0
Source
www.africanstorybook.org', NULL);
INSERT INTO `card` (id, type, title, header, content, option) VALUES ('22082_12', 1, 'Chora njiti ya kiberiti.', 'assets/topic/22082.svg', NULL, NULL);
INSERT INTO `cardExtra` (cardId, type, serial, content) VALUES ('22082_12', 2, 1, 'assets/topic/22082.svg');
INSERT INTO `card` (id, type, title, header, content, option) VALUES ('22082_13', 0, 'Moto huanza kama cheche ndogo.', NULL, NULL, 'oneAtATime');
INSERT INTO `cardExtra` (cardId, type, serial, content) VALUES ('22082_13', 1, 1, 'Kweli.');
INSERT INTO `cardExtra` (cardId, type, serial, content) VALUES ('22082_13', 0, 1, 'Si kweli.');
INSERT INTO `card` (id, type, title, header, content, option) VALUES ('22082_16', 0, 'Moto unasema ni sehemu ya familia yetu.', NULL, NULL, 'oneAtATime');
INSERT INTO `cardExtra` (cardId, type, serial, content) VALUES ('22082_16', 1, 1, 'Kweli.');
INSERT INTO `cardExtra` (cardId, type, serial, content) VALUES ('22082_16', 0, 1, 'Si kweli.');
INSERT INTO `card` (id, type, title, header, content, option) VALUES ('22082_19', 0, 'Kama kusingekua na Moto, tungepata matatizo gani?', 'assets/topic/asb/8558.png', NULL, 'open');
INSERT INTO `cardExtra` (cardId, type, serial, content) VALUES ('22082_19', 0, 1, 'Ingekua shida kupika');
INSERT INTO `cardExtra` (cardId, type, serial, content) VALUES ('22082_19', 0, 2, 'Kusingekua na Mwanga nyumbani.');
INSERT INTO `cardExtra` (cardId, type, serial, content) VALUES ('22082_19', 0, 3, 'Tungetetemeka kipindi cha baridi.');
INSERT INTO `cardExtra` (cardId, type, serial, content) VALUES ('22082_19', 0, 4, 'Ingekua vigumu kufanya kazi usiku.');
INSERT INTO `card` (id, type, title, header, content, option) VALUES ('3140', 2, 'Mke Mti', 'assets/topic/asb/2580.png', 'Mutugi Kamundi
Jemma Kahn', 'FFB3C8FF');
INSERT INTO `card` (id, type, title, header, content, option) VALUES ('3140_3', 3, NULL, 'assets/topic/asb/2584.png', 'Hapo zamani za kale, paliishi mzee aliyekuwa tajiri wa kila kitu. Alikuwa na shamba kubwa lenye rutuba,  ng''ombe, na mbuzi.
Lakini jinsi alivyozeeka ndivyo alivyohuzunika kwani hakuwa na mke.', NULL);
INSERT INTO `card` (id, type, title, header, content, option) VALUES ('3140_4', 3, NULL, 'assets/topic/asb/2585.png', 'Siku moja alipokuwa chini ya mti, alipata wazo zuri sana.
Aliwaza kuwa ikiwa hatapata mke, labda atajitengenezea mmoja.', NULL);
INSERT INTO `card` (id, type, title, header, content, option) VALUES ('3140_5', 3, NULL, 'assets/topic/asb/2583.png', 'Alianza kazi ya kumchonga mke kutoka kwa gogo la mti. Alipomaliza kuchonga sanamu, aliigusa macho nayo yakaanza kuona.
Kisha aliipulizia pumzi sanamu ikawa hai.', NULL);
INSERT INTO `card` (id, type, title, header, content, option) VALUES ('3140_6', 3, NULL, 'assets/topic/asb/2586.png', 'Akawa mwanamke mrembo zaidi ya wote aliokuwa ameona.
Alipiga magoti mbele yake na kumwomba awe mkewe.', NULL);
INSERT INTO `card` (id, type, title, header, content, option) VALUES ('3140_7', 3, NULL, 'assets/topic/asb/2587.png', 'Yule mume alimvisha kimori, shanga na mkufu wa kichwani, ishara kwamba alikuwa ameolewa. Kisha alimjengea nyumba akitumia matope na nyasi.
"Ninakuomba kitu kimoja tu," mzee yule alisema. "Usimwambie mtu yeyote mahali ulikotoka."', NULL);
INSERT INTO `card` (id, type, title, header, content, option) VALUES ('3140_8', 3, NULL, 'assets/topic/asb/2588.png', 'Lakini kabla ya kipindi kirefu, vijana kutoka kijiji jirani walianza kusema, "Inawezekanaje mzee kama huyu kumwoa msichana mrembo namna hii!"
Basi wakaamua kumwiba msichana yule na kumpeleka kijijini kwao.', NULL);
INSERT INTO `card` (id, type, title, header, content, option) VALUES ('3140_9', 3, NULL, 'assets/topic/asb/2589.png', 'Mkewe alipoibiwa, mzee huyo alihuzunika sana. Alihisi kwamba hangeishi bila mkewe. Akafikiria, "Labda nikipata kitu chochote kutoka kwake, nitapata faraja."
Aliwatuma njiwa wawili wakamtafute mkewe kisha wamwimbie na wampelekee kitu chochote kutoka kwa mkewe.', NULL);
INSERT INTO `card` (id, type, title, header, content, option) VALUES ('3140_10', 3, NULL, 'assets/topic/asb/2590.png', 'Walipomwona walimwimbia wimbo mtamu:
Mke mti, mke mti,
Mrembo kuliko wote,
Tumetumwa na mumeo,
Tunakujia kimori,
Turudishe kwa mumeo,
Asije kukusahau.', NULL);
INSERT INTO `card` (id, type, title, header, content, option) VALUES ('3140_11', 3, NULL, 'assets/topic/asb/2591.png', 'Aliwapa Kimori chake wakaruka, juu ya milima, juu ya mito, hadi wakarudi kwa mumewe.
Mzee alipokea kimori akakiweka usoni mwake kwa furaha akapata faraja.', NULL);
INSERT INTO `card` (id, type, title, header, content, option) VALUES ('3140_12', 3, NULL, 'assets/topic/asb/2592.png', 'Faraja hiyo haikudumu. Aliwatuma wale njiwa tena wakamwimbie mkewe:
Mke mti, mke mti,
Mrembo kuliko wote,
Tumetumwa na mumeo,
Tunakujia kimori,
Turudishe kwa mumeo,
Asije kukusahau.
Basi wakarudi tena wakiwa wamebeba mkufu ambao ulikuwa ishara ya mwanamke aliyeolewa.', NULL);
INSERT INTO `card` (id, type, title, header, content, option) VALUES ('3140_13', 3, NULL, 'assets/topic/asb/2581.png', 'Aliuchukua ule mkufu akapata faraja ya mke wake aliyekuwa katika kijiji cha watu wengine. Baada ya muda mfupi aliwaita njiwa tena akawatuma kwa mkewe tena wakamwimbie:
Mke mti, mke mti,
Mrembo kuliko wote,
Tumetumwa na mumeo,
Tunakujia kimori,
Turudishe kwa mumeo,
Asije kukusahau.', NULL);
INSERT INTO `card` (id, type, title, header, content, option) VALUES ('3140_14', 3, NULL, 'assets/topic/asb/2582.png', 'Walienda tena mara ya tatu wakatua mabegani mwake. Walipokuwa wakiimba, kila njiwa alikuwa akidona na kumng''oa jicho.
Punde si punde,  akageuka na kuwa sanamu. Miguu na mikono yake ilidondoka. Kichwa vilevile kilianguka. Akaanguka chini, pu!', NULL);
INSERT INTO `card` (id, type, title, header, content, option) VALUES ('3140_15', 3, NULL, 'assets/topic/asb/2593.png', 'Mumewe alilisukuma lile gogo la sanamu mtoni. Akalisimamisha upande wa mizizi ukiwa majini.
Na baada ya kupata maji na kupigwa na miale ya jua, lile gogo liliota majani tena kama zamani.', NULL);
INSERT INTO `card` (id, type, title, header, content, option) VALUES ('3140_16', 3, NULL, 'assets/topic/asb/2580.png', 'Na wakati upepo uvumapo, majani yake hushusha pumzi kama vile mwanamke hushusha pumzi anapotamani kumwona mumewe.', NULL);
INSERT INTO `card` (id, type, title, header, content, option) VALUES ('3140_17', 3, NULL, NULL, 'You are free to download, copy, translate or adapt this story and use the illustrations as long as you attribute in the following way:
Mke Mti
Author -
Southern African Folktale
Translation -
Mutugi Kamundi
Illustration -
Jemma Kahn
Language -
Kiswahili
Level -
Read aloud
© African Storybook Initiative 2014
Creative Commons: Attribution 4.0
Source
www.africanstorybook.org
Original source
http://www.youtube.com/watch?v=li8tkliflms', NULL);
INSERT INTO `card` (id, type, title, header, content, option) VALUES ('3140_18', 1, 'Paka rangi mti mwanamke.', 'assets/topic/3140.svg', NULL, NULL);
INSERT INTO `cardExtra` (cardId, type, serial, content) VALUES ('3140_18', 2, 1, 'assets/topic/3140.svg');
INSERT INTO `card` (id, type, title, header, content, option) VALUES ('3140_19', 0, 'Mtu mzee alimfanya mwanamke nje ya mti na kumoa.', NULL, NULL, 'oneAtATime');
INSERT INTO `cardExtra` (cardId, type, serial, content) VALUES ('3140_19', 1, 1, 'Kweli.');
INSERT INTO `cardExtra` (cardId, type, serial, content) VALUES ('3140_19', 0, 1, 'Si kweli');
INSERT INTO `card` (id, type, title, header, content, option) VALUES ('3140_22', 0, 'Mzee alimtuma ndege yupi kwa mwanamke?', NULL, NULL, 'oneAtATime');
INSERT INTO `cardExtra` (cardId, type, serial, content) VALUES ('3140_22', 1, 1, 'Njiwa');
INSERT INTO `cardExtra` (cardId, type, serial, content) VALUES ('3140_22', 0, 1, 'Kunguru');
INSERT INTO `cardExtra` (cardId, type, serial, content) VALUES ('3140_22', 0, 2, 'Tai');
INSERT INTO `cardExtra` (cardId, type, serial, content) VALUES ('3140_22', 0, 3, 'Kasuku');
INSERT INTO `card` (id, type, title, header, content, option) VALUES ('3140_27', 0, 'Je! Unampenda nani zaidi?', 'assets/topic/asb/2580.png', NULL, 'open');
INSERT INTO `cardExtra` (cardId, type, serial, content) VALUES ('3140_27', 0, 1, 'Rafiki');
INSERT INTO `cardExtra` (cardId, type, serial, content) VALUES ('3140_27', 0, 2, 'Mbwa');
INSERT INTO `cardExtra` (cardId, type, serial, content) VALUES ('3140_27', 0, 3, 'Kaka');
INSERT INTO `cardExtra` (cardId, type, serial, content) VALUES ('3140_27', 0, 4, 'Dada');
INSERT INTO `card` (id, type, title, header, content, option) VALUES ('22079', 2, 'Mke-mwenza mwenye wivu', 'assets/topic/asb/25521.png', 'Brigid Simiyu
Jacob Kono', 'FFB3C8FF');
INSERT INTO `card` (id, type, title, header, content, option) VALUES ('22079_3', 3, NULL, 'assets/topic/asb/25510.png', 'Hapo kale kulikuwa na wake wenza wawili. Waliishi katika nyumba moja na mume wao.', NULL);
INSERT INTO `card` (id, type, title, header, content, option) VALUES ('22079_4', 3, NULL, 'assets/topic/asb/25511.png', 'Kwa muda mrefu hakuna mke aliyejaliwa kupata watoto. Hatimaye, mke wa kwanza alishika mimba.
Alipojifungua mtoto, mume wao hakuwa nyumbani.', NULL);
INSERT INTO `card` (id, type, title, header, content, option) VALUES ('22079_5', 3, NULL, 'assets/topic/asb/25512.png', 'Mke wa pili aliwaonea wivu mke wa kwanza na mtoto wake.
Alianza kuwaza jinsi atakavyomwua mke mwenziwe ili awe mke wa pekee.', NULL);
INSERT INTO `card` (id, type, title, header, content, option) VALUES ('22079_6', 3, NULL, 'assets/topic/asb/25513.png', 'Nyakati hizo, watu hawakuzoea kupika chakula.
Walivila vyakula vikiwa vibichi.', NULL);
INSERT INTO `card` (id, type, title, header, content, option) VALUES ('22079_7', 3, NULL, 'assets/topic/asb/25514.png', 'Mke wa pili alisema, "Nitakipika chakula ili nimdhuru mke-mwenzangu."
Yeye aliamini kuwa chakula kilichopikwa kingeweza kumwua mtu.', NULL);
INSERT INTO `card` (id, type, title, header, content, option) VALUES ('22079_8', 3, NULL, 'assets/topic/asb/25515.png', 'Basi alianza kumpikia mke mwenziwe chakula.
Lakini, badala ya kufa, mke wa kwanza alizidi kuwa na afya nzuri kwa sababu ya kula chakula kilichopikwa.', NULL);
INSERT INTO `card` (id, type, title, header, content, option) VALUES ('22079_9', 3, NULL, 'assets/topic/asb/25516.png', 'Mume wao aliporudi nyumbani, alimkuta mtoto mchanga na mke wa kwanza mwenye afya. Pia alitambua kuwa chakula kilikuwa kikipikwa.', NULL);
INSERT INTO `card` (id, type, title, header, content, option) VALUES ('22079_10', 3, NULL, 'assets/topic/asb/25517.png', 'Mume huyo alishangazwa na upikaji wa chakula. Akauliza, "Nani aliwafunza kupika chakula?"
Mke wa pili akamnong''onezea mumewe, "Ninakipika chakula ili nimue mke mwenzangu."', NULL);
INSERT INTO `card` (id, type, title, header, content, option) VALUES ('22079_11', 3, NULL, 'assets/topic/asb/25518.png', '"Ninamwonea wivu kwa sababu alimpata mtoto ilhali mimi sina. Nina wasiwasi kuwa utanifukuza ubaki naye."', NULL);
INSERT INTO `card` (id, type, title, header, content, option) VALUES ('22079_12', 3, NULL, 'assets/topic/asb/25519.png', 'Mumewe alikasirika kisha akamuonya, "Acha kuwa na fikira hizo mbaya."', NULL);
INSERT INTO `card` (id, type, title, header, content, option) VALUES ('22079_13', 3, NULL, 'assets/topic/asb/25520.png', 'Kisha yule mume aliwaleta wakeze pamoja.
Aliwapatanisha wakaishi kwa amani.', NULL);
INSERT INTO `card` (id, type, title, header, content, option) VALUES ('22079_14', 3, NULL, 'assets/topic/asb/25521.png', 'Walikubali kuendelea kupika chakula kwa sababu kiliwafanya kuwa na afya nzuri.
Na hivi ndivyo upikaji wa chakula ulivyoanza!', NULL);
INSERT INTO `card` (id, type, title, header, content, option) VALUES ('22079_15', 3, NULL, NULL, 'You are free to download, copy, translate or adapt this story and use the illustrations as long as you attribute in the following way:
Mke-mwenza mwenye wivu
Author -
Mary Narebon
Translation -
Brigid Simiyu
Illustration -
Jacob Kono
Language -
Kiswahili
Level -
First paragraphs
© African Storybook Initiative 2017
Creative Commons: Attribution 4.0
Source
www.africanstorybook.org', NULL);
INSERT INTO `card` (id, type, title, header, content, option) VALUES ('7860', 2, 'Mkeka wa Akai', 'assets/topic/asb/6007.png', 'Brigid Simiyu
 Catherine Groenewald', 'FF9DEDE3');
INSERT INTO `card` (id, type, title, header, content, option) VALUES ('7860_3', 3, NULL, 'assets/topic/asb/5845.png', 'Akai alipokuwa mdogo, mamake alikuwa na mazoea ya kumlaza kwenye mkeka maridadi. Mkeka huo ulitengezwa na shangaziye Akai kwa majani ya mtende.', NULL);
INSERT INTO `card` (id, type, title, header, content, option) VALUES ('7860_4', 3, NULL, 'assets/topic/asb/5846.png', 'Mkeka wa Akai ulikuwa na rangi za waridi, bluu na kijani kibichi. Ulikuwa tofauti na mikeka mingine aliyokuwa nayo mamake.', NULL);
INSERT INTO `card` (id, type, title, header, content, option) VALUES ('7860_5', 3, NULL, 'assets/topic/asb/5847.png', 'Makazi ya kina Akai yalikuwa katika sehemu kavu,  iliyojaa mawe na yenye joto. Kulikuwa na nge, buibui na nyoka pia. Akai hakuwahi kuumwa na viumbe hao hatari.', NULL);
INSERT INTO `card` (id, type, title, header, content, option) VALUES ('7860_6', 3, NULL, 'assets/topic/asb/5848.png', '"Huu mkeka wako wa kipekee hukukinga na hatari." Mamake alimwambia.', NULL);
INSERT INTO `card` (id, type, title, header, content, option) VALUES ('7860_7', 3, NULL, 'assets/topic/asb/5996.png', 'Akai alikuwa mtoto mwerevu. Alijua mahali kilipokuwa kisima cha karibu.', NULL);
INSERT INTO `card` (id, type, title, header, content, option) VALUES ('7860_8', 3, NULL, 'assets/topic/asb/5997.png', 'Vile vile alijua mahali ilipokuwa manyatta ya nyanyake. Mara kwa mara alienda kwa nyanyake kunywa maziwa ya ngamia.', NULL);
INSERT INTO `card` (id, type, title, header, content, option) VALUES ('7860_9', 3, NULL, 'assets/topic/asb/5999.png', 'Siku moja, Akai aliondoka nyumbani kwenda kwa nyanyake. Alipotelea milimani, akaogopa.', NULL);
INSERT INTO `card` (id, type, title, header, content, option) VALUES ('7860_10', 3, NULL, 'assets/topic/asb/6000.png', 'Aliamua kuketi chini ya mti wa edome kusubiri usaidizi. Muda mfupi baadaye, alilala akaota ndoto.', NULL);
INSERT INTO `card` (id, type, title, header, content, option) VALUES ('7860_11', 3, NULL, 'assets/topic/asb/6001.png', 'Ndotoni, Akai alikuwa amelala kwenye mkeka wake kipekee. Bi kizee aliyefanana na nyanyake alikuwa akimchunga. Bi kizee huyo alitabasamu na kumpa maziwa. Akai alipounyoosha mkono wake kuyapokea, aliamka.', NULL);
INSERT INTO `card` (id, type, title, header, content, option) VALUES ('7860_12', 3, NULL, 'assets/topic/asb/6002.png', 'Akai aliyafungua macho yake pole pole. Alitazama juu akamwona ndege mdogo wa rangi ya bluu kwenye tawi.', NULL);
INSERT INTO `card` (id, type, title, header, content, option) VALUES ('7860_13', 3, NULL, 'assets/topic/asb/6003.png', 'Akai aliposimama, yule ndege alipapatisha mbawa zake kisha akamwongoza. Akai alimfuata.', NULL);
INSERT INTO `card` (id, type, title, header, content, option) VALUES ('7860_14', 3, NULL, 'assets/topic/asb/6004.png', 'Akai alifika mahali penye njia panda. Yule ndege akakitupa kipande cha mkeka kilichofanana na ule wake.', NULL);
INSERT INTO `card` (id, type, title, header, content, option) VALUES ('7860_15', 3, NULL, 'assets/topic/asb/6005.png', 'Akai alikichukuwa kipande hicho akakitazama kwa makini. Aliziona nyayo alizozifahamu kuwa za mamake. Baadaye, alikiona kisima walikochota maji.', NULL);
INSERT INTO `card` (id, type, title, header, content, option) VALUES ('7860_16', 3, NULL, 'assets/topic/asb/6006.png', 'Akai hatimaye alifika nyumbani. Watu wote wa familia yake waliimba na kucheza kumkaribisha nyumbani. Walimchinjia mbuzi, wakachoma nyama na kusherehekea kurudi salama kwa mtoto wao.', NULL);
INSERT INTO `card` (id, type, title, header, content, option) VALUES ('7860_17', 3, NULL, 'assets/topic/asb/6007.png', 'Akai aliukalia mkeka wake wa kipekee akila kipande kikubwa cha nyama. Akai alifurahi sana.', NULL);
INSERT INTO `card` (id, type, title, header, content, option) VALUES ('7860_18', 3, NULL, NULL, 'You are free to download, copy, translate or adapt this story and use the illustrations as long as you attribute in the following way:
Mkeka wa Akai
Author -
Ursula Nafula
Translation -
Brigid Simiyu
Illustration -
Catherine Groenewald
Language -
Kiswahili
Level -
First paragraphs
© African Storybook Initiative 2014
Creative Commons: Attribution 4.0
Source
www.africanstorybook.org', NULL);
INSERT INTO `card` (id, type, title, header, content, option) VALUES ('2530', 2, 'Mkoba uzungumzao', 'assets/topic/asb/1461.png', 'Mutugi Kamundi
Wiehan de Jager', 'FFB3C8FF');
INSERT INTO `card` (id, type, title, header, content, option) VALUES ('2530_3', 3, NULL, 'assets/topic/asb/1461.png', 'Hapo zamani za kale aliishi jitu jike lililoitwa Motio. Siku moja lilipokuwa likitembea kando mwa ziwa liliwaona wasichana watatu, Lisa, Vera na Elsa. Likawauliza, "Ni nani kati yenu anayependwa na wazazi wote wawili?"', NULL);
INSERT INTO `card` (id, type, title, header, content, option) VALUES ('2530_4', 3, NULL, 'assets/topic/asb/1462.png', 'Lisa alijibu kwanza, akasema, "Mamangu hunipenda zaidi." Vera naye akasema, "Babangu hunipenda zaidi." Elsa akasema, "Baba na mama wananipenda sawa."', NULL);
INSERT INTO `card` (id, type, title, header, content, option) VALUES ('2530_5', 3, NULL, 'assets/topic/asb/1463.png', 'Motio alimwambia Elsa amfuate akamsaidie kuliinua tita la kuni amwekee mgongoni. Elsa alimfuata Motio bila kuogopa.', NULL);
INSERT INTO `card` (id, type, title, header, content, option) VALUES ('2530_6', 3, NULL, 'assets/topic/asb/1465.png', 'Walipotembea hatua chache, Elsa alimuuliza Motio, "Zi wapi kuni zako nikusaidie?" Motio akajibu, "Ziko karibu na ile miti."', NULL);
INSERT INTO `card` (id, type, title, header, content, option) VALUES ('2530_7', 3, NULL, 'assets/topic/asb/1466.png', 'Walipofika hapo, Elsa akamuuliza Motio tena, "Zi wapi kuni zako?" Motio akajibu, "Haziko mbali kutoka hapa."', NULL);
INSERT INTO `card` (id, type, title, header, content, option) VALUES ('2530_8', 3, NULL, 'assets/topic/asb/1467.png', 'Walipokuwa wakitembea, walikutana na mwanamume. Mwanamume huyo alimuuliza Motio,  "Mtoto wako anaitwaje?" Motio akajibu, "Anaitwa Mkoba Uzungumzao."', NULL);
INSERT INTO `card` (id, type, title, header, content, option) VALUES ('2530_9', 3, NULL, 'assets/topic/asb/1468.png', 'Elsa aliimba kwa sauti, "Mimi kamwe si mkoba.  Mkoba hauongei. Ninaitwa Elsa. Lo! Nyumbani kwetu, Mama nimpendaye, Baba nimpendaye, Kata nilinywealo maziwa."', NULL);
INSERT INTO `card` (id, type, title, header, content, option) VALUES ('2530_10', 3, NULL, 'assets/topic/asb/1469.png', 'Mwanamume huyo alipousikia wimbo wa Elsa,  alimhurumia, akamuuliza amwelezee juu ya wazazi wake. Alimnusuru kutoka kwa Motio na kumrudisha kwa babake na mamake. Wazazi wake walimshukuru mwanamume huyo na wakaishi kwa furaha na mtoto wao.', NULL);
INSERT INTO `card` (id, type, title, header, content, option) VALUES ('2530_11', 3, NULL, NULL, 'You are free to download, copy, translate or adapt this story and use the illustrations as long as you attribute in the following way:
Mkoba uzungumzao
Author -
Caroline Lentupuru
Translation -
Mutugi Kamundi
Illustration -
Wiehan de Jager
Language -
Kiswahili
Level -
Longer paragraphs
© African Storybook Initiative 2014
Creative Commons: Attribution 4.0
Source
www.africanstorybook.org', NULL);
INSERT INTO `card` (id, type, title, header, content, option) VALUES ('13026', 2, 'Mlinzi na chekechea yake', 'assets/topic/asb/12997.png', 'Ursula Nafula
 Magriet Brink', 'FF9DEDE3');
INSERT INTO `card` (id, type, title, header, content, option) VALUES ('13026_3', 3, NULL, 'assets/topic/asb/12979.png', 'Hadithi hii anamhusu Mlinzi na chekechea yake ya wanyama mayatima.', NULL);
INSERT INTO `card` (id, type, title, header, content, option) VALUES ('13026_4', 3, NULL, 'assets/topic/asb/12980.png', 'Agosti ulikuwa mwezi wenye shughuli nyingi. Mlinzi na wasaidizi wake waliwapokea wanyama wengi katika chekechea yao.', NULL);
INSERT INTO `card` (id, type, title, header, content, option) VALUES ('13026_5', 3, NULL, 'assets/topic/asb/12981.png', 'Mkite alikuwa wa kwanza kufika. Alikuwa mtoto wa tembo mwenye umri wa mwaka mmoja.', NULL);
INSERT INTO `card` (id, type, title, header, content, option) VALUES ('13026_6', 3, NULL, 'assets/topic/asb/12982.png', 'Mlinzi na wasaidizi wake walimhurumia Mkite sana. Alikuwa amekonda na mwenye huzuni.', NULL);
INSERT INTO `card` (id, type, title, header, content, option) VALUES ('13026_7', 3, NULL, 'assets/topic/asb/12983.png', 'Siku chache baadaye, afya ya Mkite iliimarika. Alicheza na wanyama wengine aliowakuta pale.', NULL);
INSERT INTO `card` (id, type, title, header, content, option) VALUES ('13026_8', 3, NULL, 'assets/topic/asb/12984.png', 'Siku nyingine katika mwezi huo wa Agosti, helikopta ilitua mbele ya chekechea.', NULL);
INSERT INTO `card` (id, type, title, header, content, option) VALUES ('13026_9', 3, NULL, 'assets/topic/asb/12985.png', 'Walimpokea yatima wa pili katika mwezi huo. Alikuwa mtoto mwingine wa tembo. Alikuwa amefunikwa kwa  blanketi.', NULL);
INSERT INTO `card` (id, type, title, header, content, option) VALUES ('13026_10', 3, NULL, 'assets/topic/asb/12986.png', 'Yatima huyo aliitwa Ndiwa. Alikuwa na umri wa siku tano. Mlinzi aliitumia chupa kumnywesha maziwa.', NULL);
INSERT INTO `card` (id, type, title, header, content, option) VALUES ('13026_11', 3, NULL, 'assets/topic/asb/12987.png', 'Yatima wa tatu kufika mwezi huo alikuwa Malea, kifaru. Malea alikwa na umri wa miezi sita.', NULL);
INSERT INTO `card` (id, type, title, header, content, option) VALUES ('13026_12', 3, NULL, 'assets/topic/asb/12988.png', 'Malea na Enkare walikuwa marafiki wakubwa. Enkare alikuwa nyati mtoto. Walienda kila mahali pamoja.', NULL);
INSERT INTO `card` (id, type, title, header, content, option) VALUES ('13026_13', 3, NULL, 'assets/topic/asb/12989.png', 'Usiku mmoja, Mlinzi na wasaidizi wake waliamshwa. Walimpokea twiga mtoto aliyepewa jina Ambia.', NULL);
INSERT INTO `card` (id, type, title, header, content, option) VALUES ('13026_14', 3, NULL, 'assets/topic/asb/12990.png', 'Ambia alikuwa na umri wa miezi mitano. Alihisi njaa na uchovu baada ya safari ndefu.', NULL);
INSERT INTO `card` (id, type, title, header, content, option) VALUES ('13026_15', 3, NULL, 'assets/topic/asb/12991.png', 'Kwa sababu ya urefu wake, Mlinzi aliupanda mti kumlisha.', NULL);
INSERT INTO `card` (id, type, title, header, content, option) VALUES ('13026_16', 3, NULL, 'assets/topic/asb/12992.png', 'Abei na Moit, swara mapacha, walifika katikati ya mwezi wa Agosti. Walikuwa wamezaliwa saa chache tu. Walikuwa wagonjwa sana.', NULL);
INSERT INTO `card` (id, type, title, header, content, option) VALUES ('13026_17', 3, NULL, 'assets/topic/asb/12994.png', 'Walihuzunika Abei alipoaga dunia wiki moja baadaye. Mlinzi na wasaidizi wake walimwokoa Moit.', NULL);
INSERT INTO `card` (id, type, title, header, content, option) VALUES ('13026_18', 3, NULL, 'assets/topic/asb/12997.png', 'Mayatima wa mwisho kufika mwezi huo wa Agosti walikuwa Kopi, Kepi na Keji. Walikuwa wana wa simba wenye umri wa wiki mbili. Walikuwa na kiu sana.', NULL);
INSERT INTO `card` (id, type, title, header, content, option) VALUES ('13026_19', 3, NULL, 'assets/topic/asb/12995.png', 'Mlinzi na wasaidizi wake waliwapenda wanyama wote hata wale watukutu.', NULL);
INSERT INTO `card` (id, type, title, header, content, option) VALUES ('13026_20', 3, NULL, 'assets/topic/asb/12996.png', 'Mtukutu kwa wote alikuwa Lobolia. Alizoea kuichukua miwani ya Mlinzi.', NULL);
INSERT INTO `card` (id, type, title, header, content, option) VALUES ('13026_21', 3, NULL, 'assets/topic/asb/12998.png', 'Wafanyakazi wa chekechea wanafanya bidii kuwatunza wanyama hao. Watakapoweza kujitegemea, watarudi porini.', NULL);
INSERT INTO `card` (id, type, title, header, content, option) VALUES ('13026_22', 3, NULL, NULL, 'MAZOEZI:   Soma tena hadithi kisha ujibu maswali haya. 1. Wanyama wangapi walifika katika chekechea mwezi Agosti? 2. Nani alifika kwanza? 3. Mnyama huyu alikuwa na umri gani? 4. Nani alifika mwisho? Wanyama hao walikuwa na umri gani? 5. Wanyama gani waliokuwa na umri wa chini zaidi? 6. Walikuwa na umri gani? 7. Mnyama yupi aliyefika mwezi Agosti aliyekuwa mzee kwa wote?', NULL);
INSERT INTO `card` (id, type, title, header, content, option) VALUES ('13026_23', 3, NULL, NULL, 'You are free to download, copy, translate or adapt this story and use the illustrations as long as you attribute in the following way:
Mlinzi na chekechea yake
Author -
Ursula Nafula and Nina Orange
Translation -
Ursula Nafula
Illustration -
Magriet Brink
Language -
Kiswahili
Level -
First paragraphs
© African Storybook Initiative 2015
Creative Commons: Attribution 4.0
Source
www.africanstorybook.org', NULL);
INSERT INTO `card` (id, type, title, header, content, option) VALUES ('24771', 2, 'Mojo na Kobe', 'assets/topic/asb/26787.png', 'Ursula  Nafula
Edwin  Irabor', 'FF9DEDE3');
INSERT INTO `card` (id, type, title, header, content, option) VALUES ('24771_3', 3, NULL, 'assets/topic/asb/26785.png', 'Hapo zamani, ndege aliyeitwa Mojo aliishi katika ufalme wa Baro. Kobe alikuwa rafikiye.
Mojo alikuwa mjumbe na alisafiri mbali kupeleka jumbe.', NULL);
INSERT INTO `card` (id, type, title, header, content, option) VALUES ('24771_4', 3, NULL, 'assets/topic/asb/26786.png', 'Siku moja, Mfalme Simba alimwita Mojo.
Mfalme Simba alimtaka apeleke ujumbe wa maana kwa Jamaa yake, Smba Marara, aliyekuwa mfalme kwenye ufalme tofauti.', NULL);
INSERT INTO `card` (id, type, title, header, content, option) VALUES ('24771_5', 3, NULL, 'assets/topic/asb/26787.png', 'Kobe aliposikia hivyo, alimwonea wivu.
Alimshauri Mojo, "Usiende. Ni mtego. Simba anakutuma wewe kama kafara."', NULL);
INSERT INTO `card` (id, type, title, header, content, option) VALUES ('24771_6', 3, NULL, 'assets/topic/asb/26788.png', 'Mojo aliogopa. Siku iliyofuata, alienda kwa jamaa yake  Jimbi akamwambia alivyoambiwa na Kobe.
Jimbi hakumwamini Kobe.', NULL);
INSERT INTO `card` (id, type, title, header, content, option) VALUES ('24771_7', 3, NULL, 'assets/topic/asb/26789.png', '"Nitakutayarishia mlo mtamu usiku wa leo," Kobe alimweleza Mojo alipokutana naye baadaye.
Mojo alienda nyumbani kwa Kobe kwa furaha kwa mlo.', NULL);
INSERT INTO `card` (id, type, title, header, content, option) VALUES ('24771_8', 3, NULL, 'assets/topic/asb/26790.png', 'Mojo alipokuwa akistarehe, Kobe alimtupia wavu akamnasa! Kisha alienda nje kutafuta kuni.
Mojo hakuweza kusonga. "Nisaidie, nisaidie!" alilia.', NULL);
INSERT INTO `card` (id, type, title, header, content, option) VALUES ('24771_9', 3, NULL, 'assets/topic/asb/26791.png', 'Jimbi alikuwa karibu na nyumba ya Kobe. Alimsikia Mojo akipiga kelele. Aliita, "Mojo? Mojo?"
"Jimbi! Njoo uniokoe!" Mojo alijibu.
Jimbi alienda kwa haraka mahali Mojo alikuwa.', NULL);
INSERT INTO `card` (id, type, title, header, content, option) VALUES ('24771_10', 3, NULL, 'assets/topic/asb/26792.png', 'Jimbi alimwokoa Mojo kutoka kwenye wavu.
Mojo alimshukuru Jimbi kisha akikimbia na kwenda zake.
Mojo alimwambia Mfalme Simba kuhusu jambo hilo.  Mfalme alimfukuza Kobe kutoka kwenye ufalme wake.', NULL);
INSERT INTO `card` (id, type, title, header, content, option) VALUES ('24771_11', 3, NULL, NULL, 'You are free to download, copy, translate or adapt this story and use the illustrations as long as you attribute in the following way:
Mojo na Kobe
Author -
Monica Oyovwevotu Dale
Translation -
Ursula  Nafula
Illustration -
Edwin  Irabor
Language -
Kiswahili
Level -
First paragraphs
© African Storybook Initiative 2018
Creative Commons: Attribution 4.0
Source
www.africanstorybook.org', NULL);
INSERT INTO `card` (id, type, title, header, content, option) VALUES ('18419', 2, 'Moto, Maji, Ukweli na Uongo', 'assets/topic/asb/18348.png', 'Ursula Nafula
Marion Drew', 'FF9DEDE3');
INSERT INTO `card` (id, type, title, header, content, option) VALUES ('18419_3', 3, NULL, 'assets/topic/asb/18347.png', 'Zamani kulikuwa na marafiki wanne.
Majina yao yalikuwa Moto, Maji, Ukweli na Uongo.', NULL);
INSERT INTO `card` (id, type, title, header, content, option) VALUES ('18419_4', 3, NULL, 'assets/topic/asb/18348.png', 'Uongo hakufurahi. Alitaka kuuvunja urafiki wao.', NULL);
INSERT INTO `card` (id, type, title, header, content, option) VALUES ('18419_5', 3, NULL, 'assets/topic/asb/18349.png', 'Siku moja Uongo alisema, "Tuitafute nchi huru ili kila mmoja wetu amiliki ufalme wake."
Walikubaliana wakaanza kutafuta nchi huru.', NULL);
INSERT INTO `card` (id, type, title, header, content, option) VALUES ('18419_6', 3, NULL, 'assets/topic/asb/18350.png', 'Uongo alimwambia Maji, "Moto ni adui yetu mkubwa. Yeye huunguza kila kitu. Tutafute ufalme ambako Moto hatakuweko."', NULL);
INSERT INTO `card` (id, type, title, header, content, option) VALUES ('18419_7', 3, NULL, 'assets/topic/asb/18351.png', 'Maji akauliza, "Tutafanyaje?" Uongo akamjibu,  "Ni wazi kwamba tutamuua. Ni wewe tu uliye na uwezo wa kufanya hivyo. Atakapokuwa ameketi chini,  jimwagilie kwake umharibu!"', NULL);
INSERT INTO `card` (id, type, title, header, content, option) VALUES ('18419_8', 3, NULL, 'assets/topic/asb/18352.png', 'Maji alisema, "Nikifanya hivyo nitamwagika duniani. Sitaweza kujikusanya na kuwa pamoja tena." Uongo alikanusha, "Hilo si tatizo. Nitayaweka mawe chini yakuzuie kuenee kila mahali. Kisha nitakukusanya tena." Uongo alifanya hivyo.', NULL);
INSERT INTO `card` (id, type, title, header, content, option) VALUES ('18419_9', 3, NULL, 'assets/topic/asb/18353.png', 'Moto alipokuwa ameketi chini, Maji alijimwaga kwake bila Moto kujua. Kupitia njia hiyo, Uongo aliweza kumwangamiza Moto.
Yeye na Maji waliendelea na safari yao.', NULL);
INSERT INTO `card` (id, type, title, header, content, option) VALUES ('18419_10', 3, NULL, 'assets/topic/asb/18354.png', 'Baada ya muda, Uongo alimwambia Maji, "Hebu keti juu ya ukingo huu ili uyafurahie mandhari haya."', NULL);
INSERT INTO `card` (id, type, title, header, content, option) VALUES ('18419_11', 3, NULL, 'assets/topic/asb/18355.png', 'Maji alipokuwa ameketi chini, Uongo aliyaondosha mawe yaliyomzingira.
Maji alimwagika akatapakaa kila mahali. Huo ndio uliokuwa mwisho wake.', NULL);
INSERT INTO `card` (id, type, title, header, content, option) VALUES ('18419_12', 3, NULL, 'assets/topic/asb/18356.png', 'Sasa Uongo alilazimika kumwangamiza Ukweli.
Walipofika kwenye mlima mkubwa, Uongo alimweleza Ukweli asubiri chini ya mlima.', NULL);
INSERT INTO `card` (id, type, title, header, content, option) VALUES ('18419_13', 3, NULL, 'assets/topic/asb/18357.png', 'Kisha Uongo akalisukuma jiwe kubwa kutoka juu kumwangamiza Ukweli.', NULL);
INSERT INTO `card` (id, type, title, header, content, option) VALUES ('18419_14', 3, NULL, 'assets/topic/asb/18358.png', 'Jiwe lilipoporomoka chini, almasi, dhahabu na vito tofauti vya thamani vilianguka.
Ukweli aliweza kujivuta na kutoka chini ya jiwe lililokuwa limevunjika.', NULL);
INSERT INTO `card` (id, type, title, header, content, option) VALUES ('18419_15', 3, NULL, 'assets/topic/asb/18359.png', 'Uongo alishuka chini kutazama mwili wa Ukweli. Badala yake, aliviona vito vya thamani.
Akauliza, "Vito hivi vimetoka wapi?"', NULL);
INSERT INTO `card` (id, type, title, header, content, option) VALUES ('18419_16', 3, NULL, 'assets/topic/asb/18360.png', 'Ukweli alijibu, "Jiwe liliponiangukia, vito hivi vilimwagika." Uongo pia alitaka vito hivyo vya thamani.
Alisema, "Nitaenda chini ya mlima na wewe uende juu. Kisha uliangushe jiwe lingine kubwa."', NULL);
INSERT INTO `card` (id, type, title, header, content, option) VALUES ('18419_17', 3, NULL, 'assets/topic/asb/18361.png', 'Basi, Ukweli akapanda juu ya mlima akalisukuma chini lili jiwe kubwa.', NULL);
INSERT INTO `card` (id, type, title, header, content, option) VALUES ('18419_18', 3, NULL, 'assets/topic/asb/18362.png', 'Jiwe hilo lilimwangukia Uongo kichwani. Akafa papo hapo.', NULL);
INSERT INTO `card` (id, type, title, header, content, option) VALUES ('18419_19', 3, NULL, NULL, 'You are free to download, copy, translate or adapt this story and use the illustrations as long as you attribute in the following way:
Moto, Maji, Ukweli na Uongo
Author -
Merga Debelo and Elizabeth Laird
Translation -
Ursula Nafula
Illustration -
Marion Drew
Language -
Kiswahili
Level -
First paragraphs
© African Storybook Initiative 2016
Creative Commons: Attribution 4.0
Source
www.africanstorybook.org
Original source
www.ethiopianfolktales.com', NULL);
INSERT INTO `card` (id, type, title, header, content, option) VALUES ('2994', 2, 'Msichana mwenye titi moja', 'assets/topic/asb/2673.png', 'Mutugi Kamundi
 Rachael Napagi', 'FFF4E1B5');
INSERT INTO `card` (id, type, title, header, content, option) VALUES ('2994_3', 3, NULL, 'assets/topic/asb/2673.png', 'Hapo kale palikuwa na mtu aliyeishi na mkewe aliyempenda sana. Siku moja alitembea msituni. Njiani alikutana na msichana mmoja mwembamba na mrembo mno. Alimpenda papo hapo. Msichana vilevile alimkubali mara moja. Lakini, msichana yule alimwambia kuwa alikuwa na titi moja tu.', NULL);
INSERT INTO `card` (id, type, title, header, content, option) VALUES ('2994_4', 3, NULL, 'assets/topic/asb/2674.png', 'Msichana yule alimwambia mwanamme huyo aende nyumbani, akate titi moja la mkwewe amletee. Hivyo yeye angekuwa na matiti mawili nao wangeoana. Mwanamme alikimbia kwa kasi, akachukua kisu,  akamrukia mkewe mpendwa na kukata titi lake mara moja.', NULL);
INSERT INTO `card` (id, type, title, header, content, option) VALUES ('2994_5', 3, NULL, 'assets/topic/asb/2675.png', 'Alifanya haraka kurudi msituni alikomwacha mpenzi wake mpya. Lakini hakuwapo. Aliliita jina lake kwa sauti, lakini ilikuwa kimya tu. Kisha alisikia sauti ikisema, "Kwa nini unaita? Kwani hujui kwamba uko katika msitu wa mapepo?"', NULL);
INSERT INTO `card` (id, type, title, header, content, option) VALUES ('2994_6', 3, NULL, 'assets/topic/asb/2676.png', 'Mtu yule aliposikia hivyo, alikimbia kama risasi kurudi nyumbani. Alimpata mkewe tayari akiwa amefariki. Alihuzunika sana kwa ajili ya kitendo chake. Naye aliona heri afe.', NULL);
INSERT INTO `card` (id, type, title, header, content, option) VALUES ('2994_7', 3, NULL, NULL, 'You are free to download, copy, translate or adapt this story and use the illustrations as long as you attribute in the following way:
Msichana mwenye titi moja
Author -
Cornelius Wekunya
Translation -
Mutugi Kamundi
Illustration -
Rachael Napagi
Language -
Kiswahili
Level -
First paragraphs
© African Storybook Initiative 2014
Creative Commons: Attribution 4.0
Source
www.africanstorybook.org', NULL);
INSERT INTO `card` (id, type, title, header, content, option) VALUES ('13309', 2, 'Msitu wenye nyoka', 'assets/topic/asb/10763.png', 'Brigid Simiyu
Rob Owen', 'FF9DEDE3');
INSERT INTO `card` (id, type, title, header, content, option) VALUES ('13309_3', 3, NULL, 'assets/topic/asb/10763.png', 'Kijiji cha Sinyaire kimezungukwa na milima na misitu. Nyoka wengi huishi ndani ya misitu hiyo. Nyoka aliyekuwa mkubwa zaidi aliitwa Unyalego na wanakijiji. Nyoka huyo aliwameza mbuzi na kondoo wakiwa wazima.', NULL);
INSERT INTO `card` (id, type, title, header, content, option) VALUES ('13309_4', 3, NULL, 'assets/topic/asb/10765.png', 'Siku moja, Apiyo, Ajoh na Atieno walipokuwa wakienda msituni kutafuta kuni, bibi aliwaonya, "Jihadharini na Unyalego. Msichukue chochote kutoka msituni ila kuni."', NULL);
INSERT INTO `card` (id, type, title, header, content, option) VALUES ('13309_5', 3, NULL, 'assets/topic/asb/10766.png', 'Wasichana hao walifunganya maziwa, ndizi, viazi vitamu na maji. Wakachukua kamba za kufungia kuni na panga kali. Wakaondoka kwenda msituni.', NULL);
INSERT INTO `card` (id, type, title, header, content, option) VALUES ('13309_6', 3, NULL, 'assets/topic/asb/10767.png', 'Walipokuwa njiani, Ajoh, Apiyo na Atieno waliongea na kucheka. Ghafla, Apiyo alisema, "Kimya! Tunakaribia anakoishi Unyalego."', NULL);
INSERT INTO `card` (id, type, title, header, content, option) VALUES ('13309_7', 3, NULL, 'assets/topic/asb/10769.png', 'Ajoh hakuzingatia onyo la nyanyake. Atieno aliwaita,  "Tazameni, hapa kuna meno ya Unyalego ya dhahabu. Tuyachukue?" Apiyo aliwakumbusha,  "Msisahau kwamba bibi alituonya tusichukue chochote kutoka msituni ila kuni."', NULL);
INSERT INTO `card` (id, type, title, header, content, option) VALUES ('13309_8', 3, NULL, 'assets/topic/asb/10770.png', 'Ajoh akajibu, "Simwamini bibi. Nadhani alisema hivyo ili atuzuie kuchukua tunachotaka. Najua anatuonea wivu. Mimi nitayachukua hayo meno ya dhahabu." Dada zake walikuwa na wasiwasi wakamwonya Ajoh lakini, hakujali.', NULL);
INSERT INTO `card` (id, type, title, header, content, option) VALUES ('13309_9', 3, NULL, 'assets/topic/asb/10771.png', 'Baadaye, Unyalego alikuja kutafuta meno yake. Alikasirika alipoyakosa. Aliwasikia Ajoh, Apiyo na Atieno wakizungumza na kucheka. Akajificha kando ya njia ambayo wasichana wale wangepitia.', NULL);
INSERT INTO `card` (id, type, title, header, content, option) VALUES ('13309_10', 3, NULL, 'assets/topic/asb/10772.png', 'Walipokwisha kuzikusnaya kuni, walizibeba vichwani. Ghafla, wakasikia "Hzzzzzzzzz!" Walimwona Unyalego akiwa kinywa wazi, tayari kuwameza. Waliogopa sana wakajaribu kujificha.', NULL);
INSERT INTO `card` (id, type, title, header, content, option) VALUES ('13309_11', 3, NULL, 'assets/topic/asb/10773.png', 'Unyalego akawauliza, "Ni nani aliyeyachukua meno yangu ya dhahabu?" Walipokosa kumjibu, Unyalego akaamua kuwadadisi wasichana hao. Akasema,  "Ninataka muimbe wimbo. Yule atakayeimba bila kukosea, atakuwa hana hatia na ataenda nyumbani na kuni zake. Atakayekosea, ndiye aliye na hatia na atakuwa chakula changu kwa siku tatu zijazo!"', NULL);
INSERT INTO `card` (id, type, title, header, content, option) VALUES ('13309_12', 3, NULL, 'assets/topic/asb/10774.png', 'Apiyo aliimba kwanza kwa sauti nyororo: Sio mimi,  sio mimi niliyeiba meno, aliyeyaiba yuko hapo nyuma aaaah. Kisha Atieno akaimba: Sio mimi, sio mimi niliyeiba meno, aliyeyaiba yuko hapo nyuma aaaah.', NULL);
INSERT INTO `card` (id, type, title, header, content, option) VALUES ('13309_13', 3, NULL, 'assets/topic/asb/10775.png', 'Mwishowe, ilikuwa zamu ya Ajoh. Kwa uwoga alisongea mbele na kuanza kuimba: S.i.o mi-mi, s.i.o.  Aliimba vibaya akashindwa kuyatamka maneno sawa. Unyalego akamkemea, "Mbona huimbi vizuri kama wengine?"', NULL);
INSERT INTO `card` (id, type, title, header, content, option) VALUES ('13309_14', 3, NULL, 'assets/topic/asb/10776.png', 'Papo hapo, Unyalego akammeza Ajoh. Atieno na Apiyo walikimbia kuwaeleza wanakijiji yaliyotokea.', NULL);
INSERT INTO `card` (id, type, title, header, content, option) VALUES ('13309_15', 3, NULL, NULL, 'You are free to download, copy, translate or adapt this story and use the illustrations as long as you attribute in the following way:
Msitu wenye nyoka
Author -
Joseph Sanchez Nadimo
Translation -
Brigid Simiyu
Illustration -
Rob Owen
Language -
Kiswahili
Level -
Longer paragraphs
© African Storybook Initiative 2015
Creative Commons: Attribution 4.0
Source
www.africanstorybook.org', NULL);
INSERT INTO `card` (id, type, title, header, content, option) VALUES ('15861', 2, 'Mtoto aliyeleta Amani', 'assets/topic/asb/14590.png', 'Translators without Borders and Pete Mhunzi
 Jacob Kono', 'FF9DEDE3');
INSERT INTO `card` (id, type, title, header, content, option) VALUES ('15861_3', 3, NULL, 'assets/topic/asb/14580.png', 'Akadeli alimbeba mtoto wake. Alikwenda msituni kuchuma matunda.', NULL);
INSERT INTO `card` (id, type, title, header, content, option) VALUES ('15861_4', 3, NULL, 'assets/topic/asb/14581.png', 'Alipata mti uliojaa matunda mabivu.', NULL);
INSERT INTO `card` (id, type, title, header, content, option) VALUES ('15861_5', 3, NULL, 'assets/topic/asb/14582.png', 'Akadeli alimlaza mtoto wake chini akapanda mti.', NULL);
INSERT INTO `card` (id, type, title, header, content, option) VALUES ('15861_6', 3, NULL, 'assets/topic/asb/14583.png', 'Jasusi mmoja kutoka kijiji jirani alipitia pale akamwona mtoto. Kwa mshangao,  akajiuliza,  "Mamake mtoto huyu yuko wapi?"', NULL);
INSERT INTO `card` (id, type, title, header, content, option) VALUES ('15861_7', 3, NULL, 'assets/topic/asb/14584.png', 'Jasusi yule alipochutama,  sauti ya mikufu aliyoivaa shingoni mwake,  ilimwamsha mtoto.', NULL);
INSERT INTO `card` (id, type, title, header, content, option) VALUES ('15861_8', 3, NULL, 'assets/topic/asb/14585.png', 'Alimwacha mtoto aichezee mikufu hiyo.  Mtoto alicheza na kucheka.', NULL);
INSERT INTO `card` (id, type, title, header, content, option) VALUES ('15861_9', 3, NULL, 'assets/topic/asb/14586.png', 'Akadeli alitazama chini aone kilichomchekesha mtoto. Akamwona jasusi amechutama karibu na mtoto wake.', NULL);
INSERT INTO `card` (id, type, title, header, content, option) VALUES ('15861_10', 3, NULL, 'assets/topic/asb/14587.png', 'Hofu ilimwandama,  akauangusha mfuko wake uliojaa matunda.', NULL);
INSERT INTO `card` (id, type, title, header, content, option) VALUES ('15861_11', 3, NULL, 'assets/topic/asb/14588.png', 'Jasusi yule alitazama juu akasema,  "Usiogope. Ninacheza tu na mtoto wako mrembo."', NULL);
INSERT INTO `card` (id, type, title, header, content, option) VALUES ('15861_12', 3, NULL, 'assets/topic/asb/14589.png', 'Polepole, Akadeli akashuka kutoka mtini.', NULL);
INSERT INTO `card` (id, type, title, header, content, option) VALUES ('15861_13', 3, NULL, 'assets/topic/asb/14590.png', 'Jasusi akampa mtoto mkufu mmoja, akisema, "Hii ni zawadi yako."', NULL);
INSERT INTO `card` (id, type, title, header, content, option) VALUES ('15861_14', 3, NULL, 'assets/topic/asb/14591.png', 'Akamwambia Akadeli, "Mchukue mtoto na mkoba wako uende nyumbani. Mwambie mume wako ahamie sehemu yenye amani zaidi. Mtoto wako amenifanya nibadili nia."', NULL);
INSERT INTO `card` (id, type, title, header, content, option) VALUES ('15861_15', 3, NULL, NULL, 'You are free to download, copy, translate or adapt this story and use the illustrations as long as you attribute in the following way:
Mtoto aliyeleta Amani
Author -
John Nga''sike
Translation -
Translators without Borders and Pete Mhunzi
Illustration -
Jacob Kono
Language -
Kiswahili
Level -
First sentences
© African Storybook Initiative 2015
Creative Commons: Attribution 4.0
Source
www.africanstorybook.org', NULL);
INSERT INTO `card` (id, type, title, header, content, option) VALUES ('23300', 2, 'mtoto na korongo', 'assets/topic/asb/8485.png', 'Bushirah Kabatesi
Emily Berg', 'FF9DEDE3');
INSERT INTO `card` (id, type, title, header, content, option) VALUES ('23300_3', 3, NULL, 'assets/topic/asb/8479.png', 'mama na baba walienda shambani.
Walimwacha Makabi
mtoto.', NULL);
INSERT INTO `card` (id, type, title, header, content, option) VALUES ('23300_4', 3, NULL, 'assets/topic/asb/8482.png', 'Makabi alicheza
akasahau kumchunga
mtoto.', NULL);
INSERT INTO `card` (id, type, title, header, content, option) VALUES ('23300_5', 3, NULL, 'assets/topic/asb/8154.png', 'korongo walimkuta
mtoto akilia.', NULL);
INSERT INTO `card` (id, type, title, header, content, option) VALUES ('23300_6', 3, NULL, 'assets/topic/asb/8156.png', 'Walimbebea ndani ya
blanketi wakaruka
naye.', NULL);
INSERT INTO `card` (id, type, title, header, content, option) VALUES ('23300_7', 3, NULL, 'assets/topic/asb/8485.png', 'mama aliwaona
korongo wanne
wakiruka.Walikuwa
wamembeba mtoto
wake.', NULL);
INSERT INTO `card` (id, type, title, header, content, option) VALUES ('23300_8', 3, NULL, 'assets/topic/asb/8484.png', 'Mama aliwaona
korongo wanne
wakiruka.Walikuwa
wamembeba mtoto wake.', NULL);
INSERT INTO `card` (id, type, title, header, content, option) VALUES ('23300_9', 3, NULL, 'assets/topic/asb/8483.png', 'korongo walipotoka,
chura alimmeza  mtoto', NULL);
INSERT INTO `card` (id, type, title, header, content, option) VALUES ('23300_10', 3, NULL, 'assets/topic/asb/8486.png', 'Chura alitaka zawadi.
Alimrudisha mtoto
baada ya kupewa nzi
watatu.', NULL);
INSERT INTO `card` (id, type, title, header, content, option) VALUES ('23300_11', 3, NULL, NULL, 'You are free to download, copy, translate or adapt this story and use the illustrations as long as you attribute in the following way:
mtoto na korongo
Author -
South African Folktale
Translation -
Bushirah Kabatesi
Illustration -
Emily Berg
Language -
Kiswahili
Level -
First words
© African Storybook Initiative 2014
Creative Commons: Attribution 4.0
Source
www.africanstorybook.org', NULL);
INSERT INTO `card` (id, type, title, header, content, option) VALUES ('15865', 2, 'Mtoto Punda', 'assets/topic/asb/14980.png', 'Translators without Borders and Pete Mhunzi
 Meghan Judge', 'FF9DEDE3');
INSERT INTO `card` (id, type, title, header, content, option) VALUES ('15865_3', 3, NULL, 'assets/topic/asb/14972.png', 'Siku moja, msichana mdogo aliona umbo la ajabu kwa umbali.', NULL);
INSERT INTO `card` (id, type, title, header, content, option) VALUES ('15865_4', 3, NULL, 'assets/topic/asb/14973.png', 'Umbo hilo lilipokaribia, aligundua kwamba lilikuwa mwanamke mja mzito.', NULL);
INSERT INTO `card` (id, type, title, header, content, option) VALUES ('15865_5', 3, NULL, 'assets/topic/asb/14974.png', 'Kwa ushupavu, msichana huyo alimkaribia yule mwanamke mja mzito.
Jamaa zake wakasema, "Hatuna budi kumkaribisha akae nasi. Tutamlinda hadi mtoto wake atakapozaliwa."', NULL);
INSERT INTO `card` (id, type, title, header, content, option) VALUES ('15865_6', 3, NULL, 'assets/topic/asb/14976.png', 'Baadaye, mama huyo alikuwa tayari kujifungua.
Majirani wakashughulika. "Sukuma! Leta blanketi! Maji! Suukuumaaa!"', NULL);
INSERT INTO `card` (id, type, title, header, content, option) VALUES ('15865_7', 3, NULL, 'assets/topic/asb/14977.png', 'Mama alijifungua. Majirani walipomwona mtoto, wote walirudi nyuma kwa mshtuko.
"Punda!"', NULL);
INSERT INTO `card` (id, type, title, header, content, option) VALUES ('15865_8', 3, NULL, 'assets/topic/asb/14978.png', 'Wakaanza kugombana. "Tulikubali kuwa tutamlinda huyu mama hadi atakapojifungua, na hivyo ndivyo tutakavyofanya." Kiongozi wao alisema.
"Hapana! Tukifanya hivyo tutapata bahati mbaya!" Alisema jirani mwingine.', NULL);
INSERT INTO `card` (id, type, title, header, content, option) VALUES ('15865_9', 3, NULL, 'assets/topic/asb/14979.png', 'Mama yule alijikuta peke yake tena. Akajiuliza,  "Nitafanyaje na mtoto huyu mwenye kunifedhehesha?"', NULL);
INSERT INTO `card` (id, type, title, header, content, option) VALUES ('15865_10', 3, NULL, 'assets/topic/asb/14980.png', 'Hatimaye, alikubali kuwa huyo ni mtoto wake na yeye ndiye mamake.
Mtoto punda angalibaki alivyozaliwa, mambo yangekuwa tofauti.', NULL);
INSERT INTO `card` (id, type, title, header, content, option) VALUES ('15865_11', 3, NULL, 'assets/topic/asb/14981.png', 'Lakini, alikua, akakua, hadi mamake akashindwa kumbeba mgongoni. Mamake mara nyingi alichoka na kuvunjika moyo.
Mara nyingine mtoto punda alimfanyisha kazi za kinyama.', NULL);
INSERT INTO `card` (id, type, title, header, content, option) VALUES ('15865_12', 3, NULL, 'assets/topic/asb/14982.png', 'Mtoto punda alikasirika akachanganyikiwa. Hangeweza kufanya lolote kama binadamu. Hakufanana na huyu wala yule.
Alizidi kukasirika hadi siku moja akampiga mamake teke akaanguka chini.', NULL);
INSERT INTO `card` (id, type, title, header, content, option) VALUES ('15865_13', 3, NULL, 'assets/topic/asb/14983.png', 'Mtoto punda aliona aibu. Akakimbilia mbali kadiri alivyoweza.', NULL);
INSERT INTO `card` (id, type, title, header, content, option) VALUES ('15865_14', 3, NULL, 'assets/topic/asb/14984.png', 'Aliendelea kukimbia hadi usiku alipotambua kuwa amepotea. "Hi ho?" Alinong''ona gizani. "Hi ho?" Mwangwi ukamrudia.
Alijikunja mahali akalala usingizi wa mang''amung''amu.', NULL);
INSERT INTO `card` (id, type, title, header, content, option) VALUES ('15865_15', 3, NULL, 'assets/topic/asb/14985.png', 'Kulipokucha, mtoto punda aliamka na kumkuta mzee wa ajabu akimtazama. Naye pia akamtazama mzee machoni kwa hisia za matumaini. Mzee akasema,  "Njoo twende kwangu."', NULL);
INSERT INTO `card` (id, type, title, header, content, option) VALUES ('15865_16', 3, NULL, 'assets/topic/asb/14986.png', 'Mtoto punda alikubali mwaliko wa mzee. Mzee alimfundisha njia nyingi za maisha. Mtoto punda alijifunza mengi.', NULL);
INSERT INTO `card` (id, type, title, header, content, option) VALUES ('15865_17', 3, NULL, 'assets/topic/asb/14987.png', 'Asubuhi moja, mzee alimwomba mtoto punda ambebe hadi kilele cha mlima.', NULL);
INSERT INTO `card` (id, type, title, header, content, option) VALUES ('15865_18', 3, NULL, 'assets/topic/asb/14988.png', 'Walipofika juu mawinguni, walilala.
Mtoto punda akaota kuwa mamake ni mgonjwa na anamwita.', NULL);
INSERT INTO `card` (id, type, title, header, content, option) VALUES ('15865_19', 3, NULL, 'assets/topic/asb/14989.png', 'Alipoamka, mawingu yalikuwa yametoweka na mzee rafikiye alikuwa hayupo.', NULL);
INSERT INTO `card` (id, type, title, header, content, option) VALUES ('15865_20', 3, NULL, 'assets/topic/asb/14990.png', 'Hatimaye, mtoto punda alifahamu atakavyofanya.', NULL);
INSERT INTO `card` (id, type, title, header, content, option) VALUES ('15865_21', 3, NULL, 'assets/topic/asb/14991.png', 'Mtoto punda alirudi nyumbani akamkuta mamake amenuna. Mama na mtoto wake mpotevu walitazamana kwa muda mrefu.
Halafu wakakumbiatiana bila legezo.', NULL);
INSERT INTO `card` (id, type, title, header, content, option) VALUES ('15865_22', 3, NULL, 'assets/topic/asb/14992.png', 'Mtoto punda na mamake waliishi pamoja kwa ushirikiano.
Waliishi kwa furaha pamoja na majirani wao.', NULL);
INSERT INTO `card` (id, type, title, header, content, option) VALUES ('15865_23', 3, NULL, NULL, 'You are free to download, copy, translate or adapt this story and use the illustrations as long as you attribute in the following way:
Mtoto Punda
Author -
Lindiwe Matshikiza
Translation -
Translators without Borders and Pete Mhunzi
Illustration -
Meghan Judge
Language -
Kiswahili
Level -
First paragraphs
© Text: Lindiwe Matshikiza, Artwork: African Storybook Initiative 2015
Creative Commons: Attribution 4.0
Source
www.africanstorybook.org
Original source
www.donkeychildprojects.org', NULL);
INSERT INTO `card` (id, type, title, header, content, option) VALUES ('12915', 2, 'Mtoto wa Kima (Colour -In)', 'assets/topic/asb/9057.png', 'Brigid Simiyu
 Jesse Breytenbach', 'FFB3C8FF');
INSERT INTO `card` (id, type, title, header, content, option) VALUES ('12915_3', 3, NULL, 'assets/topic/asb/9042.png', 'Katika msitu wa Miwa,  aliishi Kima aliyehuzunika. Kila alipomzaa mtoto, aliaga dunia.', NULL);
INSERT INTO `card` (id, type, title, header, content, option) VALUES ('12915_4', 3, NULL, 'assets/topic/asb/9043.png', 'Uchungu wa kuwapoteza watoto ulimfanya Kima kuruka juu na chini. Angeruka kutoka tawi moja hadi nyingine huku akilia, "Kwi! Kwi! Kwi!"', NULL);
INSERT INTO `card` (id, type, title, header, content, option) VALUES ('12915_5', 3, NULL, 'assets/topic/asb/9044.png', 'Kima alihuzunika zaidi alipowaona kima wengine wakiwa na watoto wao.', NULL);
INSERT INTO `card` (id, type, title, header, content, option) VALUES ('12915_6', 3, NULL, 'assets/topic/asb/9045.png', 'Kima mwenye huzuni alikuwa na tabia ya kuketi juu ya tawi na kutazama juu! Siku zilivyopita, ndivyo Kima alilia zaidi na zaidi.', NULL);
INSERT INTO `card` (id, type, title, header, content, option) VALUES ('12915_7', 3, NULL, 'assets/topic/asb/9046.png', 'Baadaye, alimzaa mtoto mwingine. Aliamua kumpeleka njiani ili watu wote waliopita wamwone na kumtakia heri.', NULL);
INSERT INTO `card` (id, type, title, header, content, option) VALUES ('12915_8', 3, NULL, 'assets/topic/asb/9047.png', 'Siku moja, Kima alishuka kutoka mtini na kumweka mtoto wake njiani. Wakati huo, mwindaji mmoja alikuwa akirudi nyumbani. Alimwona mtoto wa Kima aliyelala kando ya njia.', NULL);
INSERT INTO `card` (id, type, title, header, content, option) VALUES ('12915_9', 3, NULL, 'assets/topic/asb/9048.png', 'Mwindaji huyo alimbeba mtoto wa Kima na kumpeleka nyumbani kwake. Alipofika, kila mmoja wa wanawe watatu alitaka kumbeba mtoto wa Kima.', NULL);
INSERT INTO `card` (id, type, title, header, content, option) VALUES ('12915_10', 3, NULL, 'assets/topic/asb/9054.png', 'Walicheza na kuimba:
Mtupe juu!
Mtupe chini!
Nitupie mimi!
Mtupie yeye! Walimtupa mtoto wa Kima kutoka kwa mmoja hadi kwa mwingine.', NULL);
INSERT INTO `card` (id, type, title, header, content, option) VALUES ('12915_11', 3, NULL, 'assets/topic/asb/9058.png', 'Walipokuwa wakicheza na mtoto wa Kima, mama Kima alijificha mtini na kuwatazama. Alihofia kwamba mwanawe angekufa kama vile wale wengine walivyokufa.', NULL);
INSERT INTO `card` (id, type, title, header, content, option) VALUES ('12915_12', 3, NULL, 'assets/topic/asb/9059.png', 'Mke wa mwindaji aliwaona wanawe wakicheza na yule mtoto wa Kima. "Tahadharini wanangu! Hebu mleteni hapa. Mtamwangusha!" Akasema.', NULL);
INSERT INTO `card` (id, type, title, header, content, option) VALUES ('12915_13', 3, NULL, 'assets/topic/asb/9057.png', 'Alimshika mtoto wa Kima na kumbariki.', NULL);
INSERT INTO `card` (id, type, title, header, content, option) VALUES ('12915_14', 3, NULL, 'assets/topic/asb/9060.png', 'Kisha mke wa mwindaji alimweka mtoto wa Kima chini. Mama Kima akamchukuwa na kumbeba mtoto wake kifuani. Halafu akatoweka mtini. Hakumpoteza tena mtoto mwingine!', NULL);
INSERT INTO `card` (id, type, title, header, content, option) VALUES ('12915_15', 3, NULL, NULL, 'You are free to download, copy, translate or adapt this story and use the illustrations as long as you attribute in the following way:
Mtoto wa Kima (Colour -In)
Author -
Wesley Kipkorir Rop
Translation -
Brigid Simiyu
Illustration -
Jesse Breytenbach
Language -
Kiswahili
Level -
First paragraphs
© African Storybook Initiative 2014
Creative Commons: Attribution 4.0
Source
www.africanstorybook.org', NULL);
INSERT INTO `card` (id, type, title, header, content, option) VALUES ('14812', 2, 'Mtoto wa miujiza', 'assets/topic/asb/14779.png', 'Alice Edui
 Wiehan de Jager', 'FF9DEDE3');
INSERT INTO `card` (id, type, title, header, content, option) VALUES ('14812_3', 3, NULL, 'assets/topic/asb/14777.png', 'Hapo kale aliishi mzee mmoja aliyeitwa Lotum.  Aliwafuga mbuzi, ngamia, ng''ombe na punda.
Mkewe,  Akiru, alikuwa mrembo sana.', NULL);
INSERT INTO `card` (id, type, title, header, content, option) VALUES ('14812_4', 3, NULL, 'assets/topic/asb/14778.png', 'Waliishi kwa muda mrefu bila kujaliwa mtoto. Baadaye, Akiru alijifungua mtoto mrembo.
Lotum alifurahi na kujivunia mkewe.', NULL);
INSERT INTO `card` (id, type, title, header, content, option) VALUES ('14812_5', 3, NULL, 'assets/topic/asb/14779.png', 'Siku moja, Akiru alimwacha mtoto nyumbani pekee ili aende kuwakama ng''ombe.
Kwa kawaida, alimwachia kibuyu cha maziwa.', NULL);
INSERT INTO `card` (id, type, title, header, content, option) VALUES ('14812_6', 3, NULL, 'assets/topic/asb/14780.png', 'Kila alipoachwa nyumbani, mtoto angeamka na kunywa maziwa yote kisha aanze kulia.
Mamake angekimbia chumbani kumtuliza.', NULL);
INSERT INTO `card` (id, type, title, header, content, option) VALUES ('14812_7', 3, NULL, 'assets/topic/asb/14781.png', 'Kila wakati Akiru alikipata kibuyu cha maziwa kikiwa kitupu.
Alishangazwa sana asijue ni nani aliyeyanywa maziwa yote.', NULL);
INSERT INTO `card` (id, type, title, header, content, option) VALUES ('14812_8', 3, NULL, 'assets/topic/asb/14782.png', 'Baada ya muda, Akiru alimjulisha mumewe Lotum mambo hayo.
Lotum akaamua kupeleleza.', NULL);
INSERT INTO `card` (id, type, title, header, content, option) VALUES ('14812_9', 3, NULL, 'assets/topic/asb/14783.png', 'Lotum alijificha chumbani humo. Mara alimwona mtoto akibugia kibuyu cha maziwa mdomoni.
Alishangaa kumwona mtoto akiyanywa maziwa na kuyamaliza.', NULL);
INSERT INTO `card` (id, type, title, header, content, option) VALUES ('14812_10', 3, NULL, 'assets/topic/asb/14784.png', 'Lotum na mkewe walipogundua haya, waliamua kuondoka usiku mtoto alipokuwa amelala.', NULL);
INSERT INTO `card` (id, type, title, header, content, option) VALUES ('14812_11', 3, NULL, 'assets/topic/asb/14785.png', 'Walimwachia mtoto wao ng''ombe mmoja, ngamia mmoja na mbuzi mmoja.', NULL);
INSERT INTO `card` (id, type, title, header, content, option) VALUES ('14812_12', 3, NULL, 'assets/topic/asb/14786.png', 'Mtoto alipoamka alishangazwa na jinsi nyumba ilivyokuwa tulivu. Akawaona wanyama alioachiwa.
Alikasirika na kuwaua ngamia na mbuzi. Hatimaye,  alijitosa tumboni mwa ng''ombe.', NULL);
INSERT INTO `card` (id, type, title, header, content, option) VALUES ('14812_13', 3, NULL, 'assets/topic/asb/14787.png', 'Siku moja ng''ombe akiwa malishoni, mwanamume mmoja alimwona, akafikiria, "Nitamchinja ng''ombe huyu nipate kitoweo."', NULL);
INSERT INTO `card` (id, type, title, header, content, option) VALUES ('14812_14', 3, NULL, 'assets/topic/asb/14788.png', 'Mara akachomoa mkuki na kumfuma tumboni akafa.
Alipokuwa akimchuna ngozi, alisikia sauti kutoka tumboni mwa ng''ombe, "Usiniumize, nimo humu!"', NULL);
INSERT INTO `card` (id, type, title, header, content, option) VALUES ('14812_15', 3, NULL, 'assets/topic/asb/14789.png', 'Mtoto huyo alitoka tumboni mwa ng''ombe na kujinatisha katika kichwa cha mwanamume huyo.
Mwanamume alijawa na hofu akatoroka kabla ya kuila ile nyama.', NULL);
INSERT INTO `card` (id, type, title, header, content, option) VALUES ('14812_16', 3, NULL, 'assets/topic/asb/14790.png', 'Walipofika nyumbani, mtoto alijinasua na kukaa mwambani. Mwanamume alimchinjia mtoto kondoo dume aliyenona.
Mtoto yule alikula, akashiba, akafurahi.', NULL);
INSERT INTO `card` (id, type, title, header, content, option) VALUES ('14812_17', 3, NULL, 'assets/topic/asb/14791.png', 'Usiku huo alitoweka asionekane tena.', NULL);
INSERT INTO `card` (id, type, title, header, content, option) VALUES ('14812_18', 3, NULL, NULL, 'You are free to download, copy, translate or adapt this story and use the illustrations as long as you attribute in the following way:
Mtoto wa miujiza
Author -
Simon Ipoo and Jackline Akute
Translation -
Alice Edui
Illustration -
Wiehan de Jager
Language -
Kiswahili
Level -
First paragraphs
© African Storybook Initiative 2015
Creative Commons: Attribution 4.0
Source
www.africanstorybook.org', NULL);
INSERT INTO `card` (id, type, title, header, content, option) VALUES ('24769', 2, 'Mtu Mrefu Sana', 'assets/topic/asb/309.png', 'Keziah Badi
Catherine Groenewald', 'FF9DEDE3');
INSERT INTO `card` (id, type, title, header, content, option) VALUES ('24769_3', 3, NULL, 'assets/topic/asb/309.png', 'Jembe lake lilikuwa fupi.', NULL);
INSERT INTO `card` (id, type, title, header, content, option) VALUES ('24769_4', 3, NULL, 'assets/topic/asb/310.png', 'Mlango wake ulikuwa chini sana.', NULL);
INSERT INTO `card` (id, type, title, header, content, option) VALUES ('24769_5', 3, NULL, 'assets/topic/asb/311.png', 'Kitanda chake kilikuwa kifupi sana.', NULL);
INSERT INTO `card` (id, type, title, header, content, option) VALUES ('24769_6', 3, NULL, 'assets/topic/asb/314.png', 'Baisikeli lake lilikuwa fupi sana.', NULL);
INSERT INTO `card` (id, type, title, header, content, option) VALUES ('24769_7', 3, NULL, 'assets/topic/asb/313.png', 'Mtu huyu alikuwa mrefu sana!', NULL);
INSERT INTO `card` (id, type, title, header, content, option) VALUES ('24769_8', 3, NULL, 'assets/topic/asb/316.png', 'Alitengeneza mti wa jembe mrefu sana.', NULL);
INSERT INTO `card` (id, type, title, header, content, option) VALUES ('24769_9', 3, NULL, 'assets/topic/asb/315.png', 'Alitengeneza mlango mrefu sana.', NULL);
INSERT INTO `card` (id, type, title, header, content, option) VALUES ('24769_10', 3, NULL, 'assets/topic/asb/317.png', 'Alitengeneza kitanda kirefu sana.', NULL);
INSERT INTO `card` (id, type, title, header, content, option) VALUES ('24769_11', 3, NULL, 'assets/topic/asb/318.png', 'Alinunua baiskeli iliyo juu sana.', NULL);
INSERT INTO `card` (id, type, title, header, content, option) VALUES ('24769_12', 3, NULL, 'assets/topic/asb/319.png', 'Alikalia kiti kirefu sana. Alikula na uma ndefu sana.', NULL);
INSERT INTO `card` (id, type, title, header, content, option) VALUES ('24769_13', 3, NULL, 'assets/topic/asb/320.png', 'Alihama kutoka kwa nyumba yake na kuishi msituni. Aliishi miaka mingi.', NULL);
INSERT INTO `card` (id, type, title, header, content, option) VALUES ('24769_14', 3, NULL, NULL, 'You are free to download, copy, translate or adapt this story and use the illustrations as long as you attribute in the following way:
Mtu Mrefu Sana
Author -
Cornelius Wambi Gulere
Translation -
Keziah Badi
Illustration -
Catherine Groenewald
Language -
Kiswahili
Level -
First words
© Text: Ugandan Community Libraries Association; Illustration: African Storybook Initiative 2014
Creative Commons: Attribution 4.0
Source
www.africanstorybook.org
Original source
www.ugcla.org', NULL);
INSERT INTO `card` (id, type, title, header, content, option) VALUES ('12689', 2, 'Mtu na Simba', 'assets/topic/asb/8180.png', 'Brigid Simiyu
Hélder de Paz Alexandre', 'FFB3C8FF');
INSERT INTO `card` (id, type, title, header, content, option) VALUES ('12689_3', 3, NULL, 'assets/topic/asb/8180.png', 'Hapo zamani za kale, palikuwa na mtu aliyekuwa akitembea kichakani. Ghafla, alimkuta Simba!', NULL);
INSERT INTO `card` (id, type, title, header, content, option) VALUES ('12689_4', 3, NULL, 'assets/topic/asb/8181.png', 'Ulikuwa msimu wa baridi. Simba alikuwa akipumzika kwenye nyasi fupi.', NULL);
INSERT INTO `card` (id, type, title, header, content, option) VALUES ('12689_5', 3, NULL, 'assets/topic/asb/8182.png', 'Makutano hayo yalitokea ghafla mtu huyo asijue la kufanya. Alijawa na woga.', NULL);
INSERT INTO `card` (id, type, title, header, content, option) VALUES ('12689_6', 3, NULL, 'assets/topic/asb/8184.png', 'Mwanzoni, Simba pia alishangaa na kuogopa kidogo. Lakini, mngurumo mkubwa ulisikika kutoka tumboni mwake kwani alikuwa na njaa.', NULL);
INSERT INTO `card` (id, type, title, header, content, option) VALUES ('12689_7', 3, NULL, 'assets/topic/asb/8188.png', 'Mtu yule alijikuta juu ya mti mrefu. Alianza kupiga mayowe.', NULL);
INSERT INTO `card` (id, type, title, header, content, option) VALUES ('12689_8', 3, NULL, 'assets/topic/asb/8189.png', 'Simba alilala chini ya mti akisubiri mlo. Muda ulipopita, Simba alijifanya kuwa analala usingizi.', NULL);
INSERT INTO `card` (id, type, title, header, content, option) VALUES ('12689_9', 3, NULL, 'assets/topic/asb/8190.png', 'Muda mfupi baadaye, mtu yule alilala usingizi. Kisha akaamka tena. Mwishoni alisinzia na kulala fofofo.', NULL);
INSERT INTO `card` (id, type, title, header, content, option) VALUES ('12689_10', 3, NULL, 'assets/topic/asb/8191.png', 'Aliporomoka kutoka juu na kumwangukia yule Simba aliyelala.', NULL);
INSERT INTO `card` (id, type, title, header, content, option) VALUES ('12689_11', 3, NULL, 'assets/topic/asb/8192.png', 'Wote waliamka wakiwa wamechanganyikiwa na kuogopa. Simba alisahau mlo wake na kukimbilia usalama wake.', NULL);
INSERT INTO `card` (id, type, title, header, content, option) VALUES ('12689_12', 3, NULL, 'assets/topic/asb/8193.png', 'Mtu yule alianza kukimbia akielekea upande mmoja na Simba. Aligundua kwamba alikuwa akikimbia na Simba!', NULL);
INSERT INTO `card` (id, type, title, header, content, option) VALUES ('12689_13', 3, NULL, 'assets/topic/asb/8194.png', 'Kwa hivyo alibadilisha mwelekeo wake na kuepuka kuliwa na Simba!', NULL);
INSERT INTO `card` (id, type, title, header, content, option) VALUES ('12689_14', 3, NULL, NULL, 'You are free to download, copy, translate or adapt this story and use the illustrations as long as you attribute in the following way:
Mtu na Simba
Author -
Mozambican folktale
Translation -
Brigid Simiyu
Illustration -
Hélder de Paz Alexandre
Language -
Kiswahili
Level -
First sentences
© Mozambican Folktale 2014
Creative Commons: Attribution 4.0
Source
www.africanstorybook.org', NULL);
INSERT INTO `card` (id, type, title, header, content, option) VALUES ('2340', 2, 'Mulongo na Fisi', 'assets/topic/asb/1419.png', 'Brigid Simiyu
 Wiehan de Jager', 'FFCFB5DD');
INSERT INTO `card` (id, type, title, header, content, option) VALUES ('2340_3', 3, NULL, 'assets/topic/asb/1420.png', 'Palikuwa na msichana aliyeitwa Mulongo. Aliishi na wazazi wake karibu na kijiji cha Budongo. Siku moja mamake Mulongo alimtuma kuchota maji kisimani.', NULL);
INSERT INTO `card` (id, type, title, header, content, option) VALUES ('2340_4', 3, NULL, 'assets/topic/asb/1421.png', 'Njiani, alikutana na marafiki zake wakienda msituni kutafuta kuni. Mulongo alitaka kwenda nao. "Tafadhali, nisubiri chini ya mti huu!" alisema, "Lazima nimchotee mama maji." Lakini marafiki zake hawakutaka kusubiri.', NULL);
INSERT INTO `card` (id, type, title, header, content, option) VALUES ('2340_5', 3, NULL, 'assets/topic/asb/1422.png', '"Sawa, nitawakuta huko msituni!" Mulongo alisema huku akikimbia kwenda kumchotea mamake maji. Kisha akaenda msituni kuwatafuta marafiki zake.', NULL);
INSERT INTO `card` (id, type, title, header, content, option) VALUES ('2340_6', 3, NULL, 'assets/topic/asb/1423.png', 'Alifuata njia iliyoelekea kwenye kijito. Upande mwingine wa kijito kulikuwa na njia nyingine ndogo kila mojawapo ikielekea upande tofauti. "Njia ipi marafiki zake walifuata?" Alishangaa.', NULL);
INSERT INTO `card` (id, type, title, header, content, option) VALUES ('2340_7', 3, NULL, 'assets/topic/asb/1424.png', 'Aliichagua njia iliyokuwa pana kisha akatembea, na kutembea, lakini hakuwapata marafiki zake. Alichoka sana kwa hivyo alipopumzika chini ya mti na kulala muda mfupi baadaye.', NULL);
INSERT INTO `card` (id, type, title, header, content, option) VALUES ('2340_8', 3, NULL, 'assets/topic/asb/1425.png', 'Mulongo alipoamka, ilikuwa giza. Gizani, macho ya manjano yalimulika. Alikuwa amezungukwa na fisi! Aliogopa asiweze hata kulia. Alijaribu kukimbia,  lakini fisi walimzunguka wakionyesha wazi kuwa walikuwa na njaa.', NULL);
INSERT INTO `card` (id, type, title, header, content, option) VALUES ('2340_9', 3, NULL, 'assets/topic/asb/1426.png', '"Usisonge," sauti ya fisi mkubwa zaidi ilisikika. "Ukikimbia, utaliwa!" "Tafadhali, niache niende nyumbani!" Mulongo aliwasihi.', NULL);
INSERT INTO `card` (id, type, title, header, content, option) VALUES ('2340_10', 3, NULL, 'assets/topic/asb/1427.png', 'Badala yake fisi walimpeleka Mulongo katika nyumba yao iliyokuwa msituni. Chumba kilikuwa kichafu kilichojaa mifupa na kelele za nzi. Alilala chini na kujifanya kuwa amepatwa usingizi.', NULL);
INSERT INTO `card` (id, type, title, header, content, option) VALUES ('2340_11', 3, NULL, 'assets/topic/asb/1428.png', 'Gizani, aliwasikia fisi wakiongea wenyewe kwa wenyewe. "Moto unaendelea vipi? Je, maji yanachemka?" Mmoja aliuliza." Jibu lilikuwa, "Kila kitu ni tayari. Nimlete sasa?" "Ndiyo, ndiyo!" Fisi wale wengine walinguruma. "Tunahisi njaa!"', NULL);
INSERT INTO `card` (id, type, title, header, content, option) VALUES ('2340_12', 3, NULL, 'assets/topic/asb/1419.png', 'Walikuwa karibu kumvuta Mulongo kumtoa chumbani wakati fisi mkubwa aliongea, "Fisi,  subirini. Kumbuka kanuni ya kijiji. Hakuna fisi anayekubaliwa kula peke yake. Ni lazima tuialike jamii nzima kushiriki mlo."', NULL);
INSERT INTO `card` (id, type, title, header, content, option) VALUES ('2340_13', 3, NULL, 'assets/topic/asb/1429.png', 'Hwakurudi haraka. Yule fisi mkubwa alianza kusinzia na kukoroma pale mbele ya moto. Hii ilikuwa nafasi nzuri ya Mulongo kutoroka! Lakini angempitaje yule fisi?
Umbo lake kubwa lilifunika sehemu yote ya mlango.', NULL);
INSERT INTO `card` (id, type, title, header, content, option) VALUES ('2340_14', 3, NULL, 'assets/topic/asb/1430.png', 'Njia ilikuwa ni moja tu. Alijihimiza na kurukia juu ya mgongo wa fisi kwa mara moja, kisha akakimbia, na kukimbia jinsi miguu yake alivyomwezesha.', NULL);
INSERT INTO `card` (id, type, title, header, content, option) VALUES ('2340_15', 3, NULL, 'assets/topic/asb/1431.png', 'Wakati huo huo, fisi wale wengine walirudi na kuona kilichotokea. Walimfuata huku wakipiga kelele za hasira na gadhabu. Lakini, walikuwa wamechelewa.', NULL);
INSERT INTO `card` (id, type, title, header, content, option) VALUES ('2340_16', 3, NULL, 'assets/topic/asb/1432.png', 'Alipokaribia kijiji chake, wanakijiji walimtambua na kushangilia wakisema, "Mulongo, Mulongo anakuja, Mulongo anakuja." Wazazi wake walikimbia kumbusu huku wakishukuru Mungu kwa kumwokoa mototo wao, "Mulongo, tulidhani umekufa!"', NULL);
INSERT INTO `card` (id, type, title, header, content, option) VALUES ('2340_17', 3, NULL, 'assets/topic/asb/2135.png', 'Kutoka siku hiyo, Mulongo na watoto wengine hawakuwahi kururdi msituni pekee yao.', NULL);
INSERT INTO `card` (id, type, title, header, content, option) VALUES ('2340_18', 3, NULL, NULL, 'You are free to download, copy, translate or adapt this story and use the illustrations as long as you attribute in the following way:
Mulongo na Fisi
Author -
Sarah Nangobi
Translation -
Brigid Simiyu
Illustration -
Wiehan de Jager
Language -
Kiswahili
Level -
First paragraphs
© African Storybook Initiative, 2014
Creative Commons: Attribution 4.0
Source
www.africanstorybook.org', NULL);
INSERT INTO `card` (id, type, title, header, content, option) VALUES ('22352', 2, 'Musa na paka', 'assets/topic/asb/26349.png', 'Ursula Nafula
Tawanda Mhandu', 'FF9DEDE3');
INSERT INTO `card` (id, type, title, header, content, option) VALUES ('22352_3', 3, NULL, 'assets/topic/asb/26346.png', 'Musa anaishi na wazazi wake katika kijiji cha Mafunzo.
Yeye ni mvulana mwerevu, lakini ni kaidi.', NULL);
INSERT INTO `card` (id, type, title, header, content, option) VALUES ('22352_4', 3, NULL, 'assets/topic/asb/26347.png', 'Musa pia ni mchokozi. Yeye huwapiga wenzake.
Pia huwapiga wanyama anapowakuta.', NULL);
INSERT INTO `card` (id, type, title, header, content, option) VALUES ('22352_5', 3, NULL, 'assets/topic/asb/26348.png', 'Siku moja anapokuwa akitoka shuleni, anamwona paka.
Anambeba paka yule na kwenda naye nyumbani.', NULL);
INSERT INTO `card` (id, type, title, header, content, option) VALUES ('22352_6', 3, NULL, 'assets/topic/asb/26349.png', 'Babake anapomwona, anamwambia, "Musa, acha kumnyanyasa paka huyo! Mrudishe mahali ulikompata."', NULL);
INSERT INTO `card` (id, type, title, header, content, option) VALUES ('22352_7', 3, NULL, 'assets/topic/asb/26350.png', 'Musa anakataa kumrudisha paka alikomuokota. Badala yake, anamfungia katika ngome.', NULL);
INSERT INTO `card` (id, type, title, header, content, option) VALUES ('22352_8', 3, NULL, 'assets/topic/asb/26351.png', 'Musa anapolala usiku huo, anaota ndoto.
Anamwona paka akiwa mkubwa kwa umbo huku akikimbia kuelekea mahali aliko. Kinywa chake ki wazi na meno ni makali. Paka anataka kumla Musa.', NULL);
INSERT INTO `card` (id, type, title, header, content, option) VALUES ('22352_9', 3, NULL, 'assets/topic/asb/26352.png', 'Paka anaanza kumeza miguu ya Musa. Anaikula hadi kwenye magoti.
Kisha Musa anaamka.', NULL);
INSERT INTO `card` (id, type, title, header, content, option) VALUES ('22352_10', 3, NULL, 'assets/topic/asb/26353.png', 'Siku inayofuata, Musa anamrejesha paka mahali alikomuokota.
Tangu wakati huo, Musa anaahidi kuwa mvulana mzuri.', NULL);
INSERT INTO `card` (id, type, title, header, content, option) VALUES ('22352_11', 3, NULL, NULL, 'You are free to download, copy, translate or adapt this story and use the illustrations as long as you attribute in the following way:
Musa na paka
Author -
Zainab Muhd Kazaure
Translation -
Ursula Nafula
Illustration -
Tawanda Mhandu
Language -
Kiswahili
Level -
First paragraphs
© African Storybook Initiative 2018
Creative Commons: Attribution 4.0
Source
www.africanstorybook.org', NULL);
INSERT INTO `card` (id, type, title, header, content, option) VALUES ('12600', 2, 'Mvulana aliyechukiwa na wote', 'assets/topic/asb/7991.png', 'Brigid Simiyu
 Wiehan de Jager', 'FFB3C8FF');
INSERT INTO `card` (id, type, title, header, content, option) VALUES ('12600_3', 3, NULL, 'assets/topic/asb/9191.png', 'Hapo zamani za kale, kulikuwa na mvulana mwenye sura mbaya sana. Hakupendwa na yeyote, hata wazazi wake. Hata nyumbani, aliketi peke yake wengine walipotazama runinga.', NULL);
INSERT INTO `card` (id, type, title, header, content, option) VALUES ('12600_4', 3, NULL, 'assets/topic/asb/7987.png', 'Shuleni pia aliketi peke yake watoto wengine walipokuwa wakicheza.', NULL);
INSERT INTO `card` (id, type, title, header, content, option) VALUES ('12600_5', 3, NULL, 'assets/topic/asb/7988.png', 'Walipokwenda kuwaleta mifugo, yeye alitembea nyuma yao. Watoto wengine hawakutaka kutembea pamoja naye.', NULL);
INSERT INTO `card` (id, type, title, header, content, option) VALUES ('12600_6', 3, NULL, 'assets/topic/asb/7989.png', 'Alijua kuwa hakuna aliyemtaka wala kuzungumza naye. Siku moja aliamua kutoroka, lakini hakujua pa kwenda. Alitembea hadi kwenye msitu na kuanza kuogopa.', NULL);
INSERT INTO `card` (id, type, title, header, content, option) VALUES ('12600_7', 3, NULL, 'assets/topic/asb/7990.png', 'Alipokaribia msituni, alikutana na bibi mkongwe. Alikuwa mchafu na mwenye sura mbaya. Bi Kizee alimsalimia na kumwuliza, "Unafanya nini katika msitu huu wa kuogofya?" Mvulana alishangaa kuzungumziwa na Bi Kizee. "Ninakwenda popote. Hakuna yeyote anipendaye wala kunizungumzia," alimwambia Bi Kizee.', NULL);
INSERT INTO `card` (id, type, title, header, content, option) VALUES ('12600_8', 3, NULL, 'assets/topic/asb/7991.png', 'Bi Kizee alimwuliza ikiwa angehitaji usaidizi. "Ndiyo," alijibu haraka. Bi Kizee alimwambia, "Kabla sijakusaidia, nataka ulambe uso wangu hadi uwe wa kupendeza."', NULL);
INSERT INTO `card` (id, type, title, header, content, option) VALUES ('12600_9', 3, NULL, 'assets/topic/asb/7992.png', 'Mvulana alikubali kuulamba uso wa Bi Kizee yule ili asaidiwe. Aliulamba uso wa Bi Kizee kuanzia machoni, akamfuta kamasi puani na kumtoa nta masikioni. Aliulamba uso wa Bi Kizee hadi ukapendeza.', NULL);
INSERT INTO `card` (id, type, title, header, content, option) VALUES ('12600_10', 3, NULL, 'assets/topic/asb/7993.png', 'Uso wa Bi Kizee ulimetameta na akamshukuru. Alisema, "Humu msituni utapata vitu vingi vya ajabu,  lakini usichukuwe chochote ila tu mzizi utakaoupata."', NULL);
INSERT INTO `card` (id, type, title, header, content, option) VALUES ('12600_11', 3, NULL, 'assets/topic/asb/7994.png', 'Mvulana alitamani sana kuviona vitu vyote vya ajabu. Kabla hajaingia msituni, Bi Kizee alimwita, "Hebu,  rudi hapa!" "Niko hapa!" Mvulana alisema. Bi Kizee alimuuliza, "Ulisikia nilichosema? Msituni, utapata vitu vingi vya ajabu, lakini usichukuwe chochote ila tu mzizi utakaoupata." Mvulana aliitikia na akakubaliwa kuingia msituni.', NULL);
INSERT INTO `card` (id, type, title, header, content, option) VALUES ('12600_12', 3, NULL, 'assets/topic/asb/7995.png', 'Alipoanza kukimbia kwenda msituni, alisikia sauti, "Wewe, rudi hapa!" Mvulana hakujua alichotaka yule Bi Kizee. Akarudi. Bi Kizee alimwambia, "Sina hakika kama umenielewa. Nimesema, utapata vitu vingi vya ajabau msituni, lakini usichukuwe chochote ila mzizi utakaoupata." Mvulana aliitikia na kisha akakimbilia msituni.', NULL);
INSERT INTO `card` (id, type, title, header, content, option) VALUES ('12600_13', 3, NULL, 'assets/topic/asb/7996.png', 'Mara tu alipoingia msituni, aliisikia sauti ya Bi Kizee tena, "Rudi hapa!" Mvulana alijaribu kuipuuza, lakini sauti ikaendelea kumwita. Bi Kizee akasema, "Sina uhakika utatenda ninavyokwambia. Utapata vitu vingi vya ajabu msituni, lakini usichukuwe chochote ila tu mzizi utakaoupata." Mvulana alianza kuudhika na marudio haya. Alikimbia hadi msituni.', NULL);
INSERT INTO `card` (id, type, title, header, content, option) VALUES ('12600_14', 3, NULL, 'assets/topic/asb/7997.png', 'Mle msituni, aliliona bakuli lililojaa fedha tele. Alizichukuwa na kuziweka mfukoni. Mara akakumbuka alichoambiwa na Bi Kizee. Pole pole,  alizitoa fedha mfukoni na kuzirejesha kwenye bakuli.', NULL);
INSERT INTO `card` (id, type, title, header, content, option) VALUES ('12600_15', 3, NULL, 'assets/topic/asb/7998.png', 'Kisha akatazama karibu naye akaona nguo mpya nzuri. Akavua nguo alizokuwa nazo na kuvaa zile mpya. Halafu akakumbuka aliyoambiwa na Bi Kizee. Haraka, akazivua zile nguo mpya na kuvaa alizokuwa nazo.', NULL);
INSERT INTO `card` (id, type, title, header, content, option) VALUES ('12600_16', 3, NULL, 'assets/topic/asb/7999.png', 'Alipotazama hapo kando, aliuona mzizi! Ulikuwa umenyauka kutokana na jua. Akajiuliza, "Bi Kizee atafaidikaje na mzizi huu?" Juu ya mzizi, kulikuwa na bakuli la chakula kilichonukia. Mvulana akahisi njaa. Hakuweza kujizuia kukila.', NULL);
INSERT INTO `card` (id, type, title, header, content, option) VALUES ('12600_17', 3, NULL, 'assets/topic/asb/8000.png', 'Ghafla, akakumbuka alichoambiwa na yule Bi Kizee! Alikumbuka aliambiwa auchukuwe mzizi tu. Alianza kuutafuta mzizi, lakini hakuupata.', NULL);
INSERT INTO `card` (id, type, title, header, content, option) VALUES ('12600_18', 3, NULL, 'assets/topic/asb/8001.png', 'Akiwa ameudhika, alirudi kumwambia yule Bi Kizee kilichotokea. Bi Kizee tayari alikuwa ameenda zake.', NULL);
INSERT INTO `card` (id, type, title, header, content, option) VALUES ('12600_19', 3, NULL, NULL, 'You are free to download, copy, translate or adapt this story and use the illustrations as long as you attribute in the following way:
Mvulana aliyechukiwa na wote
Author -
Phumy Zikode
Translation -
Brigid Simiyu
Illustration -
Wiehan de Jager
Language -
Kiswahili
Level -
Longer paragraphs
© African Storybook Initiative 2015
Creative Commons: Attribution 4.0
Source
www.africanstorybook.org', NULL);
INSERT INTO `card` (id, type, title, header, content, option) VALUES ('15609', 2, 'Mwalimu wangu', 'assets/topic/asb/8513.png', 'Brigid Simiyu
 Jesse Pietersen', 'FF9DEDE3');
INSERT INTO `card` (id, type, title, header, content, option) VALUES ('15609_3', 3, NULL, 'assets/topic/asb/8509.png', 'Ninampenda mwalimu wangu.', NULL);
INSERT INTO `card` (id, type, title, header, content, option) VALUES ('15609_4', 3, NULL, 'assets/topic/asb/8510.png', 'Ni mwalimu mzuri, mvumilivu na mwenye huruma.', NULL);
INSERT INTO `card` (id, type, title, header, content, option) VALUES ('15609_5', 3, NULL, 'assets/topic/asb/8511.png', 'Amesuka nywele zake vizuri.', NULL);
INSERT INTO `card` (id, type, title, header, content, option) VALUES ('15609_6', 3, NULL, 'assets/topic/asb/8512.png', 'Ameweka shanga maridadi katika nywele zake.', NULL);
INSERT INTO `card` (id, type, title, header, content, option) VALUES ('15609_7', 3, NULL, 'assets/topic/asb/8513.png', 'Shanga zake ni za kijani, nyeupe, nyekundu, na manjano.', NULL);
INSERT INTO `card` (id, type, title, header, content, option) VALUES ('15609_8', 3, NULL, 'assets/topic/asb/8514.png', 'Tafadhali mama, nisuke nywele zangu kama vile za mwalimu wangu?', NULL);
INSERT INTO `card` (id, type, title, header, content, option) VALUES ('15609_9', 3, NULL, 'assets/topic/asb/8515.png', 'Nitakapokuwa mtu mzima, nitaweka shanga katika nywele zangu.', NULL);
INSERT INTO `card` (id, type, title, header, content, option) VALUES ('15609_10', 3, NULL, 'assets/topic/asb/8516.png', 'Nikikua, nitakuwa kama vile mwalimu wangu alivyo!', NULL);
INSERT INTO `card` (id, type, title, header, content, option) VALUES ('15609_11', 3, NULL, NULL, 'You are free to download, copy, translate or adapt this story and use the illustrations as long as you attribute in the following way:
Mwalimu wangu
Author -
Zimbili Dlamini and Hlengiwe Zondi
Translation -
Brigid Simiyu
Illustration -
Jesse Pietersen
Language -
Kiswahili
Level -
First words
© African Storybook Initiative 2014
Creative Commons: Attribution 4.0
Source
www.africanstorybook.org', NULL);
INSERT INTO `card` (id, type, title, header, content, option) VALUES ('10166', 2, 'Mwana wa Tumbili (Colour-in)', 'assets/topic/asb/9057.png', 'Baraka Fatma
Jesse Breytenbach', 'FF9DEDE3');
INSERT INTO `card` (id, type, title, header, content, option) VALUES ('10166_3', 3, NULL, 'assets/topic/asb/9042.png', 'Kwenye msitu wa Miwa paliishi tumbili aliyekuwa na huzuni sana. Kila mara alipozaa, mtoto wake alifariki.', NULL);
INSERT INTO `card` (id, type, title, header, content, option) VALUES ('10166_4', 3, NULL, 'assets/topic/asb/9043.png', 'Uchungu wa kufiliwa na watoto wake ulimfanya tumbili kuruka juu na chini. Tumbili huyu alikuwa akirukia tawi hili hadi kwenye lingine, akipiga mayowe, Kwi! Kwi! Kwi! Kwi!', NULL);
INSERT INTO `card` (id, type, title, header, content, option) VALUES ('10166_5', 3, NULL, 'assets/topic/asb/9044.png', 'Tumbili alikuwa na huzuni wakati wote. Huzuni wake ulimzidi haswa alipowaona akina mama tumbili wengine na watoto wao.', NULL);
INSERT INTO `card` (id, type, title, header, content, option) VALUES ('10166_6', 3, NULL, 'assets/topic/asb/9045.png', 'Tumbili mwenye huzuni alijiwayawaya huku na huku. Alijiwayawaya kwenye tawi hili na lile! Siku zilipita na tumbili alizidi kulia zaidi.', NULL);
INSERT INTO `card` (id, type, title, header, content, option) VALUES ('10166_7', 3, NULL, 'assets/topic/asb/9046.png', 'Halafu, alizaa tena. Aliamua kumpeleka mtoto wake njiani ili wapita njia wamwone na kumtakia heri.', NULL);
INSERT INTO `card` (id, type, title, header, content, option) VALUES ('10166_8', 3, NULL, 'assets/topic/asb/9047.png', 'Tumbili alishuka na kumweka mtotowe njiani. Wakati huo, mwindaji alikuwa akirejea nyumbani. Alimwona mtoto wa tumbili akilala kando ya njia.', NULL);
INSERT INTO `card` (id, type, title, header, content, option) VALUES ('10166_9', 3, NULL, 'assets/topic/asb/9048.png', 'Mwindaji alimbeba mwana tumbili hadi nyumbani kwake. Alipofika nyumbani, wavulana wake watatu walifurahi kumwona mwana tumbili.', NULL);
INSERT INTO `card` (id, type, title, header, content, option) VALUES ('10166_10', 3, NULL, 'assets/topic/asb/9054.png', 'Watatu hao waliimba: Mrushe juu! Mrushe chini! Mrushe kwangu! Mrushe kwake! Mwana tumbili alirushwa kutoka kwa mmoja hadi mwingine.', NULL);
INSERT INTO `card` (id, type, title, header, content, option) VALUES ('10166_11', 3, NULL, 'assets/topic/asb/9058.png', 'Wavulana wale walipoendelea kucheza na mwana tumbili, tumbili alijificha mtini na kuangalia. Aliogopa kuwa mtoto huyu naye angefariki kama wengine.', NULL);
INSERT INTO `card` (id, type, title, header, content, option) VALUES ('10166_12', 3, NULL, 'assets/topic/asb/9059.png', 'Mara mke wa mwindaji aliwaona watoto wakicheza na tumbili mtoto. Aliwaonya, "Kuwa waangalifu! Hebu mlete hapa. Mtamwangusha!"', NULL);
INSERT INTO `card` (id, type, title, header, content, option) VALUES ('10166_13', 3, NULL, 'assets/topic/asb/9057.png', 'Alimchukuwa mwana tumbili mikononi mwake na kumbariki.', NULL);
INSERT INTO `card` (id, type, title, header, content, option) VALUES ('10166_14', 3, NULL, 'assets/topic/asb/9060.png', 'Alipomweka mwana tumbili chini, tumbili alikimbia kwa furaha. Alimbeba mwanawe kifuani na kwenda mtini.', NULL);
INSERT INTO `card` (id, type, title, header, content, option) VALUES ('10166_15', 3, NULL, NULL, 'You are free to download, copy, translate or adapt this story and use the illustrations as long as you attribute in the following way:
Mwana wa Tumbili (Colour-in)
Author -
Wesley Kipkorir Rop
Translation -
Baraka Fatma
Illustration -
Jesse Breytenbach
Language -
Kiswahili
Level -
First paragraphs
© African Storybook Initiative 2015
Creative Commons: Attribution 4.0
Source
www.africanstorybook.org', NULL);
INSERT INTO `card` (id, type, title, header, content, option) VALUES ('22068', 2, 'Mwanamke mlafi', 'assets/topic/asb/19126.png', 'Brigid Simiyu
Abraham Muzee', 'FF9DEDE3');
INSERT INTO `card` (id, type, title, header, content, option) VALUES ('22068_3', 3, NULL, 'assets/topic/asb/19113.png', 'Hapo kale, kulikuwa na mtu aliyeitwa Pepe. Aliishi katika mtaa wa Umoja.
Pepe aliishi na mbwa wake katika chumba chake kidogo.', NULL);
INSERT INTO `card` (id, type, title, header, content, option) VALUES ('22068_4', 3, NULL, 'assets/topic/asb/19114.png', 'Siku moja Pepe alikuwa mgonjwa. Hakuwa na yeyote wa kumsaidia.
Alipopata nafuu, aliamua kumwoa mwanamke aliyeishi hapo karibu.', NULL);
INSERT INTO `card` (id, type, title, header, content, option) VALUES ('22068_5', 3, NULL, 'assets/topic/asb/19115.png', 'Pepe aliwaalika marafiki na jamaa zake kuhudhuria harusi.
Alichangamka sana akidhani kuwa amempata msaidizi.', NULL);
INSERT INTO `card` (id, type, title, header, content, option) VALUES ('22068_6', 3, NULL, 'assets/topic/asb/19116.png', 'Bi harusi alipatiwa vikapu vya wimbi, mikeka, ndizi, njugu, na zawadi nyingine.', NULL);
INSERT INTO `card` (id, type, title, header, content, option) VALUES ('22068_7', 3, NULL, 'assets/topic/asb/19117.png', 'Baada ya sherehe ya harusi, wageni waliondoka kurudi makwao.
Pepe alikuwa tayari kuanza maisha mapya pamoja na mkewe na mbwa wake.', NULL);
INSERT INTO `card` (id, type, title, header, content, option) VALUES ('22068_8', 3, NULL, 'assets/topic/asb/19118.png', 'Siku iliyofuata, Pepe alimwandalia mkewe ndizi tamu, lakini alikataa kuzila.', NULL);
INSERT INTO `card` (id, type, title, header, content, option) VALUES ('22068_9', 3, NULL, 'assets/topic/asb/19119.png', 'Lakini Pepe alipokwenda kuwinda, mwanamke huyo alizila ndizi zote.', NULL);
INSERT INTO `card` (id, type, title, header, content, option) VALUES ('22068_10', 3, NULL, 'assets/topic/asb/19120.png', 'Baadaye Pepe aliporudi kutoka mawindoni alihisi njaa. Alitaka kuzila zile ndizi tamu.
Mkewe alimwambia kuwa mbwa alizila zote!', NULL);
INSERT INTO `card` (id, type, title, header, content, option) VALUES ('22068_11', 3, NULL, 'assets/topic/asb/19121.png', 'Siku iliyofuata, Pepe alikwenda shambani.
Aliporudi, alipata kuwa mkewe alikuwa ameila nyama yote. Hakumgawia hata mbwa.', NULL);
INSERT INTO `card` (id, type, title, header, content, option) VALUES ('22068_12', 3, NULL, 'assets/topic/asb/19123.png', 'Siku nyingine, Pepe alikwenda kumtembelea rafikiye.
Aliporudi, mkewe alikuwa amezila njugu zote. Kikapu kilikuwa kitupu. Pepe alimkasirikia sana mkewe.', NULL);
INSERT INTO `card` (id, type, title, header, content, option) VALUES ('22068_13', 3, NULL, 'assets/topic/asb/19124.png', 'Pepe aligundua kuwa mwanamke huyo alikuwa na  shida. Aliamua kumnasa.
Aliweka maziwa katika chungu cha ajabu kisha akakiweka mvunguni. Akaondoka kwenda kuwinda.', NULL);
INSERT INTO `card` (id, type, title, header, content, option) VALUES ('22068_14', 3, NULL, 'assets/topic/asb/19125.png', 'Mwanamke alikiona chungu kilichokuwa kimejaa maziwa. Alikichukua akakiweka mdomoni. Aliyanywa maziwa yote huku mbwa akimtazama.', NULL);
INSERT INTO `card` (id, type, title, header, content, option) VALUES ('22068_15', 3, NULL, 'assets/topic/asb/19126.png', 'Kwa bahati mbaya, chungu kilikwama mdomoni. Alijaribu kukiondoa, lakini ilikuwa bure. Alipiga kelele na kuruka juu na chini.
Chungu kilikwama pale pale. Mbwa alitazama haya yote.', NULL);
INSERT INTO `card` (id, type, title, header, content, option) VALUES ('22068_16', 3, NULL, 'assets/topic/asb/19127.png', 'Mbwa alikimbia kumtafuta Pepe. Alibweka, akabweka, akaruka juu na chini.
Pepe alifahamu kuwa kulikuwa na jambo mbaya nyumbani.', NULL);
INSERT INTO `card` (id, type, title, header, content, option) VALUES ('22068_17', 3, NULL, 'assets/topic/asb/19128.png', 'Walikimbia pamoja kwenda nyumbani. Pepe alistaajabu kumpata mkewe na chungu mdomoni.
Akamtazama kwa mshangao.', NULL);
INSERT INTO `card` (id, type, title, header, content, option) VALUES ('22068_18', 3, NULL, 'assets/topic/asb/19129.png', 'Pepe alimgusa mkewe kwenye shavu na chungu
kikaanguka mara moja.
Mwanamke huyo aliaibika sana akaamua kurudi kwa wazazi wake.', NULL);
INSERT INTO `card` (id, type, title, header, content, option) VALUES ('22068_19', 3, NULL, NULL, 'You are free to download, copy, translate or adapt this story and use the illustrations as long as you attribute in the following way:
Mwanamke mlafi
Author -
Alungho Rose and Annet Ssebaggala
Translation -
Brigid Simiyu
Illustration -
Abraham Muzee
Language -
Kiswahili
Level -
First paragraphs
© African Storybook Initiative 2016
Creative Commons: Attribution 4.0
Source
www.africanstorybook.org', NULL);
INSERT INTO `card` (id, type, title, header, content, option) VALUES ('1176', 2, 'Mwanamme Mrefu', 'assets/topic/asb/309.png', 'Ursula Nafula
 Catherine Groenewald', 'FFB3C8FF');
INSERT INTO `card` (id, type, title, header, content, option) VALUES ('1176_3', 3, NULL, 'assets/topic/asb/309.png', 'Kulikuwa na mwanamme mrefu sana.
Jembe lake lilikuwa fupi mno.', NULL);
INSERT INTO `card` (id, type, title, header, content, option) VALUES ('1176_4', 3, NULL, 'assets/topic/asb/310.png', 'Mlango wake ulikuwa chini mno.', NULL);
INSERT INTO `card` (id, type, title, header, content, option) VALUES ('1176_5', 3, NULL, 'assets/topic/asb/311.png', 'Kitanda chake kilikuwa kifupi mno.', NULL);
INSERT INTO `card` (id, type, title, header, content, option) VALUES ('1176_6', 3, NULL, 'assets/topic/asb/314.png', 'Baisikeli yake ilikuwa fupi mno.', NULL);
INSERT INTO `card` (id, type, title, header, content, option) VALUES ('1176_7', 3, NULL, 'assets/topic/asb/313.png', 'Mtu huyu alikuwa mrefu zaidi ya vifaa vyote.', NULL);
INSERT INTO `card` (id, type, title, header, content, option) VALUES ('1176_8', 3, NULL, 'assets/topic/asb/316.png', 'Aliamua kurekebisha vifaa vyake.
Aliutengeneza mpini wa jembe mrefu sana.', NULL);
INSERT INTO `card` (id, type, title, header, content, option) VALUES ('1176_9', 3, NULL, 'assets/topic/asb/315.png', 'Akazitengeneza fremu refu za mlango.', NULL);
INSERT INTO `card` (id, type, title, header, content, option) VALUES ('1176_10', 3, NULL, 'assets/topic/asb/317.png', 'Akakitengeneza kitanda kirefu sana.', NULL);
INSERT INTO `card` (id, type, title, header, content, option) VALUES ('1176_11', 3, NULL, 'assets/topic/asb/318.png', 'Kisha akainunua baiskikeli iliyokuwa refu mno.', NULL);
INSERT INTO `card` (id, type, title, header, content, option) VALUES ('1176_12', 3, NULL, 'assets/topic/asb/319.png', 'Akaketi juu ya kiti kilichokuwa juu sana. Akala kwa kutumia uma iliyokuwa refu mno.', NULL);
INSERT INTO `card` (id, type, title, header, content, option) VALUES ('1176_13', 3, NULL, 'assets/topic/asb/320.png', 'Aliamua kuhamia katika msitu mkubwa. Akaishi kwa miaka mingi.', NULL);
INSERT INTO `card` (id, type, title, header, content, option) VALUES ('1176_14', 3, NULL, NULL, 'You are free to download, copy, translate or adapt this story and use the illustrations as long as you attribute in the following way:
Mwanamme Mrefu
Author -
Cornelius Gulere
Translation -
Ursula Nafula
Illustration -
Catherine Groenewald
Language -
Kiswahili
Level -
First sentences
© Text: Ugandan Community Libraries Association; Illustration: African Storybook Initiative 2014
Creative Commons: Attribution 4.0
Source
www.africanstorybook.org
Original source
http://ugcla.org', NULL);
INSERT INTO `card` (id, type, title, header, content, option) VALUES ('19600', 2, 'Mwanamume aliyekuwa na tatizo kubwa', 'assets/topic/asb/19570.png', 'Susan Kavaya
Abraham Muzee', 'FF9DEDE3');
INSERT INTO `card` (id, type, title, header, content, option) VALUES ('19600_3', 3, NULL, 'assets/topic/asb/19567.png', 'Munia aliishi na babu, bibi, shangazi na mjomba. Aliishi pia na  kuku wake, mbuzi, kondoo na nguruwe. Wote walikaa kwenye chumba kimoja. Kuku alikuwa na kitundu chake. Mbuzi, kondoo na nguruwe walikuwa wanafungwa pembeni karibu na ukuta. Bibi na babu walikuwa bado na afya nzuri nao shangazi na mjomba walisaidia kufanya kazi za pale nyumbani.', NULL);
INSERT INTO `card` (id, type, title, header, content, option) VALUES ('19600_4', 3, NULL, 'assets/topic/asb/19568.png', 'Hata hivyo, mambo yalibadilika miaka michache baadaye. Bibi na babu wa Munia walizeeka na hawakuweza kusikia wala kuona vizuri. Shangaziye aliugua na hakuweza kusaidia katika usafi wa nyumba. Mjombake alilala wakati wote na hakusaidia katika shughuli za kuwalisha wanyama.', NULL);
INSERT INTO `card` (id, type, title, header, content, option) VALUES ('19600_5', 3, NULL, 'assets/topic/asb/19569.png', 'Wanyama walipiga kelele nyingi kwa sababu walikuwa na njaa. Nyumba pia ilijaa uchafu kwa sababu shangazi hakuweza kuisafisha. Munia alikuwa mchovu wakati wote kwa sababu alitoka kila siku kuwatafutia wote chakula.', NULL);
INSERT INTO `card` (id, type, title, header, content, option) VALUES ('19600_6', 3, NULL, 'assets/topic/asb/19570.png', 'Munia hakuweza kukabilina na hali hiyo tena. Aliwandea babu na bibi kuwauliza suluhisho. Lakini,  alihuzunika sana kwa sababu aliondoka bila suluhisho kwani hawakuweza kumsikia. Shangaziye mgonjwa alisema, "Ninachohitaji ni kuweza kulala usiku na kuamka asubuhi."', NULL);
INSERT INTO `card` (id, type, title, header, content, option) VALUES ('19600_7', 3, NULL, 'assets/topic/asb/19571.png', 'Mjombake mzembe alisema, "Wauze wanyama hawa kisha uwape babu na bibi kileo. Watalala wakome kukusumbua." Munia alisema kwa hasira "Mjomba, unajua kwamba siwezi kuwauza wanyama hawa. Wao pekee ndio mali yangu."', NULL);
INSERT INTO `card` (id, type, title, header, content, option) VALUES ('19600_8', 3, NULL, 'assets/topic/asb/19572.png', 'Usiku mmoja, Munia hakupata usingizi. Alimkumbuka mtu mmoja aliyekuwa na busara. Mtu huyo aliaminika kuyajibu maswali yote na kusuluhisha matatizo yote.  Munia aliwachukuwa wanyama wake akaenda nao kumtembelea yule mtu. Aliwafunga mbuzi, kondoo na nguruwe kwa Kamba na akambeba kuku.', NULL);
INSERT INTO `card` (id, type, title, header, content, option) VALUES ('19600_9', 3, NULL, 'assets/topic/asb/19573.png', 'Munia alifika nyumbani kwa mtu huyo akiwa amechoka na mwenye njaa sana. Baada ya kueleza shida yake, mtu huyo alisema, "Nitakusaidia, lakini ni sharti ufanye nikuambiavyo." Munia alijibu,  "Nitafanya chochote kusuluhisha tatizo langu."', NULL);
INSERT INTO `card` (id, type, title, header, content, option) VALUES ('19600_10', 3, NULL, 'assets/topic/asb/19574.png', 'Mtu yule alimwambia, "Waache wanyama hapa kisha urudi nyumbani." Munia alisema, "Nimeishi na wanyama hawa wangu kwa muda mrefu. Wao ndio mali pekee niliyo nayo."', NULL);
INSERT INTO `card` (id, type, title, header, content, option) VALUES ('19600_11', 3, NULL, 'assets/topic/asb/19575.png', 'Mtu akajibu Munia, "Nilikuambia nitakusaidia lakini ni lazima ufanye nikuambiavyo." Kwa vile Munia alihitaji suluhisho kwa tatizo lake, aliwaacha wanyama akarudi nyumbani.', NULL);
INSERT INTO `card` (id, type, title, header, content, option) VALUES ('19600_12', 3, NULL, 'assets/topic/asb/19576.png', 'Nyumba yake ilikuwa na kimya kingi na ilikuwa tupu. Babu na bibi walilalamika kwamba hawakupata maziwa kutoka kwa mbuzi. Mjombake alisema, "Tumekuwa maskini sana, kila mtu anatucheka."', NULL);
INSERT INTO `card` (id, type, title, header, content, option) VALUES ('19600_13', 3, NULL, 'assets/topic/asb/19577.png', 'Munia hakuweza tena kuvumilia malalamishi yao. Pia, aliwakosa wanyama wake. Alirudi kwa mtu yule mwenye busara ili kumwuliza mawaidha. "Maisha yangu yamekuwa fotauti bila wanyama wangu. Jamaa zangu wanalalamika sana."', NULL);
INSERT INTO `card` (id, type, title, header, content, option) VALUES ('19600_14', 3, NULL, 'assets/topic/asb/19578.png', 'Mtu yule alimwambia, "Nitakusaidia, lakini, ni lazima ufanye nikuambiavyo. Nenda nyumbani kisha uwatoe nje bibi na babu kutoka kwenye nyumba." Munia alimjibu, "Nitawezaje kufanya hivyo? Wao ni wavyele wangu na wananitegemea."', NULL);
INSERT INTO `card` (id, type, title, header, content, option) VALUES ('19600_15', 3, NULL, 'assets/topic/asb/19579.png', 'Mwishowe, Munia alienda nyumbani akafanya alivyoambiwa. Hakuweza kupata amani akilini mwake. Babu na bibi hawakuwa na mahali pa kuenda. Walirandaranda wakiangukia miti na kuhisi baridi usiku.', NULL);
INSERT INTO `card` (id, type, title, header, content, option) VALUES ('19600_16', 3, NULL, 'assets/topic/asb/19580.png', 'Shangaziye mgonjwa alilia akisema, "Tafadhali usinitupe nje." Mjombake mzembe alisema,  "Sitaondoka kitandani usije ukanitupa nje pia."', NULL);
INSERT INTO `card` (id, type, title, header, content, option) VALUES ('19600_17', 3, NULL, 'assets/topic/asb/19581.png', 'Munia hakuweza kustahimili mambo haya hata kidogo. Alirudi kwa mtu mwenye busara akiwa amechanganyikiwa na mwenye hasira. Alimlilia akisema, "Mambo haya ni magumu sana kwa mtu mmoja. Nipe suluhisho bora zaidi."', NULL);
INSERT INTO `card` (id, type, title, header, content, option) VALUES ('19600_18', 3, NULL, 'assets/topic/asb/19582.png', 'Mtu mwenye busara alisema, "Hapa, wachukue wanyama wako na uwarudishe bibi na babu yako kwenye nyumba pia." Munia alifanya alivyoambiwa. Shangaziye alisema, "Nitafanya bidii kuisafisha nyumba." Mjombake aliacha kuwa mzembe akamsaidia Munia na kazi za pale nyumbani.
Wote walikuwa na furaha tena.', NULL);
INSERT INTO `card` (id, type, title, header, content, option) VALUES ('19600_19', 3, NULL, NULL, 'You are free to download, copy, translate or adapt this story and use the illustrations as long as you attribute in the following way:
Mwanamume aliyekuwa na tatizo kubwa
Author -
Ursula Nafula
Translation -
Susan Kavaya
Illustration -
Abraham Muzee
Language -
Kiswahili
Level -
Longer paragraphs
© African Storybook Initiative 2016
Creative Commons: Attribution 4.0
Source
www.africanstorybook.org', NULL);
INSERT INTO `card` (id, type, title, header, content, option) VALUES ('19400', 2, 'Mwanamume aliyeota manyoya', 'assets/topic/asb/18142.png', 'Susan Kavaya
 Tadesse Teshome', 'FFF4E1B5');
INSERT INTO `card` (id, type, title, header, content, option) VALUES ('19400_3', 3, NULL, 'assets/topic/asb/17994.png', 'Kulikuwa na tajiri aliyekuwa na watoto wa kiume wawili. Kwenye wosia wake alitaka mwanawe wa kwanza arithi ng''ombe wake wote na wa pili, amrithi jogoo mmoja tu.', NULL);
INSERT INTO `card` (id, type, title, header, content, option) VALUES ('19400_4', 3, NULL, 'assets/topic/asb/17995.png', 'Baada ya tajiri kufa, mwanawe wa kwanza alirithi ng''ombe wote. Mwanawe wa pili alipewa jogoo mmoja tu.', NULL);
INSERT INTO `card` (id, type, title, header, content, option) VALUES ('19400_5', 3, NULL, 'assets/topic/asb/17997.png', 'Baada ya muda mchache, mwana wa kwanza ambaye alirithi mali yote, aliugua. Alienda kumwona mganga amsaidie kupata njia ya kupona. Mganga alisema, "Ni sharti umchinje jogoo mwenye rangi ya pekee."', NULL);
INSERT INTO `card` (id, type, title, header, content, option) VALUES ('19400_6', 3, NULL, 'assets/topic/asb/18138.png', 'Mwana huyo hakujua atakapopata jogoo mwenye rangi ya pekee hadi alipokumbuka kuwa nduguye alikuwa na mmoja. Aliwatuma watu kumchukua yule jogoo wa nduguye.', NULL);
INSERT INTO `card` (id, type, title, header, content, option) VALUES ('19400_7', 3, NULL, 'assets/topic/asb/18139.png', 'Kakake aliwaambia watu hao, "Mimi sina mali nyingine isipokuwa jogoo huyu tu. Lakini, iwapo jogoo huyu ataweza kumponya kakangu, basi ni bora kwangu kumpoteza jogoo huyu." Aliwapa jogoo wake kwa ukarimu.', NULL);
INSERT INTO `card` (id, type, title, header, content, option) VALUES ('19400_8', 3, NULL, 'assets/topic/asb/18140.png', 'Watu walimchinja jogoo na kumlisha kakake mgonjwa. Baadaye, kakake alipona.', NULL);
INSERT INTO `card` (id, type, title, header, content, option) VALUES ('19400_9', 3, NULL, 'assets/topic/asb/18141.png', 'Baada ya muda mfupi, kitu kisicho cha kawaida kilifanyika. Mwili wake ulianza kuota manyoya.', NULL);
INSERT INTO `card` (id, type, title, header, content, option) VALUES ('19400_10', 3, NULL, 'assets/topic/asb/18142.png', 'Hakuweza kuamini macho yake.', NULL);
INSERT INTO `card` (id, type, title, header, content, option) VALUES ('19400_11', 3, NULL, 'assets/topic/asb/18143.png', 'Alipokwenda kuwaona wazee, walisema, "Jambo hili limetokea kwa sababu ya laana. Hukumfanyia nduguyo haki. Umechukua ng''ombe wote na hata jogoo ambaye babako alimuachia. Ukitaka kupona, ni lazima nduguyo akusamehe."', NULL);
INSERT INTO `card` (id, type, title, header, content, option) VALUES ('19400_12', 3, NULL, 'assets/topic/asb/18144.png', 'Wazee waliendelea kusema, "Ni sharti tuichukue bangili hii tumpe nduguyo kama ishara ya msamaha. Iwapo ataitemea mate bangili hii, utapona."', NULL);
INSERT INTO `card` (id, type, title, header, content, option) VALUES ('19400_13', 3, NULL, 'assets/topic/asb/18145.png', 'Wazee walimpelekea ndugu mdogo bangili hiyo wakamwambia, "Itemee mate bangili hii umsamehe kaka yako." Nduguye maskini aliitemea mate bangili.', NULL);
INSERT INTO `card` (id, type, title, header, content, option) VALUES ('19400_14', 3, NULL, 'assets/topic/asb/18146.png', 'Kwa sababu hiyo, wazee waliamua kumpa nusu ya ng''ombe wa kakake tajiri.', NULL);
INSERT INTO `card` (id, type, title, header, content, option) VALUES ('19400_15', 3, NULL, NULL, 'You are free to download, copy, translate or adapt this story and use the illustrations as long as you attribute in the following way:
Mwanamume aliyeota manyoya
Author -
Worku Debele and Elizabeth Laird
Translation -
Susan Kavaya
Illustration -
Tadesse Teshome
Language -
Kiswahili
Level -
First paragraphs
© African Storybook Initiative 2016
Creative Commons: Attribution 4.0
Source
www.africanstorybook.org
Original source
www.ethiopianfolktales.com', NULL);
INSERT INTO `card` (id, type, title, header, content, option) VALUES ('2229', 2, 'Mwezi na kofia', 'assets/topic/asb/2137.png', 'Brigid Simiyu
 Angie & Upesh', 'FFF4E1B5');
INSERT INTO `card` (id, type, title, header, content, option) VALUES ('2229_3', 3, NULL, 'assets/topic/asb/2138.png', 'Sote tulienda katika sherehe ya Dasara.', NULL);
INSERT INTO `card` (id, type, title, header, content, option) VALUES ('2229_4', 3, NULL, 'assets/topic/asb/2139.png', 'Chintu alipewa miwani.
Nilipata kofia naye Moto akapata peremende.', NULL);
INSERT INTO `card` (id, type, title, header, content, option) VALUES ('2229_5', 3, NULL, 'assets/topic/asb/2141.png', 'Upepo mkali ulivuma.
Uliipeperusha kofia yangu mbali.', NULL);
INSERT INTO `card` (id, type, title, header, content, option) VALUES ('2229_6', 3, NULL, 'assets/topic/asb/2142.png', 'Kofia ilizuiliwa katika matawi ya mti wenye miiba.', NULL);
INSERT INTO `card` (id, type, title, header, content, option) VALUES ('2229_7', 3, NULL, 'assets/topic/asb/2143.png', 'Nililia sana.
Sikula chakula changu cha jioni.', NULL);
INSERT INTO `card` (id, type, title, header, content, option) VALUES ('2229_8', 3, NULL, 'assets/topic/asb/2144.png', 'Usiku mwezi ulitokezea.
Uliimulika kofia yangu pale mtini.', NULL);
INSERT INTO `card` (id, type, title, header, content, option) VALUES ('2229_9', 3, NULL, 'assets/topic/asb/2145.png', 'Mwezi ulijaribu kuivaa kofia yangu.
Ulitabasamu nami nikatabasamu pia.', NULL);
INSERT INTO `card` (id, type, title, header, content, option) VALUES ('2229_10', 3, NULL, 'assets/topic/asb/2146.png', 'Mama alinipatia kofia nyingine nyekundu.
"Mwezi uliituma," mama alisema.', NULL);
INSERT INTO `card` (id, type, title, header, content, option) VALUES ('2229_11', 3, NULL, 'assets/topic/asb/2147.png', 'Mimi na mwezi, tulivaa kofia zetu.
Tulitabasamu kwa furaha.', NULL);
INSERT INTO `card` (id, type, title, header, content, option) VALUES ('2229_12', 3, NULL, 'assets/topic/asb/2148.png', 'Je, jua linahitaji kofia?', NULL);
INSERT INTO `card` (id, type, title, header, content, option) VALUES ('2229_13', 3, NULL, 'assets/topic/asb/2150.png', 'Ni kofia gani ambayo nimevaa leo?', NULL);
INSERT INTO `card` (id, type, title, header, content, option) VALUES ('2229_14', 3, NULL, NULL, 'You are free to download, copy, translate or adapt this story and use the illustrations as long as you attribute in the following way:
Mwezi na kofia
Author -
Noni
Translation -
Brigid Simiyu
Illustration -
Angie & Upesh
Language -
Kiswahili
Level -
First words
© Pratham Books 2007
Creative Commons: Attribution 4.0
Source
www.africanstorybook.org
Original source
www.prathambooks.org', NULL);
INSERT INTO `card` (id, type, title, header, content, option) VALUES ('31282', 2, 'Mwili', 'assets/topic/asb/26739.png', 'Kutafsiri Biblia Mara
Sue  Beattie', 'FF9DEDE3');
INSERT INTO `card` (id, type, title, header, content, option) VALUES ('31282_3', 3, NULL, 'assets/topic/asb/26749.png', 'Unyayo', NULL);
INSERT INTO `card` (id, type, title, header, content, option) VALUES ('31282_4', 3, NULL, 'assets/topic/asb/26744.png', 'Mguu', NULL);
INSERT INTO `card` (id, type, title, header, content, option) VALUES ('31282_5', 3, NULL, 'assets/topic/asb/26741.png', 'Goti', NULL);
INSERT INTO `card` (id, type, title, header, content, option) VALUES ('31282_6', 3, NULL, 'assets/topic/asb/26747.png', 'Kiuno', NULL);
INSERT INTO `card` (id, type, title, header, content, option) VALUES ('31282_7', 3, NULL, 'assets/topic/asb/26740.png', 'Tumbo', NULL);
INSERT INTO `card` (id, type, title, header, content, option) VALUES ('31282_8', 3, NULL, 'assets/topic/asb/26748.png', 'Kifua', NULL);
INSERT INTO `card` (id, type, title, header, content, option) VALUES ('31282_9', 3, NULL, 'assets/topic/asb/26742.png', 'Viganja', NULL);
INSERT INTO `card` (id, type, title, header, content, option) VALUES ('31282_10', 3, NULL, 'assets/topic/asb/26745.png', 'Mikono', NULL);
INSERT INTO `card` (id, type, title, header, content, option) VALUES ('31282_11', 3, NULL, 'assets/topic/asb/26746.png', 'Kiwiko', NULL);
INSERT INTO `card` (id, type, title, header, content, option) VALUES ('31282_12', 3, NULL, 'assets/topic/asb/26743.png', 'Kichwa', NULL);
INSERT INTO `card` (id, type, title, header, content, option) VALUES ('31282_13', 3, NULL, NULL, 'You are free to download, copy, translate or adapt this story and use the illustrations as long as you attribute in the following way:
Mwili
Author -
Little Zebra Books
Translation -
Kutafsiri Biblia Mara
Illustration -
Sue  Beattie
Language -
Kiswahili
Level -
First words
© African Storybook Initiative 2018
Creative Commons: Attribution 4.0
Source
www.africanstorybook.org', NULL);
INSERT INTO `card` (id, type, title, header, content, option) VALUES ('12632', 2, 'Mwili wangu', 'assets/topic/asb/1622.png', 'Peterson Kibuuri and Stevenson Mutisya
 Mlungisi Dlamini', 'FF9DEDE3');
INSERT INTO `card` (id, type, title, header, content, option) VALUES ('12632_3', 3, NULL, 'assets/topic/asb/1623.png', 'Ninaweza kuutumia kukimbia.', NULL);
INSERT INTO `card` (id, type, title, header, content, option) VALUES ('12632_4', 3, NULL, 'assets/topic/asb/1624.png', 'Ninaweza kuruka nao.', NULL);
INSERT INTO `card` (id, type, title, header, content, option) VALUES ('12632_5', 3, NULL, 'assets/topic/asb/1625.png', 'Ninaweza kucheza nao.', NULL);
INSERT INTO `card` (id, type, title, header, content, option) VALUES ('12632_6', 3, NULL, 'assets/topic/asb/1626.png', 'Ninaweza kuogelea nao.', NULL);
INSERT INTO `card` (id, type, title, header, content, option) VALUES ('12632_7', 3, NULL, 'assets/topic/asb/1627.png', 'Ninaweza kuruka kamba nao.', NULL);
INSERT INTO `card` (id, type, title, header, content, option) VALUES ('12632_8', 3, NULL, 'assets/topic/asb/1622.png', 'Ninaweza kupiga nao.', NULL);
INSERT INTO `card` (id, type, title, header, content, option) VALUES ('12632_9', 3, NULL, 'assets/topic/asb/1628.png', 'Ninaweza kuhepa nao.', NULL);
INSERT INTO `card` (id, type, title, header, content, option) VALUES ('12632_10', 3, NULL, 'assets/topic/asb/1629.png', 'Lakini siwezi kupaa angani nao.', NULL);
INSERT INTO `card` (id, type, title, header, content, option) VALUES ('12632_11', 3, NULL, NULL, 'You are free to download, copy, translate or adapt this story and use the illustrations as long as you attribute in the following way:
Mwili wangu
Author -
Clare Verbeek, Thembani Dladla and Zanele Buthelezi
Translation -
Peterson Kibuuri and Stevenson Mutisya
Illustration -
Mlungisi Dlamini
Language -
Kiswahili
Level -
First words
© School of Education and Development (Centre for Adult Education), University of Kwazulu-Natal 2007
Creative Commons: Attribution-Non Commercial 3.0
Source
www.africanstorybook.org
Original source
http://cae.ukzn.ac.za/resources/seedbooks.aspx', NULL);
INSERT INTO `card` (id, type, title, header, content, option) VALUES ('22061', 2, 'Mzozo wa Fisi na Kima', 'assets/topic/asb/18699.png', 'Brigid Simiyu
Salim Kasamba', 'FF9DEDE3');
INSERT INTO `card` (id, type, title, header, content, option) VALUES ('22061_3', 3, NULL, 'assets/topic/asb/18696.png', 'Hapo zamani za kale, kulikuwa na Fisi na Kima. Walikuwa na mzozo kati yao. Walienda kwa hakimu ili awasaidie kuusuluhisha.', NULL);
INSERT INTO `card` (id, type, title, header, content, option) VALUES ('22061_4', 3, NULL, 'assets/topic/asb/18697.png', 'Baada ya hakimu kusikiliza kesi yao, aliogopa kuamua. Aliwaza, "Nikimlaumu Fisi, atawala mifugo wangu. Nikimlaumu Kima, atayala mahindi yangu yote! Nifanyeje?"', NULL);
INSERT INTO `card` (id, type, title, header, content, option) VALUES ('22061_5', 3, NULL, 'assets/topic/asb/18698.png', 'Hakimu alitafakari juu ya kesi hiyo kisha akasema, "Naona vigumu kuiamua kesi hii peke yangu. Ipelekeni kwa wazee wa kijiji."
Fisi na Kima walienda kwa wazee wa kijiji.', NULL);
INSERT INTO `card` (id, type, title, header, content, option) VALUES ('22061_6', 3, NULL, 'assets/topic/asb/18699.png', 'Waliwaeleza wazee wa kijiji kuhusu mzozo wao.
Baadaa ya kuwasikiliza, wazee wa kijiji vilevile waliogopa kuiamua kesi ile.', NULL);
INSERT INTO `card` (id, type, title, header, content, option) VALUES ('22061_7', 3, NULL, 'assets/topic/asb/18708.png', 'Wazee wa kijiji walijua wakimuunga Kima mkono, Fisi atawala mifugo wao. Na wakimuunga Fisi mkono, Kima atayala mahindi yao.
Wazee wa kijiji walimwambia Fisi na Kima kuwa kesi yao ilikuwa ngumu sana kuiamua.', NULL);
INSERT INTO `card` (id, type, title, header, content, option) VALUES ('22061_8', 3, NULL, 'assets/topic/asb/18701.png', 'Wazee walimkumbuka mwanamke mmoja fukara aliyeishi hapo kijijini. Yeye hangepoteza chochote kwa kuwa hakuwa na mifugo wala mahindi.
Mmoja wao aliwaambia, "Mwanamke fukara ataweza kutoa uamuzi bila woga." Kisha wakawaambia Fisi na Kima kwenda kwake.', NULL);
INSERT INTO `card` (id, type, title, header, content, option) VALUES ('22061_9', 3, NULL, 'assets/topic/asb/18702.png', 'Walipowasili kwa mwanamke yule fukara walisema, "Tuamulie mzozo wetu." Mwanamke fukara alikubali lakini, akataka kuongea na kila mmoja peke yake.', NULL);
INSERT INTO `card` (id, type, title, header, content, option) VALUES ('22061_10', 3, NULL, 'assets/topic/asb/18703.png', 'Mwanamke fukara alimwita Fisi kwanza akamwambia, "Wewe unaheshimika, ni mnyama mkubwa tena ni shujaa. Unawezaje kugombana na mnyama mdogo tena mjinga kama Kima?"', NULL);
INSERT INTO `card` (id, type, title, header, content, option) VALUES ('22061_11', 3, NULL, 'assets/topic/asb/18704.png', 'Mwanamke akaendelea kumwambia Fisi, "Watu wakisikia mzozo huu, watakudharau sana. Wacha kuzozana na Kima."
Fisi alikubali, "Unavyosema ni kweli. Nitaiacha kesi hii."', NULL);
INSERT INTO `card` (id, type, title, header, content, option) VALUES ('22061_12', 3, NULL, 'assets/topic/asb/18705.png', 'Mwanamke fukara akamwita Kima akamwambia, "Wewe ni mwerevu na mrembo. Mbona unabishana na mnyama huyu mchafu, mwenye harufu mbaya anayekula vilivyooza. Watu watakufikiriaje wakisikia unazozana na huyu kiumbe mwenye sura mbaya?"
Kima alikubali, "Unavyosema ni kweli. Nitaiacha kesi hii."', NULL);
INSERT INTO `card` (id, type, title, header, content, option) VALUES ('22061_13', 3, NULL, 'assets/topic/asb/18706.png', 'Baadaye, mwanamke fukara aliwaita wote akasema, "Kwa kuwa nyote mlikubali kuacha ugomvi kati yenu, ni lazima msameheane."', NULL);
INSERT INTO `card` (id, type, title, header, content, option) VALUES ('22061_14', 3, NULL, 'assets/topic/asb/18707.png', 'Kima na Fisi walisameheana wakasuluhisha mzozo wao.
Watu kijijini waliposikia walishangaa. Mwanamke fukara aliwezaje kutatua shida iliyowashinda hakimu na wazee wa kijiji?', NULL);
INSERT INTO `card` (id, type, title, header, content, option) VALUES ('22061_15', 3, NULL, NULL, 'You are free to download, copy, translate or adapt this story and use the illustrations as long as you attribute in the following way:
Mzozo wa Fisi na Kima
Author -
Mulualem  Daba
Translation -
Brigid Simiyu
Illustration -
Salim Kasamba
Language -
Kiswahili
Level -
Longer paragraphs
© African Storybook Initiative 2017
Creative Commons: Attribution 4.0
Source
www.africanstorybook.org', NULL);
INSERT INTO `card` (id, type, title, header, content, option) VALUES ('15863', 2, 'Namorutunga', 'assets/topic/asb/11754.png', 'Translators without Borders and Pete Mhunzi
Zablon Alex Nguku', 'FF9DEDE3');
INSERT INTO `card` (id, type, title, header, content, option) VALUES ('15863_3', 3, NULL, 'assets/topic/asb/11743.png', 'Zamani za kale, katika kijiji kimoja cha Turkana,  wanakijiji walikutana kila jioni kucheza ngoma ya kienyeji iitwayo edonga.', NULL);
INSERT INTO `card` (id, type, title, header, content, option) VALUES ('15863_4', 3, NULL, 'assets/topic/asb/11747.png', 'Wachezaji wa kijiji hicho walifahamika kila pahali. Walikuwa na ustadi mkubwa.', NULL);
INSERT INTO `card` (id, type, title, header, content, option) VALUES ('15863_5', 3, NULL, 'assets/topic/asb/11748.png', 'Watu kutoka vijiji jirani walifika kijijini humo kucheza ngoma ya edonga.', NULL);
INSERT INTO `card` (id, type, title, header, content, option) VALUES ('15863_6', 3, NULL, 'assets/topic/asb/11749.png', 'Siku moja mgeni aliyeusikia umaarufu wa ngoma hiyo ya edonga, alituma mjumbe wake aende kuipeleleza.', NULL);
INSERT INTO `card` (id, type, title, header, content, option) VALUES ('15863_7', 3, NULL, 'assets/topic/asb/11750.png', 'Mjumbe alipofika, wanakijiji walijawa na hofu. Wakajiuliza, "Huyo mgeni ni nani? Mbona amemtuma mjumbe wake?" Wanakijiji walijitayarisha kama kawaida. Walimchinja mbuzi na kupika chakula.', NULL);
INSERT INTO `card` (id, type, title, header, content, option) VALUES ('15863_8', 3, NULL, 'assets/topic/asb/11751.png', 'Vilevile walikutana wakaandaa kafara na kusubiri siku nzima hadi jioni ila mgeni hakufika.', NULL);
INSERT INTO `card` (id, type, title, header, content, option) VALUES ('15863_9', 3, NULL, 'assets/topic/asb/11752.png', 'Walicheza ngoma kama kawaida hadi usiku wa manane. Usiku huo kulikuwa na wachezaji ngoma wengi na kila mtu alikuwa amesisimka.', NULL);
INSERT INTO `card` (id, type, title, header, content, option) VALUES ('15863_10', 3, NULL, 'assets/topic/asb/11753.png', 'Kabla ya ngoma kuisha, mgeni alifika. Kwa mavazi alifanana na wanakijiji na hawakumtambua.', NULL);
INSERT INTO `card` (id, type, title, header, content, option) VALUES ('15863_11', 3, NULL, 'assets/topic/asb/11754.png', 'Alipopata nafasi ya kucheza ngoma, alijiunga na wanaume wengine. Ilionekana wazi kuwa alicheza tofauti na wenyeji.', NULL);
INSERT INTO `card` (id, type, title, header, content, option) VALUES ('15863_12', 3, NULL, 'assets/topic/asb/11755.png', 'Watu waliaanza kumcheka. Wachezaji wengine walicheka wakiwa wamepiga magoti. Wengine walikaa kitako. Wengine walianguka chini.
Mgeni alikasirika alipochekwa. Akaamua kuwalaani.', NULL);
INSERT INTO `card` (id, type, title, header, content, option) VALUES ('15863_13', 3, NULL, 'assets/topic/asb/11756.png', 'Aliacha kucheza ngoma ghafla. Mara hiyo hiyo, kila mchezaji akabadilika kuwa jiwe. Waliokuwa wamelala, waliokuwa wamesimama, waliokaa kitako na wengine waliopiga magoti wote walibaki walivyokuwa. Kisha mgeni akatoweka kijijini.', NULL);
INSERT INTO `card` (id, type, title, header, content, option) VALUES ('15863_14', 3, NULL, NULL, 'Mawe hayo yamebaki mahali pale hadi wa leo. Saa za usiku husikika yakiimba na kucheza edonga. Hiyo ndiyo asili ya Namorutunga.', NULL);
INSERT INTO `card` (id, type, title, header, content, option) VALUES ('15863_15', 3, NULL, NULL, 'You are free to download, copy, translate or adapt this story and use the illustrations as long as you attribute in the following way:
Namorutunga
Author -
Simon Ipoo
Translation -
Translators without Borders and Pete Mhunzi
Illustration -
Zablon Alex Nguku
Language -
Kiswahili
Level -
First paragraphs
© African Storybook Initiative 2015
Creative Commons: Attribution 4.0
Source
www.africanstorybook.org', NULL);
INSERT INTO `card` (id, type, title, header, content, option) VALUES ('7874', 2, 'Namukhaywa', 'assets/topic/asb/5807.png', 'Brigid Simiyu
 Wiehan de Jager', 'FFB3C8FF');
INSERT INTO `card` (id, type, title, header, content, option) VALUES ('7874_3', 3, NULL, 'assets/topic/asb/5806.png', 'Hapo zamani katika kijiji cha Lunyiko, kuliishi mwanamme aliyeitwa Ndong''a na mkewe Namukhaywa. Walikuwa na binti sita.', NULL);
INSERT INTO `card` (id, type, title, header, content, option) VALUES ('7874_4', 3, NULL, 'assets/topic/asb/5807.png', 'Namukhaywa alipokuwa na mimba ya saba,  Ndong''a alimwonya, "Ukimzaa msichana, nitakuua. Lakini ukinipa mtoto mvulana, nitakuandalia karamu kubwa!"', NULL);
INSERT INTO `card` (id, type, title, header, content, option) VALUES ('7874_5', 3, NULL, 'assets/topic/asb/5808.png', 'Wakati wa kujifungua ulipowadia, Namukhaywa alienda kwa mkunga wa kienyeji. Je, mtoto atakuwa msichana au mvulana?', NULL);
INSERT INTO `card` (id, type, title, header, content, option) VALUES ('7874_6', 3, NULL, 'assets/topic/asb/5809.png', 'Alikuwa mvulana na msichana, mapacha! Mvulana alimwita Mukhwana, na msichana akamwita Mulongo. Alipomwangalia Mukhwana, alifurahi sana. Lakini alipomwangalia Mulongo, alihuzunika mno. Ni jambo moja tu angelifanya.', NULL);
INSERT INTO `card` (id, type, title, header, content, option) VALUES ('7874_7', 3, NULL, 'assets/topic/asb/5810.png', 'Namukhaywa alimwacha Mulongo chini ya ulezi wa mkunga na kumpeleka Mukhwana nyumbani kwa mumewe.', NULL);
INSERT INTO `card` (id, type, title, header, content, option) VALUES ('7874_8', 3, NULL, 'assets/topic/asb/5812.png', 'Kwa fahari, alimwonyesha Ndong''a mtoto mvulana. Alifurahi sana na kuwaita wanakijiji kusherehekea kuzaliwa kwa mtoto wake mvulana.', NULL);
INSERT INTO `card` (id, type, title, header, content, option) VALUES ('7874_9', 3, NULL, 'assets/topic/asb/5813.png', 'Mukhwana alikua na kuwa kijana mwanamme wa kupendeza. Na Mulongo naye, akawa mwanamke mrembo mno.', NULL);
INSERT INTO `card` (id, type, title, header, content, option) VALUES ('7874_10', 3, NULL, 'assets/topic/asb/5814.png', 'Siku moja wakati alikuwa akichunga mifugo wa babake, Mukhwana alimwona msichana mrembo sana. "Huyu ndiye msichana ningependa kuoa," alijiambia.', NULL);
INSERT INTO `card` (id, type, title, header, content, option) VALUES ('7874_11', 3, NULL, 'assets/topic/asb/5815.png', 'Lakini alipomwuliza kumuoa, aliimba hivi:
Mukhwana wetu, Mukhwana.
Mama alionywa na baba
Akijifungua mvulana
Ampeleke nyumbani
Akiwa msichana, atauawa.', NULL);
INSERT INTO `card` (id, type, title, header, content, option) VALUES ('7874_12', 3, NULL, 'assets/topic/asb/5817.png', 'Hii ilifanyika tena na tena. Mukhwana hakujua la kufanya. Alimwendea mamake, Namukhaywa, akasema, "Nimempata msichana mrembo ambaye ningependa kumuoa. Lakini kila ninapomwuliza,  anaimba wimbo ule ule."', NULL);
INSERT INTO `card` (id, type, title, header, content, option) VALUES ('7874_13', 3, NULL, 'assets/topic/asb/5818.png', 'La kushangaza, Namukhaywa alisema,  "Anachoimba msichana yule ni kweli. Yeye ni dadako. Mlizaliwa mapacha. Babako alimtaka mtoto mvulana na wala si msichana. Nilimwacha dadako kwa mkunga nikakuleta wewe nyumbani."', NULL);
INSERT INTO `card` (id, type, title, header, content, option) VALUES ('7874_14', 3, NULL, 'assets/topic/asb/5820.png', 'Wakati Mukhwana alimwambia babake kisa hicho,  babake aliona kwamba alikuwa amefanya kosa. Alimwita Namukhaywa, na pamoja walienda kwa mkunga kumleta Mulongo.', NULL);
INSERT INTO `card` (id, type, title, header, content, option) VALUES ('7874_15', 3, NULL, 'assets/topic/asb/5822.png', 'Mulongo alipofika nyumbani, babake na wazee wa kijiji walimchinja mbuzi na kutekeleza kimila cha kumwunganisha Mulongo na ndugu zake saba.', NULL);
INSERT INTO `card` (id, type, title, header, content, option) VALUES ('7874_16', 3, NULL, 'assets/topic/asb/5824.png', 'Mwaka mmoja baadaye, Mulongo aliolewa kwa mwana wa tajiri kutoka kijijini. Aliiletea familia yake furaha na mali mengi.', NULL);
INSERT INTO `card` (id, type, title, header, content, option) VALUES ('7874_17', 3, NULL, NULL, 'You are free to download, copy, translate or adapt this story and use the illustrations as long as you attribute in the following way:
Namukhaywa
Author -
Matthews M Wanga
Translation -
Brigid Simiyu
Illustration -
Wiehan de Jager
Language -
Kiswahili
Level -
First paragraphs
© African Storybook Initiative 2014
Creative Commons: Attribution 4.0
Source
www.africanstorybook.org', NULL);
INSERT INTO `card` (id, type, title, header, content, option) VALUES ('22049', 2, 'Nani atahesabu mpaka kumi?', 'assets/topic/asb/25319.png', 'Brigid Simiyu
Salim Kasamba', 'FF9DEDE3');
INSERT INTO `card` (id, type, title, header, content, option) VALUES ('22049_3', 3, NULL, 'assets/topic/asb/25317.png', 'Hapo zamani, Mfalme Chui alianza kuwaza juu ya maisha ya usoni.  Alitafakari, "Ninazeeka, na siku moja, nitakufa. Mfalme nwenye busara, anastahili kumchagua mrithi wake akiwa angali kijana na mwenye afya."
Lakini, Mfalme Chui atafanya uchagazi namna gani? Aliwapenda wanyama wote!', NULL);
INSERT INTO `card` (id, type, title, header, content, option) VALUES ('22049_4', 3, NULL, 'assets/topic/asb/25318.png', 'Mfalme Chui alipata wazo. Aliwaalika wanyama wote kwenda katika ikulu. Wajumbe walikimbia kila sehemu ya kichaka wakiwaalika wanyama.
Alipanga kuwa na sherehe kubwa kisha awatangazie mpango wake.', NULL);
INSERT INTO `card` (id, type, title, header, content, option) VALUES ('22049_5', 3, NULL, 'assets/topic/asb/25319.png', 'Usiku wa sherehe, wanyama wote walikuwa katika ikulu. Waliimba, wakacheza  wakawa na wakati mzuri. Usiku wa manane, Mfalme Chui alisimama katikati ya ikulu.
Wanyama waliacha kuimba na kucheza. Walisikiliza kwa makini mfalme wao alipoanza kuzungumza.', NULL);
INSERT INTO `card` (id, type, title, header, content, option) VALUES ('22049_6', 3, NULL, 'assets/topic/asb/25320.png', 'Alisafisha koo akasema, "Nilikuwa nikiwaza na wakati umetimia wa kumchagua mrithi wangu. Kwa sababu ninawapenda nyote, siwezi kuamua nani anayefaa zaidi. Nimepanga mashindano yatakayoamua."', NULL);
INSERT INTO `card` (id, type, title, header, content, option) VALUES ('22049_7', 3, NULL, 'assets/topic/asb/25321.png', 'Mfalme Chui alishika mkuki akasema, "Wa kwanza miongoni mwenu atakayerusha mkuki angani kisha ahesabu mpaka kumi kabla ya mkuki huo kutua chini, ndiye atakayekuwa mrithi wangu."', NULL);
INSERT INTO `card` (id, type, title, header, content, option) VALUES ('22049_8', 3, NULL, 'assets/topic/asb/25322.png', 'Mfalme Chui alipomaliza kuzungumza, wanyama walisikia sauti kubwa ikitoka nyuma yao. Walipogeuka, walimwona Tembo akielekea mbele kwa kishindo. "Tokeni njiani. Mimi ni mkubwa zaidi, ninastahili kuwa mfalme," Tembo alisema.', NULL);
INSERT INTO `card` (id, type, title, header, content, option) VALUES ('22049_9', 3, NULL, 'assets/topic/asb/25323.png', 'Tembo aliuchukua mkuki, akaushika kwa mkonga wake. Alikirudisha kichwa chake nyuma kisha akaurusha mkuki angani. "Moja! Mbili! Tatu! Ah!" Tembo alilia. Mkuki uligonga chini alipofikisha nne. Tembo alikasirika akaanza kufoka.
Mfalme Chui alimwambia, "Ulipata nafasi
yako." Tembo alilazimika kuondoka.', NULL);
INSERT INTO `card` (id, type, title, header, content, option) VALUES ('22049_10', 3, NULL, 'assets/topic/asb/25324.png', 'Baada ya Tembo kuondoka, wanyama walianza kuzungumza miongoni mwao kwa msisimuko. Walisikia tena sauti kubwa ikitoka nyuma yao.
Ngiri alikuja kwa kishindo akisema, "Niondokeeni. Niondokeeni. Nitakuwa mfalme. Nina misuli mikubwa zaidi. Nina nguvu kuliko wote. Lazima niwe mfalme."', NULL);
INSERT INTO `card` (id, type, title, header, content, option) VALUES ('22049_11', 3, NULL, 'assets/topic/asb/25325.png', 'Ngiri aliinama, akaukamata mkuki kisha akaurusha angani. "Moja! Mbili! Tatu! Nne! Tano! Ah!" Alipiga kelele. Mkuki ulianguka alipofikisha sita. Alirusha uchafu hewani kwa hasira.
Chui alimwambia, "Ngiri, unapata nafasi mara moja tu ya kurusha mkuki. Umeshaipata." Ngiri pia alilazimika kuondoka.', NULL);
INSERT INTO `card` (id, type, title, header, content, option) VALUES ('22049_12', 3, NULL, 'assets/topic/asb/25326.png', 'Baadaye, wanyama walianza kutoa maoni yao na kusema, "Mashindano hayo ni magumu! Tembo, ingawa ni mkubwa, hakufaulu. Ngiri, ingawa ana nguvu sana, pia hakufaulu. Hakuna atakayeshinda mashindano haya!"
Wakati huo huo, walisikia sauti nyingine kutoka nyuma yao. Walipotazama, hawakuamini macho yao.', NULL);
INSERT INTO `card` (id, type, title, header, content, option) VALUES ('22049_13', 3, NULL, 'assets/topic/asb/25327.png', 'Walimwona Sokwe mkubwa akienda mbele. Alikuwa akiimba, "Ninaweza. Najua ninaweza. Ninaweza." Sokwe aliuchukua mkuki akasonga nyuma hatua kadhaa. Aliuvuta mkono wake nyuma, akarudi mbele kisha akaruka hewani na kuurusha mkuki angani. "Moja! Mbili! Tatu! Nne! Tano! Sita! Saba! Ah!" Sokwe alilia.', NULL);
INSERT INTO `card` (id, type, title, header, content, option) VALUES ('22049_14', 3, NULL, 'assets/topic/asb/25328.png', 'Mkuki uligonga chini alipofikisha nane. Sokwe alikasirika akazungukazunguka akilalamika.
Lakini, Mfalme Chui alimwambia, "La, Sokwe, unapata nafasi mara moja tu." Ilimbidi Sokwe pia aondoke.', NULL);
INSERT INTO `card` (id, type, title, header, content, option) VALUES ('22049_15', 3, NULL, 'assets/topic/asb/25329.png', 'Baadhi ya wanyama walianza kuondoka kwenda nyumbani. Walipokuwa wakiondoka, walimwona Swara mdogo akija kujaribu bahati yake. Swara alisema, "Subirini! Subirini! Hebu nijaribu. Ninaweza kufaulu. Ninaweza. Nipeni nafasi nijaribu."
Wanyama wengine walianza kumcheka Swara.', NULL);
INSERT INTO `card` (id, type, title, header, content, option) VALUES ('22049_16', 3, NULL, 'assets/topic/asb/25330.png', 'Mfalme Chui aliwashauri wanyama, "Acheni kumcheka Swara! Ni nani aliyesema kwamba wanyama wadogo hawawezi kufanya kazi ambayo wale wakubwa wanafanya? Lazima Swara apewe nafasi sawa kama wanyama wengine. Rudini nyuma ili Swara atupe mkuki."', NULL);
INSERT INTO `card` (id, type, title, header, content, option) VALUES ('22049_17', 3, NULL, 'assets/topic/asb/25331.png', 'Swara alimwinamia mfalme, akauchukua mkuki mdomoni. Akitumia nguvu zote, alikimbia mpaka katikati ya uwanja. Aliruka juu akavuta pumzi kisha akaurusha mkuki huku akisema kwa sauti kubwa, "Tano na tano ni kumi." Mkuki ulitua chini.', NULL);
INSERT INTO `card` (id, type, title, header, content, option) VALUES ('22049_18', 3, NULL, 'assets/topic/asb/25332.png', 'Wanyama wote walichanganyikiwa. Mfalme Chui aliwaeleza, "Ndiyo, Swara! Tano na tano ni njia nyingine ya kupata kumi. Kuna zaidi ya njia moja  ya kuhesabu mpaka kumi." Mashindano hayakuwa kumpata mnyama mkubwa wala mwenye nguvu. Bali lilikuwa kumpata mnyama mwerevu! Hivyo ndivyo Swara alivyokuwa malkia baada ya chui kufariki.', NULL);
INSERT INTO `card` (id, type, title, header, content, option) VALUES ('22049_19', 3, NULL, NULL, 'You are free to download, copy, translate or adapt this story and use the illustrations as long as you attribute in the following way:
Nani atahesabu mpaka kumi?
Author -
Athieno Gertrude and Owino Ogot
Translation -
Brigid Simiyu
Illustration -
Salim Kasamba
Language -
Kiswahili
Level -
Longer paragraphs
© African Storybook Initiative 2017
Creative Commons: Attribution 4.0
Source
www.africanstorybook.org', NULL);
INSERT INTO `card` (id, type, title, header, content, option) VALUES ('23747', 2, 'Naweza kufanya hili!', 'assets/topic/asb/13814.png', 'HANNINGTON  OWERE
 Silva Afonso', 'FF9DEDE3');
INSERT INTO `card` (id, type, title, header, content, option) VALUES ('23747_4', 3, NULL, NULL, 'Amelia anamka na anadhani, "Leo ni siku yangu ya kwanza ya shule."', NULL);
INSERT INTO `card` (id, type, title, header, content, option) VALUES ('23747_6', 3, NULL, NULL, '"Carlos, ninafanya nini?" Amelia anauliza. "Nitakwambia," Carlos anajibu.', NULL);
INSERT INTO `card` (id, type, title, header, content, option) VALUES ('23747_8', 3, NULL, NULL, 'Carlos anamwambia Amelia kuosha uso wake. Amelia anasema, "Ninaweza kuosha uso wangu. Na kisha?"', NULL);
INSERT INTO `card` (id, type, title, header, content, option) VALUES ('23747_10', 3, NULL, NULL, 'Carlos anamwambia Amelia kupiga meno yake. Amelia anasema, "Ninaweza kupiga meno yangu na kisha?"', NULL);
INSERT INTO `card` (id, type, title, header, content, option) VALUES ('23747_12', 3, NULL, NULL, 'Carlos amwambia Amelia kwamba lazima ale. Amelia anasema, "Ninajua jinsi ya kula, na kisha?"', NULL);
INSERT INTO `card` (id, type, title, header, content, option) VALUES ('23747_14', 3, NULL, NULL, 'Carlos anamwambia Amelia kuvaa sare yake. Amelia anasema, "Ninaweza kuvaa sare yangu. Na kisha?"', NULL);
INSERT INTO `card` (id, type, title, header, content, option) VALUES ('23747_16', 3, NULL, NULL, 'Carlos anamwambia Amelia kuchukua mfuko wake. Amelia anasema, "Ninaweza kuchukua mfuko wangu na kisha?"', NULL);
INSERT INTO `card` (id, type, title, header, content, option) VALUES ('23747_18', 3, NULL, NULL, 'Carlos anasema, "Lazima uende shuleni." Amelia anasema, "Ninaweza kwenda shule, na kisha?"', NULL);
INSERT INTO `card` (id, type, title, header, content, option) VALUES ('23747_20', 3, NULL, NULL, 'Carlos anasema, "Lazima uingie darasani." Amelia anajibu, "Ninaweza kuingia darasa na kisha?"', NULL);
INSERT INTO `card` (id, type, title, header, content, option) VALUES ('23747_24', 3, NULL, NULL, 'You are free to download, copy, translate or adapt this story and use the illustrations as long as you attribute in the following way:
Naweza kufanya hili!
Author -
World Education
Translation -
HANNINGTON  OWERE
Illustration -
Silva Afonso
Language -
Kiswahili
Level -
First sentences
© World Education, Inc. 2015
Creative Commons: Attribution 4.0
Source
www.africanstorybook.org', NULL);
INSERT INTO `card` (id, type, title, header, content, option) VALUES ('22750', 2, 'Ndalo na Pendo – Marafiki wakubwa', 'assets/topic/asb/7945.png', 'Ursula  Nafula
Rob Owen', 'FFB3C8FF');
INSERT INTO `card` (id, type, title, header, content, option) VALUES ('22750_3', 3, NULL, 'assets/topic/asb/11992.png', 'Ndalo ana umri wa miaka 10. Yuko katika darasa la 5 katika shule iliyo pale kijijini. Ndalo huibuka wa kwanza darasani kwake. "Ni nini siri yake?" Wenzake wanajiuliza.
Ndalo anasoma na kuandika vizuri. "Je, anawezaje kufanya hivi?" Wanashangaa. Ndalo anawaeleza kwamba ni kwa sababu ana vitabu vingi. Wao wanapopoteza muda wao wakikaa bila kazi, yeye huutumia muda wake kusoma.', NULL);
INSERT INTO `card` (id, type, title, header, content, option) VALUES ('22750_4', 3, NULL, 'assets/topic/asb/7944.png', 'Wakati mwingine Ndalo hupata Shilingi 80 kama pesa za matumizi. Yeye huzitumia pesa zake nyingi kununua vitabu kutoka duka la vitabu vikuukuu lilioko pale kijijini.
Je, Ndalo hupataje pesa za matumizi anazotumia kununua vitabu? Fungua ukurasa ufuatao upate kujua.', NULL);
INSERT INTO `card` (id, type, title, header, content, option) VALUES ('22750_5', 3, NULL, 'assets/topic/asb/11993.png', 'Huyu ni Pendo, ng''ombe wa maziwa. Yeye hutoa maziwa lita 20 kwa siku. Babake Ndalo huuza maziwa hayo.
Ng''ombe huhitaji chakula na maji. Vilevile, huhitaji kutembea uwanjani. Kwa hivyo, kila siku baada ya kutoka shuleni, Ndalo hufanya kazi hiyo. Babake humpatia pesa za matumizi kwa kazi hiyo. Ni pesa hizo ambazo Ndalo huweka kwa ununuzi wa vitabu kila juma.', NULL);
INSERT INTO `card` (id, type, title, header, content, option) VALUES ('22750_6', 3, NULL, 'assets/topic/asb/7939.png', 'Kwanza, Ndalo humpa Pendo karoti 8 kila siku. Kila siku yeye huzichuma karoti kutoka kwenye bustani ya babake.
Ukifanya hesabu, utapata kwamba Pendo hula takriban karoti 60 kwa juma. Je, unaweza kupata hasebu kamili?', NULL);
INSERT INTO `card` (id, type, title, header, content, option) VALUES ('22750_7', 3, NULL, 'assets/topic/asb/11994.png', 'Baada ya hiyo, Ndalo humpeleka Pendo malishoni. Babake alimwonya achunge ili Pendo asile nyasi kwa zaidi ya robo tatu ya saa.
Kawaida, Pendo huanza kula nyasi saa nane na dakika kumi na tano ili Ndalo aweze kumrudisha saa tisa kwenye kibanda cha kukamulia. Wakati wa majira ya baridi, ambapo giza huingia mapema, Ndalo huweza kuanza kula saa saba na nusu.', NULL);
INSERT INTO `card` (id, type, title, header, content, option) VALUES ('22750_8', 3, NULL, 'assets/topic/asb/7938.png', 'Baada ya hilo, Ndalo humpa Pendo maji. Bila maji Pendo hawezi kutoa maziwa hata Ndalo akimlisha
namna gani. Ndalo husomba maji kwa ndoo kutoka mfereji ulio pale kijijini kwa sababu hakuna mwingine ulio karibu.
Hori la Pendo huweza kubeba maji lita 30. Ndoo ya Ndalo hubeba tu lita 5 peke yake. Kwa hivyo ili ajaze hori, Ndalo huenda mara chache. Je, unaweza kufanya hesabu ya jumla ya safari zote?', NULL);
INSERT INTO `card` (id, type, title, header, content, option) VALUES ('22750_9', 3, NULL, 'assets/topic/asb/11995.png', 'Halafu, Ndalo humpeleka Pendo ili apate nafaka yake ya kila siku ya kilo 12. Ndalo akihesabu, anapata jumla ya kilo 90 kwa juma.
Kila gunia linagharimu Shilingi 39. Ndalo anafanya hesabu ya nafaka ya kila juma. Kwanza anafanya hesabu ya magunia 7 kwa Shilingi 40 kila gunia. Anapata jumla ya Shilingi 280. Kisha anaondoa Shilingi 7 na kubaki na salio la Shilingi 273. "Hiyo ni kama Shilingi 10 000 kwa mwaka!" Ndalo anakadiria. Je, hiyo ni sawa?', NULL);
INSERT INTO `card` (id, type, title, header, content, option) VALUES ('22750_10', 3, NULL, 'assets/topic/asb/11996.png', 'Babake Ndalo anamkama Pendo mara mbili kwa siku. Pendo hutoa maziwa lita 24 kwa siku, kwa hivyo hutoa karibu lita 12 kila anapokamuliwa.
Wakati mwingine Ndalo husaidia kukamua lakini, si kazi rahisi kama inavyoonekana. "Siku moja, nitakuwa na ng''ombe wangu mwenyewe ambao nitalazimika kukamua mwenyewe," Ndalo anawaza.', NULL);
INSERT INTO `card` (id, type, title, header, content, option) VALUES ('22750_11', 3, NULL, 'assets/topic/asb/7941.png', 'Babake anayamwaga maziwa kwenye ndoo ndogo ya lita 2. Vilevile, anayamwaga kwenye chupa za lita 1. Halafu anayauza maziwa hayo kwa Shilingi 8 kwa kila lita.
Mara moja kwa juma, babake Ndalo huchanga lita 25 za maziwa kusaidia mpango wa chakula shuleni. Hii ina maana kuwa watoto 100 hupata maziwa siku hiyo.', NULL);
INSERT INTO `card` (id, type, title, header, content, option) VALUES ('22750_12', 3, NULL, 'assets/topic/asb/7943.png', 'Kwa kila lita inayouzwa, babake anampa Ndalo senti 50. Hiyo haionekani kuwa nyingi, lakini ikiwa babake anauza lita 24 kwa siku, hizo senti huongezeka na kuwa pesa nyingi. Je, unaweza kufanya hesabu na kujua kiasi kamili?
Ndalo anaziweka hela zake hadi Jumamosi wakati anapolitembelea duka la vitabu. Kila kitabu kinagharimu chini ya shilingi 10. Kwa hivyo, anaweza kununua vitabu vingi katika juma moja.', NULL);
INSERT INTO `card` (id, type, title, header, content, option) VALUES ('22750_13', 3, NULL, 'assets/topic/asb/11997.png', 'Ndalo pia hupenda kuyanywa maziwa anayotoa Pendo. Babake husema kwamba maziwa husaidia kujenga mifupa na meno na kuipa nguvu. Pia humpa mtu afya nzuri.
Kwa kuwa anayanywa maziwa na kuzila mboga nyingi kutoka bustani ya babake, Ndalo ana nguvu na mwenye afya nzuri. Ni nadra yeye augue au ahisi njaa.', NULL);
INSERT INTO `card` (id, type, title, header, content, option) VALUES ('22750_14', 3, NULL, 'assets/topic/asb/7945.png', 'Ndalo hasahau kumshukuru Pendo mwishoni mwa siku. Humzawadi kwa kumpatia karoti zaidi au matawi ya mchicha yapatikanayo kwenye bustani.
"Asante Pendo, wewe ni rafiki yangu mkubwa! Mimi ni mwenye nguvu, mwenye afya na mwerevu kwa ajili yako. Usingekuwa wewe, nisingeweza kuvinunua vitabu vinavyonisaidia kuibuka wa kwanza darasani."', NULL);
INSERT INTO `card` (id, type, title, header, content, option) VALUES ('22750_15', 3, NULL, NULL, 'You are free to download, copy, translate or adapt this story and use the illustrations as long as you attribute in the following way:
Ndalo na Pendo – Marafiki wakubwa
Author -
Ruth Odondi
Translation -
Ursula  Nafula
Illustration -
Rob Owen
Language -
Kiswahili
Level -
Read aloud
© African Storybook Initiative and Molteno Institute, 2017
Creative Commons: Attribution 4.0
Source
www.africanstorybook.org', NULL);
INSERT INTO `card` (id, type, title, header, content, option) VALUES ('21747', 2, 'Ndama wa Parna', 'assets/topic/asb/25507.png', 'Ursula Nafula
Jacob Kono', 'FF9DEDE3');
INSERT INTO `card` (id, type, title, header, content, option) VALUES ('21747_3', 3, NULL, 'assets/topic/asb/25498.png', 'Parna alikuwa mvulana mwembamba mrefu. Alikuwa katika darasa la tatu.
Alipenda kuvaa koti refu la rangi nyeusi. Alipewa koti hilo na Mjombake, Teteyo.', NULL);
INSERT INTO `card` (id, type, title, header, content, option) VALUES ('21747_4', 3, NULL, 'assets/topic/asb/25499.png', 'Wakati wa likizo, Parna aliwachunga ng''ombe wa wazazi wake.', NULL);
INSERT INTO `card` (id, type, title, header, content, option) VALUES ('21747_5', 3, NULL, 'assets/topic/asb/25500.png', 'Siku moja, Parna alikuwa akiwachunga ng''ombe. Ghafla, mvua ilianza kunyesha.', NULL);
INSERT INTO `card` (id, type, title, header, content, option) VALUES ('21747_6', 3, NULL, 'assets/topic/asb/25501.png', 'Wakati huo huo, Cheusi, ng''ombe aliyekuwa kipenzi cha babake, alizaa.
Ndama aliyezaliwa alipendeza. Alikuwa mzuri kuliko ndama wote ambao Parna aliwahi kuwaona.', NULL);
INSERT INTO `card` (id, type, title, header, content, option) VALUES ('21747_7', 3, NULL, 'assets/topic/asb/25502.png', 'Parna alifurahi kuwahudumia Cheusi na ndama wake. Aliwasahau ng''ombe wale wengine.', NULL);
INSERT INTO `card` (id, type, title, header, content, option) VALUES ('21747_8', 3, NULL, 'assets/topic/asb/25503.png', 'Aliwaza, "Babangu aliahidi kunipa ndama ikiwa atakuwa wa kike."', NULL);
INSERT INTO `card` (id, type, title, header, content, option) VALUES ('21747_9', 3, NULL, 'assets/topic/asb/25504.png', 'Alipokuwa akiwaza hivyo, alisikia mkono ukimvuta juu kwa nguvu.
Parna alimwona Mjomba Teteyo. Alikumbuka na kuuliza, "Mjomba, ng''ombe wako wapi?"', NULL);
INSERT INTO `card` (id, type, title, header, content, option) VALUES ('21747_10', 3, NULL, 'assets/topic/asb/25505.png', 'Mjomba Teteyo alimjibu, "Mamako aliwapata ng''ombe wote zizini ila wewe na Cheusi. Aliingiwa na wasiwasi akanituma nije nikuchukue."', NULL);
INSERT INTO `card` (id, type, title, header, content, option) VALUES ('21747_11', 3, NULL, 'assets/topic/asb/25506.png', 'Mjomba Teteyo akasema, "Nitambeba ndama huyu. Kisha wewe na Cheusi mnifuate nyuma."
Parna alielezea kwa msisimko jinsi Cheusi alivyozaa ndama aliye mzuri zaidi ya wote.', NULL);
INSERT INTO `card` (id, type, title, header, content, option) VALUES ('21747_12', 3, NULL, 'assets/topic/asb/25507.png', 'Watu wote walifurahi walipoona kwamba Parna, Cheusi na ndama walikuwa salama.', NULL);
INSERT INTO `card` (id, type, title, header, content, option) VALUES ('21747_13', 3, NULL, 'assets/topic/asb/25508.png', 'Parna akamwuliza babake, "Je, utanipa ndama huyu kama ulivyoahidi?"', NULL);
INSERT INTO `card` (id, type, title, header, content, option) VALUES ('21747_14', 3, NULL, 'assets/topic/asb/25509.png', '"Ndiyo, mwanangu, ndama huyu ni wako. Ahadi ni deni."', NULL);
INSERT INTO `card` (id, type, title, header, content, option) VALUES ('21747_15', 3, NULL, NULL, 'You are free to download, copy, translate or adapt this story and use the illustrations as long as you attribute in the following way:
Ndama wa Parna
Author -
Soila Murianka
Translation -
Ursula Nafula
Illustration -
Jacob Kono
Language -
Kiswahili
Level -
First paragraphs
© African Storybook Initiative 2017
Creative Commons: Attribution 4.0
Source
www.africanstorybook.org', NULL);
INSERT INTO `card` (id, type, title, header, content, option) VALUES ('2344', 2, 'Ndege-Asali alipiza kisasi', 'assets/topic/asb/1865.png', 'Brigid Simiyu
Wiehan de Jager', 'FFCFB5DD');
INSERT INTO `card` (id, type, title, header, content, option) VALUES ('2344_3', 3, NULL, NULL, 'Hii ni hadithi ya Ndege-Asali na mvulana mmoja mlafi aliyeitwa Jeuri. Siku moja Jeuri alipokuwa akiwinda, alisikia mwito wa Ndege-Asali amabye huwaongoza watu palipo na asali. Jeuri alianza kudondokwa na mate alipofikiria juu ya asali. Alisikiliza na kutazama vizuri hadi akamwona Ndege-Asali aliyekuwa ametua kwenye matawi. "Chitik-chitik-chitik," Ndege-Asali aliruka na kutua kwenye mti uliokuwa karibu. "Chitik-chitik-chitik," aliita, huku akinyamaza na kuhakikisha kwamba Jeuri alikuwa amemfuata.', NULL);
INSERT INTO `card` (id, type, title, header, content, option) VALUES ('2344_4', 3, NULL, 'assets/topic/asb/1866.png', 'Baada ya nusu saa, waliufikia mti wa mtini. Ndege-Asali aliruka kama mwenda wazimu kutoka tawi moja hadi nyingine. Jeuri alisimama akamtazama kwa muda mrefu.', NULL);
INSERT INTO `card` (id, type, title, header, content, option) VALUES ('2344_5', 3, NULL, 'assets/topic/asb/1867.png', 'Baadaye, Ndege-Asali alitulia kwenye tawi moja, akageuza kichwa chake na kumwangalia Jeuri. Jeuri aliamini kuwa Ndege-Asali alikuwa akisema,  "Asali iko hapa! Njoo sasa!" Jeuri hakuweza kuona nyuki wowote kutoka chini ya mti kwa vile alimwamini Ndege-Asali.', NULL);
INSERT INTO `card` (id, type, title, header, content, option) VALUES ('2344_6', 3, NULL, 'assets/topic/asb/1588.png', 'Jeuri aliuweka mkuki wake chini ya mti. Akakusanya vijiti vilivyokauka kisha akakoka moto mdogo. Moto ulipowaka vizuri, Jeuri alikitia kijiti kirefu kilichoaminika kutoa moshi mwingi. Alianza kukwea mti akiwa amekishika kwa meno.', NULL);
INSERT INTO `card` (id, type, title, header, content, option) VALUES ('2344_7', 3, NULL, 'assets/topic/asb/1869.png', 'Baadaye, Jeuri alisikia sauti ya nyuki. Walikuwa wakiingia na kutoka mzingani. Jeuri alipoufikia mzinga, alikisukuma ndani kile kijiti kilichokuwa na moto. Nyuki walitoka ndani kwa hasira wakihisi uchungu. Waliruka na kwenda kwa sababu hawakupenda moshi. Hata hivyo, walifanya hivyo tu baada ya kumuuma Jeuri!', NULL);
INSERT INTO `card` (id, type, title, header, content, option) VALUES ('2344_8', 3, NULL, 'assets/topic/asb/1870.png', 'Nyuki walipokuwa nje, Jeuri aliingiza mkono wake ndani ya mzinga. Alitoa kipande kikubwa cha asali iliyokuwa ikidondoka. Aliiweka kwa utaratibu ndani ya mkoba aliokuwa nao na kuanza kushuka kutoka mtini.', NULL);
INSERT INTO `card` (id, type, title, header, content, option) VALUES ('2344_9', 3, NULL, 'assets/topic/asb/1871.png', 'Ndege-Asali alishuhudia kila kitendo alichofanya Jeuri. Alikuwa akisubiri kubakishiwa kiasi kidogo cha asali kama shukurani kwa kumwongoza Jeuri kwenye asali. Aliruka kutoka tawi hadi tawi huku akikaribia chini. Mwishowe Jeuri alifika chini. Ndege-Asali alitua kwenye jiwe karibu na Jeuri akisubiri zawadi yake.', NULL);
INSERT INTO `card` (id, type, title, header, content, option) VALUES ('2344_10', 3, NULL, NULL, 'Lakini Jeuri aliuzima moto, akachukua mkuki wake na kuanza safari bila kumjali Ndege-Asali. Ndege-Asali aliita kwa hasira, "USH-ndi! USH-ndi!" Jeuri alisimama,  akamkodolea macho kisha akacheka kwa sauti. "Rafiki yangu, unataka asali kidogo? Ha! Mimi ndiye nilifanya kazi yote pamoja na kuumwa na nyuki. Kwa nini nikugawie asali hii tamu?"', NULL);
INSERT INTO `card` (id, type, title, header, content, option) VALUES ('2344_11', 3, NULL, 'assets/topic/asb/1872.png', 'Jeuri aliondoka na kwenda zake. Ndege-Asali alikasirika sana! Hivi sivyo ndivyo alistahili kutendewa! Lakini atalipiza kisasi.', NULL);
INSERT INTO `card` (id, type, title, header, content, option) VALUES ('2344_12', 3, NULL, NULL, 'Siku chache baadaye, Jeuri alisikia tena mwito wa Ndege-Asali uliohusu asali. Aliikumbuka asali tamu, na kwa mara nyingine, alimfuata kwa hamu. Baada ya kumwongoza Jeuri kwenye msitu, Ndege-Asali alipumzika chini ya mti wa mwavuli. "Ahh, bila shaka mzinga umo ndani ya mti huu," Jeuri aliwaza. Kwa haraka aliwasha moto wake na kuanza kukwea mti akiwa amebeba kuni iliyotoa moshi. Ndege-Asali alimtazama tu.', NULL);
INSERT INTO `card` (id, type, title, header, content, option) VALUES ('2344_14', 3, NULL, NULL, 'Jeuri alipopanda, alishangaa kwa nini hakusikia sauti ya nyuki. "Pengine mzinga umefichika ndani ya mti zaidi," alifikiria. Alipanda tena juu ya tawi jingine. Lakini badala ya mzinga, alijikuta akiwa amemkodolea macho Chui! Chui alikuwa na hasira sana kwa sababu usingizi wake ulikuwa umekatizwa. Aliiyafanya macho yake yakawa madogo, akaufungua mdomo wake na kuyaonyesha meno yake makubwa makali.', NULL);
INSERT INTO `card` (id, type, title, header, content, option) VALUES ('2344_16', 3, NULL, 'assets/topic/asb/1865.png', 'Kabla ya Chui kumvamia, Jeuri alishuka haraka chini. Katika haraka hiyo, aliteleza na kuanguka kwa kishindo akaumia mguu wake. Alirukaruka akienda kwa haraka alivyoweza. Kwa bahati nzuri, Chui alikuwa bado akihisi usingizi, kwa hivyo hakumfukuza. Ndege-Asali alikuwa amelipiza kisasi na Jeuri alikuwa amejifunza funzo lake.', NULL);
INSERT INTO `card` (id, type, title, header, content, option) VALUES ('2344_17', 3, NULL, 'assets/topic/asb/1865.png', 'Kwa hivyo, watoto wa Jeuri na watoto wa watoto wao wanamheshimu sana Ndege-Asali wanapoisikia hadithi yake ya kuwaongoza watu kwenye asali. Kila wanapotoa asali, wao huhakikisha kwamba wanamzawadi kwa kiasi kikubwa cha asali!', NULL);
INSERT INTO `card` (id, type, title, header, content, option) VALUES ('2344_18', 3, NULL, NULL, 'You are free to download, copy, translate or adapt this story and use the illustrations as long as you attribute in the following way:
Ndege-Asali alipiza kisasi
Author -
Zulu folktale
Translation -
Brigid Simiyu
Illustration -
Wiehan de Jager
Language -
Kiswahili
Level -
Read aloud
© African Storybook Initiative 2014
Creative Commons: Attribution 4.0
Source
www.africanstorybook.org', NULL);
INSERT INTO `card` (id, type, title, header, content, option) VALUES ('15942', 2, 'Ndizi za Bibi', 'assets/topic/asb/1360.png', 'Peter Chege
 Catherine Groenewald', 'FF9DEDE3');
INSERT INTO `card` (id, type, title, header, content, option) VALUES ('15942_3', 3, NULL, 'assets/topic/asb/1361.png', 'Bibi alikuwa na shamba lenye rutuba lililojaa mtama,  mawele, mihogo, na zaidi ya yote, ndizi. Ingawa bibi alikuwa na wajukuu wengi, nilijua alinipenda zaidi. Alinikaribisha nyumbani kwake mara kwa mara na kunifichulia siri zake. Kulikuwa na siri moja aliyokataa kunifichulia. Hakunifichuliwa alivyoziivisha ndizi zake.', NULL);
INSERT INTO `card` (id, type, title, header, content, option) VALUES ('15942_4', 3, NULL, 'assets/topic/asb/1360.png', 'Siku moja, niliona kapu kubwa limeanikwa nje ya nyumba ya bibi. Nilipomuuliza kapu lilikuwa la nini,  alinijibu, "Hili ni kapu langu la ajabu." Kando ya kapu lile,  paliwekwa majani ya mgomba. Bibi alikuwa akiyageuzageuza. Nilijawa na shauku nikauliza,  "Bibi, majani haya ni ya nini?" Bibi alinjibu, "Ni majani yangu ya ajabu."', NULL);
INSERT INTO `card` (id, type, title, header, content, option) VALUES ('15942_5', 3, NULL, 'assets/topic/asb/1362.png', 'Nilifurahia kumtazama bibi, zile ndizi, yale majani ya mgomba na lile kapu kubwa. Bibi alinituma kwa mamangu. "Bibi, tafadhali niruhusu nione unavyotayarisha." "Mwana wee, usiwe mtundu,  fanya ninavyokwambia." Bibi alinifokea. Niliondoka mbio.', NULL);
INSERT INTO `card` (id, type, title, header, content, option) VALUES ('15942_6', 3, NULL, 'assets/topic/asb/1363.png', 'Niliporudi nilimpata bibi amekaa nje. Hapakuwa na kapu wala zile ndizi. "Bibi, li wapi kapu, zi wapi ndizi,  na ya wapi." "Zipo mahali pangu pa ajabu." Bibi alijibu. Jibu lake lilinivunja moyo.', NULL);
INSERT INTO `card` (id, type, title, header, content, option) VALUES ('15942_7', 3, NULL, 'assets/topic/asb/1364.png', 'Siku mbili baadaye, bibi alinituma nimchukulie mkongojo wake kutoka chumbani. Mara tu nilipoufungua mlango, nilikaribishwa na harufu tamu ya ndizi mbivu. Kapu kubwa la ajabu la bibi lilikuwa kwenye chumba cha ndani. Lilifunikwa kwa blanketi kuukuu. Nililifunua blanketi na kunukia harufu tamu.', NULL);
INSERT INTO `card` (id, type, title, header, content, option) VALUES ('15942_8', 3, NULL, 'assets/topic/asb/1366.png', 'Nilibumburushwa na sauti ya bibi akiita, "Wafanyaje wewe? Niletee mkongojo haraka." Nilitoka haraka kumpelekea mkongojo. "Tabasamu ni la nini?" Aliniuliza bibi. Swali lake lilinikumbusha kuwa bado nilikuwa ninatabasamu kwa kupavumbua mahali pake pa ajabu.', NULL);
INSERT INTO `card` (id, type, title, header, content, option) VALUES ('15942_9', 3, NULL, 'assets/topic/asb/1368.png', 'Keshoye bibi alipokuja kumuamkua mama,  nilichapuka na kwenda nyumbani kwa bibi kuziangalia zile ndizi tena. Palikuwa na kichala kimoja cha ndizi zilizoiva. Nilichuna moja na kuificha rindani mwangu. Nililifunika kapu, nikaenda nyuma ya nyumba, nikaila ndizi kwa haraka. Ilikuwa tamu ajabu.', NULL);
INSERT INTO `card` (id, type, title, header, content, option) VALUES ('15942_10', 3, NULL, 'assets/topic/asb/1369.png', 'Siku iliyofuata, bibi alipokuwa kitaluni akichuma mboga, nilipenya haraka nikazichungulia ndizi. Karibu ndizi zote zilikuwa zimeiva. Nikakichukuwa kichala cha ndizi nne. Nilipokuwa nikinyemelea kuelekea mlangoni, nilimsikia bibi akikohoa. Niliwahi kuzificha rindani na nikampita nikelekea nje.', NULL);
INSERT INTO `card` (id, type, title, header, content, option) VALUES ('15942_11', 3, NULL, 'assets/topic/asb/1370.png', 'Siku iliyofuata, ilikuwa siku ya soko. Bibi aliamka alfajiri mapema. Kila mara aliziuza ndizi na mihogo sokoni. Siku hiyo, sikuharakisha kumtembelea. Ingawa hivyo, singeweza kumuepuka kwa muda mrefu.', NULL);
INSERT INTO `card` (id, type, title, header, content, option) VALUES ('15942_12', 3, NULL, 'assets/topic/asb/1371.png', 'Siku hiyo jioni, baba, mama na bibi waliinita. Nilijua sababu. Usiku ule nilipokuwa nimelala, nilijua singewahi kuiba tena, si kwa bibi, si kwa wazazi wangu, wala kwa mtu yeyote.', NULL);
INSERT INTO `card` (id, type, title, header, content, option) VALUES ('15942_13', 3, NULL, NULL, 'You are free to download, copy, translate or adapt this story and use the illustrations as long as you attribute in the following way:
Ndizi za Bibi
Author -
Ursula Nafula
Translation -
Peter Chege, Alice Karichi, Michael Muriuki and Ursula Nafula
Illustration -
Catherine Groenewald
Language -
Kiswahili
Level -
Longer paragraphs
© African Storybook Initiative 2014
Creative Commons: Attribution 4.0
Source
www.africanstorybook.org', NULL);
INSERT INTO `card` (id, type, title, header, content, option) VALUES ('7877', 2, 'Ndogo sana, Kubwa sana', 'assets/topic/asb/2282.png', 'Brigid Simiyu
 Sandy Lightly', 'FF9DEDE3');
INSERT INTO `card` (id, type, title, header, content, option) VALUES ('7877_3', 3, NULL, 'assets/topic/asb/2283.png', 'Nelima aliita, "Mama! Njoo uone. Nguo hizi zote ni ndogo kwangu!"
"Hebu nizione," Mama alisema.', NULL);
INSERT INTO `card` (id, type, title, header, content, option) VALUES ('7877_4', 3, NULL, 'assets/topic/asb/2284.png', '"Iangalie hii sketi yangu. Ni ndogo mno," Nelima alisema.
"Ni kweli," Mama alikubali. "Lakini, Sela anaweza kuitumia sketi yako."', NULL);
INSERT INTO `card` (id, type, title, header, content, option) VALUES ('7877_5', 3, NULL, 'assets/topic/asb/2285.png', '"Tazama suruali yangu. Ni ndogo sana," Nelima alisema.
"Kweli, suruali hii ni ndogo sana." Mama alijibu. "Sela anaweza kuitumia suruali yako pia."', NULL);
INSERT INTO `card` (id, type, title, header, content, option) VALUES ('7877_6', 3, NULL, 'assets/topic/asb/2286.png', '"Mama, angalia fulana yangu. Ni ndogo sana," Nelima alisema.
"Ni kweli," Mama alikubaliana naye. "Sela anaweza kuichukuwa fulana yako."', NULL);
INSERT INTO `card` (id, type, title, header, content, option) VALUES ('7877_7', 3, NULL, 'assets/topic/asb/2287.png', '"Angalia sweta yangu. Ni ndogo sana," Nelima alisema.
"Ndiyo, ni ndogo," Mama alijibu. "Sela anaweza kuichukuwa sweta yako."', NULL);
INSERT INTO `card` (id, type, title, header, content, option) VALUES ('7877_8', 3, NULL, 'assets/topic/asb/2288.png', '"Angalia koti langu la mvua. Ni dogo sana," Nelima alisema.
"Kweli, ni dogo," Mama alisema. "Sela anaweza kulichukuwa koti lako la mvua."', NULL);
INSERT INTO `card` (id, type, title, header, content, option) VALUES ('7877_9', 3, NULL, 'assets/topic/asb/2289.png', '"Angalia soksi zangu. Ni ndogo sana," Nelima akasema.
"Kweli, ni ndogo," Mama alijibu. "Sela anaweza kuzichukuwa soksi zako."', NULL);
INSERT INTO `card` (id, type, title, header, content, option) VALUES ('7877_10', 3, NULL, 'assets/topic/asb/2290.png', '"Angalia viatu vyangu. Ni vidogo mno," Nelima alisema.
"Ni kweli," Mama akajibu. "Sela anaweza kuvichukuwa viatu vyako."', NULL);
INSERT INTO `card` (id, type, title, header, content, option) VALUES ('7877_11', 3, NULL, 'assets/topic/asb/2291.png', '"Sasa umepata nguo nyingi, sana," Nelima akamwambia Sela.
"La! Hasha!" Sela akajibu. "Hizi nguo zote ni kubwa sana kwangu!"', NULL);
INSERT INTO `card` (id, type, title, header, content, option) VALUES ('7877_12', 3, NULL, NULL, 'You are free to download, copy, translate or adapt this story and use the illustrations as long as you attribute in the following way:
Ndogo sana, Kubwa sana
Author -
Media Matters
Translation -
Brigid Simiyu
Illustration -
Sandy Lightly
Language -
Kiswahili
Level -
First sentences
© African Reading Matters 2003
Creative Commons: Attribution-Non Commercial 3.0
Source
www.africanstorybook.org
Original source
www.read.org.za', NULL);
INSERT INTO `card` (id, type, title, header, content, option) VALUES ('9684', 2, 'Ndoto ya Graca', 'assets/topic/asb/8850.png', 'Rebbeccah Karoki
Karlien de Villiers', 'FF9DEDE3');
INSERT INTO `card` (id, type, title, header, content, option) VALUES ('9684_3', 3, NULL, 'assets/topic/asb/8852.png', 'Graca alizaliwa Msumbiji. Nchi yake ilikuwa maskini sana na hawakuwa wamepata uhuru. Watoto hawakuwa na shule nzuri za kwenda. Mamake alikuwa na ndoto ya kuwapa wanawe maisha mazuri lakini bila masomo haingewezekana.', NULL);
INSERT INTO `card` (id, type, title, header, content, option) VALUES ('9684_4', 3, NULL, 'assets/topic/asb/8853.png', 'Mtoto Graca angekuwa mzaliwa wa sita. Licha ya furaha hii yote kulikuwa na huzuni kwani babake Graca alikuwa karibu kufa. Aliota kuwa mtoto wake mdogo angeenda shule nzuri. Alijua elimu ndiyo ingemsaidia mwanawe. Jamii yake iliapa kutimiza ndoto yake.', NULL);
INSERT INTO `card` (id, type, title, header, content, option) VALUES ('9684_5', 3, NULL, 'assets/topic/asb/8854.png', 'Wiki chache baada ya kifo cha babake, mtoto alipewa jina kuambatana na urembo wake. Aliitwa Graca. Kadri miaka ilipozidi kuyoyoma ndivyo Graca alizidi kuleta furaha kwao. Familia iliamua kumpa Graca masomo mazuri.', NULL);
INSERT INTO `card` (id, type, title, header, content, option) VALUES ('9684_6', 3, NULL, 'assets/topic/asb/8855.png', 'Graca alitia bidii sana shuleni. Alipata tuzo ambalo lilibadilisha maisha yake. Alipata ufadhili wa kumwezesha kusomea shule nzuri kijijni. Ndoto yake ilikuwa awe mwalimu. Alitamani watoto wa Msumbiji wajue kusoma na kuandika. Alitamani wakati ambapo watoto wote wangeenda shuleni.', NULL);
INSERT INTO `card` (id, type, title, header, content, option) VALUES ('9684_7', 3, NULL, 'assets/topic/asb/8856.png', 'Graca alitia bidii yake yote kwenye masomo. Baadaye kidogo alipata tuzo nyingine la kuhudhuria chuo kikuu huko Ureno. Alipata marafiki wengi,  akajifunza lugha nyingi geni na akasoma vitabu vingi vipya. Akaona ndoto yake ya kuwa mwalimu ikitimia. Hii ilimpa furaha kubwa lakini bado alikuwa na huzuni.', NULL);
INSERT INTO `card` (id, type, title, header, content, option) VALUES ('9684_8', 3, NULL, 'assets/topic/asb/8857.png', 'Watu kule nyumbani kwao, hawakuwa na uhuru. Lakini sasa Graca alikuwa na elimu, ujuzi na matumaini. Pia, alikuwa na marafiki ambao walikuwa na mawazo kama yake kuhusu haki ya watoto kupata elimu. Alitaka kutumia ujuzi wake na marafiki zake kuleta mabadiliko kwao Msumbiji.', NULL);
INSERT INTO `card` (id, type, title, header, content, option) VALUES ('9684_9', 3, NULL, 'assets/topic/asb/8858.png', 'Kupitia usaidizi wa marafiki zake, hatimaye Msumbiji ilikuwa huru!', NULL);
INSERT INTO `card` (id, type, title, header, content, option) VALUES ('9684_10', 3, NULL, 'assets/topic/asb/8859.png', 'Rais aliyechaguliwa kuiongoza nchi ya Msumbiji alikuwa rafiki yake Samora. Walipendana na wakaona.', NULL);
INSERT INTO `card` (id, type, title, header, content, option) VALUES ('9684_11', 3, NULL, 'assets/topic/asb/8860.png', 'Graca alipewa kazi ya kuhakikisha kuwa watoto wote wamepata elimu nzuri. Ilikuwa kazi ngumu kwani watoto wengi wa nchini Msumbiji hawakujua kusoma na kuandika. Alianza kwa kuwapeleka watoto wote shuleni.', NULL);
INSERT INTO `card` (id, type, title, header, content, option) VALUES ('9684_12', 3, NULL, 'assets/topic/asb/8861.png', 'Graca na Samora walijaliwa kupata watoto wawili. Walikuwa na ndoto ya kuwapa watoto wao na watu wa Msumbiji maisha mazuri. Kwa bahati mbaya, Samora alikufa kwa ajali ya ndege.', NULL);
INSERT INTO `card` (id, type, title, header, content, option) VALUES ('9684_13', 3, NULL, 'assets/topic/asb/8862.png', 'Graca aliomboleza kifo cha Samora kwa miaka mingi. Baadaye Graca alipendana na Nelson Mandela. Walifunga ndoa, wakafanya kazi pamoja kuwasaidia watoto wa Afrika.', NULL);
INSERT INTO `card` (id, type, title, header, content, option) VALUES ('9684_15', 3, NULL, NULL, 'You are free to download, copy, translate or adapt this story and use the illustrations as long as you attribute in the following way:
Ndoto ya Graca
Author -
Melissa Fagan
Translation -
Rebbeccah Karoki
Illustration -
Karlien de Villiers
Language -
Kiswahili
Level -
Longer paragraphs
© Melissa Fagan, Karlien De Villiers, Marike Le Roux and Bookdash.org 2014
Creative Commons: Attribution 4.0
Source
www.africanstorybook.org
Original source
www.bookdash.org', NULL);
INSERT INTO `card` (id, type, title, header, content, option) VALUES ('15616', 2, 'Ndovu na Kinyonga', 'assets/topic/asb/9461.png', 'Brigid Simiyu
 Wiehan de Jager', 'FF9DEDE3');
INSERT INTO `card` (id, type, title, header, content, option) VALUES ('15616_3', 3, NULL, 'assets/topic/asb/9457.png', 'Hapo zamani katika ikulu kubwa,  paliishi mfalme na bintiye mrembo.', NULL);
INSERT INTO `card` (id, type, title, header, content, option) VALUES ('15616_4', 3, NULL, 'assets/topic/asb/9458.png', 'Ndovu aliishi katika nyumba upande mmoja wa ikulu. Kinyonga aliishi upande mwingine.', NULL);
INSERT INTO `card` (id, type, title, header, content, option) VALUES ('15616_5', 3, NULL, 'assets/topic/asb/9459.png', 'Wakati huo,  kukashuhudiwa kiangazi kikubwa katika nchi ile. Mfalme alikuwa na wazo kisha akawaita majirani zake kwenda ikuluni.', NULL);
INSERT INTO `card` (id, type, title, header, content, option) VALUES ('15616_6', 3, NULL, 'assets/topic/asb/9460.png', 'Mfalme aliwaambia Ndovu na Kinyonga, "Ninataka mkanyage ardhi hadi maji yapatikane." Mfalme aliahidi kuwa ambaye angefaulu angemwoa bintiye wa kifalme.', NULL);
INSERT INTO `card` (id, type, title, header, content, option) VALUES ('15616_7', 3, NULL, 'assets/topic/asb/9461.png', 'Kinyonga hakuwa na matumaini yoyote kwa ajili ya udogo wake. Ndovu alifurahi mno kwani alikuwa na umbo kubwa na mwenye nguvu. Ndovu alienda uwanjani na kuanza kukanyaga aridhi.', NULL);
INSERT INTO `card` (id, type, title, header, content, option) VALUES ('15616_8', 3, NULL, 'assets/topic/asb/9462.png', 'Vumbi nyingi ilitokea, lakini hapakuwa na maji. Ndovu alikanyaga aridhi mpaka karibu maji yatokee, lakini alielekea kuchoka. Alimwachia Kinyonga nafasi kujaribu.', NULL);
INSERT INTO `card` (id, type, title, header, content, option) VALUES ('15616_9', 3, NULL, 'assets/topic/asb/9463.png', 'Kinyonga alianza kukanyaga aridhi. Baada ya muda mfupi,  maji yalitoka. Watu hawakuamini macho yao!', NULL);
INSERT INTO `card` (id, type, title, header, content, option) VALUES ('15616_10', 3, NULL, 'assets/topic/asb/9464.png', 'Kwa hivyo, Mfalme alimpa Kinyonga bintiye. Ndovu alienda nyumbani kwa hasira.', NULL);
INSERT INTO `card` (id, type, title, header, content, option) VALUES ('15616_11', 3, NULL, NULL, 'You are free to download, copy, translate or adapt this story and use the illustrations as long as you attribute in the following way:
Ndovu na Kinyonga
Author -
Stella Badaru
Translation -
Brigid Simiyu
Illustration -
Wiehan de Jager
Language -
Kiswahili
Level -
First paragraphs
© African Storybook Initiative 2015
Creative Commons: Attribution 4.0
Source
www.africanstorybook.org', NULL);
INSERT INTO `card` (id, type, title, header, content, option) VALUES ('9480', 2, 'Ndovu na Vyura', 'assets/topic/asb/8197.png', 'Caren Echesa
 Amir Bachir António Necas', 'FF9DEDE3');
INSERT INTO `card` (id, type, title, header, content, option) VALUES ('9480_3', 3, NULL, 'assets/topic/asb/8195.png', 'Hapo kale, mfalme wa mwitu alikuwa Bwana Simba.', NULL);
INSERT INTO `card` (id, type, title, header, content, option) VALUES ('9480_4', 3, NULL, 'assets/topic/asb/8196.png', 'Aliwatuma wanyama kukomesha kelele zilizofanywa na vyura. Wanyama hao hawakufaulu.', NULL);
INSERT INTO `card` (id, type, title, header, content, option) VALUES ('9480_5', 3, NULL, 'assets/topic/asb/8197.png', 'Ndovu alijitolea kukomesha. Alitumwa nje kuwa mlinzi.', NULL);
INSERT INTO `card` (id, type, title, header, content, option) VALUES ('9480_6', 3, NULL, 'assets/topic/asb/8198.png', 'Usiku wa manane kelele ziliposikika, ndovu alianza kuwaua vyura. Alifanya hivyo siku iliyofuata.', NULL);
INSERT INTO `card` (id, type, title, header, content, option) VALUES ('9480_7', 3, NULL, 'assets/topic/asb/8199.png', 'Baadaye, Mfalme Simba alikuwa mwenye furaha kwa kuwa ndovu alikuwa amezikomesha zile kelele.', NULL);
INSERT INTO `card` (id, type, title, header, content, option) VALUES ('9480_8', 3, NULL, 'assets/topic/asb/8200.png', 'Baada ya mwezi mmoja, waliwaona wadudu wengi shambani mwao.', NULL);
INSERT INTO `card` (id, type, title, header, content, option) VALUES ('9480_9', 3, NULL, 'assets/topic/asb/8201.png', 'Mfalme Simba alimwuliza ndovu kuwaita vyura waende kuwala wadudu wale.', NULL);
INSERT INTO `card` (id, type, title, header, content, option) VALUES ('9480_10', 3, NULL, 'assets/topic/asb/8202.png', 'Ndovu alijawa na hofu. Alikuwa amewaua vyura wote. Alisema, "Samahani, samahani, ni-li-waua wote!"', NULL);
INSERT INTO `card` (id, type, title, header, content, option) VALUES ('9480_11', 3, NULL, 'assets/topic/asb/8203.png', 'Mfalme Simba alimwambia Ndovu, "Nilikutuma kukomesha kelele, wala sio kuwaua vyura." Ndovu aliwekwa gerezani akakaa kwa miaka mingi!', NULL);
INSERT INTO `card` (id, type, title, header, content, option) VALUES ('9480_12', 3, NULL, 'assets/topic/asb/8195.png', 'Mfalme aliwaambia wanyama wote wafanye alilosema kila wakati.', NULL);
INSERT INTO `card` (id, type, title, header, content, option) VALUES ('9480_13', 3, NULL, NULL, 'You are free to download, copy, translate or adapt this story and use the illustrations as long as you attribute in the following way:
Ndovu na Vyura
Author -
Mozambican folktale
Translation -
Caren Echesa
Illustration -
Amir Bachir António Necas
Language -
Kiswahili
Level -
First sentences
© Mozambican Writers 2014
Creative Commons: Attribution 4.0
Source
www.africanstorybook.org', NULL);
INSERT INTO `card` (id, type, title, header, content, option) VALUES ('21621', 2, 'Ndugu mwerevu', 'assets/topic/asb/19342.png', 'Susan Kavaya
Tadesse Teshome', 'FF9DEDE3');
INSERT INTO `card` (id, type, title, header, content, option) VALUES ('21621_3', 3, NULL, 'assets/topic/asb/19349.png', 'Hapo zamani za kale, kulikuwa na mtu aliyekuwa na watoto wa kiume watatu. Mtoto wa mwisho alikuwa mwerevu zaidi kuliko wote na babake alimpenda zaidi.
Mtu huyo aligundua kwamba wanawe wawili walimwonea wivu yule ndugu yao mdogo.', NULL);
INSERT INTO `card` (id, type, title, header, content, option) VALUES ('21621_4', 3, NULL, 'assets/topic/asb/19340.png', 'Siku moja kaka wakubwa walimwambia ndugu mdogo, "Tutamchinja fahali wako." Kwa vile alikuwa mdogo, alisema, "Ikiwa ni lazima mfanye hivyo, siwezi kuwazuia. Lakini, tafadhali, nipeni ngozi ya fahali wangu."
Kaka hao walimpomchinja fahali, walimpatia ndugu mdogo ngozi. Baada ya kuikausha, aliibeba akapanda nayo mtini.', NULL);
INSERT INTO `card` (id, type, title, header, content, option) VALUES ('21621_5', 3, NULL, 'assets/topic/asb/19351.png', 'Giza lilipoingia, wafanya biashara walienda kulala chini ya mti ule. Usiku wa manane ndugu yule aliipiga ngozi ile kwa fimbo.
Kelele kubwa iliyotokea iliwaogofya wale wafanya biashara. Walikimbia wakaacha bidhaa zao chini ya mti ule.', NULL);
INSERT INTO `card` (id, type, title, header, content, option) VALUES ('21621_6', 3, NULL, 'assets/topic/asb/19345.png', 'Ndugu mdogo alizichukua bidhaa zile na kuzipeleka nyumbani kwa kaka zake wakubwa. Walimwuliza, "Ulipata wapi bidhaa hizi zote?" Ndugu yule alisema, "Siku hizi bei ya ngozi ni ghali sana. Nimevipata vitu hivi vyote kwa kuuza ngozi moja tu."', NULL);
INSERT INTO `card` (id, type, title, header, content, option) VALUES ('21621_7', 3, NULL, 'assets/topic/asb/19348.png', 'Kaka wale waliwachinja haraka ng''ombe wao wote kisha wakaenda sokoni wakiita, "Tunauza ngozi! Tunauza ngozi!" Watu walisema, "Hatutaki ngozi zenu!"
Kaka wale walikasirika wakamwambia ndugu yao mdogo, "Kwa vile ulitudanganya, tutakiteketeza chumba chako."', NULL);
INSERT INTO `card` (id, type, title, header, content, option) VALUES ('21621_8', 3, NULL, 'assets/topic/asb/19342.png', 'Ndugu yule mwerevu alisema, "Siwezi kuwazuia lakini, tafadhali, nipeni jivu." Walikiteketeza chumba chake. Ndugu mdogo aliliweka jivu mfukoni akaenda nalo kwa tajiri mmoja. Tajiri alimruhusu kulala nyumbani kwake. Alipoenda kupata chakula, alimwomba tajiri, "Tafadhali nilindie mfuko huu. Kunamo vitu vingi vya thamani."', NULL);
INSERT INTO `card` (id, type, title, header, content, option) VALUES ('21621_9', 3, NULL, 'assets/topic/asb/19341.png', 'Asubuhi, yule ndugu mwerevu alipiga mayowe akisema, "Watu wameiba bidhaa zangu zote za thamani na badala yake wameujaza mfuko na jivu."
Tajiri hakutaka kupata sifa mbaya kwa hivyo alisema, "Nitaujaza mfuko wako kwa chochote ukitakacho." Aliujaza mfuko kwa ngano na mbegu tofauti.', NULL);
INSERT INTO `card` (id, type, title, header, content, option) VALUES ('21621_10', 3, NULL, 'assets/topic/asb/19347.png', 'Ndugu yule alirudi nyumbani akasema, "Tazameni!  Jivu limekuwa na bei ghali mno siku hizi. Hivi ndivyo vitu nilivyoweza kununua."
Kaka wakubwa waliviteketeza vyumba vyao kisha wakalipeleka jivu sokoni wakisema, "Tunauza jivu! Tunauza jivu!" Watu waliwajibu, "Ninyi ni wapumbavu! Nani anaweza kununua jivu?"', NULL);
INSERT INTO `card` (id, type, title, header, content, option) VALUES ('21621_11', 3, NULL, 'assets/topic/asb/19344.png', 'Kaka wakubwa walikasirika wakaamua kumwua ndugu yao mdogo. Walimtia kikapuni ili wamtupe chini kutoka kwenye jabali.
Walipokuwa wakimbeba, mzee mmoja aliwakaribia akasema, "Ng''ombe wangu wametoroka. Tafadhali, watafuteni mnirudishie."  Walikiweka kikapu chini wakaenda zao kuwatafuta ng''ombe.', NULL);
INSERT INTO `card` (id, type, title, header, content, option) VALUES ('21621_12', 3, NULL, 'assets/topic/asb/19350.png', 'Ndugu yule mdogo alimwita mzee kutoka kikapuni.  Mzee alimwuliza, "Je, una shida gani?" Ndugu mdogo alisema, "Ndugu zangu wanataka niwe mfalme lakini miye sitaki kuwa mfalme."
Mzee akamwuliza tena, "Mimi nikijitia ndani ya kikapu, nitakuwa mfalme?" Ndugu mdogo alimjibu, "Ndiyo."', NULL);
INSERT INTO `card` (id, type, title, header, content, option) VALUES ('21621_13', 3, NULL, 'assets/topic/asb/19343.png', 'Mzee alimtoa ndugu mdogo kikapuni naye akaingia ndani. Kaka wakubwa waliporudi na ng''ombe walikichukua kikapu na kukitosa chini ya jabali.
Ndugu mdogo aliwachukua ng''ombe wote akarudi nao nyumbani kwake. Kaka zake wakubwa walimwuliza, "Uliwapataje ng''ombe hawa wote?"', NULL);
INSERT INTO `card` (id, type, title, header, content, option) VALUES ('21621_14', 3, NULL, 'assets/topic/asb/19346.png', 'Ndugu mdogo akawajibu, "Kuna ng''ombe wengi chini ya jabali. Ninyi pia mkitoswa kule chini mkiwa vikapuni, vilevile mtawapata ng''ombe."
Kaka wakubwa walijitia vikapuni. Ndugu mwerevu alivitosa vikapu hivyo chini ya jabali. Yeye alibaki akaishi kwa furaha.', NULL);
INSERT INTO `card` (id, type, title, header, content, option) VALUES ('21621_15', 3, NULL, NULL, 'You are free to download, copy, translate or adapt this story and use the illustrations as long as you attribute in the following way:
Ndugu mwerevu
Author -
Merga Debelo and Elizabeth Laird
Translation -
Susan Kavaya
Illustration -
Tadesse Teshome
Language -
Kiswahili
Level -
Longer paragraphs
© African Storybook Initiative 2016
Creative Commons: Attribution 4.0
Source
www.africanstorybook.org
Original source
www.ethiopianfolktales.com', NULL);
INSERT INTO `card` (id, type, title, header, content, option) VALUES ('12687', 2, 'Nelima atajirika', 'assets/topic/asb/9239.png', 'Brigid Simiyu
 Mango Tree', 'FFCFB5DD');
INSERT INTO `card` (id, type, title, header, content, option) VALUES ('12687_3', 3, NULL, 'assets/topic/asb/9230.png', 'Hapo zamani za kale, kulikuwa na yatima wawili,  Nelima na Nambuya. Waliishi katika shamba lisilokuwa na rutuba. Kwa muda mrefu hakukunyesha na hawakuwa na chakula. Walilazimika kwenda mbali kutafuta chakula.', NULL);
INSERT INTO `card` (id, type, title, header, content, option) VALUES ('12687_4', 3, NULL, 'assets/topic/asb/9231.png', 'Nelima alikuwa mnyamavu, mnyenyekevu na alipenda kusaidia. Dadake Nambuya alikuwa mwenye kiburi na hakumsikiza yeyote. Hakuwajali watu wengine.', NULL);
INSERT INTO `card` (id, type, title, header, content, option) VALUES ('12687_5', 3, NULL, 'assets/topic/asb/9232.png', 'Siku moja, Nelima na Nambuya walipoamka,  walitambua kwamba hawakuwa na chochote cha kula. Walilazimika kutafuta chakula. Kila mmoja alikwenda kutafuta upande tofauti.', NULL);
INSERT INTO `card` (id, type, title, header, content, option) VALUES ('12687_6', 3, NULL, 'assets/topic/asb/9233.png', 'Wakati huo huo, aliishi Bi Kizee mmoja aliyeitwa Netasile. Netasile alikuwa na ugonjwa wa ukoma na mwili wake ulijaa vidonda. Watu wa kijiji chake walikuwa na imani kuwa angeweza kumpa mtu utajiri.', NULL);
INSERT INTO `card` (id, type, title, header, content, option) VALUES ('12687_7', 3, NULL, 'assets/topic/asb/9234.png', 'Alipokwenda kutafuta chakula, Nambuya alikutana na Bi Kizee Netasile. Netasile akamwita, "Mwanangu, u hali gani? Unatoka wapi? Unakwenda wapi?"', NULL);
INSERT INTO `card` (id, type, title, header, content, option) VALUES ('12687_8', 3, NULL, 'assets/topic/asb/9235.png', 'Nambuya alijibu maswali yote kwa dharau. Netasile hakusita, akasema, "Nibebe unipeleke nyumbani kwangu nami nitakwambia la kufanya."', NULL);
INSERT INTO `card` (id, type, title, header, content, option) VALUES ('12687_9', 3, NULL, 'assets/topic/asb/9237.png', 'Nambuya akasema kwa kiburi, "Heri nife kuliko kuvigusa hivyo vidonda vyako." Bi Kizee alipuuza maneno hayo akamtakia safari njema.', NULL);
INSERT INTO `card` (id, type, title, header, content, option) VALUES ('12687_10', 3, NULL, 'assets/topic/asb/9236.png', 'Nambuya aliendelea kutembea. Alifika mahali palipokuwa na majongoo, nyoka, mabuu na wadudu wengine. Alikuwa amechoka na kudhoofika kwa kukosa chakula. Alipoketi chini kupumzika, wadudu walianza kumuuma.', NULL);
INSERT INTO `card` (id, type, title, header, content, option) VALUES ('12687_11', 3, NULL, 'assets/topic/asb/9238.png', 'Nelima naye alikutana na Netasile. Alifurahi kwani Netasile alikuwa binadamu wa kwanza aliyekutana naye tangu aanze safari yake. Netasile akamwita na kumuuliza, "Mwanangu, u hali gani? Unatoka wapi? Unakwenda wapi?"', NULL);
INSERT INTO `card` (id, type, title, header, content, option) VALUES ('12687_12', 3, NULL, 'assets/topic/asb/9239.png', 'Nelima alijibu kwa upole. Netasile akasema, "Nipeleke nyumbani nami nitakwambia la kufanya." Nelima alimpeleka. Netasile akasema, "Umenitendea lile wengi wemeshindwa kufanya." Alimpa Nelima kijiti ambacho kingemsaidia kupata vyote alivyotaka.', NULL);
INSERT INTO `card` (id, type, title, header, content, option) VALUES ('12687_13', 3, NULL, 'assets/topic/asb/9240.png', 'Nelima alimshukuru Bi Kizee na kuelekea nyumbani. Alipofika nyumbani, alipata nyumba mpya iliyojaa vitu aina aina na chakula kingi. Tangu siku hiyo,  Nelima akawa tajiri.', NULL);
INSERT INTO `card` (id, type, title, header, content, option) VALUES ('12687_14', 3, NULL, 'assets/topic/asb/9241.png', 'Nelima hakufurahia kumpoteza dadake lakini alisema, "Asiyesikia ushauri huishia ndani ya kinywa cha ndovu."', NULL);
INSERT INTO `card` (id, type, title, header, content, option) VALUES ('12687_15', 3, NULL, NULL, 'You are free to download, copy, translate or adapt this story and use the illustrations as long as you attribute in the following way:
Nelima atajirika
Author -
Salaama Wanale
Translation -
Brigid Simiyu
Illustration -
Mango Tree
Language -
Kiswahili
Level -
First paragraphs
© African Storybook Initiative 2014
Creative Commons: Attribution 4.0
Source
www.africanstorybook.org', NULL);
INSERT INTO `card` (id, type, title, header, content, option) VALUES ('15712', 2, 'Ng''ombe aliye na pembe moja', 'assets/topic/asb/9612.png', 'Ursula Nafula
Marion Drew', 'FF9DEDE3');
INSERT INTO `card` (id, type, title, header, content, option) VALUES ('15712_3', 3, NULL, 'assets/topic/asb/9613.png', 'Haaaa! Nyumbani kwetu, kuna ng''ombe wa ajabu.', NULL);
INSERT INTO `card` (id, type, title, header, content, option) VALUES ('15712_4', 3, NULL, 'assets/topic/asb/9614.png', 'Ana pembe moja tu na hana mkia.
Ni ng''ombe mzuri sana.', NULL);
INSERT INTO `card` (id, type, title, header, content, option) VALUES ('15712_5', 3, NULL, 'assets/topic/asb/9615.png', 'Ni ng''ombe mnono aliye na tumbo kubwa.', NULL);
INSERT INTO `card` (id, type, title, header, content, option) VALUES ('15712_6', 3, NULL, 'assets/topic/asb/9616.png', 'Ni ng''ombe aliye na nguvu.', NULL);
INSERT INTO `card` (id, type, title, header, content, option) VALUES ('15712_7', 3, NULL, 'assets/topic/asb/9617.png', 'Mchungaji anampenda ng''ombe huyu sana.
Amemfunza kuitambua sauti yake pekee.', NULL);
INSERT INTO `card` (id, type, title, header, content, option) VALUES ('15712_8', 3, NULL, 'assets/topic/asb/9618.png', 'Anapokuwa malishoni, ng''ombe huyu hujitenga na ng''ombe wengine.', NULL);
INSERT INTO `card` (id, type, title, header, content, option) VALUES ('15712_9', 3, NULL, 'assets/topic/asb/9619.png', 'Ni ng''ombe aliye hodari katika vita.
Ng''ombe wengine wanamwogopa.', NULL);
INSERT INTO `card` (id, type, title, header, content, option) VALUES ('15712_10', 3, NULL, 'assets/topic/asb/9620.png', 'Watu wengi wanamjua ng''ombe huyu. Wanamwogopa kwa sababu yeye hupigana kwa pembe yake moja.
Ukikutana na ng''ombe wa aina hii, utafanyaje?', NULL);
INSERT INTO `card` (id, type, title, header, content, option) VALUES ('15712_11', 3, NULL, NULL, 'You are free to download, copy, translate or adapt this story and use the illustrations as long as you attribute in the following way:
Ng''ombe aliye na pembe moja
Author -
Sebongile Daniel, Mpho Ntlhanngoe and Khothatso Ranoosi
Translation -
Ursula Nafula
Illustration -
Marion Drew
Language -
Kiswahili
Level -
First sentences
© African Storybook Initiative 2014
Creative Commons: Attribution 4.0
Source
www.africanstorybook.org
Original source
http://paleng.weebly.com/,', NULL);
INSERT INTO `card` (id, type, title, header, content, option) VALUES ('24042', 2, 'Ng''ombe ni rafiki Yangu', 'assets/topic/asb/6379.png', 'Emma Nuella
Felicity Bell and Marleen Visser', 'FF9DEDE3');
INSERT INTO `card` (id, type, title, header, content, option) VALUES ('24042_3', 3, NULL, 'assets/topic/asb/6373.png', 'ng''ombe ng''ombe ng''ombe, Mimi Kama wewe ng''ombe.', NULL);
INSERT INTO `card` (id, type, title, header, content, option) VALUES ('24042_4', 3, NULL, 'assets/topic/asb/6376.png', 'Jana umenipa maziwa.', NULL);
INSERT INTO `card` (id, type, title, header, content, option) VALUES ('24042_5', 3, NULL, NULL, 'Baba yangu anununua nyama kila jumamosi.', NULL);
INSERT INTO `card` (id, type, title, header, content, option) VALUES ('24042_6', 3, NULL, 'assets/topic/asb/6105.png', 'Mama ina mfuko mzuri,na nina nzuri sana.', NULL);
INSERT INTO `card` (id, type, title, header, content, option) VALUES ('24042_7', 3, NULL, NULL, 'You are free to download, copy, translate or adapt this story and use the illustrations as long as you attribute in the following way:
Ng''ombe ni rafiki Yangu
Author -
Frista and Fatima
Translation -
Emma Nuella
Illustration -
Felicity Bell and Marleen Visser
Language -
Kiswahili
Level -
First words
© Frista and Fatima 2014
Creative Commons: Attribution 4.0
Source
www.africanstorybook.org', NULL);
INSERT INTO `card` (id, type, title, header, content, option) VALUES ('3003', 2, 'Ng''ombe wa Sokoni', 'assets/topic/asb/1607.png', 'Ursula Nafula
 Catherine Groenewald', 'FFCFB5DD');
INSERT INTO `card` (id, type, title, header, content, option) VALUES ('3003_3', 3, NULL, 'assets/topic/asb/1608.png', 'Watu kijijini walijua kwamba Mama Schola alipenda kupiga kelele mno.', NULL);
INSERT INTO `card` (id, type, title, header, content, option) VALUES ('3003_4', 3, NULL, 'assets/topic/asb/1609.png', 'Siku hiyo, alifanya hivyo kuhusiana na ng''ombe waliokuwa sokoni. "Wafukuze waende mbali hawa ng''ombe wajinga," alisema. "Wanakula mboga zangu."', NULL);
INSERT INTO `card` (id, type, title, header, content, option) VALUES ('3003_5', 3, NULL, 'assets/topic/asb/1609.png', '"Hei we pale! Wafukuze hawa ng''ombe wajinga watoke hapa," alisisitiza. "Wanakula nguo zangu."', NULL);
INSERT INTO `card` (id, type, title, header, content, option) VALUES ('3003_6', 3, NULL, 'assets/topic/asb/1610.png', '"Wapi mwenye ng''ombe hawa wajinga?" alipiga kelele. "Wanakula nafaka yangu."', NULL);
INSERT INTO `card` (id, type, title, header, content, option) VALUES ('3003_7', 3, NULL, 'assets/topic/asb/1611.png', 'Kutoka mafichoni, Sorimpan, mchungaji,  alichuchumaa kwa kumuogopa Mama Schola. Alikuwa ameenda kunywa maji wakati ng''ombe wake waliranda na kwenda sokoni.', NULL);
INSERT INTO `card` (id, type, title, header, content, option) VALUES ('3003_8', 3, NULL, 'assets/topic/asb/1612.png', '"Sasa tazama walichofanya hawa ng''mbe wajinga!" Aliendelea kupiga kelele. "Wamevivunja vyungu vyangu."', NULL);
INSERT INTO `card` (id, type, title, header, content, option) VALUES ('3003_9', 3, NULL, 'assets/topic/asb/1613.png', 'Baadaye kidogo, Mama Schola alisema, "Aah! Sio tena! Nitashtaki jambo hili kwa polisi. Hawa ng''ombe wajinga wamekiangusha kibanda changu cha matunda."', NULL);
INSERT INTO `card` (id, type, title, header, content, option) VALUES ('3003_10', 3, NULL, 'assets/topic/asb/1614.png', 'Sorimpan, fimbo mkononi, alihepa kati ya umati akfaulu kuwaona ng''ombe wake. Ng''ombe wa Sorimpan walimjua vyema. Waligeuka na kumwangalia mara tu alipotokea!', NULL);
INSERT INTO `card` (id, type, title, header, content, option) VALUES ('3003_11', 3, NULL, 'assets/topic/asb/1617.png', 'Wakati huo, palikuwa na umati mkubwa wa watazamaji: wanaume, wanawake na hata watoto. Wote walisimama wakiangalia ng''ombe ambao walimtii Sorimapn pekee.', NULL);
INSERT INTO `card` (id, type, title, header, content, option) VALUES ('3003_12', 3, NULL, 'assets/topic/asb/1607.png', 'Ghafla, ng''ombe walikivunja kimya chao! Wakaanza kuwakosoa watu! Watu walishangaa na kupiga hatua nyuma wakiwaogopa ng''ombe.', NULL);
INSERT INTO `card` (id, type, title, header, content, option) VALUES ('3003_13', 3, NULL, 'assets/topic/asb/1608.png', 'Kisha ng''ombe waliacha kuzungumza na kuuangalia umati kwa mshangao! Mama Schola alisikika akisema, "Tangu lini ng''ombe wakaingilia shughuli zetu za sokoni?"', NULL);
INSERT INTO `card` (id, type, title, header, content, option) VALUES ('3003_14', 3, NULL, 'assets/topic/asb/1617.png', 'Sasa ilikuwa zamu ya Mama Schola kukosolewa na ng''ombe. Wanawake wote waliokuwa wakiuza,  walisonga na kujiunga na Mama Schola kwa ajili ya woga.', NULL);
INSERT INTO `card` (id, type, title, header, content, option) VALUES ('3003_15', 3, NULL, 'assets/topic/asb/1618.png', 'Ng''ombe waliwakosoa wanawake. Waliongea kuhusu hali ya mboga zao wakisema, "Hizi ni mboga za aina gani? Zitazame jinsi zimeanza kunyauka!"', NULL);
INSERT INTO `card` (id, type, title, header, content, option) VALUES ('3003_16', 3, NULL, 'assets/topic/asb/1619.png', 'Ng''ombe waligeuka na kuangalia kibanda cha nguo kisha walisema, "Mnadai kwamba tunakula nguo zenu! Nguo gani? Hivi viraka vikuu kuu ndivyo nguo! Nani atavinunua?"', NULL);
INSERT INTO `card` (id, type, title, header, content, option) VALUES ('3003_17', 3, NULL, 'assets/topic/asb/1620.png', 'Ng''ombe sasa walisongea kibanda kilichofuata. Watu wote waliwafuata. "Nafaka yenu imejaa wadudu. Nani anataka kuila hiyo! Tulikuwa tuanaonja tu!" Ng''ombe walisema.', NULL);
INSERT INTO `card` (id, type, title, header, content, option) VALUES ('3003_18', 3, NULL, 'assets/topic/asb/1621.png', 'Waliendelea, "Nawe Mama Schola, acha kupiga kelele. Vyungu hivi havina thamani yoyote. Vinavunjika upesi. Usitulaumu." Kisha ng''ombe waliondoka wakifuatwa na Sorimpan.', NULL);
INSERT INTO `card` (id, type, title, header, content, option) VALUES ('3003_19', 3, NULL, NULL, 'You are free to download, copy, translate or adapt this story and use the illustrations as long as you attribute in the following way:
Ng''ombe wa Sokoni
Author -
Ursula Nafula
Translation -
Ursula Nafula
Illustration -
Catherine Groenewald
Language -
Kiswahili
Level -
First paragraphs
© African Storybook Initiative, 2014
Creative Commons: Attribution 4.0
Source
www.africanstorybook.org', NULL);
INSERT INTO `card` (id, type, title, header, content, option) VALUES ('22531', 2, 'Ngoma', 'assets/topic/asb/25948.png', 'Ursula  Nafula
Salim Kasamba', 'FFB3C8FF');
INSERT INTO `card` (id, type, title, header, content, option) VALUES ('22531_3', 3, NULL, 'assets/topic/asb/25947.png', 'Ngoma imekuwa ala muhimu ya muziki katika jamii mbalimbali. Tunazipenda ngoma!
Tuna ngoma zenye vimo tofauti: kubwa, wastani na ndogo.', NULL);
INSERT INTO `card` (id, type, title, header, content, option) VALUES ('22531_4', 3, NULL, 'assets/topic/asb/25948.png', 'Tunazicheza ngoma kwa kutumia kijiti, au kwa kutumia vidole vyetu.
Tunazicheza kwa sababu tofauti. Tunazicheza  kwa nyimbo na densi, wakati wa sherehe na wakati wa majonzi.', NULL);
INSERT INTO `card` (id, type, title, header, content, option) VALUES ('22531_5', 3, NULL, 'assets/topic/asb/25949.png', 'Ngoma huongeza ladha kwenye nyimbo na kuwafanya watu watake kucheza. Ngoma hufanya sherehe kuwa maridadi.
Tunazicheza wakati wa harusi na tunapompatia mtoto jina. Tunacheza kusherehekea mavuno au kuzaliwa kwa mapacha.', NULL);
INSERT INTO `card` (id, type, title, header, content, option) VALUES ('22531_6', 3, NULL, 'assets/topic/asb/25950.png', 'Ngoma hulia kutangaza majonzi na kuwaita watu kunapotokea kifo.', NULL);
INSERT INTO `card` (id, type, title, header, content, option) VALUES ('22531_7', 3, NULL, 'assets/topic/asb/25951.png', 'Ngoma hulia kuwaita watu kusafisha kisima, barabara, au kumjengea mtu mkongwe nyumba.
Ngoma huwaita watu ng''ombe wetu wanapokuwa wameibwa.', NULL);
INSERT INTO `card` (id, type, title, header, content, option) VALUES ('22531_8', 3, NULL, 'assets/topic/asb/25952.png', 'Ngoma hulia kuwaita watu wakutane kwa chifu wetu.', NULL);
INSERT INTO `card` (id, type, title, header, content, option) VALUES ('22531_9', 3, NULL, 'assets/topic/asb/25953.png', 'Ngoma huwaita watu kwenda kanisani kwa maombi siku ya Jumapili, na kwenye siku zingine za maombi.
Pia, ngoma huchezwa kutia ladha wimbo unapoimbwa kanisani.', NULL);
INSERT INTO `card` (id, type, title, header, content, option) VALUES ('22531_10', 3, NULL, 'assets/topic/asb/25954.png', 'Ngoma kubwa husikika, "An a bul mba, an a bul mba, an a bul mba-mba-mba-mba bul." Nayo ndogo hutoa sauti ya juu, "Tindiri, tindiri tindiri ti."
Pamoja zote huitikia, "Tindiri mba, tindiri mba, tindiri mba-mba-mba-mba, tindiri ti!"', NULL);
INSERT INTO `card` (id, type, title, header, content, option) VALUES ('22531_11', 3, NULL, NULL, 'You are free to download, copy, translate or adapt this story and use the illustrations as long as you attribute in the following way:
Ngoma
Author -
Athieno Gertrude
Translation -
Ursula  Nafula
Illustration -
Salim Kasamba
Language -
Kiswahili
Level -
First paragraphs
© African Storybook Initiative 2017
Creative Commons: Attribution 4.0
Source
www.africanstorybook.org', NULL);
INSERT INTO `card` (id, type, title, header, content, option) VALUES ('21141', 2, 'Ngurumo na mwanawe Radi', 'assets/topic/asb/19056.png', 'Brigid Simiyu
Jesse Breytenbach', 'FF9DEDE3');
INSERT INTO `card` (id, type, title, header, content, option) VALUES ('21141_3', 3, NULL, 'assets/topic/asb/19042.png', 'Zamani, Ngurumo na Radi waliishi duniani.', NULL);
INSERT INTO `card` (id, type, title, header, content, option) VALUES ('21141_4', 3, NULL, 'assets/topic/asb/19044.png', 'Ngurumo alikuwa mamake Radi.', NULL);
INSERT INTO `card` (id, type, title, header, content, option) VALUES ('21141_5', 3, NULL, 'assets/topic/asb/19046.png', 'Radi alikuwa mwenye hasira kali.', NULL);
INSERT INTO `card` (id, type, title, header, content, option) VALUES ('21141_6', 3, NULL, 'assets/topic/asb/19047.png', 'Alipokasirika, aliharibu watu, nyumba na miti.', NULL);
INSERT INTO `card` (id, type, title, header, content, option) VALUES ('21141_7', 3, NULL, 'assets/topic/asb/19048.png', 'Radi alisababisha uharibifu mkubwa.
Ngurumo alipiga kelele kwa hasira.', NULL);
INSERT INTO `card` (id, type, title, header, content, option) VALUES ('21141_8', 3, NULL, 'assets/topic/asb/19050.png', 'Radi hakujali kelele za mamake.', NULL);
INSERT INTO `card` (id, type, title, header, content, option) VALUES ('21141_9', 3, NULL, 'assets/topic/asb/19051.png', 'Hatimaye, watu walienda kwa mflame kulalamika.', NULL);
INSERT INTO `card` (id, type, title, header, content, option) VALUES ('21141_10', 3, NULL, 'assets/topic/asb/19052.png', 'Mfalme aliwafukuza Ngurumo na Radi wakaishi mbali.', NULL);
INSERT INTO `card` (id, type, title, header, content, option) VALUES ('21141_11', 3, NULL, 'assets/topic/asb/19053.png', 'Radi alipokasirika, aliendelea kuchoma misitu na mimea.', NULL);
INSERT INTO `card` (id, type, title, header, content, option) VALUES ('21141_12', 3, NULL, 'assets/topic/asb/19054.png', 'Watu walienda tena kwa mfalme kulalamika.', NULL);
INSERT INTO `card` (id, type, title, header, content, option) VALUES ('21141_13', 3, NULL, 'assets/topic/asb/19055.png', 'Mfalme aliwafukuza Ngurumo na Radi waishi angani.', NULL);
INSERT INTO `card` (id, type, title, header, content, option) VALUES ('21141_14', 3, NULL, 'assets/topic/asb/19056.png', 'Hata hivyo, bado Radi anachoma na kuharibu anapokasirika.', NULL);
INSERT INTO `card` (id, type, title, header, content, option) VALUES ('21141_15', 3, NULL, NULL, 'You are free to download, copy, translate or adapt this story and use the illustrations as long as you attribute in the following way:
Ngurumo na mwanawe Radi
Author -
Ogot  Owino
Translation -
Brigid Simiyu
Illustration -
Jesse Breytenbach
Language -
Kiswahili
Level -
First words
© African Storybook Initiative 2016
Creative Commons: Attribution 4.0
Source
www.africanstorybook.org', NULL);
INSERT INTO `card` (id, type, title, header, content, option) VALUES ('12653', 2, 'Nguruwe Hawaruhusiwi', 'assets/topic/asb/6814.png', 'Brigid Simiyu
 Little Zebra Books and Laura Libertore', 'FF9DEDE3');
INSERT INTO `card` (id, type, title, header, content, option) VALUES ('12653_3', 3, NULL, 'assets/topic/asb/6805.png', 'Miaka mingi iliyopita, jamii ya wanyama wenye pembe iliamua kuandaa karamu kubwa milimani. Wanyama wote wenye pembe walialikwa.', NULL);
INSERT INTO `card` (id, type, title, header, content, option) VALUES ('12653_4', 3, NULL, 'assets/topic/asb/6806.png', 'Nguruwe aliposikia kuhusu karamu hiyo, aliwaza,  "Mimi sina pembe. Je, nitafanyaje ili nihudhurie karamu hiyo?"', NULL);
INSERT INTO `card` (id, type, title, header, content, option) VALUES ('12653_5', 3, NULL, 'assets/topic/asb/6807.png', 'Nguruwe aliamua lazima angeshiriki katika ile karamu. Alisonga pembe kwa kutumia nta na kuzipachika kichwani mwake!', NULL);
INSERT INTO `card` (id, type, title, header, content, option) VALUES ('12653_6', 3, NULL, 'assets/topic/asb/6809.png', 'Nguruwe alifaulu na akakubaliwa kuhudhuria karamu hiyo. Karamu iliandaliwa juu milimani karibu na jua.', NULL);
INSERT INTO `card` (id, type, title, header, content, option) VALUES ('12653_7', 3, NULL, 'assets/topic/asb/6808.png', 'Karamu ilipokuwa ikiendelea, joto lilizidi na nta ikaanza kuyeyuka. Mara pembe za nguruwe zikaanguka chini pu! Wanyama walipomwona nguruwe bila  pembe walishangaa na kuulizana, "Ni nani yule asiye na pembe? Kwa nini alialikwa?"', NULL);
INSERT INTO `card` (id, type, title, header, content, option) VALUES ('12653_8', 3, NULL, 'assets/topic/asb/6810.png', 'Mfalme wa wanyama aliamuru nguruwe ainuliwe juu na kisha aangushwe. Walimnyanyua nguruwe na kumtupa chini kwenye bonde kubwa.', NULL);
INSERT INTO `card` (id, type, title, header, content, option) VALUES ('12653_9', 3, NULL, 'assets/topic/asb/6811.png', 'Maskini nguruwe, aliangukia pua lake. Papo hapo,  pua lake likabadilika na kuwa refu kama linavyoonekana hadi sasa.', NULL);
INSERT INTO `card` (id, type, title, header, content, option) VALUES ('12653_10', 3, NULL, 'assets/topic/asb/6813.png', 'Usishangae unapoliona pua la nguruwe jinsi lilivyo.', NULL);
INSERT INTO `card` (id, type, title, header, content, option) VALUES ('12653_11', 3, NULL, NULL, 'You are free to download, copy, translate or adapt this story and use the illustrations as long as you attribute in the following way:
Nguruwe Hawaruhusiwi
Author -
Basilio Gimo
Translation -
Brigid Simiyu
Illustration -
Little Zebra Books and Laura Libertore
Language -
Kiswahili
Level -
First paragraphs
© Little Zebra Books 2014
Creative Commons: Attribution 4.0
Source
www.africanstorybook.org
Original source
http://littlezebrabooks.com', NULL);
INSERT INTO `card` (id, type, title, header, content, option) VALUES ('20433', 2, 'Ni kazi gani iliyo muhimu zaidi?', 'assets/topic/asb/10274.png', 'Brigid Simiyu
Wiehan de Jager', 'FFB3C8FF');
INSERT INTO `card` (id, type, title, header, content, option) VALUES ('20433_3', 3, NULL, 'assets/topic/asb/10274.png', 'Watu hawa wana maoni tofauti.', NULL);
INSERT INTO `card` (id, type, title, header, content, option) VALUES ('20433_4', 3, NULL, 'assets/topic/asb/10278.png', '"Walimu ni muhimu zaidi. Mnatuhitaji sisi kujifunza," mwalimu anasema.', NULL);
INSERT INTO `card` (id, type, title, header, content, option) VALUES ('20433_5', 3, NULL, 'assets/topic/asb/10276.png', '"Wajenzi ni muhimu. Mnahitaji nyumba," mjenzi anasema.', NULL);
INSERT INTO `card` (id, type, title, header, content, option) VALUES ('20433_6', 3, NULL, 'assets/topic/asb/10279.png', '“Seremala ni muhimu zaidi. Mnahitaji samani.”', NULL);
INSERT INTO `card` (id, type, title, header, content, option) VALUES ('20433_7', 3, NULL, 'assets/topic/asb/10277.png', '"Madaktari ni muhimu zaidi. Mnahitaji matibabu."', NULL);
INSERT INTO `card` (id, type, title, header, content, option) VALUES ('20433_8', 3, NULL, 'assets/topic/asb/10275.png', '"Wakulima ni muhimu zaidi. Mnatuhitaji kwa chakula."', NULL);
INSERT INTO `card` (id, type, title, header, content, option) VALUES ('20433_9', 3, NULL, 'assets/topic/asb/10280.png', '"Wanafunzi ni muhimu zaidi!" Mwanafunzi anasema.', NULL);
INSERT INTO `card` (id, type, title, header, content, option) VALUES ('20433_10', 3, NULL, 'assets/topic/asb/10281.png', '"Nyote mlikuwa wanafunzi kwanza!"
Wote wanakubaliana.', NULL);
INSERT INTO `card` (id, type, title, header, content, option) VALUES ('20433_11', 3, NULL, NULL, 'You are free to download, copy, translate or adapt this story and use the illustrations as long as you attribute in the following way:
Ni kazi gani iliyo muhimu zaidi?
Author -
Beatrice Inzikuru
Translation -
Brigid Simiyu
Illustration -
Wiehan de Jager
Language -
Kiswahili
Level -
First words
© African Storybook Initiative 2015
Creative Commons: Attribution 4.0
Source
www.africanstorybook.org', NULL);
INSERT INTO `card` (id, type, title, header, content, option) VALUES ('21842', 2, 'Ni nani atakuwa mfalme?', 'assets/topic/asb/25319.png', 'Ursula Nafula
Salim Kasamba', 'FFB3C8FF');
INSERT INTO `card` (id, type, title, header, content, option) VALUES ('21842_3', 3, NULL, 'assets/topic/asb/25317.png', 'Mfalme Chui aliendelea kuwa mzee.
Je, atamchagua mrithi wake namna gani?', NULL);
INSERT INTO `card` (id, type, title, header, content, option) VALUES ('21842_4', 3, NULL, 'assets/topic/asb/25318.png', 'Mfalme  Chui aliwaita wanyama kwa sherehe.
Atawatangazia mpango wake.', NULL);
INSERT INTO `card` (id, type, title, header, content, option) VALUES ('21842_5', 3, NULL, 'assets/topic/asb/25319.png', 'Baada ya sherehe, Mfalme Chui alizungumza.
Wanyama walimsikiliza.', NULL);
INSERT INTO `card` (id, type, title, header, content, option) VALUES ('21842_6', 3, NULL, 'assets/topic/asb/25320.png', 'Alisema, "Mashindano yataamua atakayekuwa mfalme."', NULL);
INSERT INTO `card` (id, type, title, header, content, option) VALUES ('21842_7', 3, NULL, 'assets/topic/asb/25321.png', 'Atakayehesabu hadi kumi kabla ya mkuki kuanguka, atakuwa mfalme.', NULL);
INSERT INTO `card` (id, type, title, header, content, option) VALUES ('21842_8', 3, NULL, 'assets/topic/asb/25322.png', 'Tembo aliwasukuma wengine, "Mimi ni mkubwa. Ninastahili kuwa mfalme."', NULL);
INSERT INTO `card` (id, type, title, header, content, option) VALUES ('21842_9', 3, NULL, 'assets/topic/asb/25323.png', 'Tembo alihesabu hadi nne pekee.
Mkuki ulianguka.', NULL);
INSERT INTO `card` (id, type, title, header, content, option) VALUES ('21842_10', 3, NULL, 'assets/topic/asb/25324.png', 'Ngiri aliwasukuma wenzake akisema, "Nina nguvu zaidi. Nitakuwa mfalme."', NULL);
INSERT INTO `card` (id, type, title, header, content, option) VALUES ('21842_11', 3, NULL, 'assets/topic/asb/25325.png', 'Ngiri alihesabu hadi sita kisha mkuki ulianguka.
Aliondoka.', NULL);
INSERT INTO `card` (id, type, title, header, content, option) VALUES ('21842_12', 3, NULL, 'assets/topic/asb/25326.png', 'Wanyama walisema, "Tembo mkubwa na Ngiri wameshindwa. Nani atashinda?"', NULL);
INSERT INTO `card` (id, type, title, header, content, option) VALUES ('21842_13', 3, NULL, 'assets/topic/asb/25327.png', 'Sokwe alihesabu, "Moja! Mbili! Tatu! Nne! Tano! Sita! Saba!"
Alilia.', NULL);
INSERT INTO `card` (id, type, title, header, content, option) VALUES ('21842_14', 3, NULL, 'assets/topic/asb/25328.png', 'Mfalme Chui alisema, "Sokwe, unapate nafasi moja tu."
Sokwe aliondoka.', NULL);
INSERT INTO `card` (id, type, title, header, content, option) VALUES ('21842_15', 3, NULL, 'assets/topic/asb/25329.png', 'Baadhi ya wanyama walianza kuondoka.
Swara Mdogo alisema, "Hebu nijaribu."', NULL);
INSERT INTO `card` (id, type, title, header, content, option) VALUES ('21842_16', 3, NULL, 'assets/topic/asb/25330.png', 'Mfalme Chui aliwakemea, "Mpeni Swara nafasi. Mwache ajaribu."', NULL);
INSERT INTO `card` (id, type, title, header, content, option) VALUES ('21842_17', 3, NULL, 'assets/topic/asb/25331.png', 'Swara alisema, "Tano na tano ni kumi."
Mkuki ulianguka chini.', NULL);
INSERT INTO `card` (id, type, title, header, content, option) VALUES ('21842_18', 3, NULL, 'assets/topic/asb/25332.png', 'Mashindano yalionyesha mnyama mwerevu.
Swara alikuwa malkia baada ya chui.', NULL);
INSERT INTO `card` (id, type, title, header, content, option) VALUES ('21842_19', 3, NULL, NULL, 'You are free to download, copy, translate or adapt this story and use the illustrations as long as you attribute in the following way:
Ni nani atakuwa mfalme?
Author -
Athieno Gertrude and Owino Ogot
Translation -
Ursula Nafula
Illustration -
Salim Kasamba
Language -
Kiswahili
Level -
First words
© African Storybook Initiative 2017
Creative Commons: Attribution 4.0
Source
www.africanstorybook.org', NULL);
INSERT INTO `card` (id, type, title, header, content, option) VALUES ('9529', 2, 'Ni ngapi?', 'assets/topic/asb/1786.png', 'Joseph Opilo
 Sandra McDougall', 'FFB3C8FF');
INSERT INTO `card` (id, type, title, header, content, option) VALUES ('9529_3', 3, NULL, 'assets/topic/asb/1600.png', 'Bunzi wawili wana miguu mingapi?', NULL);
INSERT INTO `card` (id, type, title, header, content, option) VALUES ('9529_4', 3, NULL, 'assets/topic/asb/1599.png', 'Ndege wanne wana mabawa mangapi?', NULL);
INSERT INTO `card` (id, type, title, header, content, option) VALUES ('9529_5', 3, NULL, 'assets/topic/asb/1601.png', 'Vifaru watatu wana pembe ngapi?', NULL);
INSERT INTO `card` (id, type, title, header, content, option) VALUES ('9529_6', 3, NULL, 'assets/topic/asb/1602.png', 'Ndovu watano wana pembe ngapi?', NULL);
INSERT INTO `card` (id, type, title, header, content, option) VALUES ('9529_7', 3, NULL, 'assets/topic/asb/1603.png', 'Mbwa saba wana masikio mangapi?', NULL);
INSERT INTO `card` (id, type, title, header, content, option) VALUES ('9529_8', 3, NULL, 'assets/topic/asb/1604.png', 'Nyani watatu wana mikia mingapi?', NULL);
INSERT INTO `card` (id, type, title, header, content, option) VALUES ('9529_9', 3, NULL, 'assets/topic/asb/1605.png', 'Paka sita wana macho mangapi?', NULL);
INSERT INTO `card` (id, type, title, header, content, option) VALUES ('9529_10', 3, NULL, 'assets/topic/asb/1606.png', 'Jongoo mmoja ana miguu mingapi?', NULL);
INSERT INTO `card` (id, type, title, header, content, option) VALUES ('9529_11', 3, NULL, NULL, 'You are free to download, copy, translate or adapt this story and use the illustrations as long as you attribute in the following way:
Ni ngapi?
Author -
Clare Verbeek, Thembani Dladla and Zanele Buthelezi
Translation -
Joseph Opilo
Illustration -
Sandra McDougall
Language -
Kiswahili
Level -
First words
© School of Education and Development (Centre for Adult Education), University of Kwazulu-Natal 2015
Creative Commons: Attribution-Non Commercial 3.0
Source
www.africanstorybook.org
Original source
http://cae.ukzn.ac.za/resources/seedbooks.aspx', NULL);
INSERT INTO `card` (id, type, title, header, content, option) VALUES ('21836', 2, 'Nilipata Funzo', 'assets/topic/asb/1360.png', 'African Storybook and Ursula Nafula
 Catherine Groenewald', 'FFB3C8FF');
INSERT INTO `card` (id, type, title, header, content, option) VALUES ('21836_3', 3, NULL, 'assets/topic/asb/1361.png', 'Bibi alinipenda.
Alinitambulia siri zake nyingi, ila moja.', NULL);
INSERT INTO `card` (id, type, title, header, content, option) VALUES ('21836_4', 3, NULL, 'assets/topic/asb/1360.png', '"Kikapu na majani ni ya nini?"
Bibi alijibu, "Za miujiza."', NULL);
INSERT INTO `card` (id, type, title, header, content, option) VALUES ('21836_5', 3, NULL, 'assets/topic/asb/1362.png', 'Nilipenda kutazama.
Lakini, bibi alinituma kufanya kazi tofauti.', NULL);
INSERT INTO `card` (id, type, title, header, content, option) VALUES ('21836_6', 3, NULL, 'assets/topic/asb/1363.png', '"Umeviweka wapi?"
Bibi alinijibu, "Nimeviweka pahali pa miujiza."', NULL);
INSERT INTO `card` (id, type, title, header, content, option) VALUES ('21836_7', 3, NULL, 'assets/topic/asb/1364.png', 'Bibi alinituma chumbani kwake.
Nilinusa harafu ya ndizi mbivu.', NULL);
INSERT INTO `card` (id, type, title, header, content, option) VALUES ('21836_8', 3, NULL, 'assets/topic/asb/1366.png', 'Nilikuwa nimejua pahali pa bibi pa miujiza.
Nilikuwa nimeona ndizi mbivu.', NULL);
INSERT INTO `card` (id, type, title, header, content, option) VALUES ('21836_9', 3, NULL, 'assets/topic/asb/1368.png', 'Nilikula ndizi moja.
Ilikuwa tamu kuliko ndizi yoyote niliyowahi kuonja.', NULL);
INSERT INTO `card` (id, type, title, header, content, option) VALUES ('21836_10', 3, NULL, 'assets/topic/asb/1369.png', 'Nilichukua ndizi nne.
Nilizificha ndani ya rinda langu.', NULL);
INSERT INTO `card` (id, type, title, header, content, option) VALUES ('21836_11', 3, NULL, 'assets/topic/asb/1370.png', 'Siku ya soko, bibi alipeleka bidhaa kuuza.
Niliaibika.', NULL);
INSERT INTO `card` (id, type, title, header, content, option) VALUES ('21836_12', 3, NULL, 'assets/topic/asb/1371.png', 'Waliponiita jioni, nilijua sababu.
Sijathubutu kuiba tena.', NULL);
INSERT INTO `card` (id, type, title, header, content, option) VALUES ('21836_13', 3, NULL, NULL, 'You are free to download, copy, translate or adapt this story and use the illustrations as long as you attribute in the following way:
Nilipata Funzo
Author -
Ursula Nafula
Translation -
African Storybook and Ursula Nafula
Illustration -
Catherine Groenewald
Language -
Kiswahili
Level -
First words
© African Storybook Initiative 2014
Creative Commons: Attribution 4.0
Source
www.africanstorybook.org', NULL);
INSERT INTO `card` (id, type, title, header, content, option) VALUES ('2106', 2, 'Ninafurahi / I Enjoy', 'assets/topic/asb/1492.png', 'Ursula Nafula
Wiehan de Jager', 'FFCFB5DD');
INSERT INTO `card` (id, type, title, header, content, option) VALUES ('2106_3', 3, NULL, 'assets/topic/asb/1493.png', 'I enjoy skipping.
Ninafurahi kuruka.', NULL);
INSERT INTO `card` (id, type, title, header, content, option) VALUES ('2106_4', 3, NULL, 'assets/topic/asb/1494.png', 'I enjoy skipping alone.
Ninafurahi kuruka peke yangu.', NULL);
INSERT INTO `card` (id, type, title, header, content, option) VALUES ('2106_5', 3, NULL, 'assets/topic/asb/1495.png', 'I enjoy skipping with my friend.
Ninafurahi kuruka na rafiki yangu.', NULL);
INSERT INTO `card` (id, type, title, header, content, option) VALUES ('2106_6', 3, NULL, 'assets/topic/asb/1496.png', 'I enjoy reading good stories.
Ninafurahi kusoma hadithi nzuri.', NULL);
INSERT INTO `card` (id, type, title, header, content, option) VALUES ('2106_7', 3, NULL, 'assets/topic/asb/1497.png', 'I enjoy walking with my friends.
Ninafurahi kutembea na marafiki zangu.', NULL);
INSERT INTO `card` (id, type, title, header, content, option) VALUES ('2106_8', 3, NULL, 'assets/topic/asb/1498.png', 'I enjoy washing dishes for mother.
Ninafurahi kumsafishia mama vyombo.', NULL);
INSERT INTO `card` (id, type, title, header, content, option) VALUES ('2106_9', 3, NULL, 'assets/topic/asb/1499.png', 'I enjoy writing letters that I can read easily.
Ninafurahi kuandika herufi ninazosoma rahisi.', NULL);
INSERT INTO `card` (id, type, title, header, content, option) VALUES ('2106_10', 3, NULL, 'assets/topic/asb/1500.png', 'I enjoy eating different fruits.
Ninafurahi kula matunda tofauti.', NULL);
INSERT INTO `card` (id, type, title, header, content, option) VALUES ('2106_11', 3, NULL, 'assets/topic/asb/1501.png', 'I enjoy sleeping on a big bed.
Ninafurahi kulala kwenye kitanda kikubwa.', NULL);
INSERT INTO `card` (id, type, title, header, content, option) VALUES ('2106_12', 3, NULL, 'assets/topic/asb/1492.png', 'I enjoy hearing mother''s good stories.
Ninafurahi kusikia hadithi za mama nzuri.', NULL);
INSERT INTO `card` (id, type, title, header, content, option) VALUES ('2106_13', 3, NULL, 'assets/topic/asb/1502.png', 'I enjoy doing all these things!
Ninafurahi kufanya vitu hivi vyote!', NULL);
INSERT INTO `card` (id, type, title, header, content, option) VALUES ('2106_14', 3, NULL, NULL, 'You are free to download, copy, translate or adapt this story and use the illustrations as long as you attribute in the following way:
Ninafurahi / I Enjoy
Author -
Ursula Nafula
Illustration -
Wiehan de Jager
Language -
Kiswahili
Level -
First sentences
© African Storybook Initiative 2014
Creative Commons: Attribution 4.0
Source
www.africanstorybook.org', NULL);
INSERT INTO `card` (id, type, title, header, content, option) VALUES ('31301', 2, 'Ninafurahi kufanya hivi', 'assets/topic/asb/1496.png', 'African Storybook
Wiehan de Jager', 'FF9DEDE3');
INSERT INTO `card` (id, type, title, header, content, option) VALUES ('31301_3', 3, NULL, 'assets/topic/asb/1495.png', 'Ninafurahi kuruka na rafiki yangu.', NULL);
INSERT INTO `card` (id, type, title, header, content, option) VALUES ('31301_4', 3, NULL, 'assets/topic/asb/1499.png', 'Ninafurahi kuandika herufi ubaoni.', NULL);
INSERT INTO `card` (id, type, title, header, content, option) VALUES ('31301_5', 3, NULL, 'assets/topic/asb/1496.png', 'Ninafurahi kusoma vitabu vya picha.', NULL);
INSERT INTO `card` (id, type, title, header, content, option) VALUES ('31301_6', 3, NULL, 'assets/topic/asb/1500.png', 'Ninafurahi kula matunda.', NULL);
INSERT INTO `card` (id, type, title, header, content, option) VALUES ('31301_7', 3, NULL, 'assets/topic/asb/1498.png', 'Ninafurahi kusaidia kazi nyumbani.', NULL);
INSERT INTO `card` (id, type, title, header, content, option) VALUES ('31301_8', 3, NULL, 'assets/topic/asb/1492.png', 'Ninafurahi mama akinisimulia hadithi.', NULL);
INSERT INTO `card` (id, type, title, header, content, option) VALUES ('31301_9', 3, NULL, 'assets/topic/asb/1501.png', 'Ninafurahi kulala kwenye kitanda kikubwa.', NULL);
INSERT INTO `card` (id, type, title, header, content, option) VALUES ('31301_10', 3, NULL, 'assets/topic/asb/1502.png', 'Ninafurahi kufanya vitu hivi.
Wewe unafurahi kufanya nini?', NULL);
INSERT INTO `card` (id, type, title, header, content, option) VALUES ('31301_11', 3, NULL, NULL, 'You are free to download, copy, translate or adapt this story and use the illustrations as long as you attribute in the following way:
Ninafurahi kufanya hivi
Author -
Ursula Nafula
Translation -
African Storybook
Illustration -
Wiehan de Jager
Language -
Kiswahili
Level -
First words
© African Storybook Initiative 2015
Creative Commons: Attribution 4.0
Source
www.africanstorybook.org', NULL);
INSERT INTO `card` (id, type, title, header, content, option) VALUES ('2878', 2, 'Ninaweza kufanya hivi', 'assets/topic/asb/1372.png', 'Ursula Nafula
 Cathy Feek', 'FFCFB5DD');
INSERT INTO `card` (id, type, title, header, content, option) VALUES ('2878_11', 3, NULL, NULL, 'You are free to download, copy, translate or adapt this story and use the illustrations as long as you attribute in the following way:
Ninaweza kufanya hivi
Author -
Clare Verbeek, Thembani Dladla and Zanele Buthelezi
Translation -
Ursula Nafula
Illustration -
Cathy Feek
Language -
Kiswahili
Level -
First words
© School of Education and Development (Centre for Adult Education), University of Kwazulu-Natal 2007
Creative Commons: Attribution-Non Commercial 3.0
Source
www.africanstorybook.org
Original source
http://cae.ukzn.ac.za/resources/seedbooks.aspx', NULL);
INSERT INTO `card` (id, type, title, header, content, option) VALUES ('3159', 2, 'Nozibele na Nywele Tatu', 'assets/topic/asb/1196.png', 'Ursula Nafula
 Wiehan de Jager', 'FFB3C8FF');
INSERT INTO `card` (id, type, title, header, content, option) VALUES ('3159_3', 3, NULL, 'assets/topic/asb/1197.png', 'Hapo zamani za kale,  wasichana watatu walienda kutafuta kuni.', NULL);
INSERT INTO `card` (id, type, title, header, content, option) VALUES ('3159_4', 3, NULL, 'assets/topic/asb/1198.png', 'Ilikuwa siku yenye joto kwa hivyo walienda mtoni kuogelea. Walicheza wakirushiania maji na kuogelea.', NULL);
INSERT INTO `card` (id, type, title, header, content, option) VALUES ('3159_5', 3, NULL, 'assets/topic/asb/1196.png', 'Ghafla,  waligundua kuwa saa zilikuwa zimeenda. Waliharakisha kurudi kijijini.', NULL);
INSERT INTO `card` (id, type, title, header, content, option) VALUES ('3159_6', 3, NULL, 'assets/topic/asb/1199.png', 'Walipokuwa karibu nyumbani,  Nozibele aliweka mkono wake shingoni. Alikuwa amesahau mkufu wake! "Tafadhali rudini nami!" aliwasihi marafiki zake. Lakini,  marafiki zake walisema kwamba saa zilikuwa zimeenda sana.', NULL);
INSERT INTO `card` (id, type, title, header, content, option) VALUES ('3159_7', 3, NULL, 'assets/topic/asb/1200.png', 'Kwa hivyo Nozibele alirudi mtoni peke yake. Aliupata mkufu wake na kuharakisha kurudi nyumbani. Lakini,  alipotea gizani.', NULL);
INSERT INTO `card` (id, type, title, header, content, option) VALUES ('3159_8', 3, NULL, 'assets/topic/asb/1201.png', 'Kwa umbali aliona mwangaza ukitokezea chumbani. Aliharakisha kuelekea chumba hicho na kubisha hodi mlangoni.', NULL);
INSERT INTO `card` (id, type, title, header, content, option) VALUES ('3159_9', 3, NULL, 'assets/topic/asb/1202.png', 'La kushangaza ni kuwa mbwa ndiye aliufungua mlango na kusema, "Unataka nini?" "Nimepotea,  nahitaji mahali pa kulala," Nozibele alisema. "Ingia ndani, au nikuume!" mbwa akajibu. Nozibele aliingia.', NULL);
INSERT INTO `card` (id, type, title, header, content, option) VALUES ('3159_10', 3, NULL, 'assets/topic/asb/1203.png', 'Kisha mbwa akasema, "Nipikie chakula!" "Lakini sijawahi kumpikia mbwa chakula," Nozibele aljibu. "Pika, au nikuume!" mbwa akasema. Nozibele alimpikia mbwa chakula.', NULL);
INSERT INTO `card` (id, type, title, header, content, option) VALUES ('3159_11', 3, NULL, 'assets/topic/asb/1204.png', 'Kisha mbwa akasema, "Nitayarishie kitanda." Nozibele akajibu, "Sijawahi kumtayarishia mbwa kitanda." "Tayarisha au nikuume!" mbwa alisema. Nozibele alitayarisha kitanda.', NULL);
INSERT INTO `card` (id, type, title, header, content, option) VALUES ('3159_12', 3, NULL, 'assets/topic/asb/1207.png', 'Alitakiwa kumpikia, kumfagilia na kumwoshea mbwa kila siku. Kisha siku moja mbwa alisema, "Nozibele,  leo nalazimika kuwatembelea marafiki zangu. Fagia nyumba, pika chakula na uoshe vitu vyangu kabla sijarudi."', NULL);
INSERT INTO `card` (id, type, title, header, content, option) VALUES ('3159_13', 3, NULL, 'assets/topic/asb/1208.png', 'Mbwa alipoenda tu, Nozibele alichukua nywele tatu kutoka kichwani kwake. Aliweka mmoja mvunguni mwa kitanda, mwingine nyuma ya mlango, na mwingine kwenye zizi la ng''ombe. Kisha alikimbia kwenda nyumbani haraka alivyoweza.', NULL);
INSERT INTO `card` (id, type, title, header, content, option) VALUES ('3159_14', 3, NULL, 'assets/topic/asb/1209.png', 'Mbwa aliporudi, alimtafuta Nozibele. "Nozibele, uko wapi?" Aliita kwa sauti. "Niko hapa mvunguni mwa kitanda," unywele wa kwanza ulisema. "Niko hapa  nyuma ya mlango," unywele wa pili ukasema. "Niko hapa ndani kwenye zizi la ng''ombe," ukasema unywele wa tatu.', NULL);
INSERT INTO `card` (id, type, title, header, content, option) VALUES ('3159_15', 3, NULL, 'assets/topic/asb/1210.png', 'Papo hapo mbwa alifahamu kuwa Nozibele alikuwa amemdanganya. Kwa hivyo, alikimbia moja kwa moja hadi kijijini. Lakini, ndugu zake Nozibele walikuwa wamemsubiri kwa fimbo kubwa. Mbwa aligeuka na kukimbia na hadi leo, hajawahi kuonekana tena.', NULL);
INSERT INTO `card` (id, type, title, header, content, option) VALUES ('3159_16', 3, NULL, NULL, 'You are free to download, copy, translate or adapt this story and use the illustrations as long as you attribute in the following way:
Nozibele na Nywele Tatu
Author -
Tessa Welch
Translation -
Ursula Nafula
Illustration -
Wiehan de Jager
Language -
Kiswahili
Level -
Longer paragraphs
© African Storybook Initiative, 2014
Creative Commons: Attribution 4.0
Source
www.africanstorybook.org', NULL);
INSERT INTO `card` (id, type, title, header, content, option) VALUES ('21994', 2, 'Nyani aliyekuwa chifu', 'assets/topic/asb/18900.png', 'Ursula Nafula
 Isaac Okwir', 'FFB3C8FF');
INSERT INTO `card` (id, type, title, header, content, option) VALUES ('21994_3', 3, NULL, 'assets/topic/asb/18894.png', 'Don alikuwa nyani mkubwa.
Alikuwa mchokozi.', NULL);
INSERT INTO `card` (id, type, title, header, content, option) VALUES ('21994_4', 3, NULL, 'assets/topic/asb/18895.png', 'Don ndiye alikuwa chifu wa nyani wengine.', NULL);
INSERT INTO `card` (id, type, title, header, content, option) VALUES ('21994_5', 3, NULL, 'assets/topic/asb/18896.png', 'Wafuasi wake walimpatia kitambaa maalum.', NULL);
INSERT INTO `card` (id, type, title, header, content, option) VALUES ('21994_6', 3, NULL, 'assets/topic/asb/18897.png', '"Nitakivaa kichwani," Don alisema.', NULL);
INSERT INTO `card` (id, type, title, header, content, option) VALUES ('21994_7', 3, NULL, 'assets/topic/asb/18898.png', '"Kila mmoja afuate masharti yangu. Msinihoji!"
Don alipiga kelele.', NULL);
INSERT INTO `card` (id, type, title, header, content, option) VALUES ('21994_8', 3, NULL, 'assets/topic/asb/18899.png', 'Wafuasi walimfuata chifu wao.
Don iliporuka, kila mmoja aliruka.', NULL);
INSERT INTO `card` (id, type, title, header, content, option) VALUES ('21994_9', 3, NULL, 'assets/topic/asb/18900.png', 'Lakini, kile kitambaa, kilimkaza sana.', NULL);
INSERT INTO `card` (id, type, title, header, content, option) VALUES ('21994_10', 3, NULL, 'assets/topic/asb/18901.png', 'Don aligusa kichwa alikoumia.
Nyani pia waligusa vichwa vyao.', NULL);
INSERT INTO `card` (id, type, title, header, content, option) VALUES ('21994_11', 3, NULL, 'assets/topic/asb/18902.png', '"Hapa panuma," Don alisema.
Nyani pia walisema, "Hapa panauma."', NULL);
INSERT INTO `card` (id, type, title, header, content, option) VALUES ('21994_12', 3, NULL, 'assets/topic/asb/18903.png', 'Alisema, "Hii imekazika sana!"
Wao pia walisema, "Hii imekazika sana."', NULL);
INSERT INTO `card` (id, type, title, header, content, option) VALUES ('21994_13', 3, NULL, 'assets/topic/asb/18904.png', 'Don alianguka kutoka juu.
Wote walimuiga wakaanguka.', NULL);
INSERT INTO `card` (id, type, title, header, content, option) VALUES ('21994_14', 3, NULL, 'assets/topic/asb/18905.png', 'Nyani aliyekuwa chifu alikufa.
Wafuasi wake waliumia, lakini waliishi.', NULL);
INSERT INTO `card` (id, type, title, header, content, option) VALUES ('21994_15', 3, NULL, NULL, 'You are free to download, copy, translate or adapt this story and use the illustrations as long as you attribute in the following way:
Nyani aliyekuwa chifu
Author -
Bonsamo Miesso and Elizabeth Laird
Translation -
Ursula Nafula
Illustration -
Isaac Okwir
Language -
Kiswahili
Level -
First words
© African Storybook Initiative 2016
Creative Commons: Attribution 4.0
Source
www.africanstorybook.org
Original source
www.ethiopianfolktales.com', NULL);
INSERT INTO `card` (id, type, title, header, content, option) VALUES ('2987', 2, 'Nyani walioenda huku na huko', 'assets/topic/asb/1160.png', 'Brigid Simiyu
 Benjamin Mitchley', 'FF9DEDE3');
INSERT INTO `card` (id, type, title, header, content, option) VALUES ('2987_3', 3, NULL, 'assets/topic/asb/1161.png', 'Watu wa kijiji cha Udongo walikumbwa na matatizo mengi. Walihuzunika kwa sababu wanyama pori waliyahatarisha maisha yao.', NULL);
INSERT INTO `card` (id, type, title, header, content, option) VALUES ('2987_4', 3, NULL, 'assets/topic/asb/1162.png', 'Wanyama hao waliila mimea yao yote na kuwaiba watoto. Mahali hapo hapakuwa pazuri pa kuishi tena. Lakini, wangehamia wapi?', NULL);
INSERT INTO `card` (id, type, title, header, content, option) VALUES ('2987_5', 3, NULL, 'assets/topic/asb/1163.png', 'Watu wa familia moja walihamia milimani. Waliamini kuwa wangepata chakula huko.', NULL);
INSERT INTO `card` (id, type, title, header, content, option) VALUES ('2987_6', 3, NULL, 'assets/topic/asb/1164.png', 'Milimani, kulikuwa na vichaka, mapango na miti mingi. Walikula sungura na ndege.', NULL);
INSERT INTO `card` (id, type, title, header, content, option) VALUES ('2987_7', 3, NULL, 'assets/topic/asb/1165.png', 'Familia zingine ziliona jinsi familia ya milimani ilivyoishi vizuri. Mtu mmoja aliwashawishi, "Maisha ya milimani ni mazuri. Nanyi hamieni huku."', NULL);
INSERT INTO `card` (id, type, title, header, content, option) VALUES ('2987_8', 3, NULL, 'assets/topic/asb/1166.png', 'Familia zingine zilihamia milimani. Ziliishi mapangoni kulikokuwa na joto na usalama.', NULL);
INSERT INTO `card` (id, type, title, header, content, option) VALUES ('2987_9', 3, NULL, 'assets/topic/asb/1160.png', 'Watoto wa familia za milimani walizoe kupanda miti kutafuta matunda. Walining''inia kwenye matawi kama vile kima hufanya.', NULL);
INSERT INTO `card` (id, type, title, header, content, option) VALUES ('2987_10', 3, NULL, 'assets/topic/asb/1167.png', 'Kadri muda ulivyopita, ndivyo familia za milimani zilivyobadilika kimaumbile. Watoto wao walipunguza maongezi yao wakawa wanakoroma zaidi. Mapua ya watu wazima yalianza kuwa makubwa na waliota nywele zaidi kwenye miili yao.', NULL);
INSERT INTO `card` (id, type, title, header, content, option) VALUES ('2987_11', 3, NULL, 'assets/topic/asb/1169.png', 'Kila walipotazamana, waliona kwamba meno yao yaliendelea kuwa marefu. Walianza kutembea kwa miguu minne.', NULL);
INSERT INTO `card` (id, type, title, header, content, option) VALUES ('2987_12', 3, NULL, 'assets/topic/asb/1175.png', 'Waligeuka wakawa viumbe wapya wasiokuwa wameonekana pahali pale mbeleni. Wakaitwa nyani.', NULL);
INSERT INTO `card` (id, type, title, header, content, option) VALUES ('2987_13', 3, NULL, 'assets/topic/asb/1168.png', 'Mwanzoni, nyani hao waliishi kwa furaha. Badala ya kula sungura, walianza kuyala mabuu.', NULL);
INSERT INTO `card` (id, type, title, header, content, option) VALUES ('2987_14', 3, NULL, NULL, 'Walisahau jinsi ya kutembea wima kama ilivyokuwa awali. Wakavua nguo zao kwa sababu miili yao sasa ilikuwa imefunikwa kwa manyoya meusi.', NULL);
INSERT INTO `card` (id, type, title, header, content, option) VALUES ('2987_15', 3, NULL, 'assets/topic/asb/1170.png', 'Hata hivyo, walikumbuka kwamba walikuwa watu mbeleni. Walipoyaona mapua yao makubwa,  walichekana.', NULL);
INSERT INTO `card` (id, type, title, header, content, option) VALUES ('2987_16', 3, NULL, 'assets/topic/asb/1171.png', 'Baadaye, walianza kukasirishwa na tabia zao wenyewe. Walipochekana, waliruka juu na chini kwa hasira. Vita vilizuka baina ya nyani hao wakalazimika kutawanyika.', NULL);
INSERT INTO `card` (id, type, title, header, content, option) VALUES ('2987_17', 3, NULL, 'assets/topic/asb/1173.png', 'Hiyo ndiyo sababu hata leo, nyani huishi katika makundi madogo na wala hawaishi kama taifa la nyani.', NULL);
INSERT INTO `card` (id, type, title, header, content, option) VALUES ('2987_18', 3, NULL, NULL, 'You are free to download, copy, translate or adapt this story and use the illustrations as long as you attribute in the following way:
Nyani walioenda huku na huko
Author -
Southern African Folktale
Translation -
Brigid Simiyu
Illustration -
Benjamin Mitchley
Language -
Kiswahili
Level -
First paragraphs
© African Storybook Initiative 2014
Creative Commons: Attribution 4.0
Source
www.africanstorybook.org', NULL);
INSERT INTO `card` (id, type, title, header, content, option) VALUES ('12692', 2, 'Nyumba ya Kobe', 'assets/topic/asb/9213.png', 'Brigid Simiyu
 Katrien Coetzer', 'FF9DEDE3');
INSERT INTO `card` (id, type, title, header, content, option) VALUES ('12692_3', 3, NULL, 'assets/topic/asb/9214.png', 'Siku moja, Kobe alikuwa akitembea nyasini. Alichunguza mbele na kukodolea nyasi macho akamwona Konokono.', NULL);
INSERT INTO `card` (id, type, title, header, content, option) VALUES ('12692_4', 3, NULL, NULL, '"Unatafuta nini?" Konokono alimwuliza. "Ninaitafuta nyumba yangu. Umeiona?"', NULL);
INSERT INTO `card` (id, type, title, header, content, option) VALUES ('12692_5', 3, NULL, 'assets/topic/asb/9215.png', 'Alijibu, "La, sijaiona, lakini nitakusaidia kuitafuta!" Konokono alipanda juu ya gamba la Kobe. Kobe alimbeba Konokono mgongoni mwake. Walitafuta,  lakini hawakuiona.', NULL);
INSERT INTO `card` (id, type, title, header, content, option) VALUES ('12692_6', 3, NULL, 'assets/topic/asb/9216.png', 'Baada ya muda mfupi, walimwona Ndege. "Mnatafuta nini?" Ndege aliwauliza. "Ninatafuta nyumba yangu. Umeiona?" Kobe alisema. "La, sijaiona, lakini nitakusaidia kuitafuta!" Ndege akajibu.', NULL);
INSERT INTO `card` (id, type, title, header, content, option) VALUES ('12692_7', 3, NULL, 'assets/topic/asb/9213.png', 'Ndege aliyapapatua mabawa yake na kupaa. "Unakwenda kwa kasi sana." Kobe alilalamika. Ndege akamwambia, "Samahani, wacha nami pia niruke juu ya gamba lako."', NULL);
INSERT INTO `card` (id, type, title, header, content, option) VALUES ('12692_8', 3, NULL, 'assets/topic/asb/9223.png', 'Kobe aliwabeba Konokono na Ndege juu ya gamba lake. Walitafuta bila kuona ishara ya nyumba ya Kobe.', NULL);
INSERT INTO `card` (id, type, title, header, content, option) VALUES ('12692_9', 3, NULL, 'assets/topic/asb/9218.png', 'Walipoendelea, walimwona Bunzi. "Mnatafuta nini?" Bunzi aliwauliza. "Ninatafuta nyumba yangu. Umeiona?" Kobe alijibu.', NULL);
INSERT INTO `card` (id, type, title, header, content, option) VALUES ('12692_10', 3, NULL, 'assets/topic/asb/9219.png', 'Bunzi alisema, "La, sijaiona, lakini nitakusaidia kuitafuta!" Aliruka mgongoni mwa Kobe. Kobe aliwabeba Konokono, Ndege na Bunzi. Walitafuta,  lakini hawakuona nyumba yoyote.', NULL);
INSERT INTO `card` (id, type, title, header, content, option) VALUES ('12692_11', 3, NULL, 'assets/topic/asb/9220.png', 'Hatua chache, walikutana na Panya. Alikuwa akitengeneza shada zuri la maua. "Unatafuta nini?" Panya aliuliza. "Natafuta nyumba yangu. Umeiona?" Kobe alisema.', NULL);
INSERT INTO `card` (id, type, title, header, content, option) VALUES ('12692_12', 3, NULL, 'assets/topic/asb/9221.png', 'Panya alijibu, "La, sijaiona, lakini nitakusaidia kuitafuta!" Aliruka mgongoni mwa Kobe. "Subiri,  siwezi kuacha maua yangu." Panya alijinyoosha,  akayakusanya maua yake huku Kobe akimsubiri.', NULL);
INSERT INTO `card` (id, type, title, header, content, option) VALUES ('12692_13', 3, NULL, 'assets/topic/asb/9222.png', 'Kobe aliendelea kutembea akiwabeba Konokono, Ndege, Bunzi na Panya mgongoni mwake. Walitafuta, lakini hawakuipata nyumba ya Kobe. Upepo uliyapeperusha maua ya Panya. Kobe alikuwa amechoka sana. Akasema, "Ninyi ni wazito."', NULL);
INSERT INTO `card` (id, type, title, header, content, option) VALUES ('12692_14', 3, NULL, 'assets/topic/asb/9224.png', 'Upepo uliongezeka. Anga likabadilika likawa jeusi. "Ah, iwapi nyumba yangu?" Kobe aliuliza. Punde, radi ilinguruma milimani na umeme ukaangaza. Mara mvua ikaanza kunyesha. "Ah, iwapi nyumba ya Kobe?" Konokono, Ndege, Bunzi na Panya waliuliza.', NULL);
INSERT INTO `card` (id, type, title, header, content, option) VALUES ('12692_15', 3, NULL, 'assets/topic/asb/9227.png', 'Upepo ulizidi kuvuma na kuvuruga. Ghafla, upepo uliwapeperusha wote kutoka mgongoni mwa Kobe.', NULL);
INSERT INTO `card` (id, type, title, header, content, option) VALUES ('12692_16', 3, NULL, 'assets/topic/asb/9226.png', 'Mvua ya mawe ikaanza kunyesha. Kwa uoga, Kobe alijikunja na kuingia ndani ya gamba lake. Mle ndani mlikuwa joto. "Kumbe, hii ndiyo nyumba yangu!" Kobe aliwaza.', NULL);
INSERT INTO `card` (id, type, title, header, content, option) VALUES ('12692_17', 3, NULL, 'assets/topic/asb/9225.png', 'Konokono, Ndege, Bunzi na Panya walijikusanya chini ya gamba la Kobe wakatambua, "Ah, hii ndiyo nyumba ya Kobe!"', NULL);
INSERT INTO `card` (id, type, title, header, content, option) VALUES ('12692_18', 3, NULL, NULL, 'You are free to download, copy, translate or adapt this story and use the illustrations as long as you attribute in the following way:
Nyumba ya Kobe
Author -
Maya Fowler
Translation -
Brigid Simiyu
Illustration -
Katrien Coetzer
Language -
Kiswahili
Level -
First paragraphs
© Katrien Coetzer, Maya Fowler, Damian Gibbs, Bookdash.org and African Storybook Initiative 2014
Creative Commons: Attribution 4.0
Source
www.africanstorybook.org
Original source
www.bookdash.org', NULL);
INSERT INTO `card` (id, type, title, header, content, option) VALUES ('21073', 2, 'Nyumbu', 'assets/topic/asb/17977.png', 'Brigid Simiyu
 Marleen Visser', 'FF9DEDE3');
INSERT INTO `card` (id, type, title, header, content, option) VALUES ('21073_3', 3, NULL, 'assets/topic/asb/17968.png', 'Hapo zamani, kulikuwa na nyumbu mrembo.
Aliitwa Waridi.', NULL);
INSERT INTO `card` (id, type, title, header, content, option) VALUES ('21073_4', 3, NULL, 'assets/topic/asb/17969.png', 'Farasi mwenye umbo zuri alisema, "Lazima nimwoe Waridi."', NULL);
INSERT INTO `card` (id, type, title, header, content, option) VALUES ('21073_5', 3, NULL, 'assets/topic/asb/17970.png', 'Farasi alimwambia Waridi, "Twende mtoni pamoja."', NULL);
INSERT INTO `card` (id, type, title, header, content, option) VALUES ('21073_6', 3, NULL, 'assets/topic/asb/17971.png', 'Farasi alimwuliza Waridi kuwa mke wake.
Waridi alikubali.', NULL);
INSERT INTO `card` (id, type, title, header, content, option) VALUES ('21073_7', 3, NULL, 'assets/topic/asb/17972.png', 'Farasi alitaka kumfahamu Waridi zaidi.
Alimwuliza, "Wazazi wako ni nani?"', NULL);
INSERT INTO `card` (id, type, title, header, content, option) VALUES ('21073_8', 3, NULL, 'assets/topic/asb/17973.png', 'Waridi alijibu, "Mama yangu anaishi katika ikulu ya mfalme."', NULL);
INSERT INTO `card` (id, type, title, header, content, option) VALUES ('21073_9', 3, NULL, 'assets/topic/asb/17974.png', '"Dada yangu anaishi katika uwanja wa kanisa. Kwani humjui?"', NULL);
INSERT INTO `card` (id, type, title, header, content, option) VALUES ('21073_10', 3, NULL, 'assets/topic/asb/17975.png', 'Aliongeza, "Shangazi yangu mrembo anaishi na mzee wa kijiji."', NULL);
INSERT INTO `card` (id, type, title, header, content, option) VALUES ('21073_11', 3, NULL, 'assets/topic/asb/17976.png', 'Wakati huo, punda mzee alipita. Alikuwa babake Waridi.', NULL);
INSERT INTO `card` (id, type, title, header, content, option) VALUES ('21073_12', 3, NULL, 'assets/topic/asb/17977.png', 'Waridi hakumsalimu babake wala hakumtazama.', NULL);
INSERT INTO `card` (id, type, title, header, content, option) VALUES ('21073_13', 3, NULL, 'assets/topic/asb/17978.png', 'Punda yule mzee akauliza, "Kuna nini binti yangu?"', NULL);
INSERT INTO `card` (id, type, title, header, content, option) VALUES ('21073_14', 3, NULL, 'assets/topic/asb/17979.png', 'Farasi alimwuliza Waridi, "Huyu punda mjinga ni nani?"', NULL);
INSERT INTO `card` (id, type, title, header, content, option) VALUES ('21073_15', 3, NULL, 'assets/topic/asb/17980.png', 'Waridi alimjibu, "Mimi simjui."', NULL);
INSERT INTO `card` (id, type, title, header, content, option) VALUES ('21073_16', 3, NULL, 'assets/topic/asb/17981.png', 'Farasi alimpiga teke yule punda mzee.', NULL);
INSERT INTO `card` (id, type, title, header, content, option) VALUES ('21073_17', 3, NULL, 'assets/topic/asb/17982.png', 'Punda mzee alivunjika moyo.
Alilia kisha akafa.', NULL);
INSERT INTO `card` (id, type, title, header, content, option) VALUES ('21073_18', 3, NULL, 'assets/topic/asb/17984.png', 'Waridi hakumheshimu babake.
Hii ndiyo sababu nyumbu hawazai watoto.', NULL);
INSERT INTO `card` (id, type, title, header, content, option) VALUES ('21073_19', 3, NULL, NULL, 'You are free to download, copy, translate or adapt this story and use the illustrations as long as you attribute in the following way:
Nyumbu
Author -
Mesfin Habte-Mariam and Elizabeth Laird
Translation -
Brigid Simiyu
Illustration -
Marleen Visser
Language -
Kiswahili
Level -
First words
© African Storybook Initiative 2016
Creative Commons: Attribution 4.0
Source
www.africanstorybook.org
Original source
www.ethiopianfolktales.com', NULL);
INSERT INTO `card` (id, type, title, header, content, option) VALUES ('30270', 2, 'Obúso', 'assets/topic/asb/26803.png', 'Kutafsiri Biblia Mara
Sue  Beattie', 'FFCFB5DD');
INSERT INTO `card` (id, type, title, header, content, option) VALUES ('30270_3', 3, NULL, 'assets/topic/asb/26807.png', 'Améeso', NULL);
INSERT INTO `card` (id, type, title, header, content, option) VALUES ('30270_4', 3, NULL, 'assets/topic/asb/26808.png', 'Okutwi', NULL);
INSERT INTO `card` (id, type, title, header, content, option) VALUES ('30270_5', 3, NULL, 'assets/topic/asb/26802.png', 'Omunwa', NULL);
INSERT INTO `card` (id, type, title, header, content, option) VALUES ('30270_6', 3, NULL, 'assets/topic/asb/26800.png', 'Enyiindo', NULL);
INSERT INTO `card` (id, type, title, header, content, option) VALUES ('30270_7', 3, NULL, 'assets/topic/asb/26801.png', 'Echilezu', NULL);
INSERT INTO `card` (id, type, title, header, content, option) VALUES ('30270_8', 3, NULL, 'assets/topic/asb/26755.png', 'Améeno', NULL);
INSERT INTO `card` (id, type, title, header, content, option) VALUES ('30270_9', 3, NULL, 'assets/topic/asb/26810.png', 'Olulími', NULL);
INSERT INTO `card` (id, type, title, header, content, option) VALUES ('30270_10', 3, NULL, 'assets/topic/asb/26809.png', 'Amatama', NULL);
INSERT INTO `card` (id, type, title, header, content, option) VALUES ('30270_11', 3, NULL, 'assets/topic/asb/26804.png', 'Engóhe', NULL);
INSERT INTO `card` (id, type, title, header, content, option) VALUES ('30270_12', 3, NULL, 'assets/topic/asb/26806.png', 'Isóke', NULL);
INSERT INTO `card` (id, type, title, header, content, option) VALUES ('30270_13', 3, NULL, NULL, 'You are free to download, copy, translate or adapt this story and use the illustrations as long as you attribute in the following way:
Obúso
Author -
Little Zebra Books
Translation -
Kutafsiri Biblia Mara
Illustration -
Sue  Beattie
Language -
Echiziinza
Level -
First words
© African Storybook Initiative 2018
Creative Commons: Attribution 4.0
Source
www.africanstorybook.org', NULL);
INSERT INTO `card` (id, type, title, header, content, option) VALUES ('23775', 2, 'Omuwala owekyejo', 'assets/topic/asb/8665.png', 'Namutebi Nelly and Uganda Christian University
 Catherine Groenewald, Vusi Malindi, Rob Owen, Natalie Propa, Ingrid Schechter and Melany Pietersen', 'FFB3C8FF');
INSERT INTO `card` (id, type, title, header, content, option) VALUES ('23775_3', 3, NULL, 'assets/topic/asb/8661.png', 'olwatuka waliyo omuwala nga'' yitibwa Emily era nga wakyejo dala.', NULL);
INSERT INTO `card` (id, type, title, header, content, option) VALUES ('23775_4', 3, NULL, 'assets/topic/asb/7518.png', 'Buli nyina bweyamugambanga akole emirimu nga agaana.', NULL);
INSERT INTO `card` (id, type, title, header, content, option) VALUES ('23775_5', 3, NULL, 'assets/topic/asb/8630.png', 'Olunaku lumu nyina yalwala. Era namutuma agende ewaa jajjawe amuletereyo kuddagala elye''njawulo, asobole okubeera ngawona. Olwe'' kyejo kya Emily, yasalao kukwata makubo ge.', NULL);
INSERT INTO `card` (id, type, title, header, content, option) VALUES ('23775_6', 3, NULL, 'assets/topic/asb/8559.png', 'Obudde bwaziba nga Emily tanadda, maama we yatandia okweralikirira.', NULL);
INSERT INTO `card` (id, type, title, header, content, option) VALUES ('23775_7', 3, NULL, 'assets/topic/asb/8558.png', 'Era bunambiro, nyina yakowola abatuuze bo'' kukyalo bamuyambeko okunonya Emily.', NULL);
INSERT INTO `card` (id, type, title, header, content, option) VALUES ('23775_8', 3, NULL, 'assets/topic/asb/8115.png', 'Yatya nyo kubanga kukyalo okwo kwaliko ekisodde ekyalyanga abawala ekiro.', NULL);
INSERT INTO `card` (id, type, title, header, content, option) VALUES ('23775_9', 3, NULL, 'assets/topic/asb/8643.png', 'Ngabatuze bakyanonya Emily, yeyali yeerira bulamu mukidiba. Era ngatafaayo nti obudde buzibye.', NULL);
INSERT INTO `card` (id, type, title, header, content, option) VALUES ('23775_10', 3, NULL, 'assets/topic/asb/8114.png', 'Obudde bwe'' kisodde okulya bwatuuka era nekitandika omuyiggo gwe'' mmere. Bwekyali kitambula kyatandika okuwunyiriza akawowo komuwala. Ngeno abatuuze bwebasembera kukidiba.', NULL);
INSERT INTO `card` (id, type, title, header, content, option) VALUES ('23775_11', 3, NULL, 'assets/topic/asb/7584.png', 'Emily yalaba ekisodde ngakigya natandika okukaaba. Abatuze bawulira omulanga gwo'' muto era nebatandika okuduka nga bwe baddagyali.', NULL);
INSERT INTO `card` (id, type, title, header, content, option) VALUES ('23775_12', 3, NULL, 'assets/topic/asb/8025.png', 'Abatuze basisinkana Emily nga akyali mu kidiba, yali attidde ebitenkanika era nga atintima. Era okuva kwo'' lwo yayiga okuwuliriza nyina no'' kumusaamu ekitibwa.', NULL);
INSERT INTO `card` (id, type, title, header, content, option) VALUES ('23775_13', 3, NULL, NULL, 'You are free to download, copy, translate or adapt this story and use the illustrations as long as you attribute in the following way:
Omuwala owekyejo
Author -
Bathokwa book club
Translation -
Namutebi Nelly and Uganda Christian University
Illustration -
Catherine Groenewald, Vusi Malindi, Rob Owen, Natalie Propa, Ingrid Schechter and Melany Pietersen
Language -
Luganda
Level -
First paragraphs
© Bathokwa Book Club 2014
Creative Commons: Attribution 4.0
Source
www.africanstorybook.org', NULL);
INSERT INTO `card` (id, type, title, header, content, option) VALUES ('22530', 2, 'Pa Nase buibui, na wanawake', 'assets/topic/asb/26450.png', 'Ursula  Nafula
Kenneth Boyowa Okitikpi', 'FF9DEDE3');
INSERT INTO `card` (id, type, title, header, content, option) VALUES ('22530_3', 3, NULL, 'assets/topic/asb/26446.png', 'Hapo zamani, kulikuwa na buibui aliyeitwa Pa Nase. Alihisi njaa sana akaamua kutafuta chakula.
Alienda kwa rafikiye aliyekuwa akimpa masaada. Lakini rafikiye hakuwa nyumbani.', NULL);
INSERT INTO `card` (id, type, title, header, content, option) VALUES ('22530_4', 3, NULL, 'assets/topic/asb/26447.png', 'Pa Nase, alikuwa na wazo tofauti la kuweza kupata chakula. Alikumbuka kuwa mle kijijini, kulikuwa na ghala ambamo wanawake wa kijijini walikuwa wakihifadhi chakula chao.', NULL);
INSERT INTO `card` (id, type, title, header, content, option) VALUES ('22530_5', 3, NULL, 'assets/topic/asb/26448.png', 'Alinyatia akaingia katika lile ghala na kuiba samaki na ndizi.', NULL);
INSERT INTO `card` (id, type, title, header, content, option) VALUES ('22530_6', 3, NULL, 'assets/topic/asb/26449.png', 'Alipokuwa njiani akirudi, watoto waliona namna alivyotembea kwa njia isiyokuwa ya kawaida.
Wanawake walipojua, walimfuata Pa Nase kwa haraka.', NULL);
INSERT INTO `card` (id, type, title, header, content, option) VALUES ('22530_7', 3, NULL, 'assets/topic/asb/26450.png', 'Akiwa na mifuko iliyojaa, Pa Nase aliogopa akataka kukimbia.
Wanawake walimshika wakaamua kumuadhibu.', NULL);
INSERT INTO `card` (id, type, title, header, content, option) VALUES ('22530_8', 3, NULL, 'assets/topic/asb/26451.png', '"Hebu tumsagie kwenye lile jiwe la kijijini," Yalol, mmoja wa wanawake alipendekeza.', NULL);
INSERT INTO `card` (id, type, title, header, content, option) VALUES ('22530_9', 3, NULL, 'assets/topic/asb/26452.png', 'Pa Nase alicheka kwa sauti akasema, "Babu yangu huishi kwenye lile jiwe. Kunisagia pale ni kama kunituma nyumbani. Asanteni!"
Wanawake waliamua kutomsaga.', NULL);
INSERT INTO `card` (id, type, title, header, content, option) VALUES ('22530_10', 3, NULL, 'assets/topic/asb/26453.png', '"Tumtupe motoni," Betty akasema.
Pa Nase alicheka tena, akasema, "Bibi, yangu anayenipenda sana, ni mwenye mioto yote. Kunitupa motoni ni kama kunituma nyumbani. Asanteni!" Wanawake waliudhika sana.', NULL);
INSERT INTO `card` (id, type, title, header, content, option) VALUES ('22530_11', 3, NULL, 'assets/topic/asb/26454.png', '"Tukijaze kikapu matunda, tumweke ndani kisha tukitupe mtoni," Yabana alipendekeza. Pa Nase alilia, "Mkifanya hivyo, mtaniua."
Wanawake walifurahi. Walikijaza kikapu matunda, wakamweka ndani kisha wakakitupa mtoni.', NULL);
INSERT INTO `card` (id, type, title, header, content, option) VALUES ('22530_12', 3, NULL, 'assets/topic/asb/26455.png', 'Pa Nase alipofika katikati ya mto, alisherehekea. Aliyachukua baadhi ya matunda na kuyala huku akiwacheka wale wanawake.', NULL);
INSERT INTO `card` (id, type, title, header, content, option) VALUES ('22530_13', 3, NULL, 'assets/topic/asb/26456.png', 'Wanawake wale walijua kuwa Pa Nase alikuwa amewadanganya.
Walijaribu kumnasa, lakini hawakuweza kwani Pa Nase alisombwa haraka kwa maji.', NULL);
INSERT INTO `card` (id, type, title, header, content, option) VALUES ('22530_14', 3, NULL, 'assets/topic/asb/26457.png', 'Pa Nase alisahau kuwa kulikuwa na wavu sehemu ya chini ya mto. Alinaswa kwenye wavu ule akawa ametegwa.
Hakuna aliyeenda kumsaidia.', NULL);
INSERT INTO `card` (id, type, title, header, content, option) VALUES ('22530_15', 3, NULL, NULL, 'You are free to download, copy, translate or adapt this story and use the illustrations as long as you attribute in the following way:
Pa Nase buibui, na wanawake
Author -
Abdul  Koroma
Translation -
Ursula  Nafula
Illustration -
Kenneth Boyowa Okitikpi
Language -
Kiswahili
Level -
First paragraphs
© African Storybook Initiative 2018
Creative Commons: Attribution 4.0
Source
www.africanstorybook.org', NULL);
INSERT INTO `card` (id, type, title, header, content, option) VALUES ('8877', 2, 'Paka mwerevu', 'assets/topic/asb/8876.png', 'Ursula Nafula
Catherine Groenewald', 'FFB3C8FF');
INSERT INTO `card` (id, type, title, header, content, option) VALUES ('8877_3', 3, NULL, 'assets/topic/asb/8864.png', 'Bwana Kio anaishi kijijini kwetu.
Ana paka anayeitwa Safi.', NULL);
INSERT INTO `card` (id, type, title, header, content, option) VALUES ('8877_4', 3, NULL, 'assets/topic/asb/8865.png', 'Bwana Kio anapoenda kazini,  anauacha mlango wazi.', NULL);
INSERT INTO `card` (id, type, title, header, content, option) VALUES ('8877_5', 3, NULL, 'assets/topic/asb/8866.png', 'Safi anaketi mlangoni na kuilinda nyumba.', NULL);
INSERT INTO `card` (id, type, title, header, content, option) VALUES ('8877_6', 3, NULL, 'assets/topic/asb/8867.png', 'Mbwa wa jirani akiikaribia nyumba, Safi anamtisha.
Yuko tayari kumkwaruza kwa kucha zake.', NULL);
INSERT INTO `card` (id, type, title, header, content, option) VALUES ('8877_7', 3, NULL, 'assets/topic/asb/8868.png', 'Mbwa anatoroka na kurudi kwao.', NULL);
INSERT INTO `card` (id, type, title, header, content, option) VALUES ('8877_8', 3, NULL, 'assets/topic/asb/8870.png', 'Jirani akiugusa malango wa nyumba, Safi anamwona.
Yuko tayari kumkwaruza.', NULL);
INSERT INTO `card` (id, type, title, header, content, option) VALUES ('8877_9', 3, NULL, 'assets/topic/asb/8873.png', 'Jirani anageuka haraka na kwenda zake.', NULL);
INSERT INTO `card` (id, type, title, header, content, option) VALUES ('8877_10', 3, NULL, 'assets/topic/asb/8871.png', 'Safi anapohisi njaa, anajua la kufanya.
Anaufunga mlango, kisha anaenda kula.', NULL);
INSERT INTO `card` (id, type, title, header, content, option) VALUES ('8877_11', 3, NULL, 'assets/topic/asb/8872.png', 'Safi anakula kutoka bakuli lake la bluu.
Anakipenda chakula chake sana.', NULL);
INSERT INTO `card` (id, type, title, header, content, option) VALUES ('8877_12', 3, NULL, 'assets/topic/asb/8874.png', 'Akimaliza, anaruka juu ya sofa na kulala.
"Purr! Purr! Purr!"', NULL);
INSERT INTO `card` (id, type, title, header, content, option) VALUES ('8877_13', 3, NULL, 'assets/topic/asb/8876.png', 'Bwana Kio anarudi nyumbani jioni.
Safi anajinyoosha kwa furaha na kumlaki.', NULL);
INSERT INTO `card` (id, type, title, header, content, option) VALUES ('8877_14', 3, NULL, 'assets/topic/asb/8875.png', 'Bwana Kio na Safi wanaketi sebuleni.
Kila mmoja anasoma gazeti.', NULL);
INSERT INTO `card` (id, type, title, header, content, option) VALUES ('8877_15', 3, NULL, NULL, 'You are free to download, copy, translate or adapt this story and use the illustrations as long as you attribute in the following way:
Paka mwerevu
Author -
Ursula Nafula
Illustration -
Catherine Groenewald
Language -
Kiswahili
Level -
First sentences
© African Storybook Initiative 2014
Creative Commons: Attribution 4.0
Source
www.africanstorybook.org', NULL);
INSERT INTO `card` (id, type, title, header, content, option) VALUES ('22065', 2, 'Paka mwerevu na Mbwa mjinga', 'assets/topic/asb/25483.png', 'Brigid Simiyu
Salim Kasamba', 'FFB3C8FF');
INSERT INTO `card` (id, type, title, header, content, option) VALUES ('22065_3', 3, NULL, 'assets/topic/asb/25473.png', 'Hapo kale, kulikuwa na Paka mwerevu na Mbwa mjinga. Paka mwerevu aliishi vizuri katika nyumba ya kifahari.
Mbwa mjinga alihisi njaa mtaani.', NULL);
INSERT INTO `card` (id, type, title, header, content, option) VALUES ('22065_4', 3, NULL, 'assets/topic/asb/25474.png', '"Inawezekanaje familia tajiri kukuruhusu kuishi nyumbani kwao?" Mbwa mjinga alimwuliza  yule Paka mwerevu kwa hasira.', NULL);
INSERT INTO `card` (id, type, title, header, content, option) VALUES ('22065_5', 3, NULL, 'assets/topic/asb/25475.png', 'Paka mwerevu alijibu, "Ninaishi na watu kwa sababu mimi ni nadhifu. Ninajua kuzika kinyesi changu. Nikihitaji chakula, mimi husema, miau."', NULL);
INSERT INTO `card` (id, type, title, header, content, option) VALUES ('22065_6', 3, NULL, 'assets/topic/asb/25476.png', '"Je, mimi pia nikifanya hivyo wataniruhusu niishi
nyumbani kwao?" Mbwa akamwuliza.
Paka akajibu, "Ndiyo, fanya nilivyokueleza na watakuruhusu. Watakupatia chakula vilevile."', NULL);
INSERT INTO `card` (id, type, title, header, content, option) VALUES ('22065_7', 3, NULL, 'assets/topic/asb/25477.png', 'Kabla ya mazungumzo hayo, Mbwa mjinga alikuwa akitaka kumla Paka mwerevu. Baada ya mazungumzao, alisema, "Leo, sitakuumiza."
Paka aliwaza, "Lo! Nimeponea chupuchupu. Sitaki kukutana naye tena."', NULL);
INSERT INTO `card` (id, type, title, header, content, option) VALUES ('22065_8', 3, NULL, 'assets/topic/asb/25478.png', 'Mbwa mjinga alifuata ushauri aliopewa na Paka mwerevu.
Alikwenda nyumbani kwa tajiri akabweka kwa sauti pale mlangoni.', NULL);
INSERT INTO `card` (id, type, title, header, content, option) VALUES ('22065_9', 3, NULL, 'assets/topic/asb/25479.png', 'Mwenye nyumba alitoka akampiga kwa fimbo. "Huyu Paka amenidanganya. Nikimpata, nitamla." Mbwa mjinga alinung''unika.', NULL);
INSERT INTO `card` (id, type, title, header, content, option) VALUES ('22065_10', 3, NULL, 'assets/topic/asb/25480.png', 'Baadaye, Paka mwerevu alipokuwa akicheza nje ya nyumba, Mbwa mjinga alimwambia, "Wakati ule ulinidanganya. Nilibweke mlangoni ulivyonishauri na mwenye nyumba akanipiga. Sasa nitakula."', NULL);
INSERT INTO `card` (id, type, title, header, content, option) VALUES ('22065_11', 3, NULL, 'assets/topic/asb/25481.png', 'Paka mwerevu akamjibu, "Mbwa, nisikize. Ni sawa utanila. Lakini, kwanza niache nicheze. Mimi humuacha panya acheze kwanza ndivyo nimle."', NULL);
INSERT INTO `card` (id, type, title, header, content, option) VALUES ('22065_12', 3, NULL, 'assets/topic/asb/25482.png', 'Mbwa mjinga alimwuliza, "Panya huchezaje?" Paka akamjibu, "Mimi humwuliza ahesabu hadi tatu. Kisha humkamata anapokuwa anahesabu."', NULL);
INSERT INTO `card` (id, type, title, header, content, option) VALUES ('22065_13', 3, NULL, 'assets/topic/asb/25483.png', 'Basi Mbwa mjinga akamwacha Paka mwerevu huru. Kisha akamwambia ahesabu hadi tatu. Paka mwerevu alitoroka akapanda juu ya mti.
Mbwa akamwita Paka mwerevu, "Shuka, rudi hapa uhesabu hadi tatu."', NULL);
INSERT INTO `card` (id, type, title, header, content, option) VALUES ('22065_14', 3, NULL, 'assets/topic/asb/25484.png', 'Paka mwerevu akamjibu, "Sikiza Mbwa, hutawahi kunishika tena. Mimi si mjinga. Unaweza kuhesabu hadi mia moja, elfu au milioni, lakini hutawahi kunipata tena!"', NULL);
INSERT INTO `card` (id, type, title, header, content, option) VALUES ('22065_15', 3, NULL, NULL, 'You are free to download, copy, translate or adapt this story and use the illustrations as long as you attribute in the following way:
Paka mwerevu na Mbwa mjinga
Author -
Solomon Abreha and Teki''a Gebrehiwot
Translation -
Brigid Simiyu
Illustration -
Salim Kasamba
Language -
Kiswahili
Level -
First paragraphs
© African Storybook Initiative 2017
Creative Commons: Attribution 4.0
Source
www.africanstorybook.org', NULL);
INSERT INTO `card` (id, type, title, header, content, option) VALUES ('19402', 2, 'Paka na Panya', 'assets/topic/asb/18908.png', 'Susan Kavaya', 'FF9DEDE3');
INSERT INTO `card` (id, type, title, header, content, option) VALUES ('19402_3', 3, NULL, 'assets/topic/asb/18908.png', 'Hapo zamani za kale, paka na panya walikuwa marafiki. Walifanya kazi na kucheza pamoja. Walioana na kuishi kwa furaha.', NULL);
INSERT INTO `card` (id, type, title, header, content, option) VALUES ('19402_4', 3, NULL, 'assets/topic/asb/18909.png', 'Siku moja, panya walisema kwa hofu, "Baadhi ya jamaa zetu wamepotea." "Sijamwona mjomba kwa muda," mmoja alisema. "Sijamwona shangazi," alisema mwingine. "Dadangu hayuko," alisema wa tatu. "Kakangu yuko wapi?" aliuliza wa nne.', NULL);
INSERT INTO `card` (id, type, title, header, content, option) VALUES ('19402_5', 3, NULL, 'assets/topic/asb/18910.png', 'Panya mmoja mzee alitikisa kichwa chake kwa huzuni. "Marafiki wapendwa, nina habari mbaya." Alisema. "Paka wanatula. Ni lazima tuwe waangalifu. Hivi karibuni watatula sisi sote."', NULL);
INSERT INTO `card` (id, type, title, header, content, option) VALUES ('19402_6', 3, NULL, 'assets/topic/asb/18911.png', 'Panya waliingiwa na woga mwingi. Panya wa kike waliwaambia watoto wao, "Msiende nje. Kuweni waangalifu paka wasije kuwashika."', NULL);
INSERT INTO `card` (id, type, title, header, content, option) VALUES ('19402_7', 3, NULL, 'assets/topic/asb/18912.png', 'Panya wote walikuwa waangalifu sasa. Walikaa katika mashimo yao na wala hawakwenda nje.', NULL);
INSERT INTO `card` (id, type, title, header, content, option) VALUES ('19402_8', 3, NULL, 'assets/topic/asb/18913.png', 'Sasa paka walikuwa na wasi wasi pia. Walisema, "Je,  panya wote wamekwenda wapi? Tunahisi njaa na hatuna chochote cha kula." "Wamejificha," paka mkubwa alisema. "Tunawezaje kuwakamata?"', NULL);
INSERT INTO `card` (id, type, title, header, content, option) VALUES ('19402_9', 3, NULL, 'assets/topic/asb/18932.png', 'Paka mwingine alisema, "Tutawauliza tupange ndoa kati yao nasi. Sherehe ya harusi itawaleta panya pamoja. Nasi tutawashika wote wakati mmoja tuwale!" "Hilo ni wazo zuri sana," paka walisema.', NULL);
INSERT INTO `card` (id, type, title, header, content, option) VALUES ('19402_10', 3, NULL, 'assets/topic/asb/18933.png', 'Basi, paka waliwatuma wazee wao kwenda kuwaona panya. "Tungependa tuwe na ndoa kati ya mmoja wa binti zenu na mmoja wa wavulana wetu." Paka wazee waliwaambia panya.', NULL);
INSERT INTO `card` (id, type, title, header, content, option) VALUES ('19402_11', 3, NULL, 'assets/topic/asb/18934.png', 'Panya walisema, "Hatuwaamini. Mnataka kutula tu." Paka walijibu, "La! Sisi ni waaminifu na wenye mioyo safi. Tunataka tuwe marafiki. Hapo zamani wengine wetu waliwala, lakini hilo halifanyiki tena. Hatutawahi kuwala tena."', NULL);
INSERT INTO `card` (id, type, title, header, content, option) VALUES ('19402_12', 3, NULL, 'assets/topic/asb/18935.png', 'Panya walipowatazama paka, waliona kuwa wote walikuwa wakitabasamu. "Tumekubali ndoa ifanyike kati ya mmoja wa binti zetu na mmoja wa mvulana wenu." Panya walisema.', NULL);
INSERT INTO `card` (id, type, title, header, content, option) VALUES ('19402_13', 3, NULL, 'assets/topic/asb/18936.png', 'Paka walienda nyumbani kwa furaha. "Siku ya harusi itakuwa nzuri sana," walisema huku wakilamba midomo yao.', NULL);
INSERT INTO `card` (id, type, title, header, content, option) VALUES ('19402_14', 3, NULL, 'assets/topic/asb/18937.png', 'Siku ya harusi, panya walikuwa bado na wasi wasi mwingi. "Kaeni karibu na mashimo yenu," waliwaonya wanao. "Tazameni, paka wanakuja. Iwapo watakuwa wazuri kwetu, tutakuwa wazuri kwao. Lakini wakijaribu kutula, tutakuwa tayari kutoroka."', NULL);
INSERT INTO `card` (id, type, title, header, content, option) VALUES ('19402_15', 3, NULL, 'assets/topic/asb/18938.png', 'Paka walitokezea barabarani wakiimba wimbo wa harusi.', NULL);
INSERT INTO `card` (id, type, title, header, content, option) VALUES ('19402_16', 3, NULL, 'assets/topic/asb/18939.png', '"Je, unayasikia maneno ya wimbo huo wanaoimba?" Panya mzee alimwuliza panya mchanga. "Ndiyo," panya mchanga alijibu. Wimbo unasema, "Washikeni muwale wote! Washikeni muwale wote!"', NULL);
INSERT INTO `card` (id, type, title, header, content, option) VALUES ('19402_17', 3, NULL, 'assets/topic/asb/18940.png', '"Basi ni lazima tuimbe pia," alisema panya mzee. Akaanza kuimba, "Kimbieni panya, kimbieni! Kimbieni panya, kimbieni!" Panya wote waliruka ndani ya mashimo yao wakajificha.', NULL);
INSERT INTO `card` (id, type, title, header, content, option) VALUES ('19402_18', 3, NULL, 'assets/topic/asb/18941.png', 'Paka waliwasili wakaulizana, "Je, yuko wapi Bi. Harusi?" Panya mzee alichomoza kichwa chake kutoka shimoni akawajibu. "Tumepata funzo. Maadui zako wakijifanya kuwa marafiki, ni lazima uwe tayari kutoroka."', NULL);
INSERT INTO `card` (id, type, title, header, content, option) VALUES ('19402_19', 3, NULL, NULL, 'You are free to download, copy, translate or adapt this story and use the illustrations as long as you attribute in the following way:
Paka na Panya
Author -
Merga Debelo and Elizabeth Laird
Translation -
Susan Kavaya
Illustration -
Language -
Kiswahili
Level -
First paragraphs
© African Storybook Initiative 2016
Creative Commons: Attribution 4.0
Source
www.africanstorybook.org
Original source
www.ethiopianfolktales.com', NULL);
INSERT INTO `card` (id, type, title, header, content, option) VALUES ('15558', 2, 'Paka wa Selemeng', 'assets/topic/asb/12005.png', 'Brigid Simiyu
 Jesse Breytenbach', 'FFB3C8FF');
INSERT INTO `card` (id, type, title, header, content, option) VALUES ('15558_3', 3, NULL, 'assets/topic/asb/12005.png', 'Selemeng anawapenda paka. Kuna paka wengi nyumbani kwake.', NULL);
INSERT INTO `card` (id, type, title, header, content, option) VALUES ('15558_4', 3, NULL, 'assets/topic/asb/12006.png', 'Selemeng ana paka mmoja mweusi. Paka huyu anakula nyama nyingi.', NULL);
INSERT INTO `card` (id, type, title, header, content, option) VALUES ('15558_5', 3, NULL, 'assets/topic/asb/12007.png', 'Selemeng vilevile ana paka mmoja mnono. Paka huyu hula kila kitu.', NULL);
INSERT INTO `card` (id, type, title, header, content, option) VALUES ('15558_6', 3, NULL, 'assets/topic/asb/12008.png', 'Paka wa tatu, alipanda mtini na akakwama huko.', NULL);
INSERT INTO `card` (id, type, title, header, content, option) VALUES ('15558_7', 3, NULL, 'assets/topic/asb/12028.png', 'Selemeng alimfuata paka akakwama naye mtini. Mamake Selemeng alilazimika kumsaidia kushuka chini.', NULL);
INSERT INTO `card` (id, type, title, header, content, option) VALUES ('15558_8', 3, NULL, 'assets/topic/asb/12009.png', 'Selemeng pia ana paka wawili wavivu. Wanalala nje ya nyumba wakiota jua mchana kutwa.', NULL);
INSERT INTO `card` (id, type, title, header, content, option) VALUES ('15558_9', 3, NULL, 'assets/topic/asb/12019.png', 'Selemeng vilevile, ana paka watatu wanao shughuli nyingi. Usiku wanawashika panya jikoni.', NULL);
INSERT INTO `card` (id, type, title, header, content, option) VALUES ('15558_10', 3, NULL, 'assets/topic/asb/12020.png', 'Selemeng ana mbwa anayeitwa Lirafi. Lirafi ana huzuni kwa sababu hana rafiki.', NULL);
INSERT INTO `card` (id, type, title, header, content, option) VALUES ('15558_11', 3, NULL, 'assets/topic/asb/12021.png', 'Paka wa Selemeng hawampendi Lirafi. Wanapomfukuza, Lirafi anatoroka nyumbani.', NULL);
INSERT INTO `card` (id, type, title, header, content, option) VALUES ('15558_12', 3, NULL, 'assets/topic/asb/12022.png', 'Selemeng anapompata Lirafi, anamrudisha nyumbani. Paka hawfurahi Lirafi anaporejeshwa. Hawataki kumwona tena.', NULL);
INSERT INTO `card` (id, type, title, header, content, option) VALUES ('15558_13', 3, NULL, 'assets/topic/asb/12024.png', 'Selemeng ana paka wangapi?', NULL);
INSERT INTO `card` (id, type, title, header, content, option) VALUES ('15558_14', 3, NULL, 'assets/topic/asb/12023.png', 'Selemeng ana mbwa wangapi? Lirafi yuko wapi sasa?', NULL);
INSERT INTO `card` (id, type, title, header, content, option) VALUES ('15558_15', 3, NULL, NULL, 'Nyumbani kwenu kuna paka wangapi? Je, mna mbwa nyumbani kwenu?', NULL);
INSERT INTO `card` (id, type, title, header, content, option) VALUES ('15558_16', 3, NULL, NULL, 'You are free to download, copy, translate or adapt this story and use the illustrations as long as you attribute in the following way:
Paka wa Selemeng
Author -
Khothatso Ranoosi and Marion Drew
Translation -
Brigid Simiyu
Illustration -
Jesse Breytenbach
Language -
Kiswahili
Level -
First sentences
© African Storybook Initiative 2015
Creative Commons: Attribution-Non Commercial 4.0
Source
www.africanstorybook.org
Original source
http://paleng.weebly.com/', NULL);
INSERT INTO `card` (id, type, title, header, content, option) VALUES ('22083', 2, 'Panya', 'assets/topic/asb/7506.png', 'Brigid Simiyu
Zablon Alex Nguku', 'FF9DEDE3');
INSERT INTO `card` (id, type, title, header, content, option) VALUES ('22083_3', 3, NULL, 'assets/topic/asb/7496.png', 'Hapo zamani za kale, palikuwa na panya wawili.
Mmoja aliishi kichakani.', NULL);
INSERT INTO `card` (id, type, title, header, content, option) VALUES ('22083_4', 3, NULL, 'assets/topic/asb/7497.png', 'Panya yule mwingine aliishi nyumbani.', NULL);
INSERT INTO `card` (id, type, title, header, content, option) VALUES ('22083_5', 3, NULL, 'assets/topic/asb/7498.png', 'Panya aliyeishi nyumbani alimwambia aliyeishi kichakani, "Unakula na kulala vibaya. Sisi tunalala na kula vizuri."', NULL);
INSERT INTO `card` (id, type, title, header, content, option) VALUES ('22083_6', 3, NULL, 'assets/topic/asb/7499.png', '"Njoo ututembelee siku moja ujionee." Panya aliyeishi nyumbani alisema. "Niko tayari kuja usiku wa leo." Panya aliyeishi kichakani alijibu.', NULL);
INSERT INTO `card` (id, type, title, header, content, option) VALUES ('22083_7', 3, NULL, 'assets/topic/asb/7500.png', 'Wakati huo, mwenye nyumba alikuwa amekasirika sana. Alisema, "Hawa panya wanaokula chakula changu wataona!"
Aliweka mtego wa sukari.', NULL);
INSERT INTO `card` (id, type, title, header, content, option) VALUES ('22083_8', 3, NULL, 'assets/topic/asb/7501.png', 'Panya wale wawili waliingia mle nyumbani kula vinono.
Walicheka, "Chuchuchichicheche!"', NULL);
INSERT INTO `card` (id, type, title, header, content, option) VALUES ('22083_9', 3, NULL, 'assets/topic/asb/7502.png', 'Walipoufikia mtego, panya aliyeishi nyumbani alisema, "Hebu nionje hii sukari. Leo utajua vitamu tunavyokula hapa."', NULL);
INSERT INTO `card` (id, type, title, header, content, option) VALUES ('22083_10', 3, NULL, 'assets/topic/asb/7503.png', 'Lakini hata kabla ya panya kuonja sukari, mtego uliteguka, pa! Panya alishikwa shingoni. Macho yake yalivimba kama mbilingani.', NULL);
INSERT INTO `card` (id, type, title, header, content, option) VALUES ('22083_11', 3, NULL, 'assets/topic/asb/7504.png', 'Panya aliyeishi kichakani alitazama tu kwa mshangao.
Alisema, "Rafiki yangu, ni vitamu gani ulivyokula vilivyoyafanya macho yako kuvimba?"', NULL);
INSERT INTO `card` (id, type, title, header, content, option) VALUES ('22083_12', 3, NULL, 'assets/topic/asb/7505.png', 'Lakini, panya aliyeishi nyumbani hakuweza kumjibu.', NULL);
INSERT INTO `card` (id, type, title, header, content, option) VALUES ('22083_13', 3, NULL, 'assets/topic/asb/7505.png', 'Panya aliyeishi kichakani aliondoka pale akisema, "Haa! Sitaweza kuvifurahia hivi vitamu anavyovisifu."', NULL);
INSERT INTO `card` (id, type, title, header, content, option) VALUES ('22083_14', 3, NULL, 'assets/topic/asb/7506.png', 'Heri nyumbani kwako kubaya kuliko kwa jirani kuzuri.', NULL);
INSERT INTO `card` (id, type, title, header, content, option) VALUES ('22083_15', 3, NULL, NULL, 'You are free to download, copy, translate or adapt this story and use the illustrations as long as you attribute in the following way:
Panya
Author -
Nambi  Sseppuuya Community Resource Centre
Translation -
Brigid Simiyu
Illustration -
Zablon Alex Nguku
Language -
Kiswahili
Level -
First sentences
© Text: Ugandan Community Libraries Association (Ugcla; Illusrations: African Storybook Initiative 2014
Creative Commons: Attribution 4.0
Source
www.africanstorybook.org
Original source
http://ugcla.org', NULL);
INSERT INTO `card` (id, type, title, header, content, option) VALUES ('21127', 2, 'Panya na Paka', 'assets/topic/asb/18908.png', 'Brigid Simiyu
Jacob Kono', 'FFF4E1B5');
INSERT INTO `card` (id, type, title, header, content, option) VALUES ('21127_3', 3, NULL, 'assets/topic/asb/18908.png', 'Hapo zamani, paka na panya walikuwa marafiki.', NULL);
INSERT INTO `card` (id, type, title, header, content, option) VALUES ('21127_4', 3, NULL, 'assets/topic/asb/18909.png', 'Panya walianza kupoteza baadhi ya jamaa zao.', NULL);
INSERT INTO `card` (id, type, title, header, content, option) VALUES ('21127_5', 3, NULL, 'assets/topic/asb/18910.png', 'Panya mmoja mzee alisema, "Nadhani paka wanatula."', NULL);
INSERT INTO `card` (id, type, title, header, content, option) VALUES ('21127_6', 3, NULL, 'assets/topic/asb/18911.png', 'Akina mama waliwaambia watoto wao, "Kueni waangalifu. Msiende nje."', NULL);
INSERT INTO `card` (id, type, title, header, content, option) VALUES ('21127_7', 3, NULL, 'assets/topic/asb/18912.png', 'Panya wote walikuwa waangalifu.
Waliketi ndani ya mashimo yao.', NULL);
INSERT INTO `card` (id, type, title, header, content, option) VALUES ('21127_8', 3, NULL, 'assets/topic/asb/18913.png', 'Paka walianza kuwa na njaa.
Waliuliza, "Panya wako wapi?"', NULL);
INSERT INTO `card` (id, type, title, header, content, option) VALUES ('21127_9', 3, NULL, 'assets/topic/asb/18932.png', 'Paka waliwatembelea panya.
Walitaka kupanga harusi kati yao.', NULL);
INSERT INTO `card` (id, type, title, header, content, option) VALUES ('21127_10', 3, NULL, 'assets/topic/asb/18933.png', 'Walisema, "Tungependa binti wenu mmoja aolewe kwa mvulana wetu."', NULL);
INSERT INTO `card` (id, type, title, header, content, option) VALUES ('21127_11', 3, NULL, 'assets/topic/asb/18934.png', 'Panya waliwaambia paka, "Mnadanganya. Mnataka kutula."', NULL);
INSERT INTO `card` (id, type, title, header, content, option) VALUES ('21127_12', 3, NULL, 'assets/topic/asb/18935.png', 'Mwishowe, walikubali kuwa na harusi kati ya wanao.', NULL);
INSERT INTO `card` (id, type, title, header, content, option) VALUES ('21127_13', 3, NULL, 'assets/topic/asb/18936.png', 'Paka walirudi nyumbani kwa furaha.
Walilamba midomo yao.', NULL);
INSERT INTO `card` (id, type, title, header, content, option) VALUES ('21127_14', 3, NULL, 'assets/topic/asb/18937.png', 'Siku ya harusi, panya walikuwa waangalifu sana.', NULL);
INSERT INTO `card` (id, type, title, header, content, option) VALUES ('21127_15', 3, NULL, 'assets/topic/asb/18938.png', 'Paka waliwasili wakiimba wimbo wa harusi.', NULL);
INSERT INTO `card` (id, type, title, header, content, option) VALUES ('21127_16', 3, NULL, 'assets/topic/asb/18939.png', 'Wimbo ulisema, "Washikeni muwale."', NULL);
INSERT INTO `card` (id, type, title, header, content, option) VALUES ('21127_17', 3, NULL, 'assets/topic/asb/18940.png', 'Panya mzee alianza kuimba, "Kimbieni, panya, kimbieni."', NULL);
INSERT INTO `card` (id, type, title, header, content, option) VALUES ('21127_18', 3, NULL, 'assets/topic/asb/18941.png', 'Panya mzee aliwaambia paka, "Sisi nanyi si marafiki."', NULL);
INSERT INTO `card` (id, type, title, header, content, option) VALUES ('21127_19', 3, NULL, NULL, 'You are free to download, copy, translate or adapt this story and use the illustrations as long as you attribute in the following way:
Panya na Paka
Author -
Merga Debelo and Elizabeth Laird
Translation -
Brigid Simiyu
Illustration -
Jacob Kono
Language -
Kiswahili
Level -
First words
© African Storybook Initiative 2016
Creative Commons: Attribution 4.0
Source
www.africanstorybook.org
Original source
www.ethiopianfolktales.com', NULL);
INSERT INTO `card` (id, type, title, header, content, option) VALUES ('31418', 2, 'Petro na mbwa wake', 'assets/topic/asb/25201.png', 'Ursula  Nafula
Brian Wambi', 'FFCFB5DD');
INSERT INTO `card` (id, type, title, header, content, option) VALUES ('31418_3', 3, NULL, 'assets/topic/asb/25198.png', 'Hapo zamani, kulikuwa na mvulana kwa jina Petro. Alikuwa mwanafunzi mwerevu aliyeibuka wa kwanza darasani. Wazazi wake walijivunia kazi yake nzuri. Lakini, Petro alitamani kuwa na kaka, dada au hata kipenzi cha kucheza naye.', NULL);
INSERT INTO `card` (id, type, title, header, content, option) VALUES ('31418_4', 3, NULL, 'assets/topic/asb/25199.png', 'Siku moja, Petro alimwuliza mama, "Ninaweza kwenda nje kucheza? Nimekuwa nikisoma wakati huu wote. Ningependa sasa niende nicheze na marafiki zangu." Mamake alimjibu, "Ni sawa! Nenda, lakini usichelewe!"', NULL);
INSERT INTO `card` (id, type, title, header, content, option) VALUES ('31418_5', 3, NULL, 'assets/topic/asb/25200.png', 'Alipokuwa akienda uwanjani, Petro aliona jambo lisilokuwa la kawaida. Alimwona mbwa mdogo mwenye madoadoa. Mbwa huyo alikuwa amekwama shimoni na alikuwa ameogopa. "Usiwe na wasiwasi, sitakuumiza. Nitakusaidia," Petro alimwambia.', NULL);
INSERT INTO `card` (id, type, title, header, content, option) VALUES ('31418_6', 3, NULL, 'assets/topic/asb/25201.png', 'Petro alimtoa mbwa yule shimoni. Mbwa alibweka kwa furaha, akacheza cheza na kumlamba Petro. "Utakuwa mbwa wangu," Petro alisema kwa furaha.', NULL);
INSERT INTO `card` (id, type, title, header, content, option) VALUES ('31418_7', 3, NULL, 'assets/topic/asb/25197.png', 'Mbwa alikimbia akaenda mbali na Petro. Marafiki za Petro walipomwona mbwa akiwakaribia, walisema, "Mbwa huyu anaweza kutuuma." Walimpiga kwa mawe. Petro alipowaona, alikimbia akiwapigia kelele waache kufanya hivyo.', NULL);
INSERT INTO `card` (id, type, title, header, content, option) VALUES ('31418_8', 3, NULL, 'assets/topic/asb/25202.png', 'Marafiki wale hawakumsikia Petro. Mbwa alikimbia haraka alivyoweza ili kuyaokoa maisha yake. Alijificha ili wavulana wale waliokuwa wakimfukuza wasimwone. Hawakumpata.', NULL);
INSERT INTO `card` (id, type, title, header, content, option) VALUES ('31418_9', 3, NULL, 'assets/topic/asb/25203.png', 'Marafiki wa Petro walirudi uwanjani na kumkuta Petro akiwa analia. "Kuna nini?" mmoja wao aliuliza. "Mlimfukuza mbwa wangu!" Petro alieleza. Walishangaa na kusema, "Hatukujua kwamba yule alikuwa mbwa wako. Tunakuomba radhi. Twende tumtafute."', NULL);
INSERT INTO `card` (id, type, title, header, content, option) VALUES ('31418_10', 3, NULL, 'assets/topic/asb/25204.png', '"Hakuna maana ya kufanya hivyo. Hatutawahi kumpata," Petro alisema kwa huzuni. "Ndiyo, tutampta. Amka twende, tutampata mbwa wako. Tusipoteze matumaini," marafiki zake walimfariji.', NULL);
INSERT INTO `card` (id, type, title, header, content, option) VALUES ('31418_11', 3, NULL, 'assets/topic/asb/25205.png', 'Petro na marafiki zake walimtafuta mbwa kwa muda mrefu hadi wakachoka. Hatimaye, Petro alisema, "Kuna sehemu moja ambapo anaweza kuwa amejificha. Tusipompata huko, sitamtafuta tena. Twendeni mtoni."', NULL);
INSERT INTO `card` (id, type, title, header, content, option) VALUES ('31418_12', 3, NULL, 'assets/topic/asb/25206.png', 'Mbwa alipowaona wavulana wakija, aliogopa tena. Aljaribu kuvuka mto lakini vilevile aliyaogopa maji. Alikuwa karibu kuruka majini, wakati Petro alisema, "Acha, usiruke!"', NULL);
INSERT INTO `card` (id, type, title, header, content, option) VALUES ('31418_13', 3, NULL, 'assets/topic/asb/25207.png', 'Mbwa alipogeuka na kumwona Petro, alimkimbilia. Petro alimkubatia mbwa wake naye mbwa akamlamba usoni. "Rafiki yangu! Nilidhani kwamba umepotea kabisa!" Petro alilia.', NULL);
INSERT INTO `card` (id, type, title, header, content, option) VALUES ('31418_14', 3, NULL, 'assets/topic/asb/25208.png', 'Walipokuwa uwanjani, Petro aliwashauri marafiki zake. "Kabla ya kuamua kutenda jambo, tafadhali fikirieni kinachoweza kutokea. Mnaweza kuwaumiza wenzenu." Marafiki zake waliwaza juu ya maneno yake kisha wakasema, "Tusamehe. Mbwa huyu atakuwa rafiki yetu pia."', NULL);
INSERT INTO `card` (id, type, title, header, content, option) VALUES ('31418_15', 3, NULL, NULL, 'You are free to download, copy, translate or adapt this story and use the illustrations as long as you attribute in the following way:
Petro na mbwa wake
Author -
Bethelihem Waltenegus
Translation -
Ursula  Nafula
Illustration -
Brian Wambi
Language -
Kiswahili
Level -
Longer paragraphs
© African Storybook Initiative 2017
Creative Commons: Attribution 4.0
Source
www.africanstorybook.org', NULL);
INSERT INTO `card` (id, type, title, header, content, option) VALUES ('21809', 2, 'Petros ampata rafiki', 'assets/topic/asb/25201.png', 'Ursula Nafula
Brian Wambi', 'FF9DEDE3');
INSERT INTO `card` (id, type, title, header, content, option) VALUES ('21809_3', 3, NULL, 'assets/topic/asb/25198.png', 'Petros alikuwa mtoto wa pekee.
Alikuwa mwanafunzi mwerevu.', NULL);
INSERT INTO `card` (id, type, title, header, content, option) VALUES ('21809_4', 3, NULL, 'assets/topic/asb/25199.png', 'Siku moja, Petros alipata ruhusa ya kwenda kucheza na marafiki zake.', NULL);
INSERT INTO `card` (id, type, title, header, content, option) VALUES ('21809_5', 3, NULL, 'assets/topic/asb/25200.png', 'Alimuona mbwa akiwa amekwama shimoni.
Petros alisema, "Nitakusaidia."', NULL);
INSERT INTO `card` (id, type, title, header, content, option) VALUES ('21809_6', 3, NULL, 'assets/topic/asb/25201.png', 'Mbwa alibweka, akacheza na kumlamba Petros kwa furaha.', NULL);
INSERT INTO `card` (id, type, title, header, content, option) VALUES ('21809_7', 3, NULL, 'assets/topic/asb/25197.png', 'Marafiki za Petros walimfukuza mbwa huyo.
Petros alisema, "Acha! Acha!"', NULL);
INSERT INTO `card` (id, type, title, header, content, option) VALUES ('21809_8', 3, NULL, 'assets/topic/asb/25202.png', 'Mbwa aliwaogopa wale wavulana akajificha.', NULL);
INSERT INTO `card` (id, type, title, header, content, option) VALUES ('21809_9', 3, NULL, 'assets/topic/asb/25203.png', 'Marafiki za Petros walimkuta akilia.
Walimwambia, "Tutamtafuta mbwa wako."', NULL);
INSERT INTO `card` (id, type, title, header, content, option) VALUES ('21809_10', 3, NULL, 'assets/topic/asb/25204.png', 'Petros hakuwa na matumaini.
"Tutampata." Marafiki zake wakasema.', NULL);
INSERT INTO `card` (id, type, title, header, content, option) VALUES ('21809_11', 3, NULL, 'assets/topic/asb/25205.png', 'Walimtafuta kila mahali.
Petros alisema, "Anaweza kuwa karibu na mto."', NULL);
INSERT INTO `card` (id, type, title, header, content, option) VALUES ('21809_12', 3, NULL, 'assets/topic/asb/25206.png', 'Mbwa alipowaona, alitaka kuruka mtoni.
Petros alimsihi, "Usiruke majini!"', NULL);
INSERT INTO `card` (id, type, title, header, content, option) VALUES ('21809_13', 3, NULL, 'assets/topic/asb/25207.png', 'Mbwa alimkimbilia Petros.
Walifurahi pamoja.', NULL);
INSERT INTO `card` (id, type, title, header, content, option) VALUES ('21809_14', 3, NULL, 'assets/topic/asb/25208.png', 'Marafiki za Petros walimwambia, "Tusamehe. Atakuwa rafiki yetu pia."', NULL);
INSERT INTO `card` (id, type, title, header, content, option) VALUES ('21809_15', 3, NULL, NULL, 'You are free to download, copy, translate or adapt this story and use the illustrations as long as you attribute in the following way:
Petros ampata rafiki
Author -
Bethelihem Waltenegus
Translation -
Ursula Nafula
Illustration -
Brian Wambi
Language -
Kiswahili
Level -
First words
© African Storybook Initiative 2017
Creative Commons: Attribution 4.0
Source
www.africanstorybook.org', NULL);
INSERT INTO `card` (id, type, title, header, content, option) VALUES ('29688', 2, 'Punda', 'assets/topic/asb/26642.png', 'Kutafsiri Biblia Mara
Marleen Visser', 'FF9DEDE3');
INSERT INTO `card` (id, type, title, header, content, option) VALUES ('29688_3', 3, NULL, 'assets/topic/asb/26643.png', 'Mbwa', NULL);
INSERT INTO `card` (id, type, title, header, content, option) VALUES ('29688_4', 3, NULL, 'assets/topic/asb/26644.png', 'Bata', NULL);
INSERT INTO `card` (id, type, title, header, content, option) VALUES ('29688_5', 3, NULL, 'assets/topic/asb/26645.png', 'Ng''ombe', NULL);
INSERT INTO `card` (id, type, title, header, content, option) VALUES ('29688_6', 3, NULL, 'assets/topic/asb/26642.png', 'Punda', NULL);
INSERT INTO `card` (id, type, title, header, content, option) VALUES ('29688_7', 3, NULL, 'assets/topic/asb/26647.png', 'Panya', NULL);
INSERT INTO `card` (id, type, title, header, content, option) VALUES ('29688_8', 3, NULL, 'assets/topic/asb/26648.png', 'Paka', NULL);
INSERT INTO `card` (id, type, title, header, content, option) VALUES ('29688_9', 3, NULL, 'assets/topic/asb/26649.png', 'Kondoo', NULL);
INSERT INTO `card` (id, type, title, header, content, option) VALUES ('29688_10', 3, NULL, 'assets/topic/asb/26687.png', 'Mbuzi', NULL);
INSERT INTO `card` (id, type, title, header, content, option) VALUES ('29688_11', 3, NULL, 'assets/topic/asb/26652.png', 'Nguruwe', NULL);
INSERT INTO `card` (id, type, title, header, content, option) VALUES ('29688_12', 3, NULL, 'assets/topic/asb/26651.png', 'Kuku', NULL);
INSERT INTO `card` (id, type, title, header, content, option) VALUES ('29688_14', 3, NULL, NULL, 'You are free to download, copy, translate or adapt this story and use the illustrations as long as you attribute in the following way:
Punda
Author -
Little Zebra Books
Translation -
Kutafsiri Biblia Mara
Illustration -
Marleen Visser
Language -
Kiswahili
Level -
First words
© African Storybook Initiative 2018
Creative Commons: Attribution 4.0
Source
www.africanstorybook.org', NULL);
INSERT INTO `card` (id, type, title, header, content, option) VALUES ('24422', 2, 'rafiki bora zaidi', 'assets/topic/asb/25842.png', 'Angela Mbalu
Wiehan de Jager, Idowu Abayomi Oluwasegun, Andrews Opoku Antwi, Michelangelo Quaye Anang and Rob Owen', 'FFF4E1B5');
INSERT INTO `card` (id, type, title, header, content, option) VALUES ('24422_3', 3, NULL, 'assets/topic/asb/1497.png', 'Mara moja kwa wakati, kulikuwa na marafiki tatu bora; Jude, Becky na Rachael.', NULL);
INSERT INTO `card` (id, type, title, header, content, option) VALUES ('24422_4', 3, NULL, 'assets/topic/asb/19328.png', 'Daima walifanya kazi zao za nyumbani pamoja; kwa kweli walikwenda nyumbani kwa kila mmoja na kusaidiana.', NULL);
INSERT INTO `card` (id, type, title, header, content, option) VALUES ('24422_5', 3, NULL, 'assets/topic/asb/19336.png', 'Wazazi wao walifurahia sana.
Kila wakati walipomaliza kazi zao, waliwapa vyakula vyema kama chakula bora, matunda, biskuti na vitu vingine vyema.', NULL);
INSERT INTO `card` (id, type, title, header, content, option) VALUES ('24422_6', 3, NULL, 'assets/topic/asb/13497.png', 'Siku moja, walikwenda kisima, na walikaa muda mrefu sana huko. Walisahau kuwa ilikuwa ni kuchelewa. Michezo waliyocheza walikuwa tu nzuri kuwasaidia kukumbuka kwamba walipaswa kwenda nyumbani.', NULL);
INSERT INTO `card` (id, type, title, header, content, option) VALUES ('24422_7', 3, NULL, NULL, 'Wao hata wamesahau juu ya onyo walilopewa juu ya kile kilichotokea wakati mtu alipokwisha kuchelewa vizuri. Je! Unaweza kufikiria nini onyo hilo lilikuwa?', NULL);
INSERT INTO `card` (id, type, title, header, content, option) VALUES ('24422_8', 3, NULL, NULL, 'Ni tu wakati watu walianza kuondoka vizuri moja kwa moja, wakakumbuka kwamba ilikuwa ni kuchelewa na walihitaji kwenda nyumbani pia.', NULL);
INSERT INTO `card` (id, type, title, header, content, option) VALUES ('24422_9', 3, NULL, 'assets/topic/asb/931.png', 'Hata hivyo, wakati wa safari zao nyumbani, nyasi ziliwafunika!', NULL);
INSERT INTO `card` (id, type, title, header, content, option) VALUES ('24422_10', 3, NULL, NULL, 'Walipokuwa bado wanajitahidi kwenda nje, waliwafunga kabisa! Na wao kabisa kutoweka!
Wazazi wao waliwaangalia bila bure. Wote walikusanyika pamoja katika baraza la jiji la kijiji  na walitafuta msaada. Wengi wa wanakijiji waliwasaidia kutafuta watoto waliokufa, lakini utafutaji wao ulikuwa bure.', NULL);
INSERT INTO `card` (id, type, title, header, content, option) VALUES ('24422_11', 3, NULL, 'assets/topic/asb/25390.png', 'Mapema asubuhi, mmoja wa wanawake wa kijiji akaenda kwenye kisima ili alichele maji.
Alishtuka kupata watoto waliokufa wakijitahidi kupata nje ya majani.', NULL);
INSERT INTO `card` (id, type, title, header, content, option) VALUES ('24422_12', 3, NULL, 'assets/topic/asb/26427.png', 'Aliwasaidia kuondoka kwenye majani yaliyotajwa. Na mara moja wakawapeleka kwenye baraza la kijiji. Na kila mtu alikuwa na furaha ya kuwaona.
Waliwaambia kila kitu kilichowafanyia. Na hii ilikuwa somo kwa kila mtu kujifunza. Ikiwa ni pamoja na watu wazima.', NULL);
INSERT INTO `card` (id, type, title, header, content, option) VALUES ('24422_13', 3, NULL, NULL, 'You are free to download, copy, translate or adapt this story and use the illustrations as long as you attribute in the following way:
rafiki bora zaidi
Author -
Catherine  Amia
Translation -
Angela Mbalu
Illustration -
Wiehan de Jager, Idowu Abayomi Oluwasegun, Andrews Opoku Antwi, Michelangelo Quaye Anang and Rob Owen
Language -
Kiswahili
Level -
First paragraphs
© African Storybook Initiative 2018
Creative Commons: Attribution 4.0
Source
www.africanstorybook.org', NULL);
INSERT INTO `card` (id, type, title, header, content, option) VALUES ('9527', 2, 'Rafiki ninayemkosa', 'assets/topic/asb/8658.png', 'Ursula Nafula
 Catherine Groenewald, Rijuta Ghate and Benjamin Mitchley', 'FFF4E1B5');
INSERT INTO `card` (id, type, title, header, content, option) VALUES ('9527_3', 3, NULL, 'assets/topic/asb/2444.png', 'Nilipoamka asubuhi,  nilikula kifungua kinywa.', NULL);
INSERT INTO `card` (id, type, title, header, content, option) VALUES ('9527_4', 3, NULL, 'assets/topic/asb/2450.png', 'Nilikimbia kwenda kukutana na rafiki yangu Muthoni.', NULL);
INSERT INTO `card` (id, type, title, header, content, option) VALUES ('9527_5', 3, NULL, 'assets/topic/asb/2452.png', 'Pindi nilipompata Muthoni,  tulisahau kila kitu.', NULL);
INSERT INTO `card` (id, type, title, header, content, option) VALUES ('9527_6', 3, NULL, 'assets/topic/asb/1191.png', 'Mimi na Muthoni tulicheza michezo tofauti karibu na nyumba.', NULL);
INSERT INTO `card` (id, type, title, header, content, option) VALUES ('9527_7', 3, NULL, NULL, 'Tulifanya kila kitu pamoja.', NULL);
INSERT INTO `card` (id, type, title, header, content, option) VALUES ('9527_8', 3, NULL, 'assets/topic/asb/1514.png', 'Tulikubaliana kufanya bidii katika masomo yetu na kufuzu vyema.', NULL);
INSERT INTO `card` (id, type, title, header, content, option) VALUES ('9527_9', 3, NULL, 'assets/topic/asb/1517.png', 'Lakini siku moja,  Muthoni hakufika shuleni.  Nilimsubiri lakini,  hakufika.', NULL);
INSERT INTO `card` (id, type, title, header, content, option) VALUES ('9527_10', 3, NULL, 'assets/topic/asb/2481.png', 'Siku ile niliporudi nyumbani,  nilimwambia mama kwamba Muthoni hakuja shuleni siku hiyo.', NULL);
INSERT INTO `card` (id, type, title, header, content, option) VALUES ('9527_11', 3, NULL, 'assets/topic/asb/8666.png', 'Niliendelea na masomo yangu lakini nilimkosa Muthoni sana.', NULL);
INSERT INTO `card` (id, type, title, header, content, option) VALUES ('9527_12', 3, NULL, 'assets/topic/asb/8641.png', 'Nilimtafuta Muthoni kila mahali.', NULL);
INSERT INTO `card` (id, type, title, header, content, option) VALUES ('9527_13', 3, NULL, 'assets/topic/asb/1812.png', 'Sasa nimekuwa msichana mkubwa lakini ninamkosa rafiki yangu Muthoni.', NULL);
INSERT INTO `card` (id, type, title, header, content, option) VALUES ('9527_14', 3, NULL, NULL, 'You are free to download, copy, translate or adapt this story and use the illustrations as long as you attribute in the following way:
Rafiki ninayemkosa
Author -
Ursula Nafula
Translation -
Ursula Nafula
Illustration -
Catherine Groenewald, Rijuta Ghate and Benjamin Mitchley
Language -
Kiswahili
Level -
First sentences
© African Storybook Initiative 2014
Creative Commons: Attribution 4.0
Source
www.africanstorybook.org', NULL);
INSERT INTO `card` (id, type, title, header, content, option) VALUES ('31547', 2, 'Rafiki ya Atieno', 'assets/topic/asb/26422.png', 'Ursula  Nafula
Idowu Abayomi Oluwasegun', 'FFB3C8FF');
INSERT INTO `card` (id, type, title, header, content, option) VALUES ('31547_3', 3, NULL, 'assets/topic/asb/26422.png', 'Kuliishi msichana mdogo katika kijiji kimoja karibu na ziwa.
Aliitwa Atieno.', NULL);
INSERT INTO `card` (id, type, title, header, content, option) VALUES ('31547_4', 3, NULL, 'assets/topic/asb/26423.png', 'Babake Atieno alikuwa mvuvi mashuhuri. Alikuwa na mtumbwi wake wa kuvua samaki.
Atieno alifurahi kwenda kuvua samaki na babake.', NULL);
INSERT INTO `card` (id, type, title, header, content, option) VALUES ('31547_5', 3, NULL, 'assets/topic/asb/26424.png', 'Atieno aliwatazama wavulana wakicheza mpira wa miguu.
"Hebu nicheze nanyi," aliwashihi siku moja.
Wavulana wale walimcheka, "Nenda ukacheze kidalipo na wasichana wenzako."', NULL);
INSERT INTO `card` (id, type, title, header, content, option) VALUES ('31547_6', 3, NULL, 'assets/topic/asb/26425.png', 'Wasichana nao walimwambia Atieno, "Miguu yako ni mirefu mno." Atieno alihuzunika.
Atieno alianza kulichezea jua kila asubuhi.
Jua likawa rafiki yake.', NULL);
INSERT INTO `card` (id, type, title, header, content, option) VALUES ('31547_7', 3, NULL, 'assets/topic/asb/26426.png', 'Siku moja, jua halikuchomoza. Jogoo hawakuwika, ndege hawakuimba na watoto hawakwenda shuleni. Hata babake hakwenda kuvua samaki.
Atieno alihuzunika. "Wapi rafiki yangu jua? Kwa nini leo kuna giza?"', NULL);
INSERT INTO `card` (id, type, title, header, content, option) VALUES ('31547_8', 3, NULL, 'assets/topic/asb/26427.png', 'Atieno alienda kuwaambia watoto wengine namna alivyohuzunika. Lakini, walimcheka, "Labda jua limefariki. Au pengine limekutoroka."
Atieno aliwajibu, "Jua ni rafiki yangu. Haliwezi kufa."', NULL);
INSERT INTO `card` (id, type, title, header, content, option) VALUES ('31547_9', 3, NULL, 'assets/topic/asb/26428.png', 'Atieno alihuzunika sana hata akakimbia kwenda nyumbani. Aliugonga mpira wa kakake kwa makosa nao ulikigonga kibuyu cha mafuta.', NULL);
INSERT INTO `card` (id, type, title, header, content, option) VALUES ('31547_10', 3, NULL, 'assets/topic/asb/26429.png', 'Atieno aliwaza, "Nitaucheza mpira huu hadi rafiki yangu jua litakaporudi."
Aliuchukua mpira na kukimbia nao nje.', NULL);
INSERT INTO `card` (id, type, title, header, content, option) VALUES ('31547_11', 3, NULL, 'assets/topic/asb/26430.png', 'Atieno alipofika nje, aliuweka mpira chini akawaza, "Ninaweza kucheza kama wao wanavyocheza."
Aliugonga mpira kwa nguvu ukaruka juu angani.', NULL);
INSERT INTO `card` (id, type, title, header, content, option) VALUES ('31547_12', 3, NULL, 'assets/topic/asb/26431.png', 'Kila mmoja akitazama juu, mpira ulitokomea kwenye mawingu mazito.
Kulikuwa na kimya kikubwa.', NULL);
INSERT INTO `card` (id, type, title, header, content, option) VALUES ('31547_13', 3, NULL, 'assets/topic/asb/26432.png', 'Ghafla, mawingu yaliyokuwa mazito yalipungua na jua likatokezea. Kijiji hicho kikawa hai tena.
Kila mmoja akajitayarisha kufanya kazi aliyozoea kufanya.', NULL);
INSERT INTO `card` (id, type, title, header, content, option) VALUES ('31547_14', 3, NULL, 'assets/topic/asb/26433.png', 'Atieno hakuweza kuamini kwamba alikuwa amelirejesha jua kijijini. Lakini zaidi ya yote, jua lilikuwa limerudi maishani mwake.
Aliwaeleza watoto, "Rafiki yangu, jua, limerudi."', NULL);
INSERT INTO `card` (id, type, title, header, content, option) VALUES ('31547_15', 3, NULL, NULL, 'You are free to download, copy, translate or adapt this story and use the illustrations as long as you attribute in the following way:
Rafiki ya Atieno
Author -
Aisha  Nelson
Translation -
Ursula  Nafula
Illustration -
Idowu Abayomi Oluwasegun
Language -
Kiswahili
Level -
First paragraphs
© African Storybook Initiative 2018
Creative Commons: Attribution 4.0
Source
www.africanstorybook.org', NULL);
INSERT INTO `card` (id, type, title, header, content, option) VALUES ('6718', 2, 'Rafiki yangu Koko', 'assets/topic/asb/2485.png', 'Ursula Nafula
 Ursula Nafula', 'FFB3C8FF');
INSERT INTO `card` (id, type, title, header, content, option) VALUES ('6718_3', 3, NULL, 'assets/topic/asb/2486.png', 'Nilipokuwa wa umri wa miaka mitano, mjombangu alinipa zawadi ya ajabu sana. Alinipa mbwa mdogo wa wiki tatu! Siku mjomba aliniletea mbwa huyo,  nilifurahi sana. Nilijua kuwa nilikuwa nimempata rafiki.', NULL);
INSERT INTO `card` (id, type, title, header, content, option) VALUES ('6718_4', 3, NULL, 'assets/topic/asb/2487.png', 'Nilipomweka chini, mjomba alinigeukia na kuniuliza,  "Utamwitaje?" Nilimwangalia mbwa wangu kisha nikasema, "Ataitwa KoKo." Mjombangu alishangaa sana akaniuliza, "Mbona unamwita Koko?" Nilimjibu,  "Kwa sababu rangi yake ni kama kakao."', NULL);
INSERT INTO `card` (id, type, title, header, content, option) VALUES ('6718_5', 3, NULL, 'assets/topic/asb/2488.png', 'Nilimwuliza mjomba iwapo Koko alizaliwa peke yake. Mjomba alisema kwamba alikua na nduguye aliyemfanana kabisa. Nilienda kumwona nduguye Koko.', NULL);
INSERT INTO `card` (id, type, title, header, content, option) VALUES ('6718_6', 3, NULL, 'assets/topic/asb/2485.png', 'Koko alipomwona nduguye, alichangamka sana. Wawili hao waliweka vichwa vyao pamoja kama waliokuwa wakiongea.', NULL);
INSERT INTO `card` (id, type, title, header, content, option) VALUES ('6718_7', 3, NULL, 'assets/topic/asb/2491.png', 'Nilimwuliza mjombangu kama ningeishi na Koko na nduguye. Mjomba alikimya kidogo kisha akasema,  "Ni sawa wewe kuwaweka wote wawili." Hata hivyo,  alisema, "Lakini lazima uwalinde vizuri." Kwa hivyo kila jioni, nilicheza nao na kuwafanyisha mazoezi.', NULL);
INSERT INTO `card` (id, type, title, header, content, option) VALUES ('6718_8', 3, NULL, 'assets/topic/asb/2490.png', 'Miezi michache baadaye, Koko na nduguye walikuwa wamekua wakubwa. Walikuwa wenye nguvu na afya. Nami singeweza kuwachunga peke yangu tena.', NULL);
INSERT INTO `card` (id, type, title, header, content, option) VALUES ('6718_9', 3, NULL, 'assets/topic/asb/2492.png', 'Nilimwuliza mjombangu kumrudisha nduguye Koko kwake. Koko alipoachwa peke yake, alihuzunika mno. Alionekana kama ananiuliza, "Kwa nini ulifanya hivyo?"', NULL);
INSERT INTO `card` (id, type, title, header, content, option) VALUES ('6718_10', 3, NULL, 'assets/topic/asb/2489.png', 'Koko alikoma kucheza. Wakati mwingine alikataa kwenda nami matembezini akipendelea tu kulala nje ya nyumba yetu. Wakati mwingine alikula chakula kidogo sana. Nilikuwa na wasiwasi. Nilijiuliza vipi ningeweza kumsaidia Koko?', NULL);
INSERT INTO `card` (id, type, title, header, content, option) VALUES ('6718_11', 3, NULL, NULL, 'Siku moja mjombangu alitutembelea. Niliposikia sauti yake, nilifanya haraka kwenda nje. Kabla ya kumwona,  nilisikia mbwa wakibweka.', NULL);
INSERT INTO `card` (id, type, title, header, content, option) VALUES ('6718_12', 3, NULL, 'assets/topic/asb/2493.png', 'Nyuma ya jikoni, Koko na nduguye walikuwa wakicheza!', NULL);
INSERT INTO `card` (id, type, title, header, content, option) VALUES ('6718_13', 3, NULL, 'assets/topic/asb/2494.png', 'Nilifurahi sana hadi sikujua nimkumbatie nani kwanza, Koko au mjombangu. Nilijua kwamba Koko angerejelea ile hali yake ya kwaida. Tungeanza tena kufanya mazoezi pamoja!', NULL);
INSERT INTO `card` (id, type, title, header, content, option) VALUES ('6718_14', 3, NULL, NULL, 'You are free to download, copy, translate or adapt this story and use the illustrations as long as you attribute in the following way:
Rafiki yangu Koko
Author -
Ursula Nafula
Translation -
Ursula Nafula
Illustration -
Ursula Nafula
Language -
Kiswahili
Level -
First paragraphs
© African Storybook Initiative 2014
Creative Commons: Attribution 4.0
Source
www.africanstorybook.org', NULL);
INSERT INTO `card` (id, type, title, header, content, option) VALUES ('22078', 2, 'Rafiki yangu, Adui  yangu', 'assets/topic/asb/25536.png', 'Brigid Simiyu
Thulani Mhlanga', 'FFB3C8FF');
INSERT INTO `card` (id, type, title, header, content, option) VALUES ('22078_3', 3, NULL, 'assets/topic/asb/25535.png', 'Katika mtaa wa Mfalele, kulikuwa na mvulana aliyeitwa Bobo. Aliishi na wazazi wake.', NULL);
INSERT INTO `card` (id, type, title, header, content, option) VALUES ('22078_4', 3, NULL, 'assets/topic/asb/25536.png', 'Bobo aliwaheshimu wazazi wake na watu wote mtaani kwao.', NULL);
INSERT INTO `card` (id, type, title, header, content, option) VALUES ('22078_5', 3, NULL, 'assets/topic/asb/25537.png', 'Jumatatu ni siku inayokuwa na shughuli nyingi pale mtaani. Watoto hujitayarisha kurudi shuleni baada ya wikendi.
Siku moja Bobo alipokuwa njiani kwenda shule, alikutana na rafikiye, Jeuri.', NULL);
INSERT INTO `card` (id, type, title, header, content, option) VALUES ('22078_6', 3, NULL, 'assets/topic/asb/25538.png', 'Jeuri alipenda kupigana na kuwachokoza wengine. Mara nyingi alikosa kuhudhuria shule. Alikuwa mvulana mtundu aliyecheza Kamari na kuandamana na watu wengine waovu.
Jeuri alimshawishi Bobo. Bobo hakupenda kuachwa na wavulana wengine. Polepole, alianza kuwa na tabia mbaya kama Jeuri.', NULL);
INSERT INTO `card` (id, type, title, header, content, option) VALUES ('22078_7', 3, NULL, 'assets/topic/asb/25539.png', 'Bobo alianza kuwachokoza watu. Pia, hakuwaheshimu wazazi wake na watu wengine.
Alianza kulewa akashindwa kujitunza.', NULL);
INSERT INTO `card` (id, type, title, header, content, option) VALUES ('22078_8', 3, NULL, 'assets/topic/asb/25540.png', 'Bobo hakuyajali maisha yake. Aliambukizwa ugonjwa wa zinaa. Alipoanza kukonda, Jeuri alimfanya mzaha na kuukatiza urafiki wao.
Wazazi wa Bobo walimhimiza aitembelea kliniki iliyokuwa karibu apate matibabu. Alitibiwa na akapata nafuu.', NULL);
INSERT INTO `card` (id, type, title, header, content, option) VALUES ('22078_9', 3, NULL, 'assets/topic/asb/25541.png', 'Bobo alitafakari juu ya maisha yake akaamua kubadilika. Aligundua kwamba alikuwa amefanya urafiki na adui.
Alianza kutia bidii masomoni na kuwaomba msamaha wazazi wake na walimu.', NULL);
INSERT INTO `card` (id, type, title, header, content, option) VALUES ('22078_10', 3, NULL, 'assets/topic/asb/25542.png', 'Mwanzoni, Jeuri alikasirika alipomwana Bobo akibadilika na kuwa mwema.
Baadaye, alianza kujutia tabia zake mbaya.', NULL);
INSERT INTO `card` (id, type, title, header, content, option) VALUES ('22078_11', 3, NULL, NULL, 'You are free to download, copy, translate or adapt this story and use the illustrations as long as you attribute in the following way:
Rafiki yangu, Adui  yangu
Author -
Smangaliso Molebale
Translation -
Brigid Simiyu
Illustration -
Thulani Mhlanga
Language -
Kiswahili
Level -
Longer paragraphs
© African Storybook Initiative 2017
Creative Commons: Attribution 4.0
Source
www.africanstorybook.org
Original source
This story was selected as one of the 7 winning stories from the Writing in your mother tongue writing competition partnership between Saulsville Library and the African Storybook Initiative.', NULL);
INSERT INTO `card` (id, type, title, header, content, option) VALUES ('10202', 2, 'Rangi ya chungwa', 'assets/topic/asb/9474.png', 'Ursula Nafula
 Catherine Groenewald', 'FF9DEDE3');
INSERT INTO `card` (id, type, title, header, content, option) VALUES ('10202_3', 3, NULL, 'assets/topic/asb/9465.png', 'Mimi na babangu tulienda mjini.', NULL);
INSERT INTO `card` (id, type, title, header, content, option) VALUES ('10202_4', 3, NULL, 'assets/topic/asb/9466.png', 'Nlimwona mwanamke. Alikuwa amevaa nguo ya rangi ya chungwa.', NULL);
INSERT INTO `card` (id, type, title, header, content, option) VALUES ('10202_5', 3, NULL, 'assets/topic/asb/9469.png', 'Alijifunga mshipi mkubwa mwekundu.', NULL);
INSERT INTO `card` (id, type, title, header, content, option) VALUES ('10202_6', 3, NULL, 'assets/topic/asb/9470.png', 'Alibeba kibeti cha rangi ya chungwa.', NULL);
INSERT INTO `card` (id, type, title, header, content, option) VALUES ('10202_7', 3, NULL, 'assets/topic/asb/9939.png', 'Alivaa viatu vya rangi ya chungwa. Vilikuwa na visigino virefu.', NULL);
INSERT INTO `card` (id, type, title, header, content, option) VALUES ('10202_8', 3, NULL, 'assets/topic/asb/9940.png', 'Alikutana na msichana mdogo na mbwa wake.', NULL);
INSERT INTO `card` (id, type, title, header, content, option) VALUES ('10202_9', 3, NULL, 'assets/topic/asb/9474.png', 'Alipozirekebisha nywele zake, kibeti chake kilianguka chini.', NULL);
INSERT INTO `card` (id, type, title, header, content, option) VALUES ('10202_10', 3, NULL, 'assets/topic/asb/9942.png', 'Aliinama kwa utaratibu kukiokota kibeti chake.', NULL);
INSERT INTO `card` (id, type, title, header, content, option) VALUES ('10202_11', 3, NULL, 'assets/topic/asb/9475.png', 'Vipuli vyake virefu vya rangi ya chungwa vilionekana.', NULL);
INSERT INTO `card` (id, type, title, header, content, option) VALUES ('10202_12', 3, NULL, 'assets/topic/asb/9476.png', 'Tulipoendelea na safari,  nilizidi kumtazama mwanamke huyo.', NULL);
INSERT INTO `card` (id, type, title, header, content, option) VALUES ('10202_13', 3, NULL, 'assets/topic/asb/9477.png', 'Babangu alitabasamu aliponiona.', NULL);
INSERT INTO `card` (id, type, title, header, content, option) VALUES ('10202_14', 3, NULL, 'assets/topic/asb/9478.png', 'Ninaipenda rangi ya chungwa.', NULL);
INSERT INTO `card` (id, type, title, header, content, option) VALUES ('10202_15', 3, NULL, NULL, 'You are free to download, copy, translate or adapt this story and use the illustrations as long as you attribute in the following way:
Rangi ya chungwa
Author -
Ursula Nafula
Illustration -
Catherine Groenewald
Language -
Kiswahili
Level -
First words
© African Storybook Initiative 2014
Creative Commons: Attribution 4.0
Source
www.africanstorybook.org', NULL);
INSERT INTO `card` (id, type, title, header, content, option) VALUES ('10442', 2, 'Rangi za Upinde', 'assets/topic/asb/9838.png', 'Caren Echesa
Jesse Breytenbach', 'FFB3C8FF');
INSERT INTO `card` (id, type, title, header, content, option) VALUES ('10442_3', 3, NULL, 'assets/topic/asb/9838.png', 'Upinde una rangi saba.', NULL);
INSERT INTO `card` (id, type, title, header, content, option) VALUES ('10442_4', 3, NULL, 'assets/topic/asb/9839.png', 'Rangi ya kwanza ni nyekundu.', NULL);
INSERT INTO `card` (id, type, title, header, content, option) VALUES ('10442_5', 3, NULL, 'assets/topic/asb/9840.png', 'Kweyu amevalia shati la rangi nyekundu.', NULL);
INSERT INTO `card` (id, type, title, header, content, option) VALUES ('10442_6', 3, NULL, 'assets/topic/asb/9841.png', 'Rangi ya pili ni ya chungwa.', NULL);
INSERT INTO `card` (id, type, title, header, content, option) VALUES ('10442_7', 3, NULL, 'assets/topic/asb/9842.png', 'Hili ni chungwa.', NULL);
INSERT INTO `card` (id, type, title, header, content, option) VALUES ('10442_8', 3, NULL, 'assets/topic/asb/9843.png', 'Rangi ya tatu ni manjano.', NULL);
INSERT INTO `card` (id, type, title, header, content, option) VALUES ('10442_9', 3, NULL, 'assets/topic/asb/9844.png', 'Yai pingu lina rangi ya manjano.', NULL);
INSERT INTO `card` (id, type, title, header, content, option) VALUES ('10442_10', 3, NULL, 'assets/topic/asb/9846.png', 'Rangi ya nne ni kijani.', NULL);
INSERT INTO `card` (id, type, title, header, content, option) VALUES ('10442_11', 3, NULL, 'assets/topic/asb/9847.png', 'Miwa ni rangi ya kijani.', NULL);
INSERT INTO `card` (id, type, title, header, content, option) VALUES ('10442_12', 3, NULL, 'assets/topic/asb/9849.png', 'Rangi ya tano ni samawati.', NULL);
INSERT INTO `card` (id, type, title, header, content, option) VALUES ('10442_13', 3, NULL, 'assets/topic/asb/9850.png', 'Mbingu ni samawati.', NULL);
INSERT INTO `card` (id, type, title, header, content, option) VALUES ('10442_14', 3, NULL, 'assets/topic/asb/9851.png', 'Rangi ya sita ni nili.', NULL);
INSERT INTO `card` (id, type, title, header, content, option) VALUES ('10442_15', 3, NULL, 'assets/topic/asb/9852.png', 'Matunda haya ni ya rangi ya nili.', NULL);
INSERT INTO `card` (id, type, title, header, content, option) VALUES ('10442_16', 3, NULL, 'assets/topic/asb/9854.png', 'Rangi ya saba ni zambarau.', NULL);
INSERT INTO `card` (id, type, title, header, content, option) VALUES ('10442_17', 3, NULL, 'assets/topic/asb/9853.png', 'Nguo yangu ni ya kizambarau. Ni rangi niipendayo zaidi!', NULL);
INSERT INTO `card` (id, type, title, header, content, option) VALUES ('10442_18', 3, NULL, 'assets/topic/asb/9856.png', 'Je,  unazijua rangi saba za upinde?', NULL);
INSERT INTO `card` (id, type, title, header, content, option) VALUES ('10442_19', 3, NULL, NULL, 'You are free to download, copy, translate or adapt this story and use the illustrations as long as you attribute in the following way:
Rangi za Upinde
Author -
Caren Echesa
Illustration -
Jesse Breytenbach
Language -
Kiswahili
Level -
First sentences
© African Storybook Initiative 2015
Creative Commons: Attribution 4.0
Source
www.africanstorybook.org', NULL);
INSERT INTO `card` (id, type, title, header, content, option) VALUES ('2574', 2, 'Refi awaosha kuku wake', 'assets/topic/asb/986.png', 'Brigid Simiyu
Wiehan de Jager', 'FFF4E1B5');
INSERT INTO `card` (id, type, title, header, content, option) VALUES ('2574_3', 3, NULL, 'assets/topic/asb/1003.png', 'Ilikuwa harusi ya kwanza katika familia ya Tenana, na Refi alikuwa amechangamka sana. "Nitakuwa msaidizi wa Elsa nikiwa nimevaa nguo na viatu vipya! Refi aliwaelezea kuku wake. Aliwaelezea kuku wake kila kitu.
Babake alikuwa amempa kuku kama zawadi alipokuwa akiadhimisha siku ya kuzaliwa kwake. Refi aliwapenda sana."', NULL);
INSERT INTO `card` (id, type, title, header, content, option) VALUES ('2574_4', 3, NULL, 'assets/topic/asb/1011.png', '"Refi, waondoshe hapo hao kuku wachafu!" Mamake alipiga kelele, "Siwataki popote karibu na hema la harusi."', NULL);
INSERT INTO `card` (id, type, title, header, content, option) VALUES ('2574_5', 3, NULL, 'assets/topic/asb/989.png', 'Refi aliwafukuza kuku kutoka kwenye hema. "Tokeni enyi viumbe washienzi," alisema. "Sitaki mliwe wakati wa harusi ya Elsa."', NULL);
INSERT INTO `card` (id, type, title, header, content, option) VALUES ('2574_6', 3, NULL, 'assets/topic/asb/1013.png', '"Mama asema kwamba hii itakuwa harusi ya kufana zaidi katika kijiji cha Mailisaba," Refi aliwaambia kuku wake. "Pia anasema kwamba ninaweza kuwasaidia wasichana wale wakubwa kupika." Kuku hawakumsikiliza hata kidogo.
"Refi!" Mamake alimwita kutoka ndani, "Tafadhali acha hao kuku uje unichungie chungu!"', NULL);
INSERT INTO `card` (id, type, title, header, content, option) VALUES ('2574_8', 3, NULL, NULL, 'Mamake Refi alijivunia nyumba yake na alitaka iwe safi siku ya harusi. Alisafisha, akaosha na kusugua kila kilochokuwamo. Alipomaliza, hapakuwa na chembe cha vumbi popote.
Kuku walipochokoa vichwa mlangoni, Mamake Refi alipiga mayowe, "Tokeni nje ninyi viumbe vyenye miguu na midomo michafu!"', NULL);
INSERT INTO `card` (id, type, title, header, content, option) VALUES ('2574_9', 3, NULL, 'assets/topic/asb/1018.png', 'Refi aliwafuata kuku wake hadi kwenye jua. "Mama anasema ukweli, mnaaibisha," aliwakemea.
Refi alitabasamu kisha akaenda kujaza ndoo maji. Alikuwa na wakati mgumu kuwashika kuku wake. Hawakudhani kwamba ilikuwa jambo zuri wao kuoga.', NULL);
INSERT INTO `card` (id, type, title, header, content, option) VALUES ('2574_10', 3, NULL, 'assets/topic/asb/993.png', 'Refi alimweka kuku wa kwanza ndani ya ndoo ya maji. "Kaa wima, ewe kiumbe shenzi," alipiga kelele. "Haitachukua muda mrefu kukuosha!"', NULL);
INSERT INTO `card` (id, type, title, header, content, option) VALUES ('2574_11', 3, NULL, 'assets/topic/asb/1000.png', 'Refi alipopangusa pua na macho ya kuku, ghafla kuku alikuwa dhaifu akaanguka kando ya ndoo. "Huu sio wakati wa kulala," Refi alisema.
Alimtikisa kuku kwa nguvu ili maji yote yadondoke. Kisha akamlaza juu ya nyasi ili akauke. Kuku alitulia pale akiwa amelala.', NULL);
INSERT INTO `card` (id, type, title, header, content, option) VALUES ('2574_12', 3, NULL, 'assets/topic/asb/994.png', 'Aliwaosha kuku wote wanane na kuwaweka mstari mmoja juu ya nyasi ili wakauke. Hakuna yeyote aliyepapatua hata unyoya mmoja.
"Nitawaacha mlale kwa muda mfupi," Refi aliwaza, kisha akaenda kukitazama chungu kilichokuwa mekoni.', NULL);
INSERT INTO `card` (id, type, title, header, content, option) VALUES ('2574_13', 3, NULL, 'assets/topic/asb/990.png', 'Shangazi zake Refi, yaani Mama Netty na Mama Teddy, walikuwa wakitayarisha harusi ya Elsa.
Walitakiwa kufanya matayarisho hayo kwa pamoja lakini hawakupendana hata kidogo.', NULL);
INSERT INTO `card` (id, type, title, header, content, option) VALUES ('2574_14', 3, NULL, 'assets/topic/asb/995.png', 'Mama Netty aliwaona kuku wa Refi wakiwa wanakauka. "Hiki ni chakula kizuri kwangu. Nitawapeleka nyumbani!" Alijiambia.
Alilichukuwa kanga lake na kuwafungia kuku wote mle ndani. Hakuna kuku hata mmoja aliyesonga. "Sawa kabisa!" Alitabasamu. "Sasa nitawaweka mahali ambapo Mamake Teddy hatawahi kuwapata." Kisha akaweka kifurushi hicho pembeni kati ya maboga."', NULL);
INSERT INTO `card` (id, type, title, header, content, option) VALUES ('2574_15', 3, NULL, NULL, 'Mama Teddy aliamua kutayarisha kitoweo alichokipenda. Alikwenda katika bustani ya maboga. Alikiona kifurushi cha Mama Netty chini ya mboga.
Alipokifungua, kuku wote wanane walianguka nje. "Esh!" Alipiga kelele huku akiruka nyuma kwa mshangao. "Ah, ninyi ndio kuku wasafi kuliko wote! Mko tayari kwa chungu changu," aliwabembeleza. "Sasa nitawaficha wapi wapenzi wangu?" Mama Teddy alicheka, "Lazima nipate mahali pazuri kabisa," alisema huku akitembea nyumbani.', NULL);
INSERT INTO `card` (id, type, title, header, content, option) VALUES ('2574_16', 3, NULL, 'assets/topic/asb/997.png', '"Ninajua," alisema hatimaye, "nitawaweka paani!" Mama Teddy alipanda juu akawaweka kuku katika mstari kwenye paa la nyumba ya nyasi.', NULL);
INSERT INTO `card` (id, type, title, header, content, option) VALUES ('2574_17', 3, NULL, NULL, 'Siku iliyofuata, jua lilichomoza kwa wakati mzuri kwa harusi. Refi alikuwa wa kwanza kuamka na kwenda kuwatazama kuku wake.
Hakuwapata mahali alikuwa amewaweka. "Lazima wawe wamekauka vizuri kwa sasa. Nina hakika wameenda kutafuta kifungua kinywa chao," alisema.', NULL);
INSERT INTO `card` (id, type, title, header, content, option) VALUES ('2574_18', 3, NULL, 'assets/topic/asb/1047.png', 'Harusi ya Elsa ilikuwa ya kufana. Wale kuku hawakuamka kutoka paani. Kwa hivyo, hawakujiunga na wasichana wasaidizi wa bi-harusi walipoingia wakicheza. Hakuna kuku yeyote aliyetikisika wakati kwaya ya kanisa iliimba kwa sauti ya juu nyimbo nzuri za kuvutia. Walikuwa bado wanalala juu ya paa wakati Padre alihubiri. Hawakutikisa hata unyoya wakati nguruwe na babu yake Refi walipokoroma mahubiri yalipoendelea.', NULL);
INSERT INTO `card` (id, type, title, header, content, option) VALUES ('2574_19', 3, NULL, 'assets/topic/asb/999.png', 'Hakuna hata mguu mmoja wa kuku uliotetemeka wakati kondoo waliranda na kuingia ndani ya hema wakiwa karibu kuangusha keki ya harusi. Wakati babake bwana harusi alipokuwa katikati ya hotuba yake ndipo mambo yalianza kubadilika paani.', NULL);
INSERT INTO `card` (id, type, title, header, content, option) VALUES ('2574_20', 3, NULL, NULL, 'Kuku wa kwanza aliyanyoosha mabawa yake na kuruka kwenye kifua cha Mamake Molly. Mama Teddy aliyekuwa amekaa karibu naye alianza kucheka. Kuku mwingine alirukia kitambaa kipya cha Mama Netty. Watu waliokuwa kwenye meza nyingine walizuia kicheko. Mwanamke aliyekaa karibu na Mama Netty aliweka kichwa chake chini ya meza,  "Ai, aai, aaaaii, he, he, heeeeeeee!" Alicheka.', NULL);
INSERT INTO `card` (id, type, title, header, content, option) VALUES ('2574_21', 3, NULL, 'assets/topic/asb/1002.png', 'Wale kuku wote waliamua kujiunga na wale wawili wa kwanza. Hungeweza kumwona Mama Netty kwa sababu alikuwa amefunikwa na kuku hao wote!', NULL);
INSERT INTO `card` (id, type, title, header, content, option) VALUES ('2574_22', 3, NULL, NULL, 'Wageni walicheka kwa mayowe. Wanaume walilazimika kuzishika tumbo zao. Wanawake waliviringika katika viti vyao. Vijana walijishikilia kwa wenzao. Akina nyanya hawangeweza kupumua kwa ajili ya kucheka. Akina babu walitikisa fimbo zao. Kisha shangazi hao wawili waliangaliana na kuanza kucheka pia.', NULL);
INSERT INTO `card` (id, type, title, header, content, option) VALUES ('2574_23', 3, NULL, 'assets/topic/asb/1046.png', 'Mama Teddy aliufungua mdomo wake wazi kwa kicheko. Mama Netty alikirusha kichwa chake nyuma na kucheka hadi mashavu yakatikisika. Refi hakuamini!', NULL);
INSERT INTO `card` (id, type, title, header, content, option) VALUES ('2574_24', 3, NULL, NULL, 'Wageni wote walikubaliana kwamba hiyo ilikuwa harusi nzuri zaidi iliyowahi kufanyika kijijini Mailisaba. "Ah, mna bahati sana! Refi aliwaambia kuku wake alipokuwa anawaweka kwenye chumba chao usiku ule, "Mama anasema kuwa hatawahi kuwaweka kwenye chungu chake.', NULL);
INSERT INTO `card` (id, type, title, header, content, option) VALUES ('2574_25', 3, NULL, 'assets/topic/asb/1048.png', '"Lakini, tazama jinsi mlivyo wachafu tena," aliwaambia, "Nadhani nitalazimika kuwaosha tena kesho!"', NULL);
INSERT INTO `card` (id, type, title, header, content, option) VALUES ('2574_26', 3, NULL, NULL, 'You are free to download, copy, translate or adapt this story and use the illustrations as long as you attribute in the following way:
Refi awaosha kuku wake
Author -
Marion Drew
Translation -
Brigid Simiyu
Illustration -
Wiehan de Jager
Language -
Kiswahili
Level -
Read aloud
© African Storybook Initiative 2014
Creative Commons: Attribution 4.0
Source
www.africanstorybook.org', NULL);
INSERT INTO `card` (id, type, title, header, content, option) VALUES ('22747', 2, 'Robo za Bwana Hadaa', 'assets/topic/asb/15721.png', 'Ursula  Nafula
Marleen Visser', 'FF9DEDE3');
INSERT INTO `card` (id, type, title, header, content, option) VALUES ('22747_3', 3, NULL, 'assets/topic/asb/15714.png', 'Ni karibu wakati wa mapumziko katika shule ya Msingi ya Siyafunda. Wamiliki wa maduka mawili yaliyo pale shuleni wanatayarisha chakula cha mchana ili kuwauzia wanafunzi wenye njaa.', NULL);
INSERT INTO `card` (id, type, title, header, content, option) VALUES ('22747_4', 3, NULL, 'assets/topic/asb/15715.png', 'Dukani kwa Bwana Mkweli mikate imekatwa tayari kutengeneza robo zitakazonunuliwa na wanafunzi. Anakata sehemu nyororo iliyo katikati kisha anaweka ndani mayai. Mkweli pia anaweka vijiko viwili vya kachumbari iliyotayarishwa na mkewe. Yeye hupenda kujigamba kwamba robo za mkate anazouza zina mayai ndani na juu kuna kachumbari!', NULL);
INSERT INTO `card` (id, type, title, header, content, option) VALUES ('22747_5', 3, NULL, 'assets/topic/asb/15716.png', 'Katika duka la Hadaa, mayai karibu yawe tayari, lakini bado anakata mikate kutengeneza robo. Ana wasiwasi kwa sababu biashara hayiendi vizuri dukani kwake. "Ilianza vizuri," Bwana Hadaa anawaza. "Lakini, sasa ninapata wateja wachache sana. Ingawa ninapunguza gharama yangu kwa kuikata mikate sehemu tano badala ya nne."', NULL);
INSERT INTO `card` (id, type, title, header, content, option) VALUES ('22747_6', 3, NULL, 'assets/topic/asb/15717.png', 'Jabu na Zorina wananunua chakula cha mchana. Zorina ananunua kutoka kwa Bwana Hadaa. Jabu naye ananunua kutoka kwa Bwana Mkweli. Jabu anaamini kuwa robo anazouza Bwana Mkweli zina mayai na kachumbari nyingi kuliko zile anazouza Bwana Hadaa.', NULL);
INSERT INTO `card` (id, type, title, header, content, option) VALUES ('22747_7', 3, NULL, 'assets/topic/asb/15718.png', 'Foleni iliyo nje ya duka la Bwana Mkweli ni ndefu zaidi. Zorina anamsubiri Jabu. Kisha marafiki hao wanaketi pamoja kwenye kivuli kufurahia robo zao za mkate.', NULL);
INSERT INTO `card` (id, type, title, header, content, option) VALUES ('22747_8', 3, NULL, 'assets/topic/asb/15719.png', 'Zorina anona kitu kinachomfanya aukunje uso wake. "Unatazama nini?" Jabu anauliza. Zorina anajibu, "Robo yako! Inaonekana kubwa kuliko yangu."', NULL);
INSERT INTO `card` (id, type, title, header, content, option) VALUES ('22747_9', 3, NULL, 'assets/topic/asb/15720.png', 'Wanazitazama robo zao kwa makini. Ni kweli kuwa robo ya Jabu ni kubwa kuliko ya Zorina. Zorina anasema, "Hakika, hapa kuna kitu kisicho sawa. Ama hii ndiyo sababu duka la Bwana Hadaa halina tena wateja wengi." Jabu anajibu, "Nilisikia kwamba baadhi ya watoto walimwona Bwana Hadaa akiukata mkate vipande vitano vya kutengeneza robo zake!"', NULL);
INSERT INTO `card` (id, type, title, header, content, option) VALUES ('22747_10', 3, NULL, 'assets/topic/asb/15721.png', 'Nora anawasikia Jabu na Zorina wakiongea naye anataka kujua tofauti ya kuukata mkate vipande vitano. Zorina na Jabu wanajibu pamoja, "Kipande cha robo tunachouziwa ni robo ya mkate!" Nora anaonekana kutoelewa, kwa hivyo, Zorina anamweleza, "Lazima mkate ukatwe vipande vinne vilivyo sawa ili kila kipande kiwe robo ya mkate mzima."', NULL);
INSERT INTO `card` (id, type, title, header, content, option) VALUES ('22747_11', 3, NULL, 'assets/topic/asb/15722.png', 'Nora amekasirika kwa sababu yeye pia hununua kwa Bwana Hadaa. "Kwa hivyo anatuibia, sivyo!" anasema kwa sauti kubwa. Zorina anaamua kurudi kwa Bwana Hadaa kulalamika. Anatembea huku amebeba robo ya mkate wake juu. Nora anamfuata nyuma haraka. Jabu anashusha pumzi kisha anawafuata marafiki zake.', NULL);
INSERT INTO `card` (id, type, title, header, content, option) VALUES ('22747_12', 3, NULL, 'assets/topic/asb/15723.png', 'Bwana Hadaa anaudhika anapoona kuwa wao sio
wateja wapya. Anasema, "Hamjambo, tena, watoto. Je, niwasaidie namna gani?" Nora anamwuliza kwa ukali, "Bwana Hadaa, ulinipatia kipande nami nikakulipa pesa za robo. Lakini hii si robo," Nora anasema huku akiashiria kipande chake. "Ninataka
robo ya mkate au unirejeshee pesa zangu," anasema kwa ukali.', NULL);
INSERT INTO `card` (id, type, title, header, content, option) VALUES ('22747_13', 3, NULL, 'assets/topic/asb/15724.png', '"Je, ni kweli Bwana Hadaa? Umekuwa ukituhadaa!" Nora analia. Wakati huo baadhi ya watoto wamewafuata hadi pale dukani. Wao pia wanasikiliza shutuma anazopata Hadaa. Hadaa anawapungia mkano kwa madharau, "Ni nini hiki mnachosema kunihusu? Mimi si mtu wa aina hiyo! Ninataka mwondoke dukani kwangu mara moja!"', NULL);
INSERT INTO `card` (id, type, title, header, content, option) VALUES ('22747_14', 3, NULL, 'assets/topic/asb/15725.png', 'Zorina anasema kimya kimya, "Tutamwambia kila mtu kuhusu kile unachofanya. Ujumbe huo utaenea kama moto shuleni kote. Utalazimika kulifunga duka lako. Hakuna atakayenunua kutoka kwako!" Bwana Hadaa anawatazama watoto wale watatu wanaosimama mbele yake. Kisha anautazama umati unaoendelea kuongezeka nje ya duka lake.', NULL);
INSERT INTO `card` (id, type, title, header, content, option) VALUES ('22747_15', 3, NULL, 'assets/topic/asb/15726.png', 'Mwishowe, Bwana Hadaa anasema, "Vyema, nitakurejeshea pesa zako." Jabu anasema, "Pia, ahidi kwamba utaukata mkate vipande vinne kuzitengeneza robo." Bwana Hadaa anaahidi kwamba atafanya hivyo. Kisha anasafisha koo yake na kusema kwa sauti ili kila mmoja asikie, "Pia, ninaahidi kwamba nitaongeza kiasi cha kachumbari na mayai kwenye robo za mkate."', NULL);
INSERT INTO `card` (id, type, title, header, content, option) VALUES ('22747_16', 3, NULL, 'assets/topic/asb/15727.png', 'Bwana Hadaa kweli aliongeza kiasi cha mayai na kachumbari kwenye robo za mkate alizotengeneza. Baadaye, watoto zaidi walikuwa wakinunua kutoka kwake na duka lake lilianza kupata faida. Aliweza kumwajiri mtu wa kumsaidia.', NULL);
INSERT INTO `card` (id, type, title, header, content, option) VALUES ('22747_17', 3, NULL, 'assets/topic/asb/15728.png', 'Sasa, kuna ushindani mzuri kati ya Bwana Hadaa na Bwana Mkweli. Kila mtu anafurahi.', NULL);
INSERT INTO `card` (id, type, title, header, content, option) VALUES ('22747_18', 3, NULL, 'assets/topic/asb/15729.png', 'Andika tafsiri ya picha uionayo hapa.', NULL);
INSERT INTO `card` (id, type, title, header, content, option) VALUES ('22747_19', 3, NULL, NULL, 'You are free to download, copy, translate or adapt this story and use the illustrations as long as you attribute in the following way:
Robo za Bwana Hadaa
Author -
Lorato Trok
Translation -
Ursula  Nafula
Illustration -
Marleen Visser
Language -
Kiswahili
Level -
Longer paragraphs
© African Storybook Initiative 2016
Creative Commons: Attribution 4.0
Source
www.africanstorybook.org', NULL);
INSERT INTO `card` (id, type, title, header, content, option) VALUES ('8712', 2, 'Sababu ya chura kuwa na sura mbaya', 'assets/topic/asb/7077.png', 'Brigid Simiyu
 Hélder de Paz Alexandre', 'FFF4E1B5');
INSERT INTO `card` (id, type, title, header, content, option) VALUES ('8712_3', 3, NULL, 'assets/topic/asb/7069.png', 'Miaka mingi iliyopita, Mjusi na Chura walikuwa marafiki. Siku moja waliamua kuwatafuta wasichana wapenzi jijini.', NULL);
INSERT INTO `card` (id, type, title, header, content, option) VALUES ('8712_4', 3, NULL, 'assets/topic/asb/7070.png', 'Chura alimwonea Mjusi wivu. Mjusi alikuwa na ngozi iliyometameta na ya kuvutia.', NULL);
INSERT INTO `card` (id, type, title, header, content, option) VALUES ('8712_5', 3, NULL, 'assets/topic/asb/7071.png', 'Chura alimwuliza, "Ni kitu gani ulichofanya ukawa mrembo hivi? Hebu, nitazame, nina sura mbaya mno. Ninawezaje kuirembesha ngozi yangu?"', NULL);
INSERT INTO `card` (id, type, title, header, content, option) VALUES ('8712_6', 3, NULL, 'assets/topic/asb/7072.png', 'Mjusi alimjibu, "Sikiliza! Tia maji chunguni kisha ukiweke mekoni. Halafu u..."', NULL);
INSERT INTO `card` (id, type, title, header, content, option) VALUES ('8712_7', 3, NULL, 'assets/topic/asb/7073.png', 'Hakumaliza usemi wake. Chura alimjibu, "Ninajua tayari, najua. Fyata ulimi, rafiki yangu." Kisha aliondoka.', NULL);
INSERT INTO `card` (id, type, title, header, content, option) VALUES ('8712_8', 3, NULL, 'assets/topic/asb/7074.png', 'Chura alipofika nyumbani, aliyatia maji chunguni.', NULL);
INSERT INTO `card` (id, type, title, header, content, option) VALUES ('8712_9', 3, NULL, 'assets/topic/asb/7075.png', 'Maji yalipoanza kuchemka, alijitumbukiza ndani.', NULL);
INSERT INTO `card` (id, type, title, header, content, option) VALUES ('8712_10', 3, NULL, 'assets/topic/asb/7076.png', 'Ngozi yake ikachomeka na mkia wake ukakatika!', NULL);
INSERT INTO `card` (id, type, title, header, content, option) VALUES ('8712_11', 3, NULL, 'assets/topic/asb/7077.png', 'Na badala ya kumetameta na kuwa mrembo kama Mjusi, alikuwa na sura mbaya zaidi!', NULL);
INSERT INTO `card` (id, type, title, header, content, option) VALUES ('8712_12', 3, NULL, NULL, 'You are free to download, copy, translate or adapt this story and use the illustrations as long as you attribute in the following way:
Sababu ya chura kuwa na sura mbaya
Author -
Mozambican folktale
Translation -
Brigid Simiyu
Illustration -
Hélder de Paz Alexandre
Language -
Kiswahili
Level -
First sentences
© Mozambican Writers 2014
Creative Commons: Attribution 4.0
Source
www.africanstorybook.org', NULL);
INSERT INTO `card` (id, type, title, header, content, option) VALUES ('2197', 2, 'Samaki Mkarimu', 'assets/topic/asb/1840.png', 'Brigid Simiyu
Jemma Kahn and Wiehan de Jager', 'FF9DEDE3');
INSERT INTO `card` (id, type, title, header, content, option) VALUES ('2197_3', 3, NULL, 'assets/topic/asb/1841.png', 'Hapo zamani za kale, Mpunzi na mkewe waliishi na mtoto wao mmoja wa kike aliyeitwa Nosisa. Mpunzi alitaka mtoto mvulana, lakini yeye na mkewe hawangeweza kupata watoto wengine. Mpunzi alimlaumu mkewe kwa kutompa mtoto wa kiume.', NULL);
INSERT INTO `card` (id, type, title, header, content, option) VALUES ('2197_4', 3, NULL, 'assets/topic/asb/1843.png', 'Siku moja, Mpunzi alimchapa mkewe. Mkewe alitoroka akaenda nyumbani kwao. Alihuzunika kwani Mpunzi hakumruhusu aende na Nosisa. Mpunzi alimdhulumu bintiye namna alivyomdhulumu mkewe. Nosisa aliishi maisha ya huzuni sana.', NULL);
INSERT INTO `card` (id, type, title, header, content, option) VALUES ('2197_5', 3, NULL, 'assets/topic/asb/1844.png', 'Mpunzi alioa mke mwingine. Alitumaini kwamba mke huyo mpya angemzalia mtoto mvulana. Maisha ya Nosisa sasa yalikuwa magumu zaidi babake alipooa tena. Mpunzi alimtetesha na kumlazimisha kumtumikia mke wake mpya. Nosisa alifanya kazi kama mtumwa.', NULL);
INSERT INTO `card` (id, type, title, header, content, option) VALUES ('2197_6', 3, NULL, NULL, 'Mpunzi aliona fahari sana kutokana na mifugo wake. Alizoea kutazama mifugo wake wakila nyasi uwanjani. Alihisi kuwa alikuwa ametosheka sana na mali yake. Wengi wa wafanyakazi wa Mpunzi walisafisha makao yake na kuwachunga mifugo wake. Walikama maziwa ambayo Mpunzi aliwauzia wanakijiji.', NULL);
INSERT INTO `card` (id, type, title, header, content, option) VALUES ('2197_8', 3, NULL, 'assets/topic/asb/1848.png', 'Mpunzi alimpenda sana mke wake mpya. Amchukulia kama malkia. Alikaa chumbani wakati wote huku akiwaamrisha Nosisa na wafanyakazi. Nosisa alirauka mapema kila siku kumtayarishia chai mamake wa kambo. Alimfagilia chumba chake na kumpikia, lakini mamake wa kambo alinung''unika kuwa chakula chake kilikuwa baridi, kuwa chai yake ilikuwa hafifu, na kwamba chumba chake kilikuwa kichafu.', NULL);
INSERT INTO `card` (id, type, title, header, content, option) VALUES ('2197_9', 3, NULL, 'assets/topic/asb/1846.png', 'Siku moja Mpunzi alikasirika akamkaripia na kumgonga Nosisa kwa kijiti. Nosisa alitoroka akaenda mtoni alikokaa na kulia alasiri nzima. Ghafla, alisikia sauti kutoka majini. Alimwona Samaki aliyekuwa akitoa ile sauti. Nosisa alishtuka lakini Samaki alimtuliza, "Tafadhali, binti yangu, usitoroke, mimi ni mamako. Nimebadilika kuwa samaki ili babako asinitambue."', NULL);
INSERT INTO `card` (id, type, title, header, content, option) VALUES ('2197_10', 3, NULL, 'assets/topic/asb/1849.png', '"Una shida gani?" Samaki aliuliza. Nosisa alimweleza kuhusu maisha yake ya huzuni. "Usiwe na wasiwasi mwanangu. Nitakuletea chakula kila siku," Samaki alisema. Alimpa Nosisa mboga wakasherehekea halafu akatokomea. Nosisa alienda nyumbani akiwa anatabasamu. Alijua hatalala tena njaa kama ilivyokuwa desturi.', NULL);
INSERT INTO `card` (id, type, title, header, content, option) VALUES ('2197_11', 3, NULL, 'assets/topic/asb/1857.png', 'Kila asubuhi Nosisa aliamka na kufanya kazi zote za nyumbani kama ilivyokuwa kawaida. Adhuhuri, alienda mtoni. Aliita kila wakati, naye Samaki alitokea akiwa amebeba chakula kitamu. Nosisa alifurahi na kumwelezea chochote. Alianza kuwa na afya nzuri.', NULL);
INSERT INTO `card` (id, type, title, header, content, option) VALUES ('2197_12', 3, NULL, 'assets/topic/asb/1850.png', 'Nosisa alimtembelea Samaki kila siku hadi mamake wa kambo akaanza kumshuku. "Kuna jambo linaendelea kule mtoni, na ni lazima nitaligundua," aliwaza. Alasiri moja alimfuata Nosisa hadi mtoni. Alimwona Nosisa akimzungumzia Samaki na kupokea chakula kitamu. Siri ya Nosisa sasa ilikuwa imetambulika! "Lazima nifanye jambo kumhusu huyu samaki," alisema mama wa kambo.', NULL);
INSERT INTO `card` (id, type, title, header, content, option) VALUES ('2197_13', 3, NULL, 'assets/topic/asb/1851.png', 'Mpunzi aliporejea jioni, alimpata mkewe mpya akiwa chumbani kwake akilia. "Unasumbuliwa na nini mke wangu mrembo?" Mpunzi aliuliza. "Mganga aliniambia kwamba njia pekee ya kukuzalia mtoto mvulana ni kumla samaki mkubwa aishiye kwenye mto ulio karibu hapa," alisema. "Je, utaniletea samaki huyo usiku wa leo?" mwanamke akamsihi. "Nitakufanyia lolote," Mpunzi akasema.', NULL);
INSERT INTO `card` (id, type, title, header, content, option) VALUES ('2197_14', 3, NULL, 'assets/topic/asb/1852.png', 'Mpunzi alianza safari ya kwenda mtoni kabla giza kuingia. Aliwachukua wafanyakazi wake ili wamsaidie. Mpunzi alimpata samaki mkubwa zaidi. Alipofika nyumbani, moto mkubwa wa kumpika yule samaki ulikuwa tayari. "Nitatayarisha kitoweo kizuri," mwanamke akamwelezea Mpunzi aliyekuwa amefurahi sana.', NULL);
INSERT INTO `card` (id, type, title, header, content, option) VALUES ('2197_15', 3, NULL, 'assets/topic/asb/1853.png', 'Usiku ule Mpunzi na mkewe walienda kulala baada ya chakula kitamu. Waliacha mifupa mezani ili Nosisa asafishe asubuhi yake. Nosisa alipowaletea kahawa chumbani, walikuwa bado wanalala. "Hili ni jambo geni," Nosisa alifikiria. "Babangu huamka mapema mno kwenda kazini. Kwa nini leo bado analala?"', NULL);
INSERT INTO `card` (id, type, title, header, content, option) VALUES ('2197_16', 3, NULL, 'assets/topic/asb/1854.png', '"Heri nikimbie mtoni nipate kiamsha kinywa kizuri," alifikiria. Nosisa alikimbia kwenda mtoni. Alipofika kule, alimwita Samaki mara nyingi lakini Samaki hakuja. Nosisa alianza kulia. Hakujua kilichotokea. Alipokuwa akilia, ndege mmoja alimwambia kilichotendeka. Alilia kwa nguvu akidhani kwamba mamake alikuwa ameangamizwa.', NULL);
INSERT INTO `card` (id, type, title, header, content, option) VALUES ('2197_17', 3, NULL, 'assets/topic/asb/1855.png', 'Ndege alimwambia aiokote mifupa kutoka mezani kisha airushe mtoni. Angefanya hivyo, Samaki angefufuka. Alimwambia pia awaache babake na mamake wa kambo walale hadi adhuhuri. Nosisa alifanya alivyoambiwa. Aliichukuwa mifupa, akaiweka mfukoni kisha akairusha mtoni.', NULL);
INSERT INTO `card` (id, type, title, header, content, option) VALUES ('2197_18', 3, NULL, 'assets/topic/asb/1856.png', 'Nosisa alikimbia kurudi nyumbani na kabla adhuhuri kufika, aliwaamsha babake na mamake wa kambo. Hakuwatambua! Walikuwa wamezeeka na kudhoofika. Hawangemkaripia wala kumpiga tena. Walichoka wasiweze kuuchunga mji wao. Nosisa aliichukua mali ya babake. Akawaita wafanyakazi wote na kuwaambia kilichotokea. Wakasherehekea na kuishi kwa amani.', NULL);
INSERT INTO `card` (id, type, title, header, content, option) VALUES ('2197_19', 3, NULL, NULL, 'You are free to download, copy, translate or adapt this story and use the illustrations as long as you attribute in the following way:
Samaki Mkarimu
Author -
Kholeka Mabeta
Translation -
Brigid Simiyu
Illustration -
Jemma Kahn and Wiehan de Jager
Language -
Kiswahili
Level -
Read aloud
© African Storybook Initiative 2014
Creative Commons: Attribution 4.0
Source
www.africanstorybook.org', NULL);
INSERT INTO `card` (id, type, title, header, content, option) VALUES ('2974', 2, 'Sare za shule', 'assets/topic/asb/954.png', 'Gladys Njoki and Racheal Njoki
 Mlungisi Dlamini', 'FFB3C8FF');
INSERT INTO `card` (id, type, title, header, content, option) VALUES ('2974_3', 3, NULL, 'assets/topic/asb/955.png', 'Rinda hili ni refu.', NULL);
INSERT INTO `card` (id, type, title, header, content, option) VALUES ('2974_4', 3, NULL, 'assets/topic/asb/956.png', 'Sweta hii ni kubwa.', NULL);
INSERT INTO `card` (id, type, title, header, content, option) VALUES ('2974_5', 3, NULL, 'assets/topic/asb/957.png', 'Mkoba huu ni mkubwa.', NULL);
INSERT INTO `card` (id, type, title, header, content, option) VALUES ('2974_6', 3, NULL, 'assets/topic/asb/958.png', 'Mshipi huu ni mfupi.', NULL);
INSERT INTO `card` (id, type, title, header, content, option) VALUES ('2974_7', 3, NULL, 'assets/topic/asb/959.png', 'Kofia hii ni ndogo.', NULL);
INSERT INTO `card` (id, type, title, header, content, option) VALUES ('2974_8', 3, NULL, 'assets/topic/asb/960.png', 'Soksi hizi ni fupi.', NULL);
INSERT INTO `card` (id, type, title, header, content, option) VALUES ('2974_9', 3, NULL, 'assets/topic/asb/961.png', 'Lakini, viatu hivi ni vipya.', NULL);
INSERT INTO `card` (id, type, title, header, content, option) VALUES ('2974_10', 3, NULL, 'assets/topic/asb/954.png', 'Vinanitosha vizuri.', NULL);
INSERT INTO `card` (id, type, title, header, content, option) VALUES ('2974_11', 3, NULL, NULL, 'You are free to download, copy, translate or adapt this story and use the illustrations as long as you attribute in the following way:
Sare za shule
Author -
Clare Verbeek, Thembani Dladla and Zanele Buthelezi
Translation -
Gladys Njoki and Racheal Njoki
Illustration -
Mlungisi Dlamini
Language -
Kiswahili
Level -
First words
© School of Education and Development (Centre for Adult Education), University of Kwazulu-Natal, 2007 2014
Creative Commons: Attribution-Non Commercial 3.0
Source
www.africanstorybook.org
Original source
http://cae.ukzn.ac.za/resources/seedbooks.aspx', NULL);
INSERT INTO `card` (id, type, title, header, content, option) VALUES ('2397', 2, 'Sayari Jua ya Saba', 'assets/topic/asb/2316.png', 'Kamundi Mutugi
 Pratham Books', 'FFF4E1B5');
INSERT INTO `card` (id, type, title, header, content, option) VALUES ('2397_3', 3, NULL, 'assets/topic/asb/2317.png', 'Hapo zamani za kale kulikuwa na sayari jua saba angani. Miale mikali ya sayari jua hizo iling''aa duniani hadi binadamu wakashindwa kuvumilia.', NULL);
INSERT INTO `card` (id, type, title, header, content, option) VALUES ('2397_4', 3, NULL, 'assets/topic/asb/2318.png', 'Ndugu saba wa kabila la Munda waliamua kuziua sayari jua hizo. Walizirushia mishale lakini wakaweza kuziua sayari jua sita pekee.', NULL);
INSERT INTO `card` (id, type, title, header, content, option) VALUES ('2397_5', 3, NULL, 'assets/topic/asb/2319.png', 'Sayari Jua ya saba ilikuwa imejificha nyuma ya mlima.', NULL);
INSERT INTO `card` (id, type, title, header, content, option) VALUES ('2397_6', 3, NULL, 'assets/topic/asb/2320.png', 'Baada ya sayari jua sita kuuawa, giza lilitanda kila mahali. Kwa sababu hiyo, paa hangeweza kumwona chui. Tembo walijikwaa kwenye miti na sungura wakatembea kwenye hatari ya simba. Wanyama wote walitaabika.', NULL);
INSERT INTO `card` (id, type, title, header, content, option) VALUES ('2397_7', 3, NULL, 'assets/topic/asb/2328.png', 'Wanyama wote walikutana kutatua shida hii. Sungura alisema kwamba Sayari Jua ya saba ilikuwa imejificha nyuma ya mlima. Wnayama walijiuliza, "Ni nani atakayeiita Sayari Jua hiyo irudi?"', NULL);
INSERT INTO `card` (id, type, title, header, content, option) VALUES ('2397_8', 3, NULL, 'assets/topic/asb/2321.png', '"Nitaiita irudi," alisema Simba, mfalme wa msitu huo. "Jua, jua, tafadhali usitutoroke. Rudi utuangazie." Simba alinguruma. Lakini, Sayari Jua ilikataa kumsikiliza.', NULL);
INSERT INTO `card` (id, type, title, header, content, option) VALUES ('2397_9', 3, NULL, 'assets/topic/asb/2322.png', 'Tembo naye akajaribu kuiita Sayari jua. Aliuinua mkonga wake na kupaaza sauti, "Jua, jua tafadhali rudi." Lakini, Sayari Jua ilikataa kumsikiliza pia.', NULL);
INSERT INTO `card` (id, type, title, header, content, option) VALUES ('2397_10', 3, NULL, 'assets/topic/asb/2323.png', 'Mrembo Tausi alicheza densi kidogo na kisha akajaribu kuiita Sayari Jua, "Jua, jua, tafadhali rudi." Sayari jua ilikataa kujitokeza. Wanyama wote walijaribu kuiita Sayari Jua. Lakini Sayari Jua haikumsikiza yeyote. Jogoo alipojitokeza kuiita Sayari Jua, kila mmoja alimcheka. Simba, kama kiongozi mzuri,  alisema, "Tumpeni Jogoo nafasi ajaribu kuiita Sayari Jua."', NULL);
INSERT INTO `card` (id, type, title, header, content, option) VALUES ('2397_11', 3, NULL, 'assets/topic/asb/2324.png', 'Jogoo alisimama mbele ya wanyama wote, na taratibu akawika, "Kookoorikoo! Kookoorikoo!" Mara Sayari Jua ikaanza kuchomoza kutoka nyuma ya mlima. Wanyama wote walishangaa.', NULL);
INSERT INTO `card` (id, type, title, header, content, option) VALUES ('2397_12', 3, NULL, 'assets/topic/asb/2325.png', 'Jogoo akawika tena kwa nguvu zaidi, "Kookoorikoo!" Sayari Jua ikachomoza hata zaidi. Jogoo akawika kwa mara ya tatu, "Kookoorikoo!" Sayari Jua ikapanda juu zaidi na kung''aa. Kukawa na mwangaza kila mahali. Wanyama wote na binadamu wakafurahi kuuona mwangaza.', NULL);
INSERT INTO `card` (id, type, title, header, content, option) VALUES ('2397_13', 3, NULL, 'assets/topic/asb/2326.png', 'Wanyama waliwaomba binadamu wasiiue Sayari Jua. Tangu siku hiyo, jogoo huwika kila asubuhi. Nayo Sayari Jua isikiapo sauti ya jogoo, huchomoza na kuangaza dunia yote.', NULL);
INSERT INTO `card` (id, type, title, header, content, option) VALUES ('2397_14', 3, NULL, NULL, 'You are free to download, copy, translate or adapt this story and use the illustrations as long as you attribute in the following way:
Sayari Jua ya Saba
Author -
Indian Folktale
Translation -
Kamundi Mutugi
Illustration -
Pratham Books
Language -
Kiswahili
Level -
Longer paragraphs
© Pratham Books 2014
Creative Commons: Attribution 4.0
Source
www.africanstorybook.org
Original source
www.prathambooks.org', NULL);
INSERT INTO `card` (id, type, title, header, content, option) VALUES ('23109', 2, 'Sherehe ya kuzaliwa kwa Lina asiyoitarajia', 'assets/topic/asb/18612.png', 'Ursula  Nafula
Marleen Visser', 'FFB3C8FF');
INSERT INTO `card` (id, type, title, header, content, option) VALUES ('23109_3', 3, NULL, 'assets/topic/asb/18613.png', 'Lina, Opondo, na Anton walikuwa wakifanya matayarisho ya kusherehekea kuzaliwa kwa Lina.', NULL);
INSERT INTO `card` (id, type, title, header, content, option) VALUES ('23109_4', 3, NULL, 'assets/topic/asb/18599.png', 'Anton na Lina walitaka kuoka keki. Opondo alianza kusoma kitabu cha mapishi.', NULL);
INSERT INTO `card` (id, type, title, header, content, option) VALUES ('23109_5', 3, NULL, 'assets/topic/asb/18600.png', '"Hebu tuvichanganye viungo hivi katika bakuli kubwa,"  Lina alisema.', NULL);
INSERT INTO `card` (id, type, title, header, content, option) VALUES ('23109_6', 3, NULL, 'assets/topic/asb/18601.png', 'Anton alivikoroga viungo vyote akasababisha mchafuko mkubwa.', NULL);
INSERT INTO `card` (id, type, title, header, content, option) VALUES ('23109_7', 3, NULL, 'assets/topic/asb/18602.png', '"Keki inaonekana kuwa nzito sasa," Opondo alisema.', NULL);
INSERT INTO `card` (id, type, title, header, content, option) VALUES ('23109_8', 3, NULL, 'assets/topic/asb/18603.png', '"Marafiki zako wamewasili," Opondo alimjulisha Lina.', NULL);
INSERT INTO `card` (id, type, title, header, content, option) VALUES ('23109_9', 3, NULL, 'assets/topic/asb/18604.png', 'Anton alidhani kwamba zawadi ya kwanza ingekuwa nzito kwa sababu ilikuwa kubwa.', NULL);
INSERT INTO `card` (id, type, title, header, content, option) VALUES ('23109_10', 3, NULL, 'assets/topic/asb/18605.png', 'Ulikuwa mto na ulikuwa mwepesi sana.', NULL);
INSERT INTO `card` (id, type, title, header, content, option) VALUES ('23109_11', 3, NULL, 'assets/topic/asb/18606.png', 'Anton tena alifikiri kuwa zawadi itakayofuata ingekuwa nyepesi kwa sababu ilikuwa ndogo.', NULL);
INSERT INTO `card` (id, type, title, header, content, option) VALUES ('23109_12', 3, NULL, 'assets/topic/asb/18607.png', 'Lilikuwa jiwe lililopakwa rangi na lilikuwa nzito sana.', NULL);
INSERT INTO `card` (id, type, title, header, content, option) VALUES ('23109_13', 3, NULL, 'assets/topic/asb/18608.png', 'Watoto walisema kwamba kilo moja ya mawe ilikuwa na uzani sawa na kilo moja ya manyoya.', NULL);
INSERT INTO `card` (id, type, title, header, content, option) VALUES ('23109_14', 3, NULL, 'assets/topic/asb/18609.png', 'Keki ya Lina iliungua.', NULL);
INSERT INTO `card` (id, type, title, header, content, option) VALUES ('23109_15', 3, NULL, 'assets/topic/asb/18610.png', 'Lina alihuzunika sana.', NULL);
INSERT INTO `card` (id, type, title, header, content, option) VALUES ('23109_16', 3, NULL, 'assets/topic/asb/18611.png', 'Shangazi Molly alimwuliza Anton, "Unadhani zawadi ya Lina itakuwa na uzito kiasi gani?"', NULL);
INSERT INTO `card` (id, type, title, header, content, option) VALUES ('23109_17', 3, NULL, 'assets/topic/asb/18598.png', 'Anton alimjibu, "Nadhani itakuwa na uzito sawa na ile keki iliyoungua."', NULL);
INSERT INTO `card` (id, type, title, header, content, option) VALUES ('23109_18', 3, NULL, 'assets/topic/asb/18612.png', 'Kila mmoja alisema, "Lina, tunakutakia siku ya kuzaliwa yenye furaha."', NULL);
INSERT INTO `card` (id, type, title, header, content, option) VALUES ('23109_19', 3, NULL, NULL, 'You are free to download, copy, translate or adapt this story and use the illustrations as long as you attribute in the following way:
Sherehe ya kuzaliwa kwa Lina asiyoitarajia
Author -
Leo Daly
Translation -
Ursula  Nafula
Illustration -
Marleen Visser
Language -
Kiswahili
Level -
First sentences
© African Storybook Initiative 2017
Creative Commons: Attribution 4.0
Source
www.africanstorybook.org', NULL);
INSERT INTO `card` (id, type, title, header, content, option) VALUES ('8707', 2, 'Siafu amwokoa Njiwa', 'assets/topic/asb/788.png', 'Ursula Nafula
 Wiehan de Jager', 'FFB3C8FF');
INSERT INTO `card` (id, type, title, header, content, option) VALUES ('8707_3', 3, NULL, 'assets/topic/asb/784.png', 'Ilikuwa siku yenye joto jingi.', NULL);
INSERT INTO `card` (id, type, title, header, content, option) VALUES ('8707_4', 3, NULL, 'assets/topic/asb/785.png', 'Siafu Mdogo hakuwa amepata maji kwa siku nyingi.', NULL);
INSERT INTO `card` (id, type, title, header, content, option) VALUES ('8707_5', 3, NULL, 'assets/topic/asb/786.png', 'Akawaza, "Ninahitaji tone moja tu la maji, hata kama litatoka kwenye jani."', NULL);
INSERT INTO `card` (id, type, title, header, content, option) VALUES ('8707_6', 3, NULL, 'assets/topic/asb/787.png', 'Umande wote ulikuwa umekauka. Hangepata hata tone moja la moja.', NULL);
INSERT INTO `card` (id, type, title, header, content, option) VALUES ('8707_7', 3, NULL, 'assets/topic/asb/789.png', 'Siafu Mdogo akalia sana, "Nisipokunywa maji,  nitakufa. Lazima niufikie mto nilioelezwa."', NULL);
INSERT INTO `card` (id, type, title, header, content, option) VALUES ('8707_8', 3, NULL, 'assets/topic/asb/790.png', '"Ati mtoni? Huko utakufa maji!" Kichakuro mmoja mwenye hekima alimwonya.', NULL);
INSERT INTO `card` (id, type, title, header, content, option) VALUES ('8707_9', 3, NULL, 'assets/topic/asb/791.png', 'Lakini, Siafu Mdogo hakujali. Kiu chake kiliongezeka. "Nitakufa iwapo sitakunywa maji sasa."', NULL);
INSERT INTO `card` (id, type, title, header, content, option) VALUES ('8707_10', 3, NULL, 'assets/topic/asb/870.png', 'Siafu Mdogo alienda kuutafuta mto alioambiwa juu yake.', NULL);
INSERT INTO `card` (id, type, title, header, content, option) VALUES ('8707_11', 3, NULL, 'assets/topic/asb/871.png', 'Alipitia kwenye nyasi na matawi yaliyokauka.', NULL);
INSERT INTO `card` (id, type, title, header, content, option) VALUES ('8707_12', 3, NULL, 'assets/topic/asb/872.png', 'Mara akasikia mngurumo wa mawimbi.', NULL);
INSERT INTO `card` (id, type, title, header, content, option) VALUES ('8707_13', 3, NULL, 'assets/topic/asb/873.png', 'Siafu Mdogo alifika mtoni akayanywa maji baridi.', NULL);
INSERT INTO `card` (id, type, title, header, content, option) VALUES ('8707_14', 3, NULL, 'assets/topic/asb/874.png', 'Alifurahi kukata kiu na hakuliona wimbi kubwa likija.', NULL);
INSERT INTO `card` (id, type, title, header, content, option) VALUES ('8707_15', 3, NULL, 'assets/topic/asb/875.png', 'Siafu Mdogo alijaribu kujishikilia kwenye nyasi kavu zilizokuwa zikielea. Lakini, alisombwa na maji.', NULL);
INSERT INTO `card` (id, type, title, header, content, option) VALUES ('8707_16', 3, NULL, 'assets/topic/asb/876.png', 'Siafu Mdogo alilia, "Jamani, nisaidieni."', NULL);
INSERT INTO `card` (id, type, title, header, content, option) VALUES ('8707_17', 3, NULL, 'assets/topic/asb/877.png', 'Njiwa Mweupe alikuja akamnyooshea tawi. Akasema,  "Panda juu ya tawi haraka."', NULL);
INSERT INTO `card` (id, type, title, header, content, option) VALUES ('8707_18', 3, NULL, 'assets/topic/asb/878.png', 'Siafu Mdogo aliruka juu ya tawi na Njiwa Mweupe akamwokoa.', NULL);
INSERT INTO `card` (id, type, title, header, content, option) VALUES ('8707_19', 3, NULL, 'assets/topic/asb/879.png', 'Siafu Mdogo akasema, "Siondoki kabla sijamshukuru Njiwa. Nitasubiri hadi atakaporejea kunywa maji."', NULL);
INSERT INTO `card` (id, type, title, header, content, option) VALUES ('8707_20', 3, NULL, 'assets/topic/asb/880.png', 'Siku moja alipokuwa akimsubiri Njiwa Mweupe, Jona na Petro walikuja mtoni. Walikuwa wamebeba manati.', NULL);
INSERT INTO `card` (id, type, title, header, content, option) VALUES ('8707_21', 3, NULL, 'assets/topic/asb/881.png', '"Yule Njiwa Mweupe ambaye huja hapa kunywa maji,  tutamla jioni." Jona akawaza.', NULL);
INSERT INTO `card` (id, type, title, header, content, option) VALUES ('8707_22', 3, NULL, 'assets/topic/asb/882.png', 'Jona na Petro walijificha nyuma ya mimea kando ya mto.', NULL);
INSERT INTO `card` (id, type, title, header, content, option) VALUES ('8707_23', 3, NULL, 'assets/topic/asb/883.png', '"Sitakubali wajanja hao wamuue yule Njiwa Mweupe. Lakini nitafanyaje? Mimi ni mdogo sana." Siafu aliwaza.', NULL);
INSERT INTO `card` (id, type, title, header, content, option) VALUES ('8707_24', 3, NULL, 'assets/topic/asb/884.png', 'Wakati huo huo Njiwa Mweupe aliruka kutoka mtini anywe maji.', NULL);
INSERT INTO `card` (id, type, title, header, content, option) VALUES ('8707_25', 3, NULL, 'assets/topic/asb/885.png', 'Jona na Petro walipima shabaha na kungoja kwa hamu.', NULL);
INSERT INTO `card` (id, type, title, header, content, option) VALUES ('8707_26', 3, NULL, 'assets/topic/asb/886.png', 'Siafu Mdogo alipata wazo.', NULL);
INSERT INTO `card` (id, type, title, header, content, option) VALUES ('8707_27', 3, NULL, 'assets/topic/asb/887.png', 'Aliurukia mguu wa Petro na kumuuma.', NULL);
INSERT INTO `card` (id, type, title, header, content, option) VALUES ('8707_28', 3, NULL, 'assets/topic/asb/904.png', 'Petro aliruka juu akalia kwa uchungu, "Waaa!" Aliyaachilia manati yake yakaanguka.', NULL);
INSERT INTO `card` (id, type, title, header, content, option) VALUES ('8707_29', 3, NULL, 'assets/topic/asb/888.png', 'Njiwa Mweupe alishtuka akaondoka.', NULL);
INSERT INTO `card` (id, type, title, header, content, option) VALUES ('8707_30', 3, NULL, 'assets/topic/asb/889.png', 'Hivyo ndivyo Siafu Mdogo alivyomwokoa Njiwa Mweupe.', NULL);
INSERT INTO `card` (id, type, title, header, content, option) VALUES ('8707_31', 3, NULL, NULL, 'You are free to download, copy, translate or adapt this story and use the illustrations as long as you attribute in the following way:
Siafu amwokoa Njiwa
Author -
Kholeka Mabeta and Judith Baker
Translation -
Ursula Nafula
Illustration -
Wiehan de Jager
Language -
Kiswahili
Level -
First sentences
© African Storybook Initiative 2014
Creative Commons: Attribution 4.0
Source
www.africanstorybook.org', NULL);
INSERT INTO `card` (id, type, title, header, content, option) VALUES ('15615', 2, 'Siku ambayo Jua lilipotea', 'assets/topic/asb/14611.png', 'Brigid Simiyu
 Jesse Breytenbach', 'FFB3C8FF');
INSERT INTO `card` (id, type, title, header, content, option) VALUES ('15615_3', 3, NULL, 'assets/topic/asb/14612.png', 'Mama Jua alimtembelea dadake Mwezi.
"Nitarejea karibuni," Jua alisema.', NULL);
INSERT INTO `card` (id, type, title, header, content, option) VALUES ('15615_4', 3, NULL, 'assets/topic/asb/14598.png', 'Mama Jua alipoondoka,  Milima ilihuzunika.', NULL);
INSERT INTO `card` (id, type, title, header, content, option) VALUES ('15615_5', 3, NULL, 'assets/topic/asb/14600.png', 'Upepo uliitikisa Miti.
Miti ikadondosha majani yake kwa hasira.', NULL);
INSERT INTO `card` (id, type, title, header, content, option) VALUES ('15615_6', 3, NULL, 'assets/topic/asb/14602.png', 'Anga lilianza kulalamika.
Lilibadilika na kuwa rangi ya kijivu.', NULL);
INSERT INTO `card` (id, type, title, header, content, option) VALUES ('15615_7', 3, NULL, 'assets/topic/asb/14604.png', 'Mawingu yalihuzunika.
Yalilia machozi mengi.', NULL);
INSERT INTO `card` (id, type, title, header, content, option) VALUES ('15615_8', 3, NULL, 'assets/topic/asb/14605.png', 'Ulimwengu mzima ukaanza kuzama majini.', NULL);
INSERT INTO `card` (id, type, title, header, content, option) VALUES ('15615_9', 3, NULL, 'assets/topic/asb/14606.png', 'Wakati huo, Mama Jua alimbusu dadake Mwezi.
Alimuaga tayari kurejea.', NULL);
INSERT INTO `card` (id, type, title, header, content, option) VALUES ('15615_10', 3, NULL, 'assets/topic/asb/14607.png', 'Anga lilifurahia Mama Jua. Lilibadilika rangi ya bluu.
Milima ilitabasamu.', NULL);
INSERT INTO `card` (id, type, title, header, content, option) VALUES ('15615_11', 3, NULL, 'assets/topic/asb/14608.png', 'Upepo ulilala.
Miti ikanyoosha matawi yake na kutabasamu.', NULL);
INSERT INTO `card` (id, type, title, header, content, option) VALUES ('15615_12', 3, NULL, 'assets/topic/asb/14609.png', 'Mawingu yalifurahi tena kumwona Mama Jua.
Yalienda kucheza.', NULL);
INSERT INTO `card` (id, type, title, header, content, option) VALUES ('15615_13', 3, NULL, 'assets/topic/asb/14610.png', 'Miche ilichipuka katika ardhi na kusema, "Habari."
Dunia nzima iling''ara.', NULL);
INSERT INTO `card` (id, type, title, header, content, option) VALUES ('15615_14', 3, NULL, 'assets/topic/asb/14611.png', 'Mama Jua alitoa mwangaza.
Alitabasamu akasema, "Niliwaambia nitarejea."', NULL);
INSERT INTO `card` (id, type, title, header, content, option) VALUES ('15615_15', 3, NULL, NULL, 'You are free to download, copy, translate or adapt this story and use the illustrations as long as you attribute in the following way:
Siku ambayo Jua lilipotea
Author -
Khothatso Ranoosi and Marion Drew
Translation -
Brigid Simiyu
Illustration -
Jesse Breytenbach
Language -
Kiswahili
Level -
First words
© African Storybook Initiative 2015
Creative Commons: Attribution 4.0
Source
www.africanstorybook.org
Original source
http://paleng.weebly.com/', NULL);
INSERT INTO `card` (id, type, title, header, content, option) VALUES ('15032', 2, 'Siku niliyokwenda Jijini', 'assets/topic/asb/15008.png', 'Ursula Nafula
 Brian Wambi', 'FF9DEDE3');
INSERT INTO `card` (id, type, title, header, content, option) VALUES ('15032_3', 3, NULL, 'assets/topic/asb/14993.png', 'Kituo cha basi kijijini kwetu kilikuwa na shughuli nyingi. Basi zilijaza mizigo huku abiria wakizitafuta basi walizotaka kuabiri. Kondakta waliwaelekeza abiria kwenye basi zilizokwenda sehemu mbalimbali.', NULL);
INSERT INTO `card` (id, type, title, header, content, option) VALUES ('15032_4', 3, NULL, 'assets/topic/asb/14994.png', 'Nilimsikia kondakta mmoja akiita kwa sauti, "Jiji! Jiji! Wanaokwenda magharibi!" Lile ndilo basi nililohitaji kuabiri kwa usafiri wangu.', NULL);
INSERT INTO `card` (id, type, title, header, content, option) VALUES ('15032_5', 3, NULL, 'assets/topic/asb/14995.png', 'Basi la kwenda jijini lilikuwa karibu kujaa. Hata hivyo, watu zaidi walitaka kuingia. Baadhi yao walipakia mizigo chini ya basi. Wengine waliiweka ndani kwenye rafu.', NULL);
INSERT INTO `card` (id, type, title, header, content, option) VALUES ('15032_6', 3, NULL, 'assets/topic/asb/14997.png', 'Baadhi ya abiria walishika tiketi zao huku wakitafuta viti vilivyokuwa wazi. Wanawake waliokuwa na watoto wachanga waliwatayarisha kwa safari hiyo itakayokuwa ndefu.', NULL);
INSERT INTO `card` (id, type, title, header, content, option) VALUES ('15032_7', 3, NULL, 'assets/topic/asb/14996.png', 'Nilipenyeza ndani nikapata kiti karibu na dirisha. Abiria aliyeketi karibu nami alishika karatasi ya plastiki ya kijani kibichi. Alivaa viatu vilivyozeeka na koti kukuu.', NULL);
INSERT INTO `card` (id, type, title, header, content, option) VALUES ('15032_8', 3, NULL, 'assets/topic/asb/14998.png', 'Nilitazama nje nikawaza, "Ninaondoka hapa mahali nilipolelewa nikienda kwenye jiji kubwa. Sijui ikiwa nitawahi kurudi hapa tena."', NULL);
INSERT INTO `card` (id, type, title, header, content, option) VALUES ('15032_9', 3, NULL, 'assets/topic/asb/14999.png', 'Upakiaji mizigo ulikamilika na abiria wakawa wameketi. Wachuuzi walizidi kusukumana wakitaka kuuza bidhaa zao. Walitaja majina ya bidhaa walizouza kwa sauti ya juu. Maneno yao yalinifurahisha.', NULL);
INSERT INTO `card` (id, type, title, header, content, option) VALUES ('15032_10', 3, NULL, 'assets/topic/asb/15000.png', 'Baadhi ya abiria walinunua vinywaji. Wengine walinunua vitavunaji vidogo na kutavuna. Tusiokuwa na fedha, tulitazama tu.', NULL);
INSERT INTO `card` (id, type, title, header, content, option) VALUES ('15032_11', 3, NULL, 'assets/topic/asb/15001.png', 'Shughuli hizo zilikatizwa kwa mlio wa honi ya basi. Tulikuwa tayari kuondoka. Kondakta aliwataka wachuuzi wote washuke kutoka basini.', NULL);
INSERT INTO `card` (id, type, title, header, content, option) VALUES ('15032_12', 3, NULL, 'assets/topic/asb/15002.png', 'Wachuuzi walisukumana kutoka nje. Wachache waliwarudisha abiria masalio ya hela zao. Wengine walifanya juhdi za mwisho kuuza bidhaa zao.', NULL);
INSERT INTO `card` (id, type, title, header, content, option) VALUES ('15032_13', 3, NULL, 'assets/topic/asb/15003.png', 'Basi lilipoondoka kituoni, nilichungulia dirishani. Nilikitazama kituo hicho kilichojaa magari nikiwaza,  "Pengine hii itakuwa mara yangu ya mwisho kukiona kituo hiki."', NULL);
INSERT INTO `card` (id, type, title, header, content, option) VALUES ('15032_14', 3, NULL, 'assets/topic/asb/15004.png', 'Safari ilipoendelea, nilihisi joto jingi. Niliyafumba macho nikinuia kulala.', NULL);
INSERT INTO `card` (id, type, title, header, content, option) VALUES ('15032_15', 3, NULL, 'assets/topic/asb/15005.png', 'Nilijiuliza maswali mengi. "Je, mamangu atakuwa salama? Je, sungura wangu watatufaidi? Je, ndugu yangu atakumbuka kunyunyizia maji miche ya miti yangu?"', NULL);
INSERT INTO `card` (id, type, title, header, content, option) VALUES ('15032_16', 3, NULL, 'assets/topic/asb/15006.png', 'Njiani, nilikariri jina la mahali mjombangu aliishi kule jijini. Hatimaye, nilipatwa na usingizi.', NULL);
INSERT INTO `card` (id, type, title, header, content, option) VALUES ('15032_17', 3, NULL, 'assets/topic/asb/15007.png', 'Baada ya saa tisa, niliamshwa kwa kelele nyingi. Kondakta alikuwa akiwaita abiria waliotaka kwenda kijijini kwetu. Nilichukua mkoba wangu mdogo nikaruka nje.', NULL);
INSERT INTO `card` (id, type, title, header, content, option) VALUES ('15032_18', 3, NULL, 'assets/topic/asb/15008.png', 'Basi hilo lililokuwa likirudi lilikuwa linajaa upesi. Muda mfupi baadaye, lingeanza safari ya kwenda mashariki. Jambo la mhimu kwangu, lilikuwa kuanza kutafuta nyumba ya mjombangu.', NULL);
INSERT INTO `card` (id, type, title, header, content, option) VALUES ('15032_19', 3, NULL, NULL, 'You are free to download, copy, translate or adapt this story and use the illustrations as long as you attribute in the following way:
Siku niliyokwenda Jijini
Author -
Lesley Koyi and Ursula Nafula
Translation -
Ursula Nafula
Illustration -
Brian Wambi
Language -
Kiswahili
Level -
First paragraphs
© African Storybook Initiative 2015
Creative Commons: Attribution 4.0
Source
www.africanstorybook.org', NULL);
INSERT INTO `card` (id, type, title, header, content, option) VALUES ('8433', 2, 'Siku niliyopotea sokoni', 'assets/topic/asb/1447.png', 'Pete Mhunzi
 Catherine Groenewald', 'FFB3C8FF');
INSERT INTO `card` (id, type, title, header, content, option) VALUES ('8433_3', 3, NULL, 'assets/topic/asb/1448.png', 'Mimi ninaishi katika kijiji cha Kakuma. Ni mahali pakavu penye miti ya miiba na joto jingi. Kakuma,  kuna mbuzi wengi. Wenyeji wengi hupanda baiskeli. Sokoni kuna maduka machache madogo.', NULL);
INSERT INTO `card` (id, type, title, header, content, option) VALUES ('8433_4', 3, NULL, 'assets/topic/asb/1449.png', 'Asubuhi moja, mamangu aliniita akasema, "Etabo,  leo umefika umri wa miaka sita nasi tutakupa zawadi." Nilimuuliza nikiwa na furaha tele, "Zawadi gani? Zawadi gani?" Akajibu, "Utafuatana nasi kesho twende sokoni. Tutapanda basi." Hiyo ingekuwa safari yangu ya kwanza kwenda soko kubwa.', NULL);
INSERT INTO `card` (id, type, title, header, content, option) VALUES ('8433_5', 3, NULL, 'assets/topic/asb/1450.png', 'Keshoye, tulikwenda kwenye kituo cha basi. Nilisimama kati ya mama na shangazi. Nilijisikia mdogo sana nikiwa kati yao. Nilikuwa nimevaa suruali mpya ya bluu na fulana nyekundu.', NULL);
INSERT INTO `card` (id, type, title, header, content, option) VALUES ('8433_6', 3, NULL, 'assets/topic/asb/1451.png', 'Basi lilikuwa limejaa kwa hivyo ilibidi mama anipakate. Nililala njia nzima Kwa vile nilikuwa nimechoka sana kutokana na joto. Njiani sikuona chochote.', NULL);
INSERT INTO `card` (id, type, title, header, content, option) VALUES ('8433_7', 3, NULL, 'assets/topic/asb/1452.png', 'Jua lilikuwa limeanza kuchomoza tulipofika sokoni. Langoni, palikuwa na mama muuzaji wa nafaka. Pembeni, walikuwapo wanaume wawili waliokuwa wakiviandaa viazi vitamu. Upande wa pili, mama mmoja mfupi alishika helikopta ya rangi ya bluu iliyometameta. Nilipoina, niliita, "Mama, mama,  tazama helikopta ile!"', NULL);
INSERT INTO `card` (id, type, title, header, content, option) VALUES ('8433_8', 3, NULL, 'assets/topic/asb/1453.png', 'Katikati ya soko, kulikuwa na kibanda kikubwa. Matunda aina nyingi yaliuzwa pale. "Yanaitwaje matunda haya?" Nilimwuliza mama huku nikimwonyesha aina ambayo sikuwahi kuiona.', NULL);
INSERT INTO `card` (id, type, title, header, content, option) VALUES ('8433_9', 3, NULL, 'assets/topic/asb/1454.png', 'Niliendelea kuuliza, "Na haya je?" Mama akajibu,  "Haya ni matofaa." Kati ya matunda yote kibandani,  nilipenda matofaa zaidi. Nilipotazama umbo na rangi yake, niliwazia utamu wake. "Tafadhali mama ninunulie tofaa moja?" Niliuliza.', NULL);
INSERT INTO `card` (id, type, title, header, content, option) VALUES ('8433_10', 3, NULL, 'assets/topic/asb/1455.png', 'Pindi nilipopewa tofaa, niliuachilia mkono wa mama,  nikalishika tunda kwa mikono miwili. Nililitafuna polepole nikaonja utamu wake. Nilikuwa sijawahi kulionja tunda tamu kama tofaa.', NULL);
INSERT INTO `card` (id, type, title, header, content, option) VALUES ('8433_11', 3, NULL, 'assets/topic/asb/1456.png', 'Nilipomaliza kulila tofaa, niligeuka kuongea na mama, lakini hakuwepo! Nilimtafuta mahali tulipotoka, lakini sikumwona yeye wala shangazi. Nikamwuliza mama muuzaji nafaka, lakini hakujua walipokuwa. Nikaanza kulia.', NULL);
INSERT INTO `card` (id, type, title, header, content, option) VALUES ('8433_12', 3, NULL, 'assets/topic/asb/1457.png', 'Baadaye, mama mmoja alinishika mkono na kuniongoza walipokuwa watoto wengine. Mzee mmoja mwenye ndevu aliniuliza, "Jina lako nani mwanangu?" Huku nikilia, nilimjibu, "E-ta-bo."', NULL);
INSERT INTO `card` (id, type, title, header, content, option) VALUES ('8433_13', 3, NULL, 'assets/topic/asb/1458.png', 'Nilianza kujiuliza kama watoto pia huuzwa sokoni. Mara nikaacha kulia ili nione kama wanunuzi wa watoto walikuwepo chumbani mle. Baada ya muda alikuja mama mmoja akamchagua mmojawapo wa watoto. Nikawaza, "Mimi nikichaguliwa, sitarudi nyumbani tena?"', NULL);
INSERT INTO `card` (id, type, title, header, content, option) VALUES ('8433_14', 3, NULL, 'assets/topic/asb/1459.png', 'Kisha nilimsikia yule mwanamume mwenye ndevu akiuliza, "Etabo yuko wapi?" Nililia zaidi nikisema, "Lakini mimi sitaki kwenda na wewe!" Nikatoroka.', NULL);
INSERT INTO `card` (id, type, title, header, content, option) VALUES ('8433_15', 3, NULL, 'assets/topic/asb/1460.png', 'Walipolisikia jina langu likiitwa, mama na shangazi walikimbilia chumbani humo. "Etabo, Etabo." Iliita sauti niliyoitambua kuwa ya mamangu.', NULL);
INSERT INTO `card` (id, type, title, header, content, option) VALUES ('8433_16', 3, NULL, 'assets/topic/asb/1460.png', 'Nilimkumbatia mamangu. Kisha shangazi akasema,  "Etabo, tulikuwa tunakutafuta tukupe zawadi yako ya siku ya kuzaliwa." Aliitoa helikpta iliyometameta ya rangi ya bluu kutoka kwenye mfuko mkubwa alioubeba. "Hii hapa zawadi yako!" Akasema mama.', NULL);
INSERT INTO `card` (id, type, title, header, content, option) VALUES ('8433_17', 3, NULL, NULL, 'You are free to download, copy, translate or adapt this story and use the illustrations as long as you attribute in the following way:
Siku niliyopotea sokoni
Author -
Timothy Kabare and Ursula Nafula
Translation -
Pete Mhunzi
Illustration -
Catherine Groenewald
Language -
Kiswahili
Level -
Longer paragraphs
© African Storybook Initiative, 2014  2014
Creative Commons: Attribution 4.0
Source
www.africanstorybook.org', NULL);
INSERT INTO `card` (id, type, title, header, content, option) VALUES ('11139', 2, 'Siku tuliyouona upinde', 'assets/topic/asb/10970.png', 'Ursula Nafula
 Wiehan de Jager', 'FFB3C8FF');
INSERT INTO `card` (id, type, title, header, content, option) VALUES ('11139_3', 3, NULL, 'assets/topic/asb/10965.png', 'Jina langu ni Kobole. Ninaishi katika kijiji kiitwacho Mbalisana.', NULL);
INSERT INTO `card` (id, type, title, header, content, option) VALUES ('11139_4', 3, NULL, 'assets/topic/asb/10966.png', 'Siku moja nilikuwa nikichuma matunda. Nilishuhudia jambo la kushangaza.', NULL);
INSERT INTO `card` (id, type, title, header, content, option) VALUES ('11139_5', 3, NULL, 'assets/topic/asb/10967.png', 'Niliona mistari ya rangi tofauti angani.', NULL);
INSERT INTO `card` (id, type, title, header, content, option) VALUES ('11139_6', 3, NULL, 'assets/topic/asb/10969.png', 'Niliyaangusha matunda niliyokuwa nimechuma. Kisha, nikakimbia kuwaambia watu nyumbani.', NULL);
INSERT INTO `card` (id, type, title, header, content, option) VALUES ('11139_7', 3, NULL, 'assets/topic/asb/10970.png', 'Niliwapata wakiwa wamesimama nje wakitazama juu kwa mshangao.', NULL);
INSERT INTO `card` (id, type, title, header, content, option) VALUES ('11139_8', 3, NULL, 'assets/topic/asb/10971.png', 'Nilisema kwa furaha, "Hii ni shuka maridadi." Neno alinipinga akisema, "La! Hii ni rangi tofauti zinamwagika kutoka angani."', NULL);
INSERT INTO `card` (id, type, title, header, content, option) VALUES ('11139_9', 3, NULL, 'assets/topic/asb/10973.png', 'Baadhi ya wanakijiji walikubaliana nami na wengine waliamini aliyosema Neno. Tulianza kubishana.', NULL);
INSERT INTO `card` (id, type, title, header, content, option) VALUES ('11139_10', 3, NULL, 'assets/topic/asb/10975.png', 'Wakati huo, mgeni mmoja alitokea na kusema,  "Mmekosea nyote."', NULL);
INSERT INTO `card` (id, type, title, header, content, option) VALUES ('11139_11', 3, NULL, 'assets/topic/asb/10976.png', 'Tulipiga mayowe, "Ikiwa tumekosea, wewe tueleze ukweli."', NULL);
INSERT INTO `card` (id, type, title, header, content, option) VALUES ('11139_12', 3, NULL, 'assets/topic/asb/10977.png', 'Yule mgeni alisema, "Mnachoshuhudia ni upinde. Kwani ninyi hamjawahi kuuona upinde?"', NULL);
INSERT INTO `card` (id, type, title, header, content, option) VALUES ('11139_13', 3, NULL, 'assets/topic/asb/10979.png', 'Kwa mshangao zaidi, tulimjibu, "La! U-p-i-n-d-e ni nini?"', NULL);
INSERT INTO `card` (id, type, title, header, content, option) VALUES ('11139_14', 3, NULL, 'assets/topic/asb/10980.png', 'Neno alimwuliza, "Je, huu upinde ni wetu? Tunaweza kuuweka hapa?" Hatukupata majibu kwa maswali yetu. Mgeni huyo alikuwa tayari ameenda zake.', NULL);
INSERT INTO `card` (id, type, title, header, content, option) VALUES ('11139_15', 3, NULL, NULL, 'You are free to download, copy, translate or adapt this story and use the illustrations as long as you attribute in the following way:
Siku tuliyouona upinde
Author -
Ursula Nafula
Illustration -
Wiehan de Jager
Language -
Kiswahili
Level -
First sentences
© African Storybook Initiative 2015
Creative Commons: Attribution 4.0
Source
www.africanstorybook.org', NULL);
INSERT INTO `card` (id, type, title, header, content, option) VALUES ('21059', 2, 'Simba Jike na Mbuni', 'assets/topic/asb/19205.png', 'Brigid Simiyu
 Brian Wambi', 'FFB3C8FF');
INSERT INTO `card` (id, type, title, header, content, option) VALUES ('21059_3', 3, NULL, 'assets/topic/asb/19195.png', 'Mbuni na Simba Jike walikuwa marafiki wakati mmoja.', NULL);
INSERT INTO `card` (id, type, title, header, content, option) VALUES ('21059_4', 3, NULL, 'assets/topic/asb/19196.png', 'Mbuni aliwalisha wanawe vyema.
Walikuwa wenye afya nzuri.', NULL);
INSERT INTO `card` (id, type, title, header, content, option) VALUES ('21059_5', 3, NULL, 'assets/topic/asb/19197.png', 'Watoto wa Simba Jike walikonda.
Hawakupata chakula cha kutosha.', NULL);
INSERT INTO `card` (id, type, title, header, content, option) VALUES ('21059_6', 3, NULL, 'assets/topic/asb/19198.png', 'Simba Jike alitamani vifaranga wa Mbuni kuwa wake.', NULL);
INSERT INTO `card` (id, type, title, header, content, option) VALUES ('21059_7', 3, NULL, 'assets/topic/asb/19199.png', 'Siku moja, Mbuni alikwenda safari.
Simba Jike alichukuwa vifaranga wake.', NULL);
INSERT INTO `card` (id, type, title, header, content, option) VALUES ('21059_8', 3, NULL, 'assets/topic/asb/19200.png', 'Mbuni aliporudi, aliuliza, "Watoto wangu wako wapi?"', NULL);
INSERT INTO `card` (id, type, title, header, content, option) VALUES ('21059_9', 3, NULL, 'assets/topic/asb/19201.png', 'Mbuni alimkuta Simba Jike na watoto wake.', NULL);
INSERT INTO `card` (id, type, title, header, content, option) VALUES ('21059_10', 3, NULL, 'assets/topic/asb/19202.png', 'Simba Jike alimwambia, "Vifaranga ni wangu sasa. Wachukue wana simba."', NULL);
INSERT INTO `card` (id, type, title, header, content, option) VALUES ('21059_11', 3, NULL, 'assets/topic/asb/19203.png', 'Mbuni alijiuliza, "Nitawapataje wanangu?"', NULL);
INSERT INTO `card` (id, type, title, header, content, option) VALUES ('21059_12', 3, NULL, 'assets/topic/asb/19204.png', 'Mbuni aliitisha mkutana wa wanyama wote.', NULL);
INSERT INTO `card` (id, type, title, header, content, option) VALUES ('21059_13', 3, NULL, 'assets/topic/asb/19205.png', 'Wanyama walifika kuhudhuria mkutano.', NULL);
INSERT INTO `card` (id, type, title, header, content, option) VALUES ('21059_14', 3, NULL, 'assets/topic/asb/19206.png', 'Tembo aliwauliza Mbuni na Simba Jike kujieleza.', NULL);
INSERT INTO `card` (id, type, title, header, content, option) VALUES ('21059_15', 3, NULL, 'assets/topic/asb/19207.png', 'Wanyama wengi waliogopa kumulaumu Simba Jike.', NULL);
INSERT INTO `card` (id, type, title, header, content, option) VALUES ('21059_16', 3, NULL, 'assets/topic/asb/19208.png', 'Kichakuro alisema, "Watoto wanaofanana na ndege, ni wa Mbuni."', NULL);
INSERT INTO `card` (id, type, title, header, content, option) VALUES ('21059_17', 3, NULL, 'assets/topic/asb/19209.png', 'Baada ya kusema hivyo, Kichakuro alitoroka akaingia shimoni.', NULL);
INSERT INTO `card` (id, type, title, header, content, option) VALUES ('21059_18', 3, NULL, 'assets/topic/asb/19210.png', 'Simba Jike alikasirika sana.
Alirudi kwake na wana simba.', NULL);
INSERT INTO `card` (id, type, title, header, content, option) VALUES ('21059_19', 3, NULL, NULL, 'You are free to download, copy, translate or adapt this story and use the illustrations as long as you attribute in the following way:
Simba Jike na Mbuni
Author -
Daniel Nanok
Translation -
Brigid Simiyu
Illustration -
Brian Wambi
Language -
Kiswahili
Level -
First words
© African Storybook Initiative 2016
Creative Commons: Attribution 4.0
Source
www.africanstorybook.org', NULL);
INSERT INTO `card` (id, type, title, header, content, option) VALUES ('22002', 2, 'Simbi ampata mama mpya', 'assets/topic/asb/1682.png', 'Ursula Nafula
Benjamin Mitchley', 'FF9DEDE3');
INSERT INTO `card` (id, type, title, header, content, option) VALUES ('22002_3', 3, NULL, 'assets/topic/asb/1675.png', 'Mama yake Simbi aliaga dunia.
Simbi na baba yake walisaidiana.', NULL);
INSERT INTO `card` (id, type, title, header, content, option) VALUES ('22002_4', 3, NULL, 'assets/topic/asb/1676.png', 'Siku moja, baba yake Simbi alikwenda nyumbani na mwanamke.
Aliitwa Anita.', NULL);
INSERT INTO `card` (id, type, title, header, content, option) VALUES ('22002_5', 3, NULL, 'assets/topic/asb/1677.png', 'Baba yake alimtaka Simbi kumkubali Anita kama mama yake.', NULL);
INSERT INTO `card` (id, type, title, header, content, option) VALUES ('22002_6', 3, NULL, 'assets/topic/asb/1678.png', 'Simbi hakufurahi.
Alipata faraja kwa kulishika blanketi la mama yake.', NULL);
INSERT INTO `card` (id, type, title, header, content, option) VALUES ('22002_7', 3, NULL, 'assets/topic/asb/1679.png', 'Baba yake Simbi alienda kufanya kazi mbali.
Anita na Simbi hawakufurahi.', NULL);
INSERT INTO `card` (id, type, title, header, content, option) VALUES ('22002_8', 3, NULL, 'assets/topic/asb/1680.png', 'Anita alizoea kumpiga Simbi.
Wakati mwingine, alimnyima chakula.', NULL);
INSERT INTO `card` (id, type, title, header, content, option) VALUES ('22002_9', 3, NULL, 'assets/topic/asb/1681.png', 'Anita alimvuta Simbi kutoka kitandani.
Blanketi la mama yake liliraruka.', NULL);
INSERT INTO `card` (id, type, title, header, content, option) VALUES ('22002_10', 3, NULL, 'assets/topic/asb/1674.png', 'Simbi alitoroka nyumbani.
Alilibeba lile blanketi pamoja na chakula.', NULL);
INSERT INTO `card` (id, type, title, header, content, option) VALUES ('22002_11', 3, NULL, 'assets/topic/asb/1682.png', 'Alipanda akaketi juu ya mti.
Alimwimbia mama yake wimbo.', NULL);
INSERT INTO `card` (id, type, title, header, content, option) VALUES ('22002_12', 3, NULL, 'assets/topic/asb/1683.png', 'Mwanamke mmoja aliusikiliza wimbo huo kwa makini.', NULL);
INSERT INTO `card` (id, type, title, header, content, option) VALUES ('22002_13', 3, NULL, 'assets/topic/asb/1685.png', 'Alifahamu kuwa Simbi ni mtoto wa ndugu yake.', NULL);
INSERT INTO `card` (id, type, title, header, content, option) VALUES ('22002_14', 3, NULL, 'assets/topic/asb/1686.png', 'Simbi alienda na shangazi yake.
Alikula na kulala vizuri.', NULL);
INSERT INTO `card` (id, type, title, header, content, option) VALUES ('22002_15', 3, NULL, 'assets/topic/asb/2483.png', 'Baba aliporudi nyumbani, hakumkuta Simbi.', NULL);
INSERT INTO `card` (id, type, title, header, content, option) VALUES ('22002_16', 3, NULL, 'assets/topic/asb/1688.png', '"Unaweza kuishi na shangazi yako wakati wowote unapotaka." Baba alisema.', NULL);
INSERT INTO `card` (id, type, title, header, content, option) VALUES ('22002_17', 3, NULL, 'assets/topic/asb/1690.png', 'Anita na Simbi walianza kupendana.', NULL);
INSERT INTO `card` (id, type, title, header, content, option) VALUES ('22002_18', 3, NULL, 'assets/topic/asb/1691.png', 'Anita aliwapikia chakula.
Simbi alijua angerudi nyumbani wakati wowote.', NULL);
INSERT INTO `card` (id, type, title, header, content, option) VALUES ('22002_19', 3, NULL, NULL, 'You are free to download, copy, translate or adapt this story and use the illustrations as long as you attribute in the following way:
Simbi ampata mama mpya
Author -
Rukia Nantale
Translation -
Ursula Nafula
Illustration -
Benjamin Mitchley
Language -
Kiswahili
Level -
First words
© African Storybook Initiative 2014
Creative Commons: Attribution 4.0
Source
www.africanstorybook.org', NULL);
INSERT INTO `card` (id, type, title, header, content, option) VALUES ('20374', 2, 'Sokwe na Mamba', 'assets/topic/asb/19079.png', 'Brigid Simiyu', 'FFB3C8FF');
INSERT INTO `card` (id, type, title, header, content, option) VALUES ('20374_3', 3, NULL, 'assets/topic/asb/19075.png', 'Sokwe alimkuta Mamba kando ya ziwa.', NULL);
INSERT INTO `card` (id, type, title, header, content, option) VALUES ('20374_4', 3, NULL, 'assets/topic/asb/19076.png', 'Akamwuliza Mamba, "Unaishi wapi?"
Mamba akamjibu, "Ziwani."', NULL);
INSERT INTO `card` (id, type, title, header, content, option) VALUES ('20374_5', 3, NULL, 'assets/topic/asb/19077.png', 'Mamba akamwuliza, "Wewe unaishi wapi?"
Sokwe akamjibu, "Kwenye miti."', NULL);
INSERT INTO `card` (id, type, title, header, content, option) VALUES ('20374_6', 3, NULL, 'assets/topic/asb/19078.png', 'Mamba akataka kumjua Sokwe zaidi.
Akamwuliza, "Unaweza kuogelea?"', NULL);
INSERT INTO `card` (id, type, title, header, content, option) VALUES ('20374_7', 3, NULL, 'assets/topic/asb/19079.png', '"Siwezi," Sokwe akamjibu.
Mamba akasema, "Nitakufunza."', NULL);
INSERT INTO `card` (id, type, title, header, content, option) VALUES ('20374_8', 3, NULL, 'assets/topic/asb/19080.png', 'Mamba akasema, "Sisi sasa ni marafiki. Usiogope."', NULL);
INSERT INTO `card` (id, type, title, header, content, option) VALUES ('20374_9', 3, NULL, 'assets/topic/asb/19081.png', 'Mamba akasema, "Mjomba ni mgonjwa. Anahitaji
nyama ili apone."', NULL);
INSERT INTO `card` (id, type, title, header, content, option) VALUES ('20374_10', 3, NULL, 'assets/topic/asb/19082.png', 'Sokwe akaogopa sana.
Je, Mamba atamula?', NULL);
INSERT INTO `card` (id, type, title, header, content, option) VALUES ('20374_11', 3, NULL, 'assets/topic/asb/19083.png', 'Sokwe akataka kumtoroka Mamba.', NULL);
INSERT INTO `card` (id, type, title, header, content, option) VALUES ('20374_12', 3, NULL, 'assets/topic/asb/19084.png', 'Sokwe akapata wazo zuri.', NULL);
INSERT INTO `card` (id, type, title, header, content, option) VALUES ('20374_13', 3, NULL, 'assets/topic/asb/19085.png', '"Nitautoa moyo wangu umpatie," Sokwe akaahidi.', NULL);
INSERT INTO `card` (id, type, title, header, content, option) VALUES ('20374_14', 3, NULL, 'assets/topic/asb/19086.png', '"Lakini moyo wangu uko mtini," Sokwe akasema.', NULL);
INSERT INTO `card` (id, type, title, header, content, option) VALUES ('20374_15', 3, NULL, 'assets/topic/asb/19087.png', '"Utauleta moyo wako?" Mamba akauliza.
Sokwe akamjibu, "Ndiyo."', NULL);
INSERT INTO `card` (id, type, title, header, content, option) VALUES ('20374_16', 3, NULL, 'assets/topic/asb/19088.png', 'Mamba akaogelea kutoka majini.
Sokwe akakimbilia kwenye miti.', NULL);
INSERT INTO `card` (id, type, title, header, content, option) VALUES ('20374_17', 3, NULL, 'assets/topic/asb/19089.png', '"Wewe si rafiki yangu. Ulinidanganya!" Mamba akasema.', NULL);
INSERT INTO `card` (id, type, title, header, content, option) VALUES ('20374_18', 3, NULL, 'assets/topic/asb/19090.png', '"Hatuko marafiki. Unataka kunila!" Sokwe akamjibu.', NULL);
INSERT INTO `card` (id, type, title, header, content, option) VALUES ('20374_19', 3, NULL, NULL, 'You are free to download, copy, translate or adapt this story and use the illustrations as long as you attribute in the following way:
Sokwe na Mamba
Author -
Mulualem Daba
Translation -
Brigid Simiyu
Illustration -
Language -
Kiswahili
Level -
First words
© African Storybook Initiative 2016
Creative Commons: Attribution 4.0
Source
www.africanstorybook.org', NULL);
INSERT INTO `card` (id, type, title, header, content, option) VALUES ('18342', 2, 'Sungura amdanganya Tembo', 'assets/topic/asb/13000.png', 'Ursula Nafula
 Wiehan de Jager', 'FF9DEDE3');
INSERT INTO `card` (id, type, title, header, content, option) VALUES ('18342_3', 3, NULL, 'assets/topic/asb/13000.png', 'Tembo na Sungura walikuwa marafiki.', NULL);
INSERT INTO `card` (id, type, title, header, content, option) VALUES ('18342_4', 3, NULL, 'assets/topic/asb/13001.png', 'Walilisha mifugo yao sehemu iliyokuwa na nyasi na maji.', NULL);
INSERT INTO `card` (id, type, title, header, content, option) VALUES ('18342_5', 3, NULL, 'assets/topic/asb/13002.png', 'Walizoea kucheza mpira wa miguu.', NULL);
INSERT INTO `card` (id, type, title, header, content, option) VALUES ('18342_6', 3, NULL, 'assets/topic/asb/13003.png', 'Tembo alifunga mabao mengi.
Sungura hakufurahi.', NULL);
INSERT INTO `card` (id, type, title, header, content, option) VALUES ('18342_7', 3, NULL, 'assets/topic/asb/13004.png', 'Sungura aliuliza, "Nini inakusaidia kucheza vyema?"
"Miguu yangu mikubwa."', NULL);
INSERT INTO `card` (id, type, title, header, content, option) VALUES ('18342_8', 3, NULL, 'assets/topic/asb/13005.png', 'Sungura na Tembo walishindana mbio.
Sungura alishinda.', NULL);
INSERT INTO `card` (id, type, title, header, content, option) VALUES ('18342_9', 3, NULL, 'assets/topic/asb/13006.png', 'Alimwuliza, "Nini inakusaidia kwenda mbio?"
"Miguu yangu myembamba."', NULL);
INSERT INTO `card` (id, type, title, header, content, option) VALUES ('18342_10', 3, NULL, 'assets/topic/asb/13007.png', 'Tembo alimwuliza Sungura, "Nitapataje miguu myembamba?"
"Nitakuonyesha."', NULL);
INSERT INTO `card` (id, type, title, header, content, option) VALUES ('18342_11', 3, NULL, 'assets/topic/asb/13008.png', 'Sungura alisema, "Simama ndani ya moto."
Tembo alilia, "Ninaungua!"', NULL);
INSERT INTO `card` (id, type, title, header, content, option) VALUES ('18342_12', 3, NULL, 'assets/topic/asb/13009.png', 'Sungura alisema, "Hii ndiyo njia pekee ya kuipata miguu  myembamba."', NULL);
INSERT INTO `card` (id, type, title, header, content, option) VALUES ('18342_13', 3, NULL, 'assets/topic/asb/13010.png', 'Tembo alilala chini.', NULL);
INSERT INTO `card` (id, type, title, header, content, option) VALUES ('18342_14', 3, NULL, 'assets/topic/asb/13012.png', 'Kwa siku nyingi, hakuweza kusimama.', NULL);
INSERT INTO `card` (id, type, title, header, content, option) VALUES ('18342_15', 3, NULL, 'assets/topic/asb/13013.png', 'Alipopata nafuu, alienda nyumbani kwa familia yake.', NULL);
INSERT INTO `card` (id, type, title, header, content, option) VALUES ('18342_16', 3, NULL, 'assets/topic/asb/13014.png', 'Sungura alisikitika sana.
Alimwomba Tembo msamaha.', NULL);
INSERT INTO `card` (id, type, title, header, content, option) VALUES ('18342_17', 3, NULL, NULL, 'You are free to download, copy, translate or adapt this story and use the illustrations as long as you attribute in the following way:
Sungura amdanganya Tembo
Author -
Agnes Gichaba
Translation -
Ursula Nafula
Illustration -
Wiehan de Jager
Language -
Kiswahili
Level -
First words
© African Storybook Initiative 2015
Creative Commons: Attribution 4.0
Source
www.africanstorybook.org', NULL);
INSERT INTO `card` (id, type, title, header, content, option) VALUES ('8438', 2, 'Sungura chini ya mti', 'assets/topic/asb/7610.png', 'Pete Mhunzi
 Wiehan de Jager', 'FF9DEDE3');
INSERT INTO `card` (id, type, title, header, content, option) VALUES ('8438_3', 3, NULL, 'assets/topic/asb/7595.png', 'Sungura alikuwa amelala chini ya mtofaa. Tofaa lilianguka chini kutoka tawi moja.', NULL);
INSERT INTO `card` (id, type, title, header, content, option) VALUES ('8438_4', 3, NULL, 'assets/topic/asb/7596.png', 'Sungura aliisikia sauti ikisema, ''Kimbia, Sungura, kimbia!'' Sungura aliamka na bila kukawia akaanza kukimbia mbio sana.', NULL);
INSERT INTO `card` (id, type, title, header, content, option) VALUES ('8438_5', 3, NULL, 'assets/topic/asb/7597.png', 'Sungura alikutana na Kuku. "Mbona unakimbia?" Kuku alimwuliza. Sungura akamjibu, "Sijui. Nilisikia tu kitu kikianguka nayo sauti ikasema, ''Kimbia, Sungura kimbia!''"', NULL);
INSERT INTO `card` (id, type, title, header, content, option) VALUES ('8438_6', 3, NULL, 'assets/topic/asb/7598.png', 'Kuku alishituka akaanza kukimbia alipomsikia maneno aliyosema Sungura.', NULL);
INSERT INTO `card` (id, type, title, header, content, option) VALUES ('8438_7', 3, NULL, 'assets/topic/asb/7599.png', 'Walikutana na Mbwa akawauliza, "Kwa nini mnakimbia?" Kuku akamjibu, "Sijui. Nilisikia Sungura akipiga makelele naye hajui. Alisikia kitu kikianguka na sauti ikisema, ''Kimbia, Sungura kimbia!''"', NULL);
INSERT INTO `card` (id, type, title, header, content, option) VALUES ('8438_8', 3, NULL, 'assets/topic/asb/7600.png', 'Mbwa akashangaa akaanza kukimbia pamoja na Sungura na Kuku.', NULL);
INSERT INTO `card` (id, type, title, header, content, option) VALUES ('8438_9', 3, NULL, 'assets/topic/asb/7601.png', 'Walikutana na Farasi akawamwuliza Mbwa, "Mbona mnakimbia?" Mbwa akamjibu, "Sijui. Nilisikia Kuku akisema hajui na wala Sungura hajui. Alisikia kitu kikianguka na sauti ikisema, ''Kimbia, Sungura kimbia!''"', NULL);
INSERT INTO `card` (id, type, title, header, content, option) VALUES ('8438_10', 3, NULL, 'assets/topic/asb/7602.png', 'Farasi naye akaanza kukimbia pamoja na Sungura, Mbwa na Kuku.', NULL);
INSERT INTO `card` (id, type, title, header, content, option) VALUES ('8438_11', 3, NULL, 'assets/topic/asb/7603.png', 'Walikutana na Punda akawauliza, "Kwa nini mnakimbia?" Farasi alimjibu, "Sijui. Nilimsikia Mbwa akisema hajui. Yeye alimsikia Kuku ambaye hajui. Kuku naye alimsikia Sungura ambaye pia hajui. Alisikia tu kitu kikianguka na sauti ikisema, ''Kimbia, Sungura, kimbia!''"', NULL);
INSERT INTO `card` (id, type, title, header, content, option) VALUES ('8438_12', 3, NULL, 'assets/topic/asb/7604.png', 'Basi Punda pia akaanza kukimbia pamoja na Sungura, Mbwa, Kuku na Farasi.', NULL);
INSERT INTO `card` (id, type, title, header, content, option) VALUES ('8438_13', 3, NULL, 'assets/topic/asb/7605.png', 'Walikutana na Ng''ombe akawauliza, "Kwa nini mnakimbia?" Punda alimjibu, "Sijui. Nilisikia alivyosema Farasi, naye hajui. Yeye alisikia Mbwa na Mbwa hajui. Alimsikia Kuku naye Kuku hajui. Alimsikia Sungura naye pia hajui. Yeye alisikia kitu kikianguka na sauti ikisema, ''Kimbia, Sungura, kimbia!''"', NULL);
INSERT INTO `card` (id, type, title, header, content, option) VALUES ('8438_14', 3, NULL, 'assets/topic/asb/7606.png', 'Ng''ombe akapata wasiwasi na akaanza kukimbia pamoja na Sungura, Mbwa, Kuku, Farasi na Punda.', NULL);
INSERT INTO `card` (id, type, title, header, content, option) VALUES ('8438_15', 3, NULL, 'assets/topic/asb/7607.png', 'Walikutana na Paka akauliza, "Kwa nini mnakimbia?" Ng''ombe alijibu, "Sijui. Nilisikia tu alivyosema Punda naye hajui. Yeye alimsikia Farasi naye Farasi hajui. Alimsikia Mbwa ambaye hajui. Yeye alimsikia Kuku na Kuku hajui. Kuku alimsikia Sungura ambaye hajui ila alisikia kitu kikianguka na sauti ikisema, ''Kimbia, Sungura, kimbia!''"', NULL);
INSERT INTO `card` (id, type, title, header, content, option) VALUES ('8438_16', 3, NULL, 'assets/topic/asb/7608.png', 'Paka naye akaanza kukimbia pamoja na wanyama wengine.', NULL);
INSERT INTO `card` (id, type, title, header, content, option) VALUES ('8438_17', 3, NULL, 'assets/topic/asb/7609.png', 'Walikutana na mvulana aliyekuwa amepanda baiskeli. Mvulana aliwauliza, "Mbona nyote mnakimbia?" Wanyama walimjibu, "Hatujui. Tulimsikia Sungura alivyosema naye hajui. Alisikia kitu kikianguka na sauti ikisema, ''Kimbia, Sungura, kimbia!''"', NULL);
INSERT INTO `card` (id, type, title, header, content, option) VALUES ('8438_18', 3, NULL, 'assets/topic/asb/7610.png', 'Mvulana alicheka akasema, "Upepo uliangusha tofaa. Mimi ndiye nilisema, ''Kimbia, Sungura kimbia!''"', NULL);
INSERT INTO `card` (id, type, title, header, content, option) VALUES ('8438_19', 3, NULL, NULL, 'You are free to download, copy, translate or adapt this story and use the illustrations as long as you attribute in the following way:
Sungura chini ya mti
Author -
Phumy Zikode
Translation -
Pete Mhunzi
Illustration -
Wiehan de Jager
Language -
Kiswahili
Level -
Longer paragraphs
© African Storybook Initiative 2014
Creative Commons: Attribution 4.0
Source
www.africanstorybook.org', NULL);
INSERT INTO `card` (id, type, title, header, content, option) VALUES ('17533', 2, 'Sungura Mjanja', 'assets/topic/asb/17187.png', 'Olenkotila Primary School Teachers Kajiado
 Abraham Muzee', 'FF9DEDE3');
INSERT INTO `card` (id, type, title, header, content, option) VALUES ('17533_3', 3, NULL, 'assets/topic/asb/17185.png', 'Siku moja Sungura alienda kutafuta chakula. Alikutana na Ndovu aliyekuwa amebeba asali mgongoni. Sungura alimwambia Ndovu, "Tafadhali nibebe. Mimi ni mnyonge."', NULL);
INSERT INTO `card` (id, type, title, header, content, option) VALUES ('17533_4', 3, NULL, 'assets/topic/asb/17186.png', 'Ndovu alikubali Sungura akadakia mgongo wake. Sungura alianza kula asali ya Ndovu!', NULL);
INSERT INTO `card` (id, type, title, header, content, option) VALUES ('17533_5', 3, NULL, 'assets/topic/asb/17187.png', 'Asali ilidondoka ilianza kudondoka. Ndovu alipomwuliza, Sungura alisema kuwa yalikuwa maji yaliyotoka kwenye kidonda chake.', NULL);
INSERT INTO `card` (id, type, title, header, content, option) VALUES ('17533_6', 3, NULL, 'assets/topic/asb/17188.png', 'Waliufikia mto na kumkuta kiboko mkubwa akinywa maji.', NULL);
INSERT INTO `card` (id, type, title, header, content, option) VALUES ('17533_7', 3, NULL, 'assets/topic/asb/17189.png', 'Sungura alitaka kujua kati ya Ndovu na Kiboko, ni nani aliyekuwa na nguvu kumshinda mwingine.', NULL);
INSERT INTO `card` (id, type, title, header, content, option) VALUES ('17533_8', 3, NULL, 'assets/topic/asb/17190.png', 'Walianza kubishana. Ndovu alisema yeye ndiye mwenye nguvu zaidi naye Kiboko akasema ni yeye.', NULL);
INSERT INTO `card` (id, type, title, header, content, option) VALUES ('17533_9', 3, NULL, 'assets/topic/asb/17191.png', 'Sungura alisema kuwa alijua jinsi ya kutambua aliyekuwa na nguvu zaidi. Aliwaambia wamsubiri.', NULL);
INSERT INTO `card` (id, type, title, header, content, option) VALUES ('17533_10', 3, NULL, 'assets/topic/asb/17192.png', 'Sungura alirudi akiwa na kamba ndefu. Alimfunga Ndovu kiunoni na kumwelekeza mbali na mto.', NULL);
INSERT INTO `card` (id, type, title, header, content, option) VALUES ('17533_11', 3, NULL, 'assets/topic/asb/17193.png', 'Kisha Sungura akamfunga Kiboko kiunoni na kumuacha pale karibu na mto.', NULL);
INSERT INTO `card` (id, type, title, header, content, option) VALUES ('17533_12', 3, NULL, 'assets/topic/asb/17194.png', 'Sungura alijificha mtini akawaambia, "Tayari! Moja,  mbili, tatu! Vuta sasa!"', NULL);
INSERT INTO `card` (id, type, title, header, content, option) VALUES ('17533_13', 3, NULL, 'assets/topic/asb/17195.png', 'Kiboko na Ndovu walivutana. Ndovu akamvuta Kiboko naye Kiboko akamvuta Ndovu.', NULL);
INSERT INTO `card` (id, type, title, header, content, option) VALUES ('17533_14', 3, NULL, 'assets/topic/asb/17196.png', 'Kiboko na Ndovu wakavutana lakini, hakuna aliyeweza kushinda.', NULL);
INSERT INTO `card` (id, type, title, header, content, option) VALUES ('17533_15', 3, NULL, 'assets/topic/asb/17198.png', 'Sungura aliendelea kula asali ya Ndovu kule mtini.', NULL);
INSERT INTO `card` (id, type, title, header, content, option) VALUES ('17533_16', 3, NULL, 'assets/topic/asb/17199.png', 'Baadaye alipomaliza kuila asali, aliikata kamba karibu sana na Kiboko.', NULL);
INSERT INTO `card` (id, type, title, header, content, option) VALUES ('17533_17', 3, NULL, 'assets/topic/asb/17200.png', 'Ndovu aliuangukia mti kwa kishindo.', NULL);
INSERT INTO `card` (id, type, title, header, content, option) VALUES ('17533_18', 3, NULL, 'assets/topic/asb/17201.png', 'Sungura alimshangilia Kiboko akisema kwamba yeye ndiye mwenye nguvu zaidi.', NULL);
INSERT INTO `card` (id, type, title, header, content, option) VALUES ('17533_19', 3, NULL, NULL, 'You are free to download, copy, translate or adapt this story and use the illustrations as long as you attribute in the following way:
Sungura Mjanja
Author -
Dan Kaasha
Translation -
Olenkotila Primary School Teachers Kajiado
Illustration -
Abraham Muzee
Language -
Kiswahili
Level -
First sentences
© African Storybook Initiative 2016
Creative Commons: Attribution 4.0
Source
www.africanstorybook.org', NULL);
INSERT INTO `card` (id, type, title, header, content, option) VALUES ('21134', 2, 'Sungura na Fisi wanapanda mimea', 'assets/topic/asb/8138.png', 'Brigid Simiyu
Rob Owen', 'FF9DEDE3');
INSERT INTO `card` (id, type, title, header, content, option) VALUES ('21134_3', 3, NULL, 'assets/topic/asb/8135.png', 'Hapo zamani, Sungura na Fisi walikuwa marafiki wazuri.', NULL);
INSERT INTO `card` (id, type, title, header, content, option) VALUES ('21134_4', 3, NULL, 'assets/topic/asb/8136.png', 'Sungura alimwambia Fisi, “Ningependa tulime pamoja.”', NULL);
INSERT INTO `card` (id, type, title, header, content, option) VALUES ('21134_5', 3, NULL, 'assets/topic/asb/8137.png', 'Sungura alionelea wapande mahindi na wagawane majukumu.', NULL);
INSERT INTO `card` (id, type, title, header, content, option) VALUES ('21134_6', 3, NULL, 'assets/topic/asb/8138.png', 'Sungura alimwambia Fisi, "Kazi yangu ya kuwafukuza ndege ni ngumu."', NULL);
INSERT INTO `card` (id, type, title, header, content, option) VALUES ('21134_7', 3, NULL, 'assets/topic/asb/8139.png', 'Fisi alikubali kulima shamba peke yake.', NULL);
INSERT INTO `card` (id, type, title, header, content, option) VALUES ('21134_8', 3, NULL, 'assets/topic/asb/8140.png', 'Wakati Fisi aling’oa magugu, Sungura aliketi chini akiimba.', NULL);
INSERT INTO `card` (id, type, title, header, content, option) VALUES ('21134_9', 3, NULL, 'assets/topic/asb/8141.png', 'Mahinid yalipokuwa  tayari, Sungura alifurahi kuwafukuza ndege.', NULL);
INSERT INTO `card` (id, type, title, header, content, option) VALUES ('21134_10', 3, NULL, 'assets/topic/asb/8142.png', 'Sungura alisema, “Nitavuna yaliyo juu ya udongo. Utavuna yaliyo chini.”', NULL);
INSERT INTO `card` (id, type, title, header, content, option) VALUES ('21134_11', 3, NULL, 'assets/topic/asb/8143.png', 'Sungura alivuna mahindi yote akahifadhi.', NULL);
INSERT INTO `card` (id, type, title, header, content, option) VALUES ('21134_12', 3, NULL, 'assets/topic/asb/8144.png', 'Fisi alikuta mizizi tupu chini ya udongo.', NULL);
INSERT INTO `card` (id, type, title, header, content, option) VALUES ('21134_13', 3, NULL, 'assets/topic/asb/8145.png', 'Fisi aligundua kwamba alikuwa amedanganywa.
Alikasirika sana.', NULL);
INSERT INTO `card` (id, type, title, header, content, option) VALUES ('21134_14', 3, NULL, 'assets/topic/asb/8146.png', 'Walipanda viazi. Fisi alisema, “Nitavuna yaliyo juu ya
udongo.”', NULL);
INSERT INTO `card` (id, type, title, header, content, option) VALUES ('21134_15', 3, NULL, 'assets/topic/asb/8147.png', 'Walifanya kazi pamoja shambani wakiimba.', NULL);
INSERT INTO `card` (id, type, title, header, content, option) VALUES ('21134_16', 3, NULL, 'assets/topic/asb/8148.png', 'Wakati wa kuvuna, Fisi alivuna majani ya viazi pekee.', NULL);
INSERT INTO `card` (id, type, title, header, content, option) VALUES ('21134_17', 3, NULL, 'assets/topic/asb/8149.png', 'Sungura alivuna viazi vingi vikubwa akahifadhi.', NULL);
INSERT INTO `card` (id, type, title, header, content, option) VALUES ('21134_18', 3, NULL, 'assets/topic/asb/8150.png', 'Fisi alimkimbiza Sungura akitaka kulipiza kisasi.
Urafiki wao uliisha.', NULL);
INSERT INTO `card` (id, type, title, header, content, option) VALUES ('21134_19', 3, NULL, NULL, 'You are free to download, copy, translate or adapt this story and use the illustrations as long as you attribute in the following way:
Sungura na Fisi wanapanda mimea
Author -
Mutugi Kamundi
Translation -
Brigid Simiyu
Illustration -
Rob Owen
Language -
Kiswahili
Level -
First words
© African Storybook Initiative 2014
Creative Commons: Attribution 4.0
Source
www.africanstorybook.org', NULL);
INSERT INTO `card` (id, type, title, header, content, option) VALUES ('3083', 2, 'Sungura na Kobe (Tena!)', 'assets/topic/asb/2036.png', 'Brigid Simiyu
 Padmanabha', 'FF9DEDE3');
INSERT INTO `card` (id, type, title, header, content, option) VALUES ('3083_3', 3, NULL, 'assets/topic/asb/2037.png', 'Je,  unakumbuka Mbio Kuu zilizokuwa kati ya Sungura na Kobe? Kwa muda mrefu, hakuna yeyote katika miliki ya wanyama aliyeweza kuongea juu ya jambo tofauti ila zile Mbio Kuu na wapinzani wake wawili.', NULL);
INSERT INTO `card` (id, type, title, header, content, option) VALUES ('3083_5', 3, NULL, 'assets/topic/asb/2039.png', 'Inajulikana kwamba Sungura alishindwa kwa kuwa mvivu na mwenye kujiamini zaidi. Vilevile inajulikana kuwa Kobe alishinda kwa mwendo wake wa polepole na kwa kuwa imara. Wanyama wa pori walijua hili na wakaendelea kuwaheshimu wanyama hao wawili kwa kiwango sawa.', NULL);
INSERT INTO `card` (id, type, title, header, content, option) VALUES ('3083_6', 3, NULL, 'assets/topic/asb/2040.png', 'Kobe na Sungura waliendelea kuwa marafiki. Kobe hakujivunia ushindi wake, na Sungura, akifahamu kuwa alikuwa ameshindwa kwa uwazi, hakumshikia Kobe kisasi.', NULL);
INSERT INTO `card` (id, type, title, header, content, option) VALUES ('3083_7', 3, NULL, 'assets/topic/asb/2042.png', 'Miezi mingi ilipita. Mfalme wa pori ambako Sungura na Kobe waliishi alikuwa na jambo muhimu alilotaka kujadiliana na mfalme wa pori jirani. Lakini mfalme wa kwanza hangeweza kuondoka pale wakati huo. Badala yake, aliwatuma Sungura na Kobe kama wawakilishi kwa yule mfalme mwingine.', NULL);
INSERT INTO `card` (id, type, title, header, content, option) VALUES ('3083_8', 3, NULL, 'assets/topic/asb/2043.png', '"Mmoja wenu angalau, atalazimika kwenda kwa ufalme jirani," aliamrisha mfalme wakati Sungura na Kobe walikuja mbele zake. "Ninataka mjadili mambo muhimu na mfalme wa huko, halafu mniletee ripoti kuhusu maoni na mawazo yake juu ya mambo hayo. Sasa, nendeni!" Alisema alipomaliza.', NULL);
INSERT INTO `card` (id, type, title, header, content, option) VALUES ('3083_9', 3, NULL, 'assets/topic/asb/2044.png', 'Walipokuwa wakiondoka, aliongeza, "Kumbukeni,  mna siku moja tu ya kukamilisha kazi hiyo."', NULL);
INSERT INTO `card` (id, type, title, header, content, option) VALUES ('3083_10', 3, NULL, 'assets/topic/asb/2045.png', 'Barabara ya kwenda kwa ufalme jirani haikuwa laini wala rahisi. Ilijaa miiba.', NULL);
INSERT INTO `card` (id, type, title, header, content, option) VALUES ('3083_11', 3, NULL, 'assets/topic/asb/2046.png', 'Vilevile, walilazimika kuvuka mito miwili iliyokuwa na mawe makubwa.', NULL);
INSERT INTO `card` (id, type, title, header, content, option) VALUES ('3083_12', 3, NULL, 'assets/topic/asb/2048.png', 'Baada ya kuwaza kiasi, Sungura na Kobe waligundua kwamba hakuna mmoja wao ambaye angeweza kuitimiza ile kazi peke yake. Walilazimika kusafiri pamoja. Mpango ulikuwa kwamba Sungura ambebe Kobe watakapokuwa wakipita sehemu yenye miiba. Naye Kobe ambebe Sungura wakati watakapoavuka mito.', NULL);
INSERT INTO `card` (id, type, title, header, content, option) VALUES ('3083_13', 3, NULL, 'assets/topic/asb/2050.png', 'Siku iliyofuata, walikusanya jumbe tofauti kutoka kwa mfalme wao na kujitayarisha kuondoka. Sungura alitembea kwa hatua refu refu akakamilisha mwendo wa kupita sehemu ya miiba kwa kasi. Kobe alijishikilia asije akaanguka na kupoteza maisha yake.', NULL);
INSERT INTO `card` (id, type, title, header, content, option) VALUES ('3083_14', 3, NULL, 'assets/topic/asb/2051.png', 'Walipofikia mto, walibadilishana na Sungura akampanda Kobe mgongoni. Kobe aliogelea kutoka upande mmoja wa mto hadi mwingine kwa wepesi. Baada ya kuvuka mito yote miwili, haikuwachukua muda mrefu kufika katika ule ufalme jirani.', NULL);
INSERT INTO `card` (id, type, title, header, content, option) VALUES ('3083_16', 3, NULL, 'assets/topic/asb/2054.png', 'Baada ya kujadiliana na yule mfalme jirani kwa urefu mambo yote kutoka kwa mfalme wao, Sungura na Kobe walikuwa tayari kuondoka.', NULL);
INSERT INTO `card` (id, type, title, header, content, option) VALUES ('3083_17', 3, NULL, 'assets/topic/asb/2056.png', 'Safari ya kurudi ilikuwa nyororo na nyepesi kuliko ya kwenda kwani wote wawili walijua la kufanya. Sungura na Kobe walikuwa wamefanya kazi pamoja kwa maelewano makubwa hata wakamfikia mfalme wao mapema!', NULL);
INSERT INTO `card` (id, type, title, header, content, option) VALUES ('3083_18', 3, NULL, NULL, 'You are free to download, copy, translate or adapt this story and use the illustrations as long as you attribute in the following way:
Sungura na Kobe (Tena!)
Author -
Venkatramana Gowda and Divaspathy Hegde
Translation -
Brigid Simiyu
Illustration -
Padmanabha
Language -
Kiswahili
Level -
Longer paragraphs
© Pratham Books 2014
Creative Commons: Attribution 4.0
Source
www.africanstorybook.org
Original source
www.prathambooks.org', NULL);
INSERT INTO `card` (id, type, title, header, content, option) VALUES ('13092', 2, 'Sungura na Tembo (Tena!)', 'assets/topic/asb/13000.png', 'Agnes Gichaba
 Wiehan de Jager', 'FFB3C8FF');
INSERT INTO `card` (id, type, title, header, content, option) VALUES ('13092_3', 3, NULL, 'assets/topic/asb/13000.png', 'Hapo zamani za kale, Tembo na Sungura walikuwa marafiki wakubwa sana. Walikuwa na ngamia,  ng''ombe na kondoo wengi.', NULL);
INSERT INTO `card` (id, type, title, header, content, option) VALUES ('13092_4', 3, NULL, 'assets/topic/asb/13001.png', 'Waliwalisha wanyama hao katika bonde la Kingilo. Wakati mwingine waliwapeleka milimani kulikokuwa na nyasi na maji kwa wingi.', NULL);
INSERT INTO `card` (id, type, title, header, content, option) VALUES ('13092_5', 3, NULL, 'assets/topic/asb/13002.png', 'Wanyama walipokula, Sungura na Tembo walicheza. Walipenda sana kucheza mpira wa miguu.', NULL);
INSERT INTO `card` (id, type, title, header, content, option) VALUES ('13092_6', 3, NULL, 'assets/topic/asb/13003.png', 'Kila walipocheza, Tembo aliingiza mabao mengi kumliko Sungura. Sungura alikasirishwa mno na hali hiyo.', NULL);
INSERT INTO `card` (id, type, title, header, content, option) VALUES ('13092_7', 3, NULL, 'assets/topic/asb/13004.png', 'Siku moja Sungura alimwuliza Tembo, "Ni nini kinachokuwezesha kuwa mwingizaji goli maarufu?" Tembo alimjibu, "Ni miguu yangu minono."', NULL);
INSERT INTO `card` (id, type, title, header, content, option) VALUES ('13092_8', 3, NULL, 'assets/topic/asb/13005.png', 'Siku iliyofuata, Sungura alipendekeza wawe na mashindano ya mbio. Tembo alikubali na wakaanza mbio.', NULL);
INSERT INTO `card` (id, type, title, header, content, option) VALUES ('13092_9', 3, NULL, 'assets/topic/asb/13006.png', 'Sungura alishinda mbio zote. Tembo alikasirika. Hakuwahi kushindwa. Alimwuliza Sungura, "Ni nini kinachokuwezesha kuwa mkimbiaji maarufu?"  Sungura alijibu, "Ni miguu yangu myembamba."', NULL);
INSERT INTO `card` (id, type, title, header, content, option) VALUES ('13092_10', 3, NULL, 'assets/topic/asb/13007.png', 'Tembo alimwuliza, "Nitawezaje kupata miguu myembamba?" Sungura akamjibu, "Ni rahisi,  nitakuonyesha. Tafuta kuni  ukakoke moto."', NULL);
INSERT INTO `card` (id, type, title, header, content, option) VALUES ('13092_11', 3, NULL, 'assets/topic/asb/13008.png', 'Tembo alizikusanya kuni akakoka moto mkubwa. Sungura alimwambia, "Sasa iweke miguu yako ndani ya moto." Tembo alifanya hivyo. Alipiga kelele,  "Ninaungua! Ninaungua!"', NULL);
INSERT INTO `card` (id, type, title, header, content, option) VALUES ('13092_12', 3, NULL, 'assets/topic/asb/13009.png', 'Sungura alifurahi. Alimhimiza Tembo aendelea hivyo hivyo. Alisema kuwa hivyo tu ndivyo miguu yake ingekuwa myembamba.', NULL);
INSERT INTO `card` (id, type, title, header, content, option) VALUES ('13092_13', 3, NULL, 'assets/topic/asb/13010.png', 'Miguu ya Tembo ilijeruhiwa vibaya akaondoka motoni. Hakuweza kusimama kwa hivyo alilala chini.', NULL);
INSERT INTO `card` (id, type, title, header, content, option) VALUES ('13092_14', 3, NULL, 'assets/topic/asb/13012.png', 'Tembo aliketi kwa siku nyingi kabla kuweza kusimama.', NULL);
INSERT INTO `card` (id, type, title, header, content, option) VALUES ('13092_15', 3, NULL, 'assets/topic/asb/13013.png', 'Hatimaye, aliweza kuchechemea na kwenda nyumbani kwa familia yake.', NULL);
INSERT INTO `card` (id, type, title, header, content, option) VALUES ('13092_16', 3, NULL, 'assets/topic/asb/13014.png', 'Sungura alimwomba Tembo msamaha. Hata hivyo, urafiki kati ya Tembo na Sungura uliisha.', NULL);
INSERT INTO `card` (id, type, title, header, content, option) VALUES ('13092_17', 3, NULL, NULL, 'You are free to download, copy, translate or adapt this story and use the illustrations as long as you attribute in the following way:
Sungura na Tembo (Tena!)
Author -
Agnes Gichaba
Illustration -
Wiehan de Jager
Language -
Kiswahili
Level -
First paragraphs
© African Storybook Initiative 2015
Creative Commons: Attribution 4.0
Source
www.africanstorybook.org', NULL);
INSERT INTO `card` (id, type, title, header, content, option) VALUES ('16197', 2, 'Taja Rangi', 'assets/topic/asb/1926.png', 'Mutugi Kamundi
 Rijuta Ghate', 'FFB3C8FF');
INSERT INTO `card` (id, type, title, header, content, option) VALUES ('16197_3', 3, NULL, 'assets/topic/asb/1242.png', 'Kwa nini mbingu ni ya rangi ya bluu?', NULL);
INSERT INTO `card` (id, type, title, header, content, option) VALUES ('16197_4', 3, NULL, 'assets/topic/asb/1243.png', 'Je,  huwa bluu kila wakati?', NULL);
INSERT INTO `card` (id, type, title, header, content, option) VALUES ('16197_5', 3, NULL, 'assets/topic/asb/1917.png', 'Kwa nini rangi ya majani ni kijani kibichi?', NULL);
INSERT INTO `card` (id, type, title, header, content, option) VALUES ('16197_6', 3, NULL, 'assets/topic/asb/1054.png', 'Majani si kijani kibichi kila wakati.', NULL);
INSERT INTO `card` (id, type, title, header, content, option) VALUES ('16197_7', 3, NULL, 'assets/topic/asb/1918.png', 'Kwa nini ndizi mbivu ni manjano?', NULL);
INSERT INTO `card` (id, type, title, header, content, option) VALUES ('16197_8', 3, NULL, 'assets/topic/asb/1919.png', 'Ndizi mbichi ni za kijani.', NULL);
INSERT INTO `card` (id, type, title, header, content, option) VALUES ('16197_9', 3, NULL, 'assets/topic/asb/1920.png', 'Kwa nini mwavuli ni mweusi?', NULL);
INSERT INTO `card` (id, type, title, header, content, option) VALUES ('16197_10', 3, NULL, 'assets/topic/asb/1922.png', 'Miavuli yote si mieusi.', NULL);
INSERT INTO `card` (id, type, title, header, content, option) VALUES ('16197_11', 3, NULL, 'assets/topic/asb/1923.png', 'Kwa nini damu ni nyekundu?', NULL);
INSERT INTO `card` (id, type, title, header, content, option) VALUES ('16197_12', 3, NULL, 'assets/topic/asb/1924.png', 'Kuna madini kwenye damu. Yanaipatia damu rangi  nyekundu.', NULL);
INSERT INTO `card` (id, type, title, header, content, option) VALUES ('16197_13', 3, NULL, 'assets/topic/asb/1925.png', 'Kwa nini chumvi ni nyeupe?', NULL);
INSERT INTO `card` (id, type, title, header, content, option) VALUES ('16197_14', 3, NULL, 'assets/topic/asb/1928.png', 'Sifahamu!', NULL);
INSERT INTO `card` (id, type, title, header, content, option) VALUES ('16197_15', 3, NULL, NULL, 'You are free to download, copy, translate or adapt this story and use the illustrations as long as you attribute in the following way:
Taja Rangi
Author -
Madhav Chavan
Adaptation -
Mutugi Kamundi
Illustration -
Rijuta Ghate
Language -
Kiswahili
Level -
First words
© Pratham Books 2014
Creative Commons: Attribution 4.0
Source
www.africanstorybook.org
Original source
www.prathambooks.org', NULL);
INSERT INTO `card` (id, type, title, header, content, option) VALUES ('21631', 2, 'Tamara aanza kwenda shule', 'assets/topic/asb/25447.png', 'Ursula Nafula
Jacob Kono', 'FFF4E1B5');
INSERT INTO `card` (id, type, title, header, content, option) VALUES ('21631_3', 3, NULL, 'assets/topic/asb/25447.png', 'Tamara alikuwa msichana wa miaka mitano. Aliishi na familia yake. Kijiji chao kilikuwa karibu na msitu wenye wanyama wakali.', NULL);
INSERT INTO `card` (id, type, title, header, content, option) VALUES ('21631_4', 3, NULL, 'assets/topic/asb/25448.png', 'Tamara aliwatii wazazi wake. Aliwasaidia kuwachunga kondoo na mbuzi wao.', NULL);
INSERT INTO `card` (id, type, title, header, content, option) VALUES ('21631_5', 3, NULL, 'assets/topic/asb/25449.png', 'Tamara alipenda kuwasikiliza ndege wakiimba. Ndege walipoimba, aliwaiga huku akitunga nyimbo zake.', NULL);
INSERT INTO `card` (id, type, title, header, content, option) VALUES ('21631_6', 3, NULL, 'assets/topic/asb/25450.png', 'Kwa sababu ya umri wake mdogo, Tamara hakuwa ameanza kwenda shule. Nashipae na Tasieku walikwenda kwa sababu walikuwa wakubwa.', NULL);
INSERT INTO `card` (id, type, title, header, content, option) VALUES ('21631_7', 3, NULL, 'assets/topic/asb/25451.png', 'Nashipae, Tasieku na watoto wengine kutoka kijijini walienda pamoja asubuhi na kurudi jioni. Walikuwa wakibeba chakula katika mikebe midogo.', NULL);
INSERT INTO `card` (id, type, title, header, content, option) VALUES ('21631_8', 3, NULL, 'assets/topic/asb/25452.png', 'Siku moja Tamara alimwuliza mamake, "Je, nitaanza kwenda shule lini?" Mama alimjibu, "Utaenda hivi karibuni mwanangu mpendwa."', NULL);
INSERT INTO `card` (id, type, title, header, content, option) VALUES ('21631_9', 3, NULL, 'assets/topic/asb/25453.png', 'Siku moja, chifu na wanawake wawili walifika nyumbani kwa gari. Lilikuwa jukumu la chifu kuhakikisha kwamba watoto wanaanza kwenda shule walipofikisha umri uliokubaliwa.', NULL);
INSERT INTO `card` (id, type, title, header, content, option) VALUES ('21631_10', 3, NULL, 'assets/topic/asb/25454.png', 'Watu waliamini kwamba mtoto akiweza kuunyoosha mkono wake kupita kichwani na kulishika sikio lake, mtoto huyo yuko tayari kuanza kwenda shule.', NULL);
INSERT INTO `card` (id, type, title, header, content, option) VALUES ('21631_11', 3, NULL, 'assets/topic/asb/25455.png', 'Chifu alimwuliza Tamara, "Una umri wa miaka mingapi?" Tamara alimjibu, "Mitano." "Hebu tuone ikiwa unaweza kwenda shule," chifu alisema.', NULL);
INSERT INTO `card` (id, type, title, header, content, option) VALUES ('21631_12', 3, NULL, 'assets/topic/asb/25456.png', 'Mmoja wa wanawake wale aliuchukuwa mkono wa kulia wa Tamara akauweka kichwani kwake. Tamara aliweza kulishika sikio lake la kushoto.', NULL);
INSERT INTO `card` (id, type, title, header, content, option) VALUES ('21631_13', 3, NULL, 'assets/topic/asb/25457.png', 'Waliamua kwamba wakati ulikuwa umefika wa Tamara kuanza kuhudhuria shule. Angeanza kwenda shule iliyokuwa karibu na nyumbani kwao.', NULL);
INSERT INTO `card` (id, type, title, header, content, option) VALUES ('21631_14', 3, NULL, 'assets/topic/asb/25458.png', 'Tamara alifurahi sana akawaza, "Nitajua kusoma na kuandika kama Nashipae na Tasieku wafanyavyo."', NULL);
INSERT INTO `card` (id, type, title, header, content, option) VALUES ('21631_15', 3, NULL, NULL, 'You are free to download, copy, translate or adapt this story and use the illustrations as long as you attribute in the following way:
Tamara aanza kwenda shule
Author -
Soila Murianka
Translation -
Ursula Nafula
Illustration -
Jacob Kono
Language -
Kiswahili
Level -
First sentences
© African Storybook Initiative 2017
Creative Commons: Attribution 4.0
Source
www.africanstorybook.org', NULL);
INSERT INTO `card` (id, type, title, header, content, option) VALUES ('22003', 2, 'Tarik na rafiki yake', 'assets/topic/asb/25050.png', 'Ursula Nafula
Isaac Okwir', 'FF9DEDE3');
INSERT INTO `card` (id, type, title, header, content, option) VALUES ('22003_3', 3, NULL, 'assets/topic/asb/25047.png', 'Tarik na familia yake waliishi mbali na mji mkuu.', NULL);
INSERT INTO `card` (id, type, title, header, content, option) VALUES ('22003_4', 3, NULL, 'assets/topic/asb/25048.png', 'Tarik alikuwa na mbwa aliyeitwa Buchi.
Walikuwa marafiki wakubwa.', NULL);
INSERT INTO `card` (id, type, title, header, content, option) VALUES ('22003_5', 3, NULL, 'assets/topic/asb/25049.png', 'Siku moja, Tarik na rafiki yake Bedilu waliwapeleka mifugo malishoni.', NULL);
INSERT INTO `card` (id, type, title, header, content, option) VALUES ('22003_6', 3, NULL, 'assets/topic/asb/25050.png', 'Bedilu alipenda wacheze, lakini Tarik alitaka kusoma.', NULL);
INSERT INTO `card` (id, type, title, header, content, option) VALUES ('22003_7', 3, NULL, 'assets/topic/asb/25051.png', 'Mwishowe, Bedilu na Tarik waliamua kucheza.', NULL);
INSERT INTO `card` (id, type, title, header, content, option) VALUES ('22003_8', 3, NULL, 'assets/topic/asb/25052.png', 'Walipokuwa wakicheza, kondoo walitoweka.
Waliwatafuta kila mahali.', NULL);
INSERT INTO `card` (id, type, title, header, content, option) VALUES ('22003_9', 3, NULL, 'assets/topic/asb/25053.png', 'Mbwa mwitu aliua kondoo wa Tarik.
Tarik aliogopa kuadhibiwa na baba yake.', NULL);
INSERT INTO `card` (id, type, title, header, content, option) VALUES ('22003_10', 3, NULL, 'assets/topic/asb/25054.png', 'Tarik aliamua kulala juu ya mti.
Buchi alilala karibu na mti huo.', NULL);
INSERT INTO `card` (id, type, title, header, content, option) VALUES ('22003_11', 3, NULL, 'assets/topic/asb/25055.png', 'Usiku, fisi walipiga kelele Tarik akaogopa.', NULL);
INSERT INTO `card` (id, type, title, header, content, option) VALUES ('22003_12', 3, NULL, 'assets/topic/asb/25056.png', 'Tarik alianguka kutoka mtini.
Alisikia kelele karibu naye.', NULL);
INSERT INTO `card` (id, type, title, header, content, option) VALUES ('22003_13', 3, NULL, 'assets/topic/asb/25057.png', 'Wakati huo, radi ilimlika anga.
Tarik alimwona Buchi akiwa anamlinda!', NULL);
INSERT INTO `card` (id, type, title, header, content, option) VALUES ('22003_14', 3, NULL, 'assets/topic/asb/25058.png', 'Tarik na Buchi waliketi juu ya mti hadi asubuhi.', NULL);
INSERT INTO `card` (id, type, title, header, content, option) VALUES ('22003_15', 3, NULL, NULL, 'You are free to download, copy, translate or adapt this story and use the illustrations as long as you attribute in the following way:
Tarik na rafiki yake
Author -
Biniam  Asfaw
Translation -
Ursula Nafula
Illustration -
Isaac Okwir
Language -
Kiswahili
Level -
First words
© African Storybook Initiative 2017
Creative Commons: Attribution 4.0
Source
www.africanstorybook.org', NULL);
INSERT INTO `card` (id, type, title, header, content, option) VALUES ('8713', 2, 'Teksi ya Nanu', 'assets/topic/asb/7576.png', 'Brigid Simiyu
 Marion Drew', 'FFCFB5DD');
INSERT INTO `card` (id, type, title, header, content, option) VALUES ('8713_3', 3, NULL, 'assets/topic/asb/7560.png', 'Hujambo! Jina langu ni Nanu. Mimi na mamangu tunasubiri teksi ili twende nyumbani.', NULL);
INSERT INTO `card` (id, type, title, header, content, option) VALUES ('8713_4', 3, NULL, 'assets/topic/asb/7562.png', 'Hapa nimesimama kwenye mstari. Mamangu ananiimbia wimbo. "Njoo Bwana Teksi kwani huoni! Twasubiri, mimi na Nanu!"', NULL);
INSERT INTO `card` (id, type, title, header, content, option) VALUES ('8713_5', 3, NULL, 'assets/topic/asb/7563.png', 'Mwanamke aliye karibu nami anawapeleka kuku nyumbani. Watataga mayai ili ale.', NULL);
INSERT INTO `card` (id, type, title, header, content, option) VALUES ('8713_6', 3, NULL, 'assets/topic/asb/7564.png', 'Wanaume hawa wanarudi kutoka kazini. Wanatabasamu. Nawasikia wakiimba, "Nanu mdogo,  usiwe na wasiwasi. Teksi yaja kwa haraka."', NULL);
INSERT INTO `card` (id, type, title, header, content, option) VALUES ('8713_7', 3, NULL, 'assets/topic/asb/7565.png', 'Mwanamke anapita akitembea. Yuko nadhifu sana. Viatu vyake si vizuri kweli? Vinatoa sauti, "Click, click, click. Click, click, click," anapotembea.', NULL);
INSERT INTO `card` (id, type, title, header, content, option) VALUES ('8713_8', 3, NULL, 'assets/topic/asb/7566.png', 'Mwanamme huyo anauza vinywaji baridi. Napenda vinywaji baridi. Ni baridi na vitamu sana. Je,  unavipenda?', NULL);
INSERT INTO `card` (id, type, title, header, content, option) VALUES ('8713_9', 3, NULL, 'assets/topic/asb/7571.png', 'Hebu! Kuna wanawake wamebeba vichwani chakula chao cha jioni. Je, wao si ni werevu?', NULL);
INSERT INTO `card` (id, type, title, header, content, option) VALUES ('8713_10', 3, NULL, 'assets/topic/asb/7568.png', 'Mwanamke huyo anasukwa nywele zake. Ataenda nje na marafiki zake leo usiku.', NULL);
INSERT INTO `card` (id, type, title, header, content, option) VALUES ('8713_11', 3, NULL, 'assets/topic/asb/7569.png', 'Nimechoka sasa. Mamangu ananiweka mgongoni kwake nikapumzike. Anaimba, "Tafadhali Bwana Teksi,  usichelewe. Gogo anasubiri kwenye lango kuu."', NULL);
INSERT INTO `card` (id, type, title, header, content, option) VALUES ('8713_12', 3, NULL, 'assets/topic/asb/7570.png', 'Kuna rafiki yangu Tumi. Yeye pia anapumzika. Tutakuwa nyumbani hivi karibuni.', NULL);
INSERT INTO `card` (id, type, title, header, content, option) VALUES ('8713_13', 3, NULL, 'assets/topic/asb/7572.png', 'Hapo juu ndege wanaruka kwenda nyumbani. Lazima wafike nyumbani kabla giza halijaingia.', NULL);
INSERT INTO `card` (id, type, title, header, content, option) VALUES ('8713_14', 3, NULL, 'assets/topic/asb/7573.png', 'Mwanamke huyu ana vipuli maridadi. Nadhani alivinunua mjini leo. Nikiwa mkubwa, nitanunua vipuli vingi vyangu na vya mamangu.', NULL);
INSERT INTO `card` (id, type, title, header, content, option) VALUES ('8713_15', 3, NULL, 'assets/topic/asb/7574.png', 'Mamangu anaanza kuchoka sasa. Ninamwimbia wimbo, "Tafadhali Bwana Teksi, njoo. Mimi na mamangu tunasubiri."', NULL);
INSERT INTO `card` (id, type, title, header, content, option) VALUES ('8713_16', 3, NULL, 'assets/topic/asb/7575.png', 'Ngoja! Ninasikia teksi! Hii hapa inakuja!', NULL);
INSERT INTO `card` (id, type, title, header, content, option) VALUES ('8713_17', 3, NULL, 'assets/topic/asb/7576.png', 'Hii ni teksi yetu kubwa nyekundu. Imekuja kunipeleka mimi na mamangu nyumbani. Nimefurahi sana!', NULL);
INSERT INTO `card` (id, type, title, header, content, option) VALUES ('8713_18', 3, NULL, 'assets/topic/asb/7577.png', 'Kwaheri!', NULL);
INSERT INTO `card` (id, type, title, header, content, option) VALUES ('8713_19', 3, NULL, NULL, 'You are free to download, copy, translate or adapt this story and use the illustrations as long as you attribute in the following way:
Teksi ya Nanu
Author -
Marion Drew
Translation -
Brigid Simiyu
Illustration -
Marion Drew
Language -
Kiswahili
Level -
First sentences
© Marion Drew 2014
Creative Commons: Attribution 4.0
Source
www.africanstorybook.org', NULL);
INSERT INTO `card` (id, type, title, header, content, option) VALUES ('24748', 2, 'Tembo na Kiboko', 'assets/topic/asb/27134.png', 'Ursula  Nafula
Awwalu  Sakiwa and Idowu Abayomi Oluwasegun', 'FF9DEDE3');
INSERT INTO `card` (id, type, title, header, content, option) VALUES ('24748_3', 3, NULL, 'assets/topic/asb/27133.png', 'Kuliishi mapacha wawili wa kiume, Tembo na Kiboko.
Siku moja, Hatima iliwapatia nafasi ya kufanya uchaguzi kati ya vitu viwili. "Chagua upofu au ukoma," Hatima iliwaamrisha.
Kiboko alitaka kuwa mwerevu. Kwa haraka, alichagua ukoma ili aweze kuendelea kuona. Tembo alichagua upofu.', NULL);
INSERT INTO `card` (id, type, title, header, content, option) VALUES ('24748_4', 3, NULL, 'assets/topic/asb/27134.png', 'Kiboko alikuwa mvulana mwenye hasira kwa sababu ya ukoma. Upofu ulimpatia Tembo uvumilivu. Tembo alihitaji usaidizi, lakini Kiboko alimtendea ukatili.
Halafu Tembo akapata Fimbo ya miujiza iliyomwezesha kutembea. Walinong''onezeana siri. Fimbo ilimsaidia Tembo kuwapiga maadaui.', NULL);
INSERT INTO `card` (id, type, title, header, content, option) VALUES ('24748_5', 3, NULL, 'assets/topic/asb/27135.png', 'Kwa sababu Kiboko alivipoteza vidole vyake, yeye pia alihitaji usaidizi. Tembo alimtendea wema.
Chakula kilipobaguliwa, Kiboko alimhitaji Tembo kukikata vipande na kukiweka kwenye viganja vyake. Kiboko hakufurahi.', NULL);
INSERT INTO `card` (id, type, title, header, content, option) VALUES ('24748_6', 3, NULL, 'assets/topic/asb/27136.png', 'Asubuhi moja, mama yao aliwabagulia viazi vikuu. Kwa sababu walikuwa na njaa, wavulana hao hawakusubiri viazi hivyo vipoe.
Kiboko aliviweka viganja vyake pamoja vikawa kama sahani. Akasema, "Niwekee sehemu yangu hapa."', NULL);
INSERT INTO `card` (id, type, title, header, content, option) VALUES ('24748_7', 3, NULL, 'assets/topic/asb/27137.png', 'Viazi vikuu vilikuwa moto sana hata vikachoma viganja vyao. Kiboko aliienua mikono yake juu na chini, kuvipoesha. Kiazi kilianguka mchangani.
Tembo aligeuzageuza kiazi chake kutoka mkono mmoja hadi mwingine bila kiazi kuanguka. Kiboko alikasirika.', NULL);
INSERT INTO `card` (id, type, title, header, content, option) VALUES ('24748_8', 3, NULL, 'assets/topic/asb/27138.png', '"Tafadhali, nichukulie kiazi changu," Kiboko alimwuliza Tembo.
"Unajua kuwa sikioni," Tembo alimjibu. "Nipe mkono wako nikuonyeshe," Kiboko alisema.
Tembo alikipata kiazi, akakifuta mchanga kisha akampatia Kiboko.', NULL);
INSERT INTO `card` (id, type, title, header, content, option) VALUES ('24748_9', 3, NULL, 'assets/topic/asb/27139.png', 'Jioni, mama yao aliwatayarishia viazi vikuu pamoja na vipande vinne vya nyama. Tembo aliigusa ile nyama kwa kidole chake akahakikisha kuwa vilikuwa vipande vinne.
Kiboko hakumwona Tembo akivihesabu vile vipande vya nyama.', NULL);
INSERT INTO `card` (id, type, title, header, content, option) VALUES ('24748_10', 3, NULL, 'assets/topic/asb/27140.png', 'Kiboko alijaribu kuiba kipande kimoja cha nyama lakini akakiangusha. Wakati wa kugawa nyama ulipofika, Tembo aliuliza, "Si vipande vya nyama vilikuwa vinne?"
"Vilikuwa vitatu," Kiboko alidanganya. "Vilikuwa vinne," Tembo alisisitiza. "Kweli wewe ni kipofu?" Kiboko aliuliza.', NULL);
INSERT INTO `card` (id, type, title, header, content, option) VALUES ('24748_11', 3, NULL, 'assets/topic/asb/27141.png', 'Siku moja, walihisi njaa lakini mama yao alikuwa mbali. "Twende tucheze ili tuisahau njaa," Kiboko alipendekeza.
Tembo alikubali, kisha Kiboko akasema, "Twende tukaogelee mtoni." Alijua kwamba Tembo hakujua kuogelea. Alipanga kumuua nduguye!
Tembo aliongozwa na Fimbo akamfuata Kiboko.', NULL);
INSERT INTO `card` (id, type, title, header, content, option) VALUES ('24748_12', 3, NULL, 'assets/topic/asb/27142.png', 'Walipokuwa njiani, Kiboko aliingia kichakani. Alilichukua jiwe nzito na kuliweka kwapani huku akikoroma. Alikuwa bado anakoroma walipokuwa wanakwenda mtoni.
"Mbona anakoroma hivyo?" Tembo aliiuliza Fimbo.', NULL);
INSERT INTO `card` (id, type, title, header, content, option) VALUES ('24748_13', 3, NULL, 'assets/topic/asb/27143.png', 'Walipofika mtoni, Kiboko alisema, "Nitatangulia kuruka majini kisha nikusaidie kuogelea."
Alisonga mbali na Tembo akaliinua lile jiwe nzito na kulitumbukiza majini.
"Sauti hiyo ni ndogo sana kulingana na ukubwa wa Kiboko," Fimbo ilimnong''onezea Tembo sikioni.', NULL);
INSERT INTO `card` (id, type, title, header, content, option) VALUES ('24748_14', 3, NULL, 'assets/topic/asb/27144.png', 'Tembo aliiuliza Fimbo kuchunguza zaidi. Aliizungusha Fimbo kila mahali hata Fimbo ikamgonga Kiboko kwa nguvu. "Ayii!" Kiboko akalia na kuruka majini.
Fimbo ya miujiza ilimgeuza Kiboko akawa mnyama wa majini. Ilimgeuza naye Tembo akawa mnyama wa nchi kavu akiwa na mkonga.', NULL);
INSERT INTO `card` (id, type, title, header, content, option) VALUES ('24748_15', 3, NULL, NULL, 'You are free to download, copy, translate or adapt this story and use the illustrations as long as you attribute in the following way:
Tembo na Kiboko
Author -
Terkule Aorabee
Translation -
Ursula  Nafula
Illustration -
Awwalu  Sakiwa and Idowu Abayomi Oluwasegun
Language -
Kiswahili
Level -
Longer paragraphs
© African Storybook Initiative 2018
Creative Commons: Attribution 4.0
Source
www.africanstorybook.org', NULL);
INSERT INTO `card` (id, type, title, header, content, option) VALUES ('23143', 2, 'Theuri amwokoa Kobani!', 'assets/topic/asb/309.png', 'Ursula  Nafula
Catherine Groenewald', 'FFF4E1B5');
INSERT INTO `card` (id, type, title, header, content, option) VALUES ('23143_3', 3, NULL, 'assets/topic/asb/309.png', 'Kobani alikuwa mwanamume mrefu sana. Wanakijiji walimwita Kobani, Muungwana, kwa sababu alikuwa mpole na rafiki wa watu. Hakuwa kama watu wengine wakubwa tunaosoma juu yao katika hadithi za kutisha.
Wakati wa mchana, Kobani alifanya kazi yake shambani. Mpini wa jembe lake ulikuwa mfupi mno kwa hivyo alilazimika kuinama hadi chini kuifanya kazi yake. Bila shaka, mgongo wake ulikuwa na maumivu mengi kutokana na kuinama kwingi.', NULL);
INSERT INTO `card` (id, type, title, header, content, option) VALUES ('23143_4', 3, NULL, 'assets/topic/asb/310.png', 'Theuri aliishi karibu na Kobani. Alihuzunika sana alipomwona Kobani akipambana na jembe lake lenye mpini mfupi au alipoinama chini ili apite mlangoni kwake.
Theuri aliamua kumsaidia Kobani. Alizungumza na wazee wa kijiji na kuwauliza usaidizi. Lakini, kabla wao kufanya hivyo, walitaka kujua urefu kamili wa Kobani.', NULL);
INSERT INTO `card` (id, type, title, header, content, option) VALUES ('23143_5', 3, NULL, 'assets/topic/asb/311.png', 'Theuri alimwuliza Kobani, "Wewe ni mrefu kiasi gani?" Kobani alikisia akasema, "Nadhani urefu wangu ni mita 2.5." Kobani alilala kitandani halafu akamweleza, "Ninajua godoro langu ni refu mita 1.5. Unaona hata miguu yangu inaning''inia mwisho karibu mita nyingine. Hiyo ina maana kuwa mimi ni mrefu mita 2.5."
Sasa Theuri angeweza kuwaeleza wazee kwamba Kobani ni mrefu mita 2.5. Alikuwa mrefu kweli!', NULL);
INSERT INTO `card` (id, type, title, header, content, option) VALUES ('23143_6', 3, NULL, 'assets/topic/asb/314.png', 'Theuri angeweza kuanza kutekeleza mpango wake wa siri.
Theuri, Kobani na Choke, kipenzi chake, waliondoka kwenda sokoni. Waliitumia baiskeli ya Kobani iliyokuwa ndogo. Kobani alilazimika kuunyoosha mguu wake ili aweze kuiendesha ile baiskeli. Theuri aliketi kikapuni akiogopa kutazama barabara namna baiskeli ilivyoyumbayumba kila upande.', NULL);
INSERT INTO `card` (id, type, title, header, content, option) VALUES ('23143_7', 3, NULL, 'assets/topic/asb/313.png', 'Waliposhuka sokoni, umati wa wanakijiji ulimzunguka Kobani. Chifu wa kijiji alimkaribisha. "Hujambo Bwana Muungwana. Theuri alitueleza kuwa unakumbwa na matatizo maishani mwako kutokana na urefu wako," Chifu alisema.
Aliendelea kumwambia, "Tunataka kukusaidia. Tutahakikisha kuwa kila kitu unachohitaji kinakufaa. Hivi karibuni, matatizo yako yatazikwa katika kaburi la sahau. Subiri tu ujionee."', NULL);
INSERT INTO `card` (id, type, title, header, content, option) VALUES ('23143_8', 3, NULL, 'assets/topic/asb/316.png', 'Wanakijiji walifanya kazi mfululizo kuhakikisha kuwa chochote Kobani alihitaji kilikuwa kimetengenezwa kwa kimo kilichomfaa.
Litazame jembe hili. Ulinganishe mpini wa jembe jipya na ule mzee. Mpini mpya unaonekana kuwa mrefu mara mbili. Unadhani hilo jembe jipya ni refu kiasi gani? Zaidi ya mita moja? Chini ya mita mbili?', NULL);
INSERT INTO `card` (id, type, title, header, content, option) VALUES ('23143_9', 3, NULL, 'assets/topic/asb/315.png', 'Baadaye, wanakijiji walimsaidia Kobani kutengeneza fremu refu na mlango mpya uliokuwa mrefu. Fremu ilikuwa ndefu kumliko Kobani ili asiiname sana atakapokuwa akiingia nyumbani. Ilikuwa ya kumfaa hasa!
Hebu ichunguze ile picha kwa makini. Urefu wa Kobani ni takriban mita 2.5. Je, unadhani fremu ya mlango wake mpya ni refu kiasi gani?', NULL);
INSERT INTO `card` (id, type, title, header, content, option) VALUES ('23143_10', 3, NULL, 'assets/topic/asb/317.png', 'Halafu walitengeneza kitanda kipya na godoro lililokuwa refu zaidi. Vilevile walinunua shuka na blanketi ya kuufunika mwili wa Kobani kutoka kichwani hadi miguuni.
Sasa, Kobani angetazamia kulala usingizi kwa amani. Miguu yake haitaning''inia kando ya godoro tena. Tazama jinsi mwili wake ulivyofunikwa kabisa. Hata kuna nafasi iliyobaki upande mmoja wa kitanda.', NULL);
INSERT INTO `card` (id, type, title, header, content, option) VALUES ('23143_11', 3, NULL, 'assets/topic/asb/318.png', 'Chifu alimwuliza mmoja wa wahunzi wa mle kijijini
kumtengenezea Kobani baiskeli kubwa. Baiskeli hiyo ilikuwa na kikapu kikubwa ambamo Theuri na Choke wangeketi.
Kila sehemu ya baiskeli hiyo ilikuwa kimo cha kumfaa Kobani. Kobani hakuhitajika tena kuikokota miguu yake barabarani wala kuining''iniza kando ya baiskeli.', NULL);
INSERT INTO `card` (id, type, title, header, content, option) VALUES ('23143_12', 3, NULL, 'assets/topic/asb/319.png', 'Maseremala walimtengenezea Kobani meza mpya iliyokuwa na miguu mirefu ya mita 1.5. Sasa anapoketi kula, miguu yake inagusa chini.
Theuri huketi kwenye kigoda kirefu karibu naye. Yeye huhitaji ngazi ili afike juu. Hesabu vidato ambavyo Theuri anastihili kupanda ili amfikie Kobani. Je, unadhani ngazi hiyo ni refu kiasi gani?', NULL);
INSERT INTO `card` (id, type, title, header, content, option) VALUES ('23143_13', 3, NULL, 'assets/topic/asb/320.png', 'Jembe jipya la Kobani humwezesha kupanda mimea na kuvuna kwa urahisi. Bustani yake ilibadilika na kuwa msitu! Kobani huwaachia wanakijiji vikapu vya matunda mbele ya mlango wa nyumba yake kuonyesha shukuruni zake kwa msaada wao.
Na hili lilianza na ndoto aliyokuwa nayo Theuri ya kutaka kumrahisishia maisha rafiki yake, Kobani Muungwana.', NULL);
INSERT INTO `card` (id, type, title, header, content, option) VALUES ('23143_14', 3, NULL, NULL, 'You are free to download, copy, translate or adapt this story and use the illustrations as long as you attribute in the following way:
Theuri amwokoa Kobani!
Author -
Cornelius Gulere
Translation -
Ursula  Nafula
Illustration -
Catherine Groenewald
Language -
Kiswahili
Level -
Read aloud
© African Storybook Initiative, 2017
Creative Commons: Attribution 4.0
Source
www.africanstorybook.org
Original source
www.ugcla.org', NULL);
INSERT INTO `card` (id, type, title, header, content, option) VALUES ('3914', 2, 'Uamsho wa furaha', 'assets/topic/asb/2462.png', 'Brigid Simiyu
 Catherine Groenewald', 'FFF4E1B5');
INSERT INTO `card` (id, type, title, header, content, option) VALUES ('3914_3', 3, NULL, 'assets/topic/asb/2463.png', 'Kwa muda mrefu Mlima Olokwango alisimama akitabasamu katikati ya sehemu Tambarare ya Kwere. Kutoka kwa vibonyeo viwili vilivyokuwa pembeni mwake, kulitoka vijito vilivyokaribiana na kuunda mto.', NULL);
INSERT INTO `card` (id, type, title, header, content, option) VALUES ('3914_4', 3, NULL, 'assets/topic/asb/2464.png', 'Mambo yalikuwa swari hadi Matata alipokuwa mkuu wa mahali hapo. Alilazimisha njia itengenezwe kutoka juu ya mlima hadi chini yake ili aweze kupanda kwa urahis na kujifiringisha hadi chini. Mlima Olokwango alikasirika na uharibifu uliofanywa lakini alivumilia.', NULL);
INSERT INTO `card` (id, type, title, header, content, option) VALUES ('3914_5', 3, NULL, 'assets/topic/asb/2465.png', 'Kila wikendi, watoto wa Matata na marafiki zao wangepanda mlimani kucheza. Wangekimbia kila mahali huku wakivunja vijiti na matawi, wakiwasha mioto kwa michezo yao ambayo baadaye, waliiacha ikiwaka.', NULL);
INSERT INTO `card` (id, type, title, header, content, option) VALUES ('3914_6', 3, NULL, 'assets/topic/asb/2466.png', 'Mlima Olokwango alipoteza uvumilivu wake. Tabasamu yake nzuri ilififia. Vibonyeo viliendelea kuwa vidogo jinsi uso wake ulivyokuwa na mikunjo. Mwishowe, vijito havikuwa tena. Kingo za Mto Temu zilihuzunika. Paa walihama kwani hapakuwa tena na zile nyasi ndefu za kijani walizochezea ndani wala kulala juu yake. Mifugo, walikonda na kukondeana. Kila mtu alihisi huzuni wa Mlima Olokwango.', NULL);
INSERT INTO `card` (id, type, title, header, content, option) VALUES ('3914_7', 3, NULL, 'assets/topic/asb/2467.png', 'Watu wa Kwere wakachukua hatua. Wakamtoa Matata kisha wakamweka Baraka. Baraka akaamrisha kila mtu kupanda ua kuonyesha Mlima Olokwango heshima. Wakasherehekea kwa kumtolea Olokwango zawadi za msonobari, mwerezi na muhuhu. Hakuna aliyetembea juu ya mlima tena, na nyasi zikamea na kuwa ndefu tena. Polepole, tabasamu iliyokuwa usoni mwa Mlima Olokwango ilipanuka zaidi na vibonyeo vikarefuka zaidi.', NULL);
INSERT INTO `card` (id, type, title, header, content, option) VALUES ('3914_8', 3, NULL, 'assets/topic/asb/2468.png', 'Kutoka kwenye vibonyeo, vijito vilitiririka tena. Mto Temu ulifufuliwa. Sehemu tambarare ziligeuka kijani zaidi ya hapo awali. Paa walitembea tena kwa furaha kutoka upande mmoja hadi mwingine wakila nyasi.', NULL);
INSERT INTO `card` (id, type, title, header, content, option) VALUES ('3914_9', 3, NULL, 'assets/topic/asb/2469.png', '"Maisha marefu, Baraka! Maisha marefu, Baraka!" Watu wa Kwere waliimba. "Maisha marefu,  Olokwango," Baraka na watu wake walisema. "Heri watoto wetu na watoto wa watoto wao wakuheshimu daima."', NULL);
INSERT INTO `card` (id, type, title, header, content, option) VALUES ('3914_10', 3, NULL, NULL, 'You are free to download, copy, translate or adapt this story and use the illustrations as long as you attribute in the following way:
Uamsho wa furaha
Author -
Rebecca Njuguna
Translation -
Brigid Simiyu
Illustration -
Catherine Groenewald
Language -
Kiswahili
Level -
Read aloud
© African Storybook Initiative 2014
Creative Commons: Attribution 4.0
Source
www.africanstorybook.org', NULL);
INSERT INTO `card` (id, type, title, header, content, option) VALUES ('13303', 2, 'Uamuzi', 'assets/topic/asb/10625.png', 'Ursula Nafula
 Vusi Malindi', 'FF9DEDE3');
INSERT INTO `card` (id, type, title, header, content, option) VALUES ('13303_3', 3, NULL, 'assets/topic/asb/10609.png', 'Mtaa wetu ulikuwa na matatizo mengi. Tulisimama kwenye foleni tukisubiri kuchota maji kutoka mfereji mmoja.', NULL);
INSERT INTO `card` (id, type, title, header, content, option) VALUES ('13303_4', 3, NULL, 'assets/topic/asb/10616.png', 'Tulisubiri kupokea chakula cha msaada. Hatukufahamu waliokuwa wahisani wetu.', NULL);
INSERT INTO `card` (id, type, title, header, content, option) VALUES ('13303_5', 3, NULL, 'assets/topic/asb/10614.png', 'Usalama ulizorota kila uchao. Tulilazimika kufunga nyumba zetu mapema kwa ajili ya wizi.', NULL);
INSERT INTO `card` (id, type, title, header, content, option) VALUES ('13303_6', 3, NULL, 'assets/topic/asb/10611.png', 'Baadhi ya watoto waliacha shule. Wazazi wao hawakuweza kulipa karo.', NULL);
INSERT INTO `card` (id, type, title, header, content, option) VALUES ('13303_7', 3, NULL, 'assets/topic/asb/10613.png', 'Wasichana wadogo walifanya kazi za nyumbani pale mtaani.', NULL);
INSERT INTO `card` (id, type, title, header, content, option) VALUES ('13303_8', 3, NULL, 'assets/topic/asb/10615.png', 'Wavulana wadogo walirandaranda ovyo.
Wengine waliwafanyia watu kazi mashambani.', NULL);
INSERT INTO `card` (id, type, title, header, content, option) VALUES ('13303_9', 3, NULL, 'assets/topic/asb/10617.png', 'Upepo ulivuma na kuzipeperusha karatasi chafu. Ziliangikwa mitini na uani na kuyachafua mazingira.', NULL);
INSERT INTO `card` (id, type, title, header, content, option) VALUES ('13303_10', 3, NULL, 'assets/topic/asb/10612.png', 'Vipande vya chupa vilitupwa ovyo ovyo njiani. Watu walijeruhiwa kwa kukatwa navyo.', NULL);
INSERT INTO `card` (id, type, title, header, content, option) VALUES ('13303_11', 3, NULL, 'assets/topic/asb/10610.png', 'Siku moja, mfereji wa maji ulikauka na mitungi yetu ikawa tupu. Tulijiuliza, "Sasa tutayapata maji wapi?"', NULL);
INSERT INTO `card` (id, type, title, header, content, option) VALUES ('13303_12', 3, NULL, 'assets/topic/asb/10618.png', 'Babangu alitembea kutoka nyumba hadi nyumba. Aliwatangazia watu kuhudhuria mkutano wa mtaa.', NULL);
INSERT INTO `card` (id, type, title, header, content, option) VALUES ('13303_13', 3, NULL, 'assets/topic/asb/10619.png', 'Watu walikusanyika chini ya mti ule ule ambako tulipokea chakula cha msaada. Baadhi waliuliza, "Kuna nini leo?"', NULL);
INSERT INTO `card` (id, type, title, header, content, option) VALUES ('13303_14', 3, NULL, 'assets/topic/asb/10620.png', 'Babangu alisimama katikati yao akasema, "Lazima tuyabadilishe maisha ya mtaa wetu."', NULL);
INSERT INTO `card` (id, type, title, header, content, option) VALUES ('13303_15', 3, NULL, 'assets/topic/asb/10621.png', 'Juma, aliyekuwa amepanda juu ya mti, alisema kwa sauti, "Naweza kusafisha uwanja wa nyumba zetu."', NULL);
INSERT INTO `card` (id, type, title, header, content, option) VALUES ('13303_16', 3, NULL, 'assets/topic/asb/10623.png', 'Mwanamke mmoja wa makamo, alisema, "Sisi wanawake tutaungana pamoja tupande mbegu ili tupate chakula."', NULL);
INSERT INTO `card` (id, type, title, header, content, option) VALUES ('13303_17', 3, NULL, 'assets/topic/asb/10624.png', 'Mwanamume mwingine alisimama akasema,  "Wanaume nao watachimba kisima cha maji."', NULL);
INSERT INTO `card` (id, type, title, header, content, option) VALUES ('13303_18', 3, NULL, 'assets/topic/asb/10625.png', 'Sote tulisema kwa sauti moja, "Lazima tubadilishe maisha yetu."
Hivyo ndivyo, tulianza kufanya kazi pamoja kuyabadilisha maisha yetu.', NULL);
INSERT INTO `card` (id, type, title, header, content, option) VALUES ('13303_19', 3, NULL, NULL, 'You are free to download, copy, translate or adapt this story and use the illustrations as long as you attribute in the following way:
Uamuzi
Author -
Ursula Nafula
Illustration -
Vusi Malindi
Language -
Kiswahili
Level -
First paragraphs
© African Storybook Initiative 2015
Creative Commons: Attribution 4.0
Source
www.africanstorybook.org', NULL);
INSERT INTO `card` (id, type, title, header, content, option) VALUES ('30267', 2, 'Ubhusyö', 'assets/topic/asb/26803.png', 'Kutafsiri Biblia Mara
Sue  Beattie', 'FFF4E1B5');
INSERT INTO `card` (id, type, title, header, content, option) VALUES ('30267_3', 3, NULL, 'assets/topic/asb/26807.png', 'Amaiso', NULL);
INSERT INTO `card` (id, type, title, header, content, option) VALUES ('30267_4', 3, NULL, 'assets/topic/asb/26808.png', 'Ökutwë', NULL);
INSERT INTO `card` (id, type, title, header, content, option) VALUES ('30267_5', 3, NULL, 'assets/topic/asb/26802.png', 'Umunywa', NULL);
INSERT INTO `card` (id, type, title, header, content, option) VALUES ('30267_6', 3, NULL, 'assets/topic/asb/26800.png', 'Rinyëërö', NULL);
INSERT INTO `card` (id, type, title, header, content, option) VALUES ('30267_7', 3, NULL, 'assets/topic/asb/26801.png', 'Ekereesa', NULL);
INSERT INTO `card` (id, type, title, header, content, option) VALUES ('30267_8', 3, NULL, 'assets/topic/asb/26755.png', 'Amaino', NULL);
INSERT INTO `card` (id, type, title, header, content, option) VALUES ('30267_9', 3, NULL, 'assets/topic/asb/26810.png', 'Örörëmë', NULL);
INSERT INTO `card` (id, type, title, header, content, option) VALUES ('30267_10', 3, NULL, 'assets/topic/asb/26809.png', 'Semboto', NULL);
INSERT INTO `card` (id, type, title, header, content, option) VALUES ('30267_11', 3, NULL, 'assets/topic/asb/26804.png', 'Ibhighiki', NULL);
INSERT INTO `card` (id, type, title, header, content, option) VALUES ('30267_12', 3, NULL, 'assets/topic/asb/26806.png', 'Situukya', NULL);
INSERT INTO `card` (id, type, title, header, content, option) VALUES ('30267_13', 3, NULL, NULL, 'You are free to download, copy, translate or adapt this story and use the illustrations as long as you attribute in the following way:
Ubhusyö
Author -
Little Zebra Books
Translation -
Kutafsiri Biblia Mara
Illustration -
Sue  Beattie
Language -
Ikisimbëtë
Level -
First words
© African Storybook Initiative 2018
Creative Commons: Attribution 4.0
Source
www.africanstorybook.org', NULL);
INSERT INTO `card` (id, type, title, header, content, option) VALUES ('23156', 2, 'Ugali na Samaki', 'assets/topic/asb/26863.png', 'Melanie Bulouza
  and Ben Terarc', 'FF9DEDE3');
INSERT INTO `card` (id, type, title, header, content, option) VALUES ('23156_3', 3, NULL, 'assets/topic/asb/26864.png', 'Hapo zamani, Ugali na Samaki waliishi katika kijiji kimoja.
Urafiki ulianza kati yao.', NULL);
INSERT INTO `card` (id, type, title, header, content, option) VALUES ('23156_4', 3, NULL, 'assets/topic/asb/26865.png', 'Samaki alimwambia rafiki yake Ugali waende pamoja baharini waoge.
Walishika njia wakaenda baharini.', NULL);
INSERT INTO `card` (id, type, title, header, content, option) VALUES ('23156_5', 3, NULL, 'assets/topic/asb/26866.png', 'Walipofika kando ya bahari, Samaki alimwambia Ugali, "Mimi naingia majini kuoga" kisha akapiga mbizi.', NULL);
INSERT INTO `card` (id, type, title, header, content, option) VALUES ('23156_6', 3, NULL, 'assets/topic/asb/26867.png', 'Baada ya kuogelea kwa muda mfupi, Samaki alimwambia Ugali, "Sasa ni zamu yako kuogelea."
Ugali alimjibu, "Siwezi kuogelea. Nikiingia majini, nitazama halafu nitayeyuka."', NULL);
INSERT INTO `card` (id, type, title, header, content, option) VALUES ('23156_7', 3, NULL, 'assets/topic/asb/26868.png', 'Samaki alimbembeleza Ugali akisema, "Njoo ujaribu. Hutayeyuka na ukizama, nitakuokoa." Ugali alikubali.
Ugali alipofika majini, alishindwa kuelea. Alimwita Samaki, "Njoo uniokoe," lakini Samaki hakumwokoa.', NULL);
INSERT INTO `card` (id, type, title, header, content, option) VALUES ('23156_8', 3, NULL, 'assets/topic/asb/26869.png', 'Mtu mmoja alimsikia Samaik akilalamika kwamba hangeweza kumwoka Ugali. Mtu huyo akamwuliza, "Kuna shida gani?"
Samaki akasema, "Huyu mjinga ameingia majini na sasa anazama." Mtu huyo akamwokoa Ugali.', NULL);
INSERT INTO `card` (id, type, title, header, content, option) VALUES ('23156_9', 3, NULL, 'assets/topic/asb/26870.png', 'Ugali alipotoka majini, alisema, "Samaki ni rafiki mbaya. Amenishawishi niogelee nami sijui kuogelea."
Mtu huyo aliwaambia, "Hebu niwatatulie tatizo hili." Alikata ugali na samaki, akala kwa fujo. Na huo ukawa mwisho wa ugomvi kati yao.', NULL);
INSERT INTO `card` (id, type, title, header, content, option) VALUES ('23156_10', 3, NULL, NULL, 'You are free to download, copy, translate or adapt this story and use the illustrations as long as you attribute in the following way:
Ugali na Samaki
Author -
Melanie Bulouza
Illustration -
and Ben Terarc
Language -
Kiswahili
Level -
Longer paragraphs
© African Storybook Initiative 2018
Creative Commons: Attribution 4.0
Source
www.africanstorybook.org', NULL);
INSERT INTO `card` (id, type, title, header, content, option) VALUES ('16210', 2, 'Ujasiri wa Nangila', 'assets/topic/asb/15103.png', 'Ursula Nafula', 'FF9DEDE3');
INSERT INTO `card` (id, type, title, header, content, option) VALUES ('16210_3', 3, NULL, 'assets/topic/asb/15103.png', 'Wekesa alikuwa na donda mguuni. Yeye na mkewe waliishi kijijini na wanao.', NULL);
INSERT INTO `card` (id, type, title, header, content, option) VALUES ('16210_4', 3, NULL, 'assets/topic/asb/15104.png', 'Binti yao, Nangila, na kaka zake watatu walifanya kazi zao vizuri.', NULL);
INSERT INTO `card` (id, type, title, header, content, option) VALUES ('16210_5', 3, NULL, 'assets/topic/asb/15105.png', 'Nangila aliwavutia wengi. Mwanamme aliyependa kumwoa, alitakiwa kutimiza sharti kali lililowekwa na babake.', NULL);
INSERT INTO `card` (id, type, title, header, content, option) VALUES ('16210_6', 3, NULL, 'assets/topic/asb/15106.png', 'Sharti lilikuwa kuileta miti-shamba kutoka ziwa lililokuwa karibu. Dawa hiyo ingeponya donda alilokuwa nalo bababke Nangila. Ziwa hilo lilijaa mizimu hatari.', NULL);
INSERT INTO `card` (id, type, title, header, content, option) VALUES ('16210_7', 3, NULL, 'assets/topic/asb/15107.png', 'Baadhi ya wanaume waliojaribu kuipata ile miti-shamba, walirudi mikono mitupu. Wengine kamwe hawakurejea kutoka ziwani.', NULL);
INSERT INTO `card` (id, type, title, header, content, option) VALUES ('16210_8', 3, NULL, 'assets/topic/asb/15109.png', 'Nangila alikuwa na hofu kaka zake pia waliposhindwa kwenda ziwani. Aliamua kwenda mwenyewe. Mamake alimwambia, "Mwanangu, wanaume wameshindwa, utafaulu?"', NULL);
INSERT INTO `card` (id, type, title, header, content, option) VALUES ('16210_9', 3, NULL, 'assets/topic/asb/15110.png', 'Nangila alimsaidia bi kizee mmoja kubeba kuni. Bi kizee alimshukuru, akamwambia, "Nitakueleza jinsi utakavyofika kwenye ziwa la mizimu na namna utakavyofanya."', NULL);
INSERT INTO `card` (id, type, title, header, content, option) VALUES ('16210_10', 3, NULL, 'assets/topic/asb/15111.png', 'Nangila alipofika kwenye ufuo wa ziwa, aliiona familia ya mizimu ikinywa na kusherehekea. Alisubiri na kutazama. Moja baada ya nyingine, mizimu ilipatwa na usingizi.', NULL);
INSERT INTO `card` (id, type, title, header, content, option) VALUES ('16210_11', 3, NULL, 'assets/topic/asb/15112.png', 'Mizimu yote ilipolala,  Nangila alipiga mbizi ziwani. Aliipata miti-shamba na kuiweka mkobani. Alipoogelea kurudi ufuoni,  mawimbi makubwa yalimzunguka.', NULL);
INSERT INTO `card` (id, type, title, header, content, option) VALUES ('16210_12', 3, NULL, 'assets/topic/asb/15113.png', 'Alifika ufuoni mizimu ikiwa imeamka. Aliimba wimbo aliofunzwa na bi kizee:
Mie nilikuja kwa sababu wanaume waliogopa. Babangu ahitaji dawa. Ndiyo sababu nikaja hapa.', NULL);
INSERT INTO `card` (id, type, title, header, content, option) VALUES ('16210_13', 3, NULL, 'assets/topic/asb/15114.png', 'Sauti ya Nangila ilikuwa tamu sana hata mizimu ikamtaka aendelee kuimba. Mizimu ilipolala tena, Nangila alikimbia haraka kwenda kijijini.', NULL);
INSERT INTO `card` (id, type, title, header, content, option) VALUES ('16210_14', 3, NULL, 'assets/topic/asb/15115.png', 'Baada ya kutibu donda la babake, babake aliweza kusimama tena. Kijiji kizima kilisherehekea na kumpongeza Nangila.', NULL);
INSERT INTO `card` (id, type, title, header, content, option) VALUES ('16210_15', 3, NULL, NULL, 'You are free to download, copy, translate or adapt this story and use the illustrations as long as you attribute in the following way:
Ujasiri wa Nangila
Author -
Violet Otieno
Translation -
Ursula Nafula
Illustration -
Language -
Kiswahili
Level -
First sentences
© African Storybook Initiative 2015
Creative Commons: Attribution 4.0
Source
www.africanstorybook.org', NULL);
INSERT INTO `card` (id, type, title, header, content, option) VALUES ('15614', 2, 'Uji', 'assets/topic/asb/13256.png', 'Brigid Simiyu
 Catherine Groenewald', 'FFB3C8FF');
INSERT INTO `card` (id, type, title, header, content, option) VALUES ('15614_3', 3, NULL, 'assets/topic/asb/7923.png', 'Zama anajitayarisha kwenda shule.', NULL);
INSERT INTO `card` (id, type, title, header, content, option) VALUES ('15614_4', 3, NULL, 'assets/topic/asb/7924.png', 'Baba anapika uji wa kiamsha kinywa.', NULL);
INSERT INTO `card` (id, type, title, header, content, option) VALUES ('15614_5', 3, NULL, 'assets/topic/asb/7925.png', '"Mama hutayarisha uji mzuri zaidi." Zama anasema.', NULL);
INSERT INTO `card` (id, type, title, header, content, option) VALUES ('15614_6', 3, NULL, 'assets/topic/asb/13254.png', 'Uji unampa Zama nguvu za kucheza shuleni.', NULL);
INSERT INTO `card` (id, type, title, header, content, option) VALUES ('15614_7', 3, NULL, 'assets/topic/asb/13255.png', 'Uji uko tayari.', NULL);
INSERT INTO `card` (id, type, title, header, content, option) VALUES ('15614_8', 3, NULL, 'assets/topic/asb/13256.png', 'Baba anaongeza uji maziwa kwa upendo.', NULL);
INSERT INTO `card` (id, type, title, header, content, option) VALUES ('15614_9', 3, NULL, 'assets/topic/asb/13257.png', '"Baba,  ninafikiri uji huu unahitaji sukari zaidi," Zama anasema.', NULL);
INSERT INTO `card` (id, type, title, header, content, option) VALUES ('15614_10', 3, NULL, 'assets/topic/asb/13259.png', '"Uji wa mama una ladha kuliko wa baba," Zama anawaza.', NULL);
INSERT INTO `card` (id, type, title, header, content, option) VALUES ('15614_11', 3, NULL, 'assets/topic/asb/13258.png', '"Baba,  tafadhali naweza kupata sukari zaidi?" Zama anauliza.', NULL);
INSERT INTO `card` (id, type, title, header, content, option) VALUES ('15614_12', 3, NULL, 'assets/topic/asb/13260.png', 'Baba anamwongezea Zama ''sukari.''.', NULL);
INSERT INTO `card` (id, type, title, header, content, option) VALUES ('15614_13', 3, NULL, 'assets/topic/asb/13261.png', '"Wu! Baba! Umeweka chumvi badala ya sukari!" Zama analalamika.', NULL);
INSERT INTO `card` (id, type, title, header, content, option) VALUES ('15614_14', 3, NULL, 'assets/topic/asb/13262.png', '"Baba,  je,  mama atarudi lini nyumbani?" Zama anauliza.', NULL);
INSERT INTO `card` (id, type, title, header, content, option) VALUES ('15614_15', 3, NULL, NULL, 'You are free to download, copy, translate or adapt this story and use the illustrations as long as you attribute in the following way:
Uji
Author -
Zimbili Dlamini and Hlengiwe Zondi
Translation -
Brigid Simiyu
Illustration -
Catherine Groenewald
Language -
Kiswahili
Level -
First words
© African Storybook Initiative and Molteno Institute 2014
Creative Commons: Attribution 4.0
Source
www.africanstorybook.org', NULL);
INSERT INTO `card` (id, type, title, header, content, option) VALUES ('21138', 2, 'Ujinga wa Majitu', 'assets/topic/asb/8114.png', 'Brigid Simiyu
 Natalie Propa', 'FF9DEDE3');
INSERT INTO `card` (id, type, title, header, content, option) VALUES ('21138_3', 3, NULL, 'assets/topic/asb/8111.png', 'Kulikuwa na kiangazi.
Mulongo na familia yake walikosa chakula.', NULL);
INSERT INTO `card` (id, type, title, header, content, option) VALUES ('21138_4', 3, NULL, 'assets/topic/asb/8112.png', 'Mulongo alienda na famalia yake kutafuta chakula.', NULL);
INSERT INTO `card` (id, type, title, header, content, option) VALUES ('21138_5', 3, NULL, 'assets/topic/asb/8113.png', 'Walipata shamba la migomba.
Mwenye shamba hakuwepo.', NULL);
INSERT INTO `card` (id, type, title, header, content, option) VALUES ('21138_6', 3, NULL, 'assets/topic/asb/8114.png', 'Ghafla, jitu kubwa liliwasili!
Liliwaruhusu wakae pale.', NULL);
INSERT INTO `card` (id, type, title, header, content, option) VALUES ('21138_7', 3, NULL, 'assets/topic/asb/8115.png', 'Asubuhi moja, jitu lilisema, "Nipikie mvulana wako."', NULL);
INSERT INTO `card` (id, type, title, header, content, option) VALUES ('21138_8', 3, NULL, 'assets/topic/asb/8116.png', 'Jioni, jitu likasema, "Kesho, mpike binti yako."', NULL);
INSERT INTO `card` (id, type, title, header, content, option) VALUES ('21138_9', 3, NULL, 'assets/topic/asb/8117.png', 'Wazazi walimficha binti yao mtini.', NULL);
INSERT INTO `card` (id, type, title, header, content, option) VALUES ('21138_10', 3, NULL, 'assets/topic/asb/8118.png', 'Jitu lilimwambia mke wa Mulongo, "Kesho lazima umpike mmeo."', NULL);
INSERT INTO `card` (id, type, title, header, content, option) VALUES ('21138_11', 3, NULL, 'assets/topic/asb/8119.png', 'Jioni hiyo, jitu lilimueleza mke ajipike mwenyewe!', NULL);
INSERT INTO `card` (id, type, title, header, content, option) VALUES ('21138_12', 3, NULL, 'assets/topic/asb/8120.png', 'Jitu lilikula likashiba.
Lililala chini ya mti likikoroma.', NULL);
INSERT INTO `card` (id, type, title, header, content, option) VALUES ('21138_13', 3, NULL, 'assets/topic/asb/8121.png', 'Liliwaona wote wakiwa wazima.
Lilikasirika sana.', NULL);
INSERT INTO `card` (id, type, title, header, content, option) VALUES ('21138_14', 3, NULL, 'assets/topic/asb/8122.png', 'Mulongo alilidanganya jitu.
Waliondoka wakaenda zao.', NULL);
INSERT INTO `card` (id, type, title, header, content, option) VALUES ('21138_15', 3, NULL, NULL, 'You are free to download, copy, translate or adapt this story and use the illustrations as long as you attribute in the following way:
Ujinga wa Majitu
Author -
Fabian Wakholi
Translation -
Brigid Simiyu
Illustration -
Natalie Propa
Language -
Kiswahili
Level -
First words
© African Storybook Initiative 2014
Creative Commons: Attribution 4.0
Source
www.africanstorybook.org', NULL);
INSERT INTO `card` (id, type, title, header, content, option) VALUES ('23033', 2, 'Ulemavu si utepetevu', 'assets/topic/asb/10424.png', 'Ursula  Nafula
Wiehan de Jager', 'FFB3C8FF');
INSERT INTO `card` (id, type, title, header, content, option) VALUES ('23033_3', 3, NULL, 'assets/topic/asb/10419.png', 'Huyu ni Agnes. Yeye ni mwalimu.', NULL);
INSERT INTO `card` (id, type, title, header, content, option) VALUES ('23033_4', 3, NULL, 'assets/topic/asb/10418.png', 'Agnes hutumia magongo kutembea.', NULL);
INSERT INTO `card` (id, type, title, header, content, option) VALUES ('23033_5', 3, NULL, 'assets/topic/asb/10420.png', 'Huyu ni Metobo. Metobo ni DJ wa redio nimpendaye.', NULL);
INSERT INTO `card` (id, type, title, header, content, option) VALUES ('23033_6', 3, NULL, 'assets/topic/asb/10421.png', 'Metobo ana tatizo la macho.', NULL);
INSERT INTO `card` (id, type, title, header, content, option) VALUES ('23033_7', 3, NULL, 'assets/topic/asb/10422.png', 'Huyu ni jirani yangu Moraa. Moraa ni mkulima.', NULL);
INSERT INTO `card` (id, type, title, header, content, option) VALUES ('23033_8', 3, NULL, 'assets/topic/asb/10424.png', 'Moraa hasikii. Yeye hutumia lugha ya ishara kuwasiliana.', NULL);
INSERT INTO `card` (id, type, title, header, content, option) VALUES ('23033_9', 3, NULL, 'assets/topic/asb/10425.png', 'Huyu ni Osero. Osero ni mchezaji wa soka maarufu shuleni kwetu.', NULL);
INSERT INTO `card` (id, type, title, header, content, option) VALUES ('23033_10', 3, NULL, 'assets/topic/asb/10426.png', 'Osero hana mikono. Lakini, yeye huingizia mabao mengi timu yetu inapocheza.', NULL);
INSERT INTO `card` (id, type, title, header, content, option) VALUES ('23033_11', 3, NULL, NULL, 'You are free to download, copy, translate or adapt this story and use the illustrations as long as you attribute in the following way:
Ulemavu si utepetevu
Author -
Agnes Mabururu
Translation -
Ursula  Nafula
Illustration -
Wiehan de Jager
Language -
Kiswahili
Level -
First sentences
© African Storybook Initiative 2014
Creative Commons: Attribution 4.0
Source
www.africanstorybook.org', NULL);
INSERT INTO `card` (id, type, title, header, content, option) VALUES ('18344', 2, 'Umoja', 'assets/topic/asb/10625.png', 'Ursula Nafula
 Vusi Malindi', 'FFB3C8FF');
INSERT INTO `card` (id, type, title, header, content, option) VALUES ('18344_3', 3, NULL, 'assets/topic/asb/10609.png', 'Kijiji chetu kilikuwa na shida nyingi. Tulikuwa na mfereji mmoja.', NULL);
INSERT INTO `card` (id, type, title, header, content, option) VALUES ('18344_4', 3, NULL, 'assets/topic/asb/10616.png', 'Tulitegemea chakula cha msaada.', NULL);
INSERT INTO `card` (id, type, title, header, content, option) VALUES ('18344_5', 3, NULL, 'assets/topic/asb/10614.png', 'Tuliogopa kuvamiwa na wezi.', NULL);
INSERT INTO `card` (id, type, title, header, content, option) VALUES ('18344_6', 3, NULL, 'assets/topic/asb/10611.png', 'Wazazi wengine hawakuweza kulipa karo.', NULL);
INSERT INTO `card` (id, type, title, header, content, option) VALUES ('18344_7', 3, NULL, 'assets/topic/asb/10613.png', 'Wasichana wadogo waliacha shule.', NULL);
INSERT INTO `card` (id, type, title, header, content, option) VALUES ('18344_8', 3, NULL, 'assets/topic/asb/10615.png', 'Wavulana wadogo walirandaranda kijijini.', NULL);
INSERT INTO `card` (id, type, title, header, content, option) VALUES ('18344_9', 3, NULL, 'assets/topic/asb/10617.png', 'Uchafu ulikuwa kila mahali.', NULL);
INSERT INTO `card` (id, type, title, header, content, option) VALUES ('18344_10', 3, NULL, 'assets/topic/asb/10612.png', 'Watu walikatwa na vipande vya chupa.', NULL);
INSERT INTO `card` (id, type, title, header, content, option) VALUES ('18344_11', 3, NULL, 'assets/topic/asb/10610.png', 'Siku moja,  mfereji ulikosa maji.', NULL);
INSERT INTO `card` (id, type, title, header, content, option) VALUES ('18344_12', 3, NULL, 'assets/topic/asb/10618.png', 'Babangu aliwaita watu waende mkutano.', NULL);
INSERT INTO `card` (id, type, title, header, content, option) VALUES ('18344_13', 3, NULL, 'assets/topic/asb/10619.png', 'Watu walikusanyika wakajadiliana.', NULL);
INSERT INTO `card` (id, type, title, header, content, option) VALUES ('18344_14', 3, NULL, 'assets/topic/asb/10620.png', 'Babangu alisema,  "Lazima tuyabadilishe maisha yetu."', NULL);
INSERT INTO `card` (id, type, title, header, content, option) VALUES ('18344_15', 3, NULL, 'assets/topic/asb/10621.png', 'Mimi nilisema,  "Nitasafisha uwanja wa nyumba yetu."', NULL);
INSERT INTO `card` (id, type, title, header, content, option) VALUES ('18344_16', 3, NULL, 'assets/topic/asb/10623.png', 'Mamake Dama alisema,  "Wanawake wataungana wapande chakula."', NULL);
INSERT INTO `card` (id, type, title, header, content, option) VALUES ('18344_17', 3, NULL, 'assets/topic/asb/10624.png', 'Babake Mumo alisema,  "Wanaume watachimba kisima cha maji."', NULL);
INSERT INTO `card` (id, type, title, header, content, option) VALUES ('18344_18', 3, NULL, 'assets/topic/asb/10625.png', 'Kwa sauti moja tulisema,  "Tuyabadilishe maisha yetu."', NULL);
INSERT INTO `card` (id, type, title, header, content, option) VALUES ('18344_19', 3, NULL, NULL, 'You are free to download, copy, translate or adapt this story and use the illustrations as long as you attribute in the following way:
Umoja
Author -
Ursula Nafula
Adaptation -
Ursula Nafula
Illustration -
Vusi Malindi
Language -
Kiswahili
Level -
First words
© African Storybook Initiative 2015
Creative Commons: Attribution 4.0
Source
www.africanstorybook.org', NULL);
INSERT INTO `card` (id, type, title, header, content, option) VALUES ('15864', 2, 'Umuhimu wa Mtende', 'assets/topic/asb/9607.png', 'Translators without Borders and Kiondo Wilkins
Rob Owen', 'FF9DEDE3');
INSERT INTO `card` (id, type, title, header, content, option) VALUES ('15864_3', 3, NULL, 'assets/topic/asb/9604.png', 'Hebu nikueleze kuhusu mtende.', NULL);
INSERT INTO `card` (id, type, title, header, content, option) VALUES ('15864_4', 3, NULL, 'assets/topic/asb/9605.png', 'Mtende ni mmea wa kudumu.
Unasitawi mimea mingine inapokauka.', NULL);
INSERT INTO `card` (id, type, title, header, content, option) VALUES ('15864_5', 3, NULL, 'assets/topic/asb/9606.png', 'Kivuli cha mtende kina upepo mzuri.', NULL);
INSERT INTO `card` (id, type, title, header, content, option) VALUES ('15864_6', 3, NULL, 'assets/topic/asb/9607.png', 'Tunakula matunda ya mtende.', NULL);
INSERT INTO `card` (id, type, title, header, content, option) VALUES ('15864_7', 3, NULL, 'assets/topic/asb/9608.png', 'Tunatumia majani yake kuezeka nyumba zetu.', NULL);
INSERT INTO `card` (id, type, title, header, content, option) VALUES ('15864_8', 3, NULL, 'assets/topic/asb/9609.png', 'Tunatengeneza fagio kutumia majani ya mtende.
Tunasuka mikeka pia.', NULL);
INSERT INTO `card` (id, type, title, header, content, option) VALUES ('15864_9', 3, NULL, 'assets/topic/asb/9610.png', 'Tunatumia nafaka zake kupika.', NULL);
INSERT INTO `card` (id, type, title, header, content, option) VALUES ('15864_10', 3, NULL, 'assets/topic/asb/9611.png', 'Sasa umefahamu kwa nini mtende ni muhimu sana?', NULL);
INSERT INTO `card` (id, type, title, header, content, option) VALUES ('15864_11', 3, NULL, NULL, 'You are free to download, copy, translate or adapt this story and use the illustrations as long as you attribute in the following way:
Umuhimu wa Mtende
Author -
Simon Ipoo
Translation -
Translators without Borders and Kiondo Wilkins
Illustration -
Rob Owen
Language -
Kiswahili
Level -
First words
© African Storybook Initiative 2015
Creative Commons: Attribution 4.0
Source
www.africanstorybook.org', NULL);
INSERT INTO `card` (id, type, title, header, content, option) VALUES ('18345', 2, 'Upepo mkali', 'assets/topic/asb/14101.png', 'Ursula Nafula
Marion Drew', 'FF9DEDE3');
INSERT INTO `card` (id, type, title, header, content, option) VALUES ('18345_3', 3, NULL, 'assets/topic/asb/14102.png', 'Nilikuwa nikicheza na tiara yangu. Upepo mkali ulianza kuvuma.', NULL);
INSERT INTO `card` (id, type, title, header, content, option) VALUES ('18345_4', 3, NULL, 'assets/topic/asb/14103.png', 'Upepo huo uliibandua tiara yangu. Ilirushwa mbali.', NULL);
INSERT INTO `card` (id, type, title, header, content, option) VALUES ('18345_5', 3, NULL, 'assets/topic/asb/14104.png', 'Macho yangu yalijaa mchanga.', NULL);
INSERT INTO `card` (id, type, title, header, content, option) VALUES ('18345_6', 3, NULL, 'assets/topic/asb/14105.png', 'Upepo huo uligeuka ukawa dhoruba.', NULL);
INSERT INTO `card` (id, type, title, header, content, option) VALUES ('18345_7', 3, NULL, 'assets/topic/asb/14106.png', 'Niliogopa!', NULL);
INSERT INTO `card` (id, type, title, header, content, option) VALUES ('18345_8', 3, NULL, 'assets/topic/asb/14107.png', 'Nilijiuliza, "Tiara  yangu nzuri iko wapi?"', NULL);
INSERT INTO `card` (id, type, title, header, content, option) VALUES ('18345_9', 3, NULL, 'assets/topic/asb/14108.png', 'Labda,  ilikuwa angani.', NULL);
INSERT INTO `card` (id, type, title, header, content, option) VALUES ('18345_10', 3, NULL, 'assets/topic/asb/14109.png', 'Dhoruba hiyo ilinizungusha. Iliniinua juu.', NULL);
INSERT INTO `card` (id, type, title, header, content, option) VALUES ('18345_11', 3, NULL, 'assets/topic/asb/14110.png', 'Iliniangusha chini.', NULL);
INSERT INTO `card` (id, type, title, header, content, option) VALUES ('18345_12', 3, NULL, 'assets/topic/asb/14111.png', 'Niliposimama, sikuiona tiara yangu. Sikuusikia upepo ukivuma tena.', NULL);
INSERT INTO `card` (id, type, title, header, content, option) VALUES ('18345_13', 3, NULL, 'assets/topic/asb/14112.png', 'Nilianza kwenda nyumbani.', NULL);
INSERT INTO `card` (id, type, title, header, content, option) VALUES ('18345_14', 3, NULL, 'assets/topic/asb/14101.png', 'Je, unafahamu kuwa upepo mkali ni hatari?', NULL);
INSERT INTO `card` (id, type, title, header, content, option) VALUES ('18345_15', 3, NULL, NULL, 'You are free to download, copy, translate or adapt this story and use the illustrations as long as you attribute in the following way:
Upepo mkali
Author -
Ursula Nafula
Adaptation -
Ursula Nafula
Illustration -
Marion Drew
Language -
Kiswahili
Level -
First words
© African Storybook Initiative 2015
Creative Commons: Attribution 4.0
Source
www.africanstorybook.org', NULL);
INSERT INTO `card` (id, type, title, header, content, option) VALUES ('22572', 2, 'Upinde wa Mto wenye miujiza', 'assets/topic/asb/26828.png', 'Ursula  Nafula
Edwin  Irabor', 'FF9DEDE3');
INSERT INTO `card` (id, type, title, header, content, option) VALUES ('22572_3', 3, NULL, 'assets/topic/asb/26491.png', 'Watoto watatu, Ado, Aggie, na Eddy waliisikiliza mvua ikinyesha. Walitaka sana kuchezea kwenye mvua hiyo. Walitaka kuugusa upinde ulioonekana angani. Lakini mama alisema, "La!" Walilia wakitumaini kwamba mama atabadili nia yake. Lakini, hilo halikufanyika. Eddy hata alijaribu kunyatia na kutoka nje ya nyumba ili autembelee upinde ule.', NULL);
INSERT INTO `card` (id, type, title, header, content, option) VALUES ('22572_4', 3, NULL, 'assets/topic/asb/26492.png', 'Mama alimpata kabla hajaenda mbali. Aliipaza sauti yake ili Eddy na dada zake pia waweze kusikia. "Utapata mafua," mama alisema. "Hampendi kunywa supu iliyo na pilipili lakini mkipata mafua, lazima mtainywa," aliongezea kwa tabasamu.', NULL);
INSERT INTO `card` (id, type, title, header, content, option) VALUES ('22572_5', 3, NULL, 'assets/topic/asb/26493.png', 'Akiwa na matumaini kwamba watamwuliza awasimulie hadithi, mama alisema, "Upinde ni mto wa miujiza ulio na nguvu za kuponya. Lakini uko mbali angani msikoweza kuufikia. Kwa hivyo mkipata mafua, upinde hautawasaidia."', NULL);
INSERT INTO `card` (id, type, title, header, content, option) VALUES ('22572_6', 3, NULL, 'assets/topic/asb/26494.png', '"Tafadhali, mama, tusimulie ile hadithi inayohusu upinde," Aggie alisema. "Ndiyo, tafadhali, mama, ningependa kuisikia pia," Ado aliongeza. "Mimi pia," Eddy alimsihi mama huku akimvuta mkono. "Hebu tuone, mmmm," mama alisema kwa utani. "Sawa wapendwa, karibieni. Mama yenu msimulizi ndiye huyu hapa kuwasimulia!"', NULL);
INSERT INTO `card` (id, type, title, header, content, option) VALUES ('22572_7', 3, NULL, 'assets/topic/asb/26495.png', 'Aggie aliileta fimbo iliyotumiwa na wasimulizi. Alimpatia mama. Eddy alikileta kitambaa alichozoea kuvaa aliposimulia. Alipoishika ile fimbo na kukivaa kile kitambaa, mama alikuwa tayari kuwasimulia wanawe hadithi. Waliketi kimya kuisikiliza ile hadithi waliyoisikia mara nyingi. Ado aliipuliza firimbi kuashiria kuanza. Kisha masimulizi yalianza.', NULL);
INSERT INTO `card` (id, type, title, header, content, option) VALUES ('22572_8', 3, NULL, 'assets/topic/asb/26496.png', '"Hapo zamani, upinde ulikuwa mto wa miujiza. Ulikuwa umejificha katika vichaka vilivyokuwa kijijini Bombo. Kwa sababu ulikuwa na nguvu za kuponya, ulipewa ulinzi mkali. Yeyote aliyekuwa mgonjwa, aliyanywa maji yake. Upinde huo ulifurahi ulipogawanya nguvu zake. Lakini haukupenda watu wasiokuwa na nidhamu."', NULL);
INSERT INTO `card` (id, type, title, header, content, option) VALUES ('22572_9', 3, NULL, 'assets/topic/asb/26828.png', '"Kwa sababu ya nguvu zake za miujiza, kulikuwa na aiskrimu kwenye ukingo wa mto huo! Waliokuja kuyanywa maji, hasa watoto, vilevile walifurahi kuila aiskrimu. Aiskrimu hiyo ilikuwa ya rangi nyekundu,
rangi ya machungwa, manjano, kijani kibichi, bluu, zambarau na nili."', NULL);
INSERT INTO `card` (id, type, title, header, content, option) VALUES ('22572_10', 3, NULL, 'assets/topic/asb/26498.png', '"Siku moja, Bomu, Bi kizee mmoja mtukutu, alikuja kutoka nchi ya mbali. Alipowasili, alikutana na mlinzi. Mlinzi hakumtambua kwa hivyo alikuwa na hisia asizowahi kuwa nazo. Hata hivyo, alizipuuza hisia zake. Alimwelekeza Bi kizee huyo kwenda mtoni huku akimkumbusha kuuheshimu ule mto. Bomu alikubali kisha akaenda majini."', NULL);
INSERT INTO `card` (id, type, title, header, content, option) VALUES ('22572_11', 3, NULL, 'assets/topic/asb/26499.png', '"Bomu aliyanywa maji na akapona. Halafu akatazama kuhakikisha kwamba hakuna aliyemwona. Alilichukua jiwe akalitumbukiza majini. Alilitazama likiinuka na kusambaza viwimbi vyake. Alifurahi sana hata akakichukua kijiti na kurudia kitendo hicho. Vilevile, kijiti kilisambaza viwimbi vyake."', NULL);
INSERT INTO `card` (id, type, title, header, content, option) VALUES ('22572_12', 3, NULL, 'assets/topic/asb/26500.png', '"Bomu aliruka majini! Alikuwa na matumaini ya kuupata uzima wa milele. Mara tu aliporuka, mto uliinuka juu. Uliruka juu angani, usiwahi kurudi tena kijijini Bombo. Wakati mwingine, upinde hutokezea baada ya mvua na kuonekana kama mto tena. Na huo ndio mwisho wa hadithi yangu," mama alisema.', NULL);
INSERT INTO `card` (id, type, title, header, content, option) VALUES ('22572_13', 3, NULL, 'assets/topic/asb/26501.png', '"Kwa hivyo, wapenzi wangu, niambieni, kwa nini mnaipenda sana hadithi hii?" mama aliuliza. "Kila mara mnaniuliza niwasimulie." Ado alitabasamu kisha akajibu, "Ninaipenda kwa sababu inanikumbusha kuzisikiza hisia zangu." Naye Aggie akasema, "Inanikumbusha rangi za upinde."', NULL);
INSERT INTO `card` (id, type, title, header, content, option) VALUES ('22572_14', 3, NULL, 'assets/topic/asb/26502.png', 'Eddy alijaribu bahati yake, "Ninaipenda kwa sababu inanikumbusha aiskrimu! Tafadhali, ninaweza kupata aiskrimu kidogo sasa?" "Mmmm. Sasa kuna baridi sana. Heri tuile aiskrimu kesho," mama alisema. Kisha akaongeza, "Wakati ujao, nitawaeleza hadithi kuhusu hatima ya upinde."', NULL);
INSERT INTO `card` (id, type, title, header, content, option) VALUES ('22572_15', 3, NULL, NULL, 'You are free to download, copy, translate or adapt this story and use the illustrations as long as you attribute in the following way:
Upinde wa Mto wenye miujiza
Author -
Mimi  Werna
Translation -
Ursula  Nafula
Illustration -
Edwin  Irabor
Language -
Kiswahili
Level -
Longer paragraphs
© African Storybook Initiative 2018
Creative Commons: Attribution 4.0
Source
www.africanstorybook.org', NULL);
INSERT INTO `card` (id, type, title, header, content, option) VALUES ('23751', 2, 'Urafiki aina gani?', 'assets/topic/asb/18784.png', 'HANNINGTON  OWERE
  and Rob Owen', 'FF9DEDE3');
INSERT INTO `card` (id, type, title, header, content, option) VALUES ('23751_3', 3, NULL, 'assets/topic/asb/18783.png', 'Hapo zamani za kale, Chura na Nyoka walikuwa marafiki wazuri.
Nyumba zao zilikuwa zikikaribiana na watoto wao walicheza pamoja.', NULL);
INSERT INTO `card` (id, type, title, header, content, option) VALUES ('23751_4', 3, NULL, 'assets/topic/asb/18784.png', 'Siku moja, Chura alimwambia Nyoka, "Rafiki yangu, ningependa kumtembelea mamangu wiki ijayo. Je, ungetaka kwenda nami?"', NULL);
INSERT INTO `card` (id, type, title, header, content, option) VALUES ('23751_5', 3, NULL, 'assets/topic/asb/25000.png', '"Ndiyo, ningependa kwenda nawe," Nyoka akajibu.
"Vizuri sana. Hebu sasa tujitayarishe kwa safari hiyo ndefu," akajibu Chura. "Tutahitaji kutunziwa nyumba zetu tutakapokuwa safarini," aliongeza.', NULL);
INSERT INTO `card` (id, type, title, header, content, option) VALUES ('23751_6', 3, NULL, 'assets/topic/asb/25001.png', 'Walimwomba Tumbili awasaidie kwa sababu aliwajibika na alikuwa mwenye roho nzuri.
Tumbili alijitolea kuwatunzia nyumba zao.', NULL);
INSERT INTO `card` (id, type, title, header, content, option) VALUES ('23751_7', 3, NULL, 'assets/topic/asb/25002.png', 'Siku zilizofuata, Chura na Nyoka walijishughulisha kupanga safari yao.
Chura alikusanya mchwa na kuwaweka katika gunia. Mamake alipenda mchwa sana.', NULL);
INSERT INTO `card` (id, type, title, header, content, option) VALUES ('23751_8', 3, NULL, 'assets/topic/asb/25003.png', 'Siku ya kusafiri ilipofika, marafiki hao waliondoka asubuhi.
Njiani, walishambuliwa na kindi.', NULL);
INSERT INTO `card` (id, type, title, header, content, option) VALUES ('23751_9', 3, NULL, 'assets/topic/asb/25004.png', 'Nyoka alikuwa na hofu akaanza kutetemeka.
Alitoa sauti ya kuwatisha, lakini kindi waliendelea tu kuwasongea.', NULL);
INSERT INTO `card` (id, type, title, header, content, option) VALUES ('23751_10', 3, NULL, 'assets/topic/asb/25005.png', 'Kindi walipowazingira, Chura alipiga kelele sana.
Hatimaye, kindi walitoroka.', NULL);
INSERT INTO `card` (id, type, title, header, content, option) VALUES ('23751_11', 3, NULL, 'assets/topic/asb/25006.png', 'Chura na Nyoka walipofika kwa mamake Chura, walikuwa wamechoka na kuhisi njaa.
Mamake Chura aliwapa mkeka wakaketi huku akiandaa chakula.', NULL);
INSERT INTO `card` (id, type, title, header, content, option) VALUES ('23751_12', 3, NULL, 'assets/topic/asb/25007.png', 'Wakati chakula kilikuwa tayari, Chura na Nyoka walinawa tayari kula.', NULL);
INSERT INTO `card` (id, type, title, header, content, option) VALUES ('23751_13', 3, NULL, 'assets/topic/asb/25008.png', 'Kabla ya kuanza kula, Chura alimwambia Nyoka, "Huwezi kula ukiwa umelala. Hiyo ni tabia mbaya. Tafadhali keti wima ili mamangu asikasirike."', NULL);
INSERT INTO `card` (id, type, title, header, content, option) VALUES ('23751_14', 3, NULL, 'assets/topic/asb/25009.png', 'Nyoka alijaribu sana kuketi kama vile Chura, lakini alishindwa.', NULL);
INSERT INTO `card` (id, type, title, header, content, option) VALUES ('23751_15', 3, NULL, 'assets/topic/asb/25010.png', 'Wakati huo huo Chura na mamake waliendelea kula chakula.', NULL);
INSERT INTO `card` (id, type, title, header, content, option) VALUES ('23751_16', 3, NULL, 'assets/topic/asb/25011.png', 'Nyoka alimlalamikia Chura, "Mimi siwezi kuketi wima kama ninyi mnavyoketi."
Chura hakumsikiliza rafikiye.', NULL);
INSERT INTO `card` (id, type, title, header, content, option) VALUES ('23751_17', 3, NULL, 'assets/topic/asb/25012.png', 'Nyoka alikasirika sana hata akaamua kurudi nyumbani kwake.
Hakutaka tena uhusiano wowote na vyura.', NULL);
INSERT INTO `card` (id, type, title, header, content, option) VALUES ('23751_18', 3, NULL, 'assets/topic/asb/25013.png', 'Alipokuwa njiani, alipanga namna angemwadhibu Chura!', NULL);
INSERT INTO `card` (id, type, title, header, content, option) VALUES ('23751_19', 3, NULL, NULL, 'You are free to download, copy, translate or adapt this story and use the illustrations as long as you attribute in the following way:
Urafiki aina gani?
Author -
John Emongot
Translation -
HANNINGTON  OWERE
Illustration -
and Rob Owen
Language -
Kiswahili
Level -
Longer paragraphs
© African Storybook Initiative 2016
Creative Commons: Attribution 4.0
Source
www.africanstorybook.org', NULL);
INSERT INTO `card` (id, type, title, header, content, option) VALUES ('17937', 2, 'Urithi kutoka kwa baba', 'assets/topic/asb/17228.png', 'Ursula Nafula
Jacob Kono', 'FFF4E1B5');
INSERT INTO `card` (id, type, title, header, content, option) VALUES ('17937_3', 3, NULL, 'assets/topic/asb/17218.png', 'Eba na mkewe Lelisa walifanya kazi zao kwa bidii sana. Walikuwa na watoto wawili wa kiume.', NULL);
INSERT INTO `card` (id, type, title, header, content, option) VALUES ('17937_4', 3, NULL, 'assets/topic/asb/17219.png', 'Walitimiza mahitaji yao kutokana na juhudi zao. Eba alitaka wanawe wastarehe. Hawakufanya kazi zozote.', NULL);
INSERT INTO `card` (id, type, title, header, content, option) VALUES ('17937_5', 3, NULL, 'assets/topic/asb/17220.png', 'Baada ya muda, Lelisa alifariki.', NULL);
INSERT INTO `card` (id, type, title, header, content, option) VALUES ('17937_6', 3, NULL, 'assets/topic/asb/17221.png', 'Hata baada ya kifo cha mkewe, Eba hakutaka wanawe wamsaidie. Alizifanya kazi zote za shambani na za nyumbani.', NULL);
INSERT INTO `card` (id, type, title, header, content, option) VALUES ('17937_7', 3, NULL, 'assets/topic/asb/17222.png', 'Muda ulipopita, Eba alizeeka na kudhoofika. Alihofia maisha ya wanawe. Alijiuliza, "Wanangu wataishi namna gani nitakapofariki?" Alijua kuwa hawangeweza kujitegemea.', NULL);
INSERT INTO `card` (id, type, title, header, content, option) VALUES ('17937_8', 3, NULL, 'assets/topic/asb/17223.png', 'Eba aliwaita wanawe akawaambia, "Urithi mtakaopata kutoka kwangu ni dhahabu nyingi iliyofichwa shambani. Ni juu yenu kuyalima mashamba ili muipate dhahabu hiyo."', NULL);
INSERT INTO `card` (id, type, title, header, content, option) VALUES ('17937_9', 3, NULL, 'assets/topic/asb/17666.png', 'Eba pia aliwaambia majirani, "Nadhani niko karibu kufariki. Wanangu hawajui kujitegemea. Nawasihi mwasaidie hadi watakapoweza kujikimu wenyewe."', NULL);
INSERT INTO `card` (id, type, title, header, content, option) VALUES ('17937_10', 3, NULL, 'assets/topic/asb/17669.png', 'Baada ya Eba kufariki, majirani waliwapa wanawe chakula kwa muda.', NULL);
INSERT INTO `card` (id, type, title, header, content, option) VALUES ('17937_11', 3, NULL, 'assets/topic/asb/17226.png', 'Ndugu hao hawakutaka kuporwa dhahabu iliyofichwa na baba yao. Waliamua kuyalima mashamba wenyewe ili waipate dhahabu hiyo.', NULL);
INSERT INTO `card` (id, type, title, header, content, option) VALUES ('17937_12', 3, NULL, 'assets/topic/asb/17227.png', 'Waliyalima mashamba moja baada ya jingine. Ila hawakupata dhahabu yoyote.', NULL);
INSERT INTO `card` (id, type, title, header, content, option) VALUES ('17937_13', 3, NULL, 'assets/topic/asb/17228.png', 'Mmoja alimwuliza mwingine, "Je, unadhani baba alitudanganya?" Yule akajibu, "La, ninadhani baba alikuwa na maana kuwa ukulima ni dhahabu."', NULL);
INSERT INTO `card` (id, type, title, header, content, option) VALUES ('17937_14', 3, NULL, 'assets/topic/asb/17229.png', 'Kwa hivyo, kama wakulima wengine, wana hao waliyalima mashamba yao. Walipanda mimea wakawa matajiri sana.', NULL);
INSERT INTO `card` (id, type, title, header, content, option) VALUES ('17937_15', 3, NULL, NULL, 'You are free to download, copy, translate or adapt this story and use the illustrations as long as you attribute in the following way:
Urithi kutoka kwa baba
Author -
Lemu Wachile and Elizabeth Laird
Translation -
Ursula Nafula
Illustration -
Jacob Kono
Language -
Kiswahili
Level -
First sentences
© African Storybook Initiative 2016
Creative Commons: Attribution 4.0
Source
www.africanstorybook.org
Original source
www.ethiopianfolktales.com', NULL);
INSERT INTO `card` (id, type, title, header, content, option) VALUES ('21816', 2, 'Ushauri mbaya', 'assets/topic/asb/17057.png', 'African Storybook and Dorcas Wepukhulu
Brian Wambi', 'FF9DEDE3');
INSERT INTO `card` (id, type, title, header, content, option) VALUES ('21816_3', 3, NULL, 'assets/topic/asb/17050.png', 'Kombe na Juma walikuwa maskini pia jirani.
Walifanya kila kitu wenyewe.', NULL);
INSERT INTO `card` (id, type, title, header, content, option) VALUES ('21816_4', 3, NULL, 'assets/topic/asb/17052.png', 'Walitamani kuwa na punda.
Punda angewabebea mizigo.', NULL);
INSERT INTO `card` (id, type, title, header, content, option) VALUES ('21816_5', 3, NULL, 'assets/topic/asb/17053.png', 'Kombe akasema, "Hebu tununue punda pamoja."
Walifurahia hatua hiyo.', NULL);
INSERT INTO `card` (id, type, title, header, content, option) VALUES ('21816_6', 3, NULL, 'assets/topic/asb/17054.png', 'Babake Kombe alipofariki, Kombe alitajirika.
Alimsahau Juma.', NULL);
INSERT INTO `card` (id, type, title, header, content, option) VALUES ('21816_7', 3, NULL, 'assets/topic/asb/17055.png', 'Kombe alitaka nyama ya punda amlishe mbwa wake.
Juma alihitaji punda.', NULL);
INSERT INTO `card` (id, type, title, header, content, option) VALUES ('21816_8', 3, NULL, 'assets/topic/asb/17057.png', 'Hakimu aliwaambia, "Kila mmoja wenu anaweza kuchukua nusu ya punda."', NULL);
INSERT INTO `card` (id, type, title, header, content, option) VALUES ('21816_9', 3, NULL, 'assets/topic/asb/17058.png', 'Kombe alimchinja punda.
Juma alijibebebea vitu kwa mara nyingine.', NULL);
INSERT INTO `card` (id, type, title, header, content, option) VALUES ('21816_10', 3, NULL, 'assets/topic/asb/17060.png', 'Kombe alitaka kuteketeza chumba chake ili ajenga kipya.', NULL);
INSERT INTO `card` (id, type, title, header, content, option) VALUES ('21816_11', 3, NULL, 'assets/topic/asb/17061.png', 'Juma alisema, "Changu pia kitachomeka."
Hakimu alikubaliana na Kombe.', NULL);
INSERT INTO `card` (id, type, title, header, content, option) VALUES ('21816_12', 3, NULL, 'assets/topic/asb/17062.png', 'Chumba cha Juma kiliungua.
Hakimu alisema, "Kombe aliteketeza chake."', NULL);
INSERT INTO `card` (id, type, title, header, content, option) VALUES ('21816_13', 3, NULL, 'assets/topic/asb/17063.png', 'Juma hakuwa na punda wala chumba.
Alilala chini ya mti.', NULL);
INSERT INTO `card` (id, type, title, header, content, option) VALUES ('21816_14', 3, NULL, 'assets/topic/asb/17064.png', 'Juma alifanya kazi kwa bidii.
Alipata mazao mazuri ya mbaazi.', NULL);
INSERT INTO `card` (id, type, title, header, content, option) VALUES ('21816_15', 3, NULL, 'assets/topic/asb/17066.png', 'Wavulana wa Kombe walikula mbaazi karibu wazimalize zote.', NULL);
INSERT INTO `card` (id, type, title, header, content, option) VALUES ('21816_16', 3, NULL, 'assets/topic/asb/17068.png', 'Walimwambia Juma, "Nenda umwulize baba akulipe mbaazi zako."', NULL);
INSERT INTO `card` (id, type, title, header, content, option) VALUES ('21816_17', 3, NULL, 'assets/topic/asb/17069.png', 'Juma alisema, "Sitaki pesa zenu. Ninataka mbaazi zangu."', NULL);
INSERT INTO `card` (id, type, title, header, content, option) VALUES ('21816_18', 3, NULL, 'assets/topic/asb/17070.png', 'Hakimu alimwambia Juma, "Wakate wavulana halafu uchukue mbaazi zako."', NULL);
INSERT INTO `card` (id, type, title, header, content, option) VALUES ('21816_19', 3, NULL, 'assets/topic/asb/17071.png', 'Juma alikataa kusikiliza alivyoambiwa.
Kombe alilia, "Hebu wazee waamue."', NULL);
INSERT INTO `card` (id, type, title, header, content, option) VALUES ('21816_20', 3, NULL, 'assets/topic/asb/17073.png', 'Wazee walisema, "Ulimuua punda. Ulichoma chumba chake."', NULL);
INSERT INTO `card` (id, type, title, header, content, option) VALUES ('21816_21', 3, NULL, 'assets/topic/asb/17074.png', 'Walimwambia Juma, "Kuwaua wavulana wa Kombe ni vibaya pia."', NULL);
INSERT INTO `card` (id, type, title, header, content, option) VALUES ('21816_22', 3, NULL, 'assets/topic/asb/17075.png', 'Kombe alimpatia Juma nusu ya mali yake.
Wakaishi kwa furaha.', NULL);
INSERT INTO `card` (id, type, title, header, content, option) VALUES ('21816_23', 3, NULL, NULL, 'You are free to download, copy, translate or adapt this story and use the illustrations as long as you attribute in the following way:
Ushauri mbaya
Author -
Magabi Eynew Gessesse and Elizabeth Laird
Translation -
African Storybook and Dorcas Wepukhulu
Illustration -
Brian Wambi
Language -
Kiswahili
Level -
First words
© African Storybook Initiative 2016
Creative Commons: Attribution 4.0
Source
www.africanstorybook.org
Original source
www.ethiopianfolktales.com', NULL);
INSERT INTO `card` (id, type, title, header, content, option) VALUES ('8690', 2, 'Usiku unatambuliwa katika kijiji cha Opio', 'assets/topic/asb/1130.png', 'Mutugi Kamundi
 Wiehan de Jager', 'FF9DEDE3');
INSERT INTO `card` (id, type, title, header, content, option) VALUES ('8690_3', 3, NULL, 'assets/topic/asb/1131.png', 'Hapo zamani hakukuwa na majira ya usiku katika kijiji cha kina Opio. Watu walilala wakati wowote walipochoka. Walifanya kazi zao walipoamka.', NULL);
INSERT INTO `card` (id, type, title, header, content, option) VALUES ('8690_4', 3, NULL, 'assets/topic/asb/1132.png', 'Siku moja, Opio alienda na mbwa wake kuwinda. Baada ya muda mfupi, mbwa walianza kumfukuza paa. Opio aliwafuata akakimbia kwa muda wa saa nyingi. Alipochoka alipumzika halafu baadaye alianza kukimbia tena. Lakini, hakuwaona mbwa wake.', NULL);
INSERT INTO `card` (id, type, title, header, content, option) VALUES ('8690_5', 3, NULL, 'assets/topic/asb/1133.png', 'Opio alijipata katika kijiji tofauti. Alimwambia mwenye nyumba, "Nimechoka. Nahitaji kupumzika." Mtu yule alimjibu, "Unakaribishwa kupumzika hapa. Je, ungependa kunywa pombe kidogo?" Opio alikuwa na kiu. Aliinywa pombe kidogo kisha akalala.', NULL);
INSERT INTO `card` (id, type, title, header, content, option) VALUES ('8690_6', 3, NULL, 'assets/topic/asb/1134.png', 'Opio alipoamka, hakuweza kuona. Aliyafumba na kuyafumbua macho yake mara nyingi. Mwishowe,  alimwambia mhisani wake, "Ulinipa kinywaji kibaya. Siwezi tena kuona sawasawa."', NULL);
INSERT INTO `card` (id, type, title, header, content, option) VALUES ('8690_7', 3, NULL, 'assets/topic/asb/1135.png', 'Mwenye nyumba alimwambia, "Hukunywa kinywaji kibaya na macho yako ni sawasawa. Sasa hivi ni usiku. Kwani hujui usiku? Siku ikiisha, usiku hufuata." Opio aliuliza maswali mengi kuhusu usiku akapendezwa sana nao. Alikaa hapo siku nyingine  ili auone usiku ukiingia tena.', NULL);
INSERT INTO `card` (id, type, title, header, content, option) VALUES ('8690_8', 3, NULL, 'assets/topic/asb/1136.png', 'Asubuhi iliyofuata, yule mtu alimweleza Opio, "Giza litakapoanza kuingia, anza kutembea ukienda kijijini kwenu. Ukitembea huku ukiangalia mbele usiku utakufuata. Ukiangalia nyuma usiku utapotea."', NULL);
INSERT INTO `card` (id, type, title, header, content, option) VALUES ('8690_9', 3, NULL, 'assets/topic/asb/1130.png', 'Opio alifanya alivyoambiwa. Usiku huo alianza kutembea akielekea kijijini kwao. Alihisi giza likimfuata nyuma. Alikuwa na haja ya kuangalia nyuma lakini alijizuia.', NULL);
INSERT INTO `card` (id, type, title, header, content, option) VALUES ('8690_10', 3, NULL, 'assets/topic/asb/1137.png', 'Alipofika kijijini kwao, wanakijiji waliogopa. Walimwuliza, "Huu ni ugonjwa gani uliotuletea? Ni nini hiki cheusi kinachokufuata?" Opio akawaeleza, "Ndugu zangu, kitu hiki cheusi kinachonifuata kinaitwa usiku. Mnavyoogopa ndivyo nilivyoogopa pia."', NULL);
INSERT INTO `card` (id, type, title, header, content, option) VALUES ('8690_11', 3, NULL, 'assets/topic/asb/1138.png', 'Opio aliendelea kuwaeleza, "Ninyi vilevile mtaupenda usiku. Mwangaza ukija tutaweza kufanya kazi. Na usiku ukiingia tutapumzika."', NULL);
INSERT INTO `card` (id, type, title, header, content, option) VALUES ('8690_12', 3, NULL, 'assets/topic/asb/1139.png', 'Na hivyo ndivyo usiku ulivyotambuliwa katika kijiji cha kina Opio.', NULL);
INSERT INTO `card` (id, type, title, header, content, option) VALUES ('8690_13', 3, NULL, NULL, 'You are free to download, copy, translate or adapt this story and use the illustrations as long as you attribute in the following way:
Usiku unatambuliwa katika kijiji cha Opio
Author -
Robert Ekuka
Translation -
Mutugi Kamundi
Illustration -
Wiehan de Jager
Language -
Kiswahili
Level -
First paragraphs
© African Storybook Initiative 2014
Creative Commons: Attribution 4.0
Source
www.africanstorybook.org', NULL);
INSERT INTO `card` (id, type, title, header, content, option) VALUES ('29975', 2, 'Uso', 'assets/topic/asb/26803.png', 'Kutafsiri Biblia Mara
Sue  Beattie', 'FFB3C8FF');
INSERT INTO `card` (id, type, title, header, content, option) VALUES ('29975_3', 3, NULL, 'assets/topic/asb/26807.png', 'Macho', NULL);
INSERT INTO `card` (id, type, title, header, content, option) VALUES ('29975_4', 3, NULL, 'assets/topic/asb/26808.png', 'Sikio', NULL);
INSERT INTO `card` (id, type, title, header, content, option) VALUES ('29975_5', 3, NULL, 'assets/topic/asb/26802.png', 'Mdomo', NULL);
INSERT INTO `card` (id, type, title, header, content, option) VALUES ('29975_6', 3, NULL, 'assets/topic/asb/26800.png', 'Pua', NULL);
INSERT INTO `card` (id, type, title, header, content, option) VALUES ('29975_7', 3, NULL, 'assets/topic/asb/26801.png', 'Kidevu', NULL);
INSERT INTO `card` (id, type, title, header, content, option) VALUES ('29975_8', 3, NULL, 'assets/topic/asb/26755.png', 'Meeno', NULL);
INSERT INTO `card` (id, type, title, header, content, option) VALUES ('29975_9', 3, NULL, 'assets/topic/asb/26810.png', 'Ulimi', NULL);
INSERT INTO `card` (id, type, title, header, content, option) VALUES ('29975_10', 3, NULL, 'assets/topic/asb/26809.png', 'Mashavu', NULL);
INSERT INTO `card` (id, type, title, header, content, option) VALUES ('29975_11', 3, NULL, 'assets/topic/asb/26804.png', 'Kope', NULL);
INSERT INTO `card` (id, type, title, header, content, option) VALUES ('29975_12', 3, NULL, 'assets/topic/asb/26806.png', 'Nywele', NULL);
INSERT INTO `card` (id, type, title, header, content, option) VALUES ('29975_13', 3, NULL, NULL, 'You are free to download, copy, translate or adapt this story and use the illustrations as long as you attribute in the following way:
Uso
Author -
Little Zebra Books
Translation -
Kutafsiri Biblia Mara
Illustration -
Sue  Beattie
Language -
Kiswahili
Level -
First words
© African Storybook Initiative 2018
Creative Commons: Attribution 4.0
Source
www.africanstorybook.org', NULL);
INSERT INTO `card` (id, type, title, header, content, option) VALUES ('22067', 2, 'Utata baina ya kazi tofauti', 'assets/topic/asb/10274.png', 'Brigid Simiyu
Wiehan de Jager', 'FFB3C8FF');
INSERT INTO `card` (id, type, title, header, content, option) VALUES ('22067_3', 3, NULL, 'assets/topic/asb/10274.png', 'Katika kijiji kimoja, watu walitofautiana kuhusu kazi gani iliyo muhimu.
Kila mmoja aliamini kuwa kazi yake ndiyo iliyokuwa muhimu zaidi!', NULL);
INSERT INTO `card` (id, type, title, header, content, option) VALUES ('22067_4', 3, NULL, 'assets/topic/asb/10278.png', 'Mwalimu alisema kazi yake ndiyo iliyokuwa muhimu zaidi.
"Bila walimu, hakuna yeyote atakayeweza kwenda shule kujifunza."', NULL);
INSERT INTO `card` (id, type, title, header, content, option) VALUES ('22067_5', 3, NULL, 'assets/topic/asb/10276.png', 'Mjenzi akasema kwamba kazi yake ndiyo iliyokuwa muhimu zaidi.
"Bila wajenzi, hakungekuwa na shule za kusomea wala nyumba za kulala."', NULL);
INSERT INTO `card` (id, type, title, header, content, option) VALUES ('22067_6', 3, NULL, 'assets/topic/asb/10279.png', 'Seremala naye akasema kwamba yeye ndiye aliyekuwa na kazi muhimu zaidi.
"Bila maseremala, hakungekuwa na samani
za kutumia nyumbani na shuleni."', NULL);
INSERT INTO `card` (id, type, title, header, content, option) VALUES ('22067_7', 3, NULL, 'assets/topic/asb/10277.png', 'Daktari naye alidai kuwa alikuwa na kazi iliyo muhimu kuliko zote.
"Bila madaktari na wauguzi, watu wangeugua na kufa."', NULL);
INSERT INTO `card` (id, type, title, header, content, option) VALUES ('22067_8', 3, NULL, 'assets/topic/asb/10275.png', 'Mkulima akasema kwamba kazi yake ni muhimu zaidi.
"Bila wakulima, hakungekuwa na chakula."', NULL);
INSERT INTO `card` (id, type, title, header, content, option) VALUES ('22067_9', 3, NULL, 'assets/topic/asb/10280.png', 'Mwanafunzi naye alisema kuwa wanafunzi ndio walio na kazi muhimu kwa zote.
"Bila wanafunzi, hakungekuwa na walimu, wajenzi, madaktari, wakulima, wala maseremala."', NULL);
INSERT INTO `card` (id, type, title, header, content, option) VALUES ('22067_10', 3, NULL, 'assets/topic/asb/10281.png', 'Hatimaye, kila mmoja alikubali kwamba
kazi zote ni muhimu. Tunahitaji walimu, wajenzi, madaktari, wakulima, na maseremala.
Lakini, lazima kila mmoja awe mwanafunzi kwanza!', NULL);
INSERT INTO `card` (id, type, title, header, content, option) VALUES ('22067_11', 3, NULL, NULL, 'You are free to download, copy, translate or adapt this story and use the illustrations as long as you attribute in the following way:
Utata baina ya kazi tofauti
Author -
Beatrice Inzikuru
Translation -
Brigid Simiyu
Illustration -
Wiehan de Jager
Language -
Kiswahili
Level -
First paragraphs
© African Storybook Initiative 2015
Creative Commons: Attribution 4.0
Source
www.africanstorybook.org', NULL);
INSERT INTO `card` (id, type, title, header, content, option) VALUES ('2611', 2, 'Vayu, upepo', 'assets/topic/asb/2442.png', 'Brigid Simiyu
Rijuta Ghate', 'FF9DEDE3');
INSERT INTO `card` (id, type, title, header, content, option) VALUES ('2611_3', 3, NULL, 'assets/topic/asb/2443.png', 'Ninapomaliza kuoga kwa maji moto, mwili wangu huwa majimaji na kuhisi baridi.
Ninajua anayesababisha mwili kuhisi baridi. Vayu, upepo!', NULL);
INSERT INTO `card` (id, type, title, header, content, option) VALUES ('2611_4', 3, NULL, 'assets/topic/asb/2444.png', 'Kwenye kikombe kuna maziwa moto sana. Baada ya muda, maziwa yanapoa.
Ninajua anayesababisha jambo hili kutendeka. Vayu, upepo!', NULL);
INSERT INTO `card` (id, type, title, header, content, option) VALUES ('2611_5', 3, NULL, 'assets/topic/asb/2445.png', 'Pazia za dirisha zinapapatika polepole zikinigusa uso.
Ni nani husababisha jambo hili kutendeka? Vayu,  upepo!', NULL);
INSERT INTO `card` (id, type, title, header, content, option) VALUES ('2611_6', 3, NULL, 'assets/topic/asb/2448.png', 'Ninaona radi. Mawingu meusi yananikaribia.
Ninajua anayesababisha jambo hili kutendeka. Vayu, upepo!', NULL);
INSERT INTO `card` (id, type, title, header, content, option) VALUES ('2611_7', 3, NULL, 'assets/topic/asb/2449.png', 'Matawi yanayumbayumba na majani yanapepea. Maua yanadondoka kutoka mtini.
Ninajua anayesababisha haya yote. Vayu, upepo!', NULL);
INSERT INTO `card` (id, type, title, header, content, option) VALUES ('2611_8', 3, NULL, 'assets/topic/asb/2450.png', 'Tunapocheza nje, tunanukia pipi anazotayarisha mama.
Ninajua anayesababisha hili kutendeka. Vayu,  upepo!', NULL);
INSERT INTO `card` (id, type, title, header, content, option) VALUES ('2611_9', 3, NULL, 'assets/topic/asb/2451.png', 'Bilauri iliyokuwa dirisahani, imeanguka na kuvunjika. Namshukuru Mungu haikuniangukia. Ninajua aliyesababisha ukatili huu. Bila shaka ni Vayu, upepo!', NULL);
INSERT INTO `card` (id, type, title, header, content, option) VALUES ('2611_10', 3, NULL, 'assets/topic/asb/2452.png', 'Firimbi imepulizwa. Gari la moshi linafika kituoni. Siwezi kuliona, lakini nausikia mngurumo wake.
Ninajua aliyesababisha haya. Vayu, upepo!', NULL);
INSERT INTO `card` (id, type, title, header, content, option) VALUES ('2611_11', 3, NULL, 'assets/topic/asb/2453.png', 'Haonekani. Hasikiki. Hufanya kazi zote kisirisiri. Anaweza kuwa ni nani?
Mimi ninamjua! Vayu, upepo!', NULL);
INSERT INTO `card` (id, type, title, header, content, option) VALUES ('2611_13', 3, NULL, NULL, 'You are free to download, copy, translate or adapt this story and use the illustrations as long as you attribute in the following way:
Vayu, upepo
Author -
Madhuri Pai and Rohini Nilekani
Translation -
Brigid Simiyu
Illustration -
Rijuta Ghate
Language -
Kiswahili
Level -
First sentences
© Pratham Books 2014
Creative Commons: Attribution 4.0
Source
www.africanstorybook.org
Original source
www.prathambooks.org', NULL);
INSERT INTO `card` (id, type, title, header, content, option) VALUES ('10440', 2, 'Viatu  vyangu vya kwanza', 'assets/topic/asb/9500.png', 'Ursula Nafula
 Rob Owen', 'FF9DEDE3');
INSERT INTO `card` (id, type, title, header, content, option) VALUES ('10440_3', 3, NULL, 'assets/topic/asb/9494.png', 'Sikuwa nimewahi kuvaa viatu. Nilipowaona watoto waliovaa viatu, niliwatazama kwa hamu.', NULL);
INSERT INTO `card` (id, type, title, header, content, option) VALUES ('10440_4', 3, NULL, 'assets/topic/asb/9492.png', 'Mamangu alinifariji akisema, "Utakuwa na jozi nyingi baadaye, subiri tu utaona!" Wakati mwingine sikumwamini. "Baadaye, itakuwa lini?" Nilimwuliza siku moja.', NULL);
INSERT INTO `card` (id, type, title, header, content, option) VALUES ('10440_5', 3, NULL, 'assets/topic/asb/9493.png', 'Kisha ulikuwa msimu wa Krismasi. Kila mtu alijishughulisha kwenda sokoni na kurejea na vitu vipya. "Mama, je, nasi tutaenda sokoni?" Nilimwuliza.', NULL);
INSERT INTO `card` (id, type, title, header, content, option) VALUES ('10440_6', 3, NULL, 'assets/topic/asb/9496.png', 'Siku kabla ya Krismasi, mamangu aliniamsha mapema kuliko ilivyokuwa kawaida. Alinieleza nilichukue lile kapu kubwa ambalo alilibeba kila alipokwenda sokoni.', NULL);
INSERT INTO `card` (id, type, title, header, content, option) VALUES ('10440_7', 3, NULL, 'assets/topic/asb/9495.png', 'Sokoni palikuwa na wazazi wengi walioandamana na watoto wao. Walinunua nguo mpya na kiasi kikubwa cha vyakula.', NULL);
INSERT INTO `card` (id, type, title, header, content, option) VALUES ('10440_8', 3, NULL, 'assets/topic/asb/9497.png', 'Tulienda moja kwa moja hadi sehemu ya viatu aina tofauti. Nilishangaa kwa kuona mstari baada ya mwingine wa viatu vilivyopangwa kwa unadhifu.', NULL);
INSERT INTO `card` (id, type, title, header, content, option) VALUES ('10440_9', 3, NULL, 'assets/topic/asb/9499.png', 'Baada ya kupima baadhi ya jozi nyingi, nilichukua jozi ya viatu vya michezo. Sikuweza kulala usiku huo. Nilisisimkwa sana nilipowaza jinsi ningevivaa viatu vyangu vipya na kujivunia kila mtoto kijijini.', NULL);
INSERT INTO `card` (id, type, title, header, content, option) VALUES ('10440_10', 3, NULL, 'assets/topic/asb/10444.png', 'Muda mfupi baadaye, niliamka kitandani na kuvijaribu tena viatu vyangu. Nilitembea polepole chumbani kisha nikavirejesha ndani ya sanduku. Nilijaribu kulala lakini sikupata usingizi.', NULL);
INSERT INTO `card` (id, type, title, header, content, option) VALUES ('10440_11', 3, NULL, 'assets/topic/asb/9498.png', 'Niliamka na kuvijaribu tena kwa mara ya pili. Nilitembea kwa maringo chumbani kisha nikavirejesha sandukuni.', NULL);
INSERT INTO `card` (id, type, title, header, content, option) VALUES ('10440_12', 3, NULL, 'assets/topic/asb/9502.png', 'Nilijaribu tena kulala nikinuia kupata usingizi. Lakini muda mfupi baadaye, niliamka kwa mara ya tatu. Nilivivaa vyatu nikaruka ruka kidogo chumbani. Nilihisi usingizi nikarudi kitandani.', NULL);
INSERT INTO `card` (id, type, title, header, content, option) VALUES ('10440_13', 3, NULL, 'assets/topic/asb/9501.png', 'Asubuhi yake, niliamshwa na mamangu. "Hiki ni nini ninachoona?" Aliniuliza.', NULL);
INSERT INTO `card` (id, type, title, header, content, option) VALUES ('10440_14', 3, NULL, 'assets/topic/asb/9500.png', 'Nilikuwa nimevaa viatu vyangu vipya kitandani!', NULL);
INSERT INTO `card` (id, type, title, header, content, option) VALUES ('10440_15', 3, NULL, NULL, 'You are free to download, copy, translate or adapt this story and use the illustrations as long as you attribute in the following way:
Viatu  vyangu vya kwanza
Author -
Ursula Nafula
Illustration -
Rob Owen
Language -
Kiswahili
Level -
First paragraphs
© African Storybook Initiative 2015
Creative Commons: Attribution 4.0
Source
www.africanstorybook.org', NULL);
INSERT INTO `card` (id, type, title, header, content, option) VALUES ('3135', 2, 'Vitu nivijuavyo', 'assets/topic/asb/2550.png', 'Ursula Nafula
 Michael Nakuwa', 'FFCFB5DD');
INSERT INTO `card` (id, type, title, header, content, option) VALUES ('3135_3', 3, NULL, 'assets/topic/asb/2551.png', 'Hii ni manyatta. Ni kwetu nyumbani. Iko katika Kaunti ya Turkana.', NULL);
INSERT INTO `card` (id, type, title, header, content, option) VALUES ('3135_4', 3, NULL, 'assets/topic/asb/2552.png', 'Huyu ni ngamia. Katika Kaunti ya Turkana,  watu wanafuga wanyama tofauti. Lakini ngamia ni muhimu mno.', NULL);
INSERT INTO `card` (id, type, title, header, content, option) VALUES ('3135_5', 3, NULL, 'assets/topic/asb/2553.png', 'Hawa ni walimu wangu. Ninapenda kwenda shuleni. Shule yangu inaitwa Shule ya Msingi ya Lolupe. Nampenda sana mwalimu wangu wa Sanaa.', NULL);
INSERT INTO `card` (id, type, title, header, content, option) VALUES ('3135_6', 3, NULL, 'assets/topic/asb/2554.png', 'Hii ni meli kubwa. Meli zinatumika kusafirisha watu na mizigo majini. Nikienda Mombasa, nitaweza kuona meli.', NULL);
INSERT INTO `card` (id, type, title, header, content, option) VALUES ('3135_7', 3, NULL, 'assets/topic/asb/2550.png', 'Hiki ni kitanda. Ninapenda kitanda babangu alinitengezea. Nakitumia na ndugu yangu mdogo. Ni kizuri.', NULL);
INSERT INTO `card` (id, type, title, header, content, option) VALUES ('3135_8', 3, NULL, 'assets/topic/asb/2555.png', 'Huyu ni jogoo. Tuna jogoo wawili nyumbani. Tunao pia kuku wengi. Kuku hutaga mayai mengi.', NULL);
INSERT INTO `card` (id, type, title, header, content, option) VALUES ('3135_9', 3, NULL, 'assets/topic/asb/2556.png', 'Huyu ni panya. Panya ni wanyama hatari. Hula chakula. Huharibu nguo pia. Huweza kusababisha ugonjwa.', NULL);
INSERT INTO `card` (id, type, title, header, content, option) VALUES ('3135_10', 3, NULL, 'assets/topic/asb/2557.png', 'Huyu ni mbwa. Mbwa hufugwa. Mbwa wetu anaitwa Daa. Hubweka sana.', NULL);
INSERT INTO `card` (id, type, title, header, content, option) VALUES ('3135_11', 3, NULL, 'assets/topic/asb/2558.png', 'Huu ni mwavuli. Wazazi wangu wana mwavuli mkubwa. Una rangi ya kisambarau, kimanjano na kijani kibichi. Tunautumia inaponyesha ili tusinyeshewe.', NULL);
INSERT INTO `card` (id, type, title, header, content, option) VALUES ('3135_12', 3, NULL, 'assets/topic/asb/2559.png', 'Niko darasa la pili na ninajua vitu vingi. Nataka kujua vingine zaidi. Nisivyojua, nawauliza wazazi wangu au mwalimu wangu.', NULL);
INSERT INTO `card` (id, type, title, header, content, option) VALUES ('3135_13', 3, NULL, NULL, 'You are free to download, copy, translate or adapt this story and use the illustrations as long as you attribute in the following way:
Vitu nivijuavyo
Author -
Ursula Nafula
Translation -
Ursula Nafula
Illustration -
Michael Nakuwa
Language -
Kiswahili
Level -
First sentences
© African Storybook Initiative 2014
Creative Commons: Attribution 4.0
Source
www.africanstorybook.org', NULL);
INSERT INTO `card` (id, type, title, header, content, option) VALUES ('5314', 2, 'Vituko vya Ng''ombe Shujaa', 'assets/topic/asb/858.png', 'Mutugi Kamundi
 Danielle Bruckert', 'FF9DEDE3');
INSERT INTO `card` (id, type, title, header, content, option) VALUES ('5314_3', 3, NULL, 'assets/topic/asb/859.png', 'Huyu ni ng''ombe mtulivu.', NULL);
INSERT INTO `card` (id, type, title, header, content, option) VALUES ('5314_4', 3, NULL, 'assets/topic/asb/860.png', 'Mchana yeye ni ng''ombe wa kawaida.', NULL);
INSERT INTO `card` (id, type, title, header, content, option) VALUES ('5314_5', 3, NULL, 'assets/topic/asb/861.png', 'Hupeperusha tiara.', NULL);
INSERT INTO `card` (id, type, title, header, content, option) VALUES ('5314_6', 3, NULL, 'assets/topic/asb/862.png', 'Au kucheza mpira.', NULL);
INSERT INTO `card` (id, type, title, header, content, option) VALUES ('5314_7', 3, NULL, 'assets/topic/asb/863.png', 'Usiku yeye hubadilika na kuwa Ng''ombe Shujaa.', NULL);
INSERT INTO `card` (id, type, title, header, content, option) VALUES ('5314_8', 3, NULL, 'assets/topic/asb/864.png', 'Yeye huokoa maisha.', NULL);
INSERT INTO `card` (id, type, title, header, content, option) VALUES ('5314_9', 3, NULL, 'assets/topic/asb/865.png', 'Na kupambana na uhalifu.', NULL);
INSERT INTO `card` (id, type, title, header, content, option) VALUES ('5314_10', 3, NULL, 'assets/topic/asb/866.png', 'Wewe pia ukiyafumba macho yako kabisa, kisha uwe na hamu kubwa.', NULL);
INSERT INTO `card` (id, type, title, header, content, option) VALUES ('5314_11', 3, NULL, 'assets/topic/asb/867.png', 'Huenda ng''ombe akakutembelea pia!', NULL);
INSERT INTO `card` (id, type, title, header, content, option) VALUES ('5314_13', 3, NULL, NULL, 'You are free to download, copy, translate or adapt this story and use the illustrations as long as you attribute in the following way:
Vituko vya Ng''ombe Shujaa
Author -
Danielle Bruckert
Translation -
Mutugi Kamundi
Illustration -
Danielle Bruckert
Language -
Kiswahili
Level -
First words
© Danielle Bruckert 2010
Creative Commons: Attribution-Non Commercial 3.0
Source
www.africanstorybook.org
Original source
http://freekidsbooks.org', NULL);
INSERT INTO `card` (id, type, title, header, content, option) VALUES ('22637', 2, 'Wakati basi kubwa la bluu lilipochelewa', 'assets/topic/asb/11446.png', 'Ursula  Nafula
Mango Tree', 'FF9DEDE3');
INSERT INTO `card` (id, type, title, header, content, option) VALUES ('22637_3', 3, NULL, 'assets/topic/asb/11446.png', 'Mara moja kwa siku, basi kubwa la bluu husimama katika kijiji cha akina Bobo kuwasafirisha watu hadi mjini. Bobo hajawahi kuliona basi kubwa kama hilo. Anayahesabu madirisha 9 ya abiria na moja la dereva. "Lazima kuna safu 9 za viti vya abiria, kila safu ikiwa na takriban viti 8," Bobo anawaza.
Ikiwa ni sawa namna Bobo anavyowaza, je, basi kubwa la bluu linaweza kuwabeba abiria wangapi?', NULL);
INSERT INTO `card` (id, type, title, header, content, option) VALUES ('22637_4', 3, NULL, 'assets/topic/asb/11447.png', 'Kesho, mamake Bobo atampeleka mjini kununua sare mpya ya shule. Mama huuza mayai dazeni moja kwa shilingi 120. Karibu kila juma, yeye hupata jumla ya shilingi 3600. Je, ni mayai dazeni ngapi anazohitaji kuuza ili aweze kupata shilingi 3600? Kwa majuma 4 yaliyopita, aliweka akiba nusu ya fedha zake ili amnunulie Bobo sare mpya.
Je, unaweza kufanya hesabu ya kiasi cha fedha alizoweka akiba kwa muda wa majuma 4?', NULL);
INSERT INTO `card` (id, type, title, header, content, option) VALUES ('22637_5', 3, NULL, 'assets/topic/asb/11448.png', 'Takriban miezi mitatu imepita tangu Bobo asafiri kwa basi. Ana hamu kubwa ya kutaka kusafiri tena!
Kesho itakuwa siku kubwa. Inapofika saa moja jioni, Bobo yuko kitandani, lakini hapati usingizi wowote. Hafikirii jambo jingine ila tu safari yake ya kwenda mjini. Ni saa tatu na nusu, lakini Bobo bado hajalala.', NULL);
INSERT INTO `card` (id, type, title, header, content, option) VALUES ('22637_6', 3, NULL, 'assets/topic/asb/11449.png', 'Kila asubuhi, mama humwamsha Bobo saa moja. Lakini leo, Bobo tayari yuko macho inapofika saa kumi na mbili, ingawa usiku uliopita, aliweza tu kulala ilipotimia saa tano.
Inapotimia saa moja, Bobo ameoga na kuvaa, tayari kuondoka. Je, Bobo alipata usingizi kwa saa ngapi usiku uliopita?', NULL);
INSERT INTO `card` (id, type, title, header, content, option) VALUES ('22637_7', 3, NULL, 'assets/topic/asb/11450.png', 'Saa moja kasororobo asubuhi, Bobo na mamake wanawasili kituoni. Lile basi kubwa la bluu linastahili kuwasili kituoni inapotimia saa mbili asubuhi.
Mamake Bobo anaitazama saa yake. Lile basi kubwa la bluu tayari limechelewa kwa dakika kumi na tano. "Lakini, kawaida, basi hili halichelewi. Sijui kuna shida gani?" mama anasema.', NULL);
INSERT INTO `card` (id, type, title, header, content, option) VALUES ('22637_8', 3, NULL, 'assets/topic/asb/11451.png', 'Muda mfupi baadaye, watu zaidi wanajiunga nao pale kituoni. Wao pia wanazitazama saa zao na kuuliza kwa nini basi limechelewa. "Sasa tayari zimetimia saa tatu. Nitachelewa kufika kazini!" mwanamume mmoja aliyevalia suti nyeusi, anasema.
Bobo na mamake ndio waliosubiri kwa muda mrefu zaidi. Bobo anaona kama amesubiri kwa saa nyingi. Lakini, si saa nyingi. Je, wamekuwa wakisubiri kwa muda gani?', NULL);
INSERT INTO `card` (id, type, title, header, content, option) VALUES ('22637_9', 3, NULL, 'assets/topic/asb/11452.png', 'Bobo ana wasiwasi. "Je, nitaipata sare yangu kweli?" anamwuliza mamake.
Bobo anahesabu kwamba safari ya kwenda mjini na kurudi itawachukua saa 4. Saa 1 kufika huko, saa 2 kununua na saa 1 kurudi nyumbani. "Kuna mpira wa soka saa nane ambao mimi na marafiki zangu tumepanga kucheza. Basi lisipofika kwa wakati, nitachelewa kujiunga na wenzangu kwa mchezo huo."', NULL);
INSERT INTO `card` (id, type, title, header, content, option) VALUES ('22637_10', 3, NULL, 'assets/topic/asb/11453.png', 'Bado wanasubiri. Bobo sasa analia. Watu wawili walio kwenye foleni, wanaondoka na kurudi nyumbani. Wengine wanaendelea kuzitazama saa zao.
"Hebu tuwe na subira. Nina hakika kwamba basi litakuja hivi karibuni," mamake Bobo anawaambia. "Ninataka kwenda nyumbani!" Bobo analia kwa sauti. Mamake anamtuliza, "Tusubiri kwa dakika kumi tu. Basi lisipokuwa hapa saa tatu na nusu, tutaenda nyumbani."', NULL);
INSERT INTO `card` (id, type, title, header, content, option) VALUES ('22637_11', 3, NULL, 'assets/topic/asb/11454.png', 'Halafu, wanasikia mngurumo wa basi barabarani. "Si niliwaambia," mamake Bobo anasema. "Sasa ni saa tatu na nusu kamili. Tutanunua kwa haraka. Basi likiondoka mjini kwa wakati, tutafika nyumbani kwa wakati ufaao nawe utacheza mpira wa soka ulivyopanga."
Bobo anafuta machozi. Anahisi uchungu miguuni. Amechoka. Hawezi kusubiri kuliabiri lile basi.', NULL);
INSERT INTO `card` (id, type, title, header, content, option) VALUES ('22637_12', 3, NULL, 'assets/topic/asb/11455.png', 'La kushangaza ni kwamba, basi hili sio lile kubwa la bluu. Bali ni basi ndogo nyekundu. Bobo anahesabu madirisha ya abiria 4 pekee kisha anasema, "Mama, basi hii ni ndogo sana kuliko lile la bluu. Halitakuwa na nafasi ya kutosha kuwabeba watu wote wanaokwenda mjini."
Je, unakubaliana na Bobo? Unaweza kukisia idadi ya abiria ambao basi hiyo ndogo itaweza kubeba?', NULL);
INSERT INTO `card` (id, type, title, header, content, option) VALUES ('22637_13', 3, NULL, 'assets/topic/asb/11456.png', 'Mamake Bobo anamtania, "Wasiwasi yako haina msingi. Angalau sote tunaosubiri hapa kituoni, tutapata nafasi ya kuketi."
"Hebu tuabiri kwa haraka ili tupate viti vizuri. Tumekuwa tukisubiri kwa muda mrefu zaidi ya wote!"', NULL);
INSERT INTO `card` (id, type, title, header, content, option) VALUES ('22637_14', 3, NULL, 'assets/topic/asb/11457.png', 'Bobo na mamake wanaabiri basi. Nyuma yao kuna watu 9 zaidi wanaotaka kuabiri. "Je, kutakuwa na viti vya kututosha sote?" Bobo anauliza.
Anaona kwamba kuna safu 4 za viti basini, upande mmoja ukiwa na viti 2 na mwingine ukiwa na viti 2 pia. Je, kuna viti vingapi jumla? Je, watu wote walio kwenye foleni wataweza kuketi?', NULL);
INSERT INTO `card` (id, type, title, header, content, option) VALUES ('22637_15', 3, NULL, 'assets/topic/asb/11458.png', 'Bobo na mamake wanakalia viti 2 vilivyo mbele karibu na mlango. Wana nafasi kubwa mbele yao na pia wanaweza kutazama nje vizuri.
Bobo anahesabu watu 6 wapya wanaojiunga na wengine kwenye foleni. "Hao wanafanya jumla ya idadi ya abiria kuwa 17," anawaza. "Mama, kuna nafasi ya kila mtu," Bobo anamweleza mamake. "Ni mtu mmoja tu atakayelazimika kusimama."
Je, Bobo alihesabu sawa?', NULL);
INSERT INTO `card` (id, type, title, header, content, option) VALUES ('22637_16', 3, NULL, 'assets/topic/asb/11459.png', 'Basi sasa imejaa. Dereva anaifunga milango na kuanza safari. Kuna kelele nje. Bobo na abiria wengine wanatazama dirishani.
Watu zaidi wanakimbia wakitaka kuifikia basi. Wanapiga mayowe, "Simama! Simama! Tunahitaji usafiri." Lakini wamechelewa. Bobo na mamake wanawahurumia walioachwa nyuma.', NULL);
INSERT INTO `card` (id, type, title, header, content, option) VALUES ('22637_17', 3, NULL, 'assets/topic/asb/11460.png', 'Mamake Bobo anamwuliza dereva, "Mbona hukujia lile basi kubwa la bluu?" Dereva anajibu, "Liliharibika jana. Hii basi ndogo nyekundu pekee ndiyo iliyopatikana."
"Je, na wale watu wote tuliowaacha nyuma?" mamake Bobo anauliza. Dereva anasema, "Usiwe na wasiwasi. Nitakuwa na safari mbili leo."
Bobo anasikiliza wanavyozungumza. Mawazo yake yanajaa nambari.', NULL);
INSERT INTO `card` (id, type, title, header, content, option) VALUES ('22637_18', 3, NULL, 'assets/topic/asb/11461.png', 'Bobo anahesabu viti tena. "Basi hii inawabeba watu 20, 16 wakiwa wameketi na 4 wakiwa wamesimama." Anajiuliza, "Basi hii itaweza kwenda safari ngapi ili iwapeleke abiria 100 mjini? Na abiria 200 au 150, je?" Unaweza kulipata jawabu?
Bobo amefurahi. Hivi karibuni, ataipata sare mpya. Kisha, basi itawarudisha nyumbani kwa wakati ili acheze soka.', NULL);
INSERT INTO `card` (id, type, title, header, content, option) VALUES ('22637_19', 3, NULL, NULL, 'You are free to download, copy, translate or adapt this story and use the illustrations as long as you attribute in the following way:
Wakati basi kubwa la bluu lilipochelewa
Author -
Mecelin Kakoro
Translation -
Ursula  Nafula
Illustration -
Mango Tree
Language -
Kiswahili
Level -
Read aloud
© African Storybook Initiative 2015
Creative Commons: Attribution 4.0
Source
www.africanstorybook.org', NULL);
INSERT INTO `card` (id, type, title, header, content, option) VALUES ('22533', 2, 'Wanamuziki stadi', 'assets/topic/asb/25963.png', 'Ursula  Nafula
Salim Kasamba', 'FFB3C8FF');
INSERT INTO `card` (id, type, title, header, content, option) VALUES ('22533_3', 3, NULL, 'assets/topic/asb/25955.png', 'Bul, Fumbo, Teke, Tongoli, Milege, Sos na Gwara walikuwa marafiki wakubwa. Pia waliimba muziki mzuri. Waliishi karibu na milima mashariki mwa Uganda. Wote walikuwa wanamuziki stadi. Kila mtu alifurahi kusikiliza nyimbo zao na kucheza kufuata mdundo wao! Hawa wanamuziki stadi walitaka kumchagua kiongozi wao. Aliyetambuliwa kwa umaarufu wake zaidi ya wote, ndiye angekuwa mfalme wao.', NULL);
INSERT INTO `card` (id, type, title, header, content, option) VALUES ('22533_4', 3, NULL, 'assets/topic/asb/25956.png', 'Ili kuchaguliwa kama mfalme, kila mwanamuziki alitakiwa kudhihirisha kwamba anaweza kusikika na walio karibu na vilevile walio mbali. Tongoli aliongea kwanza, "Mimi ni mfalme. Ninaimba sauti ya juu na
vilevile ya chini. Nina nyaya nyingi zenye milio tofauti. Ninaweza kuimba peke yangu na pia katika kikundi. Vijana kwa wazee hupenda kucheza muziki wangu. Hata ninamwongoza Fumbo kwenye nyimbo."', NULL);
INSERT INTO `card` (id, type, title, header, content, option) VALUES ('22533_5', 3, NULL, 'assets/topic/asb/25957.png', '"Ulivyosema ni ukweli Tongoli," Fumbo alikubali. "Lakini, wewe hunishindi mimi. Sauti yako ni laini sana. Mimi nina sauti kubwa iliyo wazi na inayofika karibu na mbali." Fumbo aliendelea, "Watu hucheza muziki wangu mpaka karibu wavunjike migongo! Iwe wakati wa furaha au wa majonzi, mimi huwafanya watu wacheze! Watoto hupenda kuiga midundo yangu."', NULL);
INSERT INTO `card` (id, type, title, header, content, option) VALUES ('22533_6', 3, NULL, 'assets/topic/asb/25958.png', '"Nyote wawili ni viongozi," Milege alikubali kisha akaendelea, "Kazi yangu ni rahisi. Wachezaji hunifunga vifundoni. Wanapoitikisa miguu yao kwa mdundo, mimi hutoa muziki wa kupendeza. Ninatoa mchanganyiko wa sauti za juu na zinazokwaruza. Je, mimi si kiongozi?"', NULL);
INSERT INTO `card` (id, type, title, header, content, option) VALUES ('22533_7', 3, NULL, 'assets/topic/asb/25959.png', '"Hiyo ni sawa!" Bul alisema. "Mimi nimetengenezwa
kutoka kipande cha ngozi kilichowambwa juu ya mti ulio na uwazi. Mimi hutia midundo kwenye nyimbo na sauti yangu hutambulisha vitu vingi. Lakini siwezi kubadilisha sauti yangu kama mnavyofanya ninyi. Sidhani kama mimi ninaweza kuwa kiongozi."', NULL);
INSERT INTO `card` (id, type, title, header, content, option) VALUES ('22533_8', 3, NULL, 'assets/topic/asb/25960.png', '"Bul, wewe hutenda mambo makuu!" Gwara alitofautiana naye. "Wewe huwaita watu kwenye mikutano, ibada, na kazi za kijamii na pia hutangaza vifo na kuwatahadharisha watu kunapokuwa na hatari. Unasikika wakati wa sherehe na kuwafanya watu wacheze kwa furaha na kwa huzuni. Kulingana nami, wewe ni mkubwa zaidi." Gwara alitoa mlio mkubwa na kusema, "Mimi nina sauti kubwa tena ninawavutia watu. Hata hivyo, mimi si bora kumliko Bul. Ninapendekeza yeye awe mfalme."', NULL);
INSERT INTO `card` (id, type, title, header, content, option) VALUES ('22533_9', 3, NULL, 'assets/topic/asb/25961.png', 'Wanamuziki hao stadi walitazamana kwa mshangao wakabaki kimya. Kisha Tongoli akasema, "Bul ni mtu wa kawaida sana, hawezi kuwa mfalme. Mimi ndiye mkubwa zaidi kwa sababu ninacheza kuanza kwa sauti ya chini hadi ya juu zaidi bila tatizo lolote." Sos ambaye alikuwa kimya wakati huo wote, sasa aliongea, "Marafiki, mimi nimekuwa nikiimba nanyi nyote. Nyote ni wanamuziki stadi. Lakini, ni bora tumchague Bul kuwa mflame wetu."', NULL);
INSERT INTO `card` (id, type, title, header, content, option) VALUES ('22533_10', 3, NULL, 'assets/topic/asb/25963.png', 'Sos aliendelea, "Mtu asiyesikia muziki unaoimbwa na Bul ni kama gogo lililokufa! Bul huwavutia watu kwake na kuwaliwaza kwa muziki wakati wa huzuni na kuwaburudisha wakati wa furaha." Mwishowe, wanamuziki hao stadi walimchagua Bul kuwa mfalme wao. Tangu wakati huo, Bul amekuwa mfalme wa muziki. Hiyo ndiyo sababu Bul yuko katika kila nyumba ya jamii inayoishi milimani mashariki mwa Uganda.', NULL);
INSERT INTO `card` (id, type, title, header, content, option) VALUES ('22533_11', 3, NULL, NULL, 'You are free to download, copy, translate or adapt this story and use the illustrations as long as you attribute in the following way:
Wanamuziki stadi
Author -
Athieno Gertrude and Owino Ogot
Translation -
Ursula  Nafula
Illustration -
Salim Kasamba
Language -
Kiswahili
Level -
Read aloud
© African Storybook Initiative 2017
Creative Commons: Attribution 4.0
Source
www.africanstorybook.org', NULL);
INSERT INTO `card` (id, type, title, header, content, option) VALUES ('19384', 2, 'Wanyama hushukuru', 'assets/topic/asb/17299.png', 'Susan Kavaya
 Rob Owen', 'FFCFB5DD');
INSERT INTO `card` (id, type, title, header, content, option) VALUES ('19384_3', 3, NULL, 'assets/topic/asb/17289.png', 'Hapo zamani za kale, Binadamu, Simba, Punda,  Nyoka, Tai, na Mbwa walikuwa wamekwenda vitani pamoja. Walisafiri siku nzima hadi jua lilipotua. "Tutalala wapi?" Punda aliuliza. "Tazameni, ninaona moshi ukitoka katika nyumba ile. Tunaweza kulala huko," Nyoka alisema.', NULL);
INSERT INTO `card` (id, type, title, header, content, option) VALUES ('19384_4', 3, NULL, 'assets/topic/asb/17290.png', 'Walipobisha, mtu na mkewe walitoka nje. Nyoka aliuliza, "Tunaweza kulala kwenu?" Waliwajibu, "Tunawakaribisha mlale, lakini, hatuna chakula cha kuwapa." Mbwa alisema, "Tulimwona ng''ombe wenu." Mume alijibu, "Huyo ng''ombe pekee ndiye tuliye naye. Tukimchinja, tutabaki bila chochote." Binadamu na wanyama walisema, "Tutawalipa. Tafadhali, tuchinjie ng''ombe wenu."', NULL);
INSERT INTO `card` (id, type, title, header, content, option) VALUES ('19384_5', 3, NULL, 'assets/topic/asb/17291.png', 'Simba alisema, "Naomba damu. Nitakupa zawadi siku moja." "Nipe mifupa. Nitakuletea zawadi pia." Mbwa alisema." Binadamu alisema, "Nipe maziwa. Nitakupa zawadi maalum." Nyoka akasema, "Nipe mafuta. Hutajuta." "Naomba vipande vya sarara. Nitakupa zawadi pia," alisema Tai. Punda naye alisema, "Mimi nipe nyasi kutoka paa la nyumba yako. Siku moja utanishukuru."', NULL);
INSERT INTO `card` (id, type, title, header, content, option) VALUES ('19384_6', 3, NULL, 'assets/topic/asb/17292.png', 'Mtu na mkewe walimchinja ng''ombe wao wa pekee. Wakampa Simba damu, Mbwa akapewa mifupa, Binadamu akapewa maziwa, Nyoka akapewa mafuta, na Tai akapewa vipande vya sarara. Punda naye akapewa nyasi kutoka paa la nyumba.', NULL);
INSERT INTO `card` (id, type, title, header, content, option) VALUES ('19384_7', 3, NULL, 'assets/topic/asb/17293.png', 'Wageni wale walilala vizuri usiku ule. Asubuhi kulipokucha wakaenda zao.', NULL);
INSERT INTO `card` (id, type, title, header, content, option) VALUES ('19384_8', 3, NULL, 'assets/topic/asb/17294.png', 'Baada ya wiki nyingi, mtu huyo na mkewe walimsikia Simba akinguruma karibu na nyumba yao. Walipotoka nje, hawakumpata Simba, lakini, kulikuwa na pembe ya tembo iliyolazwa nyasini. "Pembe hii ni ya thamani. Ipeleke ndani. Lazima tuwe waangalifu wezi wasije kuiiba." Mume alimwambia mkewe.', NULL);
INSERT INTO `card` (id, type, title, header, content, option) VALUES ('19384_9', 3, NULL, 'assets/topic/asb/17295.png', 'Ghafla, yule mtu na mkewe wakatazama nyuma yao. Walimwona Mbwa amelala karibu na mlango wa nyumba yao. Alisema, "Msiwe na wasiwasi. Nitawazuia wezi wasiingie nyumbani kwenu. Nakumbuka mlinisaidia na sasa wacha niwasaidie pia."', NULL);
INSERT INTO `card` (id, type, title, header, content, option) VALUES ('19384_10', 3, NULL, 'assets/topic/asb/17296.png', 'Yule mtu alikuwa na kaka. Kakake huyo alikuwa tajiri, lakini, alikuwa mwovu na watu wote walimchukia. Alipopata habari kuhusu pembe ya tembo, aliwaza, "Ninaitaka pembe ile. Nitamuua kakangu halafu niichukue."', NULL);
INSERT INTO `card` (id, type, title, header, content, option) VALUES ('19384_11', 3, NULL, 'assets/topic/asb/17297.png', 'Usiku wa manane, alikwenda nyumbani kwa kakake. Nyoka mkubwa alikuwa amelala karibu na mlango wa nyumba ya mtu yule na mkewe. Nyoka huyo alimuuma kaka mwovu akaaga dunia.', NULL);
INSERT INTO `card` (id, type, title, header, content, option) VALUES ('19384_12', 3, NULL, 'assets/topic/asb/17298.png', 'Katika nchi ile, mtu alipokufa, mali yake ilirithiwa na kakake. Kwa sababu hiyo, ng''ombe na kondoo wa kaka mwovu walirithiwa na kakake aliyekuwa hai. Yule mtu alimwambia mkewe, "Simba, Mbwa, na Nyoka wametulipa vizuri. Tai, Punda, na Binadamu watafanya nini?"', NULL);
INSERT INTO `card` (id, type, title, header, content, option) VALUES ('19384_13', 3, NULL, 'assets/topic/asb/17299.png', 'Siku moja,  Tai alipokuwa akiruka juu angani, aliwaona wazee wakitembea pamoja kando ya barabara. Mikononi mwao walikuwa na kitu fulani kilichong''aa sana. "Nadhani wana pesa na vito. Inaonekana wanampelekea mume zawadi kutoka kwa mkewe au kutoka kwa mume kwenda kwa mkewe ili kumaliza ugomvi. Mwishowe,  watasameheana tu." Tai aliwaza.', NULL);
INSERT INTO `card` (id, type, title, header, content, option) VALUES ('19384_14', 3, NULL, 'assets/topic/asb/17300.png', 'Tai aliruka chini akazichukua zile zawadi kutoka mikononi mwa wazee. Kisha aliziangusha zawadi hizo nje ya nyumba ya yule mtu na mkewe waliomsaidia mbeleni.', NULL);
INSERT INTO `card` (id, type, title, header, content, option) VALUES ('19384_15', 3, NULL, 'assets/topic/asb/17301.png', 'Siku hiyo, Punda alikuwa katika msitu uliokuwa karibu. Mgongoni, alikuwa amebeba mfuko mzito uliojaa pesa. Bwana wake alimpiga akisema, "Enda kasi au nikuue! Wewe mnyama mpumbavu na mvivu!" Punda huyo aliwaza jinsi angemwadhibu bwana wake mwovu.', NULL);
INSERT INTO `card` (id, type, title, header, content, option) VALUES ('19384_16', 3, NULL, 'assets/topic/asb/17302.png', 'Punda alitoroka akaenda nyumbani kwa yule mtu na mkewe akwaambia, "Chukueni pesa hizi. Ni zawadi yenu." Yule mtu na mkewe walitajirika kutoka siku ile.', NULL);
INSERT INTO `card` (id, type, title, header, content, option) VALUES ('19384_17', 3, NULL, 'assets/topic/asb/17303.png', 'Mtu yule alisema, "Rafiki zetu, wanyama,  wamekuwa wema sana kwetu. Ilikuwa vyema kwamba tulimchinja ng''ombe wetu wa pekee tukawapa." Mkewe alimjibu, "Lakini, Binadamu hajatupa zawadi yoyote. Hakika, wanyama wametufanyia mambo mengi. Ninajua Binadamu atatufanyia mambo mazuri zaidi."', NULL);
INSERT INTO `card` (id, type, title, header, content, option) VALUES ('19384_18', 3, NULL, 'assets/topic/asb/17304.png', 'Walingoja, wakangoja. Wiki nyingi zikapita, kisha miezi na miaka, lakini Binadamu hakurudi. Wanyama wote walitimiza ahadi zao. Binadamu alisahau.', NULL);
INSERT INTO `card` (id, type, title, header, content, option) VALUES ('19384_19', 3, NULL, NULL, 'You are free to download, copy, translate or adapt this story and use the illustrations as long as you attribute in the following way:
Wanyama hushukuru
Author -
Mariam Mohammed and Elizabeth Laird
Translation -
Susan Kavaya
Illustration -
Rob Owen
Language -
Kiswahili
Level -
Longer paragraphs
© African Storybook Initiative 2016
Creative Commons: Attribution 4.0
Source
www.africanstorybook.org
Original source
www.ethiopianfolktales.com', NULL);
INSERT INTO `card` (id, type, title, header, content, option) VALUES ('9681', 2, 'Wanyama wa kufugwa', 'assets/topic/asb/1747.png', 'Ursula Nafula
Sandy Campbell', 'FF9DEDE3');
INSERT INTO `card` (id, type, title, header, content, option) VALUES ('9681_3', 3, NULL, 'assets/topic/asb/1749.png', 'Ben anafuga wanyama.', NULL);
INSERT INTO `card` (id, type, title, header, content, option) VALUES ('9681_4', 3, NULL, 'assets/topic/asb/1750.png', 'Huyu ni ng''ombe. Anataka chakula.', NULL);
INSERT INTO `card` (id, type, title, header, content, option) VALUES ('9681_5', 3, NULL, 'assets/topic/asb/1751.png', 'Huyu ni mbuzi. Anakunywa maji.', NULL);
INSERT INTO `card` (id, type, title, header, content, option) VALUES ('9681_6', 3, NULL, 'assets/topic/asb/1752.png', 'Huyu ni farasi. Anakimbia.', NULL);
INSERT INTO `card` (id, type, title, header, content, option) VALUES ('9681_7', 3, NULL, 'assets/topic/asb/1753.png', 'Huyu ni nguruwe. Amemaliza chakula chake.', NULL);
INSERT INTO `card` (id, type, title, header, content, option) VALUES ('9681_8', 3, NULL, 'assets/topic/asb/1754.png', 'Huyu ni kuku. Ana vifaranga watatu.', NULL);
INSERT INTO `card` (id, type, title, header, content, option) VALUES ('9681_9', 3, NULL, 'assets/topic/asb/1755.png', 'Huyu ni mbwa. Anabweka.', NULL);
INSERT INTO `card` (id, type, title, header, content, option) VALUES ('9681_10', 3, NULL, 'assets/topic/asb/1757.png', 'Ben amebeba maziwa. Mbwa wake anataka maziwa.', NULL);
INSERT INTO `card` (id, type, title, header, content, option) VALUES ('9681_11', 3, NULL, NULL, 'You are free to download, copy, translate or adapt this story and use the illustrations as long as you attribute in the following way:
Wanyama wa kufugwa
Author -
Jenny Katz
Adaptation -
Ursula Nafula
Illustration -
Sandy Campbell
Language -
Kiswahili
Level -
First sentences
© African Reading Matters 2003
Creative Commons: Attribution-Non Commercial 3.0
Source
www.africanstorybook.org
Original source
www.read.org.za', NULL);
INSERT INTO `card` (id, type, title, header, content, option) VALUES ('21074', 2, 'Wanyama Wanatoroka kwao', 'assets/topic/asb/8524.png', 'Brigid Simiyu
 Magriet Brink', 'FF9DEDE3');
INSERT INTO `card` (id, type, title, header, content, option) VALUES ('21074_3', 3, NULL, 'assets/topic/asb/8517.png', 'Bi kizee mmoja alikuwa na kuku na Jogoo mzee.', NULL);
INSERT INTO `card` (id, type, title, header, content, option) VALUES ('21074_4', 3, NULL, 'assets/topic/asb/8518.png', 'Mjukuu wake alimtembelea. Aliamua kumchinja yule Jogoo mzee.', NULL);
INSERT INTO `card` (id, type, title, header, content, option) VALUES ('21074_5', 3, NULL, 'assets/topic/asb/8519.png', 'Jogoo alitorokea jijini ili kujiokoa.', NULL);
INSERT INTO `card` (id, type, title, header, content, option) VALUES ('21074_6', 3, NULL, 'assets/topic/asb/8520.png', 'Njiani, Jogoo alimkuta Paka. Alikuwa akitoroka kutoka kwa mkubwa wake.', NULL);
INSERT INTO `card` (id, type, title, header, content, option) VALUES ('21074_7', 3, NULL, 'assets/topic/asb/8521.png', 'Jogoo na Paka walimkuta Mbwa akitoroka pia.', NULL);
INSERT INTO `card` (id, type, title, header, content, option) VALUES ('21074_8', 3, NULL, 'assets/topic/asb/8522.png', 'Farasi aliyekuwa akitoroka, alijiunga nao.', NULL);
INSERT INTO `card` (id, type, title, header, content, option) VALUES ('21074_9', 3, NULL, 'assets/topic/asb/8523.png', 'Wanyama hao waliwaona wezi ndani ya nyumba.', NULL);
INSERT INTO `card` (id, type, title, header, content, option) VALUES ('21074_10', 3, NULL, 'assets/topic/asb/8524.png', 'Walitaka kuwafukuza wale wezi. Waliimba kwa sauti ya juu.', NULL);
INSERT INTO `card` (id, type, title, header, content, option) VALUES ('21074_11', 3, NULL, 'assets/topic/asb/8525.png', 'Wezi walitoroka. Wanyama walikula chakula chote walichopata mle nyumbani.', NULL);
INSERT INTO `card` (id, type, title, header, content, option) VALUES ('21074_12', 3, NULL, 'assets/topic/asb/8526.png', 'Wezi waliamua kurudi baadaye. Lakini, wanyama waliwavamia.', NULL);
INSERT INTO `card` (id, type, title, header, content, option) VALUES ('21074_13', 3, NULL, 'assets/topic/asb/8527.png', 'Wezi walitoroka wakaenda zao kabisa.', NULL);
INSERT INTO `card` (id, type, title, header, content, option) VALUES ('21074_14', 3, NULL, 'assets/topic/asb/8528.png', 'Wanyama waliishi pamoja katika nyumba ile kwa furaha.', NULL);
INSERT INTO `card` (id, type, title, header, content, option) VALUES ('21074_15', 3, NULL, NULL, 'You are free to download, copy, translate or adapt this story and use the illustrations as long as you attribute in the following way:
Wanyama Wanatoroka kwao
Author -
Cissy Kiwanuka Luyiga
Translation -
Brigid Simiyu
Illustration -
Magriet Brink
Language -
Kiswahili
Level -
First words
© African Storybook Initiative 2014
Creative Commons: Attribution 4.0
Source
www.africanstorybook.org', NULL);
INSERT INTO `card` (id, type, title, header, content, option) VALUES ('21130', 2, 'Wanyama wapata miguu', 'assets/topic/asb/13910.png', 'Brigid Simiyu
Wiehan de Jager', 'FF9DEDE3');
INSERT INTO `card` (id, type, title, header, content, option) VALUES ('21130_3', 3, NULL, 'assets/topic/asb/13904.png', 'Hapo zamani, wanyama hawakuwa na miguu.', NULL);
INSERT INTO `card` (id, type, title, header, content, option) VALUES ('21130_4', 3, NULL, 'assets/topic/asb/13905.png', 'Maguru alikuwa amewapatia miguu watu pekee.', NULL);
INSERT INTO `card` (id, type, title, header, content, option) VALUES ('21130_5', 3, NULL, 'assets/topic/asb/13906.png', 'Maguru aliamua kumpatia kila mnyama miguu.', NULL);
INSERT INTO `card` (id, type, title, header, content, option) VALUES ('21130_6', 3, NULL, 'assets/topic/asb/13907.png', 'Wanyama walitaka miguu ili watembee na kukimbia.', NULL);
INSERT INTO `card` (id, type, title, header, content, option) VALUES ('21130_7', 3, NULL, 'assets/topic/asb/13908.png', 'Ilikuwa vigumu kwao kutambaa.', NULL);
INSERT INTO `card` (id, type, title, header, content, option) VALUES ('21130_8', 3, NULL, 'assets/topic/asb/13909.png', 'Siku ilifika. Wanyama tofauti walitambaa kwenda kwa Maguru.', NULL);
INSERT INTO `card` (id, type, title, header, content, option) VALUES ('21130_9', 3, NULL, 'assets/topic/asb/13910.png', 'Maguru aliwapatia wanyama na ndege miguu.', NULL);
INSERT INTO `card` (id, type, title, header, content, option) VALUES ('21130_10', 3, NULL, 'assets/topic/asb/13911.png', 'Baadhi ya wanyama walicheza. Wengine walianguka chini.', NULL);
INSERT INTO `card` (id, type, title, header, content, option) VALUES ('21130_11', 3, NULL, 'assets/topic/asb/13912.png', 'Walisema, “Hatutatambaa tena.”', NULL);
INSERT INTO `card` (id, type, title, header, content, option) VALUES ('21130_12', 3, NULL, 'assets/topic/asb/13913.png', 'Jongoo alikuwa wa mwisho kwenye mstari.', NULL);
INSERT INTO `card` (id, type, title, header, content, option) VALUES ('21130_13', 3, NULL, 'assets/topic/asb/13914.png', 'Maguru alimpatia miguu yote iliyokuwa imabaki.', NULL);
INSERT INTO `card` (id, type, title, header, content, option) VALUES ('21130_14', 3, NULL, 'assets/topic/asb/13915.png', 'Jongoo alisema kwa furaha, “Nitatembea haraka kuwaliko wengine.”', NULL);
INSERT INTO `card` (id, type, title, header, content, option) VALUES ('21130_15', 3, NULL, 'assets/topic/asb/13916.png', 'Baadaye, Nyoka alifika. Alimsihi Maguru, “Tafadhali, nipe miguu.”', NULL);
INSERT INTO `card` (id, type, title, header, content, option) VALUES ('21130_16', 3, NULL, 'assets/topic/asb/13917.png', 'Nyoka alimwambia Maguru, “Nililala kupita kiasi.”', NULL);
INSERT INTO `card` (id, type, title, header, content, option) VALUES ('21130_17', 3, NULL, 'assets/topic/asb/13918.png', 'Maguru hakupata miguu yoyote ya kumpatia Nyoka.', NULL);
INSERT INTO `card` (id, type, title, header, content, option) VALUES ('21130_18', 3, NULL, 'assets/topic/asb/13919.png', 'Tangu siku hiyo, Nyoka anasubiri kupata miguu.', NULL);
INSERT INTO `card` (id, type, title, header, content, option) VALUES ('21130_19', 3, NULL, NULL, 'You are free to download, copy, translate or adapt this story and use the illustrations as long as you attribute in the following way:
Wanyama wapata miguu
Author -
Mutugi Kamundi
Translation -
Brigid Simiyu
Illustration -
Wiehan de Jager
Language -
Kiswahili
Level -
First words
© African Storybook Initiative 2015
Creative Commons: Attribution 4.0
Source
www.africanstorybook.org', NULL);
INSERT INTO `card` (id, type, title, header, content, option) VALUES ('23407', 2, 'Wanyama watoroka', 'assets/topic/asb/8524.png', 'Saidi Aziz Wamula
Magriet Brink', 'FFF4E1B5');
INSERT INTO `card` (id, type, title, header, content, option) VALUES ('23407_3', 3, NULL, 'assets/topic/asb/8517.png', 'Paliondokea mkongwe aliekuwa na kuku na kati ya hawa kuku kulikua na jogoo.', NULL);
INSERT INTO `card` (id, type, title, header, content, option) VALUES ('23407_4', 3, NULL, 'assets/topic/asb/8518.png', 'Mjukuu wake akaja ku mtembelea. Mkongwe aka amua ku mchinjiaa yule jogoo.', NULL);
INSERT INTO `card` (id, type, title, header, content, option) VALUES ('23407_5', 3, NULL, 'assets/topic/asb/8519.png', 'Jogoo yule aka toroka hadi mjini.', NULL);
INSERT INTO `card` (id, type, title, header, content, option) VALUES ('23407_6', 3, NULL, 'assets/topic/asb/8520.png', 'Yule jogoo ali mkuta paka alie kuwa akitoroka kujiondoaa kwa wakurugenzi.', NULL);
INSERT INTO `card` (id, type, title, header, content, option) VALUES ('23407_7', 3, NULL, 'assets/topic/asb/8521.png', 'Jogoo na paka wali mkuta mbwa ambaee pia alikua akitoroka.', NULL);
INSERT INTO `card` (id, type, title, header, content, option) VALUES ('23407_8', 3, NULL, 'assets/topic/asb/8522.png', 'wali ungwa  na farasi ambaee pia alikua anatoroka.', NULL);
INSERT INTO `card` (id, type, title, header, content, option) VALUES ('23407_9', 3, NULL, 'assets/topic/asb/8523.png', 'Wayama hawa walikaribia nyumba flani ambapo wali waonaa wezii ndani yake!', NULL);
INSERT INTO `card` (id, type, title, header, content, option) VALUES ('23407_10', 3, NULL, 'assets/topic/asb/8524.png', 'Wanyama wali imbaa kwa sauti kuweza ku wafukuza wale wezii.', NULL);
INSERT INTO `card` (id, type, title, header, content, option) VALUES ('23407_11', 3, NULL, 'assets/topic/asb/8525.png', 'Wanyama wakala chakula ambaee walipata ndani ya nyumba ilee.', NULL);
INSERT INTO `card` (id, type, title, header, content, option) VALUES ('23407_12', 3, NULL, 'assets/topic/asb/8526.png', 'Wezi wale walirudi badaee. Wanyama waliweza kuwa shambuliaa.', NULL);
INSERT INTO `card` (id, type, title, header, content, option) VALUES ('23407_13', 3, NULL, 'assets/topic/asb/8527.png', 'Wezii wali weza ku kimbiaa.', NULL);
INSERT INTO `card` (id, type, title, header, content, option) VALUES ('23407_14', 3, NULL, 'assets/topic/asb/8528.png', 'Wanyama wali ishi pamoja ndani ya nyumba ilee kwa furaha.', NULL);
INSERT INTO `card` (id, type, title, header, content, option) VALUES ('23407_15', 3, NULL, NULL, 'You are free to download, copy, translate or adapt this story and use the illustrations as long as you attribute in the following way:
Wanyama watoroka
Author -
Cissy Kiwanuka Luyiga
Translation -
Saidi Aziz Wamula
Illustration -
Magriet Brink
Language -
Kiswahili
Level -
First words
© African Storybook Initiative 2014
Creative Commons: Attribution 4.0
Source
www.africanstorybook.org', NULL);
INSERT INTO `card` (id, type, title, header, content, option) VALUES ('2758', 2, 'Wapi kigoe changu?', 'assets/topic/asb/1556.png', 'Mutugi Kamundi
 Rijuta Ghate', 'FFCFB5DD');
INSERT INTO `card` (id, type, title, header, content, option) VALUES ('2758_3', 3, NULL, 'assets/topic/asb/1557.png', 'Kigoe changu cha kuchezea tenisi kimepotea. Sijui mahali kiliko.', NULL);
INSERT INTO `card` (id, type, title, header, content, option) VALUES ('2758_4', 3, NULL, 'assets/topic/asb/1558.png', 'Nilikitafuta nyuma ya mlango. Lakini sikukiona.', NULL);
INSERT INTO `card` (id, type, title, header, content, option) VALUES ('2758_5', 3, NULL, 'assets/topic/asb/1559.png', 'Nilikitafuta juu ya kabati. Lakini sikukiona.', NULL);
INSERT INTO `card` (id, type, title, header, content, option) VALUES ('2758_6', 3, NULL, 'assets/topic/asb/1560.png', 'Nilikitafuta chini ya kitanda. Sikukiona hata hapo.', NULL);
INSERT INTO `card` (id, type, title, header, content, option) VALUES ('2758_7', 3, NULL, 'assets/topic/asb/1561.png', 'Nilikitafuta ndani ya sanduku. Lakini hapakuwa na dalili yake pale.', NULL);
INSERT INTO `card` (id, type, title, header, content, option) VALUES ('2758_8', 3, NULL, 'assets/topic/asb/1562.png', 'Nilikitafuta katika dari.', NULL);
INSERT INTO `card` (id, type, title, header, content, option) VALUES ('2758_9', 3, NULL, 'assets/topic/asb/1563.png', 'Niliangalia hapa na pale,  nikaangalia kila mahali. Lakini sikukiona.', NULL);
INSERT INTO `card` (id, type, title, header, content, option) VALUES ('2758_11', 3, NULL, NULL, 'You are free to download, copy, translate or adapt this story and use the illustrations as long as you attribute in the following way:
Wapi kigoe changu?
Author -
Meera Tendolkar and Madhav Chavan
Translation -
Mutugi Kamundi
Illustration -
Rijuta Ghate
Language -
Kiswahili
Level -
First words
© Pratham Books 2014
Creative Commons: Attribution 4.0
Source
www.africanstorybook.org', NULL);
INSERT INTO `card` (id, type, title, header, content, option) VALUES ('1970', 2, 'Wapi paka wangu?', 'assets/topic/asb/1565.png', 'Ursula Nafula
 Bronwen Heath', 'FF9DEDE3');
INSERT INTO `card` (id, type, title, header, content, option) VALUES ('1970_3', 3, NULL, 'assets/topic/asb/1565.png', 'Wapi paka wangu?', NULL);
INSERT INTO `card` (id, type, title, header, content, option) VALUES ('1970_4', 3, NULL, 'assets/topic/asb/1822.png', 'Je,  yuko chini ya kitanda?', NULL);
INSERT INTO `card` (id, type, title, header, content, option) VALUES ('1970_5', 3, NULL, 'assets/topic/asb/1566.png', 'Yuko juu ya kabati?', NULL);
INSERT INTO `card` (id, type, title, header, content, option) VALUES ('1970_6', 3, NULL, 'assets/topic/asb/1567.png', 'Yuko nyuma ya sofa?', NULL);
INSERT INTO `card` (id, type, title, header, content, option) VALUES ('1970_7', 3, NULL, 'assets/topic/asb/1568.png', 'Yuko karibu na pipa la taka?', NULL);
INSERT INTO `card` (id, type, title, header, content, option) VALUES ('1970_8', 3, NULL, 'assets/topic/asb/1569.png', 'Yuko ndani ya kikapu?', NULL);
INSERT INTO `card` (id, type, title, header, content, option) VALUES ('1970_9', 3, NULL, 'assets/topic/asb/1570.png', 'Yuko nje?', NULL);
INSERT INTO `card` (id, type, title, header, content, option) VALUES ('1970_10', 3, NULL, 'assets/topic/asb/1823.png', 'Yuko hapa!', NULL);
INSERT INTO `card` (id, type, title, header, content, option) VALUES ('1970_11', 3, NULL, NULL, 'You are free to download, copy, translate or adapt this story and use the illustrations as long as you attribute in the following way:
Wapi paka wangu?
Author -
Clare Verbeek, Thembani Dladla and Zanele Buthelezi
Translation -
Ursula Nafula
Illustration -
Bronwen Heath
Language -
Kiswahili
Level -
First words
© School of Education and Development (Centre for Adult Education), University of Kwazulu-Natal 2007
Creative Commons: Attribution-Non Commercial 3.0
Source
www.africanstorybook.org
Original source
http://cae.ukzn.ac.za/resources/seedbooks.aspx', NULL);
INSERT INTO `card` (id, type, title, header, content, option) VALUES ('9479', 2, 'Watazame Wanyama', 'assets/topic/asb/1747.png', 'Caren Echesa
 Sandy Campbell', 'FFF4E1B5');
INSERT INTO `card` (id, type, title, header, content, option) VALUES ('9479_3', 3, NULL, 'assets/topic/asb/1749.png', 'Tazama wanyama.', NULL);
INSERT INTO `card` (id, type, title, header, content, option) VALUES ('9479_4', 3, NULL, 'assets/topic/asb/1750.png', 'Ng''ombe anasema,  "Moo."', NULL);
INSERT INTO `card` (id, type, title, header, content, option) VALUES ('9479_5', 3, NULL, 'assets/topic/asb/1751.png', 'Mbuzi anasema,  "Me,  me."', NULL);
INSERT INTO `card` (id, type, title, header, content, option) VALUES ('9479_6', 3, NULL, 'assets/topic/asb/1752.png', 'Farasi anasema,  "Nei."', NULL);
INSERT INTO `card` (id, type, title, header, content, option) VALUES ('9479_7', 3, NULL, 'assets/topic/asb/1753.png', 'Nguruwe anasema,  "Ghuranti."', NULL);
INSERT INTO `card` (id, type, title, header, content, option) VALUES ('9479_8', 3, NULL, 'assets/topic/asb/1754.png', 'Kuku anasema, "Ko, ko."', NULL);
INSERT INTO `card` (id, type, title, header, content, option) VALUES ('9479_9', 3, NULL, 'assets/topic/asb/1755.png', 'Mbwa anasema,  "Bwe."', NULL);
INSERT INTO `card` (id, type, title, header, content, option) VALUES ('9479_10', 3, NULL, 'assets/topic/asb/1757.png', 'Mkulima anasema, "Kimya."', NULL);
INSERT INTO `card` (id, type, title, header, content, option) VALUES ('9479_11', 3, NULL, NULL, 'You are free to download, copy, translate or adapt this story and use the illustrations as long as you attribute in the following way:
Watazame Wanyama
Author -
Jenny Katz
Translation -
Caren Echesa
Illustration -
Sandy Campbell
Language -
Kiswahili
Level -
First sentences
© African Reading Matters 2003
Creative Commons: Attribution-Non Commercial 3.0
Source
www.africanstorybook.org
Original source
www.read.org.za', NULL);
INSERT INTO `card` (id, type, title, header, content, option) VALUES ('2505', 2, 'Watoto walioumbwa kwa nta', 'assets/topic/asb/1295.png', 'Mutugi Kamundi
 Wiehan de Jager', 'FFF4E1B5');
INSERT INTO `card` (id, type, title, header, content, option) VALUES ('2505_3', 3, NULL, 'assets/topic/asb/1296.png', 'Hapo zamani za kale, kulikuwa na familia moja iliyoishi kwa amani.', NULL);
INSERT INTO `card` (id, type, title, header, content, option) VALUES ('2505_4', 3, NULL, 'assets/topic/asb/1297.png', 'Heri, Amani na Musa waliwasaidia wazazi nyumbani na shambani.', NULL);
INSERT INTO `card` (id, type, title, header, content, option) VALUES ('2505_5', 3, NULL, 'assets/topic/asb/1298.png', 'Wazazi wao hawakuwaruhusu waende karibu na moto, wala kukaa juani.', NULL);
INSERT INTO `card` (id, type, title, header, content, option) VALUES ('2505_6', 3, NULL, 'assets/topic/asb/1299.png', 'Heri, Amani na Musa walifanya kazi zao zote usiku.', NULL);
INSERT INTO `card` (id, type, title, header, content, option) VALUES ('2505_7', 3, NULL, NULL, 'Hii ni kwa sababu watoto hao waliumbwa kwa nta.', NULL);
INSERT INTO `card` (id, type, title, header, content, option) VALUES ('2505_8', 3, NULL, 'assets/topic/asb/1300.png', 'Musa alitamani kwenda nje wakati wa mchana.', NULL);
INSERT INTO `card` (id, type, title, header, content, option) VALUES ('2505_9', 3, NULL, 'assets/topic/asb/1301.png', 'Siku moja tamaa ilimzidi. Nduguze, Heri na Amani,  walimwonya asiende juani. Musa hakuwasikiza.', NULL);
INSERT INTO `card` (id, type, title, header, content, option) VALUES ('2505_10', 3, NULL, 'assets/topic/asb/1302.png', 'Joto lilipokuwa kali, Musa aliyeyuka.', NULL);
INSERT INTO `card` (id, type, title, header, content, option) VALUES ('2505_11', 3, NULL, 'assets/topic/asb/1303.png', 'Heri na Amani walihuzunika walipomwona Musa akiyeyuka.', NULL);
INSERT INTO `card` (id, type, title, header, content, option) VALUES ('2505_12', 3, NULL, 'assets/topic/asb/1304.png', 'Heri na Amani waliichukua nta iliyoyeyuka wakamtengeneza ndege.', NULL);
INSERT INTO `card` (id, type, title, header, content, option) VALUES ('2505_13', 3, NULL, 'assets/topic/asb/1305.png', 'Kisha walimweka ndege huyo juu ya mlima mrefu.', NULL);
INSERT INTO `card` (id, type, title, header, content, option) VALUES ('2505_14', 3, NULL, 'assets/topic/asb/1306.png', 'Jua lilipochomoza, ndege huyo alipeperuka akiimba kwa furaha.', NULL);
INSERT INTO `card` (id, type, title, header, content, option) VALUES ('2505_15', 3, NULL, NULL, 'You are free to download, copy, translate or adapt this story and use the illustrations as long as you attribute in the following way:
Watoto walioumbwa kwa nta
Author -
Southern African Folktale
Translation -
Mutugi Kamundi
Illustration -
Wiehan de Jager
Language -
Kiswahili
Level -
First sentences
© African Storybook Initiative 2014
Creative Commons: Attribution 4.0
Source
www.africanstorybook.org', NULL);
INSERT INTO `card` (id, type, title, header, content, option) VALUES ('24746', 2, 'Watu waliosahau', 'assets/topic/asb/27234.png', 'Ursula  Nafula
Edwin  Irabor', 'FFF4E1B5');
INSERT INTO `card` (id, type, title, header, content, option) VALUES ('24746_3', 3, NULL, 'assets/topic/asb/27230.png', 'Hapo zamani za kale, kulikuwa na kijiji kilichoitwa Raha. Watu wote walikuwa vijana.
Hapakuwa na mwanamume wala mwanamke mkongwe kijijini humo.', NULL);
INSERT INTO `card` (id, type, title, header, content, option) VALUES ('24746_4', 3, NULL, 'assets/topic/asb/27231.png', 'Vijana wa kike na wa kiume kijijini Raha walicheza na kufurahi. Walikula walichopenda na kunywa chochote kilichowalevya. Walifurahi mchana kutwa na usiku kucha.
Hivi karibuni, walisahau namna ya kufanya kazi.', NULL);
INSERT INTO `card` (id, type, title, header, content, option) VALUES ('24746_5', 3, NULL, 'assets/topic/asb/27232.png', 'Pia walisahau chochote kilichotendeka siku iliyopita.
Siku moja vijina wa kijijini Raha waliamka na kukuta kuwa chakula chote kilikuwa kimeisha. Hapakuwa hata na tone moja la mvinyo. Ala zote za muziki zilikuwa zimevunjika.', NULL);
INSERT INTO `card` (id, type, title, header, content, option) VALUES ('24746_6', 3, NULL, 'assets/topic/asb/27233.png', 'Hapakuwa na muziki wa kucheza. Hata hawangeweza kucheza kwa sababu walihisi njaa na kudhoofika.
Walienda kwa Oza, chifu wa kijiji, na kulia kwa uchungu.', NULL);
INSERT INTO `card` (id, type, title, header, content, option) VALUES ('24746_7', 3, NULL, 'assets/topic/asb/27234.png', 'Chifu wao kijana alitoka nje ya chumba na kuwasihi, "Acheni! Watu wapendwa wa kijiji cha Raha. Tafadhali acheni kulia. Tutaweza kufa hivi karibuni. Heri tutumie nguvu tulizo nazo kubaki hai."', NULL);
INSERT INTO `card` (id, type, title, header, content, option) VALUES ('24746_8', 3, NULL, 'assets/topic/asb/27235.png', 'Watu walipiga kelele, "Wewe ni chifu wetu! Lazima utuokoe!"
Baada ya kunyamaza kwa muda, chifu Oza alisimama akasema, "Mimi si chifu wenu tena. Nitaondoka hapa nitafute pahali palipo na amani. Mnaweza kumchagua chifu mwingine."', NULL);
INSERT INTO `card` (id, type, title, header, content, option) VALUES ('24746_9', 3, NULL, 'assets/topic/asb/27236.png', 'Kwa hivyo, chifu Oza aliingia chumbani kwake akakusanya virago vyake na kuondoka.
Watu hawakujua nani angekuwa kiongozi wao. Hawakujua la kufanya. Walilia zaidi.', NULL);
INSERT INTO `card` (id, type, title, header, content, option) VALUES ('24746_10', 3, NULL, 'assets/topic/asb/27237.png', 'Halafu sauti ndogo na nyororo ikasema, "Nitakuwa chifu wenu!"
Kila mmoja aligeuka kujua aliyeitoa sauti ile. Wote waliangaliana. Walitazama kila mahali lakini hawakumtambua aliyekuwa amezungumza.', NULL);
INSERT INTO `card` (id, type, title, header, content, option) VALUES ('24746_11', 3, NULL, 'assets/topic/asb/27238.png', 'Watu hao walishangaa kumwona mtoto mdogo mbele yao.
Mtoto huyo alisema, "Ndiyo! Nitakuwa chifu wenu. Ninaweza kuwasaidia. Lakini, lazima mniahidi kuwa mtakoma kusherehekea mchana na usiku. Tena, lazima mfuate ushauri wangu."', NULL);
INSERT INTO `card` (id, type, title, header, content, option) VALUES ('24746_12', 3, NULL, 'assets/topic/asb/27239.png', 'Watu hao walivutiwa sana na ujasiri wa mtoto huyo. Wakaahidi kumtii.
Akawapeleka katika shamba lililokuwa na rutuba. Wakala, wakanywa na wakapumzika. Halafu, akawafunza na kuwakumbusha jinsi ya kulima.', NULL);
INSERT INTO `card` (id, type, title, header, content, option) VALUES ('24746_13', 3, NULL, 'assets/topic/asb/27240.png', 'Wakisaidiwa na yule mvulana mdogo kama chifu wao, watu wa kijijini Raha, walianza kujifunza maana ya jitihada. Walifanya kazi kwa bidii.
Baadaye, walipata chakula na vinywaji vya kutosha. Walifurahi na kusherehekea tena. Lakini, pia, waliendelea kufanya kazi.', NULL);
INSERT INTO `card` (id, type, title, header, content, option) VALUES ('24746_14', 3, NULL, 'assets/topic/asb/27241.png', 'Kila usiku, yule chifu mdogo aliondoka kijijini na kukutana na mzee mwenye busara.
Alimhadithia kuhusu wanaume na wanawake shujaa waliotatua matatizo ya watu wao.
Hatimaye, mvulana huyo, alikuwa mtu mwenye hekima na mwenye uwezo mwingi.', NULL);
INSERT INTO `card` (id, type, title, header, content, option) VALUES ('24746_15', 3, NULL, NULL, 'You are free to download, copy, translate or adapt this story and use the illustrations as long as you attribute in the following way:
Watu waliosahau
Author -
Edwin  Irabor
Translation -
Ursula  Nafula
Illustration -
Edwin  Irabor
Language -
Kiswahili
Level -
Longer paragraphs
© African Storybook Initiative 2018
Creative Commons: Attribution 4.0
Source
www.africanstorybook.org', NULL);
INSERT INTO `card` (id, type, title, header, content, option) VALUES ('14814', 2, 'What is wrong? / Kuna shida gani?', 'assets/topic/asb/10483.png', 'Ursula Nafula', 'FFB3C8FF');
INSERT INTO `card` (id, type, title, header, content, option) VALUES ('14814_3', 3, NULL, 'assets/topic/asb/10477.png', 'This is Matende.
Huyu ni Matende.', NULL);
INSERT INTO `card` (id, type, title, header, content, option) VALUES ('14814_4', 3, NULL, 'assets/topic/asb/10478.png', 'Matende cries all the time.
Matende hulia kila wakati.', NULL);
INSERT INTO `card` (id, type, title, header, content, option) VALUES ('14814_5', 3, NULL, 'assets/topic/asb/10479.png', 'When his mother feeds him, Matende cries.
Mamake anapomlisha, Matende analia.', NULL);
INSERT INTO `card` (id, type, title, header, content, option) VALUES ('14814_6', 3, NULL, 'assets/topic/asb/10480.png', 'When Matende is put down to rest, he still cries.
Matende anapolazwa chini kupumzika, bado analia.', NULL);
INSERT INTO `card` (id, type, title, header, content, option) VALUES ('14814_7', 3, NULL, 'assets/topic/asb/10481.png', 'When his mother changes his nappies, Matende continues to cry.
Mamake anapobadilisha pampa, Matende anaendelea kulia.', NULL);
INSERT INTO `card` (id, type, title, header, content, option) VALUES ('14814_8', 3, NULL, 'assets/topic/asb/10482.png', 'When his mother carries him on her shoulder, Matende cries more.
Mamake anapombeba begani, Matende analia zaidi.', NULL);
INSERT INTO `card` (id, type, title, header, content, option) VALUES ('14814_9', 3, NULL, 'assets/topic/asb/10483.png', 'When he falls asleep, Matende looks as if he is about to cry.
Anapopatwa na usingizi, Matende anaonekana kuwa ataanza kulia.', NULL);
INSERT INTO `card` (id, type, title, header, content, option) VALUES ('14814_10', 3, NULL, 'assets/topic/asb/10484.png', 'Matende''s mother looks at her son. She does not know what is wrong with him.
Mamake Matende anamtazama mwanawe. Hajui kinachomsumbua.', NULL);
INSERT INTO `card` (id, type, title, header, content, option) VALUES ('14814_11', 3, NULL, NULL, 'You are free to download, copy, translate or adapt this story and use the illustrations as long as you attribute in the following way:
What is wrong? / Kuna shida gani?
Author -
Ursula Nafula
Adaptation -
Ursula Nafula
Illustration -
Language -
Kiswahili English
Level -
First sentences
© African Storybook Initiative 2016
Creative Commons: Attribution 4.0
Source
www.africanstorybook.org', NULL);
INSERT INTO `card` (id, type, title, header, content, option) VALUES ('22111', 2, 'Zawadi ya Sisanda', 'assets/topic/asb/17355.png', 'Ursula Nafula', 'FF9DEDE3');
INSERT INTO `card` (id, type, title, header, content, option) VALUES ('22111_3', 3, NULL, 'assets/topic/asb/17354.png', 'Sisanda ni msichana wa umri wa miaka minane. Kila siku anapotoka shule, anavua sare, anakula chakula cha mchana kisha yeye na babu yake wanacheza mchezo waupendao. Wanafurahia sana kucheza hadi Sisanda hataki kuacha.
Babu anamkumbusha kuwa angependa kuwa meneja wa benki atakapokuwa mkubwa.', NULL);
INSERT INTO `card` (id, type, title, header, content, option) VALUES ('22111_4', 3, NULL, NULL, 'Babu anamwuliza kwa utani, "Utawezaje kuwa meneja wa benki usipokwenda shule ya upili?"
Sisanda anacheka tu. "Nitamaliza masomo ya shule ya upili na hata niende chuo kikuu. Hiyo ndiyo sababu ninatia bidii sana masomoni!"', NULL);
INSERT INTO `card` (id, type, title, header, content, option) VALUES ('22111_5', 3, NULL, NULL, 'Sisanda ni mrefu kwa umri wake. Anafuata  urefu wa babake. Anamfanana mamake kwa uso wake ulio mfiringo na kwa tabasamu yake. Kila siku wazazi wake huamka mapema na kwenda wanakofanya kazi kwenye hifadhi ya wanyama iliyo karibu.
Wakati Sisanda na rafiki zake wanapoanza kwenda shule, mabasi huwa tayari yamewafikisha watalii kwenye hifadhi hiyo ya wanyama.', NULL);
INSERT INTO `card` (id, type, title, header, content, option) VALUES ('22111_6', 3, NULL, 'assets/topic/asb/17355.png', 'Maadhimisho ya kuzaliwa kwake iliyopita, Sisanda aliandaliwa sherehe maalum. Wazazi walipata ruhusa ya kuandaa sherehe hiyo katika hifadhi ya wanyama. Twiga walivutiwa sana na watu waliofika kwa sherehe hiyo. Waliyanyoosha mashingo yao marefu wakaiona sherehe vizuri na kutaka kuptata sehemu ya keki! Sisanda aliwapenda twiga zaidi ya wanyama wote kwa ajili ya upole na utulivu wao. Angewatazama kwa siku nzima.', NULL);
INSERT INTO `card` (id, type, title, header, content, option) VALUES ('22111_7', 3, NULL, NULL, 'Ijumaa moja, babake Sisanda alikuja nyumbani mapema kutoka kazini. Alionekana kuwa mwenye hasira. Sisanda alimwuliza, "Baba, kuna nini kibaya?"
Babake alieleza, "Leo, kundi la nyuki lilimuuma mama twiga. Kichwa chake kilivimba hadi macho yake ya kupendeza yakazibwa. Tulijaribu kumwokoa, lakini ilikuwa bure. Alikufa. Kinachohuzunisha zaidi ni kwamba alikuwa na ndama mchanga ambaye bado anamhitaji."', NULL);
INSERT INTO `card` (id, type, title, header, content, option) VALUES ('22111_8', 3, NULL, 'assets/topic/asb/17356.png', '"Ah, la!" Sisanda alianza kulia. "Heri ningeweza kumsaidia. Labda yule ndama vilevile analia kama mimi." Sisanda alilia kwa muda mrefu. Mamake alijaribu kumfariji. Alimsomea hadithi moja zaidi wakati wa kulala ili aweze kusahau angalau kidogo uchungu aliokuwa nao kumhusu yule ndama. Hatimaye, Sisanda alipatwa na usingizi huku akisikiliza sauti ya mamake.', NULL);
INSERT INTO `card` (id, type, title, header, content, option) VALUES ('22111_9', 3, NULL, NULL, 'Asubuhi iliyofuata Sisanda alikuwa na wazo! Alimwuliza babake, "Ninaweza kwenda kufanya kazi nawe leo? Ningependa kumpelekea mtoto twiga zawadi."
Wazazi wake walitazamana kisha wakatabasamu, "Ndiyo, bila shaka, unaweza kuja nasi."', NULL);
INSERT INTO `card` (id, type, title, header, content, option) VALUES ('22111_10', 3, NULL, NULL, 'Siku hiyo ilikuwa yenye joto na mawingu. Kila kitu katika hifadhi ya wanyama kilitulia. Sisanda alisema, "Nadhani hakuna jua leo kwa sababu ya huzuni wa mtoto twiga."
Tembo mkubwa aliitazama familia hiyo ikipita. Mamake Sisanda alisema, "Labda anashangaa kwa nini msichana mdogo anaenda kufanya kazi na wazazi wake." Sisanda aliitkia kwa kichwa. "Atashangaa atakapogundua," Sisanda aliwaza.', NULL);
INSERT INTO `card` (id, type, title, header, content, option) VALUES ('22111_11', 3, NULL, 'assets/topic/asb/17357.png', 'Walimpata mtoto twiga akiwa peke yake. Alilegeza shingo lake refu na kuinama. Macho yake makubwa yalipumbaa. Sisanda alisimama aliufungua mkoba wake akatoa kitabu. Wazazi wake walishangaa alipoanza kumsomea mtoto twiga. Mtoto twiga aligeuza kichwa chake akatazama kulikotoka sauti ya Sisanda akasikiliza kama aliyelewa kila neno. Mwanzoni, wazazi walidhani kumsomea twiga ni jambo la ajabu, lakini walibadili mawazo yao walipomwona mtoto twiga akitulia.', NULL);
INSERT INTO `card` (id, type, title, header, content, option) VALUES ('22111_12', 3, NULL, NULL, '"Hadithi yangu ilimfariji," Sisanda alimwambia babu yake alipofika nyumbani. Sisanda alienda kumtembelea mtoto twiga kila alasiri na wakati wa wikendi.
Kila alipoenda, alibeba hadithi tofauti kumsomea. Marafiki hao wawili walionekana vizuri pamoja hata watalii waliopita waliwapiga picha.', NULL);
INSERT INTO `card` (id, type, title, header, content, option) VALUES ('22111_13', 3, NULL, NULL, 'Polepole, mtoto twiga alianza kupata nguvu. Watu waliofanya kazi katika hafidhi hiyo walimlinda vizuri. Upendo kutoka kwa rafiki yake Sisanda, ulifanya miujiza.
Siku moja meneja wa hifadhi alimwuliza Sisanda ampatie rafiki yake mpya jina. "Furaha ni jina nzuri," Sisanda alisema.', NULL);
INSERT INTO `card` (id, type, title, header, content, option) VALUES ('22111_14', 3, NULL, NULL, 'Siku iliyofuata meneja wa hifadhi alimpigia simu mwalimu wa Sisanda. Akawaalika wanafunzi wa darasa la Sisanda kumtembelea Furaha.
Mtoto twiga alikuwa amekua mrefu na mwenye nguvu katika muda wa miezi mitatu tangu Sisanda alipomtembelea mara ya kwanza.', NULL);
INSERT INTO `card` (id, type, title, header, content, option) VALUES ('22111_15', 3, NULL, 'assets/topic/asb/17358.png', 'Siku ya matembezi, wanafunzi 40 wa darasa la 3 walisubiri kwa hamu kufunguliwa kwa lango la hifadhi. Sisanda aliwaongoza wote wakaenda kumwona Furaha. Wengine walimtazama yule twiga mrefu kwa mshangao. Wengine walicheka kwa woga. Mwalimu wao, Bi Keziah, alitabasamu tu.', NULL);
INSERT INTO `card` (id, type, title, header, content, option) VALUES ('22111_16', 3, NULL, NULL, '"Sisanda, rafiki yako ni mrembo. Umemsaidia sana," mwalimu alisema. "Anaitwaje?" Mvulana mmoja aliuliza. "Anaitwa Furaha," Sisanda alimjibu. Bi Keziah alisema, "Bila shaka anafurahi."', NULL);
INSERT INTO `card` (id, type, title, header, content, option) VALUES ('22111_17', 3, NULL, NULL, 'Watoto waliketi chini wakamsikiliza Sisanda akisoma hadithi aliyomsomea Furaha siku aliyomtembelea mara ya kwanza. Meneja wa hifadhi alipiga picha. Baadhi ya watalii waliopita pia walipiga picha.
Mpiga picha kutoka gazeti moja vilevile alipiga picha. Aliwaahidi kuwa picha yao ingechapishwa katika gazeti la mtaa wao hivi karibuni. Kila mmoja alishangilia.', NULL);
INSERT INTO `card` (id, type, title, header, content, option) VALUES ('22111_18', 3, NULL, NULL, 'Ilikuwa zawadi ya kipekee! Sisanda kusoma hadithi ili kumponya rafiki.', NULL);
INSERT INTO `card` (id, type, title, header, content, option) VALUES ('22111_19', 3, NULL, NULL, 'You are free to download, copy, translate or adapt this story and use the illustrations as long as you attribute in the following way:
Zawadi ya Sisanda
Author -
Gcina Mhlophe
Translation -
Ursula Nafula
Illustration -
Language -
Kiswahili
Level -
Read aloud
© Text: Gcina Mhlophe; Illustrations: Jiggs Snaddon-Wood 2015
Creative Commons: Attribution 4.0
Source
www.africanstorybook.org', NULL);
INSERT INTO `card` (id, type, title, header, content, option) VALUES ('story', 2, 'story', NULL, NULL, NULL);
INSERT INTO `collection` (id, serial, cardId) VALUES ('24752', 1, '24752_3');
INSERT INTO `collection` (id, serial, cardId) VALUES ('24752', 2, '24752_4');
INSERT INTO `collection` (id, serial, cardId) VALUES ('24752', 3, '24752_5');
INSERT INTO `collection` (id, serial, cardId) VALUES ('24752', 4, '24752_6');
INSERT INTO `collection` (id, serial, cardId) VALUES ('24752', 5, '24752_7');
INSERT INTO `collection` (id, serial, cardId) VALUES ('24752', 6, '24752_8');
INSERT INTO `collection` (id, serial, cardId) VALUES ('24752', 7, '24752_9');
INSERT INTO `collection` (id, serial, cardId) VALUES ('24752', 8, '24752_10');
INSERT INTO `collection` (id, serial, cardId) VALUES ('24752', 9, '24752_11');
INSERT INTO `collection` (id, serial, cardId) VALUES ('24752', 10, '24752_12');
INSERT INTO `collection` (id, serial, cardId) VALUES ('24752', 11, '24752_13');
INSERT INTO `collection` (id, serial, cardId) VALUES ('24752', 12, '24752_14');
INSERT INTO `collection` (id, serial, cardId) VALUES ('24752', 13, '24752_15');
INSERT INTO `collection` (id, serial, cardId) VALUES ('24752', 14, '24752_20');
INSERT INTO `collection` (id, serial, cardId) VALUES ('24752', 15, '24752_25');
INSERT INTO `collection` (id, serial, cardId) VALUES ('24752', 16, '24752_30');
INSERT INTO `collection` (id, serial, cardId) VALUES ('8074', 1, '8074_3');
INSERT INTO `collection` (id, serial, cardId) VALUES ('8074', 2, '8074_4');
INSERT INTO `collection` (id, serial, cardId) VALUES ('8074', 3, '8074_5');
INSERT INTO `collection` (id, serial, cardId) VALUES ('8074', 4, '8074_6');
INSERT INTO `collection` (id, serial, cardId) VALUES ('8074', 5, '8074_7');
INSERT INTO `collection` (id, serial, cardId) VALUES ('8074', 6, '8074_8');
INSERT INTO `collection` (id, serial, cardId) VALUES ('8074', 7, '8074_9');
INSERT INTO `collection` (id, serial, cardId) VALUES ('8074', 8, '8074_10');
INSERT INTO `collection` (id, serial, cardId) VALUES ('8074', 9, '8074_11');
INSERT INTO `collection` (id, serial, cardId) VALUES ('8074', 10, '8074_12');
INSERT INTO `collection` (id, serial, cardId) VALUES ('8074', 11, '8074_13');
INSERT INTO `collection` (id, serial, cardId) VALUES ('8074', 12, '8074_14');
INSERT INTO `collection` (id, serial, cardId) VALUES ('8074', 13, '8074_15');
INSERT INTO `collection` (id, serial, cardId) VALUES ('8074', 14, '8074_16');
INSERT INTO `collection` (id, serial, cardId) VALUES ('8074', 15, '8074_17');
INSERT INTO `collection` (id, serial, cardId) VALUES ('8074', 16, '8074_22');
INSERT INTO `collection` (id, serial, cardId) VALUES ('8074', 17, '8074_27');
INSERT INTO `collection` (id, serial, cardId) VALUES ('8074', 18, '8074_32');
INSERT INTO `collection` (id, serial, cardId) VALUES ('15403', 1, '15403_3');
INSERT INTO `collection` (id, serial, cardId) VALUES ('15403', 2, '15403_4');
INSERT INTO `collection` (id, serial, cardId) VALUES ('15403', 3, '15403_5');
INSERT INTO `collection` (id, serial, cardId) VALUES ('15403', 4, '15403_6');
INSERT INTO `collection` (id, serial, cardId) VALUES ('15403', 5, '15403_7');
INSERT INTO `collection` (id, serial, cardId) VALUES ('15403', 6, '15403_8');
INSERT INTO `collection` (id, serial, cardId) VALUES ('15403', 7, '15403_9');
INSERT INTO `collection` (id, serial, cardId) VALUES ('15403', 8, '15403_10');
INSERT INTO `collection` (id, serial, cardId) VALUES ('15403', 9, '15403_11');
INSERT INTO `collection` (id, serial, cardId) VALUES ('15403', 10, '15403_12');
INSERT INTO `collection` (id, serial, cardId) VALUES ('15403', 11, '15403_13');
INSERT INTO `collection` (id, serial, cardId) VALUES ('15403', 12, '15403_14');
INSERT INTO `collection` (id, serial, cardId) VALUES ('15403', 13, '15403_15');
INSERT INTO `collection` (id, serial, cardId) VALUES ('15403', 14, '15403_16');
INSERT INTO `collection` (id, serial, cardId) VALUES ('15403', 15, '15403_17');
INSERT INTO `collection` (id, serial, cardId) VALUES ('15403', 16, '15403_22');
INSERT INTO `collection` (id, serial, cardId) VALUES ('15403', 17, '15403_27');
INSERT INTO `collection` (id, serial, cardId) VALUES ('15403', 18, '15403_32');
INSERT INTO `collection` (id, serial, cardId) VALUES ('18218', 1, '18218_3');
INSERT INTO `collection` (id, serial, cardId) VALUES ('18218', 2, '18218_4');
INSERT INTO `collection` (id, serial, cardId) VALUES ('18218', 3, '18218_5');
INSERT INTO `collection` (id, serial, cardId) VALUES ('18218', 4, '18218_6');
INSERT INTO `collection` (id, serial, cardId) VALUES ('18218', 5, '18218_7');
INSERT INTO `collection` (id, serial, cardId) VALUES ('18218', 6, '18218_8');
INSERT INTO `collection` (id, serial, cardId) VALUES ('18218', 7, '18218_9');
INSERT INTO `collection` (id, serial, cardId) VALUES ('18218', 8, '18218_10');
INSERT INTO `collection` (id, serial, cardId) VALUES ('18218', 9, '18218_11');
INSERT INTO `collection` (id, serial, cardId) VALUES ('18218', 10, '18218_12');
INSERT INTO `collection` (id, serial, cardId) VALUES ('18218', 11, '18218_13');
INSERT INTO `collection` (id, serial, cardId) VALUES ('18218', 12, '18218_14');
INSERT INTO `collection` (id, serial, cardId) VALUES ('18218', 13, '18218_15');
INSERT INTO `collection` (id, serial, cardId) VALUES ('18218', 14, '18218_16');
INSERT INTO `collection` (id, serial, cardId) VALUES ('18218', 15, '18218_17');
INSERT INTO `collection` (id, serial, cardId) VALUES ('18218', 16, '18218_18');
INSERT INTO `collection` (id, serial, cardId) VALUES ('18218', 17, '18218_21');
INSERT INTO `collection` (id, serial, cardId) VALUES ('18218', 18, '18218_28');
INSERT INTO `collection` (id, serial, cardId) VALUES ('18218', 19, '18218_33');
INSERT INTO `collection` (id, serial, cardId) VALUES ('12925', 1, '12925_3');
INSERT INTO `collection` (id, serial, cardId) VALUES ('12925', 2, '12925_4');
INSERT INTO `collection` (id, serial, cardId) VALUES ('12925', 3, '12925_5');
INSERT INTO `collection` (id, serial, cardId) VALUES ('12925', 4, '12925_6');
INSERT INTO `collection` (id, serial, cardId) VALUES ('12925', 5, '12925_7');
INSERT INTO `collection` (id, serial, cardId) VALUES ('12925', 6, '12925_8');
INSERT INTO `collection` (id, serial, cardId) VALUES ('12925', 7, '12925_9');
INSERT INTO `collection` (id, serial, cardId) VALUES ('12925', 8, '12925_10');
INSERT INTO `collection` (id, serial, cardId) VALUES ('12925', 9, '12925_11');
INSERT INTO `collection` (id, serial, cardId) VALUES ('12925', 10, '12925_12');
INSERT INTO `collection` (id, serial, cardId) VALUES ('12925', 11, '12925_13');
INSERT INTO `collection` (id, serial, cardId) VALUES ('12925', 12, '12925_14');
INSERT INTO `collection` (id, serial, cardId) VALUES ('12925', 13, '12925_15');
INSERT INTO `collection` (id, serial, cardId) VALUES ('12925', 14, '12925_16');
INSERT INTO `collection` (id, serial, cardId) VALUES ('12925', 15, '12925_17');
INSERT INTO `collection` (id, serial, cardId) VALUES ('12925', 16, '12925_18');
INSERT INTO `collection` (id, serial, cardId) VALUES ('12925', 17, '12925_19');
INSERT INTO `collection` (id, serial, cardId) VALUES ('12925', 18, '12925_20');
INSERT INTO `collection` (id, serial, cardId) VALUES ('12925', 19, '12925_21');
INSERT INTO `collection` (id, serial, cardId) VALUES ('12925', 20, '12925_26');
INSERT INTO `collection` (id, serial, cardId) VALUES ('12925', 21, '12925_29');
INSERT INTO `collection` (id, serial, cardId) VALUES ('12925', 22, '12925_34');
INSERT INTO `collection` (id, serial, cardId) VALUES ('10555', 1, '10555_3');
INSERT INTO `collection` (id, serial, cardId) VALUES ('10555', 2, '10555_4');
INSERT INTO `collection` (id, serial, cardId) VALUES ('10555', 3, '10555_5');
INSERT INTO `collection` (id, serial, cardId) VALUES ('10555', 4, '10555_6');
INSERT INTO `collection` (id, serial, cardId) VALUES ('10555', 5, '10555_7');
INSERT INTO `collection` (id, serial, cardId) VALUES ('10555', 6, '10555_8');
INSERT INTO `collection` (id, serial, cardId) VALUES ('10555', 7, '10555_9');
INSERT INTO `collection` (id, serial, cardId) VALUES ('10555', 8, '10555_10');
INSERT INTO `collection` (id, serial, cardId) VALUES ('10555', 9, '10555_11');
INSERT INTO `collection` (id, serial, cardId) VALUES ('10555', 10, '10555_12');
INSERT INTO `collection` (id, serial, cardId) VALUES ('10555', 11, '10555_13');
INSERT INTO `collection` (id, serial, cardId) VALUES ('10555', 12, '10555_18');
INSERT INTO `collection` (id, serial, cardId) VALUES ('10555', 13, '10555_21');
INSERT INTO `collection` (id, serial, cardId) VALUES ('10555', 14, '10555_26');
INSERT INTO `collection` (id, serial, cardId) VALUES ('19094', 1, '19094_3');
INSERT INTO `collection` (id, serial, cardId) VALUES ('19094', 2, '19094_4');
INSERT INTO `collection` (id, serial, cardId) VALUES ('19094', 3, '19094_5');
INSERT INTO `collection` (id, serial, cardId) VALUES ('19094', 4, '19094_6');
INSERT INTO `collection` (id, serial, cardId) VALUES ('19094', 5, '19094_7');
INSERT INTO `collection` (id, serial, cardId) VALUES ('19094', 6, '19094_8');
INSERT INTO `collection` (id, serial, cardId) VALUES ('19094', 7, '19094_9');
INSERT INTO `collection` (id, serial, cardId) VALUES ('19094', 8, '19094_10');
INSERT INTO `collection` (id, serial, cardId) VALUES ('19094', 9, '19094_11');
INSERT INTO `collection` (id, serial, cardId) VALUES ('19094', 10, '19094_12');
INSERT INTO `collection` (id, serial, cardId) VALUES ('19094', 11, '19094_13');
INSERT INTO `collection` (id, serial, cardId) VALUES ('19094', 12, '19094_14');
INSERT INTO `collection` (id, serial, cardId) VALUES ('19094', 13, '19094_15');
INSERT INTO `collection` (id, serial, cardId) VALUES ('19094', 14, '19094_16');
INSERT INTO `collection` (id, serial, cardId) VALUES ('19094', 15, '19094_17');
INSERT INTO `collection` (id, serial, cardId) VALUES ('19094', 16, '19094_22');
INSERT INTO `collection` (id, serial, cardId) VALUES ('19094', 17, '19094_31');
INSERT INTO `collection` (id, serial, cardId) VALUES ('19094', 18, '19094_36');
INSERT INTO `collection` (id, serial, cardId) VALUES ('15862', 1, '15862_3');
INSERT INTO `collection` (id, serial, cardId) VALUES ('15862', 2, '15862_4');
INSERT INTO `collection` (id, serial, cardId) VALUES ('15862', 3, '15862_5');
INSERT INTO `collection` (id, serial, cardId) VALUES ('15862', 4, '15862_6');
INSERT INTO `collection` (id, serial, cardId) VALUES ('15862', 5, '15862_7');
INSERT INTO `collection` (id, serial, cardId) VALUES ('15862', 6, '15862_8');
INSERT INTO `collection` (id, serial, cardId) VALUES ('15862', 7, '15862_9');
INSERT INTO `collection` (id, serial, cardId) VALUES ('15862', 8, '15862_10');
INSERT INTO `collection` (id, serial, cardId) VALUES ('15862', 9, '15862_11');
INSERT INTO `collection` (id, serial, cardId) VALUES ('15862', 10, '15862_12');
INSERT INTO `collection` (id, serial, cardId) VALUES ('15862', 11, '15862_13');
INSERT INTO `collection` (id, serial, cardId) VALUES ('15862', 12, '15862_14');
INSERT INTO `collection` (id, serial, cardId) VALUES ('15862', 13, '15862_15');
INSERT INTO `collection` (id, serial, cardId) VALUES ('15862', 14, '15862_16');
INSERT INTO `collection` (id, serial, cardId) VALUES ('15862', 15, '15862_17');
INSERT INTO `collection` (id, serial, cardId) VALUES ('15862', 16, '15862_22');
INSERT INTO `collection` (id, serial, cardId) VALUES ('15862', 17, '15862_25');
INSERT INTO `collection` (id, serial, cardId) VALUES ('15862', 18, '15862_30');
INSERT INTO `collection` (id, serial, cardId) VALUES ('22560', 1, '22560_3');
INSERT INTO `collection` (id, serial, cardId) VALUES ('22560', 2, '22560_4');
INSERT INTO `collection` (id, serial, cardId) VALUES ('22560', 3, '22560_5');
INSERT INTO `collection` (id, serial, cardId) VALUES ('22560', 4, '22560_6');
INSERT INTO `collection` (id, serial, cardId) VALUES ('22560', 5, '22560_7');
INSERT INTO `collection` (id, serial, cardId) VALUES ('22560', 6, '22560_8');
INSERT INTO `collection` (id, serial, cardId) VALUES ('22560', 7, '22560_9');
INSERT INTO `collection` (id, serial, cardId) VALUES ('22560', 8, '22560_10');
INSERT INTO `collection` (id, serial, cardId) VALUES ('22560', 9, '22560_11');
INSERT INTO `collection` (id, serial, cardId) VALUES ('22560', 10, '22560_12');
INSERT INTO `collection` (id, serial, cardId) VALUES ('22560', 11, '22560_13');
INSERT INTO `collection` (id, serial, cardId) VALUES ('22560', 12, '22560_14');
INSERT INTO `collection` (id, serial, cardId) VALUES ('22560', 13, '22560_15');
INSERT INTO `collection` (id, serial, cardId) VALUES ('22560', 14, '22560_16');
INSERT INTO `collection` (id, serial, cardId) VALUES ('22560', 15, '22560_17');
INSERT INTO `collection` (id, serial, cardId) VALUES ('22560', 16, '22560_22');
INSERT INTO `collection` (id, serial, cardId) VALUES ('22560', 17, '22560_27');
INSERT INTO `collection` (id, serial, cardId) VALUES ('23908', 1, '23908_3');
INSERT INTO `collection` (id, serial, cardId) VALUES ('23908', 2, '23908_4');
INSERT INTO `collection` (id, serial, cardId) VALUES ('23908', 3, '23908_5');
INSERT INTO `collection` (id, serial, cardId) VALUES ('23908', 4, '23908_6');
INSERT INTO `collection` (id, serial, cardId) VALUES ('23908', 5, '23908_7');
INSERT INTO `collection` (id, serial, cardId) VALUES ('23908', 6, '23908_8');
INSERT INTO `collection` (id, serial, cardId) VALUES ('23908', 7, '23908_9');
INSERT INTO `collection` (id, serial, cardId) VALUES ('23908', 8, '23908_10');
INSERT INTO `collection` (id, serial, cardId) VALUES ('23908', 9, '23908_11');
INSERT INTO `collection` (id, serial, cardId) VALUES ('23908', 10, '23908_12');
INSERT INTO `collection` (id, serial, cardId) VALUES ('23908', 11, '23908_13');
INSERT INTO `collection` (id, serial, cardId) VALUES ('23908', 12, '23908_14');
INSERT INTO `collection` (id, serial, cardId) VALUES ('23908', 13, '23908_15');
INSERT INTO `collection` (id, serial, cardId) VALUES ('23908', 14, '23908_20');
INSERT INTO `collection` (id, serial, cardId) VALUES ('23908', 15, '23908_25');
INSERT INTO `collection` (id, serial, cardId) VALUES ('1978', 1, '1978_3');
INSERT INTO `collection` (id, serial, cardId) VALUES ('1978', 2, '1978_4');
INSERT INTO `collection` (id, serial, cardId) VALUES ('1978', 3, '1978_5');
INSERT INTO `collection` (id, serial, cardId) VALUES ('1978', 4, '1978_6');
INSERT INTO `collection` (id, serial, cardId) VALUES ('1978', 5, '1978_7');
INSERT INTO `collection` (id, serial, cardId) VALUES ('1978', 6, '1978_8');
INSERT INTO `collection` (id, serial, cardId) VALUES ('1978', 7, '1978_9');
INSERT INTO `collection` (id, serial, cardId) VALUES ('1978', 8, '1978_10');
INSERT INTO `collection` (id, serial, cardId) VALUES ('1978', 9, '1978_11');
INSERT INTO `collection` (id, serial, cardId) VALUES ('1978', 10, '1978_12');
INSERT INTO `collection` (id, serial, cardId) VALUES ('1978', 11, '1978_13');
INSERT INTO `collection` (id, serial, cardId) VALUES ('1978', 12, '1978_14');
INSERT INTO `collection` (id, serial, cardId) VALUES ('1978', 13, '1978_15');
INSERT INTO `collection` (id, serial, cardId) VALUES ('1978', 14, '1978_16');
INSERT INTO `collection` (id, serial, cardId) VALUES ('1978', 15, '1978_17');
INSERT INTO `collection` (id, serial, cardId) VALUES ('1978', 16, '1978_22');
INSERT INTO `collection` (id, serial, cardId) VALUES ('1978', 17, '1978_29');
INSERT INTO `collection` (id, serial, cardId) VALUES ('2234', 1, '2234_3');
INSERT INTO `collection` (id, serial, cardId) VALUES ('2234', 2, '2234_4');
INSERT INTO `collection` (id, serial, cardId) VALUES ('2234', 3, '2234_5');
INSERT INTO `collection` (id, serial, cardId) VALUES ('2234', 4, '2234_6');
INSERT INTO `collection` (id, serial, cardId) VALUES ('2234', 5, '2234_7');
INSERT INTO `collection` (id, serial, cardId) VALUES ('2234', 6, '2234_8');
INSERT INTO `collection` (id, serial, cardId) VALUES ('2234', 7, '2234_9');
INSERT INTO `collection` (id, serial, cardId) VALUES ('2234', 8, '2234_10');
INSERT INTO `collection` (id, serial, cardId) VALUES ('2234', 9, '2234_11');
INSERT INTO `collection` (id, serial, cardId) VALUES ('2234', 10, '2234_16');
INSERT INTO `collection` (id, serial, cardId) VALUES ('2234', 11, '2234_19');
INSERT INTO `collection` (id, serial, cardId) VALUES ('22000', 1, '22000_3');
INSERT INTO `collection` (id, serial, cardId) VALUES ('22000', 2, '22000_4');
INSERT INTO `collection` (id, serial, cardId) VALUES ('22000', 3, '22000_5');
INSERT INTO `collection` (id, serial, cardId) VALUES ('22000', 4, '22000_6');
INSERT INTO `collection` (id, serial, cardId) VALUES ('22000', 5, '22000_7');
INSERT INTO `collection` (id, serial, cardId) VALUES ('22000', 6, '22000_8');
INSERT INTO `collection` (id, serial, cardId) VALUES ('22000', 7, '22000_9');
INSERT INTO `collection` (id, serial, cardId) VALUES ('22000', 8, '22000_10');
INSERT INTO `collection` (id, serial, cardId) VALUES ('22000', 9, '22000_11');
INSERT INTO `collection` (id, serial, cardId) VALUES ('22000', 10, '22000_12');
INSERT INTO `collection` (id, serial, cardId) VALUES ('22000', 11, '22000_13');
INSERT INTO `collection` (id, serial, cardId) VALUES ('22000', 12, '22000_14');
INSERT INTO `collection` (id, serial, cardId) VALUES ('22000', 13, '22000_15');
INSERT INTO `collection` (id, serial, cardId) VALUES ('22000', 14, '22000_16');
INSERT INTO `collection` (id, serial, cardId) VALUES ('22000', 15, '22000_21');
INSERT INTO `collection` (id, serial, cardId) VALUES ('22000', 16, '22000_26');
INSERT INTO `collection` (id, serial, cardId) VALUES ('21995', 1, '21995_3');
INSERT INTO `collection` (id, serial, cardId) VALUES ('21995', 2, '21995_4');
INSERT INTO `collection` (id, serial, cardId) VALUES ('21995', 3, '21995_5');
INSERT INTO `collection` (id, serial, cardId) VALUES ('21995', 4, '21995_6');
INSERT INTO `collection` (id, serial, cardId) VALUES ('21995', 5, '21995_7');
INSERT INTO `collection` (id, serial, cardId) VALUES ('21995', 6, '21995_8');
INSERT INTO `collection` (id, serial, cardId) VALUES ('21995', 7, '21995_9');
INSERT INTO `collection` (id, serial, cardId) VALUES ('21995', 8, '21995_10');
INSERT INTO `collection` (id, serial, cardId) VALUES ('21995', 9, '21995_11');
INSERT INTO `collection` (id, serial, cardId) VALUES ('21995', 10, '21995_12');
INSERT INTO `collection` (id, serial, cardId) VALUES ('21995', 11, '21995_13');
INSERT INTO `collection` (id, serial, cardId) VALUES ('21995', 12, '21995_14');
INSERT INTO `collection` (id, serial, cardId) VALUES ('21995', 13, '21995_15');
INSERT INTO `collection` (id, serial, cardId) VALUES ('21995', 14, '21995_16');
INSERT INTO `collection` (id, serial, cardId) VALUES ('21995', 15, '21995_17');
INSERT INTO `collection` (id, serial, cardId) VALUES ('21995', 16, '21995_22');
INSERT INTO `collection` (id, serial, cardId) VALUES ('21995', 17, '21995_27');
INSERT INTO `collection` (id, serial, cardId) VALUES ('22806', 1, '22806_3');
INSERT INTO `collection` (id, serial, cardId) VALUES ('22806', 2, '22806_4');
INSERT INTO `collection` (id, serial, cardId) VALUES ('22806', 3, '22806_5');
INSERT INTO `collection` (id, serial, cardId) VALUES ('22806', 4, '22806_6');
INSERT INTO `collection` (id, serial, cardId) VALUES ('22806', 5, '22806_7');
INSERT INTO `collection` (id, serial, cardId) VALUES ('22806', 6, '22806_8');
INSERT INTO `collection` (id, serial, cardId) VALUES ('22806', 7, '22806_9');
INSERT INTO `collection` (id, serial, cardId) VALUES ('22806', 8, '22806_10');
INSERT INTO `collection` (id, serial, cardId) VALUES ('22806', 9, '22806_11');
INSERT INTO `collection` (id, serial, cardId) VALUES ('22806', 10, '22806_12');
INSERT INTO `collection` (id, serial, cardId) VALUES ('22806', 11, '22806_13');
INSERT INTO `collection` (id, serial, cardId) VALUES ('22806', 12, '22806_18');
INSERT INTO `collection` (id, serial, cardId) VALUES ('22806', 13, '22806_21');
INSERT INTO `collection` (id, serial, cardId) VALUES ('22806', 14, '22806_26');
INSERT INTO `collection` (id, serial, cardId) VALUES ('21817', 1, '21817_3');
INSERT INTO `collection` (id, serial, cardId) VALUES ('21817', 2, '21817_4');
INSERT INTO `collection` (id, serial, cardId) VALUES ('21817', 3, '21817_5');
INSERT INTO `collection` (id, serial, cardId) VALUES ('21817', 4, '21817_6');
INSERT INTO `collection` (id, serial, cardId) VALUES ('21817', 5, '21817_7');
INSERT INTO `collection` (id, serial, cardId) VALUES ('21817', 6, '21817_8');
INSERT INTO `collection` (id, serial, cardId) VALUES ('21817', 7, '21817_9');
INSERT INTO `collection` (id, serial, cardId) VALUES ('21817', 8, '21817_10');
INSERT INTO `collection` (id, serial, cardId) VALUES ('21817', 9, '21817_11');
INSERT INTO `collection` (id, serial, cardId) VALUES ('21817', 10, '21817_12');
INSERT INTO `collection` (id, serial, cardId) VALUES ('21817', 11, '21817_13');
INSERT INTO `collection` (id, serial, cardId) VALUES ('21817', 12, '21817_14');
INSERT INTO `collection` (id, serial, cardId) VALUES ('21817', 13, '21817_15');
INSERT INTO `collection` (id, serial, cardId) VALUES ('21817', 14, '21817_16');
INSERT INTO `collection` (id, serial, cardId) VALUES ('21817', 15, '21817_17');
INSERT INTO `collection` (id, serial, cardId) VALUES ('21817', 16, '21817_22');
INSERT INTO `collection` (id, serial, cardId) VALUES ('21817', 17, '21817_25');
INSERT INTO `collection` (id, serial, cardId) VALUES ('24734', 1, '24734_3');
INSERT INTO `collection` (id, serial, cardId) VALUES ('24734', 2, '24734_4');
INSERT INTO `collection` (id, serial, cardId) VALUES ('24734', 3, '24734_5');
INSERT INTO `collection` (id, serial, cardId) VALUES ('24734', 4, '24734_6');
INSERT INTO `collection` (id, serial, cardId) VALUES ('24734', 5, '24734_7');
INSERT INTO `collection` (id, serial, cardId) VALUES ('24734', 6, '24734_8');
INSERT INTO `collection` (id, serial, cardId) VALUES ('24734', 7, '24734_9');
INSERT INTO `collection` (id, serial, cardId) VALUES ('24734', 8, '24734_10');
INSERT INTO `collection` (id, serial, cardId) VALUES ('24734', 9, '24734_11');
INSERT INTO `collection` (id, serial, cardId) VALUES ('24734', 10, '24734_12');
INSERT INTO `collection` (id, serial, cardId) VALUES ('24734', 11, '24734_13');
INSERT INTO `collection` (id, serial, cardId) VALUES ('24734', 12, '24734_14');
INSERT INTO `collection` (id, serial, cardId) VALUES ('24734', 13, '24734_15');
INSERT INTO `collection` (id, serial, cardId) VALUES ('24734', 14, '24734_16');
INSERT INTO `collection` (id, serial, cardId) VALUES ('24734', 15, '24734_17');
INSERT INTO `collection` (id, serial, cardId) VALUES ('24734', 16, '24734_20');
INSERT INTO `collection` (id, serial, cardId) VALUES ('24734', 17, '24734_23');
INSERT INTO `collection` (id, serial, cardId) VALUES ('24734', 18, '24734_28');
INSERT INTO `collection` (id, serial, cardId) VALUES ('30269', 1, '30269_3');
INSERT INTO `collection` (id, serial, cardId) VALUES ('30269', 2, '30269_4');
INSERT INTO `collection` (id, serial, cardId) VALUES ('30269', 3, '30269_5');
INSERT INTO `collection` (id, serial, cardId) VALUES ('30269', 4, '30269_6');
INSERT INTO `collection` (id, serial, cardId) VALUES ('30269', 5, '30269_7');
INSERT INTO `collection` (id, serial, cardId) VALUES ('30269', 6, '30269_8');
INSERT INTO `collection` (id, serial, cardId) VALUES ('30269', 7, '30269_9');
INSERT INTO `collection` (id, serial, cardId) VALUES ('30269', 8, '30269_10');
INSERT INTO `collection` (id, serial, cardId) VALUES ('30269', 9, '30269_11');
INSERT INTO `collection` (id, serial, cardId) VALUES ('30269', 10, '30269_12');
INSERT INTO `collection` (id, serial, cardId) VALUES ('30269', 12, '30269_14');
INSERT INTO `collection` (id, serial, cardId) VALUES ('30269', 13, '30269_15');
INSERT INTO `collection` (id, serial, cardId) VALUES ('30269', 14, '30269_16');
INSERT INTO `collection` (id, serial, cardId) VALUES ('30269', 15, '30269_21');
INSERT INTO `collection` (id, serial, cardId) VALUES ('30269', 16, '30269_28');
INSERT INTO `collection` (id, serial, cardId) VALUES ('31354', 1, '31354_3');
INSERT INTO `collection` (id, serial, cardId) VALUES ('31354', 2, '31354_4');
INSERT INTO `collection` (id, serial, cardId) VALUES ('31354', 3, '31354_5');
INSERT INTO `collection` (id, serial, cardId) VALUES ('31354', 4, '31354_6');
INSERT INTO `collection` (id, serial, cardId) VALUES ('31354', 5, '31354_7');
INSERT INTO `collection` (id, serial, cardId) VALUES ('31354', 6, '31354_8');
INSERT INTO `collection` (id, serial, cardId) VALUES ('31354', 7, '31354_9');
INSERT INTO `collection` (id, serial, cardId) VALUES ('31354', 8, '31354_10');
INSERT INTO `collection` (id, serial, cardId) VALUES ('31354', 9, '31354_11');
INSERT INTO `collection` (id, serial, cardId) VALUES ('31354', 10, '31354_12');
INSERT INTO `collection` (id, serial, cardId) VALUES ('31354', 11, '31354_13');
INSERT INTO `collection` (id, serial, cardId) VALUES ('31354', 12, '31354_14');
INSERT INTO `collection` (id, serial, cardId) VALUES ('31354', 13, '31354_15');
INSERT INTO `collection` (id, serial, cardId) VALUES ('31354', 14, '31354_22');
INSERT INTO `collection` (id, serial, cardId) VALUES ('31354', 15, '31354_31');
INSERT INTO `collection` (id, serial, cardId) VALUES ('21143', 1, '21143_3');
INSERT INTO `collection` (id, serial, cardId) VALUES ('21143', 2, '21143_4');
INSERT INTO `collection` (id, serial, cardId) VALUES ('21143', 3, '21143_5');
INSERT INTO `collection` (id, serial, cardId) VALUES ('21143', 4, '21143_6');
INSERT INTO `collection` (id, serial, cardId) VALUES ('21143', 6, '21143_8');
INSERT INTO `collection` (id, serial, cardId) VALUES ('21143', 7, '21143_9');
INSERT INTO `collection` (id, serial, cardId) VALUES ('21143', 8, '21143_14');
INSERT INTO `collection` (id, serial, cardId) VALUES ('21143', 9, '21143_19');
INSERT INTO `collection` (id, serial, cardId) VALUES ('2830', 1, '2830_3');
INSERT INTO `collection` (id, serial, cardId) VALUES ('2830', 2, '2830_4');
INSERT INTO `collection` (id, serial, cardId) VALUES ('2830', 3, '2830_5');
INSERT INTO `collection` (id, serial, cardId) VALUES ('2830', 4, '2830_6');
INSERT INTO `collection` (id, serial, cardId) VALUES ('2830', 5, '2830_7');
INSERT INTO `collection` (id, serial, cardId) VALUES ('2830', 6, '2830_8');
INSERT INTO `collection` (id, serial, cardId) VALUES ('2830', 7, '2830_9');
INSERT INTO `collection` (id, serial, cardId) VALUES ('2830', 8, '2830_10');
INSERT INTO `collection` (id, serial, cardId) VALUES ('2830', 9, '2830_11');
INSERT INTO `collection` (id, serial, cardId) VALUES ('2830', 10, '2830_12');
INSERT INTO `collection` (id, serial, cardId) VALUES ('2830', 11, '2830_13');
INSERT INTO `collection` (id, serial, cardId) VALUES ('2830', 12, '2830_14');
INSERT INTO `collection` (id, serial, cardId) VALUES ('2830', 13, '2830_15');
INSERT INTO `collection` (id, serial, cardId) VALUES ('2830', 14, '2830_16');
INSERT INTO `collection` (id, serial, cardId) VALUES ('2830', 15, '2830_24');
INSERT INTO `collection` (id, serial, cardId) VALUES ('2830', 16, '2830_27');
INSERT INTO `collection` (id, serial, cardId) VALUES ('2830', 17, '2830_30');
INSERT INTO `collection` (id, serial, cardId) VALUES ('2912', 1, '2912_3');
INSERT INTO `collection` (id, serial, cardId) VALUES ('2912', 2, '2912_4');
INSERT INTO `collection` (id, serial, cardId) VALUES ('2912', 3, '2912_5');
INSERT INTO `collection` (id, serial, cardId) VALUES ('2912', 4, '2912_6');
INSERT INTO `collection` (id, serial, cardId) VALUES ('2912', 5, '2912_7');
INSERT INTO `collection` (id, serial, cardId) VALUES ('2912', 6, '2912_8');
INSERT INTO `collection` (id, serial, cardId) VALUES ('2912', 7, '2912_9');
INSERT INTO `collection` (id, serial, cardId) VALUES ('2912', 8, '2912_10');
INSERT INTO `collection` (id, serial, cardId) VALUES ('2912', 9, '2912_11');
INSERT INTO `collection` (id, serial, cardId) VALUES ('2912', 10, '2912_12');
INSERT INTO `collection` (id, serial, cardId) VALUES ('2912', 11, '2912_13');
INSERT INTO `collection` (id, serial, cardId) VALUES ('2912', 12, '2912_18');
INSERT INTO `collection` (id, serial, cardId) VALUES ('2912', 13, '2912_21');
INSERT INTO `collection` (id, serial, cardId) VALUES ('2526', 1, '2526_3');
INSERT INTO `collection` (id, serial, cardId) VALUES ('2526', 2, '2526_4');
INSERT INTO `collection` (id, serial, cardId) VALUES ('2526', 3, '2526_5');
INSERT INTO `collection` (id, serial, cardId) VALUES ('2526', 4, '2526_6');
INSERT INTO `collection` (id, serial, cardId) VALUES ('2526', 5, '2526_7');
INSERT INTO `collection` (id, serial, cardId) VALUES ('2526', 6, '2526_8');
INSERT INTO `collection` (id, serial, cardId) VALUES ('2526', 7, '2526_9');
INSERT INTO `collection` (id, serial, cardId) VALUES ('2526', 8, '2526_10');
INSERT INTO `collection` (id, serial, cardId) VALUES ('2526', 9, '2526_11');
INSERT INTO `collection` (id, serial, cardId) VALUES ('2526', 10, '2526_12');
INSERT INTO `collection` (id, serial, cardId) VALUES ('2526', 11, '2526_13');
INSERT INTO `collection` (id, serial, cardId) VALUES ('2526', 12, '2526_14');
INSERT INTO `collection` (id, serial, cardId) VALUES ('2526', 13, '2526_15');
INSERT INTO `collection` (id, serial, cardId) VALUES ('2526', 14, '2526_16');
INSERT INTO `collection` (id, serial, cardId) VALUES ('2526', 15, '2526_17');
INSERT INTO `collection` (id, serial, cardId) VALUES ('2526', 16, '2526_18');
INSERT INTO `collection` (id, serial, cardId) VALUES ('2526', 17, '2526_19');
INSERT INTO `collection` (id, serial, cardId) VALUES ('2526', 18, '2526_20');
INSERT INTO `collection` (id, serial, cardId) VALUES ('2526', 19, '2526_21');
INSERT INTO `collection` (id, serial, cardId) VALUES ('2526', 20, '2526_22');
INSERT INTO `collection` (id, serial, cardId) VALUES ('2526', 21, '2526_23');
INSERT INTO `collection` (id, serial, cardId) VALUES ('2526', 22, '2526_28');
INSERT INTO `collection` (id, serial, cardId) VALUES ('2526', 23, '2526_31');
INSERT INTO `collection` (id, serial, cardId) VALUES ('12428', 1, '12428_3');
INSERT INTO `collection` (id, serial, cardId) VALUES ('12428', 2, '12428_4');
INSERT INTO `collection` (id, serial, cardId) VALUES ('12428', 3, '12428_5');
INSERT INTO `collection` (id, serial, cardId) VALUES ('12428', 4, '12428_6');
INSERT INTO `collection` (id, serial, cardId) VALUES ('12428', 5, '12428_7');
INSERT INTO `collection` (id, serial, cardId) VALUES ('12428', 6, '12428_8');
INSERT INTO `collection` (id, serial, cardId) VALUES ('12428', 7, '12428_9');
INSERT INTO `collection` (id, serial, cardId) VALUES ('12428', 8, '12428_10');
INSERT INTO `collection` (id, serial, cardId) VALUES ('12428', 9, '12428_11');
INSERT INTO `collection` (id, serial, cardId) VALUES ('12428', 10, '12428_12');
INSERT INTO `collection` (id, serial, cardId) VALUES ('12428', 11, '12428_13');
INSERT INTO `collection` (id, serial, cardId) VALUES ('12428', 12, '12428_14');
INSERT INTO `collection` (id, serial, cardId) VALUES ('12428', 13, '12428_15');
INSERT INTO `collection` (id, serial, cardId) VALUES ('12428', 14, '12428_16');
INSERT INTO `collection` (id, serial, cardId) VALUES ('12428', 15, '12428_17');
INSERT INTO `collection` (id, serial, cardId) VALUES ('12428', 16, '12428_18');
INSERT INTO `collection` (id, serial, cardId) VALUES ('12428', 17, '12428_19');
INSERT INTO `collection` (id, serial, cardId) VALUES ('12428', 18, '12428_20');
INSERT INTO `collection` (id, serial, cardId) VALUES ('12428', 19, '12428_21');
INSERT INTO `collection` (id, serial, cardId) VALUES ('12428', 20, '12428_26');
INSERT INTO `collection` (id, serial, cardId) VALUES ('12428', 21, '12428_31');
INSERT INTO `collection` (id, serial, cardId) VALUES ('14419', 1, '14419_3');
INSERT INTO `collection` (id, serial, cardId) VALUES ('14419', 2, '14419_4');
INSERT INTO `collection` (id, serial, cardId) VALUES ('14419', 3, '14419_5');
INSERT INTO `collection` (id, serial, cardId) VALUES ('14419', 4, '14419_6');
INSERT INTO `collection` (id, serial, cardId) VALUES ('14419', 5, '14419_7');
INSERT INTO `collection` (id, serial, cardId) VALUES ('14419', 6, '14419_8');
INSERT INTO `collection` (id, serial, cardId) VALUES ('14419', 7, '14419_9');
INSERT INTO `collection` (id, serial, cardId) VALUES ('14419', 8, '14419_10');
INSERT INTO `collection` (id, serial, cardId) VALUES ('14419', 9, '14419_11');
INSERT INTO `collection` (id, serial, cardId) VALUES ('14419', 10, '14419_12');
INSERT INTO `collection` (id, serial, cardId) VALUES ('14419', 11, '14419_13');
INSERT INTO `collection` (id, serial, cardId) VALUES ('14419', 12, '14419_14');
INSERT INTO `collection` (id, serial, cardId) VALUES ('14419', 13, '14419_15');
INSERT INTO `collection` (id, serial, cardId) VALUES ('14419', 14, '14419_16');
INSERT INTO `collection` (id, serial, cardId) VALUES ('14419', 15, '14419_17');
INSERT INTO `collection` (id, serial, cardId) VALUES ('14419', 16, '14419_22');
INSERT INTO `collection` (id, serial, cardId) VALUES ('14419', 17, '14419_31');
INSERT INTO `collection` (id, serial, cardId) VALUES ('21610', 1, '21610_3');
INSERT INTO `collection` (id, serial, cardId) VALUES ('21610', 2, '21610_4');
INSERT INTO `collection` (id, serial, cardId) VALUES ('21610', 3, '21610_5');
INSERT INTO `collection` (id, serial, cardId) VALUES ('21610', 4, '21610_6');
INSERT INTO `collection` (id, serial, cardId) VALUES ('21610', 5, '21610_7');
INSERT INTO `collection` (id, serial, cardId) VALUES ('21610', 6, '21610_8');
INSERT INTO `collection` (id, serial, cardId) VALUES ('21610', 7, '21610_9');
INSERT INTO `collection` (id, serial, cardId) VALUES ('21610', 8, '21610_10');
INSERT INTO `collection` (id, serial, cardId) VALUES ('21610', 9, '21610_11');
INSERT INTO `collection` (id, serial, cardId) VALUES ('21610', 10, '21610_12');
INSERT INTO `collection` (id, serial, cardId) VALUES ('21610', 11, '21610_13');
INSERT INTO `collection` (id, serial, cardId) VALUES ('21610', 12, '21610_14');
INSERT INTO `collection` (id, serial, cardId) VALUES ('21610', 13, '21610_15');
INSERT INTO `collection` (id, serial, cardId) VALUES ('21610', 14, '21610_16');
INSERT INTO `collection` (id, serial, cardId) VALUES ('21610', 15, '21610_17');
INSERT INTO `collection` (id, serial, cardId) VALUES ('21610', 16, '21610_18');
INSERT INTO `collection` (id, serial, cardId) VALUES ('21610', 17, '21610_23');
INSERT INTO `collection` (id, serial, cardId) VALUES ('21610', 18, '21610_26');
INSERT INTO `collection` (id, serial, cardId) VALUES ('31503', 1, '31503_3');
INSERT INTO `collection` (id, serial, cardId) VALUES ('31503', 2, '31503_4');
INSERT INTO `collection` (id, serial, cardId) VALUES ('31503', 3, '31503_5');
INSERT INTO `collection` (id, serial, cardId) VALUES ('31503', 4, '31503_6');
INSERT INTO `collection` (id, serial, cardId) VALUES ('31503', 5, '31503_7');
INSERT INTO `collection` (id, serial, cardId) VALUES ('31503', 6, '31503_8');
INSERT INTO `collection` (id, serial, cardId) VALUES ('31503', 7, '31503_9');
INSERT INTO `collection` (id, serial, cardId) VALUES ('31503', 8, '31503_10');
INSERT INTO `collection` (id, serial, cardId) VALUES ('31503', 9, '31503_11');
INSERT INTO `collection` (id, serial, cardId) VALUES ('31503', 10, '31503_12');
INSERT INTO `collection` (id, serial, cardId) VALUES ('31503', 11, '31503_13');
INSERT INTO `collection` (id, serial, cardId) VALUES ('31503', 12, '31503_14');
INSERT INTO `collection` (id, serial, cardId) VALUES ('31503', 13, '31503_15');
INSERT INTO `collection` (id, serial, cardId) VALUES ('31503', 14, '31503_16');
INSERT INTO `collection` (id, serial, cardId) VALUES ('31503', 15, '31503_21');
INSERT INTO `collection` (id, serial, cardId) VALUES ('31503', 16, '31503_24');
INSERT INTO `collection` (id, serial, cardId) VALUES ('19110', 1, '19110_3');
INSERT INTO `collection` (id, serial, cardId) VALUES ('19110', 2, '19110_4');
INSERT INTO `collection` (id, serial, cardId) VALUES ('19110', 3, '19110_5');
INSERT INTO `collection` (id, serial, cardId) VALUES ('19110', 4, '19110_6');
INSERT INTO `collection` (id, serial, cardId) VALUES ('19110', 5, '19110_7');
INSERT INTO `collection` (id, serial, cardId) VALUES ('19110', 6, '19110_8');
INSERT INTO `collection` (id, serial, cardId) VALUES ('19110', 7, '19110_9');
INSERT INTO `collection` (id, serial, cardId) VALUES ('19110', 8, '19110_10');
INSERT INTO `collection` (id, serial, cardId) VALUES ('19110', 9, '19110_11');
INSERT INTO `collection` (id, serial, cardId) VALUES ('19110', 10, '19110_12');
INSERT INTO `collection` (id, serial, cardId) VALUES ('19110', 11, '19110_13');
INSERT INTO `collection` (id, serial, cardId) VALUES ('19110', 12, '19110_14');
INSERT INTO `collection` (id, serial, cardId) VALUES ('19110', 13, '19110_15');
INSERT INTO `collection` (id, serial, cardId) VALUES ('19110', 14, '19110_16');
INSERT INTO `collection` (id, serial, cardId) VALUES ('19110', 15, '19110_17');
INSERT INTO `collection` (id, serial, cardId) VALUES ('19110', 16, '19110_20');
INSERT INTO `collection` (id, serial, cardId) VALUES ('19110', 17, '19110_25');
INSERT INTO `collection` (id, serial, cardId) VALUES ('20431', 1, '20431_3');
INSERT INTO `collection` (id, serial, cardId) VALUES ('20431', 2, '20431_4');
INSERT INTO `collection` (id, serial, cardId) VALUES ('20431', 3, '20431_5');
INSERT INTO `collection` (id, serial, cardId) VALUES ('20431', 4, '20431_6');
INSERT INTO `collection` (id, serial, cardId) VALUES ('20431', 5, '20431_7');
INSERT INTO `collection` (id, serial, cardId) VALUES ('20431', 6, '20431_8');
INSERT INTO `collection` (id, serial, cardId) VALUES ('20431', 7, '20431_9');
INSERT INTO `collection` (id, serial, cardId) VALUES ('20431', 8, '20431_10');
INSERT INTO `collection` (id, serial, cardId) VALUES ('20431', 9, '20431_11');
INSERT INTO `collection` (id, serial, cardId) VALUES ('20431', 10, '20431_12');
INSERT INTO `collection` (id, serial, cardId) VALUES ('20431', 11, '20431_13');
INSERT INTO `collection` (id, serial, cardId) VALUES ('20431', 12, '20431_14');
INSERT INTO `collection` (id, serial, cardId) VALUES ('20431', 13, '20431_15');
INSERT INTO `collection` (id, serial, cardId) VALUES ('20431', 14, '20431_16');
INSERT INTO `collection` (id, serial, cardId) VALUES ('20431', 15, '20431_17');
INSERT INTO `collection` (id, serial, cardId) VALUES ('20431', 16, '20431_22');
INSERT INTO `collection` (id, serial, cardId) VALUES ('20431', 17, '20431_25');
INSERT INTO `collection` (id, serial, cardId) VALUES ('12899', 1, '12899_3');
INSERT INTO `collection` (id, serial, cardId) VALUES ('12899', 2, '12899_4');
INSERT INTO `collection` (id, serial, cardId) VALUES ('12899', 3, '12899_5');
INSERT INTO `collection` (id, serial, cardId) VALUES ('12899', 4, '12899_6');
INSERT INTO `collection` (id, serial, cardId) VALUES ('12899', 5, '12899_7');
INSERT INTO `collection` (id, serial, cardId) VALUES ('12899', 6, '12899_8');
INSERT INTO `collection` (id, serial, cardId) VALUES ('12899', 7, '12899_9');
INSERT INTO `collection` (id, serial, cardId) VALUES ('12899', 8, '12899_10');
INSERT INTO `collection` (id, serial, cardId) VALUES ('12899', 9, '12899_11');
INSERT INTO `collection` (id, serial, cardId) VALUES ('12899', 10, '12899_12');
INSERT INTO `collection` (id, serial, cardId) VALUES ('12899', 11, '12899_13');
INSERT INTO `collection` (id, serial, cardId) VALUES ('12899', 12, '12899_14');
INSERT INTO `collection` (id, serial, cardId) VALUES ('12899', 13, '12899_15');
INSERT INTO `collection` (id, serial, cardId) VALUES ('12899', 14, '12899_16');
INSERT INTO `collection` (id, serial, cardId) VALUES ('12899', 15, '12899_17');
INSERT INTO `collection` (id, serial, cardId) VALUES ('12899', 16, '12899_18');
INSERT INTO `collection` (id, serial, cardId) VALUES ('12899', 17, '12899_19');
INSERT INTO `collection` (id, serial, cardId) VALUES ('12899', 18, '12899_20');
INSERT INTO `collection` (id, serial, cardId) VALUES ('12899', 19, '12899_21');
INSERT INTO `collection` (id, serial, cardId) VALUES ('12899', 20, '12899_26');
INSERT INTO `collection` (id, serial, cardId) VALUES ('12899', 21, '12899_29');
INSERT INTO `collection` (id, serial, cardId) VALUES ('18417', 1, '18417_3');
INSERT INTO `collection` (id, serial, cardId) VALUES ('18417', 2, '18417_4');
INSERT INTO `collection` (id, serial, cardId) VALUES ('18417', 3, '18417_5');
INSERT INTO `collection` (id, serial, cardId) VALUES ('18417', 4, '18417_6');
INSERT INTO `collection` (id, serial, cardId) VALUES ('18417', 5, '18417_7');
INSERT INTO `collection` (id, serial, cardId) VALUES ('18417', 6, '18417_8');
INSERT INTO `collection` (id, serial, cardId) VALUES ('18417', 7, '18417_9');
INSERT INTO `collection` (id, serial, cardId) VALUES ('18417', 8, '18417_10');
INSERT INTO `collection` (id, serial, cardId) VALUES ('18417', 9, '18417_11');
INSERT INTO `collection` (id, serial, cardId) VALUES ('18417', 10, '18417_12');
INSERT INTO `collection` (id, serial, cardId) VALUES ('18417', 11, '18417_13');
INSERT INTO `collection` (id, serial, cardId) VALUES ('18417', 12, '18417_14');
INSERT INTO `collection` (id, serial, cardId) VALUES ('18417', 13, '18417_15');
INSERT INTO `collection` (id, serial, cardId) VALUES ('18417', 14, '18417_16');
INSERT INTO `collection` (id, serial, cardId) VALUES ('18417', 15, '18417_17');
INSERT INTO `collection` (id, serial, cardId) VALUES ('18417', 16, '18417_18');
INSERT INTO `collection` (id, serial, cardId) VALUES ('18417', 17, '18417_19');
INSERT INTO `collection` (id, serial, cardId) VALUES ('18417', 18, '18417_20');
INSERT INTO `collection` (id, serial, cardId) VALUES ('18417', 19, '18417_21');
INSERT INTO `collection` (id, serial, cardId) VALUES ('18417', 20, '18417_24');
INSERT INTO `collection` (id, serial, cardId) VALUES ('18417', 21, '18417_29');
INSERT INTO `collection` (id, serial, cardId) VALUES ('18417', 22, '18417_34');
INSERT INTO `collection` (id, serial, cardId) VALUES ('22084', 1, '22084_3');
INSERT INTO `collection` (id, serial, cardId) VALUES ('22084', 2, '22084_4');
INSERT INTO `collection` (id, serial, cardId) VALUES ('22084', 3, '22084_5');
INSERT INTO `collection` (id, serial, cardId) VALUES ('22084', 4, '22084_6');
INSERT INTO `collection` (id, serial, cardId) VALUES ('22084', 5, '22084_7');
INSERT INTO `collection` (id, serial, cardId) VALUES ('22084', 6, '22084_8');
INSERT INTO `collection` (id, serial, cardId) VALUES ('22084', 7, '22084_9');
INSERT INTO `collection` (id, serial, cardId) VALUES ('22084', 8, '22084_10');
INSERT INTO `collection` (id, serial, cardId) VALUES ('22084', 9, '22084_11');
INSERT INTO `collection` (id, serial, cardId) VALUES ('22084', 10, '22084_12');
INSERT INTO `collection` (id, serial, cardId) VALUES ('22084', 11, '22084_13');
INSERT INTO `collection` (id, serial, cardId) VALUES ('22084', 12, '22084_14');
INSERT INTO `collection` (id, serial, cardId) VALUES ('22084', 13, '22084_15');
INSERT INTO `collection` (id, serial, cardId) VALUES ('22084', 14, '22084_16');
INSERT INTO `collection` (id, serial, cardId) VALUES ('22084', 15, '22084_21');
INSERT INTO `collection` (id, serial, cardId) VALUES ('22084', 16, '22084_24');
INSERT INTO `collection` (id, serial, cardId) VALUES ('20434', 1, '20434_3');
INSERT INTO `collection` (id, serial, cardId) VALUES ('20434', 2, '20434_4');
INSERT INTO `collection` (id, serial, cardId) VALUES ('20434', 3, '20434_5');
INSERT INTO `collection` (id, serial, cardId) VALUES ('20434', 4, '20434_6');
INSERT INTO `collection` (id, serial, cardId) VALUES ('20434', 5, '20434_7');
INSERT INTO `collection` (id, serial, cardId) VALUES ('20434', 6, '20434_8');
INSERT INTO `collection` (id, serial, cardId) VALUES ('20434', 7, '20434_9');
INSERT INTO `collection` (id, serial, cardId) VALUES ('20434', 8, '20434_10');
INSERT INTO `collection` (id, serial, cardId) VALUES ('20434', 9, '20434_11');
INSERT INTO `collection` (id, serial, cardId) VALUES ('20434', 10, '20434_12');
INSERT INTO `collection` (id, serial, cardId) VALUES ('20434', 11, '20434_13');
INSERT INTO `collection` (id, serial, cardId) VALUES ('20434', 12, '20434_14');
INSERT INTO `collection` (id, serial, cardId) VALUES ('20434', 13, '20434_15');
INSERT INTO `collection` (id, serial, cardId) VALUES ('20434', 14, '20434_16');
INSERT INTO `collection` (id, serial, cardId) VALUES ('20434', 15, '20434_17');
INSERT INTO `collection` (id, serial, cardId) VALUES ('20434', 16, '20434_18');
INSERT INTO `collection` (id, serial, cardId) VALUES ('20434', 17, '20434_19');
INSERT INTO `collection` (id, serial, cardId) VALUES ('20434', 18, '20434_20');
INSERT INTO `collection` (id, serial, cardId) VALUES ('20434', 19, '20434_21');
INSERT INTO `collection` (id, serial, cardId) VALUES ('20434', 20, '20434_26');
INSERT INTO `collection` (id, serial, cardId) VALUES ('20434', 21, '20434_29');
INSERT INTO `collection` (id, serial, cardId) VALUES ('22086', 1, '22086_3');
INSERT INTO `collection` (id, serial, cardId) VALUES ('22086', 2, '22086_4');
INSERT INTO `collection` (id, serial, cardId) VALUES ('22086', 3, '22086_5');
INSERT INTO `collection` (id, serial, cardId) VALUES ('22086', 4, '22086_6');
INSERT INTO `collection` (id, serial, cardId) VALUES ('22086', 5, '22086_7');
INSERT INTO `collection` (id, serial, cardId) VALUES ('22086', 6, '22086_8');
INSERT INTO `collection` (id, serial, cardId) VALUES ('22086', 7, '22086_9');
INSERT INTO `collection` (id, serial, cardId) VALUES ('22086', 8, '22086_10');
INSERT INTO `collection` (id, serial, cardId) VALUES ('22086', 9, '22086_11');
INSERT INTO `collection` (id, serial, cardId) VALUES ('22086', 10, '22086_12');
INSERT INTO `collection` (id, serial, cardId) VALUES ('22086', 11, '22086_13');
INSERT INTO `collection` (id, serial, cardId) VALUES ('22086', 12, '22086_14');
INSERT INTO `collection` (id, serial, cardId) VALUES ('22086', 13, '22086_15');
INSERT INTO `collection` (id, serial, cardId) VALUES ('22086', 14, '22086_16');
INSERT INTO `collection` (id, serial, cardId) VALUES ('22086', 15, '22086_17');
INSERT INTO `collection` (id, serial, cardId) VALUES ('22086', 16, '22086_22');
INSERT INTO `collection` (id, serial, cardId) VALUES ('22086', 17, '22086_25');
INSERT INTO `collection` (id, serial, cardId) VALUES ('10680', 1, '10680_3');
INSERT INTO `collection` (id, serial, cardId) VALUES ('10680', 2, '10680_4');
INSERT INTO `collection` (id, serial, cardId) VALUES ('10680', 3, '10680_5');
INSERT INTO `collection` (id, serial, cardId) VALUES ('10680', 4, '10680_6');
INSERT INTO `collection` (id, serial, cardId) VALUES ('10680', 5, '10680_7');
INSERT INTO `collection` (id, serial, cardId) VALUES ('10680', 6, '10680_8');
INSERT INTO `collection` (id, serial, cardId) VALUES ('10680', 7, '10680_9');
INSERT INTO `collection` (id, serial, cardId) VALUES ('10680', 8, '10680_10');
INSERT INTO `collection` (id, serial, cardId) VALUES ('10680', 9, '10680_11');
INSERT INTO `collection` (id, serial, cardId) VALUES ('10680', 10, '10680_12');
INSERT INTO `collection` (id, serial, cardId) VALUES ('10680', 11, '10680_13');
INSERT INTO `collection` (id, serial, cardId) VALUES ('10680', 12, '10680_14');
INSERT INTO `collection` (id, serial, cardId) VALUES ('10680', 13, '10680_15');
INSERT INTO `collection` (id, serial, cardId) VALUES ('10680', 14, '10680_16');
INSERT INTO `collection` (id, serial, cardId) VALUES ('10680', 15, '10680_17');
INSERT INTO `collection` (id, serial, cardId) VALUES ('10680', 16, '10680_18');
INSERT INTO `collection` (id, serial, cardId) VALUES ('10680', 17, '10680_19');
INSERT INTO `collection` (id, serial, cardId) VALUES ('10680', 18, '10680_20');
INSERT INTO `collection` (id, serial, cardId) VALUES ('10680', 19, '10680_21');
INSERT INTO `collection` (id, serial, cardId) VALUES ('10680', 20, '10680_22');
INSERT INTO `collection` (id, serial, cardId) VALUES ('10680', 21, '10680_23');
INSERT INTO `collection` (id, serial, cardId) VALUES ('10680', 22, '10680_24');
INSERT INTO `collection` (id, serial, cardId) VALUES ('10680', 23, '10680_25');
INSERT INTO `collection` (id, serial, cardId) VALUES ('10680', 24, '10680_26');
INSERT INTO `collection` (id, serial, cardId) VALUES ('10680', 25, '10680_27');
INSERT INTO `collection` (id, serial, cardId) VALUES ('10680', 26, '10680_28');
INSERT INTO `collection` (id, serial, cardId) VALUES ('10680', 27, '10680_29');
INSERT INTO `collection` (id, serial, cardId) VALUES ('10680', 28, '10680_30');
INSERT INTO `collection` (id, serial, cardId) VALUES ('10680', 29, '10680_31');
INSERT INTO `collection` (id, serial, cardId) VALUES ('10680', 30, '10680_32');
INSERT INTO `collection` (id, serial, cardId) VALUES ('10680', 31, '10680_33');
INSERT INTO `collection` (id, serial, cardId) VALUES ('10680', 32, '10680_34');
INSERT INTO `collection` (id, serial, cardId) VALUES ('10680', 33, '10680_35');
INSERT INTO `collection` (id, serial, cardId) VALUES ('10680', 34, '10680_36');
INSERT INTO `collection` (id, serial, cardId) VALUES ('10680', 35, '10680_41');
INSERT INTO `collection` (id, serial, cardId) VALUES ('10680', 36, '10680_46');
INSERT INTO `collection` (id, serial, cardId) VALUES ('21445', 1, '21445_3');
INSERT INTO `collection` (id, serial, cardId) VALUES ('21445', 2, '21445_4');
INSERT INTO `collection` (id, serial, cardId) VALUES ('21445', 3, '21445_5');
INSERT INTO `collection` (id, serial, cardId) VALUES ('21445', 4, '21445_6');
INSERT INTO `collection` (id, serial, cardId) VALUES ('21445', 5, '21445_7');
INSERT INTO `collection` (id, serial, cardId) VALUES ('21445', 6, '21445_8');
INSERT INTO `collection` (id, serial, cardId) VALUES ('21445', 7, '21445_9');
INSERT INTO `collection` (id, serial, cardId) VALUES ('21445', 8, '21445_10');
INSERT INTO `collection` (id, serial, cardId) VALUES ('21445', 9, '21445_11');
INSERT INTO `collection` (id, serial, cardId) VALUES ('21445', 10, '21445_12');
INSERT INTO `collection` (id, serial, cardId) VALUES ('21445', 11, '21445_13');
INSERT INTO `collection` (id, serial, cardId) VALUES ('21445', 12, '21445_18');
INSERT INTO `collection` (id, serial, cardId) VALUES ('21445', 13, '21445_21');
INSERT INTO `collection` (id, serial, cardId) VALUES ('30807', 1, '30807_3');
INSERT INTO `collection` (id, serial, cardId) VALUES ('30807', 2, '30807_4');
INSERT INTO `collection` (id, serial, cardId) VALUES ('30807', 3, '30807_5');
INSERT INTO `collection` (id, serial, cardId) VALUES ('30807', 4, '30807_6');
INSERT INTO `collection` (id, serial, cardId) VALUES ('30807', 5, '30807_7');
INSERT INTO `collection` (id, serial, cardId) VALUES ('30807', 6, '30807_8');
INSERT INTO `collection` (id, serial, cardId) VALUES ('30807', 7, '30807_9');
INSERT INTO `collection` (id, serial, cardId) VALUES ('30807', 8, '30807_10');
INSERT INTO `collection` (id, serial, cardId) VALUES ('30807', 9, '30807_11');
INSERT INTO `collection` (id, serial, cardId) VALUES ('30807', 10, '30807_12');
INSERT INTO `collection` (id, serial, cardId) VALUES ('30807', 11, '30807_13');
INSERT INTO `collection` (id, serial, cardId) VALUES ('30807', 12, '30807_18');
INSERT INTO `collection` (id, serial, cardId) VALUES ('30807', 13, '30807_21');
INSERT INTO `collection` (id, serial, cardId) VALUES ('30271', 1, '30271_3');
INSERT INTO `collection` (id, serial, cardId) VALUES ('30271', 2, '30271_4');
INSERT INTO `collection` (id, serial, cardId) VALUES ('30271', 3, '30271_5');
INSERT INTO `collection` (id, serial, cardId) VALUES ('30271', 4, '30271_6');
INSERT INTO `collection` (id, serial, cardId) VALUES ('30271', 5, '30271_7');
INSERT INTO `collection` (id, serial, cardId) VALUES ('30271', 6, '30271_8');
INSERT INTO `collection` (id, serial, cardId) VALUES ('30271', 7, '30271_9');
INSERT INTO `collection` (id, serial, cardId) VALUES ('30271', 8, '30271_10');
INSERT INTO `collection` (id, serial, cardId) VALUES ('30271', 9, '30271_11');
INSERT INTO `collection` (id, serial, cardId) VALUES ('30271', 10, '30271_12');
INSERT INTO `collection` (id, serial, cardId) VALUES ('30271', 12, '30271_14');
INSERT INTO `collection` (id, serial, cardId) VALUES ('30271', 13, '30271_15');
INSERT INTO `collection` (id, serial, cardId) VALUES ('30271', 14, '30271_16');
INSERT INTO `collection` (id, serial, cardId) VALUES ('30271', 15, '30271_21');
INSERT INTO `collection` (id, serial, cardId) VALUES ('30271', 16, '30271_28');
INSERT INTO `collection` (id, serial, cardId) VALUES ('15612', 1, '15612_3');
INSERT INTO `collection` (id, serial, cardId) VALUES ('15612', 2, '15612_4');
INSERT INTO `collection` (id, serial, cardId) VALUES ('15612', 3, '15612_5');
INSERT INTO `collection` (id, serial, cardId) VALUES ('15612', 4, '15612_6');
INSERT INTO `collection` (id, serial, cardId) VALUES ('15612', 5, '15612_7');
INSERT INTO `collection` (id, serial, cardId) VALUES ('15612', 6, '15612_8');
INSERT INTO `collection` (id, serial, cardId) VALUES ('15612', 7, '15612_9');
INSERT INTO `collection` (id, serial, cardId) VALUES ('15612', 8, '15612_10');
INSERT INTO `collection` (id, serial, cardId) VALUES ('15612', 9, '15612_11');
INSERT INTO `collection` (id, serial, cardId) VALUES ('15612', 10, '15612_12');
INSERT INTO `collection` (id, serial, cardId) VALUES ('15612', 11, '15612_13');
INSERT INTO `collection` (id, serial, cardId) VALUES ('15612', 12, '15612_14');
INSERT INTO `collection` (id, serial, cardId) VALUES ('15612', 13, '15612_15');
INSERT INTO `collection` (id, serial, cardId) VALUES ('15612', 14, '15612_16');
INSERT INTO `collection` (id, serial, cardId) VALUES ('15612', 15, '15612_17');
INSERT INTO `collection` (id, serial, cardId) VALUES ('15612', 16, '15612_22');
INSERT INTO `collection` (id, serial, cardId) VALUES ('15612', 17, '15612_27');
INSERT INTO `collection` (id, serial, cardId) VALUES ('21985', 1, '21985_3');
INSERT INTO `collection` (id, serial, cardId) VALUES ('21985', 2, '21985_4');
INSERT INTO `collection` (id, serial, cardId) VALUES ('21985', 3, '21985_5');
INSERT INTO `collection` (id, serial, cardId) VALUES ('21985', 4, '21985_6');
INSERT INTO `collection` (id, serial, cardId) VALUES ('21985', 5, '21985_7');
INSERT INTO `collection` (id, serial, cardId) VALUES ('21985', 6, '21985_8');
INSERT INTO `collection` (id, serial, cardId) VALUES ('21985', 7, '21985_9');
INSERT INTO `collection` (id, serial, cardId) VALUES ('21985', 8, '21985_10');
INSERT INTO `collection` (id, serial, cardId) VALUES ('21985', 9, '21985_11');
INSERT INTO `collection` (id, serial, cardId) VALUES ('21985', 10, '21985_12');
INSERT INTO `collection` (id, serial, cardId) VALUES ('21985', 11, '21985_13');
INSERT INTO `collection` (id, serial, cardId) VALUES ('21985', 12, '21985_14');
INSERT INTO `collection` (id, serial, cardId) VALUES ('21985', 13, '21985_15');
INSERT INTO `collection` (id, serial, cardId) VALUES ('21985', 14, '21985_16');
INSERT INTO `collection` (id, serial, cardId) VALUES ('21985', 15, '21985_17');
INSERT INTO `collection` (id, serial, cardId) VALUES ('21985', 16, '21985_18');
INSERT INTO `collection` (id, serial, cardId) VALUES ('21985', 17, '21985_19');
INSERT INTO `collection` (id, serial, cardId) VALUES ('21985', 18, '21985_20');
INSERT INTO `collection` (id, serial, cardId) VALUES ('21985', 19, '21985_21');
INSERT INTO `collection` (id, serial, cardId) VALUES ('21985', 20, '21985_26');
INSERT INTO `collection` (id, serial, cardId) VALUES ('21985', 21, '21985_29');
INSERT INTO `collection` (id, serial, cardId) VALUES ('21998', 1, '21998_3');
INSERT INTO `collection` (id, serial, cardId) VALUES ('21998', 2, '21998_4');
INSERT INTO `collection` (id, serial, cardId) VALUES ('21998', 3, '21998_5');
INSERT INTO `collection` (id, serial, cardId) VALUES ('21998', 4, '21998_6');
INSERT INTO `collection` (id, serial, cardId) VALUES ('21998', 5, '21998_7');
INSERT INTO `collection` (id, serial, cardId) VALUES ('21998', 6, '21998_8');
INSERT INTO `collection` (id, serial, cardId) VALUES ('21998', 7, '21998_9');
INSERT INTO `collection` (id, serial, cardId) VALUES ('21998', 8, '21998_10');
INSERT INTO `collection` (id, serial, cardId) VALUES ('21998', 9, '21998_11');
INSERT INTO `collection` (id, serial, cardId) VALUES ('21998', 10, '21998_12');
INSERT INTO `collection` (id, serial, cardId) VALUES ('21998', 11, '21998_13');
INSERT INTO `collection` (id, serial, cardId) VALUES ('21998', 12, '21998_21');
INSERT INTO `collection` (id, serial, cardId) VALUES ('21998', 13, '21998_26');
INSERT INTO `collection` (id, serial, cardId) VALUES ('15613', 1, '15613_3');
INSERT INTO `collection` (id, serial, cardId) VALUES ('15613', 2, '15613_4');
INSERT INTO `collection` (id, serial, cardId) VALUES ('15613', 3, '15613_5');
INSERT INTO `collection` (id, serial, cardId) VALUES ('15613', 4, '15613_6');
INSERT INTO `collection` (id, serial, cardId) VALUES ('15613', 5, '15613_7');
INSERT INTO `collection` (id, serial, cardId) VALUES ('15613', 6, '15613_8');
INSERT INTO `collection` (id, serial, cardId) VALUES ('15613', 7, '15613_9');
INSERT INTO `collection` (id, serial, cardId) VALUES ('15613', 8, '15613_10');
INSERT INTO `collection` (id, serial, cardId) VALUES ('15613', 9, '15613_11');
INSERT INTO `collection` (id, serial, cardId) VALUES ('15613', 10, '15613_12');
INSERT INTO `collection` (id, serial, cardId) VALUES ('15613', 11, '15613_13');
INSERT INTO `collection` (id, serial, cardId) VALUES ('15613', 12, '15613_14');
INSERT INTO `collection` (id, serial, cardId) VALUES ('15613', 13, '15613_15');
INSERT INTO `collection` (id, serial, cardId) VALUES ('15613', 14, '15613_16');
INSERT INTO `collection` (id, serial, cardId) VALUES ('15613', 15, '15613_17');
INSERT INTO `collection` (id, serial, cardId) VALUES ('15613', 16, '15613_18');
INSERT INTO `collection` (id, serial, cardId) VALUES ('15613', 17, '15613_19');
INSERT INTO `collection` (id, serial, cardId) VALUES ('15613', 18, '15613_20');
INSERT INTO `collection` (id, serial, cardId) VALUES ('15613', 19, '15613_21');
INSERT INTO `collection` (id, serial, cardId) VALUES ('15613', 20, '15613_26');
INSERT INTO `collection` (id, serial, cardId) VALUES ('15613', 21, '15613_29');
INSERT INTO `collection` (id, serial, cardId) VALUES ('8698', 1, '8698_3');
INSERT INTO `collection` (id, serial, cardId) VALUES ('8698', 2, '8698_4');
INSERT INTO `collection` (id, serial, cardId) VALUES ('8698', 3, '8698_5');
INSERT INTO `collection` (id, serial, cardId) VALUES ('8698', 4, '8698_6');
INSERT INTO `collection` (id, serial, cardId) VALUES ('8698', 5, '8698_7');
INSERT INTO `collection` (id, serial, cardId) VALUES ('8698', 6, '8698_8');
INSERT INTO `collection` (id, serial, cardId) VALUES ('8698', 7, '8698_9');
INSERT INTO `collection` (id, serial, cardId) VALUES ('8698', 9, '8698_11');
INSERT INTO `collection` (id, serial, cardId) VALUES ('8698', 10, '8698_12');
INSERT INTO `collection` (id, serial, cardId) VALUES ('8698', 11, '8698_13');
INSERT INTO `collection` (id, serial, cardId) VALUES ('8698', 12, '8698_14');
INSERT INTO `collection` (id, serial, cardId) VALUES ('8698', 13, '8698_15');
INSERT INTO `collection` (id, serial, cardId) VALUES ('8698', 14, '8698_16');
INSERT INTO `collection` (id, serial, cardId) VALUES ('8698', 15, '8698_17');
INSERT INTO `collection` (id, serial, cardId) VALUES ('8698', 16, '8698_22');
INSERT INTO `collection` (id, serial, cardId) VALUES ('8698', 17, '8698_25');
INSERT INTO `collection` (id, serial, cardId) VALUES ('19193', 1, '19193_3');
INSERT INTO `collection` (id, serial, cardId) VALUES ('19193', 2, '19193_4');
INSERT INTO `collection` (id, serial, cardId) VALUES ('19193', 3, '19193_5');
INSERT INTO `collection` (id, serial, cardId) VALUES ('19193', 4, '19193_6');
INSERT INTO `collection` (id, serial, cardId) VALUES ('19193', 5, '19193_7');
INSERT INTO `collection` (id, serial, cardId) VALUES ('19193', 6, '19193_8');
INSERT INTO `collection` (id, serial, cardId) VALUES ('19193', 7, '19193_9');
INSERT INTO `collection` (id, serial, cardId) VALUES ('19193', 8, '19193_10');
INSERT INTO `collection` (id, serial, cardId) VALUES ('19193', 9, '19193_11');
INSERT INTO `collection` (id, serial, cardId) VALUES ('19193', 10, '19193_12');
INSERT INTO `collection` (id, serial, cardId) VALUES ('19193', 11, '19193_13');
INSERT INTO `collection` (id, serial, cardId) VALUES ('19193', 12, '19193_18');
INSERT INTO `collection` (id, serial, cardId) VALUES ('19193', 13, '19193_21');
INSERT INTO `collection` (id, serial, cardId) VALUES ('16199', 1, '16199_3');
INSERT INTO `collection` (id, serial, cardId) VALUES ('16199', 2, '16199_4');
INSERT INTO `collection` (id, serial, cardId) VALUES ('16199', 3, '16199_5');
INSERT INTO `collection` (id, serial, cardId) VALUES ('16199', 4, '16199_6');
INSERT INTO `collection` (id, serial, cardId) VALUES ('16199', 5, '16199_7');
INSERT INTO `collection` (id, serial, cardId) VALUES ('16199', 6, '16199_8');
INSERT INTO `collection` (id, serial, cardId) VALUES ('16199', 7, '16199_9');
INSERT INTO `collection` (id, serial, cardId) VALUES ('16199', 8, '16199_10');
INSERT INTO `collection` (id, serial, cardId) VALUES ('16199', 9, '16199_11');
INSERT INTO `collection` (id, serial, cardId) VALUES ('16199', 10, '16199_12');
INSERT INTO `collection` (id, serial, cardId) VALUES ('16199', 11, '16199_13');
INSERT INTO `collection` (id, serial, cardId) VALUES ('16199', 12, '16199_14');
INSERT INTO `collection` (id, serial, cardId) VALUES ('16199', 13, '16199_15');
INSERT INTO `collection` (id, serial, cardId) VALUES ('16199', 14, '16199_16');
INSERT INTO `collection` (id, serial, cardId) VALUES ('16199', 15, '16199_17');
INSERT INTO `collection` (id, serial, cardId) VALUES ('16199', 16, '16199_20');
INSERT INTO `collection` (id, serial, cardId) VALUES ('16199', 17, '16199_29');
INSERT INTO `collection` (id, serial, cardId) VALUES ('9911', 1, '9911_3');
INSERT INTO `collection` (id, serial, cardId) VALUES ('9911', 2, '9911_4');
INSERT INTO `collection` (id, serial, cardId) VALUES ('9911', 3, '9911_5');
INSERT INTO `collection` (id, serial, cardId) VALUES ('9911', 4, '9911_6');
INSERT INTO `collection` (id, serial, cardId) VALUES ('9911', 5, '9911_7');
INSERT INTO `collection` (id, serial, cardId) VALUES ('9911', 6, '9911_8');
INSERT INTO `collection` (id, serial, cardId) VALUES ('9911', 7, '9911_9');
INSERT INTO `collection` (id, serial, cardId) VALUES ('9911', 8, '9911_10');
INSERT INTO `collection` (id, serial, cardId) VALUES ('9911', 9, '9911_11');
INSERT INTO `collection` (id, serial, cardId) VALUES ('9911', 10, '9911_12');
INSERT INTO `collection` (id, serial, cardId) VALUES ('9911', 12, '9911_14');
INSERT INTO `collection` (id, serial, cardId) VALUES ('9911', 13, '9911_15');
INSERT INTO `collection` (id, serial, cardId) VALUES ('9911', 14, '9911_20');
INSERT INTO `collection` (id, serial, cardId) VALUES ('9911', 15, '9911_23');
INSERT INTO `collection` (id, serial, cardId) VALUES ('9911', 16, '9911_26');
INSERT INTO `collection` (id, serial, cardId) VALUES ('23107', 1, '23107_3');
INSERT INTO `collection` (id, serial, cardId) VALUES ('23107', 2, '23107_4');
INSERT INTO `collection` (id, serial, cardId) VALUES ('23107', 3, '23107_5');
INSERT INTO `collection` (id, serial, cardId) VALUES ('23107', 4, '23107_6');
INSERT INTO `collection` (id, serial, cardId) VALUES ('23107', 5, '23107_7');
INSERT INTO `collection` (id, serial, cardId) VALUES ('23107', 6, '23107_8');
INSERT INTO `collection` (id, serial, cardId) VALUES ('23107', 7, '23107_9');
INSERT INTO `collection` (id, serial, cardId) VALUES ('23107', 8, '23107_10');
INSERT INTO `collection` (id, serial, cardId) VALUES ('23107', 9, '23107_11');
INSERT INTO `collection` (id, serial, cardId) VALUES ('23107', 10, '23107_12');
INSERT INTO `collection` (id, serial, cardId) VALUES ('23107', 11, '23107_13');
INSERT INTO `collection` (id, serial, cardId) VALUES ('23107', 12, '23107_14');
INSERT INTO `collection` (id, serial, cardId) VALUES ('23107', 13, '23107_15');
INSERT INTO `collection` (id, serial, cardId) VALUES ('23107', 14, '23107_16');
INSERT INTO `collection` (id, serial, cardId) VALUES ('23107', 15, '23107_17');
INSERT INTO `collection` (id, serial, cardId) VALUES ('23107', 16, '23107_18');
INSERT INTO `collection` (id, serial, cardId) VALUES ('23107', 17, '23107_19');
INSERT INTO `collection` (id, serial, cardId) VALUES ('23107', 18, '23107_20');
INSERT INTO `collection` (id, serial, cardId) VALUES ('23107', 19, '23107_21');
INSERT INTO `collection` (id, serial, cardId) VALUES ('23107', 20, '23107_26');
INSERT INTO `collection` (id, serial, cardId) VALUES ('23107', 21, '23107_29');
INSERT INTO `collection` (id, serial, cardId) VALUES ('17135', 1, '17135_3');
INSERT INTO `collection` (id, serial, cardId) VALUES ('17135', 2, '17135_4');
INSERT INTO `collection` (id, serial, cardId) VALUES ('17135', 3, '17135_5');
INSERT INTO `collection` (id, serial, cardId) VALUES ('17135', 4, '17135_6');
INSERT INTO `collection` (id, serial, cardId) VALUES ('17135', 5, '17135_7');
INSERT INTO `collection` (id, serial, cardId) VALUES ('17135', 6, '17135_8');
INSERT INTO `collection` (id, serial, cardId) VALUES ('17135', 7, '17135_9');
INSERT INTO `collection` (id, serial, cardId) VALUES ('17135', 8, '17135_10');
INSERT INTO `collection` (id, serial, cardId) VALUES ('17135', 9, '17135_11');
INSERT INTO `collection` (id, serial, cardId) VALUES ('17135', 10, '17135_12');
INSERT INTO `collection` (id, serial, cardId) VALUES ('17135', 11, '17135_13');
INSERT INTO `collection` (id, serial, cardId) VALUES ('17135', 12, '17135_14');
INSERT INTO `collection` (id, serial, cardId) VALUES ('17135', 13, '17135_15');
INSERT INTO `collection` (id, serial, cardId) VALUES ('17135', 14, '17135_16');
INSERT INTO `collection` (id, serial, cardId) VALUES ('17135', 15, '17135_17');
INSERT INTO `collection` (id, serial, cardId) VALUES ('17135', 16, '17135_18');
INSERT INTO `collection` (id, serial, cardId) VALUES ('17135', 17, '17135_19');
INSERT INTO `collection` (id, serial, cardId) VALUES ('17135', 18, '17135_20');
INSERT INTO `collection` (id, serial, cardId) VALUES ('17135', 19, '17135_21');
INSERT INTO `collection` (id, serial, cardId) VALUES ('17135', 20, '17135_22');
INSERT INTO `collection` (id, serial, cardId) VALUES ('17135', 21, '17135_23');
INSERT INTO `collection` (id, serial, cardId) VALUES ('17135', 22, '17135_24');
INSERT INTO `collection` (id, serial, cardId) VALUES ('17135', 23, '17135_25');
INSERT INTO `collection` (id, serial, cardId) VALUES ('17135', 24, '17135_30');
INSERT INTO `collection` (id, serial, cardId) VALUES ('17135', 25, '17135_33');
INSERT INTO `collection` (id, serial, cardId) VALUES ('8040', 1, '8040_3');
INSERT INTO `collection` (id, serial, cardId) VALUES ('8040', 2, '8040_4');
INSERT INTO `collection` (id, serial, cardId) VALUES ('8040', 3, '8040_5');
INSERT INTO `collection` (id, serial, cardId) VALUES ('8040', 4, '8040_6');
INSERT INTO `collection` (id, serial, cardId) VALUES ('8040', 5, '8040_7');
INSERT INTO `collection` (id, serial, cardId) VALUES ('8040', 6, '8040_8');
INSERT INTO `collection` (id, serial, cardId) VALUES ('8040', 7, '8040_9');
INSERT INTO `collection` (id, serial, cardId) VALUES ('8040', 8, '8040_10');
INSERT INTO `collection` (id, serial, cardId) VALUES ('8040', 9, '8040_11');
INSERT INTO `collection` (id, serial, cardId) VALUES ('8040', 10, '8040_12');
INSERT INTO `collection` (id, serial, cardId) VALUES ('8040', 11, '8040_13');
INSERT INTO `collection` (id, serial, cardId) VALUES ('8040', 12, '8040_18');
INSERT INTO `collection` (id, serial, cardId) VALUES ('8040', 13, '8040_21');
INSERT INTO `collection` (id, serial, cardId) VALUES ('19386', 1, '19386_3');
INSERT INTO `collection` (id, serial, cardId) VALUES ('19386', 2, '19386_4');
INSERT INTO `collection` (id, serial, cardId) VALUES ('19386', 3, '19386_5');
INSERT INTO `collection` (id, serial, cardId) VALUES ('19386', 4, '19386_6');
INSERT INTO `collection` (id, serial, cardId) VALUES ('19386', 5, '19386_7');
INSERT INTO `collection` (id, serial, cardId) VALUES ('19386', 6, '19386_8');
INSERT INTO `collection` (id, serial, cardId) VALUES ('19386', 7, '19386_9');
INSERT INTO `collection` (id, serial, cardId) VALUES ('19386', 8, '19386_10');
INSERT INTO `collection` (id, serial, cardId) VALUES ('19386', 9, '19386_11');
INSERT INTO `collection` (id, serial, cardId) VALUES ('19386', 10, '19386_12');
INSERT INTO `collection` (id, serial, cardId) VALUES ('19386', 11, '19386_13');
INSERT INTO `collection` (id, serial, cardId) VALUES ('19386', 12, '19386_14');
INSERT INTO `collection` (id, serial, cardId) VALUES ('19386', 13, '19386_15');
INSERT INTO `collection` (id, serial, cardId) VALUES ('19386', 14, '19386_16');
INSERT INTO `collection` (id, serial, cardId) VALUES ('19386', 15, '19386_17');
INSERT INTO `collection` (id, serial, cardId) VALUES ('19386', 16, '19386_18');
INSERT INTO `collection` (id, serial, cardId) VALUES ('19386', 17, '19386_19');
INSERT INTO `collection` (id, serial, cardId) VALUES ('19386', 18, '19386_20');
INSERT INTO `collection` (id, serial, cardId) VALUES ('19386', 19, '19386_21');
INSERT INTO `collection` (id, serial, cardId) VALUES ('19386', 20, '19386_26');
INSERT INTO `collection` (id, serial, cardId) VALUES ('19386', 21, '19386_31');
INSERT INTO `collection` (id, serial, cardId) VALUES ('21838', 1, '21838_3');
INSERT INTO `collection` (id, serial, cardId) VALUES ('21838', 2, '21838_4');
INSERT INTO `collection` (id, serial, cardId) VALUES ('21838', 3, '21838_5');
INSERT INTO `collection` (id, serial, cardId) VALUES ('21838', 4, '21838_6');
INSERT INTO `collection` (id, serial, cardId) VALUES ('21838', 5, '21838_7');
INSERT INTO `collection` (id, serial, cardId) VALUES ('21838', 6, '21838_8');
INSERT INTO `collection` (id, serial, cardId) VALUES ('21838', 7, '21838_9');
INSERT INTO `collection` (id, serial, cardId) VALUES ('21838', 8, '21838_10');
INSERT INTO `collection` (id, serial, cardId) VALUES ('21838', 9, '21838_11');
INSERT INTO `collection` (id, serial, cardId) VALUES ('21838', 10, '21838_12');
INSERT INTO `collection` (id, serial, cardId) VALUES ('21838', 11, '21838_13');
INSERT INTO `collection` (id, serial, cardId) VALUES ('21838', 12, '21838_14');
INSERT INTO `collection` (id, serial, cardId) VALUES ('21838', 13, '21838_15');
INSERT INTO `collection` (id, serial, cardId) VALUES ('21838', 14, '21838_16');
INSERT INTO `collection` (id, serial, cardId) VALUES ('21838', 15, '21838_17');
INSERT INTO `collection` (id, serial, cardId) VALUES ('21838', 16, '21838_22');
INSERT INTO `collection` (id, serial, cardId) VALUES ('21838', 17, '21838_29');
INSERT INTO `collection` (id, serial, cardId) VALUES ('12609', 1, '12609_3');
INSERT INTO `collection` (id, serial, cardId) VALUES ('12609', 2, '12609_4');
INSERT INTO `collection` (id, serial, cardId) VALUES ('12609', 3, '12609_5');
INSERT INTO `collection` (id, serial, cardId) VALUES ('12609', 4, '12609_6');
INSERT INTO `collection` (id, serial, cardId) VALUES ('12609', 5, '12609_7');
INSERT INTO `collection` (id, serial, cardId) VALUES ('12609', 6, '12609_8');
INSERT INTO `collection` (id, serial, cardId) VALUES ('12609', 7, '12609_9');
INSERT INTO `collection` (id, serial, cardId) VALUES ('12609', 8, '12609_10');
INSERT INTO `collection` (id, serial, cardId) VALUES ('12609', 9, '12609_11');
INSERT INTO `collection` (id, serial, cardId) VALUES ('12609', 10, '12609_12');
INSERT INTO `collection` (id, serial, cardId) VALUES ('12609', 11, '12609_13');
INSERT INTO `collection` (id, serial, cardId) VALUES ('12609', 12, '12609_18');
INSERT INTO `collection` (id, serial, cardId) VALUES ('12609', 13, '12609_21');
INSERT INTO `collection` (id, serial, cardId) VALUES ('20439', 1, '20439_3');
INSERT INTO `collection` (id, serial, cardId) VALUES ('20439', 2, '20439_4');
INSERT INTO `collection` (id, serial, cardId) VALUES ('20439', 3, '20439_5');
INSERT INTO `collection` (id, serial, cardId) VALUES ('20439', 4, '20439_6');
INSERT INTO `collection` (id, serial, cardId) VALUES ('20439', 5, '20439_7');
INSERT INTO `collection` (id, serial, cardId) VALUES ('20439', 6, '20439_8');
INSERT INTO `collection` (id, serial, cardId) VALUES ('20439', 7, '20439_9');
INSERT INTO `collection` (id, serial, cardId) VALUES ('20439', 8, '20439_10');
INSERT INTO `collection` (id, serial, cardId) VALUES ('20439', 9, '20439_11');
INSERT INTO `collection` (id, serial, cardId) VALUES ('20439', 10, '20439_12');
INSERT INTO `collection` (id, serial, cardId) VALUES ('20439', 11, '20439_13');
INSERT INTO `collection` (id, serial, cardId) VALUES ('20439', 12, '20439_14');
INSERT INTO `collection` (id, serial, cardId) VALUES ('20439', 13, '20439_15');
INSERT INTO `collection` (id, serial, cardId) VALUES ('20439', 14, '20439_16');
INSERT INTO `collection` (id, serial, cardId) VALUES ('20439', 15, '20439_17');
INSERT INTO `collection` (id, serial, cardId) VALUES ('20439', 16, '20439_22');
INSERT INTO `collection` (id, serial, cardId) VALUES ('20439', 17, '20439_27');
INSERT INTO `collection` (id, serial, cardId) VALUES ('20436', 1, '20436_3');
INSERT INTO `collection` (id, serial, cardId) VALUES ('20436', 2, '20436_4');
INSERT INTO `collection` (id, serial, cardId) VALUES ('20436', 3, '20436_5');
INSERT INTO `collection` (id, serial, cardId) VALUES ('20436', 4, '20436_6');
INSERT INTO `collection` (id, serial, cardId) VALUES ('20436', 5, '20436_7');
INSERT INTO `collection` (id, serial, cardId) VALUES ('20436', 6, '20436_8');
INSERT INTO `collection` (id, serial, cardId) VALUES ('20436', 7, '20436_9');
INSERT INTO `collection` (id, serial, cardId) VALUES ('20436', 8, '20436_10');
INSERT INTO `collection` (id, serial, cardId) VALUES ('20436', 9, '20436_11');
INSERT INTO `collection` (id, serial, cardId) VALUES ('20436', 10, '20436_12');
INSERT INTO `collection` (id, serial, cardId) VALUES ('20436', 11, '20436_13');
INSERT INTO `collection` (id, serial, cardId) VALUES ('20436', 12, '20436_18');
INSERT INTO `collection` (id, serial, cardId) VALUES ('20436', 13, '20436_21');
INSERT INTO `collection` (id, serial, cardId) VALUES ('22557', 1, '22557_3');
INSERT INTO `collection` (id, serial, cardId) VALUES ('22557', 2, '22557_4');
INSERT INTO `collection` (id, serial, cardId) VALUES ('22557', 3, '22557_5');
INSERT INTO `collection` (id, serial, cardId) VALUES ('22557', 4, '22557_6');
INSERT INTO `collection` (id, serial, cardId) VALUES ('22557', 5, '22557_7');
INSERT INTO `collection` (id, serial, cardId) VALUES ('22557', 6, '22557_8');
INSERT INTO `collection` (id, serial, cardId) VALUES ('22557', 7, '22557_9');
INSERT INTO `collection` (id, serial, cardId) VALUES ('22557', 8, '22557_10');
INSERT INTO `collection` (id, serial, cardId) VALUES ('22557', 9, '22557_11');
INSERT INTO `collection` (id, serial, cardId) VALUES ('22557', 10, '22557_12');
INSERT INTO `collection` (id, serial, cardId) VALUES ('22557', 11, '22557_13');
INSERT INTO `collection` (id, serial, cardId) VALUES ('22557', 12, '22557_14');
INSERT INTO `collection` (id, serial, cardId) VALUES ('22557', 13, '22557_15');
INSERT INTO `collection` (id, serial, cardId) VALUES ('22557', 14, '22557_16');
INSERT INTO `collection` (id, serial, cardId) VALUES ('22557', 15, '22557_17');
INSERT INTO `collection` (id, serial, cardId) VALUES ('22557', 16, '22557_22');
INSERT INTO `collection` (id, serial, cardId) VALUES ('22557', 17, '22557_25');
INSERT INTO `collection` (id, serial, cardId) VALUES ('16587', 1, '16587_3');
INSERT INTO `collection` (id, serial, cardId) VALUES ('16587', 2, '16587_4');
INSERT INTO `collection` (id, serial, cardId) VALUES ('16587', 3, '16587_5');
INSERT INTO `collection` (id, serial, cardId) VALUES ('16587', 4, '16587_6');
INSERT INTO `collection` (id, serial, cardId) VALUES ('16587', 5, '16587_7');
INSERT INTO `collection` (id, serial, cardId) VALUES ('16587', 6, '16587_8');
INSERT INTO `collection` (id, serial, cardId) VALUES ('16587', 7, '16587_9');
INSERT INTO `collection` (id, serial, cardId) VALUES ('16587', 8, '16587_10');
INSERT INTO `collection` (id, serial, cardId) VALUES ('16587', 9, '16587_11');
INSERT INTO `collection` (id, serial, cardId) VALUES ('16587', 10, '16587_12');
INSERT INTO `collection` (id, serial, cardId) VALUES ('16587', 11, '16587_13');
INSERT INTO `collection` (id, serial, cardId) VALUES ('16587', 12, '16587_14');
INSERT INTO `collection` (id, serial, cardId) VALUES ('16587', 13, '16587_15');
INSERT INTO `collection` (id, serial, cardId) VALUES ('16587', 14, '16587_20');
INSERT INTO `collection` (id, serial, cardId) VALUES ('16587', 15, '16587_23');
INSERT INTO `collection` (id, serial, cardId) VALUES ('22081', 1, '22081_3');
INSERT INTO `collection` (id, serial, cardId) VALUES ('22081', 2, '22081_4');
INSERT INTO `collection` (id, serial, cardId) VALUES ('22081', 3, '22081_5');
INSERT INTO `collection` (id, serial, cardId) VALUES ('22081', 4, '22081_6');
INSERT INTO `collection` (id, serial, cardId) VALUES ('22081', 5, '22081_7');
INSERT INTO `collection` (id, serial, cardId) VALUES ('22081', 6, '22081_8');
INSERT INTO `collection` (id, serial, cardId) VALUES ('22081', 7, '22081_9');
INSERT INTO `collection` (id, serial, cardId) VALUES ('22081', 8, '22081_10');
INSERT INTO `collection` (id, serial, cardId) VALUES ('22081', 9, '22081_11');
INSERT INTO `collection` (id, serial, cardId) VALUES ('22081', 10, '22081_12');
INSERT INTO `collection` (id, serial, cardId) VALUES ('22081', 11, '22081_13');
INSERT INTO `collection` (id, serial, cardId) VALUES ('22081', 12, '22081_14');
INSERT INTO `collection` (id, serial, cardId) VALUES ('22081', 13, '22081_15');
INSERT INTO `collection` (id, serial, cardId) VALUES ('22081', 14, '22081_16');
INSERT INTO `collection` (id, serial, cardId) VALUES ('22081', 15, '22081_17');
INSERT INTO `collection` (id, serial, cardId) VALUES ('22081', 16, '22081_22');
INSERT INTO `collection` (id, serial, cardId) VALUES ('22081', 17, '22081_25');
INSERT INTO `collection` (id, serial, cardId) VALUES ('22062', 1, '22062_3');
INSERT INTO `collection` (id, serial, cardId) VALUES ('22062', 2, '22062_4');
INSERT INTO `collection` (id, serial, cardId) VALUES ('22062', 3, '22062_5');
INSERT INTO `collection` (id, serial, cardId) VALUES ('22062', 4, '22062_6');
INSERT INTO `collection` (id, serial, cardId) VALUES ('22062', 5, '22062_7');
INSERT INTO `collection` (id, serial, cardId) VALUES ('22062', 6, '22062_8');
INSERT INTO `collection` (id, serial, cardId) VALUES ('22062', 7, '22062_9');
INSERT INTO `collection` (id, serial, cardId) VALUES ('22062', 8, '22062_10');
INSERT INTO `collection` (id, serial, cardId) VALUES ('22062', 9, '22062_11');
INSERT INTO `collection` (id, serial, cardId) VALUES ('22062', 10, '22062_12');
INSERT INTO `collection` (id, serial, cardId) VALUES ('22062', 11, '22062_13');
INSERT INTO `collection` (id, serial, cardId) VALUES ('22062', 12, '22062_14');
INSERT INTO `collection` (id, serial, cardId) VALUES ('22062', 13, '22062_15');
INSERT INTO `collection` (id, serial, cardId) VALUES ('22062', 14, '22062_16');
INSERT INTO `collection` (id, serial, cardId) VALUES ('22062', 15, '22062_17');
INSERT INTO `collection` (id, serial, cardId) VALUES ('22062', 16, '22062_18');
INSERT INTO `collection` (id, serial, cardId) VALUES ('22062', 17, '22062_19');
INSERT INTO `collection` (id, serial, cardId) VALUES ('22062', 18, '22062_20');
INSERT INTO `collection` (id, serial, cardId) VALUES ('22062', 19, '22062_21');
INSERT INTO `collection` (id, serial, cardId) VALUES ('22062', 20, '22062_22');
INSERT INTO `collection` (id, serial, cardId) VALUES ('22062', 21, '22062_23');
INSERT INTO `collection` (id, serial, cardId) VALUES ('22062', 22, '22062_24');
INSERT INTO `collection` (id, serial, cardId) VALUES ('22062', 23, '22062_25');
INSERT INTO `collection` (id, serial, cardId) VALUES ('22062', 24, '22062_30');
INSERT INTO `collection` (id, serial, cardId) VALUES ('22062', 25, '22062_33');
INSERT INTO `collection` (id, serial, cardId) VALUES ('2632', 1, '2632_3');
INSERT INTO `collection` (id, serial, cardId) VALUES ('2632', 2, '2632_4');
INSERT INTO `collection` (id, serial, cardId) VALUES ('2632', 3, '2632_5');
INSERT INTO `collection` (id, serial, cardId) VALUES ('2632', 4, '2632_6');
INSERT INTO `collection` (id, serial, cardId) VALUES ('2632', 5, '2632_7');
INSERT INTO `collection` (id, serial, cardId) VALUES ('2632', 6, '2632_8');
INSERT INTO `collection` (id, serial, cardId) VALUES ('2632', 7, '2632_9');
INSERT INTO `collection` (id, serial, cardId) VALUES ('2632', 8, '2632_10');
INSERT INTO `collection` (id, serial, cardId) VALUES ('2632', 9, '2632_11');
INSERT INTO `collection` (id, serial, cardId) VALUES ('2632', 10, '2632_12');
INSERT INTO `collection` (id, serial, cardId) VALUES ('2632', 11, '2632_13');
INSERT INTO `collection` (id, serial, cardId) VALUES ('2632', 12, '2632_14');
INSERT INTO `collection` (id, serial, cardId) VALUES ('2632', 13, '2632_15');
INSERT INTO `collection` (id, serial, cardId) VALUES ('2632', 14, '2632_16');
INSERT INTO `collection` (id, serial, cardId) VALUES ('2632', 15, '2632_31');
INSERT INTO `collection` (id, serial, cardId) VALUES ('2632', 16, '2632_34');
INSERT INTO `collection` (id, serial, cardId) VALUES ('22468', 1, '22468_3');
INSERT INTO `collection` (id, serial, cardId) VALUES ('22468', 2, '22468_4');
INSERT INTO `collection` (id, serial, cardId) VALUES ('22468', 3, '22468_5');
INSERT INTO `collection` (id, serial, cardId) VALUES ('22468', 4, '22468_6');
INSERT INTO `collection` (id, serial, cardId) VALUES ('22468', 5, '22468_7');
INSERT INTO `collection` (id, serial, cardId) VALUES ('22468', 6, '22468_8');
INSERT INTO `collection` (id, serial, cardId) VALUES ('22468', 7, '22468_9');
INSERT INTO `collection` (id, serial, cardId) VALUES ('22468', 8, '22468_10');
INSERT INTO `collection` (id, serial, cardId) VALUES ('22468', 9, '22468_11');
INSERT INTO `collection` (id, serial, cardId) VALUES ('22468', 10, '22468_12');
INSERT INTO `collection` (id, serial, cardId) VALUES ('22468', 11, '22468_13');
INSERT INTO `collection` (id, serial, cardId) VALUES ('22468', 12, '22468_14');
INSERT INTO `collection` (id, serial, cardId) VALUES ('22468', 13, '22468_15');
INSERT INTO `collection` (id, serial, cardId) VALUES ('22468', 14, '22468_16');
INSERT INTO `collection` (id, serial, cardId) VALUES ('22468', 15, '22468_17');
INSERT INTO `collection` (id, serial, cardId) VALUES ('22468', 16, '22468_18');
INSERT INTO `collection` (id, serial, cardId) VALUES ('22468', 17, '22468_19');
INSERT INTO `collection` (id, serial, cardId) VALUES ('22468', 18, '22468_20');
INSERT INTO `collection` (id, serial, cardId) VALUES ('22468', 19, '22468_21');
INSERT INTO `collection` (id, serial, cardId) VALUES ('22468', 20, '22468_22');
INSERT INTO `collection` (id, serial, cardId) VALUES ('22468', 21, '22468_27');
INSERT INTO `collection` (id, serial, cardId) VALUES ('22468', 22, '22468_30');
INSERT INTO `collection` (id, serial, cardId) VALUES ('3127', 1, '3127_3');
INSERT INTO `collection` (id, serial, cardId) VALUES ('3127', 2, '3127_4');
INSERT INTO `collection` (id, serial, cardId) VALUES ('3127', 3, '3127_5');
INSERT INTO `collection` (id, serial, cardId) VALUES ('3127', 4, '3127_6');
INSERT INTO `collection` (id, serial, cardId) VALUES ('3127', 5, '3127_7');
INSERT INTO `collection` (id, serial, cardId) VALUES ('3127', 6, '3127_8');
INSERT INTO `collection` (id, serial, cardId) VALUES ('3127', 7, '3127_9');
INSERT INTO `collection` (id, serial, cardId) VALUES ('3127', 8, '3127_10');
INSERT INTO `collection` (id, serial, cardId) VALUES ('3127', 9, '3127_11');
INSERT INTO `collection` (id, serial, cardId) VALUES ('3127', 10, '3127_12');
INSERT INTO `collection` (id, serial, cardId) VALUES ('3127', 11, '3127_13');
INSERT INTO `collection` (id, serial, cardId) VALUES ('3127', 12, '3127_14');
INSERT INTO `collection` (id, serial, cardId) VALUES ('3127', 13, '3127_15');
INSERT INTO `collection` (id, serial, cardId) VALUES ('3127', 14, '3127_16');
INSERT INTO `collection` (id, serial, cardId) VALUES ('3127', 15, '3127_17');
INSERT INTO `collection` (id, serial, cardId) VALUES ('3127', 16, '3127_22');
INSERT INTO `collection` (id, serial, cardId) VALUES ('3127', 17, '3127_27');
INSERT INTO `collection` (id, serial, cardId) VALUES ('13544', 1, '13544_3');
INSERT INTO `collection` (id, serial, cardId) VALUES ('13544', 2, '13544_4');
INSERT INTO `collection` (id, serial, cardId) VALUES ('13544', 3, '13544_5');
INSERT INTO `collection` (id, serial, cardId) VALUES ('13544', 4, '13544_6');
INSERT INTO `collection` (id, serial, cardId) VALUES ('13544', 5, '13544_7');
INSERT INTO `collection` (id, serial, cardId) VALUES ('13544', 6, '13544_8');
INSERT INTO `collection` (id, serial, cardId) VALUES ('13544', 7, '13544_9');
INSERT INTO `collection` (id, serial, cardId) VALUES ('13544', 8, '13544_10');
INSERT INTO `collection` (id, serial, cardId) VALUES ('13544', 9, '13544_11');
INSERT INTO `collection` (id, serial, cardId) VALUES ('13544', 10, '13544_12');
INSERT INTO `collection` (id, serial, cardId) VALUES ('13544', 11, '13544_13');
INSERT INTO `collection` (id, serial, cardId) VALUES ('13544', 12, '13544_16');
INSERT INTO `collection` (id, serial, cardId) VALUES ('13544', 13, '13544_19');
INSERT INTO `collection` (id, serial, cardId) VALUES ('22567', 1, '22567_3');
INSERT INTO `collection` (id, serial, cardId) VALUES ('22567', 2, '22567_4');
INSERT INTO `collection` (id, serial, cardId) VALUES ('22567', 3, '22567_5');
INSERT INTO `collection` (id, serial, cardId) VALUES ('22567', 4, '22567_6');
INSERT INTO `collection` (id, serial, cardId) VALUES ('22567', 5, '22567_7');
INSERT INTO `collection` (id, serial, cardId) VALUES ('22567', 6, '22567_8');
INSERT INTO `collection` (id, serial, cardId) VALUES ('22567', 7, '22567_9');
INSERT INTO `collection` (id, serial, cardId) VALUES ('22567', 8, '22567_10');
INSERT INTO `collection` (id, serial, cardId) VALUES ('22567', 9, '22567_11');
INSERT INTO `collection` (id, serial, cardId) VALUES ('22567', 10, '22567_12');
INSERT INTO `collection` (id, serial, cardId) VALUES ('22567', 11, '22567_13');
INSERT INTO `collection` (id, serial, cardId) VALUES ('22567', 12, '22567_14');
INSERT INTO `collection` (id, serial, cardId) VALUES ('22567', 13, '22567_15');
INSERT INTO `collection` (id, serial, cardId) VALUES ('22567', 14, '22567_16');
INSERT INTO `collection` (id, serial, cardId) VALUES ('22567', 15, '22567_17');
INSERT INTO `collection` (id, serial, cardId) VALUES ('22567', 16, '22567_26');
INSERT INTO `collection` (id, serial, cardId) VALUES ('22567', 17, '22567_29');
INSERT INTO `collection` (id, serial, cardId) VALUES ('23308', 1, '23308_3');
INSERT INTO `collection` (id, serial, cardId) VALUES ('23308', 2, '23308_4');
INSERT INTO `collection` (id, serial, cardId) VALUES ('23308', 3, '23308_5');
INSERT INTO `collection` (id, serial, cardId) VALUES ('23308', 4, '23308_6');
INSERT INTO `collection` (id, serial, cardId) VALUES ('23308', 5, '23308_7');
INSERT INTO `collection` (id, serial, cardId) VALUES ('23308', 6, '23308_8');
INSERT INTO `collection` (id, serial, cardId) VALUES ('23308', 7, '23308_9');
INSERT INTO `collection` (id, serial, cardId) VALUES ('23308', 8, '23308_10');
INSERT INTO `collection` (id, serial, cardId) VALUES ('23308', 9, '23308_11');
INSERT INTO `collection` (id, serial, cardId) VALUES ('23308', 10, '23308_12');
INSERT INTO `collection` (id, serial, cardId) VALUES ('23308', 11, '23308_13');
INSERT INTO `collection` (id, serial, cardId) VALUES ('23308', 12, '23308_22');
INSERT INTO `collection` (id, serial, cardId) VALUES ('23308', 13, '23308_27');
INSERT INTO `collection` (id, serial, cardId) VALUES ('21841', 1, '21841_3');
INSERT INTO `collection` (id, serial, cardId) VALUES ('21841', 2, '21841_4');
INSERT INTO `collection` (id, serial, cardId) VALUES ('21841', 3, '21841_5');
INSERT INTO `collection` (id, serial, cardId) VALUES ('21841', 4, '21841_6');
INSERT INTO `collection` (id, serial, cardId) VALUES ('21841', 5, '21841_7');
INSERT INTO `collection` (id, serial, cardId) VALUES ('21841', 6, '21841_8');
INSERT INTO `collection` (id, serial, cardId) VALUES ('21841', 7, '21841_9');
INSERT INTO `collection` (id, serial, cardId) VALUES ('21841', 8, '21841_10');
INSERT INTO `collection` (id, serial, cardId) VALUES ('21841', 9, '21841_11');
INSERT INTO `collection` (id, serial, cardId) VALUES ('21841', 10, '21841_12');
INSERT INTO `collection` (id, serial, cardId) VALUES ('21841', 11, '21841_13');
INSERT INTO `collection` (id, serial, cardId) VALUES ('21841', 12, '21841_14');
INSERT INTO `collection` (id, serial, cardId) VALUES ('21841', 13, '21841_15');
INSERT INTO `collection` (id, serial, cardId) VALUES ('21841', 14, '21841_16');
INSERT INTO `collection` (id, serial, cardId) VALUES ('21841', 15, '21841_17');
INSERT INTO `collection` (id, serial, cardId) VALUES ('21841', 16, '21841_20');
INSERT INTO `collection` (id, serial, cardId) VALUES ('21841', 17, '21841_23');
INSERT INTO `collection` (id, serial, cardId) VALUES ('20440', 1, '20440_3');
INSERT INTO `collection` (id, serial, cardId) VALUES ('20440', 2, '20440_4');
INSERT INTO `collection` (id, serial, cardId) VALUES ('20440', 3, '20440_5');
INSERT INTO `collection` (id, serial, cardId) VALUES ('20440', 4, '20440_6');
INSERT INTO `collection` (id, serial, cardId) VALUES ('20440', 5, '20440_7');
INSERT INTO `collection` (id, serial, cardId) VALUES ('20440', 6, '20440_8');
INSERT INTO `collection` (id, serial, cardId) VALUES ('20440', 7, '20440_9');
INSERT INTO `collection` (id, serial, cardId) VALUES ('20440', 8, '20440_10');
INSERT INTO `collection` (id, serial, cardId) VALUES ('20440', 9, '20440_11');
INSERT INTO `collection` (id, serial, cardId) VALUES ('20440', 10, '20440_12');
INSERT INTO `collection` (id, serial, cardId) VALUES ('20440', 11, '20440_13');
INSERT INTO `collection` (id, serial, cardId) VALUES ('20440', 12, '20440_14');
INSERT INTO `collection` (id, serial, cardId) VALUES ('20440', 13, '20440_15');
INSERT INTO `collection` (id, serial, cardId) VALUES ('20440', 14, '20440_16');
INSERT INTO `collection` (id, serial, cardId) VALUES ('20440', 15, '20440_17');
INSERT INTO `collection` (id, serial, cardId) VALUES ('20440', 16, '20440_18');
INSERT INTO `collection` (id, serial, cardId) VALUES ('20440', 17, '20440_19');
INSERT INTO `collection` (id, serial, cardId) VALUES ('20440', 18, '20440_20');
INSERT INTO `collection` (id, serial, cardId) VALUES ('20440', 19, '20440_21');
INSERT INTO `collection` (id, serial, cardId) VALUES ('20440', 20, '20440_26');
INSERT INTO `collection` (id, serial, cardId) VALUES ('20440', 21, '20440_29');
INSERT INTO `collection` (id, serial, cardId) VALUES ('21140', 1, '21140_3');
INSERT INTO `collection` (id, serial, cardId) VALUES ('21140', 2, '21140_4');
INSERT INTO `collection` (id, serial, cardId) VALUES ('21140', 3, '21140_5');
INSERT INTO `collection` (id, serial, cardId) VALUES ('21140', 4, '21140_6');
INSERT INTO `collection` (id, serial, cardId) VALUES ('21140', 5, '21140_7');
INSERT INTO `collection` (id, serial, cardId) VALUES ('21140', 6, '21140_8');
INSERT INTO `collection` (id, serial, cardId) VALUES ('21140', 7, '21140_9');
INSERT INTO `collection` (id, serial, cardId) VALUES ('21140', 8, '21140_10');
INSERT INTO `collection` (id, serial, cardId) VALUES ('21140', 9, '21140_11');
INSERT INTO `collection` (id, serial, cardId) VALUES ('21140', 10, '21140_12');
INSERT INTO `collection` (id, serial, cardId) VALUES ('21140', 11, '21140_13');
INSERT INTO `collection` (id, serial, cardId) VALUES ('21140', 12, '21140_14');
INSERT INTO `collection` (id, serial, cardId) VALUES ('21140', 13, '21140_15');
INSERT INTO `collection` (id, serial, cardId) VALUES ('21140', 14, '21140_16');
INSERT INTO `collection` (id, serial, cardId) VALUES ('21140', 15, '21140_17');
INSERT INTO `collection` (id, serial, cardId) VALUES ('21140', 16, '21140_18');
INSERT INTO `collection` (id, serial, cardId) VALUES ('21140', 17, '21140_19');
INSERT INTO `collection` (id, serial, cardId) VALUES ('21140', 18, '21140_20');
INSERT INTO `collection` (id, serial, cardId) VALUES ('21140', 19, '21140_21');
INSERT INTO `collection` (id, serial, cardId) VALUES ('21140', 20, '21140_26');
INSERT INTO `collection` (id, serial, cardId) VALUES ('21140', 21, '21140_33');
INSERT INTO `collection` (id, serial, cardId) VALUES ('23158', 1, '23158_3');
INSERT INTO `collection` (id, serial, cardId) VALUES ('23158', 2, '23158_4');
INSERT INTO `collection` (id, serial, cardId) VALUES ('23158', 3, '23158_5');
INSERT INTO `collection` (id, serial, cardId) VALUES ('23158', 4, '23158_6');
INSERT INTO `collection` (id, serial, cardId) VALUES ('23158', 5, '23158_7');
INSERT INTO `collection` (id, serial, cardId) VALUES ('23158', 6, '23158_8');
INSERT INTO `collection` (id, serial, cardId) VALUES ('23158', 7, '23158_9');
INSERT INTO `collection` (id, serial, cardId) VALUES ('23158', 8, '23158_10');
INSERT INTO `collection` (id, serial, cardId) VALUES ('23158', 9, '23158_11');
INSERT INTO `collection` (id, serial, cardId) VALUES ('23158', 10, '23158_12');
INSERT INTO `collection` (id, serial, cardId) VALUES ('23158', 11, '23158_13');
INSERT INTO `collection` (id, serial, cardId) VALUES ('23158', 12, '23158_14');
INSERT INTO `collection` (id, serial, cardId) VALUES ('23158', 13, '23158_15');
INSERT INTO `collection` (id, serial, cardId) VALUES ('23158', 14, '23158_20');
INSERT INTO `collection` (id, serial, cardId) VALUES ('23158', 15, '23158_23');
INSERT INTO `collection` (id, serial, cardId) VALUES ('2209', 1, '2209_3');
INSERT INTO `collection` (id, serial, cardId) VALUES ('2209', 2, '2209_4');
INSERT INTO `collection` (id, serial, cardId) VALUES ('2209', 3, '2209_5');
INSERT INTO `collection` (id, serial, cardId) VALUES ('2209', 4, '2209_6');
INSERT INTO `collection` (id, serial, cardId) VALUES ('2209', 5, '2209_7');
INSERT INTO `collection` (id, serial, cardId) VALUES ('2209', 6, '2209_8');
INSERT INTO `collection` (id, serial, cardId) VALUES ('2209', 7, '2209_9');
INSERT INTO `collection` (id, serial, cardId) VALUES ('2209', 8, '2209_10');
INSERT INTO `collection` (id, serial, cardId) VALUES ('2209', 9, '2209_11');
INSERT INTO `collection` (id, serial, cardId) VALUES ('2209', 10, '2209_12');
INSERT INTO `collection` (id, serial, cardId) VALUES ('2209', 11, '2209_13');
INSERT INTO `collection` (id, serial, cardId) VALUES ('2209', 12, '2209_16');
INSERT INTO `collection` (id, serial, cardId) VALUES ('2209', 13, '2209_19');
INSERT INTO `collection` (id, serial, cardId) VALUES ('20022', 1, '20022_3');
INSERT INTO `collection` (id, serial, cardId) VALUES ('20022', 2, '20022_4');
INSERT INTO `collection` (id, serial, cardId) VALUES ('20022', 3, '20022_5');
INSERT INTO `collection` (id, serial, cardId) VALUES ('20022', 4, '20022_6');
INSERT INTO `collection` (id, serial, cardId) VALUES ('20022', 5, '20022_7');
INSERT INTO `collection` (id, serial, cardId) VALUES ('20022', 6, '20022_8');
INSERT INTO `collection` (id, serial, cardId) VALUES ('20022', 7, '20022_9');
INSERT INTO `collection` (id, serial, cardId) VALUES ('20022', 8, '20022_10');
INSERT INTO `collection` (id, serial, cardId) VALUES ('20022', 9, '20022_11');
INSERT INTO `collection` (id, serial, cardId) VALUES ('20022', 10, '20022_12');
INSERT INTO `collection` (id, serial, cardId) VALUES ('20022', 11, '20022_13');
INSERT INTO `collection` (id, serial, cardId) VALUES ('20022', 12, '20022_14');
INSERT INTO `collection` (id, serial, cardId) VALUES ('20022', 13, '20022_15');
INSERT INTO `collection` (id, serial, cardId) VALUES ('20022', 14, '20022_16');
INSERT INTO `collection` (id, serial, cardId) VALUES ('20022', 15, '20022_17');
INSERT INTO `collection` (id, serial, cardId) VALUES ('20022', 16, '20022_22');
INSERT INTO `collection` (id, serial, cardId) VALUES ('20022', 17, '20022_25');
INSERT INTO `collection` (id, serial, cardId) VALUES ('22004', 1, '22004_3');
INSERT INTO `collection` (id, serial, cardId) VALUES ('22004', 2, '22004_4');
INSERT INTO `collection` (id, serial, cardId) VALUES ('22004', 3, '22004_5');
INSERT INTO `collection` (id, serial, cardId) VALUES ('22004', 4, '22004_6');
INSERT INTO `collection` (id, serial, cardId) VALUES ('22004', 5, '22004_7');
INSERT INTO `collection` (id, serial, cardId) VALUES ('22004', 6, '22004_8');
INSERT INTO `collection` (id, serial, cardId) VALUES ('22004', 7, '22004_9');
INSERT INTO `collection` (id, serial, cardId) VALUES ('22004', 8, '22004_10');
INSERT INTO `collection` (id, serial, cardId) VALUES ('22004', 9, '22004_11');
INSERT INTO `collection` (id, serial, cardId) VALUES ('22004', 10, '22004_12');
INSERT INTO `collection` (id, serial, cardId) VALUES ('22004', 11, '22004_13');
INSERT INTO `collection` (id, serial, cardId) VALUES ('22004', 12, '22004_14');
INSERT INTO `collection` (id, serial, cardId) VALUES ('22004', 13, '22004_15');
INSERT INTO `collection` (id, serial, cardId) VALUES ('22004', 14, '22004_16');
INSERT INTO `collection` (id, serial, cardId) VALUES ('22004', 15, '22004_17');
INSERT INTO `collection` (id, serial, cardId) VALUES ('22004', 16, '22004_18');
INSERT INTO `collection` (id, serial, cardId) VALUES ('22004', 17, '22004_19');
INSERT INTO `collection` (id, serial, cardId) VALUES ('22004', 18, '22004_20');
INSERT INTO `collection` (id, serial, cardId) VALUES ('22004', 19, '22004_23');
INSERT INTO `collection` (id, serial, cardId) VALUES ('22004', 20, '22004_26');
INSERT INTO `collection` (id, serial, cardId) VALUES ('24751', 1, '24751_3');
INSERT INTO `collection` (id, serial, cardId) VALUES ('24751', 2, '24751_4');
INSERT INTO `collection` (id, serial, cardId) VALUES ('24751', 3, '24751_5');
INSERT INTO `collection` (id, serial, cardId) VALUES ('24751', 4, '24751_6');
INSERT INTO `collection` (id, serial, cardId) VALUES ('24751', 5, '24751_7');
INSERT INTO `collection` (id, serial, cardId) VALUES ('24751', 6, '24751_8');
INSERT INTO `collection` (id, serial, cardId) VALUES ('24751', 7, '24751_9');
INSERT INTO `collection` (id, serial, cardId) VALUES ('24751', 8, '24751_10');
INSERT INTO `collection` (id, serial, cardId) VALUES ('24751', 9, '24751_11');
INSERT INTO `collection` (id, serial, cardId) VALUES ('24751', 10, '24751_12');
INSERT INTO `collection` (id, serial, cardId) VALUES ('24751', 11, '24751_13');
INSERT INTO `collection` (id, serial, cardId) VALUES ('24751', 12, '24751_14');
INSERT INTO `collection` (id, serial, cardId) VALUES ('24751', 13, '24751_15');
INSERT INTO `collection` (id, serial, cardId) VALUES ('24751', 14, '24751_16');
INSERT INTO `collection` (id, serial, cardId) VALUES ('24751', 15, '24751_17');
INSERT INTO `collection` (id, serial, cardId) VALUES ('24751', 16, '24751_22');
INSERT INTO `collection` (id, serial, cardId) VALUES ('24751', 17, '24751_27');
INSERT INTO `collection` (id, serial, cardId) VALUES ('21863', 1, '21863_3');
INSERT INTO `collection` (id, serial, cardId) VALUES ('21863', 2, '21863_4');
INSERT INTO `collection` (id, serial, cardId) VALUES ('21863', 3, '21863_5');
INSERT INTO `collection` (id, serial, cardId) VALUES ('21863', 4, '21863_6');
INSERT INTO `collection` (id, serial, cardId) VALUES ('21863', 5, '21863_7');
INSERT INTO `collection` (id, serial, cardId) VALUES ('21863', 6, '21863_8');
INSERT INTO `collection` (id, serial, cardId) VALUES ('21863', 7, '21863_9');
INSERT INTO `collection` (id, serial, cardId) VALUES ('21863', 8, '21863_10');
INSERT INTO `collection` (id, serial, cardId) VALUES ('21863', 9, '21863_11');
INSERT INTO `collection` (id, serial, cardId) VALUES ('21863', 10, '21863_12');
INSERT INTO `collection` (id, serial, cardId) VALUES ('21863', 11, '21863_13');
INSERT INTO `collection` (id, serial, cardId) VALUES ('21863', 12, '21863_14');
INSERT INTO `collection` (id, serial, cardId) VALUES ('21863', 13, '21863_15');
INSERT INTO `collection` (id, serial, cardId) VALUES ('21863', 14, '21863_16');
INSERT INTO `collection` (id, serial, cardId) VALUES ('21863', 15, '21863_17');
INSERT INTO `collection` (id, serial, cardId) VALUES ('21863', 17, '21863_19');
INSERT INTO `collection` (id, serial, cardId) VALUES ('21863', 18, '21863_20');
INSERT INTO `collection` (id, serial, cardId) VALUES ('21863', 19, '21863_21');
INSERT INTO `collection` (id, serial, cardId) VALUES ('21863', 20, '21863_24');
INSERT INTO `collection` (id, serial, cardId) VALUES ('21863', 21, '21863_29');
INSERT INTO `collection` (id, serial, cardId) VALUES ('23035', 1, '23035_3');
INSERT INTO `collection` (id, serial, cardId) VALUES ('23035', 2, '23035_4');
INSERT INTO `collection` (id, serial, cardId) VALUES ('23035', 3, '23035_5');
INSERT INTO `collection` (id, serial, cardId) VALUES ('23035', 4, '23035_6');
INSERT INTO `collection` (id, serial, cardId) VALUES ('23035', 5, '23035_7');
INSERT INTO `collection` (id, serial, cardId) VALUES ('23035', 6, '23035_8');
INSERT INTO `collection` (id, serial, cardId) VALUES ('23035', 7, '23035_9');
INSERT INTO `collection` (id, serial, cardId) VALUES ('23035', 8, '23035_10');
INSERT INTO `collection` (id, serial, cardId) VALUES ('23035', 9, '23035_11');
INSERT INTO `collection` (id, serial, cardId) VALUES ('23035', 10, '23035_12');
INSERT INTO `collection` (id, serial, cardId) VALUES ('23035', 11, '23035_13');
INSERT INTO `collection` (id, serial, cardId) VALUES ('23035', 12, '23035_18');
INSERT INTO `collection` (id, serial, cardId) VALUES ('23035', 13, '23035_21');
INSERT INTO `collection` (id, serial, cardId) VALUES ('22536', 1, '22536_3');
INSERT INTO `collection` (id, serial, cardId) VALUES ('22536', 2, '22536_4');
INSERT INTO `collection` (id, serial, cardId) VALUES ('22536', 3, '22536_5');
INSERT INTO `collection` (id, serial, cardId) VALUES ('22536', 4, '22536_6');
INSERT INTO `collection` (id, serial, cardId) VALUES ('22536', 5, '22536_7');
INSERT INTO `collection` (id, serial, cardId) VALUES ('22536', 6, '22536_8');
INSERT INTO `collection` (id, serial, cardId) VALUES ('22536', 7, '22536_9');
INSERT INTO `collection` (id, serial, cardId) VALUES ('22536', 8, '22536_10');
INSERT INTO `collection` (id, serial, cardId) VALUES ('22536', 9, '22536_11');
INSERT INTO `collection` (id, serial, cardId) VALUES ('22536', 10, '22536_12');
INSERT INTO `collection` (id, serial, cardId) VALUES ('22536', 11, '22536_13');
INSERT INTO `collection` (id, serial, cardId) VALUES ('22536', 12, '22536_14');
INSERT INTO `collection` (id, serial, cardId) VALUES ('22536', 13, '22536_15');
INSERT INTO `collection` (id, serial, cardId) VALUES ('22536', 14, '22536_16');
INSERT INTO `collection` (id, serial, cardId) VALUES ('22536', 15, '22536_17');
INSERT INTO `collection` (id, serial, cardId) VALUES ('22536', 16, '22536_20');
INSERT INTO `collection` (id, serial, cardId) VALUES ('22536', 17, '22536_25');
INSERT INTO `collection` (id, serial, cardId) VALUES ('21837', 1, '21837_3');
INSERT INTO `collection` (id, serial, cardId) VALUES ('21837', 2, '21837_4');
INSERT INTO `collection` (id, serial, cardId) VALUES ('21837', 3, '21837_5');
INSERT INTO `collection` (id, serial, cardId) VALUES ('21837', 4, '21837_6');
INSERT INTO `collection` (id, serial, cardId) VALUES ('21837', 5, '21837_7');
INSERT INTO `collection` (id, serial, cardId) VALUES ('21837', 6, '21837_8');
INSERT INTO `collection` (id, serial, cardId) VALUES ('21837', 7, '21837_9');
INSERT INTO `collection` (id, serial, cardId) VALUES ('21837', 8, '21837_10');
INSERT INTO `collection` (id, serial, cardId) VALUES ('21837', 9, '21837_11');
INSERT INTO `collection` (id, serial, cardId) VALUES ('21837', 10, '21837_12');
INSERT INTO `collection` (id, serial, cardId) VALUES ('21837', 11, '21837_13');
INSERT INTO `collection` (id, serial, cardId) VALUES ('21837', 12, '21837_14');
INSERT INTO `collection` (id, serial, cardId) VALUES ('21837', 13, '21837_15');
INSERT INTO `collection` (id, serial, cardId) VALUES ('21837', 14, '21837_16');
INSERT INTO `collection` (id, serial, cardId) VALUES ('21837', 15, '21837_17');
INSERT INTO `collection` (id, serial, cardId) VALUES ('21837', 16, '21837_18');
INSERT INTO `collection` (id, serial, cardId) VALUES ('21837', 17, '21837_19');
INSERT INTO `collection` (id, serial, cardId) VALUES ('21837', 18, '21837_20');
INSERT INTO `collection` (id, serial, cardId) VALUES ('21837', 19, '21837_21');
INSERT INTO `collection` (id, serial, cardId) VALUES ('21837', 20, '21837_30');
INSERT INTO `collection` (id, serial, cardId) VALUES ('21837', 21, '21837_39');
INSERT INTO `collection` (id, serial, cardId) VALUES ('15934', 1, '15934_3');
INSERT INTO `collection` (id, serial, cardId) VALUES ('15934', 2, '15934_4');
INSERT INTO `collection` (id, serial, cardId) VALUES ('15934', 3, '15934_5');
INSERT INTO `collection` (id, serial, cardId) VALUES ('15934', 4, '15934_6');
INSERT INTO `collection` (id, serial, cardId) VALUES ('15934', 5, '15934_7');
INSERT INTO `collection` (id, serial, cardId) VALUES ('15934', 6, '15934_8');
INSERT INTO `collection` (id, serial, cardId) VALUES ('15934', 7, '15934_9');
INSERT INTO `collection` (id, serial, cardId) VALUES ('15934', 8, '15934_10');
INSERT INTO `collection` (id, serial, cardId) VALUES ('15934', 9, '15934_11');
INSERT INTO `collection` (id, serial, cardId) VALUES ('15934', 10, '15934_12');
INSERT INTO `collection` (id, serial, cardId) VALUES ('15934', 11, '15934_13');
INSERT INTO `collection` (id, serial, cardId) VALUES ('15934', 12, '15934_14');
INSERT INTO `collection` (id, serial, cardId) VALUES ('15934', 13, '15934_15');
INSERT INTO `collection` (id, serial, cardId) VALUES ('15934', 14, '15934_16');
INSERT INTO `collection` (id, serial, cardId) VALUES ('15934', 15, '15934_17');
INSERT INTO `collection` (id, serial, cardId) VALUES ('15934', 16, '15934_18');
INSERT INTO `collection` (id, serial, cardId) VALUES ('15934', 17, '15934_19');
INSERT INTO `collection` (id, serial, cardId) VALUES ('15934', 18, '15934_20');
INSERT INTO `collection` (id, serial, cardId) VALUES ('15934', 19, '15934_21');
INSERT INTO `collection` (id, serial, cardId) VALUES ('15934', 20, '15934_22');
INSERT INTO `collection` (id, serial, cardId) VALUES ('15934', 21, '15934_23');
INSERT INTO `collection` (id, serial, cardId) VALUES ('15934', 22, '15934_24');
INSERT INTO `collection` (id, serial, cardId) VALUES ('15934', 23, '15934_25');
INSERT INTO `collection` (id, serial, cardId) VALUES ('15934', 24, '15934_30');
INSERT INTO `collection` (id, serial, cardId) VALUES ('15934', 25, '15934_33');
INSERT INTO `collection` (id, serial, cardId) VALUES ('21149', 1, '21149_3');
INSERT INTO `collection` (id, serial, cardId) VALUES ('21149', 2, '21149_4');
INSERT INTO `collection` (id, serial, cardId) VALUES ('21149', 3, '21149_5');
INSERT INTO `collection` (id, serial, cardId) VALUES ('21149', 4, '21149_6');
INSERT INTO `collection` (id, serial, cardId) VALUES ('21149', 5, '21149_7');
INSERT INTO `collection` (id, serial, cardId) VALUES ('21149', 6, '21149_8');
INSERT INTO `collection` (id, serial, cardId) VALUES ('21149', 7, '21149_9');
INSERT INTO `collection` (id, serial, cardId) VALUES ('21149', 8, '21149_10');
INSERT INTO `collection` (id, serial, cardId) VALUES ('21149', 9, '21149_11');
INSERT INTO `collection` (id, serial, cardId) VALUES ('21149', 10, '21149_12');
INSERT INTO `collection` (id, serial, cardId) VALUES ('21149', 11, '21149_13');
INSERT INTO `collection` (id, serial, cardId) VALUES ('21149', 12, '21149_14');
INSERT INTO `collection` (id, serial, cardId) VALUES ('21149', 13, '21149_15');
INSERT INTO `collection` (id, serial, cardId) VALUES ('21149', 14, '21149_16');
INSERT INTO `collection` (id, serial, cardId) VALUES ('21149', 15, '21149_17');
INSERT INTO `collection` (id, serial, cardId) VALUES ('21149', 16, '21149_22');
INSERT INTO `collection` (id, serial, cardId) VALUES ('21149', 17, '21149_25');
INSERT INTO `collection` (id, serial, cardId) VALUES ('17534', 1, '17534_3');
INSERT INTO `collection` (id, serial, cardId) VALUES ('17534', 2, '17534_4');
INSERT INTO `collection` (id, serial, cardId) VALUES ('17534', 3, '17534_5');
INSERT INTO `collection` (id, serial, cardId) VALUES ('17534', 4, '17534_6');
INSERT INTO `collection` (id, serial, cardId) VALUES ('17534', 5, '17534_7');
INSERT INTO `collection` (id, serial, cardId) VALUES ('17534', 6, '17534_8');
INSERT INTO `collection` (id, serial, cardId) VALUES ('17534', 7, '17534_9');
INSERT INTO `collection` (id, serial, cardId) VALUES ('17534', 8, '17534_10');
INSERT INTO `collection` (id, serial, cardId) VALUES ('17534', 9, '17534_11');
INSERT INTO `collection` (id, serial, cardId) VALUES ('17534', 10, '17534_12');
INSERT INTO `collection` (id, serial, cardId) VALUES ('17534', 11, '17534_13');
INSERT INTO `collection` (id, serial, cardId) VALUES ('17534', 12, '17534_18');
INSERT INTO `collection` (id, serial, cardId) VALUES ('17534', 13, '17534_21');
INSERT INTO `collection` (id, serial, cardId) VALUES ('17031', 1, '17031_3');
INSERT INTO `collection` (id, serial, cardId) VALUES ('17031', 2, '17031_4');
INSERT INTO `collection` (id, serial, cardId) VALUES ('17031', 3, '17031_5');
INSERT INTO `collection` (id, serial, cardId) VALUES ('17031', 4, '17031_6');
INSERT INTO `collection` (id, serial, cardId) VALUES ('17031', 5, '17031_7');
INSERT INTO `collection` (id, serial, cardId) VALUES ('17031', 6, '17031_8');
INSERT INTO `collection` (id, serial, cardId) VALUES ('17031', 7, '17031_9');
INSERT INTO `collection` (id, serial, cardId) VALUES ('17031', 8, '17031_10');
INSERT INTO `collection` (id, serial, cardId) VALUES ('17031', 9, '17031_11');
INSERT INTO `collection` (id, serial, cardId) VALUES ('17031', 10, '17031_12');
INSERT INTO `collection` (id, serial, cardId) VALUES ('17031', 11, '17031_13');
INSERT INTO `collection` (id, serial, cardId) VALUES ('17031', 12, '17031_14');
INSERT INTO `collection` (id, serial, cardId) VALUES ('17031', 13, '17031_15');
INSERT INTO `collection` (id, serial, cardId) VALUES ('17031', 14, '17031_16');
INSERT INTO `collection` (id, serial, cardId) VALUES ('17031', 15, '17031_17');
INSERT INTO `collection` (id, serial, cardId) VALUES ('17031', 16, '17031_22');
INSERT INTO `collection` (id, serial, cardId) VALUES ('17031', 17, '17031_25');
INSERT INTO `collection` (id, serial, cardId) VALUES ('2069', 1, '2069_3');
INSERT INTO `collection` (id, serial, cardId) VALUES ('2069', 2, '2069_4');
INSERT INTO `collection` (id, serial, cardId) VALUES ('2069', 3, '2069_5');
INSERT INTO `collection` (id, serial, cardId) VALUES ('2069', 4, '2069_6');
INSERT INTO `collection` (id, serial, cardId) VALUES ('2069', 5, '2069_7');
INSERT INTO `collection` (id, serial, cardId) VALUES ('2069', 6, '2069_8');
INSERT INTO `collection` (id, serial, cardId) VALUES ('2069', 7, '2069_9');
INSERT INTO `collection` (id, serial, cardId) VALUES ('2069', 8, '2069_10');
INSERT INTO `collection` (id, serial, cardId) VALUES ('2069', 9, '2069_11');
INSERT INTO `collection` (id, serial, cardId) VALUES ('2069', 10, '2069_12');
INSERT INTO `collection` (id, serial, cardId) VALUES ('2069', 11, '2069_13');
INSERT INTO `collection` (id, serial, cardId) VALUES ('2069', 12, '2069_20');
INSERT INTO `collection` (id, serial, cardId) VALUES ('2069', 13, '2069_23');
INSERT INTO `collection` (id, serial, cardId) VALUES ('22088', 1, '22088_3');
INSERT INTO `collection` (id, serial, cardId) VALUES ('22088', 2, '22088_4');
INSERT INTO `collection` (id, serial, cardId) VALUES ('22088', 3, '22088_5');
INSERT INTO `collection` (id, serial, cardId) VALUES ('22088', 4, '22088_6');
INSERT INTO `collection` (id, serial, cardId) VALUES ('22088', 5, '22088_7');
INSERT INTO `collection` (id, serial, cardId) VALUES ('22088', 6, '22088_8');
INSERT INTO `collection` (id, serial, cardId) VALUES ('22088', 7, '22088_9');
INSERT INTO `collection` (id, serial, cardId) VALUES ('22088', 8, '22088_10');
INSERT INTO `collection` (id, serial, cardId) VALUES ('22088', 9, '22088_11');
INSERT INTO `collection` (id, serial, cardId) VALUES ('22088', 10, '22088_12');
INSERT INTO `collection` (id, serial, cardId) VALUES ('22088', 11, '22088_13');
INSERT INTO `collection` (id, serial, cardId) VALUES ('22088', 12, '22088_14');
INSERT INTO `collection` (id, serial, cardId) VALUES ('22088', 13, '22088_15');
INSERT INTO `collection` (id, serial, cardId) VALUES ('22088', 14, '22088_20');
INSERT INTO `collection` (id, serial, cardId) VALUES ('22088', 15, '22088_23');
INSERT INTO `collection` (id, serial, cardId) VALUES ('15938', 1, '15938_3');
INSERT INTO `collection` (id, serial, cardId) VALUES ('15938', 2, '15938_4');
INSERT INTO `collection` (id, serial, cardId) VALUES ('15938', 3, '15938_5');
INSERT INTO `collection` (id, serial, cardId) VALUES ('15938', 4, '15938_6');
INSERT INTO `collection` (id, serial, cardId) VALUES ('15938', 5, '15938_7');
INSERT INTO `collection` (id, serial, cardId) VALUES ('15938', 6, '15938_8');
INSERT INTO `collection` (id, serial, cardId) VALUES ('15938', 7, '15938_9');
INSERT INTO `collection` (id, serial, cardId) VALUES ('15938', 8, '15938_10');
INSERT INTO `collection` (id, serial, cardId) VALUES ('15938', 9, '15938_11');
INSERT INTO `collection` (id, serial, cardId) VALUES ('15938', 10, '15938_12');
INSERT INTO `collection` (id, serial, cardId) VALUES ('15938', 11, '15938_13');
INSERT INTO `collection` (id, serial, cardId) VALUES ('15938', 12, '15938_18');
INSERT INTO `collection` (id, serial, cardId) VALUES ('15938', 13, '15938_21');
INSERT INTO `collection` (id, serial, cardId) VALUES ('8442', 1, '8442_3');
INSERT INTO `collection` (id, serial, cardId) VALUES ('8442', 2, '8442_4');
INSERT INTO `collection` (id, serial, cardId) VALUES ('8442', 3, '8442_5');
INSERT INTO `collection` (id, serial, cardId) VALUES ('8442', 4, '8442_6');
INSERT INTO `collection` (id, serial, cardId) VALUES ('8442', 5, '8442_7');
INSERT INTO `collection` (id, serial, cardId) VALUES ('8442', 6, '8442_8');
INSERT INTO `collection` (id, serial, cardId) VALUES ('8442', 7, '8442_9');
INSERT INTO `collection` (id, serial, cardId) VALUES ('8442', 8, '8442_10');
INSERT INTO `collection` (id, serial, cardId) VALUES ('8442', 9, '8442_11');
INSERT INTO `collection` (id, serial, cardId) VALUES ('8442', 10, '8442_12');
INSERT INTO `collection` (id, serial, cardId) VALUES ('8442', 11, '8442_13');
INSERT INTO `collection` (id, serial, cardId) VALUES ('8442', 12, '8442_14');
INSERT INTO `collection` (id, serial, cardId) VALUES ('8442', 13, '8442_15');
INSERT INTO `collection` (id, serial, cardId) VALUES ('8442', 14, '8442_16');
INSERT INTO `collection` (id, serial, cardId) VALUES ('8442', 15, '8442_17');
INSERT INTO `collection` (id, serial, cardId) VALUES ('8442', 16, '8442_22');
INSERT INTO `collection` (id, serial, cardId) VALUES ('8442', 17, '8442_27');
INSERT INTO `collection` (id, serial, cardId) VALUES ('24473', 1, '24473_3');
INSERT INTO `collection` (id, serial, cardId) VALUES ('24473', 2, '24473_4');
INSERT INTO `collection` (id, serial, cardId) VALUES ('24473', 3, '24473_5');
INSERT INTO `collection` (id, serial, cardId) VALUES ('24473', 4, '24473_6');
INSERT INTO `collection` (id, serial, cardId) VALUES ('24473', 5, '24473_7');
INSERT INTO `collection` (id, serial, cardId) VALUES ('24473', 6, '24473_8');
INSERT INTO `collection` (id, serial, cardId) VALUES ('24473', 7, '24473_9');
INSERT INTO `collection` (id, serial, cardId) VALUES ('24473', 8, '24473_10');
INSERT INTO `collection` (id, serial, cardId) VALUES ('24473', 9, '24473_11');
INSERT INTO `collection` (id, serial, cardId) VALUES ('24473', 10, '24473_12');
INSERT INTO `collection` (id, serial, cardId) VALUES ('24473', 11, '24473_13');
INSERT INTO `collection` (id, serial, cardId) VALUES ('24473', 12, '24473_14');
INSERT INTO `collection` (id, serial, cardId) VALUES ('24473', 13, '24473_15');
INSERT INTO `collection` (id, serial, cardId) VALUES ('24473', 14, '24473_16');
INSERT INTO `collection` (id, serial, cardId) VALUES ('24473', 15, '24473_17');
INSERT INTO `collection` (id, serial, cardId) VALUES ('24473', 16, '24473_20');
INSERT INTO `collection` (id, serial, cardId) VALUES ('24473', 17, '24473_25');
INSERT INTO `collection` (id, serial, cardId) VALUES ('21999', 1, '21999_3');
INSERT INTO `collection` (id, serial, cardId) VALUES ('21999', 2, '21999_4');
INSERT INTO `collection` (id, serial, cardId) VALUES ('21999', 3, '21999_5');
INSERT INTO `collection` (id, serial, cardId) VALUES ('21999', 4, '21999_6');
INSERT INTO `collection` (id, serial, cardId) VALUES ('21999', 5, '21999_7');
INSERT INTO `collection` (id, serial, cardId) VALUES ('21999', 6, '21999_8');
INSERT INTO `collection` (id, serial, cardId) VALUES ('21999', 7, '21999_9');
INSERT INTO `collection` (id, serial, cardId) VALUES ('21999', 8, '21999_10');
INSERT INTO `collection` (id, serial, cardId) VALUES ('21999', 9, '21999_11');
INSERT INTO `collection` (id, serial, cardId) VALUES ('21999', 10, '21999_12');
INSERT INTO `collection` (id, serial, cardId) VALUES ('21999', 11, '21999_13');
INSERT INTO `collection` (id, serial, cardId) VALUES ('21999', 12, '21999_14');
INSERT INTO `collection` (id, serial, cardId) VALUES ('21999', 13, '21999_15');
INSERT INTO `collection` (id, serial, cardId) VALUES ('21999', 14, '21999_16');
INSERT INTO `collection` (id, serial, cardId) VALUES ('21999', 15, '21999_17');
INSERT INTO `collection` (id, serial, cardId) VALUES ('21999', 16, '21999_18');
INSERT INTO `collection` (id, serial, cardId) VALUES ('21999', 17, '21999_19');
INSERT INTO `collection` (id, serial, cardId) VALUES ('21999', 18, '21999_20');
INSERT INTO `collection` (id, serial, cardId) VALUES ('21999', 19, '21999_21');
INSERT INTO `collection` (id, serial, cardId) VALUES ('21999', 20, '21999_26');
INSERT INTO `collection` (id, serial, cardId) VALUES ('21999', 21, '21999_29');
INSERT INTO `collection` (id, serial, cardId) VALUES ('22080', 1, '22080_3');
INSERT INTO `collection` (id, serial, cardId) VALUES ('22080', 2, '22080_4');
INSERT INTO `collection` (id, serial, cardId) VALUES ('22080', 3, '22080_5');
INSERT INTO `collection` (id, serial, cardId) VALUES ('22080', 4, '22080_6');
INSERT INTO `collection` (id, serial, cardId) VALUES ('22080', 5, '22080_7');
INSERT INTO `collection` (id, serial, cardId) VALUES ('22080', 6, '22080_8');
INSERT INTO `collection` (id, serial, cardId) VALUES ('22080', 7, '22080_9');
INSERT INTO `collection` (id, serial, cardId) VALUES ('22080', 8, '22080_10');
INSERT INTO `collection` (id, serial, cardId) VALUES ('22080', 9, '22080_11');
INSERT INTO `collection` (id, serial, cardId) VALUES ('22080', 10, '22080_12');
INSERT INTO `collection` (id, serial, cardId) VALUES ('22080', 11, '22080_13');
INSERT INTO `collection` (id, serial, cardId) VALUES ('22080', 12, '22080_14');
INSERT INTO `collection` (id, serial, cardId) VALUES ('22080', 13, '22080_15');
INSERT INTO `collection` (id, serial, cardId) VALUES ('22080', 14, '22080_16');
INSERT INTO `collection` (id, serial, cardId) VALUES ('22080', 15, '22080_17');
INSERT INTO `collection` (id, serial, cardId) VALUES ('22080', 16, '22080_18');
INSERT INTO `collection` (id, serial, cardId) VALUES ('22080', 17, '22080_19');
INSERT INTO `collection` (id, serial, cardId) VALUES ('22080', 18, '22080_20');
INSERT INTO `collection` (id, serial, cardId) VALUES ('22080', 19, '22080_21');
INSERT INTO `collection` (id, serial, cardId) VALUES ('22080', 20, '22080_26');
INSERT INTO `collection` (id, serial, cardId) VALUES ('22080', 21, '22080_29');
INSERT INTO `collection` (id, serial, cardId) VALUES ('22080', 22, '22080_32');
INSERT INTO `collection` (id, serial, cardId) VALUES ('12670', 1, '12670_3');
INSERT INTO `collection` (id, serial, cardId) VALUES ('12670', 2, '12670_4');
INSERT INTO `collection` (id, serial, cardId) VALUES ('12670', 3, '12670_5');
INSERT INTO `collection` (id, serial, cardId) VALUES ('12670', 4, '12670_6');
INSERT INTO `collection` (id, serial, cardId) VALUES ('12670', 5, '12670_7');
INSERT INTO `collection` (id, serial, cardId) VALUES ('12670', 6, '12670_8');
INSERT INTO `collection` (id, serial, cardId) VALUES ('12670', 7, '12670_9');
INSERT INTO `collection` (id, serial, cardId) VALUES ('12670', 8, '12670_10');
INSERT INTO `collection` (id, serial, cardId) VALUES ('12670', 9, '12670_11');
INSERT INTO `collection` (id, serial, cardId) VALUES ('12670', 10, '12670_12');
INSERT INTO `collection` (id, serial, cardId) VALUES ('12670', 11, '12670_13');
INSERT INTO `collection` (id, serial, cardId) VALUES ('12670', 12, '12670_14');
INSERT INTO `collection` (id, serial, cardId) VALUES ('12670', 13, '12670_15');
INSERT INTO `collection` (id, serial, cardId) VALUES ('12670', 14, '12670_16');
INSERT INTO `collection` (id, serial, cardId) VALUES ('12670', 15, '12670_17');
INSERT INTO `collection` (id, serial, cardId) VALUES ('12670', 16, '12670_18');
INSERT INTO `collection` (id, serial, cardId) VALUES ('12670', 17, '12670_19');
INSERT INTO `collection` (id, serial, cardId) VALUES ('12670', 18, '12670_20');
INSERT INTO `collection` (id, serial, cardId) VALUES ('12670', 19, '12670_21');
INSERT INTO `collection` (id, serial, cardId) VALUES ('12670', 20, '12670_22');
INSERT INTO `collection` (id, serial, cardId) VALUES ('12670', 21, '12670_23');
INSERT INTO `collection` (id, serial, cardId) VALUES ('12670', 22, '12670_24');
INSERT INTO `collection` (id, serial, cardId) VALUES ('12670', 23, '12670_25');
INSERT INTO `collection` (id, serial, cardId) VALUES ('12670', 24, '12670_28');
INSERT INTO `collection` (id, serial, cardId) VALUES ('12670', 25, '12670_31');
INSERT INTO `collection` (id, serial, cardId) VALUES ('12670', 26, '12670_34');
INSERT INTO `collection` (id, serial, cardId) VALUES ('19586', 1, '19586_3');
INSERT INTO `collection` (id, serial, cardId) VALUES ('19586', 2, '19586_4');
INSERT INTO `collection` (id, serial, cardId) VALUES ('19586', 3, '19586_5');
INSERT INTO `collection` (id, serial, cardId) VALUES ('19586', 4, '19586_6');
INSERT INTO `collection` (id, serial, cardId) VALUES ('19586', 5, '19586_7');
INSERT INTO `collection` (id, serial, cardId) VALUES ('19586', 6, '19586_8');
INSERT INTO `collection` (id, serial, cardId) VALUES ('19586', 7, '19586_9');
INSERT INTO `collection` (id, serial, cardId) VALUES ('19586', 8, '19586_10');
INSERT INTO `collection` (id, serial, cardId) VALUES ('19586', 9, '19586_11');
INSERT INTO `collection` (id, serial, cardId) VALUES ('19586', 10, '19586_12');
INSERT INTO `collection` (id, serial, cardId) VALUES ('19586', 11, '19586_13');
INSERT INTO `collection` (id, serial, cardId) VALUES ('19586', 12, '19586_14');
INSERT INTO `collection` (id, serial, cardId) VALUES ('19586', 13, '19586_15');
INSERT INTO `collection` (id, serial, cardId) VALUES ('19586', 14, '19586_16');
INSERT INTO `collection` (id, serial, cardId) VALUES ('19586', 15, '19586_17');
INSERT INTO `collection` (id, serial, cardId) VALUES ('19586', 16, '19586_22');
INSERT INTO `collection` (id, serial, cardId) VALUES ('19586', 17, '19586_27');
INSERT INTO `collection` (id, serial, cardId) VALUES ('19586', 18, '19586_30');
INSERT INTO `collection` (id, serial, cardId) VALUES ('21075', 1, '21075_3');
INSERT INTO `collection` (id, serial, cardId) VALUES ('21075', 2, '21075_4');
INSERT INTO `collection` (id, serial, cardId) VALUES ('21075', 3, '21075_5');
INSERT INTO `collection` (id, serial, cardId) VALUES ('21075', 4, '21075_6');
INSERT INTO `collection` (id, serial, cardId) VALUES ('21075', 5, '21075_7');
INSERT INTO `collection` (id, serial, cardId) VALUES ('21075', 6, '21075_8');
INSERT INTO `collection` (id, serial, cardId) VALUES ('21075', 7, '21075_9');
INSERT INTO `collection` (id, serial, cardId) VALUES ('21075', 8, '21075_10');
INSERT INTO `collection` (id, serial, cardId) VALUES ('21075', 9, '21075_11');
INSERT INTO `collection` (id, serial, cardId) VALUES ('21075', 10, '21075_12');
INSERT INTO `collection` (id, serial, cardId) VALUES ('21075', 11, '21075_13');
INSERT INTO `collection` (id, serial, cardId) VALUES ('21075', 12, '21075_14');
INSERT INTO `collection` (id, serial, cardId) VALUES ('21075', 13, '21075_15');
INSERT INTO `collection` (id, serial, cardId) VALUES ('21075', 14, '21075_16');
INSERT INTO `collection` (id, serial, cardId) VALUES ('21075', 15, '21075_17');
INSERT INTO `collection` (id, serial, cardId) VALUES ('21075', 16, '21075_18');
INSERT INTO `collection` (id, serial, cardId) VALUES ('21075', 17, '21075_19');
INSERT INTO `collection` (id, serial, cardId) VALUES ('21075', 18, '21075_20');
INSERT INTO `collection` (id, serial, cardId) VALUES ('21075', 19, '21075_21');
INSERT INTO `collection` (id, serial, cardId) VALUES ('21075', 20, '21075_22');
INSERT INTO `collection` (id, serial, cardId) VALUES ('21075', 21, '21075_23');
INSERT INTO `collection` (id, serial, cardId) VALUES ('21075', 22, '21075_24');
INSERT INTO `collection` (id, serial, cardId) VALUES ('21075', 23, '21075_25');
INSERT INTO `collection` (id, serial, cardId) VALUES ('21075', 24, '21075_28');
INSERT INTO `collection` (id, serial, cardId) VALUES ('21075', 25, '21075_34');
INSERT INTO `collection` (id, serial, cardId) VALUES ('21075', 26, '21075_37');
INSERT INTO `collection` (id, serial, cardId) VALUES ('18330', 1, '18330_3');
INSERT INTO `collection` (id, serial, cardId) VALUES ('18330', 2, '18330_4');
INSERT INTO `collection` (id, serial, cardId) VALUES ('18330', 3, '18330_5');
INSERT INTO `collection` (id, serial, cardId) VALUES ('18330', 4, '18330_6');
INSERT INTO `collection` (id, serial, cardId) VALUES ('18330', 5, '18330_7');
INSERT INTO `collection` (id, serial, cardId) VALUES ('18330', 6, '18330_8');
INSERT INTO `collection` (id, serial, cardId) VALUES ('18330', 7, '18330_9');
INSERT INTO `collection` (id, serial, cardId) VALUES ('18330', 8, '18330_10');
INSERT INTO `collection` (id, serial, cardId) VALUES ('18330', 9, '18330_11');
INSERT INTO `collection` (id, serial, cardId) VALUES ('18330', 10, '18330_12');
INSERT INTO `collection` (id, serial, cardId) VALUES ('18330', 11, '18330_13');
INSERT INTO `collection` (id, serial, cardId) VALUES ('18330', 12, '18330_14');
INSERT INTO `collection` (id, serial, cardId) VALUES ('18330', 13, '18330_15');
INSERT INTO `collection` (id, serial, cardId) VALUES ('18330', 14, '18330_16');
INSERT INTO `collection` (id, serial, cardId) VALUES ('18330', 15, '18330_17');
INSERT INTO `collection` (id, serial, cardId) VALUES ('18330', 16, '18330_18');
INSERT INTO `collection` (id, serial, cardId) VALUES ('18330', 17, '18330_19');
INSERT INTO `collection` (id, serial, cardId) VALUES ('18330', 18, '18330_20');
INSERT INTO `collection` (id, serial, cardId) VALUES ('18330', 19, '18330_21');
INSERT INTO `collection` (id, serial, cardId) VALUES ('18330', 20, '18330_26');
INSERT INTO `collection` (id, serial, cardId) VALUES ('18330', 21, '18330_29');
INSERT INTO `collection` (id, serial, cardId) VALUES ('18330', 22, '18330_32');
INSERT INTO `collection` (id, serial, cardId) VALUES ('18330', 23, '18330_35');
INSERT INTO `collection` (id, serial, cardId) VALUES ('14412', 1, '14412_3');
INSERT INTO `collection` (id, serial, cardId) VALUES ('14412', 2, '14412_4');
INSERT INTO `collection` (id, serial, cardId) VALUES ('14412', 3, '14412_5');
INSERT INTO `collection` (id, serial, cardId) VALUES ('14412', 4, '14412_6');
INSERT INTO `collection` (id, serial, cardId) VALUES ('14412', 5, '14412_7');
INSERT INTO `collection` (id, serial, cardId) VALUES ('14412', 6, '14412_8');
INSERT INTO `collection` (id, serial, cardId) VALUES ('14412', 7, '14412_9');
INSERT INTO `collection` (id, serial, cardId) VALUES ('14412', 8, '14412_10');
INSERT INTO `collection` (id, serial, cardId) VALUES ('14412', 9, '14412_11');
INSERT INTO `collection` (id, serial, cardId) VALUES ('14412', 10, '14412_12');
INSERT INTO `collection` (id, serial, cardId) VALUES ('14412', 11, '14412_13');
INSERT INTO `collection` (id, serial, cardId) VALUES ('14412', 12, '14412_14');
INSERT INTO `collection` (id, serial, cardId) VALUES ('14412', 13, '14412_15');
INSERT INTO `collection` (id, serial, cardId) VALUES ('14412', 14, '14412_16');
INSERT INTO `collection` (id, serial, cardId) VALUES ('14412', 15, '14412_17');
INSERT INTO `collection` (id, serial, cardId) VALUES ('14412', 16, '14412_18');
INSERT INTO `collection` (id, serial, cardId) VALUES ('14412', 17, '14412_19');
INSERT INTO `collection` (id, serial, cardId) VALUES ('14412', 18, '14412_20');
INSERT INTO `collection` (id, serial, cardId) VALUES ('14412', 19, '14412_21');
INSERT INTO `collection` (id, serial, cardId) VALUES ('14412', 20, '14412_26');
INSERT INTO `collection` (id, serial, cardId) VALUES ('14412', 21, '14412_29');
INSERT INTO `collection` (id, serial, cardId) VALUES ('14412', 22, '14412_32');
INSERT INTO `collection` (id, serial, cardId) VALUES ('2405', 1, '2405_3');
INSERT INTO `collection` (id, serial, cardId) VALUES ('2405', 2, '2405_4');
INSERT INTO `collection` (id, serial, cardId) VALUES ('2405', 3, '2405_5');
INSERT INTO `collection` (id, serial, cardId) VALUES ('2405', 4, '2405_6');
INSERT INTO `collection` (id, serial, cardId) VALUES ('2405', 5, '2405_7');
INSERT INTO `collection` (id, serial, cardId) VALUES ('2405', 6, '2405_8');
INSERT INTO `collection` (id, serial, cardId) VALUES ('2405', 7, '2405_9');
INSERT INTO `collection` (id, serial, cardId) VALUES ('2405', 8, '2405_10');
INSERT INTO `collection` (id, serial, cardId) VALUES ('2405', 9, '2405_11');
INSERT INTO `collection` (id, serial, cardId) VALUES ('2405', 10, '2405_12');
INSERT INTO `collection` (id, serial, cardId) VALUES ('2405', 11, '2405_15');
INSERT INTO `collection` (id, serial, cardId) VALUES ('2405', 12, '2405_18');
INSERT INTO `collection` (id, serial, cardId) VALUES ('2405', 13, '2405_23');
INSERT INTO `collection` (id, serial, cardId) VALUES ('21126', 1, '21126_3');
INSERT INTO `collection` (id, serial, cardId) VALUES ('21126', 2, '21126_4');
INSERT INTO `collection` (id, serial, cardId) VALUES ('21126', 3, '21126_5');
INSERT INTO `collection` (id, serial, cardId) VALUES ('21126', 4, '21126_6');
INSERT INTO `collection` (id, serial, cardId) VALUES ('21126', 5, '21126_7');
INSERT INTO `collection` (id, serial, cardId) VALUES ('21126', 6, '21126_8');
INSERT INTO `collection` (id, serial, cardId) VALUES ('21126', 7, '21126_9');
INSERT INTO `collection` (id, serial, cardId) VALUES ('21126', 8, '21126_10');
INSERT INTO `collection` (id, serial, cardId) VALUES ('21126', 9, '21126_11');
INSERT INTO `collection` (id, serial, cardId) VALUES ('21126', 10, '21126_12');
INSERT INTO `collection` (id, serial, cardId) VALUES ('21126', 11, '21126_13');
INSERT INTO `collection` (id, serial, cardId) VALUES ('21126', 12, '21126_14');
INSERT INTO `collection` (id, serial, cardId) VALUES ('21126', 13, '21126_15');
INSERT INTO `collection` (id, serial, cardId) VALUES ('21126', 14, '21126_16');
INSERT INTO `collection` (id, serial, cardId) VALUES ('21126', 15, '21126_17');
INSERT INTO `collection` (id, serial, cardId) VALUES ('21126', 16, '21126_18');
INSERT INTO `collection` (id, serial, cardId) VALUES ('21126', 17, '21126_23');
INSERT INTO `collection` (id, serial, cardId) VALUES ('21126', 18, '21126_29');
INSERT INTO `collection` (id, serial, cardId) VALUES ('12652', 1, '12652_3');
INSERT INTO `collection` (id, serial, cardId) VALUES ('12652', 2, '12652_4');
INSERT INTO `collection` (id, serial, cardId) VALUES ('12652', 3, '12652_5');
INSERT INTO `collection` (id, serial, cardId) VALUES ('12652', 4, '12652_6');
INSERT INTO `collection` (id, serial, cardId) VALUES ('12652', 5, '12652_7');
INSERT INTO `collection` (id, serial, cardId) VALUES ('12652', 6, '12652_8');
INSERT INTO `collection` (id, serial, cardId) VALUES ('12652', 7, '12652_9');
INSERT INTO `collection` (id, serial, cardId) VALUES ('12652', 8, '12652_10');
INSERT INTO `collection` (id, serial, cardId) VALUES ('12652', 9, '12652_11');
INSERT INTO `collection` (id, serial, cardId) VALUES ('12652', 10, '12652_12');
INSERT INTO `collection` (id, serial, cardId) VALUES ('12652', 11, '12652_13');
INSERT INTO `collection` (id, serial, cardId) VALUES ('12652', 12, '12652_18');
INSERT INTO `collection` (id, serial, cardId) VALUES ('12652', 13, '12652_21');
INSERT INTO `collection` (id, serial, cardId) VALUES ('15746', 1, '15746_3');
INSERT INTO `collection` (id, serial, cardId) VALUES ('15746', 2, '15746_4');
INSERT INTO `collection` (id, serial, cardId) VALUES ('15746', 3, '15746_5');
INSERT INTO `collection` (id, serial, cardId) VALUES ('15746', 4, '15746_6');
INSERT INTO `collection` (id, serial, cardId) VALUES ('15746', 5, '15746_7');
INSERT INTO `collection` (id, serial, cardId) VALUES ('15746', 6, '15746_8');
INSERT INTO `collection` (id, serial, cardId) VALUES ('15746', 7, '15746_9');
INSERT INTO `collection` (id, serial, cardId) VALUES ('15746', 8, '15746_10');
INSERT INTO `collection` (id, serial, cardId) VALUES ('15746', 9, '15746_11');
INSERT INTO `collection` (id, serial, cardId) VALUES ('15746', 10, '15746_12');
INSERT INTO `collection` (id, serial, cardId) VALUES ('15746', 11, '15746_13');
INSERT INTO `collection` (id, serial, cardId) VALUES ('15746', 12, '15746_14');
INSERT INTO `collection` (id, serial, cardId) VALUES ('15746', 13, '15746_15');
INSERT INTO `collection` (id, serial, cardId) VALUES ('15746', 14, '15746_16');
INSERT INTO `collection` (id, serial, cardId) VALUES ('15746', 15, '15746_21');
INSERT INTO `collection` (id, serial, cardId) VALUES ('15746', 16, '15746_24');
INSERT INTO `collection` (id, serial, cardId) VALUES ('15746', 17, '15746_27');
INSERT INTO `collection` (id, serial, cardId) VALUES ('12602', 1, '12602_3');
INSERT INTO `collection` (id, serial, cardId) VALUES ('12602', 2, '12602_4');
INSERT INTO `collection` (id, serial, cardId) VALUES ('12602', 3, '12602_5');
INSERT INTO `collection` (id, serial, cardId) VALUES ('12602', 4, '12602_6');
INSERT INTO `collection` (id, serial, cardId) VALUES ('12602', 5, '12602_7');
INSERT INTO `collection` (id, serial, cardId) VALUES ('12602', 6, '12602_8');
INSERT INTO `collection` (id, serial, cardId) VALUES ('12602', 7, '12602_9');
INSERT INTO `collection` (id, serial, cardId) VALUES ('12602', 8, '12602_10');
INSERT INTO `collection` (id, serial, cardId) VALUES ('12602', 9, '12602_11');
INSERT INTO `collection` (id, serial, cardId) VALUES ('12602', 10, '12602_14');
INSERT INTO `collection` (id, serial, cardId) VALUES ('12602', 11, '12602_17');
INSERT INTO `collection` (id, serial, cardId) VALUES ('22087', 1, '22087_3');
INSERT INTO `collection` (id, serial, cardId) VALUES ('22087', 2, '22087_4');
INSERT INTO `collection` (id, serial, cardId) VALUES ('22087', 3, '22087_5');
INSERT INTO `collection` (id, serial, cardId) VALUES ('22087', 4, '22087_6');
INSERT INTO `collection` (id, serial, cardId) VALUES ('22087', 5, '22087_7');
INSERT INTO `collection` (id, serial, cardId) VALUES ('22087', 6, '22087_8');
INSERT INTO `collection` (id, serial, cardId) VALUES ('22087', 7, '22087_9');
INSERT INTO `collection` (id, serial, cardId) VALUES ('22087', 8, '22087_10');
INSERT INTO `collection` (id, serial, cardId) VALUES ('22087', 9, '22087_11');
INSERT INTO `collection` (id, serial, cardId) VALUES ('22087', 10, '22087_12');
INSERT INTO `collection` (id, serial, cardId) VALUES ('22087', 11, '22087_13');
INSERT INTO `collection` (id, serial, cardId) VALUES ('22087', 12, '22087_18');
INSERT INTO `collection` (id, serial, cardId) VALUES ('22087', 13, '22087_23');
INSERT INTO `collection` (id, serial, cardId) VALUES ('21151', 1, '21151_3');
INSERT INTO `collection` (id, serial, cardId) VALUES ('21151', 2, '21151_4');
INSERT INTO `collection` (id, serial, cardId) VALUES ('21151', 3, '21151_5');
INSERT INTO `collection` (id, serial, cardId) VALUES ('21151', 4, '21151_6');
INSERT INTO `collection` (id, serial, cardId) VALUES ('21151', 5, '21151_7');
INSERT INTO `collection` (id, serial, cardId) VALUES ('21151', 6, '21151_8');
INSERT INTO `collection` (id, serial, cardId) VALUES ('21151', 7, '21151_9');
INSERT INTO `collection` (id, serial, cardId) VALUES ('21151', 8, '21151_10');
INSERT INTO `collection` (id, serial, cardId) VALUES ('21151', 9, '21151_11');
INSERT INTO `collection` (id, serial, cardId) VALUES ('21151', 10, '21151_12');
INSERT INTO `collection` (id, serial, cardId) VALUES ('21151', 11, '21151_13');
INSERT INTO `collection` (id, serial, cardId) VALUES ('21151', 12, '21151_14');
INSERT INTO `collection` (id, serial, cardId) VALUES ('21151', 13, '21151_15');
INSERT INTO `collection` (id, serial, cardId) VALUES ('21151', 14, '21151_16');
INSERT INTO `collection` (id, serial, cardId) VALUES ('21151', 15, '21151_17');
INSERT INTO `collection` (id, serial, cardId) VALUES ('21151', 16, '21151_22');
INSERT INTO `collection` (id, serial, cardId) VALUES ('21151', 17, '21151_25');
INSERT INTO `collection` (id, serial, cardId) VALUES ('21151', 18, '21151_30');
INSERT INTO `collection` (id, serial, cardId) VALUES ('16742', 1, '16742_3');
INSERT INTO `collection` (id, serial, cardId) VALUES ('16742', 2, '16742_4');
INSERT INTO `collection` (id, serial, cardId) VALUES ('16742', 3, '16742_5');
INSERT INTO `collection` (id, serial, cardId) VALUES ('16742', 4, '16742_6');
INSERT INTO `collection` (id, serial, cardId) VALUES ('16742', 5, '16742_7');
INSERT INTO `collection` (id, serial, cardId) VALUES ('16742', 6, '16742_8');
INSERT INTO `collection` (id, serial, cardId) VALUES ('16742', 7, '16742_9');
INSERT INTO `collection` (id, serial, cardId) VALUES ('16742', 8, '16742_10');
INSERT INTO `collection` (id, serial, cardId) VALUES ('16742', 9, '16742_11');
INSERT INTO `collection` (id, serial, cardId) VALUES ('16742', 10, '16742_12');
INSERT INTO `collection` (id, serial, cardId) VALUES ('16742', 11, '16742_13');
INSERT INTO `collection` (id, serial, cardId) VALUES ('16742', 12, '16742_16');
INSERT INTO `collection` (id, serial, cardId) VALUES ('16742', 13, '16742_19');
INSERT INTO `collection` (id, serial, cardId) VALUES ('16742', 14, '16742_29');
INSERT INTO `collection` (id, serial, cardId) VALUES ('16084', 1, '16084_3');
INSERT INTO `collection` (id, serial, cardId) VALUES ('16084', 2, '16084_4');
INSERT INTO `collection` (id, serial, cardId) VALUES ('16084', 3, '16084_5');
INSERT INTO `collection` (id, serial, cardId) VALUES ('16084', 4, '16084_6');
INSERT INTO `collection` (id, serial, cardId) VALUES ('16084', 5, '16084_7');
INSERT INTO `collection` (id, serial, cardId) VALUES ('16084', 6, '16084_8');
INSERT INTO `collection` (id, serial, cardId) VALUES ('16084', 7, '16084_9');
INSERT INTO `collection` (id, serial, cardId) VALUES ('16084', 8, '16084_10');
INSERT INTO `collection` (id, serial, cardId) VALUES ('16084', 9, '16084_11');
INSERT INTO `collection` (id, serial, cardId) VALUES ('16084', 10, '16084_12');
INSERT INTO `collection` (id, serial, cardId) VALUES ('16084', 11, '16084_13');
INSERT INTO `collection` (id, serial, cardId) VALUES ('16084', 12, '16084_14');
INSERT INTO `collection` (id, serial, cardId) VALUES ('16084', 13, '16084_15');
INSERT INTO `collection` (id, serial, cardId) VALUES ('16084', 14, '16084_16');
INSERT INTO `collection` (id, serial, cardId) VALUES ('16084', 15, '16084_17');
INSERT INTO `collection` (id, serial, cardId) VALUES ('16084', 16, '16084_18');
INSERT INTO `collection` (id, serial, cardId) VALUES ('16084', 17, '16084_19');
INSERT INTO `collection` (id, serial, cardId) VALUES ('16084', 18, '16084_20');
INSERT INTO `collection` (id, serial, cardId) VALUES ('16084', 19, '16084_21');
INSERT INTO `collection` (id, serial, cardId) VALUES ('16084', 20, '16084_26');
INSERT INTO `collection` (id, serial, cardId) VALUES ('16084', 21, '16084_29');
INSERT INTO `collection` (id, serial, cardId) VALUES ('16084', 22, '16084_32');
INSERT INTO `collection` (id, serial, cardId) VALUES ('19404', 1, '19404_3');
INSERT INTO `collection` (id, serial, cardId) VALUES ('19404', 2, '19404_4');
INSERT INTO `collection` (id, serial, cardId) VALUES ('19404', 3, '19404_5');
INSERT INTO `collection` (id, serial, cardId) VALUES ('19404', 4, '19404_6');
INSERT INTO `collection` (id, serial, cardId) VALUES ('19404', 5, '19404_7');
INSERT INTO `collection` (id, serial, cardId) VALUES ('19404', 6, '19404_8');
INSERT INTO `collection` (id, serial, cardId) VALUES ('19404', 7, '19404_9');
INSERT INTO `collection` (id, serial, cardId) VALUES ('19404', 8, '19404_10');
INSERT INTO `collection` (id, serial, cardId) VALUES ('19404', 9, '19404_11');
INSERT INTO `collection` (id, serial, cardId) VALUES ('19404', 10, '19404_12');
INSERT INTO `collection` (id, serial, cardId) VALUES ('19404', 11, '19404_13');
INSERT INTO `collection` (id, serial, cardId) VALUES ('19404', 12, '19404_14');
INSERT INTO `collection` (id, serial, cardId) VALUES ('19404', 13, '19404_15');
INSERT INTO `collection` (id, serial, cardId) VALUES ('19404', 14, '19404_16');
INSERT INTO `collection` (id, serial, cardId) VALUES ('19404', 15, '19404_17');
INSERT INTO `collection` (id, serial, cardId) VALUES ('19404', 16, '19404_22');
INSERT INTO `collection` (id, serial, cardId) VALUES ('19404', 17, '19404_25');
INSERT INTO `collection` (id, serial, cardId) VALUES ('19404', 18, '19404_28');
INSERT INTO `collection` (id, serial, cardId) VALUES ('22462', 1, '22462_3');
INSERT INTO `collection` (id, serial, cardId) VALUES ('22462', 2, '22462_4');
INSERT INTO `collection` (id, serial, cardId) VALUES ('22462', 3, '22462_5');
INSERT INTO `collection` (id, serial, cardId) VALUES ('22462', 4, '22462_6');
INSERT INTO `collection` (id, serial, cardId) VALUES ('22462', 5, '22462_7');
INSERT INTO `collection` (id, serial, cardId) VALUES ('22462', 6, '22462_8');
INSERT INTO `collection` (id, serial, cardId) VALUES ('22462', 7, '22462_9');
INSERT INTO `collection` (id, serial, cardId) VALUES ('22462', 8, '22462_10');
INSERT INTO `collection` (id, serial, cardId) VALUES ('22462', 9, '22462_11');
INSERT INTO `collection` (id, serial, cardId) VALUES ('22462', 10, '22462_12');
INSERT INTO `collection` (id, serial, cardId) VALUES ('22462', 11, '22462_13');
INSERT INTO `collection` (id, serial, cardId) VALUES ('22462', 12, '22462_14');
INSERT INTO `collection` (id, serial, cardId) VALUES ('22462', 13, '22462_15');
INSERT INTO `collection` (id, serial, cardId) VALUES ('22462', 14, '22462_16');
INSERT INTO `collection` (id, serial, cardId) VALUES ('22462', 15, '22462_17');
INSERT INTO `collection` (id, serial, cardId) VALUES ('22462', 16, '22462_22');
INSERT INTO `collection` (id, serial, cardId) VALUES ('22462', 17, '22462_25');
INSERT INTO `collection` (id, serial, cardId) VALUES ('22582', 1, '22582_3');
INSERT INTO `collection` (id, serial, cardId) VALUES ('22582', 2, '22582_4');
INSERT INTO `collection` (id, serial, cardId) VALUES ('22582', 3, '22582_5');
INSERT INTO `collection` (id, serial, cardId) VALUES ('22582', 4, '22582_6');
INSERT INTO `collection` (id, serial, cardId) VALUES ('22582', 5, '22582_7');
INSERT INTO `collection` (id, serial, cardId) VALUES ('22582', 6, '22582_8');
INSERT INTO `collection` (id, serial, cardId) VALUES ('22582', 7, '22582_9');
INSERT INTO `collection` (id, serial, cardId) VALUES ('22582', 8, '22582_10');
INSERT INTO `collection` (id, serial, cardId) VALUES ('22582', 9, '22582_11');
INSERT INTO `collection` (id, serial, cardId) VALUES ('22582', 10, '22582_12');
INSERT INTO `collection` (id, serial, cardId) VALUES ('22582', 11, '22582_13');
INSERT INTO `collection` (id, serial, cardId) VALUES ('22582', 12, '22582_14');
INSERT INTO `collection` (id, serial, cardId) VALUES ('22582', 13, '22582_15');
INSERT INTO `collection` (id, serial, cardId) VALUES ('22582', 14, '22582_16');
INSERT INTO `collection` (id, serial, cardId) VALUES ('22582', 15, '22582_17');
INSERT INTO `collection` (id, serial, cardId) VALUES ('22582', 16, '22582_22');
INSERT INTO `collection` (id, serial, cardId) VALUES ('22582', 17, '22582_25');
INSERT INTO `collection` (id, serial, cardId) VALUES ('19403', 1, '19403_3');
INSERT INTO `collection` (id, serial, cardId) VALUES ('19403', 2, '19403_4');
INSERT INTO `collection` (id, serial, cardId) VALUES ('19403', 3, '19403_5');
INSERT INTO `collection` (id, serial, cardId) VALUES ('19403', 4, '19403_6');
INSERT INTO `collection` (id, serial, cardId) VALUES ('19403', 5, '19403_7');
INSERT INTO `collection` (id, serial, cardId) VALUES ('19403', 6, '19403_8');
INSERT INTO `collection` (id, serial, cardId) VALUES ('19403', 7, '19403_9');
INSERT INTO `collection` (id, serial, cardId) VALUES ('19403', 8, '19403_10');
INSERT INTO `collection` (id, serial, cardId) VALUES ('19403', 9, '19403_11');
INSERT INTO `collection` (id, serial, cardId) VALUES ('19403', 10, '19403_12');
INSERT INTO `collection` (id, serial, cardId) VALUES ('19403', 11, '19403_13');
INSERT INTO `collection` (id, serial, cardId) VALUES ('19403', 12, '19403_14');
INSERT INTO `collection` (id, serial, cardId) VALUES ('19403', 13, '19403_15');
INSERT INTO `collection` (id, serial, cardId) VALUES ('19403', 14, '19403_16');
INSERT INTO `collection` (id, serial, cardId) VALUES ('19403', 15, '19403_17');
INSERT INTO `collection` (id, serial, cardId) VALUES ('19403', 16, '19403_22');
INSERT INTO `collection` (id, serial, cardId) VALUES ('19403', 17, '19403_25');
INSERT INTO `collection` (id, serial, cardId) VALUES ('22043', 1, '22043_3');
INSERT INTO `collection` (id, serial, cardId) VALUES ('22043', 2, '22043_4');
INSERT INTO `collection` (id, serial, cardId) VALUES ('22043', 3, '22043_5');
INSERT INTO `collection` (id, serial, cardId) VALUES ('22043', 4, '22043_6');
INSERT INTO `collection` (id, serial, cardId) VALUES ('22043', 5, '22043_7');
INSERT INTO `collection` (id, serial, cardId) VALUES ('22043', 6, '22043_8');
INSERT INTO `collection` (id, serial, cardId) VALUES ('22043', 7, '22043_9');
INSERT INTO `collection` (id, serial, cardId) VALUES ('22043', 8, '22043_10');
INSERT INTO `collection` (id, serial, cardId) VALUES ('22043', 9, '22043_11');
INSERT INTO `collection` (id, serial, cardId) VALUES ('22043', 10, '22043_12');
INSERT INTO `collection` (id, serial, cardId) VALUES ('22043', 11, '22043_13');
INSERT INTO `collection` (id, serial, cardId) VALUES ('22043', 12, '22043_14');
INSERT INTO `collection` (id, serial, cardId) VALUES ('22043', 13, '22043_15');
INSERT INTO `collection` (id, serial, cardId) VALUES ('22043', 14, '22043_16');
INSERT INTO `collection` (id, serial, cardId) VALUES ('22043', 15, '22043_17');
INSERT INTO `collection` (id, serial, cardId) VALUES ('22043', 16, '22043_18');
INSERT INTO `collection` (id, serial, cardId) VALUES ('22043', 17, '22043_19');
INSERT INTO `collection` (id, serial, cardId) VALUES ('22043', 18, '22043_20');
INSERT INTO `collection` (id, serial, cardId) VALUES ('22043', 19, '22043_21');
INSERT INTO `collection` (id, serial, cardId) VALUES ('22043', 20, '22043_24');
INSERT INTO `collection` (id, serial, cardId) VALUES ('22043', 21, '22043_27');
INSERT INTO `collection` (id, serial, cardId) VALUES ('3101', 1, '3101_3');
INSERT INTO `collection` (id, serial, cardId) VALUES ('3101', 2, '3101_4');
INSERT INTO `collection` (id, serial, cardId) VALUES ('3101', 3, '3101_5');
INSERT INTO `collection` (id, serial, cardId) VALUES ('3101', 4, '3101_6');
INSERT INTO `collection` (id, serial, cardId) VALUES ('3101', 5, '3101_7');
INSERT INTO `collection` (id, serial, cardId) VALUES ('3101', 6, '3101_8');
INSERT INTO `collection` (id, serial, cardId) VALUES ('3101', 7, '3101_9');
INSERT INTO `collection` (id, serial, cardId) VALUES ('3101', 8, '3101_10');
INSERT INTO `collection` (id, serial, cardId) VALUES ('3101', 9, '3101_11');
INSERT INTO `collection` (id, serial, cardId) VALUES ('3101', 10, '3101_12');
INSERT INTO `collection` (id, serial, cardId) VALUES ('3101', 11, '3101_13');
INSERT INTO `collection` (id, serial, cardId) VALUES ('3101', 12, '3101_14');
INSERT INTO `collection` (id, serial, cardId) VALUES ('3101', 13, '3101_15');
INSERT INTO `collection` (id, serial, cardId) VALUES ('3101', 14, '3101_18');
INSERT INTO `collection` (id, serial, cardId) VALUES ('3101', 15, '3101_21');
INSERT INTO `collection` (id, serial, cardId) VALUES ('3101', 16, '3101_24');
INSERT INTO `collection` (id, serial, cardId) VALUES ('19877', 1, '19877_3');
INSERT INTO `collection` (id, serial, cardId) VALUES ('19877', 2, '19877_4');
INSERT INTO `collection` (id, serial, cardId) VALUES ('19877', 3, '19877_5');
INSERT INTO `collection` (id, serial, cardId) VALUES ('19877', 4, '19877_6');
INSERT INTO `collection` (id, serial, cardId) VALUES ('19877', 5, '19877_7');
INSERT INTO `collection` (id, serial, cardId) VALUES ('19877', 6, '19877_8');
INSERT INTO `collection` (id, serial, cardId) VALUES ('19877', 7, '19877_9');
INSERT INTO `collection` (id, serial, cardId) VALUES ('19877', 8, '19877_10');
INSERT INTO `collection` (id, serial, cardId) VALUES ('19877', 9, '19877_11');
INSERT INTO `collection` (id, serial, cardId) VALUES ('19877', 10, '19877_12');
INSERT INTO `collection` (id, serial, cardId) VALUES ('19877', 11, '19877_13');
INSERT INTO `collection` (id, serial, cardId) VALUES ('19877', 12, '19877_14');
INSERT INTO `collection` (id, serial, cardId) VALUES ('19877', 13, '19877_15');
INSERT INTO `collection` (id, serial, cardId) VALUES ('19877', 14, '19877_16');
INSERT INTO `collection` (id, serial, cardId) VALUES ('19877', 15, '19877_17');
INSERT INTO `collection` (id, serial, cardId) VALUES ('19877', 16, '19877_18');
INSERT INTO `collection` (id, serial, cardId) VALUES ('19877', 17, '19877_19');
INSERT INTO `collection` (id, serial, cardId) VALUES ('19877', 18, '19877_20');
INSERT INTO `collection` (id, serial, cardId) VALUES ('19877', 19, '19877_21');
INSERT INTO `collection` (id, serial, cardId) VALUES ('19877', 20, '19877_26');
INSERT INTO `collection` (id, serial, cardId) VALUES ('19877', 21, '19877_29');
INSERT INTO `collection` (id, serial, cardId) VALUES ('19877', 22, '19877_32');
INSERT INTO `collection` (id, serial, cardId) VALUES ('21635', 1, '21635_3');
INSERT INTO `collection` (id, serial, cardId) VALUES ('21635', 2, '21635_4');
INSERT INTO `collection` (id, serial, cardId) VALUES ('21635', 3, '21635_5');
INSERT INTO `collection` (id, serial, cardId) VALUES ('21635', 4, '21635_6');
INSERT INTO `collection` (id, serial, cardId) VALUES ('21635', 5, '21635_7');
INSERT INTO `collection` (id, serial, cardId) VALUES ('21635', 6, '21635_8');
INSERT INTO `collection` (id, serial, cardId) VALUES ('21635', 7, '21635_9');
INSERT INTO `collection` (id, serial, cardId) VALUES ('21635', 8, '21635_10');
INSERT INTO `collection` (id, serial, cardId) VALUES ('21635', 9, '21635_11');
INSERT INTO `collection` (id, serial, cardId) VALUES ('21635', 10, '21635_12');
INSERT INTO `collection` (id, serial, cardId) VALUES ('21635', 11, '21635_13');
INSERT INTO `collection` (id, serial, cardId) VALUES ('21635', 12, '21635_14');
INSERT INTO `collection` (id, serial, cardId) VALUES ('21635', 13, '21635_15');
INSERT INTO `collection` (id, serial, cardId) VALUES ('21635', 14, '21635_16');
INSERT INTO `collection` (id, serial, cardId) VALUES ('21635', 15, '21635_17');
INSERT INTO `collection` (id, serial, cardId) VALUES ('21635', 16, '21635_22');
INSERT INTO `collection` (id, serial, cardId) VALUES ('21635', 17, '21635_25');
INSERT INTO `collection` (id, serial, cardId) VALUES ('19401', 1, '19401_3');
INSERT INTO `collection` (id, serial, cardId) VALUES ('19401', 2, '19401_4');
INSERT INTO `collection` (id, serial, cardId) VALUES ('19401', 3, '19401_5');
INSERT INTO `collection` (id, serial, cardId) VALUES ('19401', 4, '19401_6');
INSERT INTO `collection` (id, serial, cardId) VALUES ('19401', 5, '19401_7');
INSERT INTO `collection` (id, serial, cardId) VALUES ('19401', 6, '19401_8');
INSERT INTO `collection` (id, serial, cardId) VALUES ('19401', 7, '19401_9');
INSERT INTO `collection` (id, serial, cardId) VALUES ('19401', 8, '19401_10');
INSERT INTO `collection` (id, serial, cardId) VALUES ('19401', 9, '19401_11');
INSERT INTO `collection` (id, serial, cardId) VALUES ('19401', 10, '19401_12');
INSERT INTO `collection` (id, serial, cardId) VALUES ('19401', 11, '19401_13');
INSERT INTO `collection` (id, serial, cardId) VALUES ('19401', 12, '19401_14');
INSERT INTO `collection` (id, serial, cardId) VALUES ('19401', 13, '19401_15');
INSERT INTO `collection` (id, serial, cardId) VALUES ('19401', 14, '19401_16');
INSERT INTO `collection` (id, serial, cardId) VALUES ('19401', 15, '19401_17');
INSERT INTO `collection` (id, serial, cardId) VALUES ('19401', 16, '19401_18');
INSERT INTO `collection` (id, serial, cardId) VALUES ('19401', 17, '19401_19');
INSERT INTO `collection` (id, serial, cardId) VALUES ('19401', 18, '19401_20');
INSERT INTO `collection` (id, serial, cardId) VALUES ('19401', 19, '19401_21');
INSERT INTO `collection` (id, serial, cardId) VALUES ('19401', 20, '19401_24');
INSERT INTO `collection` (id, serial, cardId) VALUES ('19401', 21, '19401_27');
INSERT INTO `collection` (id, serial, cardId) VALUES ('19401', 22, '19401_32');
INSERT INTO `collection` (id, serial, cardId) VALUES ('15611', 1, '15611_3');
INSERT INTO `collection` (id, serial, cardId) VALUES ('15611', 2, '15611_4');
INSERT INTO `collection` (id, serial, cardId) VALUES ('15611', 3, '15611_5');
INSERT INTO `collection` (id, serial, cardId) VALUES ('15611', 4, '15611_6');
INSERT INTO `collection` (id, serial, cardId) VALUES ('15611', 5, '15611_7');
INSERT INTO `collection` (id, serial, cardId) VALUES ('15611', 6, '15611_8');
INSERT INTO `collection` (id, serial, cardId) VALUES ('15611', 7, '15611_9');
INSERT INTO `collection` (id, serial, cardId) VALUES ('15611', 8, '15611_10');
INSERT INTO `collection` (id, serial, cardId) VALUES ('15611', 9, '15611_11');
INSERT INTO `collection` (id, serial, cardId) VALUES ('15611', 10, '15611_12');
INSERT INTO `collection` (id, serial, cardId) VALUES ('15611', 11, '15611_13');
INSERT INTO `collection` (id, serial, cardId) VALUES ('15611', 12, '15611_18');
INSERT INTO `collection` (id, serial, cardId) VALUES ('15611', 13, '15611_21');
INSERT INTO `collection` (id, serial, cardId) VALUES ('7868', 1, '7868_3');
INSERT INTO `collection` (id, serial, cardId) VALUES ('7868', 2, '7868_4');
INSERT INTO `collection` (id, serial, cardId) VALUES ('7868', 3, '7868_5');
INSERT INTO `collection` (id, serial, cardId) VALUES ('7868', 4, '7868_6');
INSERT INTO `collection` (id, serial, cardId) VALUES ('7868', 5, '7868_7');
INSERT INTO `collection` (id, serial, cardId) VALUES ('7868', 6, '7868_8');
INSERT INTO `collection` (id, serial, cardId) VALUES ('7868', 7, '7868_9');
INSERT INTO `collection` (id, serial, cardId) VALUES ('7868', 8, '7868_10');
INSERT INTO `collection` (id, serial, cardId) VALUES ('7868', 9, '7868_11');
INSERT INTO `collection` (id, serial, cardId) VALUES ('7868', 10, '7868_12');
INSERT INTO `collection` (id, serial, cardId) VALUES ('7868', 11, '7868_13');
INSERT INTO `collection` (id, serial, cardId) VALUES ('7868', 12, '7868_18');
INSERT INTO `collection` (id, serial, cardId) VALUES ('7868', 13, '7868_21');
INSERT INTO `collection` (id, serial, cardId) VALUES ('22059', 1, '22059_3');
INSERT INTO `collection` (id, serial, cardId) VALUES ('22059', 2, '22059_4');
INSERT INTO `collection` (id, serial, cardId) VALUES ('22059', 3, '22059_5');
INSERT INTO `collection` (id, serial, cardId) VALUES ('22059', 4, '22059_6');
INSERT INTO `collection` (id, serial, cardId) VALUES ('22059', 5, '22059_7');
INSERT INTO `collection` (id, serial, cardId) VALUES ('22059', 6, '22059_8');
INSERT INTO `collection` (id, serial, cardId) VALUES ('22059', 7, '22059_9');
INSERT INTO `collection` (id, serial, cardId) VALUES ('22059', 8, '22059_10');
INSERT INTO `collection` (id, serial, cardId) VALUES ('22059', 9, '22059_11');
INSERT INTO `collection` (id, serial, cardId) VALUES ('22059', 10, '22059_12');
INSERT INTO `collection` (id, serial, cardId) VALUES ('22059', 11, '22059_13');
INSERT INTO `collection` (id, serial, cardId) VALUES ('22059', 12, '22059_14');
INSERT INTO `collection` (id, serial, cardId) VALUES ('22059', 13, '22059_15');
INSERT INTO `collection` (id, serial, cardId) VALUES ('22059', 14, '22059_16');
INSERT INTO `collection` (id, serial, cardId) VALUES ('22059', 15, '22059_17');
INSERT INTO `collection` (id, serial, cardId) VALUES ('22059', 16, '22059_18');
INSERT INTO `collection` (id, serial, cardId) VALUES ('22059', 17, '22059_19');
INSERT INTO `collection` (id, serial, cardId) VALUES ('22059', 18, '22059_20');
INSERT INTO `collection` (id, serial, cardId) VALUES ('22059', 19, '22059_21');
INSERT INTO `collection` (id, serial, cardId) VALUES ('22059', 20, '22059_22');
INSERT INTO `collection` (id, serial, cardId) VALUES ('22059', 21, '22059_23');
INSERT INTO `collection` (id, serial, cardId) VALUES ('22059', 22, '22059_28');
INSERT INTO `collection` (id, serial, cardId) VALUES ('22059', 23, '22059_31');
INSERT INTO `collection` (id, serial, cardId) VALUES ('23851', 1, '23851_3');
INSERT INTO `collection` (id, serial, cardId) VALUES ('23851', 2, '23851_4');
INSERT INTO `collection` (id, serial, cardId) VALUES ('23851', 3, '23851_5');
INSERT INTO `collection` (id, serial, cardId) VALUES ('23851', 4, '23851_6');
INSERT INTO `collection` (id, serial, cardId) VALUES ('23851', 5, '23851_7');
INSERT INTO `collection` (id, serial, cardId) VALUES ('23851', 6, '23851_8');
INSERT INTO `collection` (id, serial, cardId) VALUES ('23851', 7, '23851_9');
INSERT INTO `collection` (id, serial, cardId) VALUES ('23851', 8, '23851_10');
INSERT INTO `collection` (id, serial, cardId) VALUES ('23851', 9, '23851_11');
INSERT INTO `collection` (id, serial, cardId) VALUES ('23851', 10, '23851_12');
INSERT INTO `collection` (id, serial, cardId) VALUES ('23851', 11, '23851_17');
INSERT INTO `collection` (id, serial, cardId) VALUES ('23851', 12, '23851_20');
INSERT INTO `collection` (id, serial, cardId) VALUES ('21124', 1, '21124_3');
INSERT INTO `collection` (id, serial, cardId) VALUES ('21124', 2, '21124_4');
INSERT INTO `collection` (id, serial, cardId) VALUES ('21124', 3, '21124_5');
INSERT INTO `collection` (id, serial, cardId) VALUES ('21124', 4, '21124_6');
INSERT INTO `collection` (id, serial, cardId) VALUES ('21124', 5, '21124_7');
INSERT INTO `collection` (id, serial, cardId) VALUES ('21124', 6, '21124_8');
INSERT INTO `collection` (id, serial, cardId) VALUES ('21124', 7, '21124_9');
INSERT INTO `collection` (id, serial, cardId) VALUES ('21124', 8, '21124_10');
INSERT INTO `collection` (id, serial, cardId) VALUES ('21124', 9, '21124_11');
INSERT INTO `collection` (id, serial, cardId) VALUES ('21124', 10, '21124_12');
INSERT INTO `collection` (id, serial, cardId) VALUES ('21124', 11, '21124_13');
INSERT INTO `collection` (id, serial, cardId) VALUES ('21124', 12, '21124_14');
INSERT INTO `collection` (id, serial, cardId) VALUES ('21124', 13, '21124_15');
INSERT INTO `collection` (id, serial, cardId) VALUES ('21124', 14, '21124_16');
INSERT INTO `collection` (id, serial, cardId) VALUES ('21124', 15, '21124_17');
INSERT INTO `collection` (id, serial, cardId) VALUES ('21124', 16, '21124_18');
INSERT INTO `collection` (id, serial, cardId) VALUES ('21124', 17, '21124_19');
INSERT INTO `collection` (id, serial, cardId) VALUES ('21124', 18, '21124_20');
INSERT INTO `collection` (id, serial, cardId) VALUES ('21124', 19, '21124_21');
INSERT INTO `collection` (id, serial, cardId) VALUES ('21124', 20, '21124_26');
INSERT INTO `collection` (id, serial, cardId) VALUES ('21124', 21, '21124_29');
INSERT INTO `collection` (id, serial, cardId) VALUES ('7881', 1, '7881_3');
INSERT INTO `collection` (id, serial, cardId) VALUES ('7881', 2, '7881_4');
INSERT INTO `collection` (id, serial, cardId) VALUES ('7881', 3, '7881_5');
INSERT INTO `collection` (id, serial, cardId) VALUES ('7881', 4, '7881_6');
INSERT INTO `collection` (id, serial, cardId) VALUES ('7881', 5, '7881_7');
INSERT INTO `collection` (id, serial, cardId) VALUES ('7881', 6, '7881_8');
INSERT INTO `collection` (id, serial, cardId) VALUES ('7881', 7, '7881_9');
INSERT INTO `collection` (id, serial, cardId) VALUES ('7881', 8, '7881_10');
INSERT INTO `collection` (id, serial, cardId) VALUES ('7881', 9, '7881_11');
INSERT INTO `collection` (id, serial, cardId) VALUES ('7881', 10, '7881_12');
INSERT INTO `collection` (id, serial, cardId) VALUES ('7881', 11, '7881_13');
INSERT INTO `collection` (id, serial, cardId) VALUES ('7881', 12, '7881_14');
INSERT INTO `collection` (id, serial, cardId) VALUES ('7881', 13, '7881_15');
INSERT INTO `collection` (id, serial, cardId) VALUES ('7881', 14, '7881_18');
INSERT INTO `collection` (id, serial, cardId) VALUES ('7881', 15, '7881_23');
INSERT INTO `collection` (id, serial, cardId) VALUES ('7865', 1, '7865_3');
INSERT INTO `collection` (id, serial, cardId) VALUES ('7865', 2, '7865_4');
INSERT INTO `collection` (id, serial, cardId) VALUES ('7865', 3, '7865_5');
INSERT INTO `collection` (id, serial, cardId) VALUES ('7865', 4, '7865_6');
INSERT INTO `collection` (id, serial, cardId) VALUES ('7865', 5, '7865_7');
INSERT INTO `collection` (id, serial, cardId) VALUES ('7865', 6, '7865_8');
INSERT INTO `collection` (id, serial, cardId) VALUES ('7865', 7, '7865_9');
INSERT INTO `collection` (id, serial, cardId) VALUES ('7865', 8, '7865_10');
INSERT INTO `collection` (id, serial, cardId) VALUES ('7865', 9, '7865_11');
INSERT INTO `collection` (id, serial, cardId) VALUES ('7865', 10, '7865_12');
INSERT INTO `collection` (id, serial, cardId) VALUES ('7865', 11, '7865_13');
INSERT INTO `collection` (id, serial, cardId) VALUES ('7865', 12, '7865_18');
INSERT INTO `collection` (id, serial, cardId) VALUES ('7865', 13, '7865_21');
INSERT INTO `collection` (id, serial, cardId) VALUES ('22085', 1, '22085_3');
INSERT INTO `collection` (id, serial, cardId) VALUES ('22085', 2, '22085_4');
INSERT INTO `collection` (id, serial, cardId) VALUES ('22085', 3, '22085_5');
INSERT INTO `collection` (id, serial, cardId) VALUES ('22085', 4, '22085_6');
INSERT INTO `collection` (id, serial, cardId) VALUES ('22085', 5, '22085_7');
INSERT INTO `collection` (id, serial, cardId) VALUES ('22085', 6, '22085_8');
INSERT INTO `collection` (id, serial, cardId) VALUES ('22085', 7, '22085_9');
INSERT INTO `collection` (id, serial, cardId) VALUES ('22085', 8, '22085_10');
INSERT INTO `collection` (id, serial, cardId) VALUES ('22085', 9, '22085_11');
INSERT INTO `collection` (id, serial, cardId) VALUES ('22085', 10, '22085_12');
INSERT INTO `collection` (id, serial, cardId) VALUES ('22085', 11, '22085_13');
INSERT INTO `collection` (id, serial, cardId) VALUES ('22085', 12, '22085_14');
INSERT INTO `collection` (id, serial, cardId) VALUES ('22085', 13, '22085_15');
INSERT INTO `collection` (id, serial, cardId) VALUES ('22085', 14, '22085_22');
INSERT INTO `collection` (id, serial, cardId) VALUES ('22085', 15, '22085_25');
INSERT INTO `collection` (id, serial, cardId) VALUES ('24750', 1, '24750_3');
INSERT INTO `collection` (id, serial, cardId) VALUES ('24750', 2, '24750_4');
INSERT INTO `collection` (id, serial, cardId) VALUES ('24750', 3, '24750_5');
INSERT INTO `collection` (id, serial, cardId) VALUES ('24750', 4, '24750_6');
INSERT INTO `collection` (id, serial, cardId) VALUES ('24750', 5, '24750_7');
INSERT INTO `collection` (id, serial, cardId) VALUES ('24750', 6, '24750_8');
INSERT INTO `collection` (id, serial, cardId) VALUES ('24750', 7, '24750_9');
INSERT INTO `collection` (id, serial, cardId) VALUES ('24750', 8, '24750_10');
INSERT INTO `collection` (id, serial, cardId) VALUES ('24750', 9, '24750_11');
INSERT INTO `collection` (id, serial, cardId) VALUES ('24750', 10, '24750_12');
INSERT INTO `collection` (id, serial, cardId) VALUES ('24750', 11, '24750_13');
INSERT INTO `collection` (id, serial, cardId) VALUES ('24750', 12, '24750_14');
INSERT INTO `collection` (id, serial, cardId) VALUES ('24750', 13, '24750_15');
INSERT INTO `collection` (id, serial, cardId) VALUES ('24750', 14, '24750_16');
INSERT INTO `collection` (id, serial, cardId) VALUES ('24750', 15, '24750_17');
INSERT INTO `collection` (id, serial, cardId) VALUES ('24750', 16, '24750_20');
INSERT INTO `collection` (id, serial, cardId) VALUES ('24750', 17, '24750_25');
INSERT INTO `collection` (id, serial, cardId) VALUES ('24750', 18, '24750_28');
INSERT INTO `collection` (id, serial, cardId) VALUES ('10152', 1, '10152_3');
INSERT INTO `collection` (id, serial, cardId) VALUES ('10152', 2, '10152_4');
INSERT INTO `collection` (id, serial, cardId) VALUES ('10152', 3, '10152_5');
INSERT INTO `collection` (id, serial, cardId) VALUES ('10152', 4, '10152_6');
INSERT INTO `collection` (id, serial, cardId) VALUES ('10152', 5, '10152_7');
INSERT INTO `collection` (id, serial, cardId) VALUES ('10152', 6, '10152_8');
INSERT INTO `collection` (id, serial, cardId) VALUES ('10152', 7, '10152_9');
INSERT INTO `collection` (id, serial, cardId) VALUES ('10152', 8, '10152_10');
INSERT INTO `collection` (id, serial, cardId) VALUES ('10152', 9, '10152_11');
INSERT INTO `collection` (id, serial, cardId) VALUES ('10152', 10, '10152_12');
INSERT INTO `collection` (id, serial, cardId) VALUES ('10152', 11, '10152_13');
INSERT INTO `collection` (id, serial, cardId) VALUES ('10152', 12, '10152_16');
INSERT INTO `collection` (id, serial, cardId) VALUES ('10152', 13, '10152_19');
INSERT INTO `collection` (id, serial, cardId) VALUES ('10152', 14, '10152_22');
INSERT INTO `collection` (id, serial, cardId) VALUES ('22469', 1, '22469_3');
INSERT INTO `collection` (id, serial, cardId) VALUES ('22469', 2, '22469_4');
INSERT INTO `collection` (id, serial, cardId) VALUES ('22469', 3, '22469_5');
INSERT INTO `collection` (id, serial, cardId) VALUES ('22469', 4, '22469_6');
INSERT INTO `collection` (id, serial, cardId) VALUES ('22469', 5, '22469_7');
INSERT INTO `collection` (id, serial, cardId) VALUES ('22469', 6, '22469_8');
INSERT INTO `collection` (id, serial, cardId) VALUES ('22469', 7, '22469_9');
INSERT INTO `collection` (id, serial, cardId) VALUES ('22469', 8, '22469_10');
INSERT INTO `collection` (id, serial, cardId) VALUES ('22469', 9, '22469_11');
INSERT INTO `collection` (id, serial, cardId) VALUES ('22469', 10, '22469_12');
INSERT INTO `collection` (id, serial, cardId) VALUES ('22469', 11, '22469_13');
INSERT INTO `collection` (id, serial, cardId) VALUES ('22469', 12, '22469_14');
INSERT INTO `collection` (id, serial, cardId) VALUES ('22469', 13, '22469_15');
INSERT INTO `collection` (id, serial, cardId) VALUES ('22469', 14, '22469_16');
INSERT INTO `collection` (id, serial, cardId) VALUES ('22469', 15, '22469_17');
INSERT INTO `collection` (id, serial, cardId) VALUES ('22469', 16, '22469_18');
INSERT INTO `collection` (id, serial, cardId) VALUES ('22469', 17, '22469_19');
INSERT INTO `collection` (id, serial, cardId) VALUES ('22469', 18, '22469_20');
INSERT INTO `collection` (id, serial, cardId) VALUES ('22469', 19, '22469_21');
INSERT INTO `collection` (id, serial, cardId) VALUES ('22469', 20, '22469_26');
INSERT INTO `collection` (id, serial, cardId) VALUES ('22469', 21, '22469_29');
INSERT INTO `collection` (id, serial, cardId) VALUES ('7871', 1, '7871_3');
INSERT INTO `collection` (id, serial, cardId) VALUES ('7871', 2, '7871_4');
INSERT INTO `collection` (id, serial, cardId) VALUES ('7871', 3, '7871_5');
INSERT INTO `collection` (id, serial, cardId) VALUES ('7871', 4, '7871_6');
INSERT INTO `collection` (id, serial, cardId) VALUES ('7871', 5, '7871_7');
INSERT INTO `collection` (id, serial, cardId) VALUES ('7871', 6, '7871_8');
INSERT INTO `collection` (id, serial, cardId) VALUES ('7871', 7, '7871_9');
INSERT INTO `collection` (id, serial, cardId) VALUES ('7871', 8, '7871_10');
INSERT INTO `collection` (id, serial, cardId) VALUES ('7871', 9, '7871_11');
INSERT INTO `collection` (id, serial, cardId) VALUES ('7871', 10, '7871_12');
INSERT INTO `collection` (id, serial, cardId) VALUES ('7871', 11, '7871_13');
INSERT INTO `collection` (id, serial, cardId) VALUES ('7871', 12, '7871_14');
INSERT INTO `collection` (id, serial, cardId) VALUES ('7871', 13, '7871_17');
INSERT INTO `collection` (id, serial, cardId) VALUES ('7871', 14, '7871_20');
INSERT INTO `collection` (id, serial, cardId) VALUES ('22082', 1, '22082_3');
INSERT INTO `collection` (id, serial, cardId) VALUES ('22082', 2, '22082_4');
INSERT INTO `collection` (id, serial, cardId) VALUES ('22082', 3, '22082_5');
INSERT INTO `collection` (id, serial, cardId) VALUES ('22082', 4, '22082_6');
INSERT INTO `collection` (id, serial, cardId) VALUES ('22082', 5, '22082_7');
INSERT INTO `collection` (id, serial, cardId) VALUES ('22082', 6, '22082_8');
INSERT INTO `collection` (id, serial, cardId) VALUES ('22082', 7, '22082_9');
INSERT INTO `collection` (id, serial, cardId) VALUES ('22082', 8, '22082_10');
INSERT INTO `collection` (id, serial, cardId) VALUES ('22082', 9, '22082_11');
INSERT INTO `collection` (id, serial, cardId) VALUES ('22082', 10, '22082_12');
INSERT INTO `collection` (id, serial, cardId) VALUES ('22082', 11, '22082_13');
INSERT INTO `collection` (id, serial, cardId) VALUES ('22082', 12, '22082_16');
INSERT INTO `collection` (id, serial, cardId) VALUES ('22082', 13, '22082_19');
INSERT INTO `collection` (id, serial, cardId) VALUES ('3140', 1, '3140_3');
INSERT INTO `collection` (id, serial, cardId) VALUES ('3140', 2, '3140_4');
INSERT INTO `collection` (id, serial, cardId) VALUES ('3140', 3, '3140_5');
INSERT INTO `collection` (id, serial, cardId) VALUES ('3140', 4, '3140_6');
INSERT INTO `collection` (id, serial, cardId) VALUES ('3140', 5, '3140_7');
INSERT INTO `collection` (id, serial, cardId) VALUES ('3140', 6, '3140_8');
INSERT INTO `collection` (id, serial, cardId) VALUES ('3140', 7, '3140_9');
INSERT INTO `collection` (id, serial, cardId) VALUES ('3140', 8, '3140_10');
INSERT INTO `collection` (id, serial, cardId) VALUES ('3140', 9, '3140_11');
INSERT INTO `collection` (id, serial, cardId) VALUES ('3140', 10, '3140_12');
INSERT INTO `collection` (id, serial, cardId) VALUES ('3140', 11, '3140_13');
INSERT INTO `collection` (id, serial, cardId) VALUES ('3140', 12, '3140_14');
INSERT INTO `collection` (id, serial, cardId) VALUES ('3140', 13, '3140_15');
INSERT INTO `collection` (id, serial, cardId) VALUES ('3140', 14, '3140_16');
INSERT INTO `collection` (id, serial, cardId) VALUES ('3140', 15, '3140_17');
INSERT INTO `collection` (id, serial, cardId) VALUES ('3140', 16, '3140_18');
INSERT INTO `collection` (id, serial, cardId) VALUES ('3140', 17, '3140_19');
INSERT INTO `collection` (id, serial, cardId) VALUES ('3140', 18, '3140_22');
INSERT INTO `collection` (id, serial, cardId) VALUES ('3140', 19, '3140_27');
INSERT INTO `collection` (id, serial, cardId) VALUES ('22079', 1, '22079_3');
INSERT INTO `collection` (id, serial, cardId) VALUES ('22079', 2, '22079_4');
INSERT INTO `collection` (id, serial, cardId) VALUES ('22079', 3, '22079_5');
INSERT INTO `collection` (id, serial, cardId) VALUES ('22079', 4, '22079_6');
INSERT INTO `collection` (id, serial, cardId) VALUES ('22079', 5, '22079_7');
INSERT INTO `collection` (id, serial, cardId) VALUES ('22079', 6, '22079_8');
INSERT INTO `collection` (id, serial, cardId) VALUES ('22079', 7, '22079_9');
INSERT INTO `collection` (id, serial, cardId) VALUES ('22079', 8, '22079_10');
INSERT INTO `collection` (id, serial, cardId) VALUES ('22079', 9, '22079_11');
INSERT INTO `collection` (id, serial, cardId) VALUES ('22079', 10, '22079_12');
INSERT INTO `collection` (id, serial, cardId) VALUES ('22079', 11, '22079_13');
INSERT INTO `collection` (id, serial, cardId) VALUES ('22079', 12, '22079_14');
INSERT INTO `collection` (id, serial, cardId) VALUES ('22079', 13, '22079_15');
INSERT INTO `collection` (id, serial, cardId) VALUES ('7860', 1, '7860_3');
INSERT INTO `collection` (id, serial, cardId) VALUES ('7860', 2, '7860_4');
INSERT INTO `collection` (id, serial, cardId) VALUES ('7860', 3, '7860_5');
INSERT INTO `collection` (id, serial, cardId) VALUES ('7860', 4, '7860_6');
INSERT INTO `collection` (id, serial, cardId) VALUES ('7860', 5, '7860_7');
INSERT INTO `collection` (id, serial, cardId) VALUES ('7860', 6, '7860_8');
INSERT INTO `collection` (id, serial, cardId) VALUES ('7860', 7, '7860_9');
INSERT INTO `collection` (id, serial, cardId) VALUES ('7860', 8, '7860_10');
INSERT INTO `collection` (id, serial, cardId) VALUES ('7860', 9, '7860_11');
INSERT INTO `collection` (id, serial, cardId) VALUES ('7860', 10, '7860_12');
INSERT INTO `collection` (id, serial, cardId) VALUES ('7860', 11, '7860_13');
INSERT INTO `collection` (id, serial, cardId) VALUES ('7860', 12, '7860_14');
INSERT INTO `collection` (id, serial, cardId) VALUES ('7860', 13, '7860_15');
INSERT INTO `collection` (id, serial, cardId) VALUES ('7860', 14, '7860_16');
INSERT INTO `collection` (id, serial, cardId) VALUES ('7860', 15, '7860_17');
INSERT INTO `collection` (id, serial, cardId) VALUES ('7860', 16, '7860_18');
INSERT INTO `collection` (id, serial, cardId) VALUES ('2530', 1, '2530_3');
INSERT INTO `collection` (id, serial, cardId) VALUES ('2530', 2, '2530_4');
INSERT INTO `collection` (id, serial, cardId) VALUES ('2530', 3, '2530_5');
INSERT INTO `collection` (id, serial, cardId) VALUES ('2530', 4, '2530_6');
INSERT INTO `collection` (id, serial, cardId) VALUES ('2530', 5, '2530_7');
INSERT INTO `collection` (id, serial, cardId) VALUES ('2530', 6, '2530_8');
INSERT INTO `collection` (id, serial, cardId) VALUES ('2530', 7, '2530_9');
INSERT INTO `collection` (id, serial, cardId) VALUES ('2530', 8, '2530_10');
INSERT INTO `collection` (id, serial, cardId) VALUES ('2530', 9, '2530_11');
INSERT INTO `collection` (id, serial, cardId) VALUES ('13026', 1, '13026_3');
INSERT INTO `collection` (id, serial, cardId) VALUES ('13026', 2, '13026_4');
INSERT INTO `collection` (id, serial, cardId) VALUES ('13026', 3, '13026_5');
INSERT INTO `collection` (id, serial, cardId) VALUES ('13026', 4, '13026_6');
INSERT INTO `collection` (id, serial, cardId) VALUES ('13026', 5, '13026_7');
INSERT INTO `collection` (id, serial, cardId) VALUES ('13026', 6, '13026_8');
INSERT INTO `collection` (id, serial, cardId) VALUES ('13026', 7, '13026_9');
INSERT INTO `collection` (id, serial, cardId) VALUES ('13026', 8, '13026_10');
INSERT INTO `collection` (id, serial, cardId) VALUES ('13026', 9, '13026_11');
INSERT INTO `collection` (id, serial, cardId) VALUES ('13026', 10, '13026_12');
INSERT INTO `collection` (id, serial, cardId) VALUES ('13026', 11, '13026_13');
INSERT INTO `collection` (id, serial, cardId) VALUES ('13026', 12, '13026_14');
INSERT INTO `collection` (id, serial, cardId) VALUES ('13026', 13, '13026_15');
INSERT INTO `collection` (id, serial, cardId) VALUES ('13026', 14, '13026_16');
INSERT INTO `collection` (id, serial, cardId) VALUES ('13026', 15, '13026_17');
INSERT INTO `collection` (id, serial, cardId) VALUES ('13026', 16, '13026_18');
INSERT INTO `collection` (id, serial, cardId) VALUES ('13026', 17, '13026_19');
INSERT INTO `collection` (id, serial, cardId) VALUES ('13026', 18, '13026_20');
INSERT INTO `collection` (id, serial, cardId) VALUES ('13026', 19, '13026_21');
INSERT INTO `collection` (id, serial, cardId) VALUES ('13026', 20, '13026_22');
INSERT INTO `collection` (id, serial, cardId) VALUES ('13026', 21, '13026_23');
INSERT INTO `collection` (id, serial, cardId) VALUES ('24771', 1, '24771_3');
INSERT INTO `collection` (id, serial, cardId) VALUES ('24771', 2, '24771_4');
INSERT INTO `collection` (id, serial, cardId) VALUES ('24771', 3, '24771_5');
INSERT INTO `collection` (id, serial, cardId) VALUES ('24771', 4, '24771_6');
INSERT INTO `collection` (id, serial, cardId) VALUES ('24771', 5, '24771_7');
INSERT INTO `collection` (id, serial, cardId) VALUES ('24771', 6, '24771_8');
INSERT INTO `collection` (id, serial, cardId) VALUES ('24771', 7, '24771_9');
INSERT INTO `collection` (id, serial, cardId) VALUES ('24771', 8, '24771_10');
INSERT INTO `collection` (id, serial, cardId) VALUES ('24771', 9, '24771_11');
INSERT INTO `collection` (id, serial, cardId) VALUES ('18419', 1, '18419_3');
INSERT INTO `collection` (id, serial, cardId) VALUES ('18419', 2, '18419_4');
INSERT INTO `collection` (id, serial, cardId) VALUES ('18419', 3, '18419_5');
INSERT INTO `collection` (id, serial, cardId) VALUES ('18419', 4, '18419_6');
INSERT INTO `collection` (id, serial, cardId) VALUES ('18419', 5, '18419_7');
INSERT INTO `collection` (id, serial, cardId) VALUES ('18419', 6, '18419_8');
INSERT INTO `collection` (id, serial, cardId) VALUES ('18419', 7, '18419_9');
INSERT INTO `collection` (id, serial, cardId) VALUES ('18419', 8, '18419_10');
INSERT INTO `collection` (id, serial, cardId) VALUES ('18419', 9, '18419_11');
INSERT INTO `collection` (id, serial, cardId) VALUES ('18419', 10, '18419_12');
INSERT INTO `collection` (id, serial, cardId) VALUES ('18419', 11, '18419_13');
INSERT INTO `collection` (id, serial, cardId) VALUES ('18419', 12, '18419_14');
INSERT INTO `collection` (id, serial, cardId) VALUES ('18419', 13, '18419_15');
INSERT INTO `collection` (id, serial, cardId) VALUES ('18419', 14, '18419_16');
INSERT INTO `collection` (id, serial, cardId) VALUES ('18419', 15, '18419_17');
INSERT INTO `collection` (id, serial, cardId) VALUES ('18419', 16, '18419_18');
INSERT INTO `collection` (id, serial, cardId) VALUES ('18419', 17, '18419_19');
INSERT INTO `collection` (id, serial, cardId) VALUES ('2994', 1, '2994_3');
INSERT INTO `collection` (id, serial, cardId) VALUES ('2994', 2, '2994_4');
INSERT INTO `collection` (id, serial, cardId) VALUES ('2994', 3, '2994_5');
INSERT INTO `collection` (id, serial, cardId) VALUES ('2994', 4, '2994_6');
INSERT INTO `collection` (id, serial, cardId) VALUES ('2994', 5, '2994_7');
INSERT INTO `collection` (id, serial, cardId) VALUES ('13309', 1, '13309_3');
INSERT INTO `collection` (id, serial, cardId) VALUES ('13309', 2, '13309_4');
INSERT INTO `collection` (id, serial, cardId) VALUES ('13309', 3, '13309_5');
INSERT INTO `collection` (id, serial, cardId) VALUES ('13309', 4, '13309_6');
INSERT INTO `collection` (id, serial, cardId) VALUES ('13309', 5, '13309_7');
INSERT INTO `collection` (id, serial, cardId) VALUES ('13309', 6, '13309_8');
INSERT INTO `collection` (id, serial, cardId) VALUES ('13309', 7, '13309_9');
INSERT INTO `collection` (id, serial, cardId) VALUES ('13309', 8, '13309_10');
INSERT INTO `collection` (id, serial, cardId) VALUES ('13309', 9, '13309_11');
INSERT INTO `collection` (id, serial, cardId) VALUES ('13309', 10, '13309_12');
INSERT INTO `collection` (id, serial, cardId) VALUES ('13309', 11, '13309_13');
INSERT INTO `collection` (id, serial, cardId) VALUES ('13309', 12, '13309_14');
INSERT INTO `collection` (id, serial, cardId) VALUES ('13309', 13, '13309_15');
INSERT INTO `collection` (id, serial, cardId) VALUES ('15861', 1, '15861_3');
INSERT INTO `collection` (id, serial, cardId) VALUES ('15861', 2, '15861_4');
INSERT INTO `collection` (id, serial, cardId) VALUES ('15861', 3, '15861_5');
INSERT INTO `collection` (id, serial, cardId) VALUES ('15861', 4, '15861_6');
INSERT INTO `collection` (id, serial, cardId) VALUES ('15861', 5, '15861_7');
INSERT INTO `collection` (id, serial, cardId) VALUES ('15861', 6, '15861_8');
INSERT INTO `collection` (id, serial, cardId) VALUES ('15861', 7, '15861_9');
INSERT INTO `collection` (id, serial, cardId) VALUES ('15861', 8, '15861_10');
INSERT INTO `collection` (id, serial, cardId) VALUES ('15861', 9, '15861_11');
INSERT INTO `collection` (id, serial, cardId) VALUES ('15861', 10, '15861_12');
INSERT INTO `collection` (id, serial, cardId) VALUES ('15861', 11, '15861_13');
INSERT INTO `collection` (id, serial, cardId) VALUES ('15861', 12, '15861_14');
INSERT INTO `collection` (id, serial, cardId) VALUES ('15861', 13, '15861_15');
INSERT INTO `collection` (id, serial, cardId) VALUES ('23300', 1, '23300_3');
INSERT INTO `collection` (id, serial, cardId) VALUES ('23300', 2, '23300_4');
INSERT INTO `collection` (id, serial, cardId) VALUES ('23300', 3, '23300_5');
INSERT INTO `collection` (id, serial, cardId) VALUES ('23300', 4, '23300_6');
INSERT INTO `collection` (id, serial, cardId) VALUES ('23300', 5, '23300_7');
INSERT INTO `collection` (id, serial, cardId) VALUES ('23300', 6, '23300_8');
INSERT INTO `collection` (id, serial, cardId) VALUES ('23300', 7, '23300_9');
INSERT INTO `collection` (id, serial, cardId) VALUES ('23300', 8, '23300_10');
INSERT INTO `collection` (id, serial, cardId) VALUES ('23300', 9, '23300_11');
INSERT INTO `collection` (id, serial, cardId) VALUES ('15865', 1, '15865_3');
INSERT INTO `collection` (id, serial, cardId) VALUES ('15865', 2, '15865_4');
INSERT INTO `collection` (id, serial, cardId) VALUES ('15865', 3, '15865_5');
INSERT INTO `collection` (id, serial, cardId) VALUES ('15865', 4, '15865_6');
INSERT INTO `collection` (id, serial, cardId) VALUES ('15865', 5, '15865_7');
INSERT INTO `collection` (id, serial, cardId) VALUES ('15865', 6, '15865_8');
INSERT INTO `collection` (id, serial, cardId) VALUES ('15865', 7, '15865_9');
INSERT INTO `collection` (id, serial, cardId) VALUES ('15865', 8, '15865_10');
INSERT INTO `collection` (id, serial, cardId) VALUES ('15865', 9, '15865_11');
INSERT INTO `collection` (id, serial, cardId) VALUES ('15865', 10, '15865_12');
INSERT INTO `collection` (id, serial, cardId) VALUES ('15865', 11, '15865_13');
INSERT INTO `collection` (id, serial, cardId) VALUES ('15865', 12, '15865_14');
INSERT INTO `collection` (id, serial, cardId) VALUES ('15865', 13, '15865_15');
INSERT INTO `collection` (id, serial, cardId) VALUES ('15865', 14, '15865_16');
INSERT INTO `collection` (id, serial, cardId) VALUES ('15865', 15, '15865_17');
INSERT INTO `collection` (id, serial, cardId) VALUES ('15865', 16, '15865_18');
INSERT INTO `collection` (id, serial, cardId) VALUES ('15865', 17, '15865_19');
INSERT INTO `collection` (id, serial, cardId) VALUES ('15865', 18, '15865_20');
INSERT INTO `collection` (id, serial, cardId) VALUES ('15865', 19, '15865_21');
INSERT INTO `collection` (id, serial, cardId) VALUES ('15865', 20, '15865_22');
INSERT INTO `collection` (id, serial, cardId) VALUES ('15865', 21, '15865_23');
INSERT INTO `collection` (id, serial, cardId) VALUES ('12915', 1, '12915_3');
INSERT INTO `collection` (id, serial, cardId) VALUES ('12915', 2, '12915_4');
INSERT INTO `collection` (id, serial, cardId) VALUES ('12915', 3, '12915_5');
INSERT INTO `collection` (id, serial, cardId) VALUES ('12915', 4, '12915_6');
INSERT INTO `collection` (id, serial, cardId) VALUES ('12915', 5, '12915_7');
INSERT INTO `collection` (id, serial, cardId) VALUES ('12915', 6, '12915_8');
INSERT INTO `collection` (id, serial, cardId) VALUES ('12915', 7, '12915_9');
INSERT INTO `collection` (id, serial, cardId) VALUES ('12915', 8, '12915_10');
INSERT INTO `collection` (id, serial, cardId) VALUES ('12915', 9, '12915_11');
INSERT INTO `collection` (id, serial, cardId) VALUES ('12915', 10, '12915_12');
INSERT INTO `collection` (id, serial, cardId) VALUES ('12915', 11, '12915_13');
INSERT INTO `collection` (id, serial, cardId) VALUES ('12915', 12, '12915_14');
INSERT INTO `collection` (id, serial, cardId) VALUES ('12915', 13, '12915_15');
INSERT INTO `collection` (id, serial, cardId) VALUES ('14812', 1, '14812_3');
INSERT INTO `collection` (id, serial, cardId) VALUES ('14812', 2, '14812_4');
INSERT INTO `collection` (id, serial, cardId) VALUES ('14812', 3, '14812_5');
INSERT INTO `collection` (id, serial, cardId) VALUES ('14812', 4, '14812_6');
INSERT INTO `collection` (id, serial, cardId) VALUES ('14812', 5, '14812_7');
INSERT INTO `collection` (id, serial, cardId) VALUES ('14812', 6, '14812_8');
INSERT INTO `collection` (id, serial, cardId) VALUES ('14812', 7, '14812_9');
INSERT INTO `collection` (id, serial, cardId) VALUES ('14812', 8, '14812_10');
INSERT INTO `collection` (id, serial, cardId) VALUES ('14812', 9, '14812_11');
INSERT INTO `collection` (id, serial, cardId) VALUES ('14812', 10, '14812_12');
INSERT INTO `collection` (id, serial, cardId) VALUES ('14812', 11, '14812_13');
INSERT INTO `collection` (id, serial, cardId) VALUES ('14812', 12, '14812_14');
INSERT INTO `collection` (id, serial, cardId) VALUES ('14812', 13, '14812_15');
INSERT INTO `collection` (id, serial, cardId) VALUES ('14812', 14, '14812_16');
INSERT INTO `collection` (id, serial, cardId) VALUES ('14812', 15, '14812_17');
INSERT INTO `collection` (id, serial, cardId) VALUES ('14812', 16, '14812_18');
INSERT INTO `collection` (id, serial, cardId) VALUES ('24769', 1, '24769_3');
INSERT INTO `collection` (id, serial, cardId) VALUES ('24769', 2, '24769_4');
INSERT INTO `collection` (id, serial, cardId) VALUES ('24769', 3, '24769_5');
INSERT INTO `collection` (id, serial, cardId) VALUES ('24769', 4, '24769_6');
INSERT INTO `collection` (id, serial, cardId) VALUES ('24769', 5, '24769_7');
INSERT INTO `collection` (id, serial, cardId) VALUES ('24769', 6, '24769_8');
INSERT INTO `collection` (id, serial, cardId) VALUES ('24769', 7, '24769_9');
INSERT INTO `collection` (id, serial, cardId) VALUES ('24769', 8, '24769_10');
INSERT INTO `collection` (id, serial, cardId) VALUES ('24769', 9, '24769_11');
INSERT INTO `collection` (id, serial, cardId) VALUES ('24769', 10, '24769_12');
INSERT INTO `collection` (id, serial, cardId) VALUES ('24769', 11, '24769_13');
INSERT INTO `collection` (id, serial, cardId) VALUES ('24769', 12, '24769_14');
INSERT INTO `collection` (id, serial, cardId) VALUES ('12689', 1, '12689_3');
INSERT INTO `collection` (id, serial, cardId) VALUES ('12689', 2, '12689_4');
INSERT INTO `collection` (id, serial, cardId) VALUES ('12689', 3, '12689_5');
INSERT INTO `collection` (id, serial, cardId) VALUES ('12689', 4, '12689_6');
INSERT INTO `collection` (id, serial, cardId) VALUES ('12689', 5, '12689_7');
INSERT INTO `collection` (id, serial, cardId) VALUES ('12689', 6, '12689_8');
INSERT INTO `collection` (id, serial, cardId) VALUES ('12689', 7, '12689_9');
INSERT INTO `collection` (id, serial, cardId) VALUES ('12689', 8, '12689_10');
INSERT INTO `collection` (id, serial, cardId) VALUES ('12689', 9, '12689_11');
INSERT INTO `collection` (id, serial, cardId) VALUES ('12689', 10, '12689_12');
INSERT INTO `collection` (id, serial, cardId) VALUES ('12689', 11, '12689_13');
INSERT INTO `collection` (id, serial, cardId) VALUES ('12689', 12, '12689_14');
INSERT INTO `collection` (id, serial, cardId) VALUES ('2340', 1, '2340_3');
INSERT INTO `collection` (id, serial, cardId) VALUES ('2340', 2, '2340_4');
INSERT INTO `collection` (id, serial, cardId) VALUES ('2340', 3, '2340_5');
INSERT INTO `collection` (id, serial, cardId) VALUES ('2340', 4, '2340_6');
INSERT INTO `collection` (id, serial, cardId) VALUES ('2340', 5, '2340_7');
INSERT INTO `collection` (id, serial, cardId) VALUES ('2340', 6, '2340_8');
INSERT INTO `collection` (id, serial, cardId) VALUES ('2340', 7, '2340_9');
INSERT INTO `collection` (id, serial, cardId) VALUES ('2340', 8, '2340_10');
INSERT INTO `collection` (id, serial, cardId) VALUES ('2340', 9, '2340_11');
INSERT INTO `collection` (id, serial, cardId) VALUES ('2340', 10, '2340_12');
INSERT INTO `collection` (id, serial, cardId) VALUES ('2340', 11, '2340_13');
INSERT INTO `collection` (id, serial, cardId) VALUES ('2340', 12, '2340_14');
INSERT INTO `collection` (id, serial, cardId) VALUES ('2340', 13, '2340_15');
INSERT INTO `collection` (id, serial, cardId) VALUES ('2340', 14, '2340_16');
INSERT INTO `collection` (id, serial, cardId) VALUES ('2340', 15, '2340_17');
INSERT INTO `collection` (id, serial, cardId) VALUES ('2340', 16, '2340_18');
INSERT INTO `collection` (id, serial, cardId) VALUES ('22352', 1, '22352_3');
INSERT INTO `collection` (id, serial, cardId) VALUES ('22352', 2, '22352_4');
INSERT INTO `collection` (id, serial, cardId) VALUES ('22352', 3, '22352_5');
INSERT INTO `collection` (id, serial, cardId) VALUES ('22352', 4, '22352_6');
INSERT INTO `collection` (id, serial, cardId) VALUES ('22352', 5, '22352_7');
INSERT INTO `collection` (id, serial, cardId) VALUES ('22352', 6, '22352_8');
INSERT INTO `collection` (id, serial, cardId) VALUES ('22352', 7, '22352_9');
INSERT INTO `collection` (id, serial, cardId) VALUES ('22352', 8, '22352_10');
INSERT INTO `collection` (id, serial, cardId) VALUES ('22352', 9, '22352_11');
INSERT INTO `collection` (id, serial, cardId) VALUES ('12600', 1, '12600_3');
INSERT INTO `collection` (id, serial, cardId) VALUES ('12600', 2, '12600_4');
INSERT INTO `collection` (id, serial, cardId) VALUES ('12600', 3, '12600_5');
INSERT INTO `collection` (id, serial, cardId) VALUES ('12600', 4, '12600_6');
INSERT INTO `collection` (id, serial, cardId) VALUES ('12600', 5, '12600_7');
INSERT INTO `collection` (id, serial, cardId) VALUES ('12600', 6, '12600_8');
INSERT INTO `collection` (id, serial, cardId) VALUES ('12600', 7, '12600_9');
INSERT INTO `collection` (id, serial, cardId) VALUES ('12600', 8, '12600_10');
INSERT INTO `collection` (id, serial, cardId) VALUES ('12600', 9, '12600_11');
INSERT INTO `collection` (id, serial, cardId) VALUES ('12600', 10, '12600_12');
INSERT INTO `collection` (id, serial, cardId) VALUES ('12600', 11, '12600_13');
INSERT INTO `collection` (id, serial, cardId) VALUES ('12600', 12, '12600_14');
INSERT INTO `collection` (id, serial, cardId) VALUES ('12600', 13, '12600_15');
INSERT INTO `collection` (id, serial, cardId) VALUES ('12600', 14, '12600_16');
INSERT INTO `collection` (id, serial, cardId) VALUES ('12600', 15, '12600_17');
INSERT INTO `collection` (id, serial, cardId) VALUES ('12600', 16, '12600_18');
INSERT INTO `collection` (id, serial, cardId) VALUES ('12600', 17, '12600_19');
INSERT INTO `collection` (id, serial, cardId) VALUES ('15609', 1, '15609_3');
INSERT INTO `collection` (id, serial, cardId) VALUES ('15609', 2, '15609_4');
INSERT INTO `collection` (id, serial, cardId) VALUES ('15609', 3, '15609_5');
INSERT INTO `collection` (id, serial, cardId) VALUES ('15609', 4, '15609_6');
INSERT INTO `collection` (id, serial, cardId) VALUES ('15609', 5, '15609_7');
INSERT INTO `collection` (id, serial, cardId) VALUES ('15609', 6, '15609_8');
INSERT INTO `collection` (id, serial, cardId) VALUES ('15609', 7, '15609_9');
INSERT INTO `collection` (id, serial, cardId) VALUES ('15609', 8, '15609_10');
INSERT INTO `collection` (id, serial, cardId) VALUES ('15609', 9, '15609_11');
INSERT INTO `collection` (id, serial, cardId) VALUES ('10166', 1, '10166_3');
INSERT INTO `collection` (id, serial, cardId) VALUES ('10166', 2, '10166_4');
INSERT INTO `collection` (id, serial, cardId) VALUES ('10166', 3, '10166_5');
INSERT INTO `collection` (id, serial, cardId) VALUES ('10166', 4, '10166_6');
INSERT INTO `collection` (id, serial, cardId) VALUES ('10166', 5, '10166_7');
INSERT INTO `collection` (id, serial, cardId) VALUES ('10166', 6, '10166_8');
INSERT INTO `collection` (id, serial, cardId) VALUES ('10166', 7, '10166_9');
INSERT INTO `collection` (id, serial, cardId) VALUES ('10166', 8, '10166_10');
INSERT INTO `collection` (id, serial, cardId) VALUES ('10166', 9, '10166_11');
INSERT INTO `collection` (id, serial, cardId) VALUES ('10166', 10, '10166_12');
INSERT INTO `collection` (id, serial, cardId) VALUES ('10166', 11, '10166_13');
INSERT INTO `collection` (id, serial, cardId) VALUES ('10166', 12, '10166_14');
INSERT INTO `collection` (id, serial, cardId) VALUES ('10166', 13, '10166_15');
INSERT INTO `collection` (id, serial, cardId) VALUES ('22068', 1, '22068_3');
INSERT INTO `collection` (id, serial, cardId) VALUES ('22068', 2, '22068_4');
INSERT INTO `collection` (id, serial, cardId) VALUES ('22068', 3, '22068_5');
INSERT INTO `collection` (id, serial, cardId) VALUES ('22068', 4, '22068_6');
INSERT INTO `collection` (id, serial, cardId) VALUES ('22068', 5, '22068_7');
INSERT INTO `collection` (id, serial, cardId) VALUES ('22068', 6, '22068_8');
INSERT INTO `collection` (id, serial, cardId) VALUES ('22068', 7, '22068_9');
INSERT INTO `collection` (id, serial, cardId) VALUES ('22068', 8, '22068_10');
INSERT INTO `collection` (id, serial, cardId) VALUES ('22068', 9, '22068_11');
INSERT INTO `collection` (id, serial, cardId) VALUES ('22068', 10, '22068_12');
INSERT INTO `collection` (id, serial, cardId) VALUES ('22068', 11, '22068_13');
INSERT INTO `collection` (id, serial, cardId) VALUES ('22068', 12, '22068_14');
INSERT INTO `collection` (id, serial, cardId) VALUES ('22068', 13, '22068_15');
INSERT INTO `collection` (id, serial, cardId) VALUES ('22068', 14, '22068_16');
INSERT INTO `collection` (id, serial, cardId) VALUES ('22068', 15, '22068_17');
INSERT INTO `collection` (id, serial, cardId) VALUES ('22068', 16, '22068_18');
INSERT INTO `collection` (id, serial, cardId) VALUES ('22068', 17, '22068_19');
INSERT INTO `collection` (id, serial, cardId) VALUES ('1176', 1, '1176_3');
INSERT INTO `collection` (id, serial, cardId) VALUES ('1176', 2, '1176_4');
INSERT INTO `collection` (id, serial, cardId) VALUES ('1176', 3, '1176_5');
INSERT INTO `collection` (id, serial, cardId) VALUES ('1176', 4, '1176_6');
INSERT INTO `collection` (id, serial, cardId) VALUES ('1176', 5, '1176_7');
INSERT INTO `collection` (id, serial, cardId) VALUES ('1176', 6, '1176_8');
INSERT INTO `collection` (id, serial, cardId) VALUES ('1176', 7, '1176_9');
INSERT INTO `collection` (id, serial, cardId) VALUES ('1176', 8, '1176_10');
INSERT INTO `collection` (id, serial, cardId) VALUES ('1176', 9, '1176_11');
INSERT INTO `collection` (id, serial, cardId) VALUES ('1176', 10, '1176_12');
INSERT INTO `collection` (id, serial, cardId) VALUES ('1176', 11, '1176_13');
INSERT INTO `collection` (id, serial, cardId) VALUES ('1176', 12, '1176_14');
INSERT INTO `collection` (id, serial, cardId) VALUES ('19600', 1, '19600_3');
INSERT INTO `collection` (id, serial, cardId) VALUES ('19600', 2, '19600_4');
INSERT INTO `collection` (id, serial, cardId) VALUES ('19600', 3, '19600_5');
INSERT INTO `collection` (id, serial, cardId) VALUES ('19600', 4, '19600_6');
INSERT INTO `collection` (id, serial, cardId) VALUES ('19600', 5, '19600_7');
INSERT INTO `collection` (id, serial, cardId) VALUES ('19600', 6, '19600_8');
INSERT INTO `collection` (id, serial, cardId) VALUES ('19600', 7, '19600_9');
INSERT INTO `collection` (id, serial, cardId) VALUES ('19600', 8, '19600_10');
INSERT INTO `collection` (id, serial, cardId) VALUES ('19600', 9, '19600_11');
INSERT INTO `collection` (id, serial, cardId) VALUES ('19600', 10, '19600_12');
INSERT INTO `collection` (id, serial, cardId) VALUES ('19600', 11, '19600_13');
INSERT INTO `collection` (id, serial, cardId) VALUES ('19600', 12, '19600_14');
INSERT INTO `collection` (id, serial, cardId) VALUES ('19600', 13, '19600_15');
INSERT INTO `collection` (id, serial, cardId) VALUES ('19600', 14, '19600_16');
INSERT INTO `collection` (id, serial, cardId) VALUES ('19600', 15, '19600_17');
INSERT INTO `collection` (id, serial, cardId) VALUES ('19600', 16, '19600_18');
INSERT INTO `collection` (id, serial, cardId) VALUES ('19600', 17, '19600_19');
INSERT INTO `collection` (id, serial, cardId) VALUES ('19400', 1, '19400_3');
INSERT INTO `collection` (id, serial, cardId) VALUES ('19400', 2, '19400_4');
INSERT INTO `collection` (id, serial, cardId) VALUES ('19400', 3, '19400_5');
INSERT INTO `collection` (id, serial, cardId) VALUES ('19400', 4, '19400_6');
INSERT INTO `collection` (id, serial, cardId) VALUES ('19400', 5, '19400_7');
INSERT INTO `collection` (id, serial, cardId) VALUES ('19400', 6, '19400_8');
INSERT INTO `collection` (id, serial, cardId) VALUES ('19400', 7, '19400_9');
INSERT INTO `collection` (id, serial, cardId) VALUES ('19400', 8, '19400_10');
INSERT INTO `collection` (id, serial, cardId) VALUES ('19400', 9, '19400_11');
INSERT INTO `collection` (id, serial, cardId) VALUES ('19400', 10, '19400_12');
INSERT INTO `collection` (id, serial, cardId) VALUES ('19400', 11, '19400_13');
INSERT INTO `collection` (id, serial, cardId) VALUES ('19400', 12, '19400_14');
INSERT INTO `collection` (id, serial, cardId) VALUES ('19400', 13, '19400_15');
INSERT INTO `collection` (id, serial, cardId) VALUES ('2229', 1, '2229_3');
INSERT INTO `collection` (id, serial, cardId) VALUES ('2229', 2, '2229_4');
INSERT INTO `collection` (id, serial, cardId) VALUES ('2229', 3, '2229_5');
INSERT INTO `collection` (id, serial, cardId) VALUES ('2229', 4, '2229_6');
INSERT INTO `collection` (id, serial, cardId) VALUES ('2229', 5, '2229_7');
INSERT INTO `collection` (id, serial, cardId) VALUES ('2229', 6, '2229_8');
INSERT INTO `collection` (id, serial, cardId) VALUES ('2229', 7, '2229_9');
INSERT INTO `collection` (id, serial, cardId) VALUES ('2229', 8, '2229_10');
INSERT INTO `collection` (id, serial, cardId) VALUES ('2229', 9, '2229_11');
INSERT INTO `collection` (id, serial, cardId) VALUES ('2229', 10, '2229_12');
INSERT INTO `collection` (id, serial, cardId) VALUES ('2229', 11, '2229_13');
INSERT INTO `collection` (id, serial, cardId) VALUES ('2229', 12, '2229_14');
INSERT INTO `collection` (id, serial, cardId) VALUES ('31282', 1, '31282_3');
INSERT INTO `collection` (id, serial, cardId) VALUES ('31282', 2, '31282_4');
INSERT INTO `collection` (id, serial, cardId) VALUES ('31282', 3, '31282_5');
INSERT INTO `collection` (id, serial, cardId) VALUES ('31282', 4, '31282_6');
INSERT INTO `collection` (id, serial, cardId) VALUES ('31282', 5, '31282_7');
INSERT INTO `collection` (id, serial, cardId) VALUES ('31282', 6, '31282_8');
INSERT INTO `collection` (id, serial, cardId) VALUES ('31282', 7, '31282_9');
INSERT INTO `collection` (id, serial, cardId) VALUES ('31282', 8, '31282_10');
INSERT INTO `collection` (id, serial, cardId) VALUES ('31282', 9, '31282_11');
INSERT INTO `collection` (id, serial, cardId) VALUES ('31282', 10, '31282_12');
INSERT INTO `collection` (id, serial, cardId) VALUES ('31282', 11, '31282_13');
INSERT INTO `collection` (id, serial, cardId) VALUES ('12632', 1, '12632_3');
INSERT INTO `collection` (id, serial, cardId) VALUES ('12632', 2, '12632_4');
INSERT INTO `collection` (id, serial, cardId) VALUES ('12632', 3, '12632_5');
INSERT INTO `collection` (id, serial, cardId) VALUES ('12632', 4, '12632_6');
INSERT INTO `collection` (id, serial, cardId) VALUES ('12632', 5, '12632_7');
INSERT INTO `collection` (id, serial, cardId) VALUES ('12632', 6, '12632_8');
INSERT INTO `collection` (id, serial, cardId) VALUES ('12632', 7, '12632_9');
INSERT INTO `collection` (id, serial, cardId) VALUES ('12632', 8, '12632_10');
INSERT INTO `collection` (id, serial, cardId) VALUES ('12632', 9, '12632_11');
INSERT INTO `collection` (id, serial, cardId) VALUES ('22061', 1, '22061_3');
INSERT INTO `collection` (id, serial, cardId) VALUES ('22061', 2, '22061_4');
INSERT INTO `collection` (id, serial, cardId) VALUES ('22061', 3, '22061_5');
INSERT INTO `collection` (id, serial, cardId) VALUES ('22061', 4, '22061_6');
INSERT INTO `collection` (id, serial, cardId) VALUES ('22061', 5, '22061_7');
INSERT INTO `collection` (id, serial, cardId) VALUES ('22061', 6, '22061_8');
INSERT INTO `collection` (id, serial, cardId) VALUES ('22061', 7, '22061_9');
INSERT INTO `collection` (id, serial, cardId) VALUES ('22061', 8, '22061_10');
INSERT INTO `collection` (id, serial, cardId) VALUES ('22061', 9, '22061_11');
INSERT INTO `collection` (id, serial, cardId) VALUES ('22061', 10, '22061_12');
INSERT INTO `collection` (id, serial, cardId) VALUES ('22061', 11, '22061_13');
INSERT INTO `collection` (id, serial, cardId) VALUES ('22061', 12, '22061_14');
INSERT INTO `collection` (id, serial, cardId) VALUES ('22061', 13, '22061_15');
INSERT INTO `collection` (id, serial, cardId) VALUES ('15863', 1, '15863_3');
INSERT INTO `collection` (id, serial, cardId) VALUES ('15863', 2, '15863_4');
INSERT INTO `collection` (id, serial, cardId) VALUES ('15863', 3, '15863_5');
INSERT INTO `collection` (id, serial, cardId) VALUES ('15863', 4, '15863_6');
INSERT INTO `collection` (id, serial, cardId) VALUES ('15863', 5, '15863_7');
INSERT INTO `collection` (id, serial, cardId) VALUES ('15863', 6, '15863_8');
INSERT INTO `collection` (id, serial, cardId) VALUES ('15863', 7, '15863_9');
INSERT INTO `collection` (id, serial, cardId) VALUES ('15863', 8, '15863_10');
INSERT INTO `collection` (id, serial, cardId) VALUES ('15863', 9, '15863_11');
INSERT INTO `collection` (id, serial, cardId) VALUES ('15863', 10, '15863_12');
INSERT INTO `collection` (id, serial, cardId) VALUES ('15863', 11, '15863_13');
INSERT INTO `collection` (id, serial, cardId) VALUES ('15863', 12, '15863_14');
INSERT INTO `collection` (id, serial, cardId) VALUES ('15863', 13, '15863_15');
INSERT INTO `collection` (id, serial, cardId) VALUES ('7874', 1, '7874_3');
INSERT INTO `collection` (id, serial, cardId) VALUES ('7874', 2, '7874_4');
INSERT INTO `collection` (id, serial, cardId) VALUES ('7874', 3, '7874_5');
INSERT INTO `collection` (id, serial, cardId) VALUES ('7874', 4, '7874_6');
INSERT INTO `collection` (id, serial, cardId) VALUES ('7874', 5, '7874_7');
INSERT INTO `collection` (id, serial, cardId) VALUES ('7874', 6, '7874_8');
INSERT INTO `collection` (id, serial, cardId) VALUES ('7874', 7, '7874_9');
INSERT INTO `collection` (id, serial, cardId) VALUES ('7874', 8, '7874_10');
INSERT INTO `collection` (id, serial, cardId) VALUES ('7874', 9, '7874_11');
INSERT INTO `collection` (id, serial, cardId) VALUES ('7874', 10, '7874_12');
INSERT INTO `collection` (id, serial, cardId) VALUES ('7874', 11, '7874_13');
INSERT INTO `collection` (id, serial, cardId) VALUES ('7874', 12, '7874_14');
INSERT INTO `collection` (id, serial, cardId) VALUES ('7874', 13, '7874_15');
INSERT INTO `collection` (id, serial, cardId) VALUES ('7874', 14, '7874_16');
INSERT INTO `collection` (id, serial, cardId) VALUES ('7874', 15, '7874_17');
INSERT INTO `collection` (id, serial, cardId) VALUES ('22049', 1, '22049_3');
INSERT INTO `collection` (id, serial, cardId) VALUES ('22049', 2, '22049_4');
INSERT INTO `collection` (id, serial, cardId) VALUES ('22049', 3, '22049_5');
INSERT INTO `collection` (id, serial, cardId) VALUES ('22049', 4, '22049_6');
INSERT INTO `collection` (id, serial, cardId) VALUES ('22049', 5, '22049_7');
INSERT INTO `collection` (id, serial, cardId) VALUES ('22049', 6, '22049_8');
INSERT INTO `collection` (id, serial, cardId) VALUES ('22049', 7, '22049_9');
INSERT INTO `collection` (id, serial, cardId) VALUES ('22049', 8, '22049_10');
INSERT INTO `collection` (id, serial, cardId) VALUES ('22049', 9, '22049_11');
INSERT INTO `collection` (id, serial, cardId) VALUES ('22049', 10, '22049_12');
INSERT INTO `collection` (id, serial, cardId) VALUES ('22049', 11, '22049_13');
INSERT INTO `collection` (id, serial, cardId) VALUES ('22049', 12, '22049_14');
INSERT INTO `collection` (id, serial, cardId) VALUES ('22049', 13, '22049_15');
INSERT INTO `collection` (id, serial, cardId) VALUES ('22049', 14, '22049_16');
INSERT INTO `collection` (id, serial, cardId) VALUES ('22049', 15, '22049_17');
INSERT INTO `collection` (id, serial, cardId) VALUES ('22049', 16, '22049_18');
INSERT INTO `collection` (id, serial, cardId) VALUES ('22049', 17, '22049_19');
INSERT INTO `collection` (id, serial, cardId) VALUES ('23747', 2, '23747_4');
INSERT INTO `collection` (id, serial, cardId) VALUES ('23747', 4, '23747_6');
INSERT INTO `collection` (id, serial, cardId) VALUES ('23747', 6, '23747_8');
INSERT INTO `collection` (id, serial, cardId) VALUES ('23747', 8, '23747_10');
INSERT INTO `collection` (id, serial, cardId) VALUES ('23747', 10, '23747_12');
INSERT INTO `collection` (id, serial, cardId) VALUES ('23747', 12, '23747_14');
INSERT INTO `collection` (id, serial, cardId) VALUES ('23747', 14, '23747_16');
INSERT INTO `collection` (id, serial, cardId) VALUES ('23747', 16, '23747_18');
INSERT INTO `collection` (id, serial, cardId) VALUES ('23747', 18, '23747_20');
INSERT INTO `collection` (id, serial, cardId) VALUES ('23747', 22, '23747_24');
INSERT INTO `collection` (id, serial, cardId) VALUES ('22750', 1, '22750_3');
INSERT INTO `collection` (id, serial, cardId) VALUES ('22750', 2, '22750_4');
INSERT INTO `collection` (id, serial, cardId) VALUES ('22750', 3, '22750_5');
INSERT INTO `collection` (id, serial, cardId) VALUES ('22750', 4, '22750_6');
INSERT INTO `collection` (id, serial, cardId) VALUES ('22750', 5, '22750_7');
INSERT INTO `collection` (id, serial, cardId) VALUES ('22750', 6, '22750_8');
INSERT INTO `collection` (id, serial, cardId) VALUES ('22750', 7, '22750_9');
INSERT INTO `collection` (id, serial, cardId) VALUES ('22750', 8, '22750_10');
INSERT INTO `collection` (id, serial, cardId) VALUES ('22750', 9, '22750_11');
INSERT INTO `collection` (id, serial, cardId) VALUES ('22750', 10, '22750_12');
INSERT INTO `collection` (id, serial, cardId) VALUES ('22750', 11, '22750_13');
INSERT INTO `collection` (id, serial, cardId) VALUES ('22750', 12, '22750_14');
INSERT INTO `collection` (id, serial, cardId) VALUES ('22750', 13, '22750_15');
INSERT INTO `collection` (id, serial, cardId) VALUES ('21747', 1, '21747_3');
INSERT INTO `collection` (id, serial, cardId) VALUES ('21747', 2, '21747_4');
INSERT INTO `collection` (id, serial, cardId) VALUES ('21747', 3, '21747_5');
INSERT INTO `collection` (id, serial, cardId) VALUES ('21747', 4, '21747_6');
INSERT INTO `collection` (id, serial, cardId) VALUES ('21747', 5, '21747_7');
INSERT INTO `collection` (id, serial, cardId) VALUES ('21747', 6, '21747_8');
INSERT INTO `collection` (id, serial, cardId) VALUES ('21747', 7, '21747_9');
INSERT INTO `collection` (id, serial, cardId) VALUES ('21747', 8, '21747_10');
INSERT INTO `collection` (id, serial, cardId) VALUES ('21747', 9, '21747_11');
INSERT INTO `collection` (id, serial, cardId) VALUES ('21747', 10, '21747_12');
INSERT INTO `collection` (id, serial, cardId) VALUES ('21747', 11, '21747_13');
INSERT INTO `collection` (id, serial, cardId) VALUES ('21747', 12, '21747_14');
INSERT INTO `collection` (id, serial, cardId) VALUES ('21747', 13, '21747_15');
INSERT INTO `collection` (id, serial, cardId) VALUES ('2344', 1, '2344_3');
INSERT INTO `collection` (id, serial, cardId) VALUES ('2344', 2, '2344_4');
INSERT INTO `collection` (id, serial, cardId) VALUES ('2344', 3, '2344_5');
INSERT INTO `collection` (id, serial, cardId) VALUES ('2344', 4, '2344_6');
INSERT INTO `collection` (id, serial, cardId) VALUES ('2344', 5, '2344_7');
INSERT INTO `collection` (id, serial, cardId) VALUES ('2344', 6, '2344_8');
INSERT INTO `collection` (id, serial, cardId) VALUES ('2344', 7, '2344_9');
INSERT INTO `collection` (id, serial, cardId) VALUES ('2344', 8, '2344_10');
INSERT INTO `collection` (id, serial, cardId) VALUES ('2344', 9, '2344_11');
INSERT INTO `collection` (id, serial, cardId) VALUES ('2344', 10, '2344_12');
INSERT INTO `collection` (id, serial, cardId) VALUES ('2344', 12, '2344_14');
INSERT INTO `collection` (id, serial, cardId) VALUES ('2344', 14, '2344_16');
INSERT INTO `collection` (id, serial, cardId) VALUES ('2344', 15, '2344_17');
INSERT INTO `collection` (id, serial, cardId) VALUES ('2344', 16, '2344_18');
INSERT INTO `collection` (id, serial, cardId) VALUES ('15942', 1, '15942_3');
INSERT INTO `collection` (id, serial, cardId) VALUES ('15942', 2, '15942_4');
INSERT INTO `collection` (id, serial, cardId) VALUES ('15942', 3, '15942_5');
INSERT INTO `collection` (id, serial, cardId) VALUES ('15942', 4, '15942_6');
INSERT INTO `collection` (id, serial, cardId) VALUES ('15942', 5, '15942_7');
INSERT INTO `collection` (id, serial, cardId) VALUES ('15942', 6, '15942_8');
INSERT INTO `collection` (id, serial, cardId) VALUES ('15942', 7, '15942_9');
INSERT INTO `collection` (id, serial, cardId) VALUES ('15942', 8, '15942_10');
INSERT INTO `collection` (id, serial, cardId) VALUES ('15942', 9, '15942_11');
INSERT INTO `collection` (id, serial, cardId) VALUES ('15942', 10, '15942_12');
INSERT INTO `collection` (id, serial, cardId) VALUES ('15942', 11, '15942_13');
INSERT INTO `collection` (id, serial, cardId) VALUES ('7877', 1, '7877_3');
INSERT INTO `collection` (id, serial, cardId) VALUES ('7877', 2, '7877_4');
INSERT INTO `collection` (id, serial, cardId) VALUES ('7877', 3, '7877_5');
INSERT INTO `collection` (id, serial, cardId) VALUES ('7877', 4, '7877_6');
INSERT INTO `collection` (id, serial, cardId) VALUES ('7877', 5, '7877_7');
INSERT INTO `collection` (id, serial, cardId) VALUES ('7877', 6, '7877_8');
INSERT INTO `collection` (id, serial, cardId) VALUES ('7877', 7, '7877_9');
INSERT INTO `collection` (id, serial, cardId) VALUES ('7877', 8, '7877_10');
INSERT INTO `collection` (id, serial, cardId) VALUES ('7877', 9, '7877_11');
INSERT INTO `collection` (id, serial, cardId) VALUES ('7877', 10, '7877_12');
INSERT INTO `collection` (id, serial, cardId) VALUES ('9684', 1, '9684_3');
INSERT INTO `collection` (id, serial, cardId) VALUES ('9684', 2, '9684_4');
INSERT INTO `collection` (id, serial, cardId) VALUES ('9684', 3, '9684_5');
INSERT INTO `collection` (id, serial, cardId) VALUES ('9684', 4, '9684_6');
INSERT INTO `collection` (id, serial, cardId) VALUES ('9684', 5, '9684_7');
INSERT INTO `collection` (id, serial, cardId) VALUES ('9684', 6, '9684_8');
INSERT INTO `collection` (id, serial, cardId) VALUES ('9684', 7, '9684_9');
INSERT INTO `collection` (id, serial, cardId) VALUES ('9684', 8, '9684_10');
INSERT INTO `collection` (id, serial, cardId) VALUES ('9684', 9, '9684_11');
INSERT INTO `collection` (id, serial, cardId) VALUES ('9684', 10, '9684_12');
INSERT INTO `collection` (id, serial, cardId) VALUES ('9684', 11, '9684_13');
INSERT INTO `collection` (id, serial, cardId) VALUES ('9684', 13, '9684_15');
INSERT INTO `collection` (id, serial, cardId) VALUES ('15616', 1, '15616_3');
INSERT INTO `collection` (id, serial, cardId) VALUES ('15616', 2, '15616_4');
INSERT INTO `collection` (id, serial, cardId) VALUES ('15616', 3, '15616_5');
INSERT INTO `collection` (id, serial, cardId) VALUES ('15616', 4, '15616_6');
INSERT INTO `collection` (id, serial, cardId) VALUES ('15616', 5, '15616_7');
INSERT INTO `collection` (id, serial, cardId) VALUES ('15616', 6, '15616_8');
INSERT INTO `collection` (id, serial, cardId) VALUES ('15616', 7, '15616_9');
INSERT INTO `collection` (id, serial, cardId) VALUES ('15616', 8, '15616_10');
INSERT INTO `collection` (id, serial, cardId) VALUES ('15616', 9, '15616_11');
INSERT INTO `collection` (id, serial, cardId) VALUES ('9480', 1, '9480_3');
INSERT INTO `collection` (id, serial, cardId) VALUES ('9480', 2, '9480_4');
INSERT INTO `collection` (id, serial, cardId) VALUES ('9480', 3, '9480_5');
INSERT INTO `collection` (id, serial, cardId) VALUES ('9480', 4, '9480_6');
INSERT INTO `collection` (id, serial, cardId) VALUES ('9480', 5, '9480_7');
INSERT INTO `collection` (id, serial, cardId) VALUES ('9480', 6, '9480_8');
INSERT INTO `collection` (id, serial, cardId) VALUES ('9480', 7, '9480_9');
INSERT INTO `collection` (id, serial, cardId) VALUES ('9480', 8, '9480_10');
INSERT INTO `collection` (id, serial, cardId) VALUES ('9480', 9, '9480_11');
INSERT INTO `collection` (id, serial, cardId) VALUES ('9480', 10, '9480_12');
INSERT INTO `collection` (id, serial, cardId) VALUES ('9480', 11, '9480_13');
INSERT INTO `collection` (id, serial, cardId) VALUES ('21621', 1, '21621_3');
INSERT INTO `collection` (id, serial, cardId) VALUES ('21621', 2, '21621_4');
INSERT INTO `collection` (id, serial, cardId) VALUES ('21621', 3, '21621_5');
INSERT INTO `collection` (id, serial, cardId) VALUES ('21621', 4, '21621_6');
INSERT INTO `collection` (id, serial, cardId) VALUES ('21621', 5, '21621_7');
INSERT INTO `collection` (id, serial, cardId) VALUES ('21621', 6, '21621_8');
INSERT INTO `collection` (id, serial, cardId) VALUES ('21621', 7, '21621_9');
INSERT INTO `collection` (id, serial, cardId) VALUES ('21621', 8, '21621_10');
INSERT INTO `collection` (id, serial, cardId) VALUES ('21621', 9, '21621_11');
INSERT INTO `collection` (id, serial, cardId) VALUES ('21621', 10, '21621_12');
INSERT INTO `collection` (id, serial, cardId) VALUES ('21621', 11, '21621_13');
INSERT INTO `collection` (id, serial, cardId) VALUES ('21621', 12, '21621_14');
INSERT INTO `collection` (id, serial, cardId) VALUES ('21621', 13, '21621_15');
INSERT INTO `collection` (id, serial, cardId) VALUES ('12687', 1, '12687_3');
INSERT INTO `collection` (id, serial, cardId) VALUES ('12687', 2, '12687_4');
INSERT INTO `collection` (id, serial, cardId) VALUES ('12687', 3, '12687_5');
INSERT INTO `collection` (id, serial, cardId) VALUES ('12687', 4, '12687_6');
INSERT INTO `collection` (id, serial, cardId) VALUES ('12687', 5, '12687_7');
INSERT INTO `collection` (id, serial, cardId) VALUES ('12687', 6, '12687_8');
INSERT INTO `collection` (id, serial, cardId) VALUES ('12687', 7, '12687_9');
INSERT INTO `collection` (id, serial, cardId) VALUES ('12687', 8, '12687_10');
INSERT INTO `collection` (id, serial, cardId) VALUES ('12687', 9, '12687_11');
INSERT INTO `collection` (id, serial, cardId) VALUES ('12687', 10, '12687_12');
INSERT INTO `collection` (id, serial, cardId) VALUES ('12687', 11, '12687_13');
INSERT INTO `collection` (id, serial, cardId) VALUES ('12687', 12, '12687_14');
INSERT INTO `collection` (id, serial, cardId) VALUES ('12687', 13, '12687_15');
INSERT INTO `collection` (id, serial, cardId) VALUES ('15712', 1, '15712_3');
INSERT INTO `collection` (id, serial, cardId) VALUES ('15712', 2, '15712_4');
INSERT INTO `collection` (id, serial, cardId) VALUES ('15712', 3, '15712_5');
INSERT INTO `collection` (id, serial, cardId) VALUES ('15712', 4, '15712_6');
INSERT INTO `collection` (id, serial, cardId) VALUES ('15712', 5, '15712_7');
INSERT INTO `collection` (id, serial, cardId) VALUES ('15712', 6, '15712_8');
INSERT INTO `collection` (id, serial, cardId) VALUES ('15712', 7, '15712_9');
INSERT INTO `collection` (id, serial, cardId) VALUES ('15712', 8, '15712_10');
INSERT INTO `collection` (id, serial, cardId) VALUES ('15712', 9, '15712_11');
INSERT INTO `collection` (id, serial, cardId) VALUES ('24042', 1, '24042_3');
INSERT INTO `collection` (id, serial, cardId) VALUES ('24042', 2, '24042_4');
INSERT INTO `collection` (id, serial, cardId) VALUES ('24042', 3, '24042_5');
INSERT INTO `collection` (id, serial, cardId) VALUES ('24042', 4, '24042_6');
INSERT INTO `collection` (id, serial, cardId) VALUES ('24042', 5, '24042_7');
INSERT INTO `collection` (id, serial, cardId) VALUES ('3003', 1, '3003_3');
INSERT INTO `collection` (id, serial, cardId) VALUES ('3003', 2, '3003_4');
INSERT INTO `collection` (id, serial, cardId) VALUES ('3003', 3, '3003_5');
INSERT INTO `collection` (id, serial, cardId) VALUES ('3003', 4, '3003_6');
INSERT INTO `collection` (id, serial, cardId) VALUES ('3003', 5, '3003_7');
INSERT INTO `collection` (id, serial, cardId) VALUES ('3003', 6, '3003_8');
INSERT INTO `collection` (id, serial, cardId) VALUES ('3003', 7, '3003_9');
INSERT INTO `collection` (id, serial, cardId) VALUES ('3003', 8, '3003_10');
INSERT INTO `collection` (id, serial, cardId) VALUES ('3003', 9, '3003_11');
INSERT INTO `collection` (id, serial, cardId) VALUES ('3003', 10, '3003_12');
INSERT INTO `collection` (id, serial, cardId) VALUES ('3003', 11, '3003_13');
INSERT INTO `collection` (id, serial, cardId) VALUES ('3003', 12, '3003_14');
INSERT INTO `collection` (id, serial, cardId) VALUES ('3003', 13, '3003_15');
INSERT INTO `collection` (id, serial, cardId) VALUES ('3003', 14, '3003_16');
INSERT INTO `collection` (id, serial, cardId) VALUES ('3003', 15, '3003_17');
INSERT INTO `collection` (id, serial, cardId) VALUES ('3003', 16, '3003_18');
INSERT INTO `collection` (id, serial, cardId) VALUES ('3003', 17, '3003_19');
INSERT INTO `collection` (id, serial, cardId) VALUES ('22531', 1, '22531_3');
INSERT INTO `collection` (id, serial, cardId) VALUES ('22531', 2, '22531_4');
INSERT INTO `collection` (id, serial, cardId) VALUES ('22531', 3, '22531_5');
INSERT INTO `collection` (id, serial, cardId) VALUES ('22531', 4, '22531_6');
INSERT INTO `collection` (id, serial, cardId) VALUES ('22531', 5, '22531_7');
INSERT INTO `collection` (id, serial, cardId) VALUES ('22531', 6, '22531_8');
INSERT INTO `collection` (id, serial, cardId) VALUES ('22531', 7, '22531_9');
INSERT INTO `collection` (id, serial, cardId) VALUES ('22531', 8, '22531_10');
INSERT INTO `collection` (id, serial, cardId) VALUES ('22531', 9, '22531_11');
INSERT INTO `collection` (id, serial, cardId) VALUES ('21141', 1, '21141_3');
INSERT INTO `collection` (id, serial, cardId) VALUES ('21141', 2, '21141_4');
INSERT INTO `collection` (id, serial, cardId) VALUES ('21141', 3, '21141_5');
INSERT INTO `collection` (id, serial, cardId) VALUES ('21141', 4, '21141_6');
INSERT INTO `collection` (id, serial, cardId) VALUES ('21141', 5, '21141_7');
INSERT INTO `collection` (id, serial, cardId) VALUES ('21141', 6, '21141_8');
INSERT INTO `collection` (id, serial, cardId) VALUES ('21141', 7, '21141_9');
INSERT INTO `collection` (id, serial, cardId) VALUES ('21141', 8, '21141_10');
INSERT INTO `collection` (id, serial, cardId) VALUES ('21141', 9, '21141_11');
INSERT INTO `collection` (id, serial, cardId) VALUES ('21141', 10, '21141_12');
INSERT INTO `collection` (id, serial, cardId) VALUES ('21141', 11, '21141_13');
INSERT INTO `collection` (id, serial, cardId) VALUES ('21141', 12, '21141_14');
INSERT INTO `collection` (id, serial, cardId) VALUES ('21141', 13, '21141_15');
INSERT INTO `collection` (id, serial, cardId) VALUES ('12653', 1, '12653_3');
INSERT INTO `collection` (id, serial, cardId) VALUES ('12653', 2, '12653_4');
INSERT INTO `collection` (id, serial, cardId) VALUES ('12653', 3, '12653_5');
INSERT INTO `collection` (id, serial, cardId) VALUES ('12653', 4, '12653_6');
INSERT INTO `collection` (id, serial, cardId) VALUES ('12653', 5, '12653_7');
INSERT INTO `collection` (id, serial, cardId) VALUES ('12653', 6, '12653_8');
INSERT INTO `collection` (id, serial, cardId) VALUES ('12653', 7, '12653_9');
INSERT INTO `collection` (id, serial, cardId) VALUES ('12653', 8, '12653_10');
INSERT INTO `collection` (id, serial, cardId) VALUES ('12653', 9, '12653_11');
INSERT INTO `collection` (id, serial, cardId) VALUES ('20433', 1, '20433_3');
INSERT INTO `collection` (id, serial, cardId) VALUES ('20433', 2, '20433_4');
INSERT INTO `collection` (id, serial, cardId) VALUES ('20433', 3, '20433_5');
INSERT INTO `collection` (id, serial, cardId) VALUES ('20433', 4, '20433_6');
INSERT INTO `collection` (id, serial, cardId) VALUES ('20433', 5, '20433_7');
INSERT INTO `collection` (id, serial, cardId) VALUES ('20433', 6, '20433_8');
INSERT INTO `collection` (id, serial, cardId) VALUES ('20433', 7, '20433_9');
INSERT INTO `collection` (id, serial, cardId) VALUES ('20433', 8, '20433_10');
INSERT INTO `collection` (id, serial, cardId) VALUES ('20433', 9, '20433_11');
INSERT INTO `collection` (id, serial, cardId) VALUES ('21842', 1, '21842_3');
INSERT INTO `collection` (id, serial, cardId) VALUES ('21842', 2, '21842_4');
INSERT INTO `collection` (id, serial, cardId) VALUES ('21842', 3, '21842_5');
INSERT INTO `collection` (id, serial, cardId) VALUES ('21842', 4, '21842_6');
INSERT INTO `collection` (id, serial, cardId) VALUES ('21842', 5, '21842_7');
INSERT INTO `collection` (id, serial, cardId) VALUES ('21842', 6, '21842_8');
INSERT INTO `collection` (id, serial, cardId) VALUES ('21842', 7, '21842_9');
INSERT INTO `collection` (id, serial, cardId) VALUES ('21842', 8, '21842_10');
INSERT INTO `collection` (id, serial, cardId) VALUES ('21842', 9, '21842_11');
INSERT INTO `collection` (id, serial, cardId) VALUES ('21842', 10, '21842_12');
INSERT INTO `collection` (id, serial, cardId) VALUES ('21842', 11, '21842_13');
INSERT INTO `collection` (id, serial, cardId) VALUES ('21842', 12, '21842_14');
INSERT INTO `collection` (id, serial, cardId) VALUES ('21842', 13, '21842_15');
INSERT INTO `collection` (id, serial, cardId) VALUES ('21842', 14, '21842_16');
INSERT INTO `collection` (id, serial, cardId) VALUES ('21842', 15, '21842_17');
INSERT INTO `collection` (id, serial, cardId) VALUES ('21842', 16, '21842_18');
INSERT INTO `collection` (id, serial, cardId) VALUES ('21842', 17, '21842_19');
INSERT INTO `collection` (id, serial, cardId) VALUES ('9529', 1, '9529_3');
INSERT INTO `collection` (id, serial, cardId) VALUES ('9529', 2, '9529_4');
INSERT INTO `collection` (id, serial, cardId) VALUES ('9529', 3, '9529_5');
INSERT INTO `collection` (id, serial, cardId) VALUES ('9529', 4, '9529_6');
INSERT INTO `collection` (id, serial, cardId) VALUES ('9529', 5, '9529_7');
INSERT INTO `collection` (id, serial, cardId) VALUES ('9529', 6, '9529_8');
INSERT INTO `collection` (id, serial, cardId) VALUES ('9529', 7, '9529_9');
INSERT INTO `collection` (id, serial, cardId) VALUES ('9529', 8, '9529_10');
INSERT INTO `collection` (id, serial, cardId) VALUES ('9529', 9, '9529_11');
INSERT INTO `collection` (id, serial, cardId) VALUES ('21836', 1, '21836_3');
INSERT INTO `collection` (id, serial, cardId) VALUES ('21836', 2, '21836_4');
INSERT INTO `collection` (id, serial, cardId) VALUES ('21836', 3, '21836_5');
INSERT INTO `collection` (id, serial, cardId) VALUES ('21836', 4, '21836_6');
INSERT INTO `collection` (id, serial, cardId) VALUES ('21836', 5, '21836_7');
INSERT INTO `collection` (id, serial, cardId) VALUES ('21836', 6, '21836_8');
INSERT INTO `collection` (id, serial, cardId) VALUES ('21836', 7, '21836_9');
INSERT INTO `collection` (id, serial, cardId) VALUES ('21836', 8, '21836_10');
INSERT INTO `collection` (id, serial, cardId) VALUES ('21836', 9, '21836_11');
INSERT INTO `collection` (id, serial, cardId) VALUES ('21836', 10, '21836_12');
INSERT INTO `collection` (id, serial, cardId) VALUES ('21836', 11, '21836_13');
INSERT INTO `collection` (id, serial, cardId) VALUES ('2106', 1, '2106_3');
INSERT INTO `collection` (id, serial, cardId) VALUES ('2106', 2, '2106_4');
INSERT INTO `collection` (id, serial, cardId) VALUES ('2106', 3, '2106_5');
INSERT INTO `collection` (id, serial, cardId) VALUES ('2106', 4, '2106_6');
INSERT INTO `collection` (id, serial, cardId) VALUES ('2106', 5, '2106_7');
INSERT INTO `collection` (id, serial, cardId) VALUES ('2106', 6, '2106_8');
INSERT INTO `collection` (id, serial, cardId) VALUES ('2106', 7, '2106_9');
INSERT INTO `collection` (id, serial, cardId) VALUES ('2106', 8, '2106_10');
INSERT INTO `collection` (id, serial, cardId) VALUES ('2106', 9, '2106_11');
INSERT INTO `collection` (id, serial, cardId) VALUES ('2106', 10, '2106_12');
INSERT INTO `collection` (id, serial, cardId) VALUES ('2106', 11, '2106_13');
INSERT INTO `collection` (id, serial, cardId) VALUES ('2106', 12, '2106_14');
INSERT INTO `collection` (id, serial, cardId) VALUES ('31301', 1, '31301_3');
INSERT INTO `collection` (id, serial, cardId) VALUES ('31301', 2, '31301_4');
INSERT INTO `collection` (id, serial, cardId) VALUES ('31301', 3, '31301_5');
INSERT INTO `collection` (id, serial, cardId) VALUES ('31301', 4, '31301_6');
INSERT INTO `collection` (id, serial, cardId) VALUES ('31301', 5, '31301_7');
INSERT INTO `collection` (id, serial, cardId) VALUES ('31301', 6, '31301_8');
INSERT INTO `collection` (id, serial, cardId) VALUES ('31301', 7, '31301_9');
INSERT INTO `collection` (id, serial, cardId) VALUES ('31301', 8, '31301_10');
INSERT INTO `collection` (id, serial, cardId) VALUES ('31301', 9, '31301_11');
INSERT INTO `collection` (id, serial, cardId) VALUES ('2878', 9, '2878_11');
INSERT INTO `collection` (id, serial, cardId) VALUES ('3159', 1, '3159_3');
INSERT INTO `collection` (id, serial, cardId) VALUES ('3159', 2, '3159_4');
INSERT INTO `collection` (id, serial, cardId) VALUES ('3159', 3, '3159_5');
INSERT INTO `collection` (id, serial, cardId) VALUES ('3159', 4, '3159_6');
INSERT INTO `collection` (id, serial, cardId) VALUES ('3159', 5, '3159_7');
INSERT INTO `collection` (id, serial, cardId) VALUES ('3159', 6, '3159_8');
INSERT INTO `collection` (id, serial, cardId) VALUES ('3159', 7, '3159_9');
INSERT INTO `collection` (id, serial, cardId) VALUES ('3159', 8, '3159_10');
INSERT INTO `collection` (id, serial, cardId) VALUES ('3159', 9, '3159_11');
INSERT INTO `collection` (id, serial, cardId) VALUES ('3159', 10, '3159_12');
INSERT INTO `collection` (id, serial, cardId) VALUES ('3159', 11, '3159_13');
INSERT INTO `collection` (id, serial, cardId) VALUES ('3159', 12, '3159_14');
INSERT INTO `collection` (id, serial, cardId) VALUES ('3159', 13, '3159_15');
INSERT INTO `collection` (id, serial, cardId) VALUES ('3159', 14, '3159_16');
INSERT INTO `collection` (id, serial, cardId) VALUES ('21994', 1, '21994_3');
INSERT INTO `collection` (id, serial, cardId) VALUES ('21994', 2, '21994_4');
INSERT INTO `collection` (id, serial, cardId) VALUES ('21994', 3, '21994_5');
INSERT INTO `collection` (id, serial, cardId) VALUES ('21994', 4, '21994_6');
INSERT INTO `collection` (id, serial, cardId) VALUES ('21994', 5, '21994_7');
INSERT INTO `collection` (id, serial, cardId) VALUES ('21994', 6, '21994_8');
INSERT INTO `collection` (id, serial, cardId) VALUES ('21994', 7, '21994_9');
INSERT INTO `collection` (id, serial, cardId) VALUES ('21994', 8, '21994_10');
INSERT INTO `collection` (id, serial, cardId) VALUES ('21994', 9, '21994_11');
INSERT INTO `collection` (id, serial, cardId) VALUES ('21994', 10, '21994_12');
INSERT INTO `collection` (id, serial, cardId) VALUES ('21994', 11, '21994_13');
INSERT INTO `collection` (id, serial, cardId) VALUES ('21994', 12, '21994_14');
INSERT INTO `collection` (id, serial, cardId) VALUES ('21994', 13, '21994_15');
INSERT INTO `collection` (id, serial, cardId) VALUES ('2987', 1, '2987_3');
INSERT INTO `collection` (id, serial, cardId) VALUES ('2987', 2, '2987_4');
INSERT INTO `collection` (id, serial, cardId) VALUES ('2987', 3, '2987_5');
INSERT INTO `collection` (id, serial, cardId) VALUES ('2987', 4, '2987_6');
INSERT INTO `collection` (id, serial, cardId) VALUES ('2987', 5, '2987_7');
INSERT INTO `collection` (id, serial, cardId) VALUES ('2987', 6, '2987_8');
INSERT INTO `collection` (id, serial, cardId) VALUES ('2987', 7, '2987_9');
INSERT INTO `collection` (id, serial, cardId) VALUES ('2987', 8, '2987_10');
INSERT INTO `collection` (id, serial, cardId) VALUES ('2987', 9, '2987_11');
INSERT INTO `collection` (id, serial, cardId) VALUES ('2987', 10, '2987_12');
INSERT INTO `collection` (id, serial, cardId) VALUES ('2987', 11, '2987_13');
INSERT INTO `collection` (id, serial, cardId) VALUES ('2987', 12, '2987_14');
INSERT INTO `collection` (id, serial, cardId) VALUES ('2987', 13, '2987_15');
INSERT INTO `collection` (id, serial, cardId) VALUES ('2987', 14, '2987_16');
INSERT INTO `collection` (id, serial, cardId) VALUES ('2987', 15, '2987_17');
INSERT INTO `collection` (id, serial, cardId) VALUES ('2987', 16, '2987_18');
INSERT INTO `collection` (id, serial, cardId) VALUES ('12692', 1, '12692_3');
INSERT INTO `collection` (id, serial, cardId) VALUES ('12692', 2, '12692_4');
INSERT INTO `collection` (id, serial, cardId) VALUES ('12692', 3, '12692_5');
INSERT INTO `collection` (id, serial, cardId) VALUES ('12692', 4, '12692_6');
INSERT INTO `collection` (id, serial, cardId) VALUES ('12692', 5, '12692_7');
INSERT INTO `collection` (id, serial, cardId) VALUES ('12692', 6, '12692_8');
INSERT INTO `collection` (id, serial, cardId) VALUES ('12692', 7, '12692_9');
INSERT INTO `collection` (id, serial, cardId) VALUES ('12692', 8, '12692_10');
INSERT INTO `collection` (id, serial, cardId) VALUES ('12692', 9, '12692_11');
INSERT INTO `collection` (id, serial, cardId) VALUES ('12692', 10, '12692_12');
INSERT INTO `collection` (id, serial, cardId) VALUES ('12692', 11, '12692_13');
INSERT INTO `collection` (id, serial, cardId) VALUES ('12692', 12, '12692_14');
INSERT INTO `collection` (id, serial, cardId) VALUES ('12692', 13, '12692_15');
INSERT INTO `collection` (id, serial, cardId) VALUES ('12692', 14, '12692_16');
INSERT INTO `collection` (id, serial, cardId) VALUES ('12692', 15, '12692_17');
INSERT INTO `collection` (id, serial, cardId) VALUES ('12692', 16, '12692_18');
INSERT INTO `collection` (id, serial, cardId) VALUES ('21073', 1, '21073_3');
INSERT INTO `collection` (id, serial, cardId) VALUES ('21073', 2, '21073_4');
INSERT INTO `collection` (id, serial, cardId) VALUES ('21073', 3, '21073_5');
INSERT INTO `collection` (id, serial, cardId) VALUES ('21073', 4, '21073_6');
INSERT INTO `collection` (id, serial, cardId) VALUES ('21073', 5, '21073_7');
INSERT INTO `collection` (id, serial, cardId) VALUES ('21073', 6, '21073_8');
INSERT INTO `collection` (id, serial, cardId) VALUES ('21073', 7, '21073_9');
INSERT INTO `collection` (id, serial, cardId) VALUES ('21073', 8, '21073_10');
INSERT INTO `collection` (id, serial, cardId) VALUES ('21073', 9, '21073_11');
INSERT INTO `collection` (id, serial, cardId) VALUES ('21073', 10, '21073_12');
INSERT INTO `collection` (id, serial, cardId) VALUES ('21073', 11, '21073_13');
INSERT INTO `collection` (id, serial, cardId) VALUES ('21073', 12, '21073_14');
INSERT INTO `collection` (id, serial, cardId) VALUES ('21073', 13, '21073_15');
INSERT INTO `collection` (id, serial, cardId) VALUES ('21073', 14, '21073_16');
INSERT INTO `collection` (id, serial, cardId) VALUES ('21073', 15, '21073_17');
INSERT INTO `collection` (id, serial, cardId) VALUES ('21073', 16, '21073_18');
INSERT INTO `collection` (id, serial, cardId) VALUES ('21073', 17, '21073_19');
INSERT INTO `collection` (id, serial, cardId) VALUES ('30270', 1, '30270_3');
INSERT INTO `collection` (id, serial, cardId) VALUES ('30270', 2, '30270_4');
INSERT INTO `collection` (id, serial, cardId) VALUES ('30270', 3, '30270_5');
INSERT INTO `collection` (id, serial, cardId) VALUES ('30270', 4, '30270_6');
INSERT INTO `collection` (id, serial, cardId) VALUES ('30270', 5, '30270_7');
INSERT INTO `collection` (id, serial, cardId) VALUES ('30270', 6, '30270_8');
INSERT INTO `collection` (id, serial, cardId) VALUES ('30270', 7, '30270_9');
INSERT INTO `collection` (id, serial, cardId) VALUES ('30270', 8, '30270_10');
INSERT INTO `collection` (id, serial, cardId) VALUES ('30270', 9, '30270_11');
INSERT INTO `collection` (id, serial, cardId) VALUES ('30270', 10, '30270_12');
INSERT INTO `collection` (id, serial, cardId) VALUES ('30270', 11, '30270_13');
INSERT INTO `collection` (id, serial, cardId) VALUES ('23775', 1, '23775_3');
INSERT INTO `collection` (id, serial, cardId) VALUES ('23775', 2, '23775_4');
INSERT INTO `collection` (id, serial, cardId) VALUES ('23775', 3, '23775_5');
INSERT INTO `collection` (id, serial, cardId) VALUES ('23775', 4, '23775_6');
INSERT INTO `collection` (id, serial, cardId) VALUES ('23775', 5, '23775_7');
INSERT INTO `collection` (id, serial, cardId) VALUES ('23775', 6, '23775_8');
INSERT INTO `collection` (id, serial, cardId) VALUES ('23775', 7, '23775_9');
INSERT INTO `collection` (id, serial, cardId) VALUES ('23775', 8, '23775_10');
INSERT INTO `collection` (id, serial, cardId) VALUES ('23775', 9, '23775_11');
INSERT INTO `collection` (id, serial, cardId) VALUES ('23775', 10, '23775_12');
INSERT INTO `collection` (id, serial, cardId) VALUES ('23775', 11, '23775_13');
INSERT INTO `collection` (id, serial, cardId) VALUES ('22530', 1, '22530_3');
INSERT INTO `collection` (id, serial, cardId) VALUES ('22530', 2, '22530_4');
INSERT INTO `collection` (id, serial, cardId) VALUES ('22530', 3, '22530_5');
INSERT INTO `collection` (id, serial, cardId) VALUES ('22530', 4, '22530_6');
INSERT INTO `collection` (id, serial, cardId) VALUES ('22530', 5, '22530_7');
INSERT INTO `collection` (id, serial, cardId) VALUES ('22530', 6, '22530_8');
INSERT INTO `collection` (id, serial, cardId) VALUES ('22530', 7, '22530_9');
INSERT INTO `collection` (id, serial, cardId) VALUES ('22530', 8, '22530_10');
INSERT INTO `collection` (id, serial, cardId) VALUES ('22530', 9, '22530_11');
INSERT INTO `collection` (id, serial, cardId) VALUES ('22530', 10, '22530_12');
INSERT INTO `collection` (id, serial, cardId) VALUES ('22530', 11, '22530_13');
INSERT INTO `collection` (id, serial, cardId) VALUES ('22530', 12, '22530_14');
INSERT INTO `collection` (id, serial, cardId) VALUES ('22530', 13, '22530_15');
INSERT INTO `collection` (id, serial, cardId) VALUES ('8877', 1, '8877_3');
INSERT INTO `collection` (id, serial, cardId) VALUES ('8877', 2, '8877_4');
INSERT INTO `collection` (id, serial, cardId) VALUES ('8877', 3, '8877_5');
INSERT INTO `collection` (id, serial, cardId) VALUES ('8877', 4, '8877_6');
INSERT INTO `collection` (id, serial, cardId) VALUES ('8877', 5, '8877_7');
INSERT INTO `collection` (id, serial, cardId) VALUES ('8877', 6, '8877_8');
INSERT INTO `collection` (id, serial, cardId) VALUES ('8877', 7, '8877_9');
INSERT INTO `collection` (id, serial, cardId) VALUES ('8877', 8, '8877_10');
INSERT INTO `collection` (id, serial, cardId) VALUES ('8877', 9, '8877_11');
INSERT INTO `collection` (id, serial, cardId) VALUES ('8877', 10, '8877_12');
INSERT INTO `collection` (id, serial, cardId) VALUES ('8877', 11, '8877_13');
INSERT INTO `collection` (id, serial, cardId) VALUES ('8877', 12, '8877_14');
INSERT INTO `collection` (id, serial, cardId) VALUES ('8877', 13, '8877_15');
INSERT INTO `collection` (id, serial, cardId) VALUES ('22065', 1, '22065_3');
INSERT INTO `collection` (id, serial, cardId) VALUES ('22065', 2, '22065_4');
INSERT INTO `collection` (id, serial, cardId) VALUES ('22065', 3, '22065_5');
INSERT INTO `collection` (id, serial, cardId) VALUES ('22065', 4, '22065_6');
INSERT INTO `collection` (id, serial, cardId) VALUES ('22065', 5, '22065_7');
INSERT INTO `collection` (id, serial, cardId) VALUES ('22065', 6, '22065_8');
INSERT INTO `collection` (id, serial, cardId) VALUES ('22065', 7, '22065_9');
INSERT INTO `collection` (id, serial, cardId) VALUES ('22065', 8, '22065_10');
INSERT INTO `collection` (id, serial, cardId) VALUES ('22065', 9, '22065_11');
INSERT INTO `collection` (id, serial, cardId) VALUES ('22065', 10, '22065_12');
INSERT INTO `collection` (id, serial, cardId) VALUES ('22065', 11, '22065_13');
INSERT INTO `collection` (id, serial, cardId) VALUES ('22065', 12, '22065_14');
INSERT INTO `collection` (id, serial, cardId) VALUES ('22065', 13, '22065_15');
INSERT INTO `collection` (id, serial, cardId) VALUES ('19402', 1, '19402_3');
INSERT INTO `collection` (id, serial, cardId) VALUES ('19402', 2, '19402_4');
INSERT INTO `collection` (id, serial, cardId) VALUES ('19402', 3, '19402_5');
INSERT INTO `collection` (id, serial, cardId) VALUES ('19402', 4, '19402_6');
INSERT INTO `collection` (id, serial, cardId) VALUES ('19402', 5, '19402_7');
INSERT INTO `collection` (id, serial, cardId) VALUES ('19402', 6, '19402_8');
INSERT INTO `collection` (id, serial, cardId) VALUES ('19402', 7, '19402_9');
INSERT INTO `collection` (id, serial, cardId) VALUES ('19402', 8, '19402_10');
INSERT INTO `collection` (id, serial, cardId) VALUES ('19402', 9, '19402_11');
INSERT INTO `collection` (id, serial, cardId) VALUES ('19402', 10, '19402_12');
INSERT INTO `collection` (id, serial, cardId) VALUES ('19402', 11, '19402_13');
INSERT INTO `collection` (id, serial, cardId) VALUES ('19402', 12, '19402_14');
INSERT INTO `collection` (id, serial, cardId) VALUES ('19402', 13, '19402_15');
INSERT INTO `collection` (id, serial, cardId) VALUES ('19402', 14, '19402_16');
INSERT INTO `collection` (id, serial, cardId) VALUES ('19402', 15, '19402_17');
INSERT INTO `collection` (id, serial, cardId) VALUES ('19402', 16, '19402_18');
INSERT INTO `collection` (id, serial, cardId) VALUES ('19402', 17, '19402_19');
INSERT INTO `collection` (id, serial, cardId) VALUES ('15558', 1, '15558_3');
INSERT INTO `collection` (id, serial, cardId) VALUES ('15558', 2, '15558_4');
INSERT INTO `collection` (id, serial, cardId) VALUES ('15558', 3, '15558_5');
INSERT INTO `collection` (id, serial, cardId) VALUES ('15558', 4, '15558_6');
INSERT INTO `collection` (id, serial, cardId) VALUES ('15558', 5, '15558_7');
INSERT INTO `collection` (id, serial, cardId) VALUES ('15558', 6, '15558_8');
INSERT INTO `collection` (id, serial, cardId) VALUES ('15558', 7, '15558_9');
INSERT INTO `collection` (id, serial, cardId) VALUES ('15558', 8, '15558_10');
INSERT INTO `collection` (id, serial, cardId) VALUES ('15558', 9, '15558_11');
INSERT INTO `collection` (id, serial, cardId) VALUES ('15558', 10, '15558_12');
INSERT INTO `collection` (id, serial, cardId) VALUES ('15558', 11, '15558_13');
INSERT INTO `collection` (id, serial, cardId) VALUES ('15558', 12, '15558_14');
INSERT INTO `collection` (id, serial, cardId) VALUES ('15558', 13, '15558_15');
INSERT INTO `collection` (id, serial, cardId) VALUES ('15558', 14, '15558_16');
INSERT INTO `collection` (id, serial, cardId) VALUES ('22083', 1, '22083_3');
INSERT INTO `collection` (id, serial, cardId) VALUES ('22083', 2, '22083_4');
INSERT INTO `collection` (id, serial, cardId) VALUES ('22083', 3, '22083_5');
INSERT INTO `collection` (id, serial, cardId) VALUES ('22083', 4, '22083_6');
INSERT INTO `collection` (id, serial, cardId) VALUES ('22083', 5, '22083_7');
INSERT INTO `collection` (id, serial, cardId) VALUES ('22083', 6, '22083_8');
INSERT INTO `collection` (id, serial, cardId) VALUES ('22083', 7, '22083_9');
INSERT INTO `collection` (id, serial, cardId) VALUES ('22083', 8, '22083_10');
INSERT INTO `collection` (id, serial, cardId) VALUES ('22083', 9, '22083_11');
INSERT INTO `collection` (id, serial, cardId) VALUES ('22083', 10, '22083_12');
INSERT INTO `collection` (id, serial, cardId) VALUES ('22083', 11, '22083_13');
INSERT INTO `collection` (id, serial, cardId) VALUES ('22083', 12, '22083_14');
INSERT INTO `collection` (id, serial, cardId) VALUES ('22083', 13, '22083_15');
INSERT INTO `collection` (id, serial, cardId) VALUES ('21127', 1, '21127_3');
INSERT INTO `collection` (id, serial, cardId) VALUES ('21127', 2, '21127_4');
INSERT INTO `collection` (id, serial, cardId) VALUES ('21127', 3, '21127_5');
INSERT INTO `collection` (id, serial, cardId) VALUES ('21127', 4, '21127_6');
INSERT INTO `collection` (id, serial, cardId) VALUES ('21127', 5, '21127_7');
INSERT INTO `collection` (id, serial, cardId) VALUES ('21127', 6, '21127_8');
INSERT INTO `collection` (id, serial, cardId) VALUES ('21127', 7, '21127_9');
INSERT INTO `collection` (id, serial, cardId) VALUES ('21127', 8, '21127_10');
INSERT INTO `collection` (id, serial, cardId) VALUES ('21127', 9, '21127_11');
INSERT INTO `collection` (id, serial, cardId) VALUES ('21127', 10, '21127_12');
INSERT INTO `collection` (id, serial, cardId) VALUES ('21127', 11, '21127_13');
INSERT INTO `collection` (id, serial, cardId) VALUES ('21127', 12, '21127_14');
INSERT INTO `collection` (id, serial, cardId) VALUES ('21127', 13, '21127_15');
INSERT INTO `collection` (id, serial, cardId) VALUES ('21127', 14, '21127_16');
INSERT INTO `collection` (id, serial, cardId) VALUES ('21127', 15, '21127_17');
INSERT INTO `collection` (id, serial, cardId) VALUES ('21127', 16, '21127_18');
INSERT INTO `collection` (id, serial, cardId) VALUES ('21127', 17, '21127_19');
INSERT INTO `collection` (id, serial, cardId) VALUES ('31418', 1, '31418_3');
INSERT INTO `collection` (id, serial, cardId) VALUES ('31418', 2, '31418_4');
INSERT INTO `collection` (id, serial, cardId) VALUES ('31418', 3, '31418_5');
INSERT INTO `collection` (id, serial, cardId) VALUES ('31418', 4, '31418_6');
INSERT INTO `collection` (id, serial, cardId) VALUES ('31418', 5, '31418_7');
INSERT INTO `collection` (id, serial, cardId) VALUES ('31418', 6, '31418_8');
INSERT INTO `collection` (id, serial, cardId) VALUES ('31418', 7, '31418_9');
INSERT INTO `collection` (id, serial, cardId) VALUES ('31418', 8, '31418_10');
INSERT INTO `collection` (id, serial, cardId) VALUES ('31418', 9, '31418_11');
INSERT INTO `collection` (id, serial, cardId) VALUES ('31418', 10, '31418_12');
INSERT INTO `collection` (id, serial, cardId) VALUES ('31418', 11, '31418_13');
INSERT INTO `collection` (id, serial, cardId) VALUES ('31418', 12, '31418_14');
INSERT INTO `collection` (id, serial, cardId) VALUES ('31418', 13, '31418_15');
INSERT INTO `collection` (id, serial, cardId) VALUES ('21809', 1, '21809_3');
INSERT INTO `collection` (id, serial, cardId) VALUES ('21809', 2, '21809_4');
INSERT INTO `collection` (id, serial, cardId) VALUES ('21809', 3, '21809_5');
INSERT INTO `collection` (id, serial, cardId) VALUES ('21809', 4, '21809_6');
INSERT INTO `collection` (id, serial, cardId) VALUES ('21809', 5, '21809_7');
INSERT INTO `collection` (id, serial, cardId) VALUES ('21809', 6, '21809_8');
INSERT INTO `collection` (id, serial, cardId) VALUES ('21809', 7, '21809_9');
INSERT INTO `collection` (id, serial, cardId) VALUES ('21809', 8, '21809_10');
INSERT INTO `collection` (id, serial, cardId) VALUES ('21809', 9, '21809_11');
INSERT INTO `collection` (id, serial, cardId) VALUES ('21809', 10, '21809_12');
INSERT INTO `collection` (id, serial, cardId) VALUES ('21809', 11, '21809_13');
INSERT INTO `collection` (id, serial, cardId) VALUES ('21809', 12, '21809_14');
INSERT INTO `collection` (id, serial, cardId) VALUES ('21809', 13, '21809_15');
INSERT INTO `collection` (id, serial, cardId) VALUES ('29688', 1, '29688_3');
INSERT INTO `collection` (id, serial, cardId) VALUES ('29688', 2, '29688_4');
INSERT INTO `collection` (id, serial, cardId) VALUES ('29688', 3, '29688_5');
INSERT INTO `collection` (id, serial, cardId) VALUES ('29688', 4, '29688_6');
INSERT INTO `collection` (id, serial, cardId) VALUES ('29688', 5, '29688_7');
INSERT INTO `collection` (id, serial, cardId) VALUES ('29688', 6, '29688_8');
INSERT INTO `collection` (id, serial, cardId) VALUES ('29688', 7, '29688_9');
INSERT INTO `collection` (id, serial, cardId) VALUES ('29688', 8, '29688_10');
INSERT INTO `collection` (id, serial, cardId) VALUES ('29688', 9, '29688_11');
INSERT INTO `collection` (id, serial, cardId) VALUES ('29688', 10, '29688_12');
INSERT INTO `collection` (id, serial, cardId) VALUES ('29688', 12, '29688_14');
INSERT INTO `collection` (id, serial, cardId) VALUES ('24422', 1, '24422_3');
INSERT INTO `collection` (id, serial, cardId) VALUES ('24422', 2, '24422_4');
INSERT INTO `collection` (id, serial, cardId) VALUES ('24422', 3, '24422_5');
INSERT INTO `collection` (id, serial, cardId) VALUES ('24422', 4, '24422_6');
INSERT INTO `collection` (id, serial, cardId) VALUES ('24422', 5, '24422_7');
INSERT INTO `collection` (id, serial, cardId) VALUES ('24422', 6, '24422_8');
INSERT INTO `collection` (id, serial, cardId) VALUES ('24422', 7, '24422_9');
INSERT INTO `collection` (id, serial, cardId) VALUES ('24422', 8, '24422_10');
INSERT INTO `collection` (id, serial, cardId) VALUES ('24422', 9, '24422_11');
INSERT INTO `collection` (id, serial, cardId) VALUES ('24422', 10, '24422_12');
INSERT INTO `collection` (id, serial, cardId) VALUES ('24422', 11, '24422_13');
INSERT INTO `collection` (id, serial, cardId) VALUES ('9527', 1, '9527_3');
INSERT INTO `collection` (id, serial, cardId) VALUES ('9527', 2, '9527_4');
INSERT INTO `collection` (id, serial, cardId) VALUES ('9527', 3, '9527_5');
INSERT INTO `collection` (id, serial, cardId) VALUES ('9527', 4, '9527_6');
INSERT INTO `collection` (id, serial, cardId) VALUES ('9527', 5, '9527_7');
INSERT INTO `collection` (id, serial, cardId) VALUES ('9527', 6, '9527_8');
INSERT INTO `collection` (id, serial, cardId) VALUES ('9527', 7, '9527_9');
INSERT INTO `collection` (id, serial, cardId) VALUES ('9527', 8, '9527_10');
INSERT INTO `collection` (id, serial, cardId) VALUES ('9527', 9, '9527_11');
INSERT INTO `collection` (id, serial, cardId) VALUES ('9527', 10, '9527_12');
INSERT INTO `collection` (id, serial, cardId) VALUES ('9527', 11, '9527_13');
INSERT INTO `collection` (id, serial, cardId) VALUES ('9527', 12, '9527_14');
INSERT INTO `collection` (id, serial, cardId) VALUES ('31547', 1, '31547_3');
INSERT INTO `collection` (id, serial, cardId) VALUES ('31547', 2, '31547_4');
INSERT INTO `collection` (id, serial, cardId) VALUES ('31547', 3, '31547_5');
INSERT INTO `collection` (id, serial, cardId) VALUES ('31547', 4, '31547_6');
INSERT INTO `collection` (id, serial, cardId) VALUES ('31547', 5, '31547_7');
INSERT INTO `collection` (id, serial, cardId) VALUES ('31547', 6, '31547_8');
INSERT INTO `collection` (id, serial, cardId) VALUES ('31547', 7, '31547_9');
INSERT INTO `collection` (id, serial, cardId) VALUES ('31547', 8, '31547_10');
INSERT INTO `collection` (id, serial, cardId) VALUES ('31547', 9, '31547_11');
INSERT INTO `collection` (id, serial, cardId) VALUES ('31547', 10, '31547_12');
INSERT INTO `collection` (id, serial, cardId) VALUES ('31547', 11, '31547_13');
INSERT INTO `collection` (id, serial, cardId) VALUES ('31547', 12, '31547_14');
INSERT INTO `collection` (id, serial, cardId) VALUES ('31547', 13, '31547_15');
INSERT INTO `collection` (id, serial, cardId) VALUES ('6718', 1, '6718_3');
INSERT INTO `collection` (id, serial, cardId) VALUES ('6718', 2, '6718_4');
INSERT INTO `collection` (id, serial, cardId) VALUES ('6718', 3, '6718_5');
INSERT INTO `collection` (id, serial, cardId) VALUES ('6718', 4, '6718_6');
INSERT INTO `collection` (id, serial, cardId) VALUES ('6718', 5, '6718_7');
INSERT INTO `collection` (id, serial, cardId) VALUES ('6718', 6, '6718_8');
INSERT INTO `collection` (id, serial, cardId) VALUES ('6718', 7, '6718_9');
INSERT INTO `collection` (id, serial, cardId) VALUES ('6718', 8, '6718_10');
INSERT INTO `collection` (id, serial, cardId) VALUES ('6718', 9, '6718_11');
INSERT INTO `collection` (id, serial, cardId) VALUES ('6718', 10, '6718_12');
INSERT INTO `collection` (id, serial, cardId) VALUES ('6718', 11, '6718_13');
INSERT INTO `collection` (id, serial, cardId) VALUES ('6718', 12, '6718_14');
INSERT INTO `collection` (id, serial, cardId) VALUES ('22078', 1, '22078_3');
INSERT INTO `collection` (id, serial, cardId) VALUES ('22078', 2, '22078_4');
INSERT INTO `collection` (id, serial, cardId) VALUES ('22078', 3, '22078_5');
INSERT INTO `collection` (id, serial, cardId) VALUES ('22078', 4, '22078_6');
INSERT INTO `collection` (id, serial, cardId) VALUES ('22078', 5, '22078_7');
INSERT INTO `collection` (id, serial, cardId) VALUES ('22078', 6, '22078_8');
INSERT INTO `collection` (id, serial, cardId) VALUES ('22078', 7, '22078_9');
INSERT INTO `collection` (id, serial, cardId) VALUES ('22078', 8, '22078_10');
INSERT INTO `collection` (id, serial, cardId) VALUES ('22078', 9, '22078_11');
INSERT INTO `collection` (id, serial, cardId) VALUES ('10202', 1, '10202_3');
INSERT INTO `collection` (id, serial, cardId) VALUES ('10202', 2, '10202_4');
INSERT INTO `collection` (id, serial, cardId) VALUES ('10202', 3, '10202_5');
INSERT INTO `collection` (id, serial, cardId) VALUES ('10202', 4, '10202_6');
INSERT INTO `collection` (id, serial, cardId) VALUES ('10202', 5, '10202_7');
INSERT INTO `collection` (id, serial, cardId) VALUES ('10202', 6, '10202_8');
INSERT INTO `collection` (id, serial, cardId) VALUES ('10202', 7, '10202_9');
INSERT INTO `collection` (id, serial, cardId) VALUES ('10202', 8, '10202_10');
INSERT INTO `collection` (id, serial, cardId) VALUES ('10202', 9, '10202_11');
INSERT INTO `collection` (id, serial, cardId) VALUES ('10202', 10, '10202_12');
INSERT INTO `collection` (id, serial, cardId) VALUES ('10202', 11, '10202_13');
INSERT INTO `collection` (id, serial, cardId) VALUES ('10202', 12, '10202_14');
INSERT INTO `collection` (id, serial, cardId) VALUES ('10202', 13, '10202_15');
INSERT INTO `collection` (id, serial, cardId) VALUES ('10442', 1, '10442_3');
INSERT INTO `collection` (id, serial, cardId) VALUES ('10442', 2, '10442_4');
INSERT INTO `collection` (id, serial, cardId) VALUES ('10442', 3, '10442_5');
INSERT INTO `collection` (id, serial, cardId) VALUES ('10442', 4, '10442_6');
INSERT INTO `collection` (id, serial, cardId) VALUES ('10442', 5, '10442_7');
INSERT INTO `collection` (id, serial, cardId) VALUES ('10442', 6, '10442_8');
INSERT INTO `collection` (id, serial, cardId) VALUES ('10442', 7, '10442_9');
INSERT INTO `collection` (id, serial, cardId) VALUES ('10442', 8, '10442_10');
INSERT INTO `collection` (id, serial, cardId) VALUES ('10442', 9, '10442_11');
INSERT INTO `collection` (id, serial, cardId) VALUES ('10442', 10, '10442_12');
INSERT INTO `collection` (id, serial, cardId) VALUES ('10442', 11, '10442_13');
INSERT INTO `collection` (id, serial, cardId) VALUES ('10442', 12, '10442_14');
INSERT INTO `collection` (id, serial, cardId) VALUES ('10442', 13, '10442_15');
INSERT INTO `collection` (id, serial, cardId) VALUES ('10442', 14, '10442_16');
INSERT INTO `collection` (id, serial, cardId) VALUES ('10442', 15, '10442_17');
INSERT INTO `collection` (id, serial, cardId) VALUES ('10442', 16, '10442_18');
INSERT INTO `collection` (id, serial, cardId) VALUES ('10442', 17, '10442_19');
INSERT INTO `collection` (id, serial, cardId) VALUES ('2574', 1, '2574_3');
INSERT INTO `collection` (id, serial, cardId) VALUES ('2574', 2, '2574_4');
INSERT INTO `collection` (id, serial, cardId) VALUES ('2574', 3, '2574_5');
INSERT INTO `collection` (id, serial, cardId) VALUES ('2574', 4, '2574_6');
INSERT INTO `collection` (id, serial, cardId) VALUES ('2574', 6, '2574_8');
INSERT INTO `collection` (id, serial, cardId) VALUES ('2574', 7, '2574_9');
INSERT INTO `collection` (id, serial, cardId) VALUES ('2574', 8, '2574_10');
INSERT INTO `collection` (id, serial, cardId) VALUES ('2574', 9, '2574_11');
INSERT INTO `collection` (id, serial, cardId) VALUES ('2574', 10, '2574_12');
INSERT INTO `collection` (id, serial, cardId) VALUES ('2574', 11, '2574_13');
INSERT INTO `collection` (id, serial, cardId) VALUES ('2574', 12, '2574_14');
INSERT INTO `collection` (id, serial, cardId) VALUES ('2574', 13, '2574_15');
INSERT INTO `collection` (id, serial, cardId) VALUES ('2574', 14, '2574_16');
INSERT INTO `collection` (id, serial, cardId) VALUES ('2574', 15, '2574_17');
INSERT INTO `collection` (id, serial, cardId) VALUES ('2574', 16, '2574_18');
INSERT INTO `collection` (id, serial, cardId) VALUES ('2574', 17, '2574_19');
INSERT INTO `collection` (id, serial, cardId) VALUES ('2574', 18, '2574_20');
INSERT INTO `collection` (id, serial, cardId) VALUES ('2574', 19, '2574_21');
INSERT INTO `collection` (id, serial, cardId) VALUES ('2574', 20, '2574_22');
INSERT INTO `collection` (id, serial, cardId) VALUES ('2574', 21, '2574_23');
INSERT INTO `collection` (id, serial, cardId) VALUES ('2574', 22, '2574_24');
INSERT INTO `collection` (id, serial, cardId) VALUES ('2574', 23, '2574_25');
INSERT INTO `collection` (id, serial, cardId) VALUES ('2574', 24, '2574_26');
INSERT INTO `collection` (id, serial, cardId) VALUES ('22747', 1, '22747_3');
INSERT INTO `collection` (id, serial, cardId) VALUES ('22747', 2, '22747_4');
INSERT INTO `collection` (id, serial, cardId) VALUES ('22747', 3, '22747_5');
INSERT INTO `collection` (id, serial, cardId) VALUES ('22747', 4, '22747_6');
INSERT INTO `collection` (id, serial, cardId) VALUES ('22747', 5, '22747_7');
INSERT INTO `collection` (id, serial, cardId) VALUES ('22747', 6, '22747_8');
INSERT INTO `collection` (id, serial, cardId) VALUES ('22747', 7, '22747_9');
INSERT INTO `collection` (id, serial, cardId) VALUES ('22747', 8, '22747_10');
INSERT INTO `collection` (id, serial, cardId) VALUES ('22747', 9, '22747_11');
INSERT INTO `collection` (id, serial, cardId) VALUES ('22747', 10, '22747_12');
INSERT INTO `collection` (id, serial, cardId) VALUES ('22747', 11, '22747_13');
INSERT INTO `collection` (id, serial, cardId) VALUES ('22747', 12, '22747_14');
INSERT INTO `collection` (id, serial, cardId) VALUES ('22747', 13, '22747_15');
INSERT INTO `collection` (id, serial, cardId) VALUES ('22747', 14, '22747_16');
INSERT INTO `collection` (id, serial, cardId) VALUES ('22747', 15, '22747_17');
INSERT INTO `collection` (id, serial, cardId) VALUES ('22747', 16, '22747_18');
INSERT INTO `collection` (id, serial, cardId) VALUES ('22747', 17, '22747_19');
INSERT INTO `collection` (id, serial, cardId) VALUES ('8712', 1, '8712_3');
INSERT INTO `collection` (id, serial, cardId) VALUES ('8712', 2, '8712_4');
INSERT INTO `collection` (id, serial, cardId) VALUES ('8712', 3, '8712_5');
INSERT INTO `collection` (id, serial, cardId) VALUES ('8712', 4, '8712_6');
INSERT INTO `collection` (id, serial, cardId) VALUES ('8712', 5, '8712_7');
INSERT INTO `collection` (id, serial, cardId) VALUES ('8712', 6, '8712_8');
INSERT INTO `collection` (id, serial, cardId) VALUES ('8712', 7, '8712_9');
INSERT INTO `collection` (id, serial, cardId) VALUES ('8712', 8, '8712_10');
INSERT INTO `collection` (id, serial, cardId) VALUES ('8712', 9, '8712_11');
INSERT INTO `collection` (id, serial, cardId) VALUES ('8712', 10, '8712_12');
INSERT INTO `collection` (id, serial, cardId) VALUES ('2197', 1, '2197_3');
INSERT INTO `collection` (id, serial, cardId) VALUES ('2197', 2, '2197_4');
INSERT INTO `collection` (id, serial, cardId) VALUES ('2197', 3, '2197_5');
INSERT INTO `collection` (id, serial, cardId) VALUES ('2197', 4, '2197_6');
INSERT INTO `collection` (id, serial, cardId) VALUES ('2197', 6, '2197_8');
INSERT INTO `collection` (id, serial, cardId) VALUES ('2197', 7, '2197_9');
INSERT INTO `collection` (id, serial, cardId) VALUES ('2197', 8, '2197_10');
INSERT INTO `collection` (id, serial, cardId) VALUES ('2197', 9, '2197_11');
INSERT INTO `collection` (id, serial, cardId) VALUES ('2197', 10, '2197_12');
INSERT INTO `collection` (id, serial, cardId) VALUES ('2197', 11, '2197_13');
INSERT INTO `collection` (id, serial, cardId) VALUES ('2197', 12, '2197_14');
INSERT INTO `collection` (id, serial, cardId) VALUES ('2197', 13, '2197_15');
INSERT INTO `collection` (id, serial, cardId) VALUES ('2197', 14, '2197_16');
INSERT INTO `collection` (id, serial, cardId) VALUES ('2197', 15, '2197_17');
INSERT INTO `collection` (id, serial, cardId) VALUES ('2197', 16, '2197_18');
INSERT INTO `collection` (id, serial, cardId) VALUES ('2197', 17, '2197_19');
INSERT INTO `collection` (id, serial, cardId) VALUES ('2974', 1, '2974_3');
INSERT INTO `collection` (id, serial, cardId) VALUES ('2974', 2, '2974_4');
INSERT INTO `collection` (id, serial, cardId) VALUES ('2974', 3, '2974_5');
INSERT INTO `collection` (id, serial, cardId) VALUES ('2974', 4, '2974_6');
INSERT INTO `collection` (id, serial, cardId) VALUES ('2974', 5, '2974_7');
INSERT INTO `collection` (id, serial, cardId) VALUES ('2974', 6, '2974_8');
INSERT INTO `collection` (id, serial, cardId) VALUES ('2974', 7, '2974_9');
INSERT INTO `collection` (id, serial, cardId) VALUES ('2974', 8, '2974_10');
INSERT INTO `collection` (id, serial, cardId) VALUES ('2974', 9, '2974_11');
INSERT INTO `collection` (id, serial, cardId) VALUES ('2397', 1, '2397_3');
INSERT INTO `collection` (id, serial, cardId) VALUES ('2397', 2, '2397_4');
INSERT INTO `collection` (id, serial, cardId) VALUES ('2397', 3, '2397_5');
INSERT INTO `collection` (id, serial, cardId) VALUES ('2397', 4, '2397_6');
INSERT INTO `collection` (id, serial, cardId) VALUES ('2397', 5, '2397_7');
INSERT INTO `collection` (id, serial, cardId) VALUES ('2397', 6, '2397_8');
INSERT INTO `collection` (id, serial, cardId) VALUES ('2397', 7, '2397_9');
INSERT INTO `collection` (id, serial, cardId) VALUES ('2397', 8, '2397_10');
INSERT INTO `collection` (id, serial, cardId) VALUES ('2397', 9, '2397_11');
INSERT INTO `collection` (id, serial, cardId) VALUES ('2397', 10, '2397_12');
INSERT INTO `collection` (id, serial, cardId) VALUES ('2397', 11, '2397_13');
INSERT INTO `collection` (id, serial, cardId) VALUES ('2397', 12, '2397_14');
INSERT INTO `collection` (id, serial, cardId) VALUES ('23109', 1, '23109_3');
INSERT INTO `collection` (id, serial, cardId) VALUES ('23109', 2, '23109_4');
INSERT INTO `collection` (id, serial, cardId) VALUES ('23109', 3, '23109_5');
INSERT INTO `collection` (id, serial, cardId) VALUES ('23109', 4, '23109_6');
INSERT INTO `collection` (id, serial, cardId) VALUES ('23109', 5, '23109_7');
INSERT INTO `collection` (id, serial, cardId) VALUES ('23109', 6, '23109_8');
INSERT INTO `collection` (id, serial, cardId) VALUES ('23109', 7, '23109_9');
INSERT INTO `collection` (id, serial, cardId) VALUES ('23109', 8, '23109_10');
INSERT INTO `collection` (id, serial, cardId) VALUES ('23109', 9, '23109_11');
INSERT INTO `collection` (id, serial, cardId) VALUES ('23109', 10, '23109_12');
INSERT INTO `collection` (id, serial, cardId) VALUES ('23109', 11, '23109_13');
INSERT INTO `collection` (id, serial, cardId) VALUES ('23109', 12, '23109_14');
INSERT INTO `collection` (id, serial, cardId) VALUES ('23109', 13, '23109_15');
INSERT INTO `collection` (id, serial, cardId) VALUES ('23109', 14, '23109_16');
INSERT INTO `collection` (id, serial, cardId) VALUES ('23109', 15, '23109_17');
INSERT INTO `collection` (id, serial, cardId) VALUES ('23109', 16, '23109_18');
INSERT INTO `collection` (id, serial, cardId) VALUES ('23109', 17, '23109_19');
INSERT INTO `collection` (id, serial, cardId) VALUES ('8707', 1, '8707_3');
INSERT INTO `collection` (id, serial, cardId) VALUES ('8707', 2, '8707_4');
INSERT INTO `collection` (id, serial, cardId) VALUES ('8707', 3, '8707_5');
INSERT INTO `collection` (id, serial, cardId) VALUES ('8707', 4, '8707_6');
INSERT INTO `collection` (id, serial, cardId) VALUES ('8707', 5, '8707_7');
INSERT INTO `collection` (id, serial, cardId) VALUES ('8707', 6, '8707_8');
INSERT INTO `collection` (id, serial, cardId) VALUES ('8707', 7, '8707_9');
INSERT INTO `collection` (id, serial, cardId) VALUES ('8707', 8, '8707_10');
INSERT INTO `collection` (id, serial, cardId) VALUES ('8707', 9, '8707_11');
INSERT INTO `collection` (id, serial, cardId) VALUES ('8707', 10, '8707_12');
INSERT INTO `collection` (id, serial, cardId) VALUES ('8707', 11, '8707_13');
INSERT INTO `collection` (id, serial, cardId) VALUES ('8707', 12, '8707_14');
INSERT INTO `collection` (id, serial, cardId) VALUES ('8707', 13, '8707_15');
INSERT INTO `collection` (id, serial, cardId) VALUES ('8707', 14, '8707_16');
INSERT INTO `collection` (id, serial, cardId) VALUES ('8707', 15, '8707_17');
INSERT INTO `collection` (id, serial, cardId) VALUES ('8707', 16, '8707_18');
INSERT INTO `collection` (id, serial, cardId) VALUES ('8707', 17, '8707_19');
INSERT INTO `collection` (id, serial, cardId) VALUES ('8707', 18, '8707_20');
INSERT INTO `collection` (id, serial, cardId) VALUES ('8707', 19, '8707_21');
INSERT INTO `collection` (id, serial, cardId) VALUES ('8707', 20, '8707_22');
INSERT INTO `collection` (id, serial, cardId) VALUES ('8707', 21, '8707_23');
INSERT INTO `collection` (id, serial, cardId) VALUES ('8707', 22, '8707_24');
INSERT INTO `collection` (id, serial, cardId) VALUES ('8707', 23, '8707_25');
INSERT INTO `collection` (id, serial, cardId) VALUES ('8707', 24, '8707_26');
INSERT INTO `collection` (id, serial, cardId) VALUES ('8707', 25, '8707_27');
INSERT INTO `collection` (id, serial, cardId) VALUES ('8707', 26, '8707_28');
INSERT INTO `collection` (id, serial, cardId) VALUES ('8707', 27, '8707_29');
INSERT INTO `collection` (id, serial, cardId) VALUES ('8707', 28, '8707_30');
INSERT INTO `collection` (id, serial, cardId) VALUES ('8707', 29, '8707_31');
INSERT INTO `collection` (id, serial, cardId) VALUES ('15615', 1, '15615_3');
INSERT INTO `collection` (id, serial, cardId) VALUES ('15615', 2, '15615_4');
INSERT INTO `collection` (id, serial, cardId) VALUES ('15615', 3, '15615_5');
INSERT INTO `collection` (id, serial, cardId) VALUES ('15615', 4, '15615_6');
INSERT INTO `collection` (id, serial, cardId) VALUES ('15615', 5, '15615_7');
INSERT INTO `collection` (id, serial, cardId) VALUES ('15615', 6, '15615_8');
INSERT INTO `collection` (id, serial, cardId) VALUES ('15615', 7, '15615_9');
INSERT INTO `collection` (id, serial, cardId) VALUES ('15615', 8, '15615_10');
INSERT INTO `collection` (id, serial, cardId) VALUES ('15615', 9, '15615_11');
INSERT INTO `collection` (id, serial, cardId) VALUES ('15615', 10, '15615_12');
INSERT INTO `collection` (id, serial, cardId) VALUES ('15615', 11, '15615_13');
INSERT INTO `collection` (id, serial, cardId) VALUES ('15615', 12, '15615_14');
INSERT INTO `collection` (id, serial, cardId) VALUES ('15615', 13, '15615_15');
INSERT INTO `collection` (id, serial, cardId) VALUES ('15032', 1, '15032_3');
INSERT INTO `collection` (id, serial, cardId) VALUES ('15032', 2, '15032_4');
INSERT INTO `collection` (id, serial, cardId) VALUES ('15032', 3, '15032_5');
INSERT INTO `collection` (id, serial, cardId) VALUES ('15032', 4, '15032_6');
INSERT INTO `collection` (id, serial, cardId) VALUES ('15032', 5, '15032_7');
INSERT INTO `collection` (id, serial, cardId) VALUES ('15032', 6, '15032_8');
INSERT INTO `collection` (id, serial, cardId) VALUES ('15032', 7, '15032_9');
INSERT INTO `collection` (id, serial, cardId) VALUES ('15032', 8, '15032_10');
INSERT INTO `collection` (id, serial, cardId) VALUES ('15032', 9, '15032_11');
INSERT INTO `collection` (id, serial, cardId) VALUES ('15032', 10, '15032_12');
INSERT INTO `collection` (id, serial, cardId) VALUES ('15032', 11, '15032_13');
INSERT INTO `collection` (id, serial, cardId) VALUES ('15032', 12, '15032_14');
INSERT INTO `collection` (id, serial, cardId) VALUES ('15032', 13, '15032_15');
INSERT INTO `collection` (id, serial, cardId) VALUES ('15032', 14, '15032_16');
INSERT INTO `collection` (id, serial, cardId) VALUES ('15032', 15, '15032_17');
INSERT INTO `collection` (id, serial, cardId) VALUES ('15032', 16, '15032_18');
INSERT INTO `collection` (id, serial, cardId) VALUES ('15032', 17, '15032_19');
INSERT INTO `collection` (id, serial, cardId) VALUES ('8433', 1, '8433_3');
INSERT INTO `collection` (id, serial, cardId) VALUES ('8433', 2, '8433_4');
INSERT INTO `collection` (id, serial, cardId) VALUES ('8433', 3, '8433_5');
INSERT INTO `collection` (id, serial, cardId) VALUES ('8433', 4, '8433_6');
INSERT INTO `collection` (id, serial, cardId) VALUES ('8433', 5, '8433_7');
INSERT INTO `collection` (id, serial, cardId) VALUES ('8433', 6, '8433_8');
INSERT INTO `collection` (id, serial, cardId) VALUES ('8433', 7, '8433_9');
INSERT INTO `collection` (id, serial, cardId) VALUES ('8433', 8, '8433_10');
INSERT INTO `collection` (id, serial, cardId) VALUES ('8433', 9, '8433_11');
INSERT INTO `collection` (id, serial, cardId) VALUES ('8433', 10, '8433_12');
INSERT INTO `collection` (id, serial, cardId) VALUES ('8433', 11, '8433_13');
INSERT INTO `collection` (id, serial, cardId) VALUES ('8433', 12, '8433_14');
INSERT INTO `collection` (id, serial, cardId) VALUES ('8433', 13, '8433_15');
INSERT INTO `collection` (id, serial, cardId) VALUES ('8433', 14, '8433_16');
INSERT INTO `collection` (id, serial, cardId) VALUES ('8433', 15, '8433_17');
INSERT INTO `collection` (id, serial, cardId) VALUES ('11139', 1, '11139_3');
INSERT INTO `collection` (id, serial, cardId) VALUES ('11139', 2, '11139_4');
INSERT INTO `collection` (id, serial, cardId) VALUES ('11139', 3, '11139_5');
INSERT INTO `collection` (id, serial, cardId) VALUES ('11139', 4, '11139_6');
INSERT INTO `collection` (id, serial, cardId) VALUES ('11139', 5, '11139_7');
INSERT INTO `collection` (id, serial, cardId) VALUES ('11139', 6, '11139_8');
INSERT INTO `collection` (id, serial, cardId) VALUES ('11139', 7, '11139_9');
INSERT INTO `collection` (id, serial, cardId) VALUES ('11139', 8, '11139_10');
INSERT INTO `collection` (id, serial, cardId) VALUES ('11139', 9, '11139_11');
INSERT INTO `collection` (id, serial, cardId) VALUES ('11139', 10, '11139_12');
INSERT INTO `collection` (id, serial, cardId) VALUES ('11139', 11, '11139_13');
INSERT INTO `collection` (id, serial, cardId) VALUES ('11139', 12, '11139_14');
INSERT INTO `collection` (id, serial, cardId) VALUES ('11139', 13, '11139_15');
INSERT INTO `collection` (id, serial, cardId) VALUES ('21059', 1, '21059_3');
INSERT INTO `collection` (id, serial, cardId) VALUES ('21059', 2, '21059_4');
INSERT INTO `collection` (id, serial, cardId) VALUES ('21059', 3, '21059_5');
INSERT INTO `collection` (id, serial, cardId) VALUES ('21059', 4, '21059_6');
INSERT INTO `collection` (id, serial, cardId) VALUES ('21059', 5, '21059_7');
INSERT INTO `collection` (id, serial, cardId) VALUES ('21059', 6, '21059_8');
INSERT INTO `collection` (id, serial, cardId) VALUES ('21059', 7, '21059_9');
INSERT INTO `collection` (id, serial, cardId) VALUES ('21059', 8, '21059_10');
INSERT INTO `collection` (id, serial, cardId) VALUES ('21059', 9, '21059_11');
INSERT INTO `collection` (id, serial, cardId) VALUES ('21059', 10, '21059_12');
INSERT INTO `collection` (id, serial, cardId) VALUES ('21059', 11, '21059_13');
INSERT INTO `collection` (id, serial, cardId) VALUES ('21059', 12, '21059_14');
INSERT INTO `collection` (id, serial, cardId) VALUES ('21059', 13, '21059_15');
INSERT INTO `collection` (id, serial, cardId) VALUES ('21059', 14, '21059_16');
INSERT INTO `collection` (id, serial, cardId) VALUES ('21059', 15, '21059_17');
INSERT INTO `collection` (id, serial, cardId) VALUES ('21059', 16, '21059_18');
INSERT INTO `collection` (id, serial, cardId) VALUES ('21059', 17, '21059_19');
INSERT INTO `collection` (id, serial, cardId) VALUES ('22002', 1, '22002_3');
INSERT INTO `collection` (id, serial, cardId) VALUES ('22002', 2, '22002_4');
INSERT INTO `collection` (id, serial, cardId) VALUES ('22002', 3, '22002_5');
INSERT INTO `collection` (id, serial, cardId) VALUES ('22002', 4, '22002_6');
INSERT INTO `collection` (id, serial, cardId) VALUES ('22002', 5, '22002_7');
INSERT INTO `collection` (id, serial, cardId) VALUES ('22002', 6, '22002_8');
INSERT INTO `collection` (id, serial, cardId) VALUES ('22002', 7, '22002_9');
INSERT INTO `collection` (id, serial, cardId) VALUES ('22002', 8, '22002_10');
INSERT INTO `collection` (id, serial, cardId) VALUES ('22002', 9, '22002_11');
INSERT INTO `collection` (id, serial, cardId) VALUES ('22002', 10, '22002_12');
INSERT INTO `collection` (id, serial, cardId) VALUES ('22002', 11, '22002_13');
INSERT INTO `collection` (id, serial, cardId) VALUES ('22002', 12, '22002_14');
INSERT INTO `collection` (id, serial, cardId) VALUES ('22002', 13, '22002_15');
INSERT INTO `collection` (id, serial, cardId) VALUES ('22002', 14, '22002_16');
INSERT INTO `collection` (id, serial, cardId) VALUES ('22002', 15, '22002_17');
INSERT INTO `collection` (id, serial, cardId) VALUES ('22002', 16, '22002_18');
INSERT INTO `collection` (id, serial, cardId) VALUES ('22002', 17, '22002_19');
INSERT INTO `collection` (id, serial, cardId) VALUES ('20374', 1, '20374_3');
INSERT INTO `collection` (id, serial, cardId) VALUES ('20374', 2, '20374_4');
INSERT INTO `collection` (id, serial, cardId) VALUES ('20374', 3, '20374_5');
INSERT INTO `collection` (id, serial, cardId) VALUES ('20374', 4, '20374_6');
INSERT INTO `collection` (id, serial, cardId) VALUES ('20374', 5, '20374_7');
INSERT INTO `collection` (id, serial, cardId) VALUES ('20374', 6, '20374_8');
INSERT INTO `collection` (id, serial, cardId) VALUES ('20374', 7, '20374_9');
INSERT INTO `collection` (id, serial, cardId) VALUES ('20374', 8, '20374_10');
INSERT INTO `collection` (id, serial, cardId) VALUES ('20374', 9, '20374_11');
INSERT INTO `collection` (id, serial, cardId) VALUES ('20374', 10, '20374_12');
INSERT INTO `collection` (id, serial, cardId) VALUES ('20374', 11, '20374_13');
INSERT INTO `collection` (id, serial, cardId) VALUES ('20374', 12, '20374_14');
INSERT INTO `collection` (id, serial, cardId) VALUES ('20374', 13, '20374_15');
INSERT INTO `collection` (id, serial, cardId) VALUES ('20374', 14, '20374_16');
INSERT INTO `collection` (id, serial, cardId) VALUES ('20374', 15, '20374_17');
INSERT INTO `collection` (id, serial, cardId) VALUES ('20374', 16, '20374_18');
INSERT INTO `collection` (id, serial, cardId) VALUES ('20374', 17, '20374_19');
INSERT INTO `collection` (id, serial, cardId) VALUES ('18342', 1, '18342_3');
INSERT INTO `collection` (id, serial, cardId) VALUES ('18342', 2, '18342_4');
INSERT INTO `collection` (id, serial, cardId) VALUES ('18342', 3, '18342_5');
INSERT INTO `collection` (id, serial, cardId) VALUES ('18342', 4, '18342_6');
INSERT INTO `collection` (id, serial, cardId) VALUES ('18342', 5, '18342_7');
INSERT INTO `collection` (id, serial, cardId) VALUES ('18342', 6, '18342_8');
INSERT INTO `collection` (id, serial, cardId) VALUES ('18342', 7, '18342_9');
INSERT INTO `collection` (id, serial, cardId) VALUES ('18342', 8, '18342_10');
INSERT INTO `collection` (id, serial, cardId) VALUES ('18342', 9, '18342_11');
INSERT INTO `collection` (id, serial, cardId) VALUES ('18342', 10, '18342_12');
INSERT INTO `collection` (id, serial, cardId) VALUES ('18342', 11, '18342_13');
INSERT INTO `collection` (id, serial, cardId) VALUES ('18342', 12, '18342_14');
INSERT INTO `collection` (id, serial, cardId) VALUES ('18342', 13, '18342_15');
INSERT INTO `collection` (id, serial, cardId) VALUES ('18342', 14, '18342_16');
INSERT INTO `collection` (id, serial, cardId) VALUES ('18342', 15, '18342_17');
INSERT INTO `collection` (id, serial, cardId) VALUES ('8438', 1, '8438_3');
INSERT INTO `collection` (id, serial, cardId) VALUES ('8438', 2, '8438_4');
INSERT INTO `collection` (id, serial, cardId) VALUES ('8438', 3, '8438_5');
INSERT INTO `collection` (id, serial, cardId) VALUES ('8438', 4, '8438_6');
INSERT INTO `collection` (id, serial, cardId) VALUES ('8438', 5, '8438_7');
INSERT INTO `collection` (id, serial, cardId) VALUES ('8438', 6, '8438_8');
INSERT INTO `collection` (id, serial, cardId) VALUES ('8438', 7, '8438_9');
INSERT INTO `collection` (id, serial, cardId) VALUES ('8438', 8, '8438_10');
INSERT INTO `collection` (id, serial, cardId) VALUES ('8438', 9, '8438_11');
INSERT INTO `collection` (id, serial, cardId) VALUES ('8438', 10, '8438_12');
INSERT INTO `collection` (id, serial, cardId) VALUES ('8438', 11, '8438_13');
INSERT INTO `collection` (id, serial, cardId) VALUES ('8438', 12, '8438_14');
INSERT INTO `collection` (id, serial, cardId) VALUES ('8438', 13, '8438_15');
INSERT INTO `collection` (id, serial, cardId) VALUES ('8438', 14, '8438_16');
INSERT INTO `collection` (id, serial, cardId) VALUES ('8438', 15, '8438_17');
INSERT INTO `collection` (id, serial, cardId) VALUES ('8438', 16, '8438_18');
INSERT INTO `collection` (id, serial, cardId) VALUES ('8438', 17, '8438_19');
INSERT INTO `collection` (id, serial, cardId) VALUES ('17533', 1, '17533_3');
INSERT INTO `collection` (id, serial, cardId) VALUES ('17533', 2, '17533_4');
INSERT INTO `collection` (id, serial, cardId) VALUES ('17533', 3, '17533_5');
INSERT INTO `collection` (id, serial, cardId) VALUES ('17533', 4, '17533_6');
INSERT INTO `collection` (id, serial, cardId) VALUES ('17533', 5, '17533_7');
INSERT INTO `collection` (id, serial, cardId) VALUES ('17533', 6, '17533_8');
INSERT INTO `collection` (id, serial, cardId) VALUES ('17533', 7, '17533_9');
INSERT INTO `collection` (id, serial, cardId) VALUES ('17533', 8, '17533_10');
INSERT INTO `collection` (id, serial, cardId) VALUES ('17533', 9, '17533_11');
INSERT INTO `collection` (id, serial, cardId) VALUES ('17533', 10, '17533_12');
INSERT INTO `collection` (id, serial, cardId) VALUES ('17533', 11, '17533_13');
INSERT INTO `collection` (id, serial, cardId) VALUES ('17533', 12, '17533_14');
INSERT INTO `collection` (id, serial, cardId) VALUES ('17533', 13, '17533_15');
INSERT INTO `collection` (id, serial, cardId) VALUES ('17533', 14, '17533_16');
INSERT INTO `collection` (id, serial, cardId) VALUES ('17533', 15, '17533_17');
INSERT INTO `collection` (id, serial, cardId) VALUES ('17533', 16, '17533_18');
INSERT INTO `collection` (id, serial, cardId) VALUES ('17533', 17, '17533_19');
INSERT INTO `collection` (id, serial, cardId) VALUES ('21134', 1, '21134_3');
INSERT INTO `collection` (id, serial, cardId) VALUES ('21134', 2, '21134_4');
INSERT INTO `collection` (id, serial, cardId) VALUES ('21134', 3, '21134_5');
INSERT INTO `collection` (id, serial, cardId) VALUES ('21134', 4, '21134_6');
INSERT INTO `collection` (id, serial, cardId) VALUES ('21134', 5, '21134_7');
INSERT INTO `collection` (id, serial, cardId) VALUES ('21134', 6, '21134_8');
INSERT INTO `collection` (id, serial, cardId) VALUES ('21134', 7, '21134_9');
INSERT INTO `collection` (id, serial, cardId) VALUES ('21134', 8, '21134_10');
INSERT INTO `collection` (id, serial, cardId) VALUES ('21134', 9, '21134_11');
INSERT INTO `collection` (id, serial, cardId) VALUES ('21134', 10, '21134_12');
INSERT INTO `collection` (id, serial, cardId) VALUES ('21134', 11, '21134_13');
INSERT INTO `collection` (id, serial, cardId) VALUES ('21134', 12, '21134_14');
INSERT INTO `collection` (id, serial, cardId) VALUES ('21134', 13, '21134_15');
INSERT INTO `collection` (id, serial, cardId) VALUES ('21134', 14, '21134_16');
INSERT INTO `collection` (id, serial, cardId) VALUES ('21134', 15, '21134_17');
INSERT INTO `collection` (id, serial, cardId) VALUES ('21134', 16, '21134_18');
INSERT INTO `collection` (id, serial, cardId) VALUES ('21134', 17, '21134_19');
INSERT INTO `collection` (id, serial, cardId) VALUES ('3083', 1, '3083_3');
INSERT INTO `collection` (id, serial, cardId) VALUES ('3083', 3, '3083_5');
INSERT INTO `collection` (id, serial, cardId) VALUES ('3083', 4, '3083_6');
INSERT INTO `collection` (id, serial, cardId) VALUES ('3083', 5, '3083_7');
INSERT INTO `collection` (id, serial, cardId) VALUES ('3083', 6, '3083_8');
INSERT INTO `collection` (id, serial, cardId) VALUES ('3083', 7, '3083_9');
INSERT INTO `collection` (id, serial, cardId) VALUES ('3083', 8, '3083_10');
INSERT INTO `collection` (id, serial, cardId) VALUES ('3083', 9, '3083_11');
INSERT INTO `collection` (id, serial, cardId) VALUES ('3083', 10, '3083_12');
INSERT INTO `collection` (id, serial, cardId) VALUES ('3083', 11, '3083_13');
INSERT INTO `collection` (id, serial, cardId) VALUES ('3083', 12, '3083_14');
INSERT INTO `collection` (id, serial, cardId) VALUES ('3083', 14, '3083_16');
INSERT INTO `collection` (id, serial, cardId) VALUES ('3083', 15, '3083_17');
INSERT INTO `collection` (id, serial, cardId) VALUES ('3083', 16, '3083_18');
INSERT INTO `collection` (id, serial, cardId) VALUES ('13092', 1, '13092_3');
INSERT INTO `collection` (id, serial, cardId) VALUES ('13092', 2, '13092_4');
INSERT INTO `collection` (id, serial, cardId) VALUES ('13092', 3, '13092_5');
INSERT INTO `collection` (id, serial, cardId) VALUES ('13092', 4, '13092_6');
INSERT INTO `collection` (id, serial, cardId) VALUES ('13092', 5, '13092_7');
INSERT INTO `collection` (id, serial, cardId) VALUES ('13092', 6, '13092_8');
INSERT INTO `collection` (id, serial, cardId) VALUES ('13092', 7, '13092_9');
INSERT INTO `collection` (id, serial, cardId) VALUES ('13092', 8, '13092_10');
INSERT INTO `collection` (id, serial, cardId) VALUES ('13092', 9, '13092_11');
INSERT INTO `collection` (id, serial, cardId) VALUES ('13092', 10, '13092_12');
INSERT INTO `collection` (id, serial, cardId) VALUES ('13092', 11, '13092_13');
INSERT INTO `collection` (id, serial, cardId) VALUES ('13092', 12, '13092_14');
INSERT INTO `collection` (id, serial, cardId) VALUES ('13092', 13, '13092_15');
INSERT INTO `collection` (id, serial, cardId) VALUES ('13092', 14, '13092_16');
INSERT INTO `collection` (id, serial, cardId) VALUES ('13092', 15, '13092_17');
INSERT INTO `collection` (id, serial, cardId) VALUES ('16197', 1, '16197_3');
INSERT INTO `collection` (id, serial, cardId) VALUES ('16197', 2, '16197_4');
INSERT INTO `collection` (id, serial, cardId) VALUES ('16197', 3, '16197_5');
INSERT INTO `collection` (id, serial, cardId) VALUES ('16197', 4, '16197_6');
INSERT INTO `collection` (id, serial, cardId) VALUES ('16197', 5, '16197_7');
INSERT INTO `collection` (id, serial, cardId) VALUES ('16197', 6, '16197_8');
INSERT INTO `collection` (id, serial, cardId) VALUES ('16197', 7, '16197_9');
INSERT INTO `collection` (id, serial, cardId) VALUES ('16197', 8, '16197_10');
INSERT INTO `collection` (id, serial, cardId) VALUES ('16197', 9, '16197_11');
INSERT INTO `collection` (id, serial, cardId) VALUES ('16197', 10, '16197_12');
INSERT INTO `collection` (id, serial, cardId) VALUES ('16197', 11, '16197_13');
INSERT INTO `collection` (id, serial, cardId) VALUES ('16197', 12, '16197_14');
INSERT INTO `collection` (id, serial, cardId) VALUES ('16197', 13, '16197_15');
INSERT INTO `collection` (id, serial, cardId) VALUES ('21631', 1, '21631_3');
INSERT INTO `collection` (id, serial, cardId) VALUES ('21631', 2, '21631_4');
INSERT INTO `collection` (id, serial, cardId) VALUES ('21631', 3, '21631_5');
INSERT INTO `collection` (id, serial, cardId) VALUES ('21631', 4, '21631_6');
INSERT INTO `collection` (id, serial, cardId) VALUES ('21631', 5, '21631_7');
INSERT INTO `collection` (id, serial, cardId) VALUES ('21631', 6, '21631_8');
INSERT INTO `collection` (id, serial, cardId) VALUES ('21631', 7, '21631_9');
INSERT INTO `collection` (id, serial, cardId) VALUES ('21631', 8, '21631_10');
INSERT INTO `collection` (id, serial, cardId) VALUES ('21631', 9, '21631_11');
INSERT INTO `collection` (id, serial, cardId) VALUES ('21631', 10, '21631_12');
INSERT INTO `collection` (id, serial, cardId) VALUES ('21631', 11, '21631_13');
INSERT INTO `collection` (id, serial, cardId) VALUES ('21631', 12, '21631_14');
INSERT INTO `collection` (id, serial, cardId) VALUES ('21631', 13, '21631_15');
INSERT INTO `collection` (id, serial, cardId) VALUES ('22003', 1, '22003_3');
INSERT INTO `collection` (id, serial, cardId) VALUES ('22003', 2, '22003_4');
INSERT INTO `collection` (id, serial, cardId) VALUES ('22003', 3, '22003_5');
INSERT INTO `collection` (id, serial, cardId) VALUES ('22003', 4, '22003_6');
INSERT INTO `collection` (id, serial, cardId) VALUES ('22003', 5, '22003_7');
INSERT INTO `collection` (id, serial, cardId) VALUES ('22003', 6, '22003_8');
INSERT INTO `collection` (id, serial, cardId) VALUES ('22003', 7, '22003_9');
INSERT INTO `collection` (id, serial, cardId) VALUES ('22003', 8, '22003_10');
INSERT INTO `collection` (id, serial, cardId) VALUES ('22003', 9, '22003_11');
INSERT INTO `collection` (id, serial, cardId) VALUES ('22003', 10, '22003_12');
INSERT INTO `collection` (id, serial, cardId) VALUES ('22003', 11, '22003_13');
INSERT INTO `collection` (id, serial, cardId) VALUES ('22003', 12, '22003_14');
INSERT INTO `collection` (id, serial, cardId) VALUES ('22003', 13, '22003_15');
INSERT INTO `collection` (id, serial, cardId) VALUES ('8713', 1, '8713_3');
INSERT INTO `collection` (id, serial, cardId) VALUES ('8713', 2, '8713_4');
INSERT INTO `collection` (id, serial, cardId) VALUES ('8713', 3, '8713_5');
INSERT INTO `collection` (id, serial, cardId) VALUES ('8713', 4, '8713_6');
INSERT INTO `collection` (id, serial, cardId) VALUES ('8713', 5, '8713_7');
INSERT INTO `collection` (id, serial, cardId) VALUES ('8713', 6, '8713_8');
INSERT INTO `collection` (id, serial, cardId) VALUES ('8713', 7, '8713_9');
INSERT INTO `collection` (id, serial, cardId) VALUES ('8713', 8, '8713_10');
INSERT INTO `collection` (id, serial, cardId) VALUES ('8713', 9, '8713_11');
INSERT INTO `collection` (id, serial, cardId) VALUES ('8713', 10, '8713_12');
INSERT INTO `collection` (id, serial, cardId) VALUES ('8713', 11, '8713_13');
INSERT INTO `collection` (id, serial, cardId) VALUES ('8713', 12, '8713_14');
INSERT INTO `collection` (id, serial, cardId) VALUES ('8713', 13, '8713_15');
INSERT INTO `collection` (id, serial, cardId) VALUES ('8713', 14, '8713_16');
INSERT INTO `collection` (id, serial, cardId) VALUES ('8713', 15, '8713_17');
INSERT INTO `collection` (id, serial, cardId) VALUES ('8713', 16, '8713_18');
INSERT INTO `collection` (id, serial, cardId) VALUES ('8713', 17, '8713_19');
INSERT INTO `collection` (id, serial, cardId) VALUES ('24748', 1, '24748_3');
INSERT INTO `collection` (id, serial, cardId) VALUES ('24748', 2, '24748_4');
INSERT INTO `collection` (id, serial, cardId) VALUES ('24748', 3, '24748_5');
INSERT INTO `collection` (id, serial, cardId) VALUES ('24748', 4, '24748_6');
INSERT INTO `collection` (id, serial, cardId) VALUES ('24748', 5, '24748_7');
INSERT INTO `collection` (id, serial, cardId) VALUES ('24748', 6, '24748_8');
INSERT INTO `collection` (id, serial, cardId) VALUES ('24748', 7, '24748_9');
INSERT INTO `collection` (id, serial, cardId) VALUES ('24748', 8, '24748_10');
INSERT INTO `collection` (id, serial, cardId) VALUES ('24748', 9, '24748_11');
INSERT INTO `collection` (id, serial, cardId) VALUES ('24748', 10, '24748_12');
INSERT INTO `collection` (id, serial, cardId) VALUES ('24748', 11, '24748_13');
INSERT INTO `collection` (id, serial, cardId) VALUES ('24748', 12, '24748_14');
INSERT INTO `collection` (id, serial, cardId) VALUES ('24748', 13, '24748_15');
INSERT INTO `collection` (id, serial, cardId) VALUES ('23143', 1, '23143_3');
INSERT INTO `collection` (id, serial, cardId) VALUES ('23143', 2, '23143_4');
INSERT INTO `collection` (id, serial, cardId) VALUES ('23143', 3, '23143_5');
INSERT INTO `collection` (id, serial, cardId) VALUES ('23143', 4, '23143_6');
INSERT INTO `collection` (id, serial, cardId) VALUES ('23143', 5, '23143_7');
INSERT INTO `collection` (id, serial, cardId) VALUES ('23143', 6, '23143_8');
INSERT INTO `collection` (id, serial, cardId) VALUES ('23143', 7, '23143_9');
INSERT INTO `collection` (id, serial, cardId) VALUES ('23143', 8, '23143_10');
INSERT INTO `collection` (id, serial, cardId) VALUES ('23143', 9, '23143_11');
INSERT INTO `collection` (id, serial, cardId) VALUES ('23143', 10, '23143_12');
INSERT INTO `collection` (id, serial, cardId) VALUES ('23143', 11, '23143_13');
INSERT INTO `collection` (id, serial, cardId) VALUES ('23143', 12, '23143_14');
INSERT INTO `collection` (id, serial, cardId) VALUES ('3914', 1, '3914_3');
INSERT INTO `collection` (id, serial, cardId) VALUES ('3914', 2, '3914_4');
INSERT INTO `collection` (id, serial, cardId) VALUES ('3914', 3, '3914_5');
INSERT INTO `collection` (id, serial, cardId) VALUES ('3914', 4, '3914_6');
INSERT INTO `collection` (id, serial, cardId) VALUES ('3914', 5, '3914_7');
INSERT INTO `collection` (id, serial, cardId) VALUES ('3914', 6, '3914_8');
INSERT INTO `collection` (id, serial, cardId) VALUES ('3914', 7, '3914_9');
INSERT INTO `collection` (id, serial, cardId) VALUES ('3914', 8, '3914_10');
INSERT INTO `collection` (id, serial, cardId) VALUES ('13303', 1, '13303_3');
INSERT INTO `collection` (id, serial, cardId) VALUES ('13303', 2, '13303_4');
INSERT INTO `collection` (id, serial, cardId) VALUES ('13303', 3, '13303_5');
INSERT INTO `collection` (id, serial, cardId) VALUES ('13303', 4, '13303_6');
INSERT INTO `collection` (id, serial, cardId) VALUES ('13303', 5, '13303_7');
INSERT INTO `collection` (id, serial, cardId) VALUES ('13303', 6, '13303_8');
INSERT INTO `collection` (id, serial, cardId) VALUES ('13303', 7, '13303_9');
INSERT INTO `collection` (id, serial, cardId) VALUES ('13303', 8, '13303_10');
INSERT INTO `collection` (id, serial, cardId) VALUES ('13303', 9, '13303_11');
INSERT INTO `collection` (id, serial, cardId) VALUES ('13303', 10, '13303_12');
INSERT INTO `collection` (id, serial, cardId) VALUES ('13303', 11, '13303_13');
INSERT INTO `collection` (id, serial, cardId) VALUES ('13303', 12, '13303_14');
INSERT INTO `collection` (id, serial, cardId) VALUES ('13303', 13, '13303_15');
INSERT INTO `collection` (id, serial, cardId) VALUES ('13303', 14, '13303_16');
INSERT INTO `collection` (id, serial, cardId) VALUES ('13303', 15, '13303_17');
INSERT INTO `collection` (id, serial, cardId) VALUES ('13303', 16, '13303_18');
INSERT INTO `collection` (id, serial, cardId) VALUES ('13303', 17, '13303_19');
INSERT INTO `collection` (id, serial, cardId) VALUES ('30267', 1, '30267_3');
INSERT INTO `collection` (id, serial, cardId) VALUES ('30267', 2, '30267_4');
INSERT INTO `collection` (id, serial, cardId) VALUES ('30267', 3, '30267_5');
INSERT INTO `collection` (id, serial, cardId) VALUES ('30267', 4, '30267_6');
INSERT INTO `collection` (id, serial, cardId) VALUES ('30267', 5, '30267_7');
INSERT INTO `collection` (id, serial, cardId) VALUES ('30267', 6, '30267_8');
INSERT INTO `collection` (id, serial, cardId) VALUES ('30267', 7, '30267_9');
INSERT INTO `collection` (id, serial, cardId) VALUES ('30267', 8, '30267_10');
INSERT INTO `collection` (id, serial, cardId) VALUES ('30267', 9, '30267_11');
INSERT INTO `collection` (id, serial, cardId) VALUES ('30267', 10, '30267_12');
INSERT INTO `collection` (id, serial, cardId) VALUES ('30267', 11, '30267_13');
INSERT INTO `collection` (id, serial, cardId) VALUES ('23156', 1, '23156_3');
INSERT INTO `collection` (id, serial, cardId) VALUES ('23156', 2, '23156_4');
INSERT INTO `collection` (id, serial, cardId) VALUES ('23156', 3, '23156_5');
INSERT INTO `collection` (id, serial, cardId) VALUES ('23156', 4, '23156_6');
INSERT INTO `collection` (id, serial, cardId) VALUES ('23156', 5, '23156_7');
INSERT INTO `collection` (id, serial, cardId) VALUES ('23156', 6, '23156_8');
INSERT INTO `collection` (id, serial, cardId) VALUES ('23156', 7, '23156_9');
INSERT INTO `collection` (id, serial, cardId) VALUES ('23156', 8, '23156_10');
INSERT INTO `collection` (id, serial, cardId) VALUES ('16210', 1, '16210_3');
INSERT INTO `collection` (id, serial, cardId) VALUES ('16210', 2, '16210_4');
INSERT INTO `collection` (id, serial, cardId) VALUES ('16210', 3, '16210_5');
INSERT INTO `collection` (id, serial, cardId) VALUES ('16210', 4, '16210_6');
INSERT INTO `collection` (id, serial, cardId) VALUES ('16210', 5, '16210_7');
INSERT INTO `collection` (id, serial, cardId) VALUES ('16210', 6, '16210_8');
INSERT INTO `collection` (id, serial, cardId) VALUES ('16210', 7, '16210_9');
INSERT INTO `collection` (id, serial, cardId) VALUES ('16210', 8, '16210_10');
INSERT INTO `collection` (id, serial, cardId) VALUES ('16210', 9, '16210_11');
INSERT INTO `collection` (id, serial, cardId) VALUES ('16210', 10, '16210_12');
INSERT INTO `collection` (id, serial, cardId) VALUES ('16210', 11, '16210_13');
INSERT INTO `collection` (id, serial, cardId) VALUES ('16210', 12, '16210_14');
INSERT INTO `collection` (id, serial, cardId) VALUES ('16210', 13, '16210_15');
INSERT INTO `collection` (id, serial, cardId) VALUES ('15614', 1, '15614_3');
INSERT INTO `collection` (id, serial, cardId) VALUES ('15614', 2, '15614_4');
INSERT INTO `collection` (id, serial, cardId) VALUES ('15614', 3, '15614_5');
INSERT INTO `collection` (id, serial, cardId) VALUES ('15614', 4, '15614_6');
INSERT INTO `collection` (id, serial, cardId) VALUES ('15614', 5, '15614_7');
INSERT INTO `collection` (id, serial, cardId) VALUES ('15614', 6, '15614_8');
INSERT INTO `collection` (id, serial, cardId) VALUES ('15614', 7, '15614_9');
INSERT INTO `collection` (id, serial, cardId) VALUES ('15614', 8, '15614_10');
INSERT INTO `collection` (id, serial, cardId) VALUES ('15614', 9, '15614_11');
INSERT INTO `collection` (id, serial, cardId) VALUES ('15614', 10, '15614_12');
INSERT INTO `collection` (id, serial, cardId) VALUES ('15614', 11, '15614_13');
INSERT INTO `collection` (id, serial, cardId) VALUES ('15614', 12, '15614_14');
INSERT INTO `collection` (id, serial, cardId) VALUES ('15614', 13, '15614_15');
INSERT INTO `collection` (id, serial, cardId) VALUES ('21138', 1, '21138_3');
INSERT INTO `collection` (id, serial, cardId) VALUES ('21138', 2, '21138_4');
INSERT INTO `collection` (id, serial, cardId) VALUES ('21138', 3, '21138_5');
INSERT INTO `collection` (id, serial, cardId) VALUES ('21138', 4, '21138_6');
INSERT INTO `collection` (id, serial, cardId) VALUES ('21138', 5, '21138_7');
INSERT INTO `collection` (id, serial, cardId) VALUES ('21138', 6, '21138_8');
INSERT INTO `collection` (id, serial, cardId) VALUES ('21138', 7, '21138_9');
INSERT INTO `collection` (id, serial, cardId) VALUES ('21138', 8, '21138_10');
INSERT INTO `collection` (id, serial, cardId) VALUES ('21138', 9, '21138_11');
INSERT INTO `collection` (id, serial, cardId) VALUES ('21138', 10, '21138_12');
INSERT INTO `collection` (id, serial, cardId) VALUES ('21138', 11, '21138_13');
INSERT INTO `collection` (id, serial, cardId) VALUES ('21138', 12, '21138_14');
INSERT INTO `collection` (id, serial, cardId) VALUES ('21138', 13, '21138_15');
INSERT INTO `collection` (id, serial, cardId) VALUES ('23033', 1, '23033_3');
INSERT INTO `collection` (id, serial, cardId) VALUES ('23033', 2, '23033_4');
INSERT INTO `collection` (id, serial, cardId) VALUES ('23033', 3, '23033_5');
INSERT INTO `collection` (id, serial, cardId) VALUES ('23033', 4, '23033_6');
INSERT INTO `collection` (id, serial, cardId) VALUES ('23033', 5, '23033_7');
INSERT INTO `collection` (id, serial, cardId) VALUES ('23033', 6, '23033_8');
INSERT INTO `collection` (id, serial, cardId) VALUES ('23033', 7, '23033_9');
INSERT INTO `collection` (id, serial, cardId) VALUES ('23033', 8, '23033_10');
INSERT INTO `collection` (id, serial, cardId) VALUES ('23033', 9, '23033_11');
INSERT INTO `collection` (id, serial, cardId) VALUES ('18344', 1, '18344_3');
INSERT INTO `collection` (id, serial, cardId) VALUES ('18344', 2, '18344_4');
INSERT INTO `collection` (id, serial, cardId) VALUES ('18344', 3, '18344_5');
INSERT INTO `collection` (id, serial, cardId) VALUES ('18344', 4, '18344_6');
INSERT INTO `collection` (id, serial, cardId) VALUES ('18344', 5, '18344_7');
INSERT INTO `collection` (id, serial, cardId) VALUES ('18344', 6, '18344_8');
INSERT INTO `collection` (id, serial, cardId) VALUES ('18344', 7, '18344_9');
INSERT INTO `collection` (id, serial, cardId) VALUES ('18344', 8, '18344_10');
INSERT INTO `collection` (id, serial, cardId) VALUES ('18344', 9, '18344_11');
INSERT INTO `collection` (id, serial, cardId) VALUES ('18344', 10, '18344_12');
INSERT INTO `collection` (id, serial, cardId) VALUES ('18344', 11, '18344_13');
INSERT INTO `collection` (id, serial, cardId) VALUES ('18344', 12, '18344_14');
INSERT INTO `collection` (id, serial, cardId) VALUES ('18344', 13, '18344_15');
INSERT INTO `collection` (id, serial, cardId) VALUES ('18344', 14, '18344_16');
INSERT INTO `collection` (id, serial, cardId) VALUES ('18344', 15, '18344_17');
INSERT INTO `collection` (id, serial, cardId) VALUES ('18344', 16, '18344_18');
INSERT INTO `collection` (id, serial, cardId) VALUES ('18344', 17, '18344_19');
INSERT INTO `collection` (id, serial, cardId) VALUES ('15864', 1, '15864_3');
INSERT INTO `collection` (id, serial, cardId) VALUES ('15864', 2, '15864_4');
INSERT INTO `collection` (id, serial, cardId) VALUES ('15864', 3, '15864_5');
INSERT INTO `collection` (id, serial, cardId) VALUES ('15864', 4, '15864_6');
INSERT INTO `collection` (id, serial, cardId) VALUES ('15864', 5, '15864_7');
INSERT INTO `collection` (id, serial, cardId) VALUES ('15864', 6, '15864_8');
INSERT INTO `collection` (id, serial, cardId) VALUES ('15864', 7, '15864_9');
INSERT INTO `collection` (id, serial, cardId) VALUES ('15864', 8, '15864_10');
INSERT INTO `collection` (id, serial, cardId) VALUES ('15864', 9, '15864_11');
INSERT INTO `collection` (id, serial, cardId) VALUES ('18345', 1, '18345_3');
INSERT INTO `collection` (id, serial, cardId) VALUES ('18345', 2, '18345_4');
INSERT INTO `collection` (id, serial, cardId) VALUES ('18345', 3, '18345_5');
INSERT INTO `collection` (id, serial, cardId) VALUES ('18345', 4, '18345_6');
INSERT INTO `collection` (id, serial, cardId) VALUES ('18345', 5, '18345_7');
INSERT INTO `collection` (id, serial, cardId) VALUES ('18345', 6, '18345_8');
INSERT INTO `collection` (id, serial, cardId) VALUES ('18345', 7, '18345_9');
INSERT INTO `collection` (id, serial, cardId) VALUES ('18345', 8, '18345_10');
INSERT INTO `collection` (id, serial, cardId) VALUES ('18345', 9, '18345_11');
INSERT INTO `collection` (id, serial, cardId) VALUES ('18345', 10, '18345_12');
INSERT INTO `collection` (id, serial, cardId) VALUES ('18345', 11, '18345_13');
INSERT INTO `collection` (id, serial, cardId) VALUES ('18345', 12, '18345_14');
INSERT INTO `collection` (id, serial, cardId) VALUES ('18345', 13, '18345_15');
INSERT INTO `collection` (id, serial, cardId) VALUES ('22572', 1, '22572_3');
INSERT INTO `collection` (id, serial, cardId) VALUES ('22572', 2, '22572_4');
INSERT INTO `collection` (id, serial, cardId) VALUES ('22572', 3, '22572_5');
INSERT INTO `collection` (id, serial, cardId) VALUES ('22572', 4, '22572_6');
INSERT INTO `collection` (id, serial, cardId) VALUES ('22572', 5, '22572_7');
INSERT INTO `collection` (id, serial, cardId) VALUES ('22572', 6, '22572_8');
INSERT INTO `collection` (id, serial, cardId) VALUES ('22572', 7, '22572_9');
INSERT INTO `collection` (id, serial, cardId) VALUES ('22572', 8, '22572_10');
INSERT INTO `collection` (id, serial, cardId) VALUES ('22572', 9, '22572_11');
INSERT INTO `collection` (id, serial, cardId) VALUES ('22572', 10, '22572_12');
INSERT INTO `collection` (id, serial, cardId) VALUES ('22572', 11, '22572_13');
INSERT INTO `collection` (id, serial, cardId) VALUES ('22572', 12, '22572_14');
INSERT INTO `collection` (id, serial, cardId) VALUES ('22572', 13, '22572_15');
INSERT INTO `collection` (id, serial, cardId) VALUES ('23751', 1, '23751_3');
INSERT INTO `collection` (id, serial, cardId) VALUES ('23751', 2, '23751_4');
INSERT INTO `collection` (id, serial, cardId) VALUES ('23751', 3, '23751_5');
INSERT INTO `collection` (id, serial, cardId) VALUES ('23751', 4, '23751_6');
INSERT INTO `collection` (id, serial, cardId) VALUES ('23751', 5, '23751_7');
INSERT INTO `collection` (id, serial, cardId) VALUES ('23751', 6, '23751_8');
INSERT INTO `collection` (id, serial, cardId) VALUES ('23751', 7, '23751_9');
INSERT INTO `collection` (id, serial, cardId) VALUES ('23751', 8, '23751_10');
INSERT INTO `collection` (id, serial, cardId) VALUES ('23751', 9, '23751_11');
INSERT INTO `collection` (id, serial, cardId) VALUES ('23751', 10, '23751_12');
INSERT INTO `collection` (id, serial, cardId) VALUES ('23751', 11, '23751_13');
INSERT INTO `collection` (id, serial, cardId) VALUES ('23751', 12, '23751_14');
INSERT INTO `collection` (id, serial, cardId) VALUES ('23751', 13, '23751_15');
INSERT INTO `collection` (id, serial, cardId) VALUES ('23751', 14, '23751_16');
INSERT INTO `collection` (id, serial, cardId) VALUES ('23751', 15, '23751_17');
INSERT INTO `collection` (id, serial, cardId) VALUES ('23751', 16, '23751_18');
INSERT INTO `collection` (id, serial, cardId) VALUES ('23751', 17, '23751_19');
INSERT INTO `collection` (id, serial, cardId) VALUES ('17937', 1, '17937_3');
INSERT INTO `collection` (id, serial, cardId) VALUES ('17937', 2, '17937_4');
INSERT INTO `collection` (id, serial, cardId) VALUES ('17937', 3, '17937_5');
INSERT INTO `collection` (id, serial, cardId) VALUES ('17937', 4, '17937_6');
INSERT INTO `collection` (id, serial, cardId) VALUES ('17937', 5, '17937_7');
INSERT INTO `collection` (id, serial, cardId) VALUES ('17937', 6, '17937_8');
INSERT INTO `collection` (id, serial, cardId) VALUES ('17937', 7, '17937_9');
INSERT INTO `collection` (id, serial, cardId) VALUES ('17937', 8, '17937_10');
INSERT INTO `collection` (id, serial, cardId) VALUES ('17937', 9, '17937_11');
INSERT INTO `collection` (id, serial, cardId) VALUES ('17937', 10, '17937_12');
INSERT INTO `collection` (id, serial, cardId) VALUES ('17937', 11, '17937_13');
INSERT INTO `collection` (id, serial, cardId) VALUES ('17937', 12, '17937_14');
INSERT INTO `collection` (id, serial, cardId) VALUES ('17937', 13, '17937_15');
INSERT INTO `collection` (id, serial, cardId) VALUES ('21816', 1, '21816_3');
INSERT INTO `collection` (id, serial, cardId) VALUES ('21816', 2, '21816_4');
INSERT INTO `collection` (id, serial, cardId) VALUES ('21816', 3, '21816_5');
INSERT INTO `collection` (id, serial, cardId) VALUES ('21816', 4, '21816_6');
INSERT INTO `collection` (id, serial, cardId) VALUES ('21816', 5, '21816_7');
INSERT INTO `collection` (id, serial, cardId) VALUES ('21816', 6, '21816_8');
INSERT INTO `collection` (id, serial, cardId) VALUES ('21816', 7, '21816_9');
INSERT INTO `collection` (id, serial, cardId) VALUES ('21816', 8, '21816_10');
INSERT INTO `collection` (id, serial, cardId) VALUES ('21816', 9, '21816_11');
INSERT INTO `collection` (id, serial, cardId) VALUES ('21816', 10, '21816_12');
INSERT INTO `collection` (id, serial, cardId) VALUES ('21816', 11, '21816_13');
INSERT INTO `collection` (id, serial, cardId) VALUES ('21816', 12, '21816_14');
INSERT INTO `collection` (id, serial, cardId) VALUES ('21816', 13, '21816_15');
INSERT INTO `collection` (id, serial, cardId) VALUES ('21816', 14, '21816_16');
INSERT INTO `collection` (id, serial, cardId) VALUES ('21816', 15, '21816_17');
INSERT INTO `collection` (id, serial, cardId) VALUES ('21816', 16, '21816_18');
INSERT INTO `collection` (id, serial, cardId) VALUES ('21816', 17, '21816_19');
INSERT INTO `collection` (id, serial, cardId) VALUES ('21816', 18, '21816_20');
INSERT INTO `collection` (id, serial, cardId) VALUES ('21816', 19, '21816_21');
INSERT INTO `collection` (id, serial, cardId) VALUES ('21816', 20, '21816_22');
INSERT INTO `collection` (id, serial, cardId) VALUES ('21816', 21, '21816_23');
INSERT INTO `collection` (id, serial, cardId) VALUES ('8690', 1, '8690_3');
INSERT INTO `collection` (id, serial, cardId) VALUES ('8690', 2, '8690_4');
INSERT INTO `collection` (id, serial, cardId) VALUES ('8690', 3, '8690_5');
INSERT INTO `collection` (id, serial, cardId) VALUES ('8690', 4, '8690_6');
INSERT INTO `collection` (id, serial, cardId) VALUES ('8690', 5, '8690_7');
INSERT INTO `collection` (id, serial, cardId) VALUES ('8690', 6, '8690_8');
INSERT INTO `collection` (id, serial, cardId) VALUES ('8690', 7, '8690_9');
INSERT INTO `collection` (id, serial, cardId) VALUES ('8690', 8, '8690_10');
INSERT INTO `collection` (id, serial, cardId) VALUES ('8690', 9, '8690_11');
INSERT INTO `collection` (id, serial, cardId) VALUES ('8690', 10, '8690_12');
INSERT INTO `collection` (id, serial, cardId) VALUES ('8690', 11, '8690_13');
INSERT INTO `collection` (id, serial, cardId) VALUES ('29975', 1, '29975_3');
INSERT INTO `collection` (id, serial, cardId) VALUES ('29975', 2, '29975_4');
INSERT INTO `collection` (id, serial, cardId) VALUES ('29975', 3, '29975_5');
INSERT INTO `collection` (id, serial, cardId) VALUES ('29975', 4, '29975_6');
INSERT INTO `collection` (id, serial, cardId) VALUES ('29975', 5, '29975_7');
INSERT INTO `collection` (id, serial, cardId) VALUES ('29975', 6, '29975_8');
INSERT INTO `collection` (id, serial, cardId) VALUES ('29975', 7, '29975_9');
INSERT INTO `collection` (id, serial, cardId) VALUES ('29975', 8, '29975_10');
INSERT INTO `collection` (id, serial, cardId) VALUES ('29975', 9, '29975_11');
INSERT INTO `collection` (id, serial, cardId) VALUES ('29975', 10, '29975_12');
INSERT INTO `collection` (id, serial, cardId) VALUES ('29975', 11, '29975_13');
INSERT INTO `collection` (id, serial, cardId) VALUES ('22067', 1, '22067_3');
INSERT INTO `collection` (id, serial, cardId) VALUES ('22067', 2, '22067_4');
INSERT INTO `collection` (id, serial, cardId) VALUES ('22067', 3, '22067_5');
INSERT INTO `collection` (id, serial, cardId) VALUES ('22067', 4, '22067_6');
INSERT INTO `collection` (id, serial, cardId) VALUES ('22067', 5, '22067_7');
INSERT INTO `collection` (id, serial, cardId) VALUES ('22067', 6, '22067_8');
INSERT INTO `collection` (id, serial, cardId) VALUES ('22067', 7, '22067_9');
INSERT INTO `collection` (id, serial, cardId) VALUES ('22067', 8, '22067_10');
INSERT INTO `collection` (id, serial, cardId) VALUES ('22067', 9, '22067_11');
INSERT INTO `collection` (id, serial, cardId) VALUES ('2611', 1, '2611_3');
INSERT INTO `collection` (id, serial, cardId) VALUES ('2611', 2, '2611_4');
INSERT INTO `collection` (id, serial, cardId) VALUES ('2611', 3, '2611_5');
INSERT INTO `collection` (id, serial, cardId) VALUES ('2611', 4, '2611_6');
INSERT INTO `collection` (id, serial, cardId) VALUES ('2611', 5, '2611_7');
INSERT INTO `collection` (id, serial, cardId) VALUES ('2611', 6, '2611_8');
INSERT INTO `collection` (id, serial, cardId) VALUES ('2611', 7, '2611_9');
INSERT INTO `collection` (id, serial, cardId) VALUES ('2611', 8, '2611_10');
INSERT INTO `collection` (id, serial, cardId) VALUES ('2611', 9, '2611_11');
INSERT INTO `collection` (id, serial, cardId) VALUES ('2611', 11, '2611_13');
INSERT INTO `collection` (id, serial, cardId) VALUES ('10440', 1, '10440_3');
INSERT INTO `collection` (id, serial, cardId) VALUES ('10440', 2, '10440_4');
INSERT INTO `collection` (id, serial, cardId) VALUES ('10440', 3, '10440_5');
INSERT INTO `collection` (id, serial, cardId) VALUES ('10440', 4, '10440_6');
INSERT INTO `collection` (id, serial, cardId) VALUES ('10440', 5, '10440_7');
INSERT INTO `collection` (id, serial, cardId) VALUES ('10440', 6, '10440_8');
INSERT INTO `collection` (id, serial, cardId) VALUES ('10440', 7, '10440_9');
INSERT INTO `collection` (id, serial, cardId) VALUES ('10440', 8, '10440_10');
INSERT INTO `collection` (id, serial, cardId) VALUES ('10440', 9, '10440_11');
INSERT INTO `collection` (id, serial, cardId) VALUES ('10440', 10, '10440_12');
INSERT INTO `collection` (id, serial, cardId) VALUES ('10440', 11, '10440_13');
INSERT INTO `collection` (id, serial, cardId) VALUES ('10440', 12, '10440_14');
INSERT INTO `collection` (id, serial, cardId) VALUES ('10440', 13, '10440_15');
INSERT INTO `collection` (id, serial, cardId) VALUES ('3135', 1, '3135_3');
INSERT INTO `collection` (id, serial, cardId) VALUES ('3135', 2, '3135_4');
INSERT INTO `collection` (id, serial, cardId) VALUES ('3135', 3, '3135_5');
INSERT INTO `collection` (id, serial, cardId) VALUES ('3135', 4, '3135_6');
INSERT INTO `collection` (id, serial, cardId) VALUES ('3135', 5, '3135_7');
INSERT INTO `collection` (id, serial, cardId) VALUES ('3135', 6, '3135_8');
INSERT INTO `collection` (id, serial, cardId) VALUES ('3135', 7, '3135_9');
INSERT INTO `collection` (id, serial, cardId) VALUES ('3135', 8, '3135_10');
INSERT INTO `collection` (id, serial, cardId) VALUES ('3135', 9, '3135_11');
INSERT INTO `collection` (id, serial, cardId) VALUES ('3135', 10, '3135_12');
INSERT INTO `collection` (id, serial, cardId) VALUES ('3135', 11, '3135_13');
INSERT INTO `collection` (id, serial, cardId) VALUES ('5314', 1, '5314_3');
INSERT INTO `collection` (id, serial, cardId) VALUES ('5314', 2, '5314_4');
INSERT INTO `collection` (id, serial, cardId) VALUES ('5314', 3, '5314_5');
INSERT INTO `collection` (id, serial, cardId) VALUES ('5314', 4, '5314_6');
INSERT INTO `collection` (id, serial, cardId) VALUES ('5314', 5, '5314_7');
INSERT INTO `collection` (id, serial, cardId) VALUES ('5314', 6, '5314_8');
INSERT INTO `collection` (id, serial, cardId) VALUES ('5314', 7, '5314_9');
INSERT INTO `collection` (id, serial, cardId) VALUES ('5314', 8, '5314_10');
INSERT INTO `collection` (id, serial, cardId) VALUES ('5314', 9, '5314_11');
INSERT INTO `collection` (id, serial, cardId) VALUES ('5314', 11, '5314_13');
INSERT INTO `collection` (id, serial, cardId) VALUES ('22637', 1, '22637_3');
INSERT INTO `collection` (id, serial, cardId) VALUES ('22637', 2, '22637_4');
INSERT INTO `collection` (id, serial, cardId) VALUES ('22637', 3, '22637_5');
INSERT INTO `collection` (id, serial, cardId) VALUES ('22637', 4, '22637_6');
INSERT INTO `collection` (id, serial, cardId) VALUES ('22637', 5, '22637_7');
INSERT INTO `collection` (id, serial, cardId) VALUES ('22637', 6, '22637_8');
INSERT INTO `collection` (id, serial, cardId) VALUES ('22637', 7, '22637_9');
INSERT INTO `collection` (id, serial, cardId) VALUES ('22637', 8, '22637_10');
INSERT INTO `collection` (id, serial, cardId) VALUES ('22637', 9, '22637_11');
INSERT INTO `collection` (id, serial, cardId) VALUES ('22637', 10, '22637_12');
INSERT INTO `collection` (id, serial, cardId) VALUES ('22637', 11, '22637_13');
INSERT INTO `collection` (id, serial, cardId) VALUES ('22637', 12, '22637_14');
INSERT INTO `collection` (id, serial, cardId) VALUES ('22637', 13, '22637_15');
INSERT INTO `collection` (id, serial, cardId) VALUES ('22637', 14, '22637_16');
INSERT INTO `collection` (id, serial, cardId) VALUES ('22637', 15, '22637_17');
INSERT INTO `collection` (id, serial, cardId) VALUES ('22637', 16, '22637_18');
INSERT INTO `collection` (id, serial, cardId) VALUES ('22637', 17, '22637_19');
INSERT INTO `collection` (id, serial, cardId) VALUES ('22533', 1, '22533_3');
INSERT INTO `collection` (id, serial, cardId) VALUES ('22533', 2, '22533_4');
INSERT INTO `collection` (id, serial, cardId) VALUES ('22533', 3, '22533_5');
INSERT INTO `collection` (id, serial, cardId) VALUES ('22533', 4, '22533_6');
INSERT INTO `collection` (id, serial, cardId) VALUES ('22533', 5, '22533_7');
INSERT INTO `collection` (id, serial, cardId) VALUES ('22533', 6, '22533_8');
INSERT INTO `collection` (id, serial, cardId) VALUES ('22533', 7, '22533_9');
INSERT INTO `collection` (id, serial, cardId) VALUES ('22533', 8, '22533_10');
INSERT INTO `collection` (id, serial, cardId) VALUES ('22533', 9, '22533_11');
INSERT INTO `collection` (id, serial, cardId) VALUES ('19384', 1, '19384_3');
INSERT INTO `collection` (id, serial, cardId) VALUES ('19384', 2, '19384_4');
INSERT INTO `collection` (id, serial, cardId) VALUES ('19384', 3, '19384_5');
INSERT INTO `collection` (id, serial, cardId) VALUES ('19384', 4, '19384_6');
INSERT INTO `collection` (id, serial, cardId) VALUES ('19384', 5, '19384_7');
INSERT INTO `collection` (id, serial, cardId) VALUES ('19384', 6, '19384_8');
INSERT INTO `collection` (id, serial, cardId) VALUES ('19384', 7, '19384_9');
INSERT INTO `collection` (id, serial, cardId) VALUES ('19384', 8, '19384_10');
INSERT INTO `collection` (id, serial, cardId) VALUES ('19384', 9, '19384_11');
INSERT INTO `collection` (id, serial, cardId) VALUES ('19384', 10, '19384_12');
INSERT INTO `collection` (id, serial, cardId) VALUES ('19384', 11, '19384_13');
INSERT INTO `collection` (id, serial, cardId) VALUES ('19384', 12, '19384_14');
INSERT INTO `collection` (id, serial, cardId) VALUES ('19384', 13, '19384_15');
INSERT INTO `collection` (id, serial, cardId) VALUES ('19384', 14, '19384_16');
INSERT INTO `collection` (id, serial, cardId) VALUES ('19384', 15, '19384_17');
INSERT INTO `collection` (id, serial, cardId) VALUES ('19384', 16, '19384_18');
INSERT INTO `collection` (id, serial, cardId) VALUES ('19384', 17, '19384_19');
INSERT INTO `collection` (id, serial, cardId) VALUES ('9681', 1, '9681_3');
INSERT INTO `collection` (id, serial, cardId) VALUES ('9681', 2, '9681_4');
INSERT INTO `collection` (id, serial, cardId) VALUES ('9681', 3, '9681_5');
INSERT INTO `collection` (id, serial, cardId) VALUES ('9681', 4, '9681_6');
INSERT INTO `collection` (id, serial, cardId) VALUES ('9681', 5, '9681_7');
INSERT INTO `collection` (id, serial, cardId) VALUES ('9681', 6, '9681_8');
INSERT INTO `collection` (id, serial, cardId) VALUES ('9681', 7, '9681_9');
INSERT INTO `collection` (id, serial, cardId) VALUES ('9681', 8, '9681_10');
INSERT INTO `collection` (id, serial, cardId) VALUES ('9681', 9, '9681_11');
INSERT INTO `collection` (id, serial, cardId) VALUES ('21074', 1, '21074_3');
INSERT INTO `collection` (id, serial, cardId) VALUES ('21074', 2, '21074_4');
INSERT INTO `collection` (id, serial, cardId) VALUES ('21074', 3, '21074_5');
INSERT INTO `collection` (id, serial, cardId) VALUES ('21074', 4, '21074_6');
INSERT INTO `collection` (id, serial, cardId) VALUES ('21074', 5, '21074_7');
INSERT INTO `collection` (id, serial, cardId) VALUES ('21074', 6, '21074_8');
INSERT INTO `collection` (id, serial, cardId) VALUES ('21074', 7, '21074_9');
INSERT INTO `collection` (id, serial, cardId) VALUES ('21074', 8, '21074_10');
INSERT INTO `collection` (id, serial, cardId) VALUES ('21074', 9, '21074_11');
INSERT INTO `collection` (id, serial, cardId) VALUES ('21074', 10, '21074_12');
INSERT INTO `collection` (id, serial, cardId) VALUES ('21074', 11, '21074_13');
INSERT INTO `collection` (id, serial, cardId) VALUES ('21074', 12, '21074_14');
INSERT INTO `collection` (id, serial, cardId) VALUES ('21074', 13, '21074_15');
INSERT INTO `collection` (id, serial, cardId) VALUES ('21130', 1, '21130_3');
INSERT INTO `collection` (id, serial, cardId) VALUES ('21130', 2, '21130_4');
INSERT INTO `collection` (id, serial, cardId) VALUES ('21130', 3, '21130_5');
INSERT INTO `collection` (id, serial, cardId) VALUES ('21130', 4, '21130_6');
INSERT INTO `collection` (id, serial, cardId) VALUES ('21130', 5, '21130_7');
INSERT INTO `collection` (id, serial, cardId) VALUES ('21130', 6, '21130_8');
INSERT INTO `collection` (id, serial, cardId) VALUES ('21130', 7, '21130_9');
INSERT INTO `collection` (id, serial, cardId) VALUES ('21130', 8, '21130_10');
INSERT INTO `collection` (id, serial, cardId) VALUES ('21130', 9, '21130_11');
INSERT INTO `collection` (id, serial, cardId) VALUES ('21130', 10, '21130_12');
INSERT INTO `collection` (id, serial, cardId) VALUES ('21130', 11, '21130_13');
INSERT INTO `collection` (id, serial, cardId) VALUES ('21130', 12, '21130_14');
INSERT INTO `collection` (id, serial, cardId) VALUES ('21130', 13, '21130_15');
INSERT INTO `collection` (id, serial, cardId) VALUES ('21130', 14, '21130_16');
INSERT INTO `collection` (id, serial, cardId) VALUES ('21130', 15, '21130_17');
INSERT INTO `collection` (id, serial, cardId) VALUES ('21130', 16, '21130_18');
INSERT INTO `collection` (id, serial, cardId) VALUES ('21130', 17, '21130_19');
INSERT INTO `collection` (id, serial, cardId) VALUES ('23407', 1, '23407_3');
INSERT INTO `collection` (id, serial, cardId) VALUES ('23407', 2, '23407_4');
INSERT INTO `collection` (id, serial, cardId) VALUES ('23407', 3, '23407_5');
INSERT INTO `collection` (id, serial, cardId) VALUES ('23407', 4, '23407_6');
INSERT INTO `collection` (id, serial, cardId) VALUES ('23407', 5, '23407_7');
INSERT INTO `collection` (id, serial, cardId) VALUES ('23407', 6, '23407_8');
INSERT INTO `collection` (id, serial, cardId) VALUES ('23407', 7, '23407_9');
INSERT INTO `collection` (id, serial, cardId) VALUES ('23407', 8, '23407_10');
INSERT INTO `collection` (id, serial, cardId) VALUES ('23407', 9, '23407_11');
INSERT INTO `collection` (id, serial, cardId) VALUES ('23407', 10, '23407_12');
INSERT INTO `collection` (id, serial, cardId) VALUES ('23407', 11, '23407_13');
INSERT INTO `collection` (id, serial, cardId) VALUES ('23407', 12, '23407_14');
INSERT INTO `collection` (id, serial, cardId) VALUES ('23407', 13, '23407_15');
INSERT INTO `collection` (id, serial, cardId) VALUES ('2758', 1, '2758_3');
INSERT INTO `collection` (id, serial, cardId) VALUES ('2758', 2, '2758_4');
INSERT INTO `collection` (id, serial, cardId) VALUES ('2758', 3, '2758_5');
INSERT INTO `collection` (id, serial, cardId) VALUES ('2758', 4, '2758_6');
INSERT INTO `collection` (id, serial, cardId) VALUES ('2758', 5, '2758_7');
INSERT INTO `collection` (id, serial, cardId) VALUES ('2758', 6, '2758_8');
INSERT INTO `collection` (id, serial, cardId) VALUES ('2758', 7, '2758_9');
INSERT INTO `collection` (id, serial, cardId) VALUES ('2758', 9, '2758_11');
INSERT INTO `collection` (id, serial, cardId) VALUES ('1970', 1, '1970_3');
INSERT INTO `collection` (id, serial, cardId) VALUES ('1970', 2, '1970_4');
INSERT INTO `collection` (id, serial, cardId) VALUES ('1970', 3, '1970_5');
INSERT INTO `collection` (id, serial, cardId) VALUES ('1970', 4, '1970_6');
INSERT INTO `collection` (id, serial, cardId) VALUES ('1970', 5, '1970_7');
INSERT INTO `collection` (id, serial, cardId) VALUES ('1970', 6, '1970_8');
INSERT INTO `collection` (id, serial, cardId) VALUES ('1970', 7, '1970_9');
INSERT INTO `collection` (id, serial, cardId) VALUES ('1970', 8, '1970_10');
INSERT INTO `collection` (id, serial, cardId) VALUES ('1970', 9, '1970_11');
INSERT INTO `collection` (id, serial, cardId) VALUES ('9479', 1, '9479_3');
INSERT INTO `collection` (id, serial, cardId) VALUES ('9479', 2, '9479_4');
INSERT INTO `collection` (id, serial, cardId) VALUES ('9479', 3, '9479_5');
INSERT INTO `collection` (id, serial, cardId) VALUES ('9479', 4, '9479_6');
INSERT INTO `collection` (id, serial, cardId) VALUES ('9479', 5, '9479_7');
INSERT INTO `collection` (id, serial, cardId) VALUES ('9479', 6, '9479_8');
INSERT INTO `collection` (id, serial, cardId) VALUES ('9479', 7, '9479_9');
INSERT INTO `collection` (id, serial, cardId) VALUES ('9479', 8, '9479_10');
INSERT INTO `collection` (id, serial, cardId) VALUES ('9479', 9, '9479_11');
INSERT INTO `collection` (id, serial, cardId) VALUES ('2505', 1, '2505_3');
INSERT INTO `collection` (id, serial, cardId) VALUES ('2505', 2, '2505_4');
INSERT INTO `collection` (id, serial, cardId) VALUES ('2505', 3, '2505_5');
INSERT INTO `collection` (id, serial, cardId) VALUES ('2505', 4, '2505_6');
INSERT INTO `collection` (id, serial, cardId) VALUES ('2505', 5, '2505_7');
INSERT INTO `collection` (id, serial, cardId) VALUES ('2505', 6, '2505_8');
INSERT INTO `collection` (id, serial, cardId) VALUES ('2505', 7, '2505_9');
INSERT INTO `collection` (id, serial, cardId) VALUES ('2505', 8, '2505_10');
INSERT INTO `collection` (id, serial, cardId) VALUES ('2505', 9, '2505_11');
INSERT INTO `collection` (id, serial, cardId) VALUES ('2505', 10, '2505_12');
INSERT INTO `collection` (id, serial, cardId) VALUES ('2505', 11, '2505_13');
INSERT INTO `collection` (id, serial, cardId) VALUES ('2505', 12, '2505_14');
INSERT INTO `collection` (id, serial, cardId) VALUES ('2505', 13, '2505_15');
INSERT INTO `collection` (id, serial, cardId) VALUES ('24746', 1, '24746_3');
INSERT INTO `collection` (id, serial, cardId) VALUES ('24746', 2, '24746_4');
INSERT INTO `collection` (id, serial, cardId) VALUES ('24746', 3, '24746_5');
INSERT INTO `collection` (id, serial, cardId) VALUES ('24746', 4, '24746_6');
INSERT INTO `collection` (id, serial, cardId) VALUES ('24746', 5, '24746_7');
INSERT INTO `collection` (id, serial, cardId) VALUES ('24746', 6, '24746_8');
INSERT INTO `collection` (id, serial, cardId) VALUES ('24746', 7, '24746_9');
INSERT INTO `collection` (id, serial, cardId) VALUES ('24746', 8, '24746_10');
INSERT INTO `collection` (id, serial, cardId) VALUES ('24746', 9, '24746_11');
INSERT INTO `collection` (id, serial, cardId) VALUES ('24746', 10, '24746_12');
INSERT INTO `collection` (id, serial, cardId) VALUES ('24746', 11, '24746_13');
INSERT INTO `collection` (id, serial, cardId) VALUES ('24746', 12, '24746_14');
INSERT INTO `collection` (id, serial, cardId) VALUES ('24746', 13, '24746_15');
INSERT INTO `collection` (id, serial, cardId) VALUES ('14814', 1, '14814_3');
INSERT INTO `collection` (id, serial, cardId) VALUES ('14814', 2, '14814_4');
INSERT INTO `collection` (id, serial, cardId) VALUES ('14814', 3, '14814_5');
INSERT INTO `collection` (id, serial, cardId) VALUES ('14814', 4, '14814_6');
INSERT INTO `collection` (id, serial, cardId) VALUES ('14814', 5, '14814_7');
INSERT INTO `collection` (id, serial, cardId) VALUES ('14814', 6, '14814_8');
INSERT INTO `collection` (id, serial, cardId) VALUES ('14814', 7, '14814_9');
INSERT INTO `collection` (id, serial, cardId) VALUES ('14814', 8, '14814_10');
INSERT INTO `collection` (id, serial, cardId) VALUES ('14814', 9, '14814_11');
INSERT INTO `collection` (id, serial, cardId) VALUES ('22111', 1, '22111_3');
INSERT INTO `collection` (id, serial, cardId) VALUES ('22111', 2, '22111_4');
INSERT INTO `collection` (id, serial, cardId) VALUES ('22111', 3, '22111_5');
INSERT INTO `collection` (id, serial, cardId) VALUES ('22111', 4, '22111_6');
INSERT INTO `collection` (id, serial, cardId) VALUES ('22111', 5, '22111_7');
INSERT INTO `collection` (id, serial, cardId) VALUES ('22111', 6, '22111_8');
INSERT INTO `collection` (id, serial, cardId) VALUES ('22111', 7, '22111_9');
INSERT INTO `collection` (id, serial, cardId) VALUES ('22111', 8, '22111_10');
INSERT INTO `collection` (id, serial, cardId) VALUES ('22111', 9, '22111_11');
INSERT INTO `collection` (id, serial, cardId) VALUES ('22111', 10, '22111_12');
INSERT INTO `collection` (id, serial, cardId) VALUES ('22111', 11, '22111_13');
INSERT INTO `collection` (id, serial, cardId) VALUES ('22111', 12, '22111_14');
INSERT INTO `collection` (id, serial, cardId) VALUES ('22111', 13, '22111_15');
INSERT INTO `collection` (id, serial, cardId) VALUES ('22111', 14, '22111_16');
INSERT INTO `collection` (id, serial, cardId) VALUES ('22111', 15, '22111_17');
INSERT INTO `collection` (id, serial, cardId) VALUES ('22111', 16, '22111_18');
INSERT INTO `collection` (id, serial, cardId) VALUES ('22111', 17, '22111_19');
INSERT INTO `collection` (id, serial, cardId) VALUES ('story', 0, '24752');
INSERT INTO `collection` (id, serial, cardId) VALUES ('story', 1, '8074');
INSERT INTO `collection` (id, serial, cardId) VALUES ('story', 2, '15403');
INSERT INTO `collection` (id, serial, cardId) VALUES ('story', 3, '18218');
INSERT INTO `collection` (id, serial, cardId) VALUES ('story', 4, '12925');
INSERT INTO `collection` (id, serial, cardId) VALUES ('story', 5, '10555');
INSERT INTO `collection` (id, serial, cardId) VALUES ('story', 6, '19094');
INSERT INTO `collection` (id, serial, cardId) VALUES ('story', 7, '15862');
INSERT INTO `collection` (id, serial, cardId) VALUES ('story', 8, '22560');
INSERT INTO `collection` (id, serial, cardId) VALUES ('story', 9, '23908');
INSERT INTO `collection` (id, serial, cardId) VALUES ('story', 10, '1978');
INSERT INTO `collection` (id, serial, cardId) VALUES ('story', 11, '2234');
INSERT INTO `collection` (id, serial, cardId) VALUES ('story', 12, '22000');
INSERT INTO `collection` (id, serial, cardId) VALUES ('story', 13, '21995');
INSERT INTO `collection` (id, serial, cardId) VALUES ('story', 14, '22806');
INSERT INTO `collection` (id, serial, cardId) VALUES ('story', 15, '21817');
INSERT INTO `collection` (id, serial, cardId) VALUES ('story', 16, '24734');
INSERT INTO `collection` (id, serial, cardId) VALUES ('story', 17, '30269');
INSERT INTO `collection` (id, serial, cardId) VALUES ('story', 18, '31354');
INSERT INTO `collection` (id, serial, cardId) VALUES ('story', 19, '21143');
INSERT INTO `collection` (id, serial, cardId) VALUES ('story', 20, '2830');
INSERT INTO `collection` (id, serial, cardId) VALUES ('story', 21, '2912');
INSERT INTO `collection` (id, serial, cardId) VALUES ('story', 22, '2526');
INSERT INTO `collection` (id, serial, cardId) VALUES ('story', 23, '12428');
INSERT INTO `collection` (id, serial, cardId) VALUES ('story', 24, '14419');
INSERT INTO `collection` (id, serial, cardId) VALUES ('story', 25, '21610');
INSERT INTO `collection` (id, serial, cardId) VALUES ('story', 26, '31503');
INSERT INTO `collection` (id, serial, cardId) VALUES ('story', 27, '19110');
INSERT INTO `collection` (id, serial, cardId) VALUES ('story', 28, '20431');
INSERT INTO `collection` (id, serial, cardId) VALUES ('story', 29, '12899');
INSERT INTO `collection` (id, serial, cardId) VALUES ('story', 30, '18417');
INSERT INTO `collection` (id, serial, cardId) VALUES ('story', 31, '22084');
INSERT INTO `collection` (id, serial, cardId) VALUES ('story', 32, '20434');
INSERT INTO `collection` (id, serial, cardId) VALUES ('story', 33, '22086');
INSERT INTO `collection` (id, serial, cardId) VALUES ('story', 34, '10680');
INSERT INTO `collection` (id, serial, cardId) VALUES ('story', 35, '21445');
INSERT INTO `collection` (id, serial, cardId) VALUES ('story', 36, '30807');
INSERT INTO `collection` (id, serial, cardId) VALUES ('story', 37, '30271');
INSERT INTO `collection` (id, serial, cardId) VALUES ('story', 38, '15612');
INSERT INTO `collection` (id, serial, cardId) VALUES ('story', 39, '21985');
INSERT INTO `collection` (id, serial, cardId) VALUES ('story', 40, '21998');
INSERT INTO `collection` (id, serial, cardId) VALUES ('story', 41, '15613');
INSERT INTO `collection` (id, serial, cardId) VALUES ('story', 42, '8698');
INSERT INTO `collection` (id, serial, cardId) VALUES ('story', 43, '19193');
INSERT INTO `collection` (id, serial, cardId) VALUES ('story', 44, '16199');
INSERT INTO `collection` (id, serial, cardId) VALUES ('story', 45, '9911');
INSERT INTO `collection` (id, serial, cardId) VALUES ('story', 46, '23107');
INSERT INTO `collection` (id, serial, cardId) VALUES ('story', 47, '17135');
INSERT INTO `collection` (id, serial, cardId) VALUES ('story', 48, '8040');
INSERT INTO `collection` (id, serial, cardId) VALUES ('story', 49, '19386');
INSERT INTO `collection` (id, serial, cardId) VALUES ('story', 50, '21838');
INSERT INTO `collection` (id, serial, cardId) VALUES ('story', 51, '12609');
INSERT INTO `collection` (id, serial, cardId) VALUES ('story', 52, '20439');
INSERT INTO `collection` (id, serial, cardId) VALUES ('story', 53, '20436');
INSERT INTO `collection` (id, serial, cardId) VALUES ('story', 54, '22557');
INSERT INTO `collection` (id, serial, cardId) VALUES ('story', 55, '16587');
INSERT INTO `collection` (id, serial, cardId) VALUES ('story', 56, '22081');
INSERT INTO `collection` (id, serial, cardId) VALUES ('story', 57, '22062');
INSERT INTO `collection` (id, serial, cardId) VALUES ('story', 58, '2632');
INSERT INTO `collection` (id, serial, cardId) VALUES ('story', 59, '22468');
INSERT INTO `collection` (id, serial, cardId) VALUES ('story', 60, '3127');
INSERT INTO `collection` (id, serial, cardId) VALUES ('story', 61, '13544');
INSERT INTO `collection` (id, serial, cardId) VALUES ('story', 62, '22567');
INSERT INTO `collection` (id, serial, cardId) VALUES ('story', 63, '23308');
INSERT INTO `collection` (id, serial, cardId) VALUES ('story', 64, '21841');
INSERT INTO `collection` (id, serial, cardId) VALUES ('story', 65, '20440');
INSERT INTO `collection` (id, serial, cardId) VALUES ('story', 66, '21140');
INSERT INTO `collection` (id, serial, cardId) VALUES ('story', 67, '23158');
INSERT INTO `collection` (id, serial, cardId) VALUES ('story', 68, '2209');
INSERT INTO `collection` (id, serial, cardId) VALUES ('story', 69, '20022');
INSERT INTO `collection` (id, serial, cardId) VALUES ('story', 70, '22004');
INSERT INTO `collection` (id, serial, cardId) VALUES ('story', 71, '24751');
INSERT INTO `collection` (id, serial, cardId) VALUES ('story', 72, '21863');
INSERT INTO `collection` (id, serial, cardId) VALUES ('story', 73, '23035');
INSERT INTO `collection` (id, serial, cardId) VALUES ('story', 74, '22536');
INSERT INTO `collection` (id, serial, cardId) VALUES ('story', 75, '21837');
INSERT INTO `collection` (id, serial, cardId) VALUES ('story', 76, '15934');
INSERT INTO `collection` (id, serial, cardId) VALUES ('story', 77, '21149');
INSERT INTO `collection` (id, serial, cardId) VALUES ('story', 78, '17534');
INSERT INTO `collection` (id, serial, cardId) VALUES ('story', 79, '17031');
INSERT INTO `collection` (id, serial, cardId) VALUES ('story', 80, '2069');
INSERT INTO `collection` (id, serial, cardId) VALUES ('story', 81, '22088');
INSERT INTO `collection` (id, serial, cardId) VALUES ('story', 82, '15938');
INSERT INTO `collection` (id, serial, cardId) VALUES ('story', 83, '8442');
INSERT INTO `collection` (id, serial, cardId) VALUES ('story', 84, '24473');
INSERT INTO `collection` (id, serial, cardId) VALUES ('story', 85, '21999');
INSERT INTO `collection` (id, serial, cardId) VALUES ('story', 86, '22080');
INSERT INTO `collection` (id, serial, cardId) VALUES ('story', 87, '12670');
INSERT INTO `collection` (id, serial, cardId) VALUES ('story', 88, '19586');
INSERT INTO `collection` (id, serial, cardId) VALUES ('story', 89, '21075');
INSERT INTO `collection` (id, serial, cardId) VALUES ('story', 90, '18330');
INSERT INTO `collection` (id, serial, cardId) VALUES ('story', 91, '14412');
INSERT INTO `collection` (id, serial, cardId) VALUES ('story', 92, '2405');
INSERT INTO `collection` (id, serial, cardId) VALUES ('story', 93, '21126');
INSERT INTO `collection` (id, serial, cardId) VALUES ('story', 94, '12652');
INSERT INTO `collection` (id, serial, cardId) VALUES ('story', 95, '15746');
INSERT INTO `collection` (id, serial, cardId) VALUES ('story', 96, '12602');
INSERT INTO `collection` (id, serial, cardId) VALUES ('story', 97, '22087');
INSERT INTO `collection` (id, serial, cardId) VALUES ('story', 98, '21151');
INSERT INTO `collection` (id, serial, cardId) VALUES ('story', 99, '16742');
INSERT INTO `collection` (id, serial, cardId) VALUES ('story', 100, '16084');
INSERT INTO `collection` (id, serial, cardId) VALUES ('story', 101, '19404');
INSERT INTO `collection` (id, serial, cardId) VALUES ('story', 102, '22462');
INSERT INTO `collection` (id, serial, cardId) VALUES ('story', 103, '22582');
INSERT INTO `collection` (id, serial, cardId) VALUES ('story', 104, '19403');
INSERT INTO `collection` (id, serial, cardId) VALUES ('story', 105, '22043');
INSERT INTO `collection` (id, serial, cardId) VALUES ('story', 106, '3101');
INSERT INTO `collection` (id, serial, cardId) VALUES ('story', 107, '19877');
INSERT INTO `collection` (id, serial, cardId) VALUES ('story', 108, '21635');
INSERT INTO `collection` (id, serial, cardId) VALUES ('story', 109, '19401');
INSERT INTO `collection` (id, serial, cardId) VALUES ('story', 110, '15611');
INSERT INTO `collection` (id, serial, cardId) VALUES ('story', 111, '7868');
INSERT INTO `collection` (id, serial, cardId) VALUES ('story', 112, '22059');
INSERT INTO `collection` (id, serial, cardId) VALUES ('story', 113, '23851');
INSERT INTO `collection` (id, serial, cardId) VALUES ('story', 114, '21124');
INSERT INTO `collection` (id, serial, cardId) VALUES ('story', 115, '7881');
INSERT INTO `collection` (id, serial, cardId) VALUES ('story', 116, '7865');
INSERT INTO `collection` (id, serial, cardId) VALUES ('story', 117, '22085');
INSERT INTO `collection` (id, serial, cardId) VALUES ('story', 118, '24750');
INSERT INTO `collection` (id, serial, cardId) VALUES ('story', 119, '10152');
INSERT INTO `collection` (id, serial, cardId) VALUES ('story', 120, '22469');
INSERT INTO `collection` (id, serial, cardId) VALUES ('story', 121, '7871');
INSERT INTO `collection` (id, serial, cardId) VALUES ('story', 122, '22082');
INSERT INTO `collection` (id, serial, cardId) VALUES ('story', 123, '3140');
INSERT INTO `collection` (id, serial, cardId) VALUES ('story', 124, '22079');
INSERT INTO `collection` (id, serial, cardId) VALUES ('story', 125, '7860');
INSERT INTO `collection` (id, serial, cardId) VALUES ('story', 126, '2530');
INSERT INTO `collection` (id, serial, cardId) VALUES ('story', 127, '13026');
INSERT INTO `collection` (id, serial, cardId) VALUES ('story', 128, '24771');
INSERT INTO `collection` (id, serial, cardId) VALUES ('story', 129, '18419');
INSERT INTO `collection` (id, serial, cardId) VALUES ('story', 130, '2994');
INSERT INTO `collection` (id, serial, cardId) VALUES ('story', 131, '13309');
INSERT INTO `collection` (id, serial, cardId) VALUES ('story', 132, '15861');
INSERT INTO `collection` (id, serial, cardId) VALUES ('story', 133, '23300');
INSERT INTO `collection` (id, serial, cardId) VALUES ('story', 134, '15865');
INSERT INTO `collection` (id, serial, cardId) VALUES ('story', 135, '12915');
INSERT INTO `collection` (id, serial, cardId) VALUES ('story', 136, '14812');
INSERT INTO `collection` (id, serial, cardId) VALUES ('story', 137, '24769');
INSERT INTO `collection` (id, serial, cardId) VALUES ('story', 138, '12689');
INSERT INTO `collection` (id, serial, cardId) VALUES ('story', 139, '2340');
INSERT INTO `collection` (id, serial, cardId) VALUES ('story', 140, '22352');
INSERT INTO `collection` (id, serial, cardId) VALUES ('story', 141, '12600');
INSERT INTO `collection` (id, serial, cardId) VALUES ('story', 142, '15609');
INSERT INTO `collection` (id, serial, cardId) VALUES ('story', 143, '10166');
INSERT INTO `collection` (id, serial, cardId) VALUES ('story', 144, '22068');
INSERT INTO `collection` (id, serial, cardId) VALUES ('story', 145, '1176');
INSERT INTO `collection` (id, serial, cardId) VALUES ('story', 146, '19600');
INSERT INTO `collection` (id, serial, cardId) VALUES ('story', 147, '19400');
INSERT INTO `collection` (id, serial, cardId) VALUES ('story', 148, '2229');
INSERT INTO `collection` (id, serial, cardId) VALUES ('story', 149, '31282');
INSERT INTO `collection` (id, serial, cardId) VALUES ('story', 150, '12632');
INSERT INTO `collection` (id, serial, cardId) VALUES ('story', 151, '22061');
INSERT INTO `collection` (id, serial, cardId) VALUES ('story', 152, '15863');
INSERT INTO `collection` (id, serial, cardId) VALUES ('story', 153, '7874');
INSERT INTO `collection` (id, serial, cardId) VALUES ('story', 154, '22049');
INSERT INTO `collection` (id, serial, cardId) VALUES ('story', 155, '23747');
INSERT INTO `collection` (id, serial, cardId) VALUES ('story', 156, '22750');
INSERT INTO `collection` (id, serial, cardId) VALUES ('story', 157, '21747');
INSERT INTO `collection` (id, serial, cardId) VALUES ('story', 158, '2344');
INSERT INTO `collection` (id, serial, cardId) VALUES ('story', 159, '15942');
INSERT INTO `collection` (id, serial, cardId) VALUES ('story', 160, '7877');
INSERT INTO `collection` (id, serial, cardId) VALUES ('story', 161, '9684');
INSERT INTO `collection` (id, serial, cardId) VALUES ('story', 162, '15616');
INSERT INTO `collection` (id, serial, cardId) VALUES ('story', 163, '9480');
INSERT INTO `collection` (id, serial, cardId) VALUES ('story', 164, '21621');
INSERT INTO `collection` (id, serial, cardId) VALUES ('story', 165, '12687');
INSERT INTO `collection` (id, serial, cardId) VALUES ('story', 166, '15712');
INSERT INTO `collection` (id, serial, cardId) VALUES ('story', 167, '24042');
INSERT INTO `collection` (id, serial, cardId) VALUES ('story', 168, '3003');
INSERT INTO `collection` (id, serial, cardId) VALUES ('story', 169, '22531');
INSERT INTO `collection` (id, serial, cardId) VALUES ('story', 170, '21141');
INSERT INTO `collection` (id, serial, cardId) VALUES ('story', 171, '12653');
INSERT INTO `collection` (id, serial, cardId) VALUES ('story', 172, '20433');
INSERT INTO `collection` (id, serial, cardId) VALUES ('story', 173, '21842');
INSERT INTO `collection` (id, serial, cardId) VALUES ('story', 174, '9529');
INSERT INTO `collection` (id, serial, cardId) VALUES ('story', 175, '21836');
INSERT INTO `collection` (id, serial, cardId) VALUES ('story', 176, '2106');
INSERT INTO `collection` (id, serial, cardId) VALUES ('story', 177, '31301');
INSERT INTO `collection` (id, serial, cardId) VALUES ('story', 178, '2878');
INSERT INTO `collection` (id, serial, cardId) VALUES ('story', 179, '3159');
INSERT INTO `collection` (id, serial, cardId) VALUES ('story', 180, '21994');
INSERT INTO `collection` (id, serial, cardId) VALUES ('story', 181, '2987');
INSERT INTO `collection` (id, serial, cardId) VALUES ('story', 182, '12692');
INSERT INTO `collection` (id, serial, cardId) VALUES ('story', 183, '21073');
INSERT INTO `collection` (id, serial, cardId) VALUES ('story', 184, '30270');
INSERT INTO `collection` (id, serial, cardId) VALUES ('story', 185, '23775');
INSERT INTO `collection` (id, serial, cardId) VALUES ('story', 186, '22530');
INSERT INTO `collection` (id, serial, cardId) VALUES ('story', 187, '8877');
INSERT INTO `collection` (id, serial, cardId) VALUES ('story', 188, '22065');
INSERT INTO `collection` (id, serial, cardId) VALUES ('story', 189, '19402');
INSERT INTO `collection` (id, serial, cardId) VALUES ('story', 190, '15558');
INSERT INTO `collection` (id, serial, cardId) VALUES ('story', 191, '22083');
INSERT INTO `collection` (id, serial, cardId) VALUES ('story', 192, '21127');
INSERT INTO `collection` (id, serial, cardId) VALUES ('story', 193, '31418');
INSERT INTO `collection` (id, serial, cardId) VALUES ('story', 194, '21809');
INSERT INTO `collection` (id, serial, cardId) VALUES ('story', 195, '29688');
INSERT INTO `collection` (id, serial, cardId) VALUES ('story', 196, '24422');
INSERT INTO `collection` (id, serial, cardId) VALUES ('story', 197, '9527');
INSERT INTO `collection` (id, serial, cardId) VALUES ('story', 198, '31547');
INSERT INTO `collection` (id, serial, cardId) VALUES ('story', 199, '6718');
INSERT INTO `collection` (id, serial, cardId) VALUES ('story', 200, '22078');
INSERT INTO `collection` (id, serial, cardId) VALUES ('story', 201, '10202');
INSERT INTO `collection` (id, serial, cardId) VALUES ('story', 202, '10442');
INSERT INTO `collection` (id, serial, cardId) VALUES ('story', 203, '2574');
INSERT INTO `collection` (id, serial, cardId) VALUES ('story', 204, '22747');
INSERT INTO `collection` (id, serial, cardId) VALUES ('story', 205, '8712');
INSERT INTO `collection` (id, serial, cardId) VALUES ('story', 206, '2197');
INSERT INTO `collection` (id, serial, cardId) VALUES ('story', 207, '2974');
INSERT INTO `collection` (id, serial, cardId) VALUES ('story', 208, '2397');
INSERT INTO `collection` (id, serial, cardId) VALUES ('story', 209, '23109');
INSERT INTO `collection` (id, serial, cardId) VALUES ('story', 210, '8707');
INSERT INTO `collection` (id, serial, cardId) VALUES ('story', 211, '15615');
INSERT INTO `collection` (id, serial, cardId) VALUES ('story', 212, '15032');
INSERT INTO `collection` (id, serial, cardId) VALUES ('story', 213, '8433');
INSERT INTO `collection` (id, serial, cardId) VALUES ('story', 214, '11139');
INSERT INTO `collection` (id, serial, cardId) VALUES ('story', 215, '21059');
INSERT INTO `collection` (id, serial, cardId) VALUES ('story', 216, '22002');
INSERT INTO `collection` (id, serial, cardId) VALUES ('story', 217, '20374');
INSERT INTO `collection` (id, serial, cardId) VALUES ('story', 218, '18342');
INSERT INTO `collection` (id, serial, cardId) VALUES ('story', 219, '8438');
INSERT INTO `collection` (id, serial, cardId) VALUES ('story', 220, '17533');
INSERT INTO `collection` (id, serial, cardId) VALUES ('story', 221, '21134');
INSERT INTO `collection` (id, serial, cardId) VALUES ('story', 222, '3083');
INSERT INTO `collection` (id, serial, cardId) VALUES ('story', 223, '13092');
INSERT INTO `collection` (id, serial, cardId) VALUES ('story', 224, '16197');
INSERT INTO `collection` (id, serial, cardId) VALUES ('story', 225, '21631');
INSERT INTO `collection` (id, serial, cardId) VALUES ('story', 226, '22003');
INSERT INTO `collection` (id, serial, cardId) VALUES ('story', 227, '8713');
INSERT INTO `collection` (id, serial, cardId) VALUES ('story', 228, '24748');
INSERT INTO `collection` (id, serial, cardId) VALUES ('story', 229, '23143');
INSERT INTO `collection` (id, serial, cardId) VALUES ('story', 230, '3914');
INSERT INTO `collection` (id, serial, cardId) VALUES ('story', 231, '13303');
INSERT INTO `collection` (id, serial, cardId) VALUES ('story', 232, '30267');
INSERT INTO `collection` (id, serial, cardId) VALUES ('story', 233, '23156');
INSERT INTO `collection` (id, serial, cardId) VALUES ('story', 234, '16210');
INSERT INTO `collection` (id, serial, cardId) VALUES ('story', 235, '15614');
INSERT INTO `collection` (id, serial, cardId) VALUES ('story', 236, '21138');
INSERT INTO `collection` (id, serial, cardId) VALUES ('story', 237, '23033');
INSERT INTO `collection` (id, serial, cardId) VALUES ('story', 238, '18344');
INSERT INTO `collection` (id, serial, cardId) VALUES ('story', 239, '15864');
INSERT INTO `collection` (id, serial, cardId) VALUES ('story', 240, '18345');
INSERT INTO `collection` (id, serial, cardId) VALUES ('story', 241, '22572');
INSERT INTO `collection` (id, serial, cardId) VALUES ('story', 242, '23751');
INSERT INTO `collection` (id, serial, cardId) VALUES ('story', 243, '17937');
INSERT INTO `collection` (id, serial, cardId) VALUES ('story', 244, '21816');
INSERT INTO `collection` (id, serial, cardId) VALUES ('story', 245, '8690');
INSERT INTO `collection` (id, serial, cardId) VALUES ('story', 246, '29975');
INSERT INTO `collection` (id, serial, cardId) VALUES ('story', 247, '22067');
INSERT INTO `collection` (id, serial, cardId) VALUES ('story', 248, '2611');
INSERT INTO `collection` (id, serial, cardId) VALUES ('story', 249, '10440');
INSERT INTO `collection` (id, serial, cardId) VALUES ('story', 250, '3135');
INSERT INTO `collection` (id, serial, cardId) VALUES ('story', 251, '5314');
INSERT INTO `collection` (id, serial, cardId) VALUES ('story', 252, '22637');
INSERT INTO `collection` (id, serial, cardId) VALUES ('story', 253, '22533');
INSERT INTO `collection` (id, serial, cardId) VALUES ('story', 254, '19384');
INSERT INTO `collection` (id, serial, cardId) VALUES ('story', 255, '9681');
INSERT INTO `collection` (id, serial, cardId) VALUES ('story', 256, '21074');
INSERT INTO `collection` (id, serial, cardId) VALUES ('story', 257, '21130');
INSERT INTO `collection` (id, serial, cardId) VALUES ('story', 258, '23407');
INSERT INTO `collection` (id, serial, cardId) VALUES ('story', 259, '2758');
INSERT INTO `collection` (id, serial, cardId) VALUES ('story', 260, '1970');
INSERT INTO `collection` (id, serial, cardId) VALUES ('story', 261, '9479');
INSERT INTO `collection` (id, serial, cardId) VALUES ('story', 262, '2505');
INSERT INTO `collection` (id, serial, cardId) VALUES ('story', 263, '24746');
INSERT INTO `collection` (id, serial, cardId) VALUES ('story', 264, '14814');
INSERT INTO `collection` (id, serial, cardId) VALUES ('story', 265, '22111');
