INSERT INTO `card` (id, type, title, header, content, option) VALUES ('Auto rickshaw', 2, 'Auto rikshaw', 'assets/topic/Auto.svg', 'A riksha or rickshaw is a kind of vehicle that has two wheels. They were usually pulled by a man. 
Now, these rickshaws can be pulled by a bicycle or motor.', 'FFB3C8FF');
INSERT INTO `card` (id, type, title, header, content, option) VALUES ('Auto rickshaw_3', 1, 'Draw a rickshaw.', 'assets/topic/road_bg.svg', 'Draw a rickshaw and paint it.', NULL);
INSERT INTO `cardExtra` (cardId, type, serial, content) VALUES ('Auto rickshaw_3', 2, 1, 'assets/topic/road_bg.svg');
INSERT INTO `card` (id, type, title, header, content, option) VALUES ('Auto rickshaw_5', 1, 'Take a picture of an auto rickshaw.', 'assets/topic/forest_bg.svg', 'Take a picture of an auto rickshaw and decorate it.', NULL);
INSERT INTO `cardExtra` (cardId, type, serial, content) VALUES ('Auto rickshaw_5', 2, 1, 'assets/topic/forest_bg.svg');
INSERT INTO `card` (id, type, title, header, content, option) VALUES ('Auto rickshaw_7', 1, 'Make an auto rickshaw horn sound', 'assets/topic/mountain_bg.svg', 'Make the sound of an auto rickshaw horn and record it.', NULL);
INSERT INTO `cardExtra` (cardId, type, serial, content) VALUES ('Auto rickshaw_7', 2, 1, 'assets/topic/mountain_bg.svg');
INSERT INTO `card` (id, type, title, header, content, option) VALUES ('Tractor', 2, 'Tractor', 'assets/topic/tractor.svg', 'A tractor is a strong work vehicle used for farming. It usually has one seat for the driver. Tractors can be used to pull many different tools or trailers.', 'FF9DEDE3');
INSERT INTO `card` (id, type, title, header, content, option) VALUES ('Tractor_3', 1, 'Draw a tractor', 'assets/topic/farm_bg.svg', 'Draw and paint a tractor.', NULL);
INSERT INTO `cardExtra` (cardId, type, serial, content) VALUES ('Tractor_3', 2, 1, 'assets/topic/farm_bg.svg');
INSERT INTO `card` (id, type, title, header, content, option) VALUES ('Tractor_5', 1, 'Take a picture', 'assets/topic/forest_bg.svg', 'Take picture of a tractor and decorate it.', NULL);
INSERT INTO `cardExtra` (cardId, type, serial, content) VALUES ('Tractor_5', 2, 1, 'assets/topic/forest_bg.svg');
INSERT INTO `card` (id, type, title, header, content, option) VALUES ('Boat', 2, 'Boat', 'assets/topic/boat.svg', 'Can you ever imagine travelling over water? Yes, its possible by water vehicle which can easily be balanced on water. Boats come in large range of types and sizes.', 'FFB3C8FF');
INSERT INTO `card` (id, type, title, header, content, option) VALUES ('Boat_3', 1, 'Draw a boat', 'assets/topic/water_bg.svg', 'Draw a boat and paint it.', NULL);
INSERT INTO `cardExtra` (cardId, type, serial, content) VALUES ('Boat_3', 2, 1, 'assets/topic/water_bg.svg');
INSERT INTO `card` (id, type, title, header, content, option) VALUES ('Boat_5', 1, 'Take a picture of boat', 'assets/topic/water_bg.svg', 'Take a picture of boat and decorate it.', NULL);
INSERT INTO `cardExtra` (cardId, type, serial, content) VALUES ('Boat_5', 2, 1, 'assets/topic/water_bg.svg');
INSERT INTO `card` (id, type, title, header, content, option) VALUES ('Boat_7', 1, 'Draw a life jacket', 'assets/topic/water_bg.svg', 'Draw a man wearing life jacket.', NULL);
INSERT INTO `cardExtra` (cardId, type, serial, content) VALUES ('Boat_7', 2, 1, 'assets/topic/water_bg.svg');
INSERT INTO `card` (id, type, title, header, content, option) VALUES ('Airplane', 2, 'Airplane', 'assets/topic/plane.svg', 'Have you ever seen anything moving in air with two giant wings? It looks similar to a bird but not a bird. Yes, you have guessed it right. It is an airplane. Being the fastest means of transport, airplane is a common view in the sky quiet often.', 'FFF4E1B5');
INSERT INTO `card` (id, type, title, header, content, option) VALUES ('Airplane_3', 1, 'Draw an airplane', 'assets/topic/sky_bg.svg', 'Draw an airplane and paint it.', NULL);
INSERT INTO `cardExtra` (cardId, type, serial, content) VALUES ('Airplane_3', 2, 1, 'assets/topic/sky_bg.svg');
INSERT INTO `card` (id, type, title, header, content, option) VALUES ('Airplane_5', 1, 'Take a picture', 'assets/topic/no_bg.svg', 'Take a picture of an airplane from gallery and decorate it.', NULL);
INSERT INTO `cardExtra` (cardId, type, serial, content) VALUES ('Airplane_5', 2, 1, 'assets/topic/no_bg.svg');
INSERT INTO `card` (id, type, title, header, content, option) VALUES ('Airplane_7', 1, 'Add the parts of an airplane', 'assets/topic/plane_wings.svg', 'Add wings to the airplane', NULL);
INSERT INTO `cardExtra` (cardId, type, serial, content) VALUES ('Airplane_7', 2, 1, 'assets/topic/plane_wings.svg');
INSERT INTO `card` (id, type, title, header, content, option) VALUES ('Train', 2, 'Train', 'assets/topic/train.svg', 'Who is not aware of a train? Everyone knows but, today we will learn some interesting facts about the train. Basically a train is a set of vehicles connected to each other which moves on a railway track. The vehicles in a set are called as cars or wagons.', 'FFCFB5DD');
INSERT INTO `card` (id, type, title, header, content, option) VALUES ('Train_3', 1, 'Train horn', 'assets/topic/track.svg', 'Make the running and horn sound of a train and record it.', NULL);
INSERT INTO `cardExtra` (cardId, type, serial, content) VALUES ('Train_3', 2, 1, 'assets/topic/track.svg');
INSERT INTO `card` (id, type, title, header, content, option) VALUES ('Train_5', 1, 'My perfect Train', 'assets/topic/track_mountain.svg', 'Join different wagons to the engine and make a perfect train.', NULL);
INSERT INTO `cardExtra` (cardId, type, serial, content) VALUES ('Train_5', 2, 1, 'assets/topic/track_mountain.svg');
INSERT INTO `card` (id, type, title, header, content, option) VALUES ('Train_7', 1, 'Colourful Train', 'assets/topic/track_mountain.svg', 'Paint the train with diferent colours and decorate using different stickers.', NULL);
INSERT INTO `cardExtra` (cardId, type, serial, content) VALUES ('Train_7', 2, 1, 'assets/topic/track_mountain.svg');
INSERT INTO `card` (id, type, title, header, content, option) VALUES ('Trucks', 2, 'Truck', 'assets/topic/lorry.svg', 'Who hasn''t seen this vehicle in the picture? It''s a truck. A truck is a vehicle used to transport goods from one place to another place. It can be a short distance or long distance transport. And these trucks are usually powered by diesel fuel.', 'FF9DEDE3');
INSERT INTO `card` (id, type, title, header, content, option) VALUES ('Trucks_3', 1, 'I can draw a truck', 'assets/topic/road_bg.svg', 'Draw a truck using the drawing tools.', NULL);
INSERT INTO `cardExtra` (cardId, type, serial, content) VALUES ('Trucks_3', 2, 1, 'assets/topic/road_bg.svg');
INSERT INTO `card` (id, type, title, header, content, option) VALUES ('Trucks_5', 1, 'Add parts of the truck', 'assets/topic/truck_tire.svg', 'Add tiers to truck', NULL);
INSERT INTO `cardExtra` (cardId, type, serial, content) VALUES ('Trucks_5', 2, 1, 'assets/topic/truck_tire.svg');
INSERT INTO `card` (id, type, title, header, content, option) VALUES ('Trucks_7', 1, 'Loaded Truck', 'assets/topic/mountain_bg.svg', 'Load the truck with any of these stones,mud or sand.', NULL);
INSERT INTO `cardExtra` (cardId, type, serial, content) VALUES ('Trucks_7', 2, 1, 'assets/topic/mountain_bg.svg');
INSERT INTO `card` (id, type, title, header, content, option) VALUES ('Trucks_9', 1, 'Road train', 'assets/topic/farm_bg.svg', 'Make a road train by adding trailers.', NULL);
INSERT INTO `cardExtra` (cardId, type, serial, content) VALUES ('Trucks_9', 2, 1, 'assets/topic/farm_bg.svg');
INSERT INTO `card` (id, type, title, header, content, option) VALUES ('Trucks_11', 1, 'Take a picture', 'assets/topic/forest_bg.svg', 'Take picture of the truck and decorate it', NULL);
INSERT INTO `cardExtra` (cardId, type, serial, content) VALUES ('Trucks_11', 2, 1, 'assets/topic/forest_bg.svg');
INSERT INTO `card` (id, type, title, header, content, option) VALUES ('Bicycle', 2, 'Bicycle', 'assets/topic/cycle.svg', 'Who dont know what a bicycle is ? This is everyones favourite. And, today we are going to learn some basic and interesting facts about a bicycle.', 'FFF4E1B5');
INSERT INTO `card` (id, type, title, header, content, option) VALUES ('Bicycle_3', 1, 'Cycle horn', 'assets/topic/mountain_bg.svg', 'Make a sound of the cycle horn and record it.', NULL);
INSERT INTO `cardExtra` (cardId, type, serial, content) VALUES ('Bicycle_3', 2, 1, 'assets/topic/mountain_bg.svg');
INSERT INTO `card` (id, type, title, header, content, option) VALUES ('Bicycle_5', 1, 'Colouring Fun', 'assets/topic/road_bg.svg', 'Draw a cycle and color it.', NULL);
INSERT INTO `cardExtra` (cardId, type, serial, content) VALUES ('Bicycle_5', 2, 1, 'assets/topic/road_bg.svg');
INSERT INTO `card` (id, type, title, header, content, option) VALUES ('Bicycle_7', 1, 'Picture of cycle', 'assets/topic/forest_bg.svg', 'Click a picture of a cycle and decorate it.', NULL);
INSERT INTO `cardExtra` (cardId, type, serial, content) VALUES ('Bicycle_7', 2, 1, 'assets/topic/forest_bg.svg');
INSERT INTO `card` (id, type, title, header, content, option) VALUES ('Car', 2, 'Car', 'assets/topic/car.svg', 'A car is a vehicle that has four wheels and carries small number of people. It can be used personally and also for public travelling from one place to another.', 'FFB3C8FF');
INSERT INTO `card` (id, type, title, header, content, option) VALUES ('Car_3', 1, 'I can a draw a car', 'assets/topic/forest_bg.svg', 'Draw a car using the drawing tools', NULL);
INSERT INTO `cardExtra` (cardId, type, serial, content) VALUES ('Car_3', 2, 1, 'assets/topic/forest_bg.svg');
INSERT INTO `card` (id, type, title, header, content, option) VALUES ('Car_5', 1, 'My Colourful Car', 'assets/topic/road_bg.svg', 'Paint the car using the colours of your choice', NULL);
INSERT INTO `cardExtra` (cardId, type, serial, content) VALUES ('Car_5', 2, 1, 'assets/topic/road_bg.svg');
INSERT INTO `card` (id, type, title, header, content, option) VALUES ('Car_7', 1, 'How loud is your car horn?', 'assets/topic/mountain_bg.svg', 'Make a car horn sound.', NULL);
INSERT INTO `cardExtra` (cardId, type, serial, content) VALUES ('Car_7', 2, 1, 'assets/topic/mountain_bg.svg');
INSERT INTO `card` (id, type, title, header, content, option) VALUES ('Bus', 2, 'Bus', 'assets/topic/bus.svg', 'A bus is a public transport that is used to commute from one place to another.  Bus is very convenient and safe way to travel.', 'FFB3C8FF');
INSERT INTO `card` (id, type, title, header, content, option) VALUES ('Bus_3', 1, 'I can a draw a bus', 'assets/topic/road_bg.svg', 'Draw a Bus.', NULL);
INSERT INTO `cardExtra` (cardId, type, serial, content) VALUES ('Bus_3', 2, 1, 'assets/topic/road_bg.svg');
INSERT INTO `card` (id, type, title, header, content, option) VALUES ('Bus_5', 1, 'Add parts of the bus', 'assets/topic/bus_tire.svg', 'Add tires to the bus.', NULL);
INSERT INTO `cardExtra` (cardId, type, serial, content) VALUES ('Bus_5', 2, 1, 'assets/topic/bus_tire.svg');
INSERT INTO `card` (id, type, title, header, content, option) VALUES ('Bus_7', 1, 'Paint', 'assets/topic/road_bg.svg', 'Paint the bus using three to four colours of your choice.', NULL);
INSERT INTO `cardExtra` (cardId, type, serial, content) VALUES ('Bus_7', 2, 1, 'assets/topic/road_bg.svg');
INSERT INTO `card` (id, type, title, header, content, option) VALUES ('Vehicles', 2, 'Vehicles', NULL, NULL, NULL);
INSERT INTO `collection` (id, serial, cardId) VALUES ('Auto rickshaw', 1, 'Auto rickshaw_3');
INSERT INTO `collection` (id, serial, cardId) VALUES ('Auto rickshaw', 2, 'Auto rickshaw_5');
INSERT INTO `collection` (id, serial, cardId) VALUES ('Auto rickshaw', 3, 'Auto rickshaw_7');
INSERT INTO `collection` (id, serial, cardId) VALUES ('Tractor', 1, 'Tractor_3');
INSERT INTO `collection` (id, serial, cardId) VALUES ('Tractor', 2, 'Tractor_5');
INSERT INTO `collection` (id, serial, cardId) VALUES ('Boat', 1, 'Boat_3');
INSERT INTO `collection` (id, serial, cardId) VALUES ('Boat', 2, 'Boat_5');
INSERT INTO `collection` (id, serial, cardId) VALUES ('Boat', 3, 'Boat_7');
INSERT INTO `collection` (id, serial, cardId) VALUES ('Airplane', 1, 'Airplane_3');
INSERT INTO `collection` (id, serial, cardId) VALUES ('Airplane', 2, 'Airplane_5');
INSERT INTO `collection` (id, serial, cardId) VALUES ('Airplane', 3, 'Airplane_7');
INSERT INTO `collection` (id, serial, cardId) VALUES ('Train', 1, 'Train_3');
INSERT INTO `collection` (id, serial, cardId) VALUES ('Train', 2, 'Train_5');
INSERT INTO `collection` (id, serial, cardId) VALUES ('Train', 3, 'Train_7');
INSERT INTO `collection` (id, serial, cardId) VALUES ('Trucks', 1, 'Trucks_3');
INSERT INTO `collection` (id, serial, cardId) VALUES ('Trucks', 2, 'Trucks_5');
INSERT INTO `collection` (id, serial, cardId) VALUES ('Trucks', 3, 'Trucks_7');
INSERT INTO `collection` (id, serial, cardId) VALUES ('Trucks', 4, 'Trucks_9');
INSERT INTO `collection` (id, serial, cardId) VALUES ('Trucks', 5, 'Trucks_11');
INSERT INTO `collection` (id, serial, cardId) VALUES ('Bicycle', 1, 'Bicycle_3');
INSERT INTO `collection` (id, serial, cardId) VALUES ('Bicycle', 2, 'Bicycle_5');
INSERT INTO `collection` (id, serial, cardId) VALUES ('Bicycle', 3, 'Bicycle_7');
INSERT INTO `collection` (id, serial, cardId) VALUES ('Car', 1, 'Car_3');
INSERT INTO `collection` (id, serial, cardId) VALUES ('Car', 2, 'Car_5');
INSERT INTO `collection` (id, serial, cardId) VALUES ('Car', 3, 'Car_7');
INSERT INTO `collection` (id, serial, cardId) VALUES ('Bus', 1, 'Bus_3');
INSERT INTO `collection` (id, serial, cardId) VALUES ('Bus', 2, 'Bus_5');
INSERT INTO `collection` (id, serial, cardId) VALUES ('Bus', 3, 'Bus_7');
INSERT INTO `collection` (id, serial, cardId) VALUES ('Vehicles', 0, 'Auto rickshaw');
INSERT INTO `collection` (id, serial, cardId) VALUES ('Vehicles', 1, 'Tractor');
INSERT INTO `collection` (id, serial, cardId) VALUES ('Vehicles', 2, 'Boat');
INSERT INTO `collection` (id, serial, cardId) VALUES ('Vehicles', 3, 'Airplane');
INSERT INTO `collection` (id, serial, cardId) VALUES ('Vehicles', 4, 'Train');
INSERT INTO `collection` (id, serial, cardId) VALUES ('Vehicles', 5, 'Trucks');
INSERT INTO `collection` (id, serial, cardId) VALUES ('Vehicles', 6, 'Bicycle');
INSERT INTO `collection` (id, serial, cardId) VALUES ('Vehicles', 7, 'Car');
INSERT INTO `collection` (id, serial, cardId) VALUES ('Vehicles', 8, 'Bus');
