INSERT INTO `card` (id, type, title, header, content, option) VALUES ('open_2', 0, 'What happens when it rains?', 'assets/topic/afvepicfails_fails?.gif', NULL, 'open');
INSERT INTO `cardExtra` (cardId, type, serial, content) VALUES ('open_2', 0, 1, 'Water on streets');
INSERT INTO `cardExtra` (cardId, type, serial, content) VALUES ('open_2', 0, 2, 'People get wet');
INSERT INTO `cardExtra` (cardId, type, serial, content) VALUES ('open_2', 0, 3, 'Umbrella fly');
INSERT INTO `cardExtra` (cardId, type, serial, content) VALUES ('open_2', 0, 4, 'Roads are slippery');
INSERT INTO `card` (id, type, title, header, content, option) VALUES ('open_7', 0, 'What do you see here?', 'assets/topic/babay_funny_cute_aa.gif', NULL, 'open');
INSERT INTO `cardExtra` (cardId, type, serial, content) VALUES ('open_7', 0, 1, 'Dancing');
INSERT INTO `cardExtra` (cardId, type, serial, content) VALUES ('open_7', 0, 2, 'Having fun');
INSERT INTO `cardExtra` (cardId, type, serial, content) VALUES ('open_7', 0, 3, 'People watching');
INSERT INTO `cardExtra` (cardId, type, serial, content) VALUES ('open_7', 0, 4, 'Celebrating');
INSERT INTO `card` (id, type, title, header, content, option) VALUES ('open_12', 0, 'Why do you excercise?', 'assets/topic/baby_pull_ups.gif', NULL, 'open');
INSERT INTO `cardExtra` (cardId, type, serial, content) VALUES ('open_12', 0, 1, 'To stay healthy');
INSERT INTO `cardExtra` (cardId, type, serial, content) VALUES ('open_12', 0, 2, 'Peaceful mind');
INSERT INTO `cardExtra` (cardId, type, serial, content) VALUES ('open_12', 0, 3, 'Build muscles');
INSERT INTO `cardExtra` (cardId, type, serial, content) VALUES ('open_12', 0, 4, 'Stay strong');
INSERT INTO `card` (id, type, title, header, content, option) VALUES ('open_17', 0, 'What do you see here?', 'assets/topic/baby_swiming.gif', NULL, 'open');
INSERT INTO `cardExtra` (cardId, type, serial, content) VALUES ('open_17', 0, 1, 'Playing');
INSERT INTO `cardExtra` (cardId, type, serial, content) VALUES ('open_17', 0, 2, 'Swimming');
INSERT INTO `cardExtra` (cardId, type, serial, content) VALUES ('open_17', 0, 3, 'Enjoying');
INSERT INTO `cardExtra` (cardId, type, serial, content) VALUES ('open_17', 0, 4, 'Bubbles');
INSERT INTO `card` (id, type, title, header, content, option) VALUES ('open_22', 0, 'What do you do when you are tired?', 'assets/topic/baby_tired_sleep?.gif', NULL, 'open');
INSERT INTO `cardExtra` (cardId, type, serial, content) VALUES ('open_22', 0, 1, 'Take rest');
INSERT INTO `cardExtra` (cardId, type, serial, content) VALUES ('open_22', 0, 2, 'Lay down');
INSERT INTO `cardExtra` (cardId, type, serial, content) VALUES ('open_22', 0, 3, 'Sleep');
INSERT INTO `cardExtra` (cardId, type, serial, content) VALUES ('open_22', 0, 4, 'Close eyes');
INSERT INTO `card` (id, type, title, header, content, option) VALUES ('open_27', 0, 'What do you do with a ball?', 'assets/topic/ball.gif', NULL, 'open');
INSERT INTO `cardExtra` (cardId, type, serial, content) VALUES ('open_27', 0, 1, 'Play');
INSERT INTO `cardExtra` (cardId, type, serial, content) VALUES ('open_27', 0, 2, 'Throw');
INSERT INTO `cardExtra` (cardId, type, serial, content) VALUES ('open_27', 0, 3, 'Games');
INSERT INTO `cardExtra` (cardId, type, serial, content) VALUES ('open_27', 0, 4, 'Having fun');
INSERT INTO `card` (id, type, title, header, content, option) VALUES ('open_32', 0, 'Why eat fruits?', 'assets/topic/banan_happy_kid.gif', NULL, 'open');
INSERT INTO `cardExtra` (cardId, type, serial, content) VALUES ('open_32', 0, 1, 'They are healthy');
INSERT INTO `cardExtra` (cardId, type, serial, content) VALUES ('open_32', 0, 2, 'They are colorful');
INSERT INTO `cardExtra` (cardId, type, serial, content) VALUES ('open_32', 0, 3, 'They taste good');
INSERT INTO `cardExtra` (cardId, type, serial, content) VALUES ('open_32', 0, 4, 'They make you strong');
INSERT INTO `card` (id, type, title, header, content, option) VALUES ('open_37', 0, 'Why play sports?', 'assets/topic/basket.gif', NULL, 'open');
INSERT INTO `cardExtra` (cardId, type, serial, content) VALUES ('open_37', 0, 1, 'It is healthy');
INSERT INTO `cardExtra` (cardId, type, serial, content) VALUES ('open_37', 0, 2, 'It is fun');
INSERT INTO `cardExtra` (cardId, type, serial, content) VALUES ('open_37', 0, 3, 'To play with your friends');
INSERT INTO `cardExtra` (cardId, type, serial, content) VALUES ('open_37', 0, 4, 'You like Jumping');
INSERT INTO `card` (id, type, title, header, content, option) VALUES ('open_42', 0, 'How do you celebrate your Birthday?', 'assets/topic/birthday_celebration.gif', NULL, 'open');
INSERT INTO `cardExtra` (cardId, type, serial, content) VALUES ('open_42', 0, 1, 'Drink cold drink');
INSERT INTO `cardExtra` (cardId, type, serial, content) VALUES ('open_42', 0, 2, 'Enjoy with your friends');
INSERT INTO `cardExtra` (cardId, type, serial, content) VALUES ('open_42', 0, 3, 'Cut cake');
INSERT INTO `cardExtra` (cardId, type, serial, content) VALUES ('open_42', 0, 4, 'Games');
INSERT INTO `card` (id, type, title, header, content, option) VALUES ('open_47', 0, 'Why are dogs good pets?', 'assets/topic/birthday_dog.gif', NULL, 'open');
INSERT INTO `cardExtra` (cardId, type, serial, content) VALUES ('open_47', 0, 1, 'They are loyal');
INSERT INTO `cardExtra` (cardId, type, serial, content) VALUES ('open_47', 0, 2, 'They are intelligent');
INSERT INTO `cardExtra` (cardId, type, serial, content) VALUES ('open_47', 0, 3, 'They are fun');
INSERT INTO `cardExtra` (cardId, type, serial, content) VALUES ('open_47', 0, 4, 'They play with you');
INSERT INTO `card` (id, type, title, header, content, option) VALUES ('open_52', 0, 'Why do you like cats?', 'assets/topic/bithday_cat.gif', NULL, 'open');
INSERT INTO `cardExtra` (cardId, type, serial, content) VALUES ('open_52', 0, 1, 'They are fun');
INSERT INTO `cardExtra` (cardId, type, serial, content) VALUES ('open_52', 0, 2, 'They play games');
INSERT INTO `cardExtra` (cardId, type, serial, content) VALUES ('open_52', 0, 3, 'They like food');
INSERT INTO `cardExtra` (cardId, type, serial, content) VALUES ('open_52', 0, 4, 'They can be your friend');
INSERT INTO `card` (id, type, title, header, content, option) VALUES ('open_57', 0, 'What is this?', 'assets/topic/bloomers.gif', NULL, 'open');
INSERT INTO `cardExtra` (cardId, type, serial, content) VALUES ('open_57', 0, 1, 'Flower');
INSERT INTO `cardExtra` (cardId, type, serial, content) VALUES ('open_57', 0, 2, 'Colorful');
INSERT INTO `cardExtra` (cardId, type, serial, content) VALUES ('open_57', 0, 3, 'Beautiful');
INSERT INTO `cardExtra` (cardId, type, serial, content) VALUES ('open_57', 0, 4, 'Plants');
INSERT INTO `card` (id, type, title, header, content, option) VALUES ('open_62', 0, 'What do chicken do?', 'assets/topic/blue_chicken_wearing.gif', NULL, 'open');
INSERT INTO `cardExtra` (cardId, type, serial, content) VALUES ('open_62', 0, 1, 'We get eggs');
INSERT INTO `cardExtra` (cardId, type, serial, content) VALUES ('open_62', 0, 2, 'We get meat');
INSERT INTO `cardExtra` (cardId, type, serial, content) VALUES ('open_62', 0, 3, 'They can''t fly');
INSERT INTO `cardExtra` (cardId, type, serial, content) VALUES ('open_62', 0, 4, 'They make noise');
INSERT INTO `card` (id, type, title, header, content, option) VALUES ('open_67', 0, 'Why do you read books?', 'assets/topic/book.gif', NULL, 'open');
INSERT INTO `cardExtra` (cardId, type, serial, content) VALUES ('open_67', 0, 1, 'Gain knowledge');
INSERT INTO `cardExtra` (cardId, type, serial, content) VALUES ('open_67', 0, 2, 'Interesting');
INSERT INTO `cardExtra` (cardId, type, serial, content) VALUES ('open_67', 0, 3, 'It is fun');
INSERT INTO `cardExtra` (cardId, type, serial, content) VALUES ('open_67', 0, 4, 'It''s enjoyable');
INSERT INTO `card` (id, type, title, header, content, option) VALUES ('open_72', 0, 'What do you see here?', 'assets/topic/bored_sleeping.gif', NULL, 'open');
INSERT INTO `cardExtra` (cardId, type, serial, content) VALUES ('open_72', 0, 1, 'People clapping');
INSERT INTO `cardExtra` (cardId, type, serial, content) VALUES ('open_72', 0, 2, 'Boy sleeping');
INSERT INTO `cardExtra` (cardId, type, serial, content) VALUES ('open_72', 0, 3, 'Sports');
INSERT INTO `cardExtra` (cardId, type, serial, content) VALUES ('open_72', 0, 4, 'Everyone is enjoying');
INSERT INTO `card` (id, type, title, header, content, option) VALUES ('open_77', 0, 'What do you see here?', 'assets/topic/camp_fire.gif', NULL, 'open');
INSERT INTO `cardExtra` (cardId, type, serial, content) VALUES ('open_77', 0, 1, 'Moutain');
INSERT INTO `cardExtra` (cardId, type, serial, content) VALUES ('open_77', 0, 2, 'Fire');
INSERT INTO `cardExtra` (cardId, type, serial, content) VALUES ('open_77', 0, 3, 'Water');
INSERT INTO `cardExtra` (cardId, type, serial, content) VALUES ('open_77', 0, 4, 'Beautiful scenary');
INSERT INTO `card` (id, type, title, header, content, option) VALUES ('open_82', 0, 'What can you do on roads?', 'assets/topic/car_drift.gif', NULL, 'open');
INSERT INTO `cardExtra` (cardId, type, serial, content) VALUES ('open_82', 0, 1, 'Drive your car');
INSERT INTO `cardExtra` (cardId, type, serial, content) VALUES ('open_82', 0, 2, 'Look at scenary');
INSERT INTO `cardExtra` (cardId, type, serial, content) VALUES ('open_82', 0, 3, 'Travel from one place to another');
INSERT INTO `cardExtra` (cardId, type, serial, content) VALUES ('open_82', 0, 4, 'Walk');
INSERT INTO `card` (id, type, title, header, content, option) VALUES ('open_87', 0, 'What do you see here?', 'assets/topic/car_funny.gif', NULL, 'open');
INSERT INTO `cardExtra` (cardId, type, serial, content) VALUES ('open_87', 0, 1, 'A dog');
INSERT INTO `cardExtra` (cardId, type, serial, content) VALUES ('open_87', 0, 2, 'A car');
INSERT INTO `cardExtra` (cardId, type, serial, content) VALUES ('open_87', 0, 3, 'Enjoying in a playground');
INSERT INTO `cardExtra` (cardId, type, serial, content) VALUES ('open_87', 0, 4, 'Racing');
INSERT INTO `card` (id, type, title, header, content, option) VALUES ('open_92', 0, 'What is the cat looking at?', 'assets/topic/cat_rain.gif', NULL, 'open');
INSERT INTO `cardExtra` (cardId, type, serial, content) VALUES ('open_92', 0, 1, 'Outside at the city');
INSERT INTO `cardExtra` (cardId, type, serial, content) VALUES ('open_92', 0, 2, 'It''s raining');
INSERT INTO `cardExtra` (cardId, type, serial, content) VALUES ('open_92', 0, 3, 'Wet streets and building');
INSERT INTO `cardExtra` (cardId, type, serial, content) VALUES ('open_92', 0, 4, 'The sky');
INSERT INTO `card` (id, type, title, header, content, option) VALUES ('open_97', 0, 'Why is the cat reading the book?', 'assets/topic/cat_reading_book.gif', NULL, 'open');
INSERT INTO `cardExtra` (cardId, type, serial, content) VALUES ('open_97', 0, 1, 'It makes you intelligent');
INSERT INTO `cardExtra` (cardId, type, serial, content) VALUES ('open_97', 0, 2, 'It''s fun to read');
INSERT INTO `cardExtra` (cardId, type, serial, content) VALUES ('open_97', 0, 3, 'It wants to go to school');
INSERT INTO `cardExtra` (cardId, type, serial, content) VALUES ('open_97', 0, 4, 'The cat is going to a war');
INSERT INTO `card` (id, type, title, header, content, option) VALUES ('open_102', 0, 'What do you see here?', 'assets/topic/chamelion.gif', NULL, 'open');
INSERT INTO `cardExtra` (cardId, type, serial, content) VALUES ('open_102', 0, 1, 'A statue');
INSERT INTO `cardExtra` (cardId, type, serial, content) VALUES ('open_102', 0, 2, 'Dinosaur');
INSERT INTO `cardExtra` (cardId, type, serial, content) VALUES ('open_102', 0, 3, 'Grass');
INSERT INTO `cardExtra` (cardId, type, serial, content) VALUES ('open_102', 0, 4, 'Jurassic Park');
INSERT INTO `card` (id, type, title, header, content, option) VALUES ('open_107', 0, 'Why did the cheetah kill the deer?', 'assets/topic/cheetah_hunting.gif', NULL, 'open');
INSERT INTO `cardExtra` (cardId, type, serial, content) VALUES ('open_107', 0, 1, 'It was hungry');
INSERT INTO `cardExtra` (cardId, type, serial, content) VALUES ('open_107', 0, 2, 'It likes hunting');
INSERT INTO `cardExtra` (cardId, type, serial, content) VALUES ('open_107', 0, 3, 'It doesn''t like deers');
INSERT INTO `cardExtra` (cardId, type, serial, content) VALUES ('open_107', 0, 4, 'It wants to feed its cubs');
INSERT INTO `card` (id, type, title, header, content, option) VALUES ('open_112', 0, 'What does the cheetah do?', 'assets/topic/cheetah_running.gif', NULL, 'open');
INSERT INTO `cardExtra` (cardId, type, serial, content) VALUES ('open_112', 0, 1, 'It likes running');
INSERT INTO `cardExtra` (cardId, type, serial, content) VALUES ('open_112', 0, 2, 'It''s hunting');
INSERT INTO `cardExtra` (cardId, type, serial, content) VALUES ('open_112', 0, 3, 'It chases prey');
INSERT INTO `cardExtra` (cardId, type, serial, content) VALUES ('open_112', 0, 4, 'Running away from others');
INSERT INTO `card` (id, type, title, header, content, option) VALUES ('open_117', 0, 'What are the children doing?', 'assets/topic/cheezburger_kids_karma.gif', NULL, 'open');
INSERT INTO `cardExtra` (cardId, type, serial, content) VALUES ('open_117', 0, 1, 'Playing');
INSERT INTO `cardExtra` (cardId, type, serial, content) VALUES ('open_117', 0, 2, 'Sitting on the bed');
INSERT INTO `cardExtra` (cardId, type, serial, content) VALUES ('open_117', 0, 3, 'Kicking');
INSERT INTO `cardExtra` (cardId, type, serial, content) VALUES ('open_117', 0, 4, 'Falling down');
INSERT INTO `card` (id, type, title, header, content, option) VALUES ('open_122', 0, 'What are they doing?', 'assets/topic/cheezburger_kids_waving.gif', NULL, 'open');
INSERT INTO `cardExtra` (cardId, type, serial, content) VALUES ('open_122', 0, 1, 'The girl is waving');
INSERT INTO `cardExtra` (cardId, type, serial, content) VALUES ('open_122', 0, 2, 'People on the escalator');
INSERT INTO `cardExtra` (cardId, type, serial, content) VALUES ('open_122', 0, 3, 'They are smiling');
INSERT INTO `cardExtra` (cardId, type, serial, content) VALUES ('open_122', 0, 4, 'Leaving');
INSERT INTO `card` (id, type, title, header, content, option) VALUES ('open_127', 0, 'What do you see?', 'assets/topic/chickens.gif', NULL, 'open');
INSERT INTO `cardExtra` (cardId, type, serial, content) VALUES ('open_127', 0, 1, 'Chickens jumping');
INSERT INTO `cardExtra` (cardId, type, serial, content) VALUES ('open_127', 0, 2, 'A lot of chickens');
INSERT INTO `cardExtra` (cardId, type, serial, content) VALUES ('open_127', 0, 3, 'Chickens can''t fly');
INSERT INTO `cardExtra` (cardId, type, serial, content) VALUES ('open_127', 0, 4, 'Man throwing food for them');
INSERT INTO `card` (id, type, title, header, content, option) VALUES ('open_132', 0, 'What do you do on your Birthday?', 'assets/topic/child_celebrating.gif', NULL, 'open');
INSERT INTO `cardExtra` (cardId, type, serial, content) VALUES ('open_132', 0, 1, 'Play games');
INSERT INTO `cardExtra` (cardId, type, serial, content) VALUES ('open_132', 0, 2, 'Cut Cake');
INSERT INTO `cardExtra` (cardId, type, serial, content) VALUES ('open_132', 0, 3, 'Ejoy with friends');
INSERT INTO `cardExtra` (cardId, type, serial, content) VALUES ('open_132', 0, 4, 'Make noise');
INSERT INTO `card` (id, type, title, header, content, option) VALUES ('open_137', 0, 'What is this animal doing?', 'assets/topic/chimp_housing.gif', NULL, 'open');
INSERT INTO `cardExtra` (cardId, type, serial, content) VALUES ('open_137', 0, 1, 'The Chimpanzee jumps');
INSERT INTO `cardExtra` (cardId, type, serial, content) VALUES ('open_137', 0, 2, 'It is playing with the boy');
INSERT INTO `cardExtra` (cardId, type, serial, content) VALUES ('open_137', 0, 3, 'The boys father is sleeping');
INSERT INTO `cardExtra` (cardId, type, serial, content) VALUES ('open_137', 0, 4, 'Rolling on the floor');
INSERT INTO `card` (id, type, title, header, content, option) VALUES ('open_142', 0, 'What is the Chimpanzee doing?', 'assets/topic/chimpanzee.gif', NULL, 'open');
INSERT INTO `cardExtra` (cardId, type, serial, content) VALUES ('open_142', 0, 1, 'Writing a book');
INSERT INTO `cardExtra` (cardId, type, serial, content) VALUES ('open_142', 0, 2, 'Writing letter');
INSERT INTO `cardExtra` (cardId, type, serial, content) VALUES ('open_142', 0, 3, 'Completing homework');
INSERT INTO `cardExtra` (cardId, type, serial, content) VALUES ('open_142', 0, 4, 'Writing assignment');
INSERT INTO `card` (id, type, title, header, content, option) VALUES ('open_147', 0, 'What is happening in this town?', 'assets/topic/city.gif', NULL, 'open');
INSERT INTO `cardExtra` (cardId, type, serial, content) VALUES ('open_147', 0, 1, 'Red bus on the road');
INSERT INTO `cardExtra` (cardId, type, serial, content) VALUES ('open_147', 0, 2, 'Cars plying');
INSERT INTO `cardExtra` (cardId, type, serial, content) VALUES ('open_147', 0, 3, 'Beautiful buidings');
INSERT INTO `cardExtra` (cardId, type, serial, content) VALUES ('open_147', 0, 4, 'Bright streetlights');
INSERT INTO `card` (id, type, title, header, content, option) VALUES ('open_152', 0, 'What do you see here?', 'assets/topic/clique_top_shelf.gif', NULL, 'open');
INSERT INTO `cardExtra` (cardId, type, serial, content) VALUES ('open_152', 0, 1, 'Man writing');
INSERT INTO `cardExtra` (cardId, type, serial, content) VALUES ('open_152', 0, 2, 'Beach');
INSERT INTO `cardExtra` (cardId, type, serial, content) VALUES ('open_152', 0, 3, 'Sitting on the chair');
INSERT INTO `cardExtra` (cardId, type, serial, content) VALUES ('open_152', 0, 4, 'Water');
INSERT INTO `card` (id, type, title, header, content, option) VALUES ('open_157', 0, 'What do you see here?', 'assets/topic/clouds.gif', NULL, 'open');
INSERT INTO `cardExtra` (cardId, type, serial, content) VALUES ('open_157', 0, 1, 'House');
INSERT INTO `cardExtra` (cardId, type, serial, content) VALUES ('open_157', 0, 2, 'Walls');
INSERT INTO `cardExtra` (cardId, type, serial, content) VALUES ('open_157', 0, 3, 'Clouds');
INSERT INTO `cardExtra` (cardId, type, serial, content) VALUES ('open_157', 0, 4, 'Windows');
INSERT INTO `card` (id, type, title, header, content, option) VALUES ('open_162', 0, 'What is this animal doing?', 'assets/topic/common_marmoset?.gif', NULL, 'open');
INSERT INTO `cardExtra` (cardId, type, serial, content) VALUES ('open_162', 0, 1, 'Sitting on the tree');
INSERT INTO `cardExtra` (cardId, type, serial, content) VALUES ('open_162', 0, 2, 'Resting');
INSERT INTO `cardExtra` (cardId, type, serial, content) VALUES ('open_162', 0, 3, 'searching food');
INSERT INTO `cardExtra` (cardId, type, serial, content) VALUES ('open_162', 0, 4, 'Green plants');
INSERT INTO `card` (id, type, title, header, content, option) VALUES ('open_167', 0, 'What do you see?', 'assets/topic/cow_grazing.gif', NULL, 'open');
INSERT INTO `cardExtra` (cardId, type, serial, content) VALUES ('open_167', 0, 1, 'Green grass');
INSERT INTO `cardExtra` (cardId, type, serial, content) VALUES ('open_167', 0, 2, 'Cow grazing');
INSERT INTO `cardExtra` (cardId, type, serial, content) VALUES ('open_167', 0, 3, 'Mountains');
INSERT INTO `cardExtra` (cardId, type, serial, content) VALUES ('open_167', 0, 4, 'Chewing');
INSERT INTO `card` (id, type, title, header, content, option) VALUES ('open_172', 0, 'What are the children doing?', 'assets/topic/cycle.gif', NULL, 'open');
INSERT INTO `cardExtra` (cardId, type, serial, content) VALUES ('open_172', 0, 1, 'The girl is riding her bicycle');
INSERT INTO `cardExtra` (cardId, type, serial, content) VALUES ('open_172', 0, 2, 'Mother and brother watching her');
INSERT INTO `cardExtra` (cardId, type, serial, content) VALUES ('open_172', 0, 3, 'There are white walls');
INSERT INTO `cardExtra` (cardId, type, serial, content) VALUES ('open_172', 0, 4, 'Parking the bicycle');
INSERT INTO `card` (id, type, title, header, content, option) VALUES ('open_177', 0, 'Why should you ride the bicycle?', 'assets/topic/cycle_kid.gif', NULL, 'open');
INSERT INTO `cardExtra` (cardId, type, serial, content) VALUES ('open_177', 0, 1, 'It is fun');
INSERT INTO `cardExtra` (cardId, type, serial, content) VALUES ('open_177', 0, 2, 'It is healthy');
INSERT INTO `cardExtra` (cardId, type, serial, content) VALUES ('open_177', 0, 3, 'You can ride in the nature');
INSERT INTO `cardExtra` (cardId, type, serial, content) VALUES ('open_177', 0, 4, 'Compete with your friends');
INSERT INTO `card` (id, type, title, header, content, option) VALUES ('open_182', 0, 'What do you see?', 'assets/topic/dad_daughter.gif', NULL, 'open');
INSERT INTO `cardExtra` (cardId, type, serial, content) VALUES ('open_182', 0, 1, 'Father and daughter dancing');
INSERT INTO `cardExtra` (cardId, type, serial, content) VALUES ('open_182', 0, 2, 'Pictures on the walls');
INSERT INTO `cardExtra` (cardId, type, serial, content) VALUES ('open_182', 0, 3, 'There is a cupboard');
INSERT INTO `cardExtra` (cardId, type, serial, content) VALUES ('open_182', 0, 4, 'You can jump on trampoline');
INSERT INTO `card` (id, type, title, header, content, option) VALUES ('open_187', 0, 'What is the child doing?', 'assets/topic/dancing_baby_adorable?.gif', NULL, 'open');
INSERT INTO `cardExtra` (cardId, type, serial, content) VALUES ('open_187', 0, 1, 'The child is dancing');
INSERT INTO `cardExtra` (cardId, type, serial, content) VALUES ('open_187', 0, 2, 'The child is enjoying');
INSERT INTO `cardExtra` (cardId, type, serial, content) VALUES ('open_187', 0, 3, 'The child is standing');
INSERT INTO `cardExtra` (cardId, type, serial, content) VALUES ('open_187', 0, 4, 'The child has a pacifier');
INSERT INTO `card` (id, type, title, header, content, option) VALUES ('open_192', 0, 'What are they doing?', 'assets/topic/dancing_kid_child.gif', NULL, 'open');
INSERT INTO `cardExtra` (cardId, type, serial, content) VALUES ('open_192', 0, 1, 'One child is dancing');
INSERT INTO `cardExtra` (cardId, type, serial, content) VALUES ('open_192', 0, 2, 'One of them is jumping');
INSERT INTO `cardExtra` (cardId, type, serial, content) VALUES ('open_192', 0, 3, 'They are having fun');
INSERT INTO `cardExtra` (cardId, type, serial, content) VALUES ('open_192', 0, 4, 'Playing with each other');
INSERT INTO `card` (id, type, title, header, content, option) VALUES ('open_197', 0, 'How are they having fun here?', 'assets/topic/daniel_daaaamn.gif', NULL, 'open');
INSERT INTO `cardExtra` (cardId, type, serial, content) VALUES ('open_197', 0, 1, 'Children are on a playground');
INSERT INTO `cardExtra` (cardId, type, serial, content) VALUES ('open_197', 0, 2, 'Some of them are dancing');
INSERT INTO `cardExtra` (cardId, type, serial, content) VALUES ('open_197', 0, 3, 'One is playing with a ball');
INSERT INTO `cardExtra` (cardId, type, serial, content) VALUES ('open_197', 0, 4, 'Enjoying themselves');
INSERT INTO `card` (id, type, title, header, content, option) VALUES ('open_202', 0, 'What is happening here?', 'assets/topic/dayum.gif', NULL, 'open');
INSERT INTO `cardExtra` (cardId, type, serial, content) VALUES ('open_202', 0, 1, 'There is a train approaching');
INSERT INTO `cardExtra` (cardId, type, serial, content) VALUES ('open_202', 0, 2, 'The man is on a bike');
INSERT INTO `cardExtra` (cardId, type, serial, content) VALUES ('open_202', 0, 3, 'The man is scared of train');
INSERT INTO `cardExtra` (cardId, type, serial, content) VALUES ('open_202', 0, 4, 'They are very fast');
INSERT INTO `card` (id, type, title, header, content, option) VALUES ('open_207', 0, 'Why do you write?', 'assets/topic/diary.gif.crdownload.gif', NULL, 'open');
INSERT INTO `cardExtra` (cardId, type, serial, content) VALUES ('open_207', 0, 1, 'It makes you intelligent');
INSERT INTO `cardExtra` (cardId, type, serial, content) VALUES ('open_207', 0, 2, 'To write stories');
INSERT INTO `cardExtra` (cardId, type, serial, content) VALUES ('open_207', 0, 3, 'To write letters to your friends');
INSERT INTO `cardExtra` (cardId, type, serial, content) VALUES ('open_207', 0, 4, 'You can draw');
INSERT INTO `card` (id, type, title, header, content, option) VALUES ('open_212', 0, 'What did the dog do?', 'assets/topic/dog.gif', NULL, 'open');
INSERT INTO `cardExtra` (cardId, type, serial, content) VALUES ('open_212', 0, 1, 'Someone threw a ball for him');
INSERT INTO `cardExtra` (cardId, type, serial, content) VALUES ('open_212', 0, 2, 'He is lazy');
INSERT INTO `cardExtra` (cardId, type, serial, content) VALUES ('open_212', 0, 3, 'He is yawning');
INSERT INTO `cardExtra` (cardId, type, serial, content) VALUES ('open_212', 0, 4, 'He is tired');
INSERT INTO `card` (id, type, title, header, content, option) VALUES ('open_217', 0, 'What are they doing on the beach?', 'assets/topic/dog_animal.gif', NULL, 'open');
INSERT INTO `cardExtra` (cardId, type, serial, content) VALUES ('open_217', 0, 1, 'Throwing a ball');
INSERT INTO `cardExtra` (cardId, type, serial, content) VALUES ('open_217', 0, 2, 'Dog runs after the ball');
INSERT INTO `cardExtra` (cardId, type, serial, content) VALUES ('open_217', 0, 3, 'Sand all around');
INSERT INTO `cardExtra` (cardId, type, serial, content) VALUES ('open_217', 0, 4, 'The dog is tired');
INSERT INTO `card` (id, type, title, header, content, option) VALUES ('open_222', 0, 'Why is the dog happy?', 'assets/topic/dog_beach.gif', NULL, 'open');
INSERT INTO `cardExtra` (cardId, type, serial, content) VALUES ('open_222', 0, 1, 'Travelling on a boat');
INSERT INTO `cardExtra` (cardId, type, serial, content) VALUES ('open_222', 0, 2, 'He likes the beach');
INSERT INTO `cardExtra` (cardId, type, serial, content) VALUES ('open_222', 0, 3, 'Travelling to some place');
INSERT INTO `cardExtra` (cardId, type, serial, content) VALUES ('open_222', 0, 4, 'Cool breeze');
INSERT INTO `card` (id, type, title, header, content, option) VALUES ('open_227', 0, 'What is the dog and girl doing?', 'assets/topic/dog_money_counting.gif', NULL, 'open');
INSERT INTO `cardExtra` (cardId, type, serial, content) VALUES ('open_227', 0, 1, 'Girl is standing behind the dog');
INSERT INTO `cardExtra` (cardId, type, serial, content) VALUES ('open_227', 0, 2, 'Counting the money');
INSERT INTO `cardExtra` (cardId, type, serial, content) VALUES ('open_227', 0, 3, 'Dog has a shirt on him');
INSERT INTO `cardExtra` (cardId, type, serial, content) VALUES ('open_227', 0, 4, 'They are having fun');
INSERT INTO `card` (id, type, title, header, content, option) VALUES ('open_232', 0, 'What is in the dogs hand?', 'assets/topic/dog_on_phone.gif', NULL, 'open');
INSERT INTO `cardExtra` (cardId, type, serial, content) VALUES ('open_232', 0, 1, 'Phone in the dogs hand');
INSERT INTO `cardExtra` (cardId, type, serial, content) VALUES ('open_232', 0, 2, 'He is calling someone');
INSERT INTO `cardExtra` (cardId, type, serial, content) VALUES ('open_232', 0, 3, 'He is sitting');
INSERT INTO `cardExtra` (cardId, type, serial, content) VALUES ('open_232', 0, 4, 'He is talking to someone');
INSERT INTO `card` (id, type, title, header, content, option) VALUES ('open_237', 0, 'Why is the dog playing piano?', 'assets/topic/dog_piano.gif', NULL, 'open');
INSERT INTO `cardExtra` (cardId, type, serial, content) VALUES ('open_237', 0, 1, 'He likes music');
INSERT INTO `cardExtra` (cardId, type, serial, content) VALUES ('open_237', 0, 2, 'He is singing a song');
INSERT INTO `cardExtra` (cardId, type, serial, content) VALUES ('open_237', 0, 3, 'He wants to be a musician');
INSERT INTO `cardExtra` (cardId, type, serial, content) VALUES ('open_237', 0, 4, 'He is sitting on the bench');
INSERT INTO `card` (id, type, title, header, content, option) VALUES ('open_242', 0, 'What is the dog brushing teeth?', 'assets/topic/dog_teeth_brush.gif', NULL, 'open');
INSERT INTO `cardExtra` (cardId, type, serial, content) VALUES ('open_242', 0, 1, 'It protects the teeth');
INSERT INTO `cardExtra` (cardId, type, serial, content) VALUES ('open_242', 0, 2, 'It keeps your mouth fresh');
INSERT INTO `cardExtra` (cardId, type, serial, content) VALUES ('open_242', 0, 3, 'It keeps you healthy');
INSERT INTO `cardExtra` (cardId, type, serial, content) VALUES ('open_242', 0, 4, 'It is a good habit');
INSERT INTO `card` (id, type, title, header, content, option) VALUES ('open_247', 0, 'What is the dolphin doing?', 'assets/topic/dolphin.gif', NULL, 'open');
INSERT INTO `cardExtra` (cardId, type, serial, content) VALUES ('open_247', 0, 1, 'The dolphin is jumping');
INSERT INTO `cardExtra` (cardId, type, serial, content) VALUES ('open_247', 0, 2, 'It likes swimming');
INSERT INTO `cardExtra` (cardId, type, serial, content) VALUES ('open_247', 0, 3, 'It likes playing');
INSERT INTO `cardExtra` (cardId, type, serial, content) VALUES ('open_247', 0, 4, 'Dolphins are fun');
INSERT INTO `card` (id, type, title, header, content, option) VALUES ('open_252', 0, 'What is the man doing?', 'assets/topic/dragging_dog.gif', NULL, 'open');
INSERT INTO `cardExtra` (cardId, type, serial, content) VALUES ('open_252', 0, 1, 'The dog doesn''t want to leave');
INSERT INTO `cardExtra` (cardId, type, serial, content) VALUES ('open_252', 0, 2, 'The dog is tired');
INSERT INTO `cardExtra` (cardId, type, serial, content) VALUES ('open_252', 0, 3, 'He wants to sleep');
INSERT INTO `cardExtra` (cardId, type, serial, content) VALUES ('open_252', 0, 4, 'The dog wants to rest');
INSERT INTO `card` (id, type, title, header, content, option) VALUES ('open_257', 0, 'What is the fish doing?', 'assets/topic/drinking_water.gif', NULL, 'open');
INSERT INTO `cardExtra` (cardId, type, serial, content) VALUES ('open_257', 0, 1, 'The fish is drinking water');
INSERT INTO `cardExtra` (cardId, type, serial, content) VALUES ('open_257', 0, 2, 'The fish is tired');
INSERT INTO `cardExtra` (cardId, type, serial, content) VALUES ('open_257', 0, 3, 'People are catching the fish');
INSERT INTO `cardExtra` (cardId, type, serial, content) VALUES ('open_257', 0, 4, 'The fish is thirsty');
INSERT INTO `card` (id, type, title, header, content, option) VALUES ('open_262', 0, 'Why is this dog driving a car?', 'assets/topic/driving_dog.gif', NULL, 'open');
INSERT INTO `cardExtra` (cardId, type, serial, content) VALUES ('open_262', 0, 1, 'He likes to drive');
INSERT INTO `cardExtra` (cardId, type, serial, content) VALUES ('open_262', 0, 2, 'He is visiting a place');
INSERT INTO `cardExtra` (cardId, type, serial, content) VALUES ('open_262', 0, 3, 'He wants to become a racer');
INSERT INTO `cardExtra` (cardId, type, serial, content) VALUES ('open_262', 0, 4, 'He is going home');
INSERT INTO `card` (id, type, title, header, content, option) VALUES ('open_267', 0, 'What is the car doing?', 'assets/topic/dump_question.gif', NULL, 'open');
INSERT INTO `cardExtra` (cardId, type, serial, content) VALUES ('open_267', 0, 1, 'It is travelling to some place');
INSERT INTO `cardExtra` (cardId, type, serial, content) VALUES ('open_267', 0, 2, 'It is going through a swamp');
INSERT INTO `cardExtra` (cardId, type, serial, content) VALUES ('open_267', 0, 3, 'The road is destroyed');
INSERT INTO `cardExtra` (cardId, type, serial, content) VALUES ('open_267', 0, 4, 'It has a caravan attached to it.');
INSERT INTO `card` (id, type, title, header, content, option) VALUES ('open_272', 0, 'What is the deer doing?', 'assets/topic/eat_deer.gif', NULL, 'open');
INSERT INTO `cardExtra` (cardId, type, serial, content) VALUES ('open_272', 0, 1, 'The deer is hungry');
INSERT INTO `cardExtra` (cardId, type, serial, content) VALUES ('open_272', 0, 2, 'The deer is eating grass');
INSERT INTO `cardExtra` (cardId, type, serial, content) VALUES ('open_272', 0, 3, 'It is resting');
INSERT INTO `cardExtra` (cardId, type, serial, content) VALUES ('open_272', 0, 4, 'The deer is attentive');
INSERT INTO `card` (id, type, title, header, content, option) VALUES ('open_277', 0, 'Why is this man eating?', 'assets/topic/eat_fat_obese.gif', NULL, 'open');
INSERT INTO `cardExtra` (cardId, type, serial, content) VALUES ('open_277', 0, 1, 'He is hungry');
INSERT INTO `cardExtra` (cardId, type, serial, content) VALUES ('open_277', 0, 2, 'He enjoys eating');
INSERT INTO `cardExtra` (cardId, type, serial, content) VALUES ('open_277', 0, 3, 'He is celebrating');
INSERT INTO `cardExtra` (cardId, type, serial, content) VALUES ('open_277', 0, 4, 'He is tired');
INSERT INTO `card` (id, type, title, header, content, option) VALUES ('open_282', 0, 'Why should you eat Bananas?', 'assets/topic/eating_banana.gif', NULL, 'open');
INSERT INTO `cardExtra` (cardId, type, serial, content) VALUES ('open_282', 0, 1, 'Bananas are healthy');
INSERT INTO `cardExtra` (cardId, type, serial, content) VALUES ('open_282', 0, 2, 'They are yellow');
INSERT INTO `cardExtra` (cardId, type, serial, content) VALUES ('open_282', 0, 3, 'They give you energy');
INSERT INTO `cardExtra` (cardId, type, serial, content) VALUES ('open_282', 0, 4, 'They are delicious');
INSERT INTO `card` (id, type, title, header, content, option) VALUES ('open_287', 0, 'What is the animal doing?', 'assets/topic/eating_squirrel.gif', NULL, 'open');
INSERT INTO `cardExtra` (cardId, type, serial, content) VALUES ('open_287', 0, 1, 'The squirrel lives on trees');
INSERT INTO `cardExtra` (cardId, type, serial, content) VALUES ('open_287', 0, 2, 'It gathers nuts');
INSERT INTO `cardExtra` (cardId, type, serial, content) VALUES ('open_287', 0, 3, 'Squirrels enjoy eating nuts');
INSERT INTO `cardExtra` (cardId, type, serial, content) VALUES ('open_287', 0, 4, 'Squirrels are intelligent');
INSERT INTO `card` (id, type, title, header, content, option) VALUES ('open_292', 0, 'What is the man doing?', 'assets/topic/egg_chicken.gif', NULL, 'open');
INSERT INTO `cardExtra` (cardId, type, serial, content) VALUES ('open_292', 0, 1, 'He cracked open a egg');
INSERT INTO `cardExtra` (cardId, type, serial, content) VALUES ('open_292', 0, 2, 'He wanted to make a dish');
INSERT INTO `cardExtra` (cardId, type, serial, content) VALUES ('open_292', 0, 3, 'Chicks hatch out of eggs');
INSERT INTO `cardExtra` (cardId, type, serial, content) VALUES ('open_292', 0, 4, 'Chicks are tiny');
INSERT INTO `card` (id, type, title, header, content, option) VALUES ('open_297', 0, 'What is this animal doing?', 'assets/topic/elephant_baby.gif', NULL, 'open');
INSERT INTO `cardExtra` (cardId, type, serial, content) VALUES ('open_297', 0, 1, 'This is an elephant calf');
INSERT INTO `cardExtra` (cardId, type, serial, content) VALUES ('open_297', 0, 2, 'They are grey is color');
INSERT INTO `cardExtra` (cardId, type, serial, content) VALUES ('open_297', 0, 3, 'It likes playing');
INSERT INTO `cardExtra` (cardId, type, serial, content) VALUES ('open_297', 0, 4, 'The calf is scared of humans');
INSERT INTO `card` (id, type, title, header, content, option) VALUES ('open_302', 0, 'What is the elephant calf doing?', 'assets/topic/elephant_baby_ribbon.gif', NULL, 'open');
INSERT INTO `cardExtra` (cardId, type, serial, content) VALUES ('open_302', 0, 1, 'It is playing with a blue rope');
INSERT INTO `cardExtra` (cardId, type, serial, content) VALUES ('open_302', 0, 2, 'It is enjoying');
INSERT INTO `cardExtra` (cardId, type, serial, content) VALUES ('open_302', 0, 3, 'The other calf is eating grass');
INSERT INTO `cardExtra` (cardId, type, serial, content) VALUES ('open_302', 0, 4, 'The calf is dancing');
INSERT INTO `card` (id, type, title, header, content, option) VALUES ('open_307', 0, 'What are they doing?', 'assets/topic/elephant_baby_trunk.gif', NULL, 'open');
INSERT INTO `cardExtra` (cardId, type, serial, content) VALUES ('open_307', 0, 1, 'The elephant calf is curious');
INSERT INTO `cardExtra` (cardId, type, serial, content) VALUES ('open_307', 0, 2, 'It is playing with the man');
INSERT INTO `cardExtra` (cardId, type, serial, content) VALUES ('open_307', 0, 3, 'It likes to eat grass');
INSERT INTO `cardExtra` (cardId, type, serial, content) VALUES ('open_307', 0, 4, 'The man is sitting');
INSERT INTO `card` (id, type, title, header, content, option) VALUES ('open_312', 0, 'Why did the elephant fall down?', 'assets/topic/elephant_cuteness.gif', NULL, 'open');
INSERT INTO `cardExtra` (cardId, type, serial, content) VALUES ('open_312', 0, 1, 'The elephant likes to play football');
INSERT INTO `cardExtra` (cardId, type, serial, content) VALUES ('open_312', 0, 2, 'It slipped while playing');
INSERT INTO `cardExtra` (cardId, type, serial, content) VALUES ('open_312', 0, 3, 'It not paying attention');
INSERT INTO `cardExtra` (cardId, type, serial, content) VALUES ('open_312', 0, 4, 'The elephant is hurt');
INSERT INTO `card` (id, type, title, header, content, option) VALUES ('open_317', 0, 'Why is the elephant wearing shoes?', 'assets/topic/elephant_wearing_shoes.gif', NULL, 'open');
INSERT INTO `cardExtra` (cardId, type, serial, content) VALUES ('open_317', 0, 1, 'To protect its feet');
INSERT INTO `cardExtra` (cardId, type, serial, content) VALUES ('open_317', 0, 2, 'It likes running');
INSERT INTO `cardExtra` (cardId, type, serial, content) VALUES ('open_317', 0, 3, 'It wants to become an athlete');
INSERT INTO `cardExtra` (cardId, type, serial, content) VALUES ('open_317', 0, 4, 'The elephant is scared');
INSERT INTO `card` (id, type, title, header, content, option) VALUES ('open_322', 0, 'Why do you swim?', 'assets/topic/empty_swiming_pool.gif', NULL, 'open');
INSERT INTO `cardExtra` (cardId, type, serial, content) VALUES ('open_322', 0, 1, 'It makes you strong');
INSERT INTO `cardExtra` (cardId, type, serial, content) VALUES ('open_322', 0, 2, 'Swimming is fun');
INSERT INTO `cardExtra` (cardId, type, serial, content) VALUES ('open_322', 0, 3, 'Playing with water is enjoyable');
INSERT INTO `cardExtra` (cardId, type, serial, content) VALUES ('open_322', 0, 4, 'Relief during summer');
INSERT INTO `card` (id, type, title, header, content, option) VALUES ('open_327', 0, 'Why is this duckling sleeping?', 'assets/topic/exhausted_kid?.gif', NULL, 'open');
INSERT INTO `cardExtra` (cardId, type, serial, content) VALUES ('open_327', 0, 1, 'The duckling is sleepy');
INSERT INTO `cardExtra` (cardId, type, serial, content) VALUES ('open_327', 0, 2, 'The duckling is tired');
INSERT INTO `cardExtra` (cardId, type, serial, content) VALUES ('open_327', 0, 3, 'The duckling wants to rest');
INSERT INTO `cardExtra` (cardId, type, serial, content) VALUES ('open_327', 0, 4, 'The duckling was studying');
INSERT INTO `card` (id, type, title, header, content, option) VALUES ('open_332', 0, 'What happened to the child?', 'assets/topic/fail_kids_gg.gif', NULL, 'open');
INSERT INTO `cardExtra` (cardId, type, serial, content) VALUES ('open_332', 0, 1, 'The child fell down');
INSERT INTO `cardExtra` (cardId, type, serial, content) VALUES ('open_332', 0, 2, 'The mother didnot see her');
INSERT INTO `cardExtra` (cardId, type, serial, content) VALUES ('open_332', 0, 3, 'The child is hurt');
INSERT INTO `cardExtra` (cardId, type, serial, content) VALUES ('open_332', 0, 4, 'The chid is crying');
INSERT INTO `card` (id, type, title, header, content, option) VALUES ('open_337', 0, 'What are these people doing?', 'assets/topic/fake_waves.gif', NULL, 'open');
INSERT INTO `cardExtra` (cardId, type, serial, content) VALUES ('open_337', 0, 1, 'The man is cleaning the floor');
INSERT INTO `cardExtra` (cardId, type, serial, content) VALUES ('open_337', 0, 2, 'There is dirt on the floor');
INSERT INTO `cardExtra` (cardId, type, serial, content) VALUES ('open_337', 0, 3, 'Their shoes is wet');
INSERT INTO `cardExtra` (cardId, type, serial, content) VALUES ('open_337', 0, 4, 'The men are having fun');
INSERT INTO `card` (id, type, title, header, content, option) VALUES ('open_342', 0, 'What is the father and son doing?', 'assets/topic/father_son.gif', NULL, 'open');
INSERT INTO `cardExtra` (cardId, type, serial, content) VALUES ('open_342', 0, 1, 'Skating');
INSERT INTO `cardExtra` (cardId, type, serial, content) VALUES ('open_342', 0, 2, 'Playing with each other');
INSERT INTO `cardExtra` (cardId, type, serial, content) VALUES ('open_342', 0, 3, 'Skating at a high speed');
INSERT INTO `cardExtra` (cardId, type, serial, content) VALUES ('open_342', 0, 4, 'Racing');
INSERT INTO `card` (id, type, title, header, content, option) VALUES ('open_347', 0, 'What do you use fire for?', 'assets/topic/fire_candles.gif', NULL, 'open');
INSERT INTO `cardExtra` (cardId, type, serial, content) VALUES ('open_347', 0, 1, 'To cook');
INSERT INTO `cardExtra` (cardId, type, serial, content) VALUES ('open_347', 0, 2, 'To warm ourselves');
INSERT INTO `cardExtra` (cardId, type, serial, content) VALUES ('open_347', 0, 3, 'for light');
INSERT INTO `cardExtra` (cardId, type, serial, content) VALUES ('open_347', 0, 4, 'To boil water');
INSERT INTO `card` (id, type, title, header, content, option) VALUES ('open_352', 0, 'Why did the dog fall?', 'assets/topic/fish_dog.gif', NULL, 'open');
INSERT INTO `cardExtra` (cardId, type, serial, content) VALUES ('open_352', 0, 1, 'The fish is alive');
INSERT INTO `cardExtra` (cardId, type, serial, content) VALUES ('open_352', 0, 2, 'The dog got scared');
INSERT INTO `cardExtra` (cardId, type, serial, content) VALUES ('open_352', 0, 3, 'The dog was startled');
INSERT INTO `cardExtra` (cardId, type, serial, content) VALUES ('open_352', 0, 4, 'The dog slipped');
INSERT INTO `card` (id, type, title, header, content, option) VALUES ('open_357', 0, 'Why do you eat food?', 'assets/topic/food_potato.gif', NULL, 'open');
INSERT INTO `cardExtra` (cardId, type, serial, content) VALUES ('open_357', 0, 1, 'Food is healthy');
INSERT INTO `cardExtra` (cardId, type, serial, content) VALUES ('open_357', 0, 2, 'Food is often delicious');
INSERT INTO `cardExtra` (cardId, type, serial, content) VALUES ('open_357', 0, 3, 'Food makes you strong');
INSERT INTO `cardExtra` (cardId, type, serial, content) VALUES ('open_357', 0, 4, 'Energy to play');
INSERT INTO `card` (id, type, title, header, content, option) VALUES ('open_362', 0, 'Why do you play football?', 'assets/topic/football_june.gif', NULL, 'open');
INSERT INTO `cardExtra` (cardId, type, serial, content) VALUES ('open_362', 0, 1, 'Makes your body strong');
INSERT INTO `cardExtra` (cardId, type, serial, content) VALUES ('open_362', 0, 2, 'Football is fun to play');
INSERT INTO `cardExtra` (cardId, type, serial, content) VALUES ('open_362', 0, 3, 'Play football with your friends');
INSERT INTO `cardExtra` (cardId, type, serial, content) VALUES ('open_362', 0, 4, 'Compete with friends');
INSERT INTO `card` (id, type, title, header, content, option) VALUES ('open_367', 0, 'What is the child doing?', 'assets/topic/football_skills.gif', NULL, 'open');
INSERT INTO `cardExtra` (cardId, type, serial, content) VALUES ('open_367', 0, 1, 'Trying to kick the ball');
INSERT INTO `cardExtra` (cardId, type, serial, content) VALUES ('open_367', 0, 2, 'Likes to play with his friends');
INSERT INTO `cardExtra` (cardId, type, serial, content) VALUES ('open_367', 0, 3, 'The child missed the ball');
INSERT INTO `cardExtra` (cardId, type, serial, content) VALUES ('open_367', 0, 4, 'The child falls down');
INSERT INTO `card` (id, type, title, header, content, option) VALUES ('open_372', 0, 'What are these people doing?', 'assets/topic/football_soccer.gif', NULL, 'open');
INSERT INTO `cardExtra` (cardId, type, serial, content) VALUES ('open_372', 0, 1, 'Playing football');
INSERT INTO `cardExtra` (cardId, type, serial, content) VALUES ('open_372', 0, 2, 'They are all inside a bubble');
INSERT INTO `cardExtra` (cardId, type, serial, content) VALUES ('open_372', 0, 3, 'colliding against each other');
INSERT INTO `cardExtra` (cardId, type, serial, content) VALUES ('open_372', 0, 4, 'Enjoying themselves');
INSERT INTO `card` (id, type, title, header, content, option) VALUES ('open_377', 0, 'Why is this animal running?', 'assets/topic/forest_running.gif', NULL, 'open');
INSERT INTO `cardExtra` (cardId, type, serial, content) VALUES ('open_377', 0, 1, 'The Zebra lives in the Jungle');
INSERT INTO `cardExtra` (cardId, type, serial, content) VALUES ('open_377', 0, 2, 'There is Lion chasing it');
INSERT INTO `cardExtra` (cardId, type, serial, content) VALUES ('open_377', 0, 3, 'It is going home');
INSERT INTO `cardExtra` (cardId, type, serial, content) VALUES ('open_377', 0, 4, 'Zebra has long legs and is fast');
INSERT INTO `card` (id, type, title, header, content, option) VALUES ('open_382', 0, 'Why is this meerkat laughing?', 'assets/topic/fox.gif', NULL, 'open');
INSERT INTO `cardExtra` (cardId, type, serial, content) VALUES ('open_382', 0, 1, 'Playing with its friends');
INSERT INTO `cardExtra` (cardId, type, serial, content) VALUES ('open_382', 0, 2, 'Likes to have fun');
INSERT INTO `cardExtra` (cardId, type, serial, content) VALUES ('open_382', 0, 3, 'The meerkat is surprised');
INSERT INTO `cardExtra` (cardId, type, serial, content) VALUES ('open_382', 0, 4, 'The meerkat just heard a joke');
INSERT INTO `card` (id, type, title, header, content, option) VALUES ('open_387', 0, 'What is this fox doing?', 'assets/topic/fox_fish.gif', NULL, 'open');
INSERT INTO `cardExtra` (cardId, type, serial, content) VALUES ('open_387', 0, 1, 'Trying to catch a fish');
INSERT INTO `cardExtra` (cardId, type, serial, content) VALUES ('open_387', 0, 2, 'The fox is hungry');
INSERT INTO `cardExtra` (cardId, type, serial, content) VALUES ('open_387', 0, 3, 'The fox likes to eat fish');
INSERT INTO `cardExtra` (cardId, type, serial, content) VALUES ('open_387', 0, 4, 'The fox is playing');
INSERT INTO `card` (id, type, title, header, content, option) VALUES ('open_392', 0, 'What is the cat doing?', 'assets/topic/funny_cat.gif', NULL, 'open');
INSERT INTO `cardExtra` (cardId, type, serial, content) VALUES ('open_392', 0, 1, 'Studying');
INSERT INTO `cardExtra` (cardId, type, serial, content) VALUES ('open_392', 0, 2, 'Playing a game');
INSERT INTO `cardExtra` (cardId, type, serial, content) VALUES ('open_392', 0, 3, 'Watching a game');
INSERT INTO `cardExtra` (cardId, type, serial, content) VALUES ('open_392', 0, 4, 'Sending an email');
INSERT INTO `card` (id, type, title, header, content, option) VALUES ('open_397', 0, 'What is this cat doing?', 'assets/topic/funny_cats_family.gif', NULL, 'open');
INSERT INTO `cardExtra` (cardId, type, serial, content) VALUES ('open_397', 0, 1, 'Playing with its friend');
INSERT INTO `cardExtra` (cardId, type, serial, content) VALUES ('open_397', 0, 2, 'Use its paw');
INSERT INTO `cardExtra` (cardId, type, serial, content) VALUES ('open_397', 0, 3, 'Giving a high five');
INSERT INTO `cardExtra` (cardId, type, serial, content) VALUES ('open_397', 0, 4, 'Trying to beat the boy');
INSERT INTO `card` (id, type, title, header, content, option) VALUES ('open_402', 0, 'What is the dog doing?', 'assets/topic/funny_dog.gif', NULL, 'open');
INSERT INTO `cardExtra` (cardId, type, serial, content) VALUES ('open_402', 0, 1, 'Because of the strong wind');
INSERT INTO `cardExtra` (cardId, type, serial, content) VALUES ('open_402', 0, 2, 'The dog likes travelling');
INSERT INTO `cardExtra` (cardId, type, serial, content) VALUES ('open_402', 0, 3, 'Trying to eat something');
INSERT INTO `cardExtra` (cardId, type, serial, content) VALUES ('open_402', 0, 4, 'The dog is having fun');
INSERT INTO `card` (id, type, title, header, content, option) VALUES ('open_407', 0, 'Why is this man scared?', 'assets/topic/funny_fail_crab.gif', NULL, 'open');
INSERT INTO `cardExtra` (cardId, type, serial, content) VALUES ('open_407', 0, 1, 'The girl is holding a crab');
INSERT INTO `cardExtra` (cardId, type, serial, content) VALUES ('open_407', 0, 2, 'The crab has sharp claws');
INSERT INTO `cardExtra` (cardId, type, serial, content) VALUES ('open_407', 0, 3, 'The crab falls on the man');
INSERT INTO `cardExtra` (cardId, type, serial, content) VALUES ('open_407', 0, 4, 'The man is hurt');
INSERT INTO `card` (id, type, title, header, content, option) VALUES ('open_412', 0, 'Why is the dog jumping?', 'assets/topic/funny_fail_dog?.gif', NULL, 'open');
INSERT INTO `cardExtra` (cardId, type, serial, content) VALUES ('open_412', 0, 1, 'It wants to catch the ball');
INSERT INTO `cardExtra` (cardId, type, serial, content) VALUES ('open_412', 0, 2, 'To play with the ball');
INSERT INTO `cardExtra` (cardId, type, serial, content) VALUES ('open_412', 0, 3, 'The dog likes jumping');
INSERT INTO `cardExtra` (cardId, type, serial, content) VALUES ('open_412', 0, 4, 'The dog is running after the ball');
INSERT INTO `card` (id, type, title, header, content, option) VALUES ('open_417', 0, 'Why did the bulb break?', 'assets/topic/funny_fail_fan.gif', NULL, 'open');
INSERT INTO `cardExtra` (cardId, type, serial, content) VALUES ('open_417', 0, 1, 'The bulb is made up of glass');
INSERT INTO `cardExtra` (cardId, type, serial, content) VALUES ('open_417', 0, 2, 'The boys bat hit the ball');
INSERT INTO `cardExtra` (cardId, type, serial, content) VALUES ('open_417', 0, 3, 'The glass is delicate');
INSERT INTO `cardExtra` (cardId, type, serial, content) VALUES ('open_417', 0, 4, 'Broken glass everywhere');
INSERT INTO `card` (id, type, title, header, content, option) VALUES ('open_422', 0, 'Why did this boy fall?', 'assets/topic/funny_fail_kid.gif', NULL, 'open');
INSERT INTO `cardExtra` (cardId, type, serial, content) VALUES ('open_422', 0, 1, 'The boy is running');
INSERT INTO `cardExtra` (cardId, type, serial, content) VALUES ('open_422', 0, 2, 'There is a hole in the ground');
INSERT INTO `cardExtra` (cardId, type, serial, content) VALUES ('open_422', 0, 3, 'The boy is hurt');
INSERT INTO `cardExtra` (cardId, type, serial, content) VALUES ('open_422', 0, 4, 'The boy wins the race');
INSERT INTO `card` (id, type, title, header, content, option) VALUES ('open_427', 0, 'Where is this horse going?', 'assets/topic/funny_horse.gif', NULL, 'open');
INSERT INTO `cardExtra` (cardId, type, serial, content) VALUES ('open_427', 0, 1, 'Scared of the obstacle');
INSERT INTO `cardExtra` (cardId, type, serial, content) VALUES ('open_427', 0, 2, 'The horse slipped');
INSERT INTO `cardExtra` (cardId, type, serial, content) VALUES ('open_427', 0, 3, 'Going to the other side');
INSERT INTO `cardExtra` (cardId, type, serial, content) VALUES ('open_427', 0, 4, 'The horse is thirsty');
INSERT INTO `card` (id, type, title, header, content, option) VALUES ('open_432', 0, 'What happened to the child?', 'assets/topic/funny_kid_beach.gif', NULL, 'open');
INSERT INTO `cardExtra` (cardId, type, serial, content) VALUES ('open_432', 0, 1, 'The child is on the beach');
INSERT INTO `cardExtra` (cardId, type, serial, content) VALUES ('open_432', 0, 2, 'Plays with sand and water');
INSERT INTO `cardExtra` (cardId, type, serial, content) VALUES ('open_432', 0, 3, 'The waves are strong');
INSERT INTO `cardExtra` (cardId, type, serial, content) VALUES ('open_432', 0, 4, 'The waves pushed him down');
INSERT INTO `card` (id, type, title, header, content, option) VALUES ('open_437', 0, 'Why is the child digging?', 'assets/topic/funny_kid_mud.gif', NULL, 'open');
INSERT INTO `cardExtra` (cardId, type, serial, content) VALUES ('open_437', 0, 1, 'To plant a tree');
INSERT INTO `cardExtra` (cardId, type, serial, content) VALUES ('open_437', 0, 2, 'Playing with mud');
INSERT INTO `cardExtra` (cardId, type, serial, content) VALUES ('open_437', 0, 3, 'To clean');
INSERT INTO `cardExtra` (cardId, type, serial, content) VALUES ('open_437', 0, 4, 'The child is having fun');
INSERT INTO `card` (id, type, title, header, content, option) VALUES ('open_442', 0, 'What are the children doing?', 'assets/topic/funny_kids_dogs.gif', NULL, 'open');
INSERT INTO `cardExtra` (cardId, type, serial, content) VALUES ('open_442', 0, 1, 'Dancing');
INSERT INTO `cardExtra` (cardId, type, serial, content) VALUES ('open_442', 0, 2, 'Dog is also dancing');
INSERT INTO `cardExtra` (cardId, type, serial, content) VALUES ('open_442', 0, 3, 'Enjoying themselves');
INSERT INTO `cardExtra` (cardId, type, serial, content) VALUES ('open_442', 0, 4, 'Dancing on the terrace');
INSERT INTO `card` (id, type, title, header, content, option) VALUES ('open_447', 0, 'How did this man get hurt?', 'assets/topic/funny_lebron.gif', NULL, 'open');
INSERT INTO `cardExtra` (cardId, type, serial, content) VALUES ('open_447', 0, 1, 'Paying basketball');
INSERT INTO `cardExtra` (cardId, type, serial, content) VALUES ('open_447', 0, 2, 'The basketball is hard');
INSERT INTO `cardExtra` (cardId, type, serial, content) VALUES ('open_447', 0, 3, 'The basketball hit his face');
INSERT INTO `cardExtra` (cardId, type, serial, content) VALUES ('open_447', 0, 4, 'Not paying attention');
INSERT INTO `card` (id, type, title, header, content, option) VALUES ('open_452', 0, 'What is the puppy doing?', 'assets/topic/funny_puppy.gif', NULL, 'open');
INSERT INTO `cardExtra` (cardId, type, serial, content) VALUES ('open_452', 0, 1, 'Scared of water');
INSERT INTO `cardExtra` (cardId, type, serial, content) VALUES ('open_452', 0, 2, 'Doesn''t want to fall into water');
INSERT INTO `cardExtra` (cardId, type, serial, content) VALUES ('open_452', 0, 3, 'The board  floating');
INSERT INTO `cardExtra` (cardId, type, serial, content) VALUES ('open_452', 0, 4, 'Puppy wants to go to other side');
INSERT INTO `card` (id, type, title, header, content, option) VALUES ('open_457', 0, 'How did the woman fall down?', 'assets/topic/funny_swimimg_pool.gif', NULL, 'open');
INSERT INTO `cardExtra` (cardId, type, serial, content) VALUES ('open_457', 0, 1, 'Riding a bicycle');
INSERT INTO `cardExtra` (cardId, type, serial, content) VALUES ('open_457', 0, 2, 'Not paying attention');
INSERT INTO `cardExtra` (cardId, type, serial, content) VALUES ('open_457', 0, 3, 'She crashed into the chair');
INSERT INTO `cardExtra` (cardId, type, serial, content) VALUES ('open_457', 0, 4, 'Falls into the swimming pool');
INSERT INTO `card` (id, type, title, header, content, option) VALUES ('open_462', 0, 'What are they doing?', 'assets/topic/funny_tigers.gif', NULL, 'open');
INSERT INTO `cardExtra` (cardId, type, serial, content) VALUES ('open_462', 0, 1, 'Introducing the cat to the tigers');
INSERT INTO `cardExtra` (cardId, type, serial, content) VALUES ('open_462', 0, 2, 'The tigers are curious');
INSERT INTO `cardExtra` (cardId, type, serial, content) VALUES ('open_462', 0, 3, 'The tigers look at the cat');
INSERT INTO `cardExtra` (cardId, type, serial, content) VALUES ('open_462', 0, 4, 'The cat is scared');
INSERT INTO `card` (id, type, title, header, content, option) VALUES ('open_467', 0, 'Why is the dog and the boy sleeping?', 'assets/topic/funny_twins.gif', NULL, 'open');
INSERT INTO `cardExtra` (cardId, type, serial, content) VALUES ('open_467', 0, 1, 'They are tired');
INSERT INTO `cardExtra` (cardId, type, serial, content) VALUES ('open_467', 0, 2, 'They are resting');
INSERT INTO `cardExtra` (cardId, type, serial, content) VALUES ('open_467', 0, 3, 'The dog and boy are meditating');
INSERT INTO `cardExtra` (cardId, type, serial, content) VALUES ('open_467', 0, 4, 'They are on the sofa');
INSERT INTO `card` (id, type, title, header, content, option) VALUES ('open_472', 0, 'Why does this cat look scary?', 'assets/topic/funnycat.gif', NULL, 'open');
INSERT INTO `cardExtra` (cardId, type, serial, content) VALUES ('open_472', 0, 1, 'Trying to attack someone');
INSERT INTO `cardExtra` (cardId, type, serial, content) VALUES ('open_472', 0, 2, 'Wants to catch an insect');
INSERT INTO `cardExtra` (cardId, type, serial, content) VALUES ('open_472', 0, 3, 'The cat is jumping');
INSERT INTO `cardExtra` (cardId, type, serial, content) VALUES ('open_472', 0, 4, 'The cat is dancing');
INSERT INTO `card` (id, type, title, header, content, option) VALUES ('open_477', 0, 'What are the goat and boy doing?', 'assets/topic/goat_eating.gif', NULL, 'open');
INSERT INTO `cardExtra` (cardId, type, serial, content) VALUES ('open_477', 0, 1, 'The boy is on the computer');
INSERT INTO `cardExtra` (cardId, type, serial, content) VALUES ('open_477', 0, 2, 'The boy is playing a game');
INSERT INTO `cardExtra` (cardId, type, serial, content) VALUES ('open_477', 0, 3, 'He is sitting on the goat');
INSERT INTO `cardExtra` (cardId, type, serial, content) VALUES ('open_477', 0, 4, 'The goat is eating book');
INSERT INTO `card` (id, type, title, header, content, option) VALUES ('open_482', 0, 'How did the mans bag fall down?', 'assets/topic/golf.gif', NULL, 'open');
INSERT INTO `cardExtra` (cardId, type, serial, content) VALUES ('open_482', 0, 1, 'The man is playing golf');
INSERT INTO `cardExtra` (cardId, type, serial, content) VALUES ('open_482', 0, 2, 'The man is on top of a mountain');
INSERT INTO `cardExtra` (cardId, type, serial, content) VALUES ('open_482', 0, 3, 'He wants to hit the ball');
INSERT INTO `cardExtra` (cardId, type, serial, content) VALUES ('open_482', 0, 4, 'The man hits the bag instead');
INSERT INTO `card` (id, type, title, header, content, option) VALUES ('open_487', 0, 'Why does this horse look weird?', 'assets/topic/half_horse.gif', NULL, 'open');
INSERT INTO `cardExtra` (cardId, type, serial, content) VALUES ('open_487', 0, 1, 'All horses has four legs');
INSERT INTO `cardExtra` (cardId, type, serial, content) VALUES ('open_487', 0, 2, 'Horses run fast');
INSERT INTO `cardExtra` (cardId, type, serial, content) VALUES ('open_487', 0, 3, 'This horse has only two legs');
INSERT INTO `cardExtra` (cardId, type, serial, content) VALUES ('open_487', 0, 4, 'The horse is scared');
INSERT INTO `card` (id, type, title, header, content, option) VALUES ('open_492', 0, 'What are the pony and the dog doing?', 'assets/topic/horse_dog.gif', NULL, 'open');
INSERT INTO `cardExtra` (cardId, type, serial, content) VALUES ('open_492', 0, 1, 'A pony is a small horse');
INSERT INTO `cardExtra` (cardId, type, serial, content) VALUES ('open_492', 0, 2, 'The dog is on top of the horse');
INSERT INTO `cardExtra` (cardId, type, serial, content) VALUES ('open_492', 0, 3, 'The dog is riding the horse');
INSERT INTO `cardExtra` (cardId, type, serial, content) VALUES ('open_492', 0, 4, 'The horse and dog are enjoying');
INSERT INTO `card` (id, type, title, header, content, option) VALUES ('open_497', 0, 'What is this?', 'assets/topic/infinity_oops.gif', NULL, 'open');
INSERT INTO `cardExtra` (cardId, type, serial, content) VALUES ('open_497', 0, 1, 'The pencil is used to write');
INSERT INTO `cardExtra` (cardId, type, serial, content) VALUES ('open_497', 0, 2, 'Eraser on the pencil to erase');
INSERT INTO `cardExtra` (cardId, type, serial, content) VALUES ('open_497', 0, 3, 'Write letters or books');
INSERT INTO `cardExtra` (cardId, type, serial, content) VALUES ('open_497', 0, 4, 'Make beautiful drawings');
INSERT INTO `card` (id, type, title, header, content, option) VALUES ('open_502', 0, 'What are the puppy and the man doing?', 'assets/topic/jump_common.gif', NULL, 'open');
INSERT INTO `cardExtra` (cardId, type, serial, content) VALUES ('open_502', 0, 1, 'The puppy likes to play');
INSERT INTO `cardExtra` (cardId, type, serial, content) VALUES ('open_502', 0, 2, 'Puppy is jumping off the sofa');
INSERT INTO `cardExtra` (cardId, type, serial, content) VALUES ('open_502', 0, 3, 'The man caught the puppy');
INSERT INTO `cardExtra` (cardId, type, serial, content) VALUES ('open_502', 0, 4, 'They are enjoying');
INSERT INTO `card` (id, type, title, header, content, option) VALUES ('open_507', 0, 'What is seen in the playground?', 'assets/topic/jump_dad_land.gif', NULL, 'open');
INSERT INTO `cardExtra` (cardId, type, serial, content) VALUES ('open_507', 0, 1, 'Children playing on swing');
INSERT INTO `cardExtra` (cardId, type, serial, content) VALUES ('open_507', 0, 2, 'Sand everywhere');
INSERT INTO `cardExtra` (cardId, type, serial, content) VALUES ('open_507', 0, 3, 'Fun filled playground');
INSERT INTO `cardExtra` (cardId, type, serial, content) VALUES ('open_507', 0, 4, 'Children get hurt');
INSERT INTO `card` (id, type, title, header, content, option) VALUES ('open_512', 0, 'What is seen ?', 'assets/topic/justviral_horse_dog.gif', NULL, 'open');
INSERT INTO `cardExtra` (cardId, type, serial, content) VALUES ('open_512', 0, 1, 'The dog walking');
INSERT INTO `cardExtra` (cardId, type, serial, content) VALUES ('open_512', 0, 2, 'Leash around the horse neck');
INSERT INTO `cardExtra` (cardId, type, serial, content) VALUES ('open_512', 0, 3, 'They are having fun');
INSERT INTO `cardExtra` (cardId, type, serial, content) VALUES ('open_512', 0, 4, 'Walking together');
INSERT INTO `card` (id, type, title, header, content, option) VALUES ('open_517', 0, 'Who is the child cheering?', 'assets/topic/kid.gif', NULL, 'open');
INSERT INTO `cardExtra` (cardId, type, serial, content) VALUES ('open_517', 0, 1, 'His favourite player');
INSERT INTO `cardExtra` (cardId, type, serial, content) VALUES ('open_517', 0, 2, 'His favorite horse');
INSERT INTO `cardExtra` (cardId, type, serial, content) VALUES ('open_517', 0, 3, 'His father');
INSERT INTO `cardExtra` (cardId, type, serial, content) VALUES ('open_517', 0, 4, 'Favorite team');
INSERT INTO `card` (id, type, title, header, content, option) VALUES ('open_522', 0, 'What do you see?', 'assets/topic/kid_bathing.gif', NULL, 'open');
INSERT INTO `cardExtra` (cardId, type, serial, content) VALUES ('open_522', 0, 1, 'A back dive');
INSERT INTO `cardExtra` (cardId, type, serial, content) VALUES ('open_522', 0, 2, 'Got hurt badly');
INSERT INTO `cardExtra` (cardId, type, serial, content) VALUES ('open_522', 0, 3, 'Water in the pool');
INSERT INTO `cardExtra` (cardId, type, serial, content) VALUES ('open_522', 0, 4, 'More practice');
INSERT INTO `card` (id, type, title, header, content, option) VALUES ('open_527', 0, 'What can you see?', 'assets/topic/kid_golf.gif', NULL, 'open');
INSERT INTO `cardExtra` (cardId, type, serial, content) VALUES ('open_527', 0, 1, 'Trying to hit ball');
INSERT INTO `cardExtra` (cardId, type, serial, content) VALUES ('open_527', 0, 2, 'The strong wind');
INSERT INTO `cardExtra` (cardId, type, serial, content) VALUES ('open_527', 0, 3, 'The golf club');
INSERT INTO `cardExtra` (cardId, type, serial, content) VALUES ('open_527', 0, 4, 'The firm ball');
INSERT INTO `card` (id, type, title, header, content, option) VALUES ('open_532', 0, 'What do you see?', 'assets/topic/kid_sleeping_ang.gif', NULL, 'open');
INSERT INTO `cardExtra` (cardId, type, serial, content) VALUES ('open_532', 0, 1, 'A child sitting on the potty');
INSERT INTO `cardExtra` (cardId, type, serial, content) VALUES ('open_532', 0, 2, 'The sleeping child');
INSERT INTO `cardExtra` (cardId, type, serial, content) VALUES ('open_532', 0, 3, 'A Little Einstien');
INSERT INTO `cardExtra` (cardId, type, serial, content) VALUES ('open_532', 0, 4, 'Tired of waiting');
INSERT INTO `card` (id, type, title, header, content, option) VALUES ('open_537', 0, 'What are the girls doing?', 'assets/topic/kids_fighting_exercise?.gif', NULL, 'open');
INSERT INTO `cardExtra` (cardId, type, serial, content) VALUES ('open_537', 0, 1, 'Practicing fight');
INSERT INTO `cardExtra` (cardId, type, serial, content) VALUES ('open_537', 0, 2, 'Showing their best kicks');
INSERT INTO `cardExtra` (cardId, type, serial, content) VALUES ('open_537', 0, 3, 'Taking turns in hitting');
INSERT INTO `cardExtra` (cardId, type, serial, content) VALUES ('open_537', 0, 4, 'Looking around');
INSERT INTO `card` (id, type, title, header, content, option) VALUES ('open_542', 0, 'What do you see?', 'assets/topic/kids_fish.gif', NULL, 'open');
INSERT INTO `cardExtra` (cardId, type, serial, content) VALUES ('open_542', 0, 1, 'A tiny fish scaring a child');
INSERT INTO `cardExtra` (cardId, type, serial, content) VALUES ('open_542', 0, 2, 'Child turning around');
INSERT INTO `cardExtra` (cardId, type, serial, content) VALUES ('open_542', 0, 3, 'The scared child');
INSERT INTO `cardExtra` (cardId, type, serial, content) VALUES ('open_542', 0, 4, 'Giving up');
INSERT INTO `card` (id, type, title, header, content, option) VALUES ('open_547', 0, 'What do you see?', 'assets/topic/kittens.gif', NULL, 'open');
INSERT INTO `cardExtra` (cardId, type, serial, content) VALUES ('open_547', 0, 1, 'The cute kittens all in a row');
INSERT INTO `cardExtra` (cardId, type, serial, content) VALUES ('open_547', 0, 2, 'Cute expression');
INSERT INTO `cardExtra` (cardId, type, serial, content) VALUES ('open_547', 0, 3, 'The kittens teamwork');
INSERT INTO `cardExtra` (cardId, type, serial, content) VALUES ('open_547', 0, 4, 'The curious kittens');
INSERT INTO `card` (id, type, title, header, content, option) VALUES ('open_552', 0, 'What can you see?', 'assets/topic/library.gif', NULL, 'open');
INSERT INTO `cardExtra` (cardId, type, serial, content) VALUES ('open_552', 0, 1, 'A rolling library');
INSERT INTO `cardExtra` (cardId, type, serial, content) VALUES ('open_552', 0, 2, 'Many books');
INSERT INTO `cardExtra` (cardId, type, serial, content) VALUES ('open_552', 0, 3, 'Books on the move');
INSERT INTO `cardExtra` (cardId, type, serial, content) VALUES ('open_552', 0, 4, 'The quick movement');
INSERT INTO `card` (id, type, title, header, content, option) VALUES ('open_557', 0, 'What do you see?', 'assets/topic/lil_wayne.gif', NULL, 'open');
INSERT INTO `cardExtra` (cardId, type, serial, content) VALUES ('open_557', 0, 1, 'Dancing children');
INSERT INTO `cardExtra` (cardId, type, serial, content) VALUES ('open_557', 0, 2, 'Boy trying to dance');
INSERT INTO `cardExtra` (cardId, type, serial, content) VALUES ('open_557', 0, 3, 'The boy is alone');
INSERT INTO `cardExtra` (cardId, type, serial, content) VALUES ('open_557', 0, 4, 'It''s a party time.');
INSERT INTO `card` (id, type, title, header, content, option) VALUES ('open_562', 0, 'What can you see?', 'assets/topic/lion.gif', NULL, 'open');
INSERT INTO `cardExtra` (cardId, type, serial, content) VALUES ('open_562', 0, 1, 'A lion moving front and back');
INSERT INTO `cardExtra` (cardId, type, serial, content) VALUES ('open_562', 0, 2, 'Someone blowing bubbles');
INSERT INTO `cardExtra` (cardId, type, serial, content) VALUES ('open_562', 0, 3, 'Catch bubbles');
INSERT INTO `cardExtra` (cardId, type, serial, content) VALUES ('open_562', 0, 4, 'A white lion');
INSERT INTO `card` (id, type, title, header, content, option) VALUES ('open_567', 0, 'What can you see?', 'assets/topic/lion_baby.gif', NULL, 'open');
INSERT INTO `cardExtra` (cardId, type, serial, content) VALUES ('open_567', 0, 1, 'A lion and the child');
INSERT INTO `cardExtra` (cardId, type, serial, content) VALUES ('open_567', 0, 2, 'Trying to eat');
INSERT INTO `cardExtra` (cardId, type, serial, content) VALUES ('open_567', 0, 3, 'The fearless child');
INSERT INTO `cardExtra` (cardId, type, serial, content) VALUES ('open_567', 0, 4, 'Not giving up');
INSERT INTO `card` (id, type, title, header, content, option) VALUES ('open_572', 0, 'What makes it a cute picture?', 'assets/topic/lion_cub.gif', NULL, 'open');
INSERT INTO `cardExtra` (cardId, type, serial, content) VALUES ('open_572', 0, 1, 'The cute little cub');
INSERT INTO `cardExtra` (cardId, type, serial, content) VALUES ('open_572', 0, 2, 'The playful cub');
INSERT INTO `cardExtra` (cardId, type, serial, content) VALUES ('open_572', 0, 3, 'The cub tasting a leaf');
INSERT INTO `cardExtra` (cardId, type, serial, content) VALUES ('open_572', 0, 4, 'A lonely cub');
INSERT INTO `card` (id, type, title, header, content, option) VALUES ('open_577', 0, 'What can you see?', 'assets/topic/little_boy.gif', NULL, 'open');
INSERT INTO `cardExtra` (cardId, type, serial, content) VALUES ('open_577', 0, 1, 'A curious child');
INSERT INTO `cardExtra` (cardId, type, serial, content) VALUES ('open_577', 0, 2, 'Pointing out');
INSERT INTO `cardExtra` (cardId, type, serial, content) VALUES ('open_577', 0, 3, 'Finished the meal');
INSERT INTO `cardExtra` (cardId, type, serial, content) VALUES ('open_577', 0, 4, 'A happy child');
INSERT INTO `card` (id, type, title, header, content, option) VALUES ('open_582', 0, 'What can you see?', 'assets/topic/lol_funny.gif', NULL, 'open');
INSERT INTO `cardExtra` (cardId, type, serial, content) VALUES ('open_582', 0, 1, 'Waiting mother');
INSERT INTO `cardExtra` (cardId, type, serial, content) VALUES ('open_582', 0, 2, 'Excited child');
INSERT INTO `cardExtra` (cardId, type, serial, content) VALUES ('open_582', 0, 3, 'Happy dog');
INSERT INTO `cardExtra` (cardId, type, serial, content) VALUES ('open_582', 0, 4, 'Father carrying the child');
INSERT INTO `card` (id, type, title, header, content, option) VALUES ('open_587', 0, 'What do you see?', 'assets/topic/lucy_composition?.gif', NULL, 'open');
INSERT INTO `cardExtra` (cardId, type, serial, content) VALUES ('open_587', 0, 1, 'A sleeping dog');
INSERT INTO `cardExtra` (cardId, type, serial, content) VALUES ('open_587', 0, 2, 'Someone playing guitar');
INSERT INTO `cardExtra` (cardId, type, serial, content) VALUES ('open_587', 0, 3, 'Dog with the cap');
INSERT INTO `cardExtra` (cardId, type, serial, content) VALUES ('open_587', 0, 4, 'Dog playing Xylophone');
INSERT INTO `card` (id, type, title, header, content, option) VALUES ('open_592', 0, 'What can you see?', 'assets/topic/machine_wind_wing.gif', NULL, 'open');
INSERT INTO `cardExtra` (cardId, type, serial, content) VALUES ('open_592', 0, 1, 'A trendy cow');
INSERT INTO `cardExtra` (cardId, type, serial, content) VALUES ('open_592', 0, 2, 'The strong wind');
INSERT INTO `cardExtra` (cardId, type, serial, content) VALUES ('open_592', 0, 3, 'The cow is staring');
INSERT INTO `cardExtra` (cardId, type, serial, content) VALUES ('open_592', 0, 4, 'Swinging hair');
INSERT INTO `card` (id, type, title, header, content, option) VALUES ('open_597', 0, 'What do you see?', 'assets/topic/magic_happines.gif', NULL, 'open');
INSERT INTO `cardExtra` (cardId, type, serial, content) VALUES ('open_597', 0, 1, 'A family time at the table');
INSERT INTO `cardExtra` (cardId, type, serial, content) VALUES ('open_597', 0, 2, 'Everyone having fun');
INSERT INTO `cardExtra` (cardId, type, serial, content) VALUES ('open_597', 0, 3, 'magician baby');
INSERT INTO `cardExtra` (cardId, type, serial, content) VALUES ('open_597', 0, 4, 'Cheering family');
INSERT INTO `card` (id, type, title, header, content, option) VALUES ('open_602', 0, 'What do you see?', 'assets/topic/man_fish_sleepsoff.gif', NULL, 'open');
INSERT INTO `cardExtra` (cardId, type, serial, content) VALUES ('open_602', 0, 1, 'Man holding a fish');
INSERT INTO `cardExtra` (cardId, type, serial, content) VALUES ('open_602', 0, 2, 'Trying hard to hold');
INSERT INTO `cardExtra` (cardId, type, serial, content) VALUES ('open_602', 0, 3, 'Struggling to escape');
INSERT INTO `cardExtra` (cardId, type, serial, content) VALUES ('open_602', 0, 4, 'Slipped from the hand');
INSERT INTO `card` (id, type, title, header, content, option) VALUES ('open_607', 0, 'What is the monkey doing?', 'assets/topic/marmoset.gif', NULL, 'open');
INSERT INTO `cardExtra` (cardId, type, serial, content) VALUES ('open_607', 0, 1, 'Holding onto the tree');
INSERT INTO `cardExtra` (cardId, type, serial, content) VALUES ('open_607', 0, 2, 'Sticking the tongue out');
INSERT INTO `cardExtra` (cardId, type, serial, content) VALUES ('open_607', 0, 3, 'Teasing someone');
INSERT INTO `cardExtra` (cardId, type, serial, content) VALUES ('open_607', 0, 4, 'trying to catch its prey');
INSERT INTO `card` (id, type, title, header, content, option) VALUES ('open_612', 0, 'What do you see?', 'assets/topic/monkey.gif', NULL, 'open');
INSERT INTO `cardExtra` (cardId, type, serial, content) VALUES ('open_612', 0, 1, 'A baby monkey');
INSERT INTO `cardExtra` (cardId, type, serial, content) VALUES ('open_612', 0, 2, 'Monkey with guitar');
INSERT INTO `cardExtra` (cardId, type, serial, content) VALUES ('open_612', 0, 3, 'Playing guitar');
INSERT INTO `cardExtra` (cardId, type, serial, content) VALUES ('open_612', 0, 4, 'Playing a song');
INSERT INTO `card` (id, type, title, header, content, option) VALUES ('open_617', 0, 'What do you see?', 'assets/topic/monkey_dog.gif', NULL, 'open');
INSERT INTO `cardExtra` (cardId, type, serial, content) VALUES ('open_617', 0, 1, 'Monkey teasing a dog');
INSERT INTO `cardExtra` (cardId, type, serial, content) VALUES ('open_617', 0, 2, 'Pulling dog''s tail');
INSERT INTO `cardExtra` (cardId, type, serial, content) VALUES ('open_617', 0, 3, 'Pulling dog''s hand');
INSERT INTO `cardExtra` (cardId, type, serial, content) VALUES ('open_617', 0, 4, 'Irritated dog');
INSERT INTO `card` (id, type, title, header, content, option) VALUES ('open_622', 0, 'What can you see?', 'assets/topic/monta_ellis.gif', NULL, 'open');
INSERT INTO `cardExtra` (cardId, type, serial, content) VALUES ('open_622', 0, 1, 'Watching a sport');
INSERT INTO `cardExtra` (cardId, type, serial, content) VALUES ('open_622', 0, 2, 'Completely involved');
INSERT INTO `cardExtra` (cardId, type, serial, content) VALUES ('open_622', 0, 3, 'Rubbing hands');
INSERT INTO `cardExtra` (cardId, type, serial, content) VALUES ('open_622', 0, 4, 'Tatoo on arms');
INSERT INTO `card` (id, type, title, header, content, option) VALUES ('open_627', 0, 'What do you see?', 'assets/topic/move_bear_kids.gif', NULL, 'open');
INSERT INTO `cardExtra` (cardId, type, serial, content) VALUES ('open_627', 0, 1, 'The children and the bear');
INSERT INTO `cardExtra` (cardId, type, serial, content) VALUES ('open_627', 0, 2, 'Immitation');
INSERT INTO `cardExtra` (cardId, type, serial, content) VALUES ('open_627', 0, 3, 'Greeting each other');
INSERT INTO `cardExtra` (cardId, type, serial, content) VALUES ('open_627', 0, 4, 'having fun together');
INSERT INTO `card` (id, type, title, header, content, option) VALUES ('open_632', 0, 'What is seen?', 'assets/topic/mrw_get_dance.gif', NULL, 'open');
INSERT INTO `cardExtra` (cardId, type, serial, content) VALUES ('open_632', 0, 1, 'A fun filled classroom');
INSERT INTO `cardExtra` (cardId, type, serial, content) VALUES ('open_632', 0, 2, 'Children having fun');
INSERT INTO `cardExtra` (cardId, type, serial, content) VALUES ('open_632', 0, 3, 'Dancing boy');
INSERT INTO `cardExtra` (cardId, type, serial, content) VALUES ('open_632', 0, 4, 'Children cheering');
INSERT INTO `card` (id, type, title, header, content, option) VALUES ('open_637', 0, 'What is the bird doing?', 'assets/topic/nest_bird.gif', NULL, 'open');
INSERT INTO `cardExtra` (cardId, type, serial, content) VALUES ('open_637', 0, 1, 'Flying in the sky');
INSERT INTO `cardExtra` (cardId, type, serial, content) VALUES ('open_637', 0, 2, 'searching food');
INSERT INTO `cardExtra` (cardId, type, serial, content) VALUES ('open_637', 0, 3, 'The bird is screeching');
INSERT INTO `cardExtra` (cardId, type, serial, content) VALUES ('open_637', 0, 4, 'Flapping wings');
INSERT INTO `card` (id, type, title, header, content, option) VALUES ('open_642', 0, 'What do you see?', 'assets/topic/noodles.gif', NULL, 'open');
INSERT INTO `cardExtra` (cardId, type, serial, content) VALUES ('open_642', 0, 1, 'Girl at the resyaurant');
INSERT INTO `cardExtra` (cardId, type, serial, content) VALUES ('open_642', 0, 2, 'Eating noodles');
INSERT INTO `cardExtra` (cardId, type, serial, content) VALUES ('open_642', 0, 3, 'Enjoying the food');
INSERT INTO `cardExtra` (cardId, type, serial, content) VALUES ('open_642', 0, 4, 'Bag behind the seat');
INSERT INTO `card` (id, type, title, header, content, option) VALUES ('open_647', 0, 'What is the monkey doing?', 'assets/topic/office_monkey.gif', NULL, 'open');
INSERT INTO `cardExtra` (cardId, type, serial, content) VALUES ('open_647', 0, 1, 'Pushing the laptop');
INSERT INTO `cardExtra` (cardId, type, serial, content) VALUES ('open_647', 0, 2, 'Angry monkey');
INSERT INTO `cardExtra` (cardId, type, serial, content) VALUES ('open_647', 0, 3, 'Sitting on the chair');
INSERT INTO `cardExtra` (cardId, type, serial, content) VALUES ('open_647', 0, 4, 'Unhappy monkey');
INSERT INTO `card` (id, type, title, header, content, option) VALUES ('open_652', 0, 'What is seen in the forest?', 'assets/topic/orangutan.gif', NULL, 'open');
INSERT INTO `cardExtra` (cardId, type, serial, content) VALUES ('open_652', 0, 1, 'Dancing monkey');
INSERT INTO `cardExtra` (cardId, type, serial, content) VALUES ('open_652', 0, 2, 'Excited monkey');
INSERT INTO `cardExtra` (cardId, type, serial, content) VALUES ('open_652', 0, 3, 'Singing and dancing');
INSERT INTO `cardExtra` (cardId, type, serial, content) VALUES ('open_652', 0, 4, 'Inviting others to join');
INSERT INTO `card` (id, type, title, header, content, option) VALUES ('open_657', 0, 'What is seen?', 'assets/topic/orangutan_dancing.gif', NULL, 'open');
INSERT INTO `cardExtra` (cardId, type, serial, content) VALUES ('open_657', 0, 1, 'A dancing orangutan');
INSERT INTO `cardExtra` (cardId, type, serial, content) VALUES ('open_657', 0, 2, 'Dancing for a song');
INSERT INTO `cardExtra` (cardId, type, serial, content) VALUES ('open_657', 0, 3, 'Singing in joy');
INSERT INTO `cardExtra` (cardId, type, serial, content) VALUES ('open_657', 0, 4, 'Funny Movements');
INSERT INTO `card` (id, type, title, header, content, option) VALUES ('open_662', 0, 'What do you see?', 'assets/topic/panda.gif', NULL, 'open');
INSERT INTO `cardExtra` (cardId, type, serial, content) VALUES ('open_662', 0, 1, 'A snow filled mountain');
INSERT INTO `cardExtra` (cardId, type, serial, content) VALUES ('open_662', 0, 2, 'Rolling panda');
INSERT INTO `cardExtra` (cardId, type, serial, content) VALUES ('open_662', 0, 3, 'Fun in the snow');
INSERT INTO `cardExtra` (cardId, type, serial, content) VALUES ('open_662', 0, 4, 'Slipping down');
INSERT INTO `card` (id, type, title, header, content, option) VALUES ('open_667', 0, 'What do you see?', 'assets/topic/panda_fighting.gif', NULL, 'open');
INSERT INTO `cardExtra` (cardId, type, serial, content) VALUES ('open_667', 0, 1, 'Two panda friends');
INSERT INTO `cardExtra` (cardId, type, serial, content) VALUES ('open_667', 0, 2, 'Playful pandas');
INSERT INTO `cardExtra` (cardId, type, serial, content) VALUES ('open_667', 0, 3, 'Tumble down');
INSERT INTO `cardExtra` (cardId, type, serial, content) VALUES ('open_667', 0, 4, 'Green grass');
INSERT INTO `card` (id, type, title, header, content, option) VALUES ('open_672', 0, 'What is seen?', 'assets/topic/parrot.gif', NULL, 'open');
INSERT INTO `cardExtra` (cardId, type, serial, content) VALUES ('open_672', 0, 1, 'A parrot and a ball');
INSERT INTO `cardExtra` (cardId, type, serial, content) VALUES ('open_672', 0, 2, 'Parrot on the ball');
INSERT INTO `cardExtra` (cardId, type, serial, content) VALUES ('open_672', 0, 3, 'Balance on ball');
INSERT INTO `cardExtra` (cardId, type, serial, content) VALUES ('open_672', 0, 4, 'Smooth floor');
INSERT INTO `card` (id, type, title, header, content, option) VALUES ('open_677', 0, 'What do you see?', 'assets/topic/paw_kisser.gif', NULL, 'open');
INSERT INTO `cardExtra` (cardId, type, serial, content) VALUES ('open_677', 0, 1, 'A girl playing squash');
INSERT INTO `cardExtra` (cardId, type, serial, content) VALUES ('open_677', 0, 2, 'Waking in shock');
INSERT INTO `cardExtra` (cardId, type, serial, content) VALUES ('open_677', 0, 3, 'Hitting hard');
INSERT INTO `cardExtra` (cardId, type, serial, content) VALUES ('open_677', 0, 4, 'Bouncing ball');
INSERT INTO `card` (id, type, title, header, content, option) VALUES ('open_682', 0, 'What is seen?', 'assets/topic/penguin.gif', NULL, 'open');
INSERT INTO `cardExtra` (cardId, type, serial, content) VALUES ('open_682', 0, 1, 'A baby penguin');
INSERT INTO `cardExtra` (cardId, type, serial, content) VALUES ('open_682', 0, 2, 'Walking alone');
INSERT INTO `cardExtra` (cardId, type, serial, content) VALUES ('open_682', 0, 3, 'Penguins moving fast');
INSERT INTO `cardExtra` (cardId, type, serial, content) VALUES ('open_682', 0, 4, 'Walking slowly');
INSERT INTO `card` (id, type, title, header, content, option) VALUES ('open_687', 0, 'What is seen?', 'assets/topic/perfect_practise.gif', NULL, 'open');
INSERT INTO `cardExtra` (cardId, type, serial, content) VALUES ('open_687', 0, 1, 'A man practicing');
INSERT INTO `cardExtra` (cardId, type, serial, content) VALUES ('open_687', 0, 2, 'Man trying to balance');
INSERT INTO `cardExtra` (cardId, type, serial, content) VALUES ('open_687', 0, 3, 'The perfect balance');
INSERT INTO `cardExtra` (cardId, type, serial, content) VALUES ('open_687', 0, 4, 'Practice makes perfect');
INSERT INTO `card` (id, type, title, header, content, option) VALUES ('open_692', 0, 'What can you see?', 'assets/topic/pets_eating.gif', NULL, 'open');
INSERT INTO `cardExtra` (cardId, type, serial, content) VALUES ('open_692', 0, 1, 'Feed for the dogs');
INSERT INTO `cardExtra` (cardId, type, serial, content) VALUES ('open_692', 0, 2, 'Dogs sitting in a row');
INSERT INTO `cardExtra` (cardId, type, serial, content) VALUES ('open_692', 0, 3, 'Waiting to eat');
INSERT INTO `cardExtra` (cardId, type, serial, content) VALUES ('open_692', 0, 4, 'A confused dog');
INSERT INTO `card` (id, type, title, header, content, option) VALUES ('open_697', 0, 'What do you see?', 'assets/topic/pig_partyanimal.gif', NULL, 'open');
INSERT INTO `cardExtra` (cardId, type, serial, content) VALUES ('open_697', 0, 1, 'A partying pig');
INSERT INTO `cardExtra` (cardId, type, serial, content) VALUES ('open_697', 0, 2, 'Looking out from a moving car');
INSERT INTO `cardExtra` (cardId, type, serial, content) VALUES ('open_697', 0, 3, 'Pinwheels in the wind');
INSERT INTO `cardExtra` (cardId, type, serial, content) VALUES ('open_697', 0, 4, 'A fast moving car');
INSERT INTO `card` (id, type, title, header, content, option) VALUES ('open_702', 0, 'What do you see?', 'assets/topic/pigeons.gif', NULL, 'open');
INSERT INTO `cardExtra` (cardId, type, serial, content) VALUES ('open_702', 0, 1, 'Pigeons in the lawn');
INSERT INTO `cardExtra` (cardId, type, serial, content) VALUES ('open_702', 0, 2, 'Standing on the brick');
INSERT INTO `cardExtra` (cardId, type, serial, content) VALUES ('open_702', 0, 3, 'Eating grains');
INSERT INTO `cardExtra` (cardId, type, serial, content) VALUES ('open_702', 0, 4, 'Waiting for food');
INSERT INTO `card` (id, type, title, header, content, option) VALUES ('open_707', 0, 'What is seen?', 'assets/topic/prank.gif', NULL, 'open');
INSERT INTO `cardExtra` (cardId, type, serial, content) VALUES ('open_707', 0, 1, 'People cheering sport');
INSERT INTO `cardExtra` (cardId, type, serial, content) VALUES ('open_707', 0, 2, 'A sleeping man');
INSERT INTO `cardExtra` (cardId, type, serial, content) VALUES ('open_707', 0, 3, 'People playing prank');
INSERT INTO `cardExtra` (cardId, type, serial, content) VALUES ('open_707', 0, 4, 'Balancing the tumblers');
INSERT INTO `card` (id, type, title, header, content, option) VALUES ('open_712', 0, 'What do you see?', 'assets/topic/robot.gif', NULL, 'open');
INSERT INTO `cardExtra` (cardId, type, serial, content) VALUES ('open_712', 0, 1, 'Plane in the sky');
INSERT INTO `cardExtra` (cardId, type, serial, content) VALUES ('open_712', 0, 2, 'Robot in disguise');
INSERT INTO `cardExtra` (cardId, type, serial, content) VALUES ('open_712', 0, 3, 'Tall robot');
INSERT INTO `cardExtra` (cardId, type, serial, content) VALUES ('open_712', 0, 4, 'Plane to a robot');
INSERT INTO `card` (id, type, title, header, content, option) VALUES ('open_717', 0, 'What can you see?', 'assets/topic/rollingBox.gif', NULL, 'open');
INSERT INTO `cardExtra` (cardId, type, serial, content) VALUES ('open_717', 0, 1, 'A box on the escalator');
INSERT INTO `cardExtra` (cardId, type, serial, content) VALUES ('open_717', 0, 2, 'A turning box');
INSERT INTO `cardExtra` (cardId, type, serial, content) VALUES ('open_717', 0, 3, 'Moving escalator');
INSERT INTO `cardExtra` (cardId, type, serial, content) VALUES ('open_717', 0, 4, 'The shuffled things');
INSERT INTO `card` (id, type, title, header, content, option) VALUES ('open_722', 0, 'What do you see?', 'assets/topic/rope_jumping.gif', NULL, 'open');
INSERT INTO `cardExtra` (cardId, type, serial, content) VALUES ('open_722', 0, 1, 'Everyone are playing');
INSERT INTO `cardExtra` (cardId, type, serial, content) VALUES ('open_722', 0, 2, 'They are balancing');
INSERT INTO `cardExtra` (cardId, type, serial, content) VALUES ('open_722', 0, 3, 'They are enjoying');
INSERT INTO `cardExtra` (cardId, type, serial, content) VALUES ('open_722', 0, 4, 'There is a rope');
INSERT INTO `card` (id, type, title, header, content, option) VALUES ('open_727', 0, 'What do you see?', 'assets/topic/run_away.gif', NULL, 'open');
INSERT INTO `cardExtra` (cardId, type, serial, content) VALUES ('open_727', 0, 1, 'A moving car');
INSERT INTO `cardExtra` (cardId, type, serial, content) VALUES ('open_727', 0, 2, 'A running man');
INSERT INTO `cardExtra` (cardId, type, serial, content) VALUES ('open_727', 0, 3, 'Fast running');
INSERT INTO `cardExtra` (cardId, type, serial, content) VALUES ('open_727', 0, 4, 'Chasing the car');
INSERT INTO `card` (id, type, title, header, content, option) VALUES ('open_732', 0, 'What is seen in the forest?', 'assets/topic/running_lion.gif', NULL, 'open');
INSERT INTO `cardExtra` (cardId, type, serial, content) VALUES ('open_732', 0, 1, 'Deers');
INSERT INTO `cardExtra` (cardId, type, serial, content) VALUES ('open_732', 0, 2, 'A Chasing lion');
INSERT INTO `cardExtra` (cardId, type, serial, content) VALUES ('open_732', 0, 3, 'Catch the prey');
INSERT INTO `cardExtra` (cardId, type, serial, content) VALUES ('open_732', 0, 4, 'Scared scene');
INSERT INTO `card` (id, type, title, header, content, option) VALUES ('open_737', 0, 'What is the girl doing?', 'assets/topic/sad.gif', NULL, 'open');
INSERT INTO `cardExtra` (cardId, type, serial, content) VALUES ('open_737', 0, 1, 'The girl looks sad');
INSERT INTO `cardExtra` (cardId, type, serial, content) VALUES ('open_737', 0, 2, 'The girl is crying');
INSERT INTO `cardExtra` (cardId, type, serial, content) VALUES ('open_737', 0, 3, 'Trying to say');
INSERT INTO `cardExtra` (cardId, type, serial, content) VALUES ('open_737', 0, 4, 'controlling tears');
INSERT INTO `card` (id, type, title, header, content, option) VALUES ('open_742', 0, 'What do you see?', 'assets/topic/scooter_dog.gif', NULL, 'open');
INSERT INTO `cardExtra` (cardId, type, serial, content) VALUES ('open_742', 0, 1, 'A scooter');
INSERT INTO `cardExtra` (cardId, type, serial, content) VALUES ('open_742', 0, 2, 'Dog riding');
INSERT INTO `cardExtra` (cardId, type, serial, content) VALUES ('open_742', 0, 3, 'Balancing');
INSERT INTO `cardExtra` (cardId, type, serial, content) VALUES ('open_742', 0, 4, 'Man on ride');
INSERT INTO `card` (id, type, title, header, content, option) VALUES ('open_747', 0, 'What is seen?', 'assets/topic/sheep_tounge.gif', NULL, 'open');
INSERT INTO `cardExtra` (cardId, type, serial, content) VALUES ('open_747', 0, 1, 'A cute white sheep');
INSERT INTO `cardExtra` (cardId, type, serial, content) VALUES ('open_747', 0, 2, 'Asking feed');
INSERT INTO `cardExtra` (cardId, type, serial, content) VALUES ('open_747', 0, 3, 'Saying something');
INSERT INTO `cardExtra` (cardId, type, serial, content) VALUES ('open_747', 0, 4, 'Posing for camera');
INSERT INTO `card` (id, type, title, header, content, option) VALUES ('open_752', 0, 'What do you see?', 'assets/topic/sky_diving.gif', NULL, 'open');
INSERT INTO `cardExtra` (cardId, type, serial, content) VALUES ('open_752', 0, 1, 'Group of men');
INSERT INTO `cardExtra` (cardId, type, serial, content) VALUES ('open_752', 0, 2, 'Jumping off');
INSERT INTO `cardExtra` (cardId, type, serial, content) VALUES ('open_752', 0, 3, 'Swinging');
INSERT INTO `cardExtra` (cardId, type, serial, content) VALUES ('open_752', 0, 4, 'Throwing');
INSERT INTO `card` (id, type, title, header, content, option) VALUES ('open_757', 0, 'What do you see?', 'assets/topic/sleeping_bhutan.gif', NULL, 'open');
INSERT INTO `cardExtra` (cardId, type, serial, content) VALUES ('open_757', 0, 1, 'A classroom');
INSERT INTO `cardExtra` (cardId, type, serial, content) VALUES ('open_757', 0, 2, 'A sleeping boy');
INSERT INTO `cardExtra` (cardId, type, serial, content) VALUES ('open_757', 0, 3, 'Children reading books');
INSERT INTO `cardExtra` (cardId, type, serial, content) VALUES ('open_757', 0, 4, 'Laughing boy');
INSERT INTO `card` (id, type, title, header, content, option) VALUES ('open_762', 0, 'What is seen?', 'assets/topic/sleeping_kitten.gif', NULL, 'open');
INSERT INTO `cardExtra` (cardId, type, serial, content) VALUES ('open_762', 0, 1, 'The kitten on a  table');
INSERT INTO `cardExtra` (cardId, type, serial, content) VALUES ('open_762', 0, 2, 'Sleep kitten');
INSERT INTO `cardExtra` (cardId, type, serial, content) VALUES ('open_762', 0, 3, 'loosing balance');
INSERT INTO `cardExtra` (cardId, type, serial, content) VALUES ('open_762', 0, 4, 'Losing concentration');
INSERT INTO `card` (id, type, title, header, content, option) VALUES ('open_767', 0, 'What do you see?', 'assets/topic/smile_dog.gif', NULL, 'open');
INSERT INTO `cardExtra` (cardId, type, serial, content) VALUES ('open_767', 0, 1, 'A smiling dog');
INSERT INTO `cardExtra` (cardId, type, serial, content) VALUES ('open_767', 0, 2, 'Posing for camera');
INSERT INTO `cardExtra` (cardId, type, serial, content) VALUES ('open_767', 0, 3, 'White teeth');
INSERT INTO `cardExtra` (cardId, type, serial, content) VALUES ('open_767', 0, 4, 'Cute picture');
INSERT INTO `card` (id, type, title, header, content, option) VALUES ('open_772', 0, 'Have you seen this before?', 'assets/topic/sparkles.gif', NULL, 'open');
INSERT INTO `cardExtra` (cardId, type, serial, content) VALUES ('open_772', 0, 1, 'Yes, it is a sparkle');
INSERT INTO `cardExtra` (cardId, type, serial, content) VALUES ('open_772', 0, 2, 'Fire cracker');
INSERT INTO `cardExtra` (cardId, type, serial, content) VALUES ('open_772', 0, 3, 'Tiny stars all over');
INSERT INTO `cardExtra` (cardId, type, serial, content) VALUES ('open_772', 0, 4, 'Festivals and occasion');
INSERT INTO `card` (id, type, title, header, content, option) VALUES ('open_777', 0, 'What do you see?', 'assets/topic/sumo.gif', NULL, 'open');
INSERT INTO `cardExtra` (cardId, type, serial, content) VALUES ('open_777', 0, 1, 'Sumo wrestlers');
INSERT INTO `cardExtra` (cardId, type, serial, content) VALUES ('open_777', 0, 2, 'Fat wrestler');
INSERT INTO `cardExtra` (cardId, type, serial, content) VALUES ('open_777', 0, 3, 'Small wrestler');
INSERT INTO `cardExtra` (cardId, type, serial, content) VALUES ('open_777', 0, 4, 'Sitting');
INSERT INTO `card` (id, type, title, header, content, option) VALUES ('open_782', 0, 'What do you see?', 'assets/topic/swiming.gif', NULL, 'open');
INSERT INTO `cardExtra` (cardId, type, serial, content) VALUES ('open_782', 0, 1, 'Man swimming');
INSERT INTO `cardExtra` (cardId, type, serial, content) VALUES ('open_782', 0, 2, 'Flying in water');
INSERT INTO `cardExtra` (cardId, type, serial, content) VALUES ('open_782', 0, 3, 'Hitting water');
INSERT INTO `cardExtra` (cardId, type, serial, content) VALUES ('open_782', 0, 4, 'Blue water');
INSERT INTO `card` (id, type, title, header, content, option) VALUES ('open_787', 0, 'What is seen?', 'assets/topic/swiming_phelps.gif', NULL, 'open');
INSERT INTO `cardExtra` (cardId, type, serial, content) VALUES ('open_787', 0, 1, 'Man trying to swim');
INSERT INTO `cardExtra` (cardId, type, serial, content) VALUES ('open_787', 0, 2, 'Roadside stream');
INSERT INTO `cardExtra` (cardId, type, serial, content) VALUES ('open_787', 0, 3, 'Mud water');
INSERT INTO `cardExtra` (cardId, type, serial, content) VALUES ('open_787', 0, 4, 'Wet and dirt');
INSERT INTO `card` (id, type, title, header, content, option) VALUES ('open_792', 0, 'What do you see?', 'assets/topic/teacher.gif', NULL, 'open');
INSERT INTO `cardExtra` (cardId, type, serial, content) VALUES ('open_792', 0, 1, 'A man');
INSERT INTO `cardExtra` (cardId, type, serial, content) VALUES ('open_792', 0, 2, 'Black board and chalk');
INSERT INTO `cardExtra` (cardId, type, serial, content) VALUES ('open_792', 0, 3, 'Man drawing circle');
INSERT INTO `cardExtra` (cardId, type, serial, content) VALUES ('open_792', 0, 4, 'A classroom');
INSERT INTO `card` (id, type, title, header, content, option) VALUES ('open_797', 0, 'What is the teddy doing?', 'assets/topic/teddy.gif', NULL, 'open');
INSERT INTO `cardExtra` (cardId, type, serial, content) VALUES ('open_797', 0, 1, 'kissing');
INSERT INTO `cardExtra` (cardId, type, serial, content) VALUES ('open_797', 0, 2, 'holding a rose');
INSERT INTO `cardExtra` (cardId, type, serial, content) VALUES ('open_797', 0, 3, 'Rose in the mouth');
INSERT INTO `cardExtra` (cardId, type, serial, content) VALUES ('open_797', 0, 4, 'Smelling');
INSERT INTO `card` (id, type, title, header, content, option) VALUES ('open_802', 0, 'What is the man doing?', 'assets/topic/thinking_clipper.gif', NULL, 'open');
INSERT INTO `cardExtra` (cardId, type, serial, content) VALUES ('open_802', 0, 1, 'Thinking');
INSERT INTO `cardExtra` (cardId, type, serial, content) VALUES ('open_802', 0, 2, 'Looking up');
INSERT INTO `cardExtra` (cardId, type, serial, content) VALUES ('open_802', 0, 3, 'New idea');
INSERT INTO `cardExtra` (cardId, type, serial, content) VALUES ('open_802', 0, 4, 'Trying to recallt');
INSERT INTO `card` (id, type, title, header, content, option) VALUES ('open_807', 0, 'What do you see?', 'assets/topic/tree.gif', NULL, 'open');
INSERT INTO `cardExtra` (cardId, type, serial, content) VALUES ('open_807', 0, 1, 'Lonely house');
INSERT INTO `cardExtra` (cardId, type, serial, content) VALUES ('open_807', 0, 2, 'Tree with branches');
INSERT INTO `cardExtra` (cardId, type, serial, content) VALUES ('open_807', 0, 3, 'Old house');
INSERT INTO `cardExtra` (cardId, type, serial, content) VALUES ('open_807', 0, 4, 'Finger like branches');
INSERT INTO `card` (id, type, title, header, content, option) VALUES ('open_812', 0, 'What do you see?', 'assets/topic/uniform_chalk_duster.gif', NULL, 'open');
INSERT INTO `cardExtra` (cardId, type, serial, content) VALUES ('open_812', 0, 1, 'A disciplined classroom');
INSERT INTO `cardExtra` (cardId, type, serial, content) VALUES ('open_812', 0, 2, 'Students standing');
INSERT INTO `cardExtra` (cardId, type, serial, content) VALUES ('open_812', 0, 3, 'Tidy classroom');
INSERT INTO `cardExtra` (cardId, type, serial, content) VALUES ('open_812', 0, 4, 'Charts on the wall');
INSERT INTO `card` (id, type, title, header, content, option) VALUES ('open_817', 0, 'What do you see?', 'assets/topic/warm_fire.gif', NULL, 'open');
INSERT INTO `cardExtra` (cardId, type, serial, content) VALUES ('open_817', 0, 1, 'A fireplace');
INSERT INTO `cardExtra` (cardId, type, serial, content) VALUES ('open_817', 0, 2, 'A winter night');
INSERT INTO `cardExtra` (cardId, type, serial, content) VALUES ('open_817', 0, 3, 'Burning logs');
INSERT INTO `cardExtra` (cardId, type, serial, content) VALUES ('open_817', 0, 4, 'Red hot fire');
INSERT INTO `card` (id, type, title, header, content, option) VALUES ('open_822', 0, 'What are the children doing?', 'assets/topic/water_kids.gif', NULL, 'open');
INSERT INTO `cardExtra` (cardId, type, serial, content) VALUES ('open_822', 0, 1, 'Playing on slide');
INSERT INTO `cardExtra` (cardId, type, serial, content) VALUES ('open_822', 0, 2, 'Sliding into water');
INSERT INTO `cardExtra` (cardId, type, serial, content) VALUES ('open_822', 0, 3, 'Jumping boy');
INSERT INTO `cardExtra` (cardId, type, serial, content) VALUES ('open_822', 0, 4, 'Girl sliding');
INSERT INTO `card` (id, type, title, header, content, option) VALUES ('open_827', 0, 'What do you see?', 'assets/topic/water_tiny_step.gif', NULL, 'open');
INSERT INTO `cardExtra` (cardId, type, serial, content) VALUES ('open_827', 0, 1, 'A baby elephant');
INSERT INTO `cardExtra` (cardId, type, serial, content) VALUES ('open_827', 0, 2, 'Elephant bathing');
INSERT INTO `cardExtra` (cardId, type, serial, content) VALUES ('open_827', 0, 3, 'Water splashing');
INSERT INTO `cardExtra` (cardId, type, serial, content) VALUES ('open_827', 0, 4, 'Water from waterpipe');
INSERT INTO `card` (id, type, title, header, content, option) VALUES ('open_832', 0, 'What can you see?', 'assets/topic/waving.gif', NULL, 'open');
INSERT INTO `cardExtra` (cardId, type, serial, content) VALUES ('open_832', 0, 1, 'A waving hand');
INSERT INTO `cardExtra` (cardId, type, serial, content) VALUES ('open_832', 0, 2, 'White gloves');
INSERT INTO `cardExtra` (cardId, type, serial, content) VALUES ('open_832', 0, 3, 'Saying hi');
INSERT INTO `cardExtra` (cardId, type, serial, content) VALUES ('open_832', 0, 4, 'saying bye');
INSERT INTO `card` (id, type, title, header, content, option) VALUES ('open_837', 0, 'What can you see?', 'assets/topic/weeding_funny_kid.gif', NULL, 'open');
INSERT INTO `cardExtra` (cardId, type, serial, content) VALUES ('open_837', 0, 1, 'Wedding ceremony');
INSERT INTO `cardExtra` (cardId, type, serial, content) VALUES ('open_837', 0, 2, 'young boy walking');
INSERT INTO `cardExtra` (cardId, type, serial, content) VALUES ('open_837', 0, 3, 'A pastor');
INSERT INTO `cardExtra` (cardId, type, serial, content) VALUES ('open_837', 0, 4, 'People laughing');
INSERT INTO `card` (id, type, title, header, content, option) VALUES ('open_842', 0, 'What do you see?', 'assets/topic/wiggle.gif', NULL, 'open');
INSERT INTO `cardExtra` (cardId, type, serial, content) VALUES ('open_842', 0, 1, 'Wiggling cat');
INSERT INTO `cardExtra` (cardId, type, serial, content) VALUES ('open_842', 0, 2, 'Wiggling man');
INSERT INTO `cardExtra` (cardId, type, serial, content) VALUES ('open_842', 0, 3, 'Immitation');
INSERT INTO `cardExtra` (cardId, type, serial, content) VALUES ('open_842', 0, 4, 'Smiling man');
INSERT INTO `card` (id, type, title, header, content, option) VALUES ('open_847', 0, 'What do you see?', 'assets/topic/wild_deadly_fish.gif', NULL, 'open');
INSERT INTO `cardExtra` (cardId, type, serial, content) VALUES ('open_847', 0, 1, 'A big wild bear');
INSERT INTO `cardExtra` (cardId, type, serial, content) VALUES ('open_847', 0, 2, 'trapped fish');
INSERT INTO `cardExtra` (cardId, type, serial, content) VALUES ('open_847', 0, 3, 'silver fish');
INSERT INTO `cardExtra` (cardId, type, serial, content) VALUES ('open_847', 0, 4, 'water');
INSERT INTO `card` (id, type, title, header, content, option) VALUES ('open_852', 0, 'What do you see?', 'assets/topic/with_dad_son.gif', NULL, 'open');
INSERT INTO `cardExtra` (cardId, type, serial, content) VALUES ('open_852', 0, 1, 'Father and child playing');
INSERT INTO `cardExtra` (cardId, type, serial, content) VALUES ('open_852', 0, 2, 'Balance');
INSERT INTO `cardExtra` (cardId, type, serial, content) VALUES ('open_852', 0, 3, 'having fun');
INSERT INTO `cardExtra` (cardId, type, serial, content) VALUES ('open_852', 0, 4, 'Good grip');
INSERT INTO `card` (id, type, title, header, content, option) VALUES ('open_857', 0, 'What can you see?', 'assets/topic/working.gif', NULL, 'open');
INSERT INTO `cardExtra` (cardId, type, serial, content) VALUES ('open_857', 0, 1, 'Working woman');
INSERT INTO `cardExtra` (cardId, type, serial, content) VALUES ('open_857', 0, 2, 'A laptop');
INSERT INTO `cardExtra` (cardId, type, serial, content) VALUES ('open_857', 0, 3, 'Sleepy woman');
INSERT INTO `cardExtra` (cardId, type, serial, content) VALUES ('open_857', 0, 4, 'Wide opened eyes');
INSERT INTO `card` (id, type, title, header, content, option) VALUES ('open_862', 0, 'What can you see?', 'assets/topic/writing.gif', NULL, 'open');
INSERT INTO `cardExtra` (cardId, type, serial, content) VALUES ('open_862', 0, 1, 'Woman writing');
INSERT INTO `cardExtra` (cardId, type, serial, content) VALUES ('open_862', 0, 2, 'Writing with pen');
INSERT INTO `cardExtra` (cardId, type, serial, content) VALUES ('open_862', 0, 3, 'Words on the paper');
INSERT INTO `cardExtra` (cardId, type, serial, content) VALUES ('open_862', 0, 4, 'Thumb ring');
INSERT INTO `card` (id, type, title, header, content, option) VALUES ('open_867', 0, 'What do you see?', 'assets/topic/year_father_funsubstance.gif', NULL, 'open');
INSERT INTO `cardExtra` (cardId, type, serial, content) VALUES ('open_867', 0, 1, 'Father and children');
INSERT INTO `cardExtra` (cardId, type, serial, content) VALUES ('open_867', 0, 2, 'Big football');
INSERT INTO `cardExtra` (cardId, type, serial, content) VALUES ('open_867', 0, 3, 'Playing father');
INSERT INTO `cardExtra` (cardId, type, serial, content) VALUES ('open_867', 0, 4, 'Falling children');
INSERT INTO `card` (id, type, title, header, content, option) VALUES ('open_872', 0, 'What can you see?', 'assets/topic/afvpets_dog_owner.gif', NULL, 'open');
INSERT INTO `cardExtra` (cardId, type, serial, content) VALUES ('open_872', 0, 1, 'Man and his pet');
INSERT INTO `cardExtra` (cardId, type, serial, content) VALUES ('open_872', 0, 2, 'They are playing');
INSERT INTO `cardExtra` (cardId, type, serial, content) VALUES ('open_872', 0, 3, 'Doing hi five');
INSERT INTO `cardExtra` (cardId, type, serial, content) VALUES ('open_872', 0, 4, 'Both are having fun');
INSERT INTO `card` (id, type, title, header, content, option) VALUES ('open_877', 0, 'What can you see?', 'assets/topic/afvpets_dog_tounge_out?.gif', NULL, 'open');
INSERT INTO `cardExtra` (cardId, type, serial, content) VALUES ('open_877', 0, 1, 'A sleeping dog');
INSERT INTO `cardExtra` (cardId, type, serial, content) VALUES ('open_877', 0, 2, 'Pulling the tongue');
INSERT INTO `cardExtra` (cardId, type, serial, content) VALUES ('open_877', 0, 3, 'Deep sleep');
INSERT INTO `cardExtra` (cardId, type, serial, content) VALUES ('open_877', 0, 4, 'Blinking eyes');
INSERT INTO `card` (id, type, title, header, content, option) VALUES ('open_882', 0, 'What do you see?', 'assets/topic/afvpets?.gif', NULL, 'open');
INSERT INTO `cardExtra` (cardId, type, serial, content) VALUES ('open_882', 0, 1, 'Tagged ears');
INSERT INTO `cardExtra` (cardId, type, serial, content) VALUES ('open_882', 0, 2, 'Tongue sticking out');
INSERT INTO `cardExtra` (cardId, type, serial, content) VALUES ('open_882', 0, 3, 'A cow nodding');
INSERT INTO `cardExtra` (cardId, type, serial, content) VALUES ('open_882', 0, 4, 'A cow shed');
INSERT INTO `card` (id, type, title, header, content, option) VALUES ('open_887', 0, 'What are the two doing?', 'assets/topic/arm_wrestling.gif', NULL, 'open');
INSERT INTO `cardExtra` (cardId, type, serial, content) VALUES ('open_887', 0, 1, 'Sitting at the table');
INSERT INTO `cardExtra` (cardId, type, serial, content) VALUES ('open_887', 0, 2, 'Arm wrestling');
INSERT INTO `cardExtra` (cardId, type, serial, content) VALUES ('open_887', 0, 3, 'Falling off the chair');
INSERT INTO `cardExtra` (cardId, type, serial, content) VALUES ('open_887', 0, 4, 'The woman won');
INSERT INTO `card` (id, type, title, header, content, option) VALUES ('open_892', 0, 'What is the pig doing?', 'assets/topic/artist_painting.gif', NULL, 'open');
INSERT INTO `cardExtra` (cardId, type, serial, content) VALUES ('open_892', 0, 1, 'It''s painting');
INSERT INTO `cardExtra` (cardId, type, serial, content) VALUES ('open_892', 0, 2, 'Painting with brush');
INSERT INTO `cardExtra` (cardId, type, serial, content) VALUES ('open_892', 0, 3, 'Colourful painting');
INSERT INTO `cardExtra` (cardId, type, serial, content) VALUES ('open_892', 0, 4, 'Brushing from mouth');
INSERT INTO `card` (id, type, title, header, content, option) VALUES ('open_897', 0, 'What is the baby doing?', 'assets/topic/baby_abs_workout.gif', NULL, 'open');
INSERT INTO `cardExtra` (cardId, type, serial, content) VALUES ('open_897', 0, 1, 'Sleeping on a rocking chair');
INSERT INTO `cardExtra` (cardId, type, serial, content) VALUES ('open_897', 0, 2, 'Moving front and back');
INSERT INTO `cardExtra` (cardId, type, serial, content) VALUES ('open_897', 0, 3, 'It''s working out');
INSERT INTO `cardExtra` (cardId, type, serial, content) VALUES ('open_897', 0, 4, 'Having fun');
INSERT INTO `card` (id, type, title, header, content, option) VALUES ('open_902', 0, 'What do you see?', 'assets/topic/baby_funny_beach.gif', NULL, 'open');
INSERT INTO `cardExtra` (cardId, type, serial, content) VALUES ('open_902', 0, 1, 'A sandy beach');
INSERT INTO `cardExtra` (cardId, type, serial, content) VALUES ('open_902', 0, 2, 'Children on the beach');
INSERT INTO `cardExtra` (cardId, type, serial, content) VALUES ('open_902', 0, 3, 'Boy throwing sand');
INSERT INTO `cardExtra` (cardId, type, serial, content) VALUES ('open_902', 0, 4, 'Boy dusting eyes');
INSERT INTO `card` (id, type, title, header, content, option) VALUES ('open_907', 0, 'What is the bear doing?', 'assets/topic/bear_scratching_back.gif', NULL, 'open');
INSERT INTO `cardExtra` (cardId, type, serial, content) VALUES ('open_907', 0, 1, 'Its sitting');
INSERT INTO `cardExtra` (cardId, type, serial, content) VALUES ('open_907', 0, 2, 'Scratching back');
INSERT INTO `cardExtra` (cardId, type, serial, content) VALUES ('open_907', 0, 3, 'Sitting on stairs');
INSERT INTO `cardExtra` (cardId, type, serial, content) VALUES ('open_907', 0, 4, 'Scratching with nails');
INSERT INTO `card` (id, type, title, header, content, option) VALUES ('open_912', 0, 'What do you see?', 'assets/topic/brother_sisters.gif', NULL, 'open');
INSERT INTO `cardExtra` (cardId, type, serial, content) VALUES ('open_912', 0, 1, 'Children on the sofa');
INSERT INTO `cardExtra` (cardId, type, serial, content) VALUES ('open_912', 0, 2, 'Sitting together');
INSERT INTO `cardExtra` (cardId, type, serial, content) VALUES ('open_912', 0, 3, 'Crying child');
INSERT INTO `cardExtra` (cardId, type, serial, content) VALUES ('open_912', 0, 4, 'Confused child');
INSERT INTO `card` (id, type, title, header, content, option) VALUES ('open_917', 0, 'What do you see?', 'assets/topic/bruno_mars.gif', NULL, 'open');
INSERT INTO `cardExtra` (cardId, type, serial, content) VALUES ('open_917', 0, 1, 'An action man');
INSERT INTO `cardExtra` (cardId, type, serial, content) VALUES ('open_917', 0, 2, 'Driving car');
INSERT INTO `cardExtra` (cardId, type, serial, content) VALUES ('open_917', 0, 3, 'moving wheels');
INSERT INTO `cardExtra` (cardId, type, serial, content) VALUES ('open_917', 0, 4, 'Funny movement');
INSERT INTO `card` (id, type, title, header, content, option) VALUES ('open_922', 0, 'What do you see?', 'assets/topic/bublywater_bubly_water?.gif', NULL, 'open');
INSERT INTO `cardExtra` (cardId, type, serial, content) VALUES ('open_922', 0, 1, 'A smiley');
INSERT INTO `cardExtra` (cardId, type, serial, content) VALUES ('open_922', 0, 2, 'Smiley turning into cycle');
INSERT INTO `cardExtra` (cardId, type, serial, content) VALUES ('open_922', 0, 3, 'Friends riding');
INSERT INTO `cardExtra` (cardId, type, serial, content) VALUES ('open_922', 0, 4, 'Having fun');
INSERT INTO `card` (id, type, title, header, content, option) VALUES ('open_927', 0, 'What do you see?', 'assets/topic/candle_light.gif', NULL, 'open');
INSERT INTO `cardExtra` (cardId, type, serial, content) VALUES ('open_927', 0, 1, 'Bunch of chillies');
INSERT INTO `cardExtra` (cardId, type, serial, content) VALUES ('open_927', 0, 2, 'Chillie lighter');
INSERT INTO `cardExtra` (cardId, type, serial, content) VALUES ('open_927', 0, 3, 'Lighting a candle');
INSERT INTO `cardExtra` (cardId, type, serial, content) VALUES ('open_927', 0, 4, 'Lighted candle');
INSERT INTO `card` (id, type, title, header, content, option) VALUES ('open_932', 0, 'What can you see?', 'assets/topic/cheezburger_funny_kids?.gif', NULL, 'open');
INSERT INTO `cardExtra` (cardId, type, serial, content) VALUES ('open_932', 0, 1, 'People at the restaurant');
INSERT INTO `cardExtra` (cardId, type, serial, content) VALUES ('open_932', 0, 2, 'A funny boy');
INSERT INTO `cardExtra` (cardId, type, serial, content) VALUES ('open_932', 0, 3, 'Funny smile');
INSERT INTO `cardExtra` (cardId, type, serial, content) VALUES ('open_932', 0, 4, 'Wiping the sweat');
INSERT INTO `card` (id, type, title, header, content, option) VALUES ('open_937', 0, 'What is the man doing?', 'assets/topic/cysle_funny_falling_water.gif', NULL, 'open');
INSERT INTO `cardExtra` (cardId, type, serial, content) VALUES ('open_937', 0, 1, 'Cycling');
INSERT INTO `cardExtra` (cardId, type, serial, content) VALUES ('open_937', 0, 2, 'Riding a small cycle');
INSERT INTO `cardExtra` (cardId, type, serial, content) VALUES ('open_937', 0, 3, 'Riding into the water');
INSERT INTO `cardExtra` (cardId, type, serial, content) VALUES ('open_937', 0, 4, 'Riding on the bridge');
INSERT INTO `card` (id, type, title, header, content, option) VALUES ('open_942', 0, 'What do you see?', 'assets/topic/dad_reflexes.gif', NULL, 'open');
INSERT INTO `cardExtra` (cardId, type, serial, content) VALUES ('open_942', 0, 1, 'Father and the child');
INSERT INTO `cardExtra` (cardId, type, serial, content) VALUES ('open_942', 0, 2, 'Surfing on water');
INSERT INTO `cardExtra` (cardId, type, serial, content) VALUES ('open_942', 0, 3, 'Slipping off the board');
INSERT INTO `cardExtra` (cardId, type, serial, content) VALUES ('open_942', 0, 4, 'Father caught the child');
INSERT INTO `card` (id, type, title, header, content, option) VALUES ('open_947', 0, 'What do you see?', 'assets/topic/dog_hallowen_costume.gif', NULL, 'open');
INSERT INTO `cardExtra` (cardId, type, serial, content) VALUES ('open_947', 0, 1, 'A pet dog');
INSERT INTO `cardExtra` (cardId, type, serial, content) VALUES ('open_947', 0, 2, 'Wagging tail');
INSERT INTO `cardExtra` (cardId, type, serial, content) VALUES ('open_947', 0, 3, 'A wig and googly eyes');
INSERT INTO `cardExtra` (cardId, type, serial, content) VALUES ('open_947', 0, 4, 'Funny face at the back');
INSERT INTO `card` (id, type, title, header, content, option) VALUES ('open_952', 0, 'What do you think?', 'assets/topic/dog_icecream.gif', NULL, 'open');
INSERT INTO `cardExtra` (cardId, type, serial, content) VALUES ('open_952', 0, 1, 'Dog eating an ice-cream');
INSERT INTO `cardExtra` (cardId, type, serial, content) VALUES ('open_952', 0, 2, 'Liking the flavour');
INSERT INTO `cardExtra` (cardId, type, serial, content) VALUES ('open_952', 0, 3, 'Having fun');
INSERT INTO `cardExtra` (cardId, type, serial, content) VALUES ('open_952', 0, 4, 'wants more');
INSERT INTO `card` (id, type, title, header, content, option) VALUES ('open_957', 0, 'Is it real?', 'assets/topic/dog_surfing.gif', NULL, 'open');
INSERT INTO `cardExtra` (cardId, type, serial, content) VALUES ('open_957', 0, 1, 'Yes, a dog is surfing');
INSERT INTO `cardExtra` (cardId, type, serial, content) VALUES ('open_957', 0, 2, 'Fearless dog');
INSERT INTO `cardExtra` (cardId, type, serial, content) VALUES ('open_957', 0, 3, 'Its having fun');
INSERT INTO `cardExtra` (cardId, type, serial, content) VALUES ('open_957', 0, 4, 'Enjoying the splash');
INSERT INTO `card` (id, type, title, header, content, option) VALUES ('open_962', 0, 'Talk about the baby elephant', 'assets/topic/elephant_baby_dog.gif', NULL, 'open');
INSERT INTO `cardExtra` (cardId, type, serial, content) VALUES ('open_962', 0, 1, 'It''s playful');
INSERT INTO `cardExtra` (cardId, type, serial, content) VALUES ('open_962', 0, 2, 'It having fun');
INSERT INTO `cardExtra` (cardId, type, serial, content) VALUES ('open_962', 0, 3, 'Loves playing with dog');
INSERT INTO `cardExtra` (cardId, type, serial, content) VALUES ('open_962', 0, 4, 'Won''t get tired soon');
INSERT INTO `card` (id, type, title, header, content, option) VALUES ('open_967', 0, 'What do you see?', 'assets/topic/elephant_brushing.gif', NULL, 'open');
INSERT INTO `cardExtra` (cardId, type, serial, content) VALUES ('open_967', 0, 1, 'Elephant brushing');
INSERT INTO `cardExtra` (cardId, type, serial, content) VALUES ('open_967', 0, 2, 'Man brushing the elephant');
INSERT INTO `cardExtra` (cardId, type, serial, content) VALUES ('open_967', 0, 3, 'Playful baby elephant');
INSERT INTO `cardExtra` (cardId, type, serial, content) VALUES ('open_967', 0, 4, 'Quick learner');
INSERT INTO `card` (id, type, title, header, content, option) VALUES ('open_972', 0, 'What is the elephant doing?', 'assets/topic/elephant_painting.gif', NULL, 'open');
INSERT INTO `cardExtra` (cardId, type, serial, content) VALUES ('open_972', 0, 1, 'Painting the picture');
INSERT INTO `cardExtra` (cardId, type, serial, content) VALUES ('open_972', 0, 2, 'Drawing a potrait');
INSERT INTO `cardExtra` (cardId, type, serial, content) VALUES ('open_972', 0, 3, 'using paint and brush');
INSERT INTO `cardExtra` (cardId, type, serial, content) VALUES ('open_972', 0, 4, 'Holding brush with its trunk');
INSERT INTO `card` (id, type, title, header, content, option) VALUES ('open_977', 0, 'What are they doing?', 'assets/topic/father_kid_playing.gif', NULL, 'open');
INSERT INTO `cardExtra` (cardId, type, serial, content) VALUES ('open_977', 0, 1, 'They are playing');
INSERT INTO `cardExtra` (cardId, type, serial, content) VALUES ('open_977', 0, 2, 'Jumping over the boy');
INSERT INTO `cardExtra` (cardId, type, serial, content) VALUES ('open_977', 0, 3, 'Both are having fun');
INSERT INTO `cardExtra` (cardId, type, serial, content) VALUES ('open_977', 0, 4, 'The boy is running');
INSERT INTO `card` (id, type, title, header, content, option) VALUES ('open_982', 0, 'What do you see?', 'assets/topic/father_skill_bonding.gif', NULL, 'open');
INSERT INTO `cardExtra` (cardId, type, serial, content) VALUES ('open_982', 0, 1, 'Father and child playing');
INSERT INTO `cardExtra` (cardId, type, serial, content) VALUES ('open_982', 0, 2, 'Showing tummy');
INSERT INTO `cardExtra` (cardId, type, serial, content) VALUES ('open_982', 0, 3, 'Child immitating');
INSERT INTO `cardExtra` (cardId, type, serial, content) VALUES ('open_982', 0, 4, 'Both are having fun');
INSERT INTO `card` (id, type, title, header, content, option) VALUES ('open_987', 0, 'What are they both doing?', 'assets/topic/father_son_falling.gif', NULL, 'open');
INSERT INTO `cardExtra` (cardId, type, serial, content) VALUES ('open_987', 0, 1, 'Fighting');
INSERT INTO `cardExtra` (cardId, type, serial, content) VALUES ('open_987', 0, 2, 'Teasing');
INSERT INTO `cardExtra` (cardId, type, serial, content) VALUES ('open_987', 0, 3, 'Entertaining');
INSERT INTO `cardExtra` (cardId, type, serial, content) VALUES ('open_987', 0, 4, 'Having fun');
INSERT INTO `card` (id, type, title, header, content, option) VALUES ('open_992', 0, 'What the rooster is doing?', 'assets/topic/fathers_sons_day.gif', NULL, 'open');
INSERT INTO `cardExtra` (cardId, type, serial, content) VALUES ('open_992', 0, 1, 'Dancing');
INSERT INTO `cardExtra` (cardId, type, serial, content) VALUES ('open_992', 0, 2, 'Hiphop');
INSERT INTO `cardExtra` (cardId, type, serial, content) VALUES ('open_992', 0, 3, 'Teasing');
INSERT INTO `cardExtra` (cardId, type, serial, content) VALUES ('open_992', 0, 4, 'Head got stuck');
INSERT INTO `card` (id, type, title, header, content, option) VALUES ('open_997', 0, 'What is funny?', 'assets/topic/funny_chicken.gif', NULL, 'open');
INSERT INTO `cardExtra` (cardId, type, serial, content) VALUES ('open_997', 0, 1, 'Robot chicken');
INSERT INTO `cardExtra` (cardId, type, serial, content) VALUES ('open_997', 0, 2, 'Chicken''s firm neck');
INSERT INTO `cardExtra` (cardId, type, serial, content) VALUES ('open_997', 0, 3, 'Flexible body');
INSERT INTO `cardExtra` (cardId, type, serial, content) VALUES ('open_997', 0, 4, 'Funny movemnet');
INSERT INTO `card` (id, type, title, header, content, option) VALUES ('open_1002', 0, 'Why boy will not drown?', 'assets/topic/funny_cute_fail_baby_swiming.gif', NULL, 'open');
INSERT INTO `cardExtra` (cardId, type, serial, content) VALUES ('open_1002', 0, 1, 'He knows swimming');
INSERT INTO `cardExtra` (cardId, type, serial, content) VALUES ('open_1002', 0, 2, 'Airbags tied to arms');
INSERT INTO `cardExtra` (cardId, type, serial, content) VALUES ('open_1002', 0, 3, 'Parents are there');
INSERT INTO `cardExtra` (cardId, type, serial, content) VALUES ('open_1002', 0, 4, 'Water is not deep');
INSERT INTO `card` (id, type, title, header, content, option) VALUES ('open_1007', 0, 'What is ears of dog saying?', 'assets/topic/funny_lol_dog.gif', NULL, 'open');
INSERT INTO `cardExtra` (cardId, type, serial, content) VALUES ('open_1007', 0, 1, 'Hi');
INSERT INTO `cardExtra` (cardId, type, serial, content) VALUES ('open_1007', 0, 2, 'Hello');
INSERT INTO `cardExtra` (cardId, type, serial, content) VALUES ('open_1007', 0, 3, 'Who are you?');
INSERT INTO `cardExtra` (cardId, type, serial, content) VALUES ('open_1007', 0, 4, 'You look cute');
INSERT INTO `card` (id, type, title, header, content, option) VALUES ('open_1012', 0, 'Give one name to the pig.', 'assets/topic/funny_pig.gif', NULL, 'open');
INSERT INTO `cardExtra` (cardId, type, serial, content) VALUES ('open_1012', 0, 1, 'Piggy');
INSERT INTO `cardExtra` (cardId, type, serial, content) VALUES ('open_1012', 0, 2, 'Pinky');
INSERT INTO `cardExtra` (cardId, type, serial, content) VALUES ('open_1012', 0, 3, 'Cutie');
INSERT INTO `cardExtra` (cardId, type, serial, content) VALUES ('open_1012', 0, 4, 'Lovely');
INSERT INTO `card` (id, type, title, header, content, option) VALUES ('open_1017', 0, 'What is tiger doing?', 'assets/topic/funny_tigers.gif', NULL, 'open');
INSERT INTO `cardExtra` (cardId, type, serial, content) VALUES ('open_1017', 0, 1, 'Panting');
INSERT INTO `cardExtra` (cardId, type, serial, content) VALUES ('open_1017', 0, 2, 'Teasing');
INSERT INTO `cardExtra` (cardId, type, serial, content) VALUES ('open_1017', 0, 3, 'Laughing');
INSERT INTO `cardExtra` (cardId, type, serial, content) VALUES ('open_1017', 0, 4, 'Licking');
INSERT INTO `card` (id, type, title, header, content, option) VALUES ('open_1022', 0, 'On what is e riding?', 'assets/topic/game_minecraft.gif', NULL, 'open');
INSERT INTO `cardExtra` (cardId, type, serial, content) VALUES ('open_1022', 0, 1, 'Horse');
INSERT INTO `cardExtra` (cardId, type, serial, content) VALUES ('open_1022', 0, 2, 'Dog');
INSERT INTO `cardExtra` (cardId, type, serial, content) VALUES ('open_1022', 0, 3, 'Lion');
INSERT INTO `cardExtra` (cardId, type, serial, content) VALUES ('open_1022', 0, 4, 'Tiger');
INSERT INTO `card` (id, type, title, header, content, option) VALUES ('open_1027', 0, 'Which is big fruit like this?', 'assets/topic/halloween_ashley?.gif', NULL, 'open');
INSERT INTO `cardExtra` (cardId, type, serial, content) VALUES ('open_1027', 0, 1, 'Pumpkin');
INSERT INTO `cardExtra` (cardId, type, serial, content) VALUES ('open_1027', 0, 2, 'Watermelon');
INSERT INTO `cardExtra` (cardId, type, serial, content) VALUES ('open_1027', 0, 3, 'Muskmelon');
INSERT INTO `cardExtra` (cardId, type, serial, content) VALUES ('open_1027', 0, 4, 'Jackfruit');
INSERT INTO `card` (id, type, title, header, content, option) VALUES ('open_1032', 0, 'What is your favourite costume?', 'assets/topic/hallowen.gif', NULL, 'open');
INSERT INTO `cardExtra` (cardId, type, serial, content) VALUES ('open_1032', 0, 1, 'Lion');
INSERT INTO `cardExtra` (cardId, type, serial, content) VALUES ('open_1032', 0, 2, 'Vampire');
INSERT INTO `cardExtra` (cardId, type, serial, content) VALUES ('open_1032', 0, 3, 'Dracula');
INSERT INTO `cardExtra` (cardId, type, serial, content) VALUES ('open_1032', 0, 4, 'Tortoise');
INSERT INTO `card` (id, type, title, header, content, option) VALUES ('open_1037', 0, 'What is the rubber doing?', 'assets/topic/jiraff_painting.gif', NULL, 'open');
INSERT INTO `cardExtra` (cardId, type, serial, content) VALUES ('open_1037', 0, 1, 'Teasing');
INSERT INTO `cardExtra` (cardId, type, serial, content) VALUES ('open_1037', 0, 2, 'Erasing giraffe');
INSERT INTO `cardExtra` (cardId, type, serial, content) VALUES ('open_1037', 0, 3, 'Escaping');
INSERT INTO `cardExtra` (cardId, type, serial, content) VALUES ('open_1037', 0, 4, 'Got caugt');
INSERT INTO `card` (id, type, title, header, content, option) VALUES ('open_1042', 0, 'Say something about girl.', 'assets/topic/kid_lol_drinking_water.gif', NULL, 'open');
INSERT INTO `cardExtra` (cardId, type, serial, content) VALUES ('open_1042', 0, 1, 'Clever');
INSERT INTO `cardExtra` (cardId, type, serial, content) VALUES ('open_1042', 0, 2, 'Parent''s good lessons');
INSERT INTO `cardExtra` (cardId, type, serial, content) VALUES ('open_1042', 0, 3, 'Smart');
INSERT INTO `cardExtra` (cardId, type, serial, content) VALUES ('open_1042', 0, 4, 'Independent');
INSERT INTO `card` (id, type, title, header, content, option) VALUES ('open_1047', 0, 'What you feel about the child', 'assets/topic/kid_pumpkin?.gif', NULL, 'open');
INSERT INTO `cardExtra` (cardId, type, serial, content) VALUES ('open_1047', 0, 1, 'Sad');
INSERT INTO `cardExtra` (cardId, type, serial, content) VALUES ('open_1047', 0, 2, 'Bad');
INSERT INTO `cardExtra` (cardId, type, serial, content) VALUES ('open_1047', 0, 3, 'Parents irresponsible');
INSERT INTO `cardExtra` (cardId, type, serial, content) VALUES ('open_1047', 0, 4, 'Pumpkin attack');
INSERT INTO `card` (id, type, title, header, content, option) VALUES ('open_1052', 0, 'Which is your favourite balloon in it?', 'assets/topic/painting.gif', NULL, 'open');
INSERT INTO `cardExtra` (cardId, type, serial, content) VALUES ('open_1052', 0, 1, 'Green ballon');
INSERT INTO `cardExtra` (cardId, type, serial, content) VALUES ('open_1052', 0, 2, 'Blue ballon');
INSERT INTO `cardExtra` (cardId, type, serial, content) VALUES ('open_1052', 0, 3, 'Violet balloon');
INSERT INTO `cardExtra` (cardId, type, serial, content) VALUES ('open_1052', 0, 4, 'Orange balloon');
INSERT INTO `card` (id, type, title, header, content, option) VALUES ('open_1057', 0, 'What you feel riding on wooden horse?', 'assets/topic/panda_enjoying.gif', NULL, 'open');
INSERT INTO `cardExtra` (cardId, type, serial, content) VALUES ('open_1057', 0, 1, 'Fun');
INSERT INTO `cardExtra` (cardId, type, serial, content) VALUES ('open_1057', 0, 2, 'Entertaining');
INSERT INTO `cardExtra` (cardId, type, serial, content) VALUES ('open_1057', 0, 3, 'Boring');
INSERT INTO `cardExtra` (cardId, type, serial, content) VALUES ('open_1057', 0, 4, 'Excited');
INSERT INTO `card` (id, type, title, header, content, option) VALUES ('open_1062', 0, 'What is panda doing?', 'assets/topic/panda_scratching_back.gif', NULL, 'open');
INSERT INTO `cardExtra` (cardId, type, serial, content) VALUES ('open_1062', 0, 1, 'Dancing');
INSERT INTO `cardExtra` (cardId, type, serial, content) VALUES ('open_1062', 0, 2, 'Singing');
INSERT INTO `cardExtra` (cardId, type, serial, content) VALUES ('open_1062', 0, 3, 'Scratching back');
INSERT INTO `cardExtra` (cardId, type, serial, content) VALUES ('open_1062', 0, 4, 'Obeying orders');
INSERT INTO `card` (id, type, title, header, content, option) VALUES ('open_1067', 0, 'Say something about elephant.', 'assets/topic/smart_elephant.gif', NULL, 'open');
INSERT INTO `cardExtra` (cardId, type, serial, content) VALUES ('open_1067', 0, 1, 'Elephant is smart');
INSERT INTO `cardExtra` (cardId, type, serial, content) VALUES ('open_1067', 0, 2, 'Loyal');
INSERT INTO `cardExtra` (cardId, type, serial, content) VALUES ('open_1067', 0, 3, 'Obidient to owner');
INSERT INTO `cardExtra` (cardId, type, serial, content) VALUES ('open_1067', 0, 4, 'Knows the difference');
INSERT INTO `card` (id, type, title, header, content, option) VALUES ('open_1072', 0, 'Why did she fell?', 'assets/topic/swing_fail.gif', NULL, 'open');
INSERT INTO `cardExtra` (cardId, type, serial, content) VALUES ('open_1072', 0, 1, 'She slipped');
INSERT INTO `cardExtra` (cardId, type, serial, content) VALUES ('open_1072', 0, 2, 'Did not get balance');
INSERT INTO `cardExtra` (cardId, type, serial, content) VALUES ('open_1072', 0, 3, 'Ran behind daughter');
INSERT INTO `cardExtra` (cardId, type, serial, content) VALUES ('open_1072', 0, 4, 'Dint sit properly');
INSERT INTO `card` (id, type, title, header, content, option) VALUES ('open_1077', 0, 'Which is your favourite flavour?', 'assets/topic/vanilla.gif', NULL, 'open');
INSERT INTO `cardExtra` (cardId, type, serial, content) VALUES ('open_1077', 0, 1, 'Vanila');
INSERT INTO `cardExtra` (cardId, type, serial, content) VALUES ('open_1077', 0, 2, 'Pista');
INSERT INTO `cardExtra` (cardId, type, serial, content) VALUES ('open_1077', 0, 3, 'Strawberry');
INSERT INTO `cardExtra` (cardId, type, serial, content) VALUES ('open_1077', 0, 4, 'Chocolate');
INSERT INTO `card` (id, type, title, header, content, option) VALUES ('open_1082', 0, 'What is your opinion?', 'assets/topic/walking_baby.gif', NULL, 'open');
INSERT INTO `cardExtra` (cardId, type, serial, content) VALUES ('open_1082', 0, 1, 'Scarry');
INSERT INTO `cardExtra` (cardId, type, serial, content) VALUES ('open_1082', 0, 2, 'Unbelievable');
INSERT INTO `cardExtra` (cardId, type, serial, content) VALUES ('open_1082', 0, 3, 'Magic');
INSERT INTO `cardExtra` (cardId, type, serial, content) VALUES ('open_1082', 0, 4, 'Trick');
INSERT INTO `card` (id, type, title, header, content, option) VALUES ('open_1087', 0, 'Which baby animal you want to hug?', 'assets/topic/walking_elephant.gif', NULL, 'open');
INSERT INTO `cardExtra` (cardId, type, serial, content) VALUES ('open_1087', 0, 1, 'Elephant');
INSERT INTO `cardExtra` (cardId, type, serial, content) VALUES ('open_1087', 0, 2, 'Tiger');
INSERT INTO `cardExtra` (cardId, type, serial, content) VALUES ('open_1087', 0, 3, 'Dog');
INSERT INTO `cardExtra` (cardId, type, serial, content) VALUES ('open_1087', 0, 4, 'Rabbit');
INSERT INTO `card` (id, type, title, header, content, option) VALUES ('open_1092', 0, 'Why is he eating like that?', 'assets/topic/year_icecream.gif', NULL, 'open');
INSERT INTO `cardExtra` (cardId, type, serial, content) VALUES ('open_1092', 0, 1, 'He is blind');
INSERT INTO `cardExtra` (cardId, type, serial, content) VALUES ('open_1092', 0, 2, 'He is mad');
INSERT INTO `cardExtra` (cardId, type, serial, content) VALUES ('open_1092', 0, 3, 'He loves it very much');
INSERT INTO `cardExtra` (cardId, type, serial, content) VALUES ('open_1092', 0, 4, 'Icecream melts quickly');
INSERT INTO `card` (id, type, title, header, content, option) VALUES ('open_1097', 0, 'What do you see?', 'assets/topic/adjusting_pan.gif', NULL, 'open');
INSERT INTO `cardExtra` (cardId, type, serial, content) VALUES ('open_1097', 0, 1, 'Man squatting');
INSERT INTO `cardExtra` (cardId, type, serial, content) VALUES ('open_1097', 0, 2, 'Squatting into the trousers');
INSERT INTO `cardExtra` (cardId, type, serial, content) VALUES ('open_1097', 0, 3, 'Perfection');
INSERT INTO `cardExtra` (cardId, type, serial, content) VALUES ('open_1097', 0, 4, 'An open lawn');
INSERT INTO `card` (id, type, title, header, content, option) VALUES ('open_1102', 0, 'What happened to the child?', 'assets/topic/baby_dive.gif', NULL, 'open');
INSERT INTO `cardExtra` (cardId, type, serial, content) VALUES ('open_1102', 0, 1, 'Fell into the dolphins mouth');
INSERT INTO `cardExtra` (cardId, type, serial, content) VALUES ('open_1102', 0, 2, 'Pushed by another child');
INSERT INTO `cardExtra` (cardId, type, serial, content) VALUES ('open_1102', 0, 3, 'Dived into the water');
INSERT INTO `cardExtra` (cardId, type, serial, content) VALUES ('open_1102', 0, 4, 'A perfect fall');
INSERT INTO `card` (id, type, title, header, content, option) VALUES ('open_1107', 0, 'What is the baby doing?', 'assets/topic/baby_story reading.gif', NULL, 'open');
INSERT INTO `cardExtra` (cardId, type, serial, content) VALUES ('open_1107', 0, 1, 'Reading book');
INSERT INTO `cardExtra` (cardId, type, serial, content) VALUES ('open_1107', 0, 2, 'Picture reading');
INSERT INTO `cardExtra` (cardId, type, serial, content) VALUES ('open_1107', 0, 3, 'Looking at the pictures');
INSERT INTO `cardExtra` (cardId, type, serial, content) VALUES ('open_1107', 0, 4, 'Trying to understand');
INSERT INTO `card` (id, type, title, header, content, option) VALUES ('open_1112', 0, 'What is the baby doing?', 'assets/topic/baby_watermelon.gif', NULL, 'open');
INSERT INTO `cardExtra` (cardId, type, serial, content) VALUES ('open_1112', 0, 1, 'Eating watermelon');
INSERT INTO `cardExtra` (cardId, type, serial, content) VALUES ('open_1112', 0, 2, 'Sitting in the watermelon');
INSERT INTO `cardExtra` (cardId, type, serial, content) VALUES ('open_1112', 0, 3, 'Biting the fruit');
INSERT INTO `cardExtra` (cardId, type, serial, content) VALUES ('open_1112', 0, 4, 'Sitting cool');
INSERT INTO `card` (id, type, title, header, content, option) VALUES ('open_1117', 0, 'What you see?', 'assets/topic/balls_creative.gif', NULL, 'open');
INSERT INTO `cardExtra` (cardId, type, serial, content) VALUES ('open_1117', 0, 1, 'Balls rolling');
INSERT INTO `cardExtra` (cardId, type, serial, content) VALUES ('open_1117', 0, 2, 'Pole rotating');
INSERT INTO `cardExtra` (cardId, type, serial, content) VALUES ('open_1117', 0, 3, 'Different color balls');
INSERT INTO `cardExtra` (cardId, type, serial, content) VALUES ('open_1117', 0, 4, 'Slidere attached to pole');
INSERT INTO `card` (id, type, title, header, content, option) VALUES ('open_1122', 0, 'Why did he fell?', 'assets/topic/bike_backward.gif', NULL, 'open');
INSERT INTO `cardExtra` (cardId, type, serial, content) VALUES ('open_1122', 0, 1, 'He sat handle');
INSERT INTO `cardExtra` (cardId, type, serial, content) VALUES ('open_1122', 0, 2, 'He rode reverse');
INSERT INTO `cardExtra` (cardId, type, serial, content) VALUES ('open_1122', 0, 3, 'Slipped balance');
INSERT INTO `cardExtra` (cardId, type, serial, content) VALUES ('open_1122', 0, 4, 'For fun he fell');
INSERT INTO `card` (id, type, title, header, content, option) VALUES ('open_1127', 0, 'Why did the girl dash the wall?', 'assets/topic/bike_learning.gif', NULL, 'open');
INSERT INTO `cardExtra` (cardId, type, serial, content) VALUES ('open_1127', 0, 1, 'She moved fast');
INSERT INTO `cardExtra` (cardId, type, serial, content) VALUES ('open_1127', 0, 2, 'Dont know to drive');
INSERT INTO `cardExtra` (cardId, type, serial, content) VALUES ('open_1127', 0, 3, 'Was making fun');
INSERT INTO `cardExtra` (cardId, type, serial, content) VALUES ('open_1127', 0, 4, 'Did not have balance');
INSERT INTO `card` (id, type, title, header, content, option) VALUES ('open_1132', 0, 'Which color shoe you like?', 'assets/topic/black_man_shoes.gif', NULL, 'open');
INSERT INTO `cardExtra` (cardId, type, serial, content) VALUES ('open_1132', 0, 1, 'Red');
INSERT INTO `cardExtra` (cardId, type, serial, content) VALUES ('open_1132', 0, 2, 'Blue');
INSERT INTO `cardExtra` (cardId, type, serial, content) VALUES ('open_1132', 0, 3, 'Yellow');
INSERT INTO `cardExtra` (cardId, type, serial, content) VALUES ('open_1132', 0, 4, 'Black');
INSERT INTO `card` (id, type, title, header, content, option) VALUES ('open_1137', 0, 'What did you see?', 'assets/topic/bottle_shooting.gif', NULL, 'open');
INSERT INTO `cardExtra` (cardId, type, serial, content) VALUES ('open_1137', 0, 1, 'Man shooting from far');
INSERT INTO `cardExtra` (cardId, type, serial, content) VALUES ('open_1137', 0, 2, 'Man shooting from near');
INSERT INTO `cardExtra` (cardId, type, serial, content) VALUES ('open_1137', 0, 3, 'Shooting bottle');
INSERT INTO `cardExtra` (cardId, type, serial, content) VALUES ('open_1137', 0, 4, 'Missed all sshots');
INSERT INTO `card` (id, type, title, header, content, option) VALUES ('open_1142', 0, 'Which animal did you hug?', 'assets/topic/boy_chicken_hug.gif', NULL, 'open');
INSERT INTO `cardExtra` (cardId, type, serial, content) VALUES ('open_1142', 0, 1, 'Cow');
INSERT INTO `cardExtra` (cardId, type, serial, content) VALUES ('open_1142', 0, 2, 'Buffalo');
INSERT INTO `cardExtra` (cardId, type, serial, content) VALUES ('open_1142', 0, 3, 'Dog');
INSERT INTO `cardExtra` (cardId, type, serial, content) VALUES ('open_1142', 0, 4, 'Goat');
INSERT INTO `card` (id, type, title, header, content, option) VALUES ('open_1147', 0, 'With whom you did high five', 'assets/topic/bro_high_five.gif', NULL, 'open');
INSERT INTO `cardExtra` (cardId, type, serial, content) VALUES ('open_1147', 0, 1, 'WIth my friends');
INSERT INTO `cardExtra` (cardId, type, serial, content) VALUES ('open_1147', 0, 2, 'With my best friend');
INSERT INTO `cardExtra` (cardId, type, serial, content) VALUES ('open_1147', 0, 3, 'With my teacher');
INSERT INTO `cardExtra` (cardId, type, serial, content) VALUES ('open_1147', 0, 4, 'With my brother');
INSERT INTO `card` (id, type, title, header, content, option) VALUES ('open_1152', 0, 'What did you see?', 'assets/topic/bro_paw.gif', NULL, 'open');
INSERT INTO `cardExtra` (cardId, type, serial, content) VALUES ('open_1152', 0, 1, 'Man cycling');
INSERT INTO `cardExtra` (cardId, type, serial, content) VALUES ('open_1152', 0, 2, 'Cat watching');
INSERT INTO `cardExtra` (cardId, type, serial, content) VALUES ('open_1152', 0, 3, 'A high five');
INSERT INTO `cardExtra` (cardId, type, serial, content) VALUES ('open_1152', 0, 4, 'Good friendship');
INSERT INTO `card` (id, type, title, header, content, option) VALUES ('open_1157', 0, 'Do you brush?', 'assets/topic/brushing_teeth.gif', NULL, 'open');
INSERT INTO `cardExtra` (cardId, type, serial, content) VALUES ('open_1157', 0, 1, 'Yes i brush');
INSERT INTO `cardExtra` (cardId, type, serial, content) VALUES ('open_1157', 0, 2, 'No i dont brush');
INSERT INTO `cardExtra` (cardId, type, serial, content) VALUES ('open_1157', 0, 3, 'Weekly Thrice');
INSERT INTO `cardExtra` (cardId, type, serial, content) VALUES ('open_1157', 0, 4, 'Sundays i brush');
INSERT INTO `card` (id, type, title, header, content, option) VALUES ('open_1162', 0, 'What did you see in picture?', 'assets/topic/camel_owner_fun.gif', NULL, 'open');
INSERT INTO `cardExtra` (cardId, type, serial, content) VALUES ('open_1162', 0, 1, 'Two camels');
INSERT INTO `cardExtra` (cardId, type, serial, content) VALUES ('open_1162', 0, 2, 'Man on camel');
INSERT INTO `cardExtra` (cardId, type, serial, content) VALUES ('open_1162', 0, 3, 'Camel biting man');
INSERT INTO `cardExtra` (cardId, type, serial, content) VALUES ('open_1162', 0, 4, 'Camel having fun');
INSERT INTO `card` (id, type, title, header, content, option) VALUES ('open_1167', 0, 'Which is your favourite animal?', 'assets/topic/cat_cool_comb.gif', NULL, 'open');
INSERT INTO `cardExtra` (cardId, type, serial, content) VALUES ('open_1167', 0, 1, 'Dog');
INSERT INTO `cardExtra` (cardId, type, serial, content) VALUES ('open_1167', 0, 2, 'Rabbit');
INSERT INTO `cardExtra` (cardId, type, serial, content) VALUES ('open_1167', 0, 3, 'Sheep');
INSERT INTO `cardExtra` (cardId, type, serial, content) VALUES ('open_1167', 0, 4, 'Cow');
INSERT INTO `card` (id, type, title, header, content, option) VALUES ('open_1172', 0, 'Who else drinks like cat?', 'assets/topic/cat_drinks_water.gif', NULL, 'open');
INSERT INTO `cardExtra` (cardId, type, serial, content) VALUES ('open_1172', 0, 1, 'Goat');
INSERT INTO `cardExtra` (cardId, type, serial, content) VALUES ('open_1172', 0, 2, 'Deer');
INSERT INTO `cardExtra` (cardId, type, serial, content) VALUES ('open_1172', 0, 3, 'Dog');
INSERT INTO `cardExtra` (cardId, type, serial, content) VALUES ('open_1172', 0, 4, 'Lion');
INSERT INTO `card` (id, type, title, header, content, option) VALUES ('open_1177', 0, 'What is happening with cat?', 'assets/topic/cat_hungry_trademill.gif', NULL, 'open');
INSERT INTO `cardExtra` (cardId, type, serial, content) VALUES ('open_1177', 0, 1, 'Cat walking');
INSERT INTO `cardExtra` (cardId, type, serial, content) VALUES ('open_1177', 0, 2, 'Not able to reach food');
INSERT INTO `cardExtra` (cardId, type, serial, content) VALUES ('open_1177', 0, 3, 'Looking at food');
INSERT INTO `cardExtra` (cardId, type, serial, content) VALUES ('open_1177', 0, 4, 'Making cat thin');
INSERT INTO `card` (id, type, title, header, content, option) VALUES ('open_1182', 0, 'What is cat doing?', 'assets/topic/cat_loop_thirsty?.gif', NULL, 'open');
INSERT INTO `cardExtra` (cardId, type, serial, content) VALUES ('open_1182', 0, 1, 'Talking');
INSERT INTO `cardExtra` (cardId, type, serial, content) VALUES ('open_1182', 0, 2, 'Singing');
INSERT INTO `cardExtra` (cardId, type, serial, content) VALUES ('open_1182', 0, 3, 'Drinking water');
INSERT INTO `cardExtra` (cardId, type, serial, content) VALUES ('open_1182', 0, 4, 'Shouting');
INSERT INTO `card` (id, type, title, header, content, option) VALUES ('open_1187', 0, 'What you see?', 'assets/topic/cat_video_game.gif', NULL, 'open');
INSERT INTO `cardExtra` (cardId, type, serial, content) VALUES ('open_1187', 0, 1, 'Tab');
INSERT INTO `cardExtra` (cardId, type, serial, content) VALUES ('open_1187', 0, 2, 'Cat');
INSERT INTO `cardExtra` (cardId, type, serial, content) VALUES ('open_1187', 0, 3, 'Game tab');
INSERT INTO `cardExtra` (cardId, type, serial, content) VALUES ('open_1187', 0, 4, 'Cat playing game');
INSERT INTO `card` (id, type, title, header, content, option) VALUES ('open_1192', 0, 'Do you think cat is scared of water?', 'assets/topic/cats_cleaniing_dishes.gif', NULL, 'open');
INSERT INTO `cardExtra` (cardId, type, serial, content) VALUES ('open_1192', 0, 1, 'Yes');
INSERT INTO `cardExtra` (cardId, type, serial, content) VALUES ('open_1192', 0, 2, 'No');
INSERT INTO `cardExtra` (cardId, type, serial, content) VALUES ('open_1192', 0, 3, 'Playing in water');
INSERT INTO `cardExtra` (cardId, type, serial, content) VALUES ('open_1192', 0, 4, 'Washing clothes');
INSERT INTO `card` (id, type, title, header, content, option) VALUES ('open_1197', 0, 'What does cat says?', 'assets/topic/cats_revenge.gif', NULL, 'open');
INSERT INTO `cardExtra` (cardId, type, serial, content) VALUES ('open_1197', 0, 1, 'Dont tease me');
INSERT INTO `cardExtra` (cardId, type, serial, content) VALUES ('open_1197', 0, 2, 'Dont fight me');
INSERT INTO `cardExtra` (cardId, type, serial, content) VALUES ('open_1197', 0, 3, 'I will push you');
INSERT INTO `cardExtra` (cardId, type, serial, content) VALUES ('open_1197', 0, 4, 'Run away');
INSERT INTO `card` (id, type, title, header, content, option) VALUES ('open_1202', 0, 'Why did the girls fell?', 'assets/topic/cheezburger_girls_horse?.gif', NULL, 'open');
INSERT INTO `cardExtra` (cardId, type, serial, content) VALUES ('open_1202', 0, 1, 'They were too heavy');
INSERT INTO `cardExtra` (cardId, type, serial, content) VALUES ('open_1202', 0, 2, 'Lost balance');
INSERT INTO `cardExtra` (cardId, type, serial, content) VALUES ('open_1202', 0, 3, 'Horse slipped');
INSERT INTO `cardExtra` (cardId, type, serial, content) VALUES ('open_1202', 0, 4, 'Horse made them to fall');
INSERT INTO `card` (id, type, title, header, content, option) VALUES ('open_1207', 0, 'What did you see?', 'assets/topic/cheezburger_horse_kick?.gif', NULL, 'open');
INSERT INTO `cardExtra` (cardId, type, serial, content) VALUES ('open_1207', 0, 1, 'Three horse');
INSERT INTO `cardExtra` (cardId, type, serial, content) VALUES ('open_1207', 0, 2, 'Three man');
INSERT INTO `cardExtra` (cardId, type, serial, content) VALUES ('open_1207', 0, 3, 'Man jumoing on horse');
INSERT INTO `cardExtra` (cardId, type, serial, content) VALUES ('open_1207', 0, 4, 'Horse kicking Man');
INSERT INTO `card` (id, type, title, header, content, option) VALUES ('open_1212', 0, 'What is buffalo chewing?', 'assets/topic/chewing_gum.gif', NULL, 'open');
INSERT INTO `cardExtra` (cardId, type, serial, content) VALUES ('open_1212', 0, 1, 'Grass');
INSERT INTO `cardExtra` (cardId, type, serial, content) VALUES ('open_1212', 0, 2, 'Leaves');
INSERT INTO `cardExtra` (cardId, type, serial, content) VALUES ('open_1212', 0, 3, 'Chewing gum');
INSERT INTO `cardExtra` (cardId, type, serial, content) VALUES ('open_1212', 0, 4, 'Candy');
INSERT INTO `card` (id, type, title, header, content, option) VALUES ('open_1217', 0, 'What is the hen trying?', 'assets/topic/chicken_funny_apples.gif', NULL, 'open');
INSERT INTO `cardExtra` (cardId, type, serial, content) VALUES ('open_1217', 0, 1, 'Jumping');
INSERT INTO `cardExtra` (cardId, type, serial, content) VALUES ('open_1217', 0, 2, 'Trying to catch fruit');
INSERT INTO `cardExtra` (cardId, type, serial, content) VALUES ('open_1217', 0, 3, 'Hungry');
INSERT INTO `cardExtra` (cardId, type, serial, content) VALUES ('open_1217', 0, 4, 'Showing it can jump high');
INSERT INTO `card` (id, type, title, header, content, option) VALUES ('open_1222', 0, 'What you see?', 'assets/topic/chimpanzee_game_memory.gif', NULL, 'open');
INSERT INTO `cardExtra` (cardId, type, serial, content) VALUES ('open_1222', 0, 1, 'Chimpanzee');
INSERT INTO `cardExtra` (cardId, type, serial, content) VALUES ('open_1222', 0, 2, 'Computer');
INSERT INTO `cardExtra` (cardId, type, serial, content) VALUES ('open_1222', 0, 3, 'Games');
INSERT INTO `cardExtra` (cardId, type, serial, content) VALUES ('open_1222', 0, 4, 'Chimpanzee playing game');
INSERT INTO `card` (id, type, title, header, content, option) VALUES ('open_1227', 0, 'Which is your favourite juice?', 'assets/topic/chimpanzee_straw_juuice.gif', NULL, 'open');
INSERT INTO `cardExtra` (cardId, type, serial, content) VALUES ('open_1227', 0, 1, 'Watermelon juice');
INSERT INTO `cardExtra` (cardId, type, serial, content) VALUES ('open_1227', 0, 2, 'Orange juice');
INSERT INTO `cardExtra` (cardId, type, serial, content) VALUES ('open_1227', 0, 3, 'Mango juice');
INSERT INTO `cardExtra` (cardId, type, serial, content) VALUES ('open_1227', 0, 4, 'Apple juice');
INSERT INTO `card` (id, type, title, header, content, option) VALUES ('open_1232', 0, 'What you see?', 'assets/topic/chocolate_sweet_sugar?.gif', NULL, 'open');
INSERT INTO `cardExtra` (cardId, type, serial, content) VALUES ('open_1232', 0, 1, 'Chocolate');
INSERT INTO `cardExtra` (cardId, type, serial, content) VALUES ('open_1232', 0, 2, 'Cake');
INSERT INTO `cardExtra` (cardId, type, serial, content) VALUES ('open_1232', 0, 3, 'Icecream');
INSERT INTO `cardExtra` (cardId, type, serial, content) VALUES ('open_1232', 0, 4, 'Pastry');
INSERT INTO `card` (id, type, title, header, content, option) VALUES ('open_1237', 0, 'What you cut in this way?', 'assets/topic/christmas_cookoing.gif', NULL, 'open');
INSERT INTO `cardExtra` (cardId, type, serial, content) VALUES ('open_1237', 0, 1, 'Green chilly');
INSERT INTO `cardExtra` (cardId, type, serial, content) VALUES ('open_1237', 0, 2, 'Cucumber');
INSERT INTO `cardExtra` (cardId, type, serial, content) VALUES ('open_1237', 0, 3, 'Carrot');
INSERT INTO `cardExtra` (cardId, type, serial, content) VALUES ('open_1237', 0, 4, 'Radish');
INSERT INTO `card` (id, type, title, header, content, option) VALUES ('open_1242', 0, 'What you see?', 'assets/topic/clean_shave.gif', NULL, 'open');
INSERT INTO `cardExtra` (cardId, type, serial, content) VALUES ('open_1242', 0, 1, 'Man');
INSERT INTO `cardExtra` (cardId, type, serial, content) VALUES ('open_1242', 0, 2, 'Hair cut');
INSERT INTO `cardExtra` (cardId, type, serial, content) VALUES ('open_1242', 0, 3, 'Blade');
INSERT INTO `cardExtra` (cardId, type, serial, content) VALUES ('open_1242', 0, 4, 'Head shaving');
INSERT INTO `card` (id, type, title, header, content, option) VALUES ('open_1247', 0, 'Who in you home is naughty?', 'assets/topic/climbing_skills.gif', NULL, 'open');
INSERT INTO `cardExtra` (cardId, type, serial, content) VALUES ('open_1247', 0, 1, 'My self');
INSERT INTO `cardExtra` (cardId, type, serial, content) VALUES ('open_1247', 0, 2, 'Little brother');
INSERT INTO `cardExtra` (cardId, type, serial, content) VALUES ('open_1247', 0, 3, 'Little sister');
INSERT INTO `cardExtra` (cardId, type, serial, content) VALUES ('open_1247', 0, 4, 'Everyone');
INSERT INTO `card` (id, type, title, header, content, option) VALUES ('open_1252', 0, 'Which color you like to throw?', 'assets/topic/color_throw.gif', NULL, 'open');
INSERT INTO `cardExtra` (cardId, type, serial, content) VALUES ('open_1252', 0, 1, 'Green');
INSERT INTO `cardExtra` (cardId, type, serial, content) VALUES ('open_1252', 0, 2, 'Orange');
INSERT INTO `cardExtra` (cardId, type, serial, content) VALUES ('open_1252', 0, 3, 'Red');
INSERT INTO `cardExtra` (cardId, type, serial, content) VALUES ('open_1252', 0, 4, 'Blue');
INSERT INTO `card` (id, type, title, header, content, option) VALUES ('open_1257', 0, 'How does the girl look?', 'assets/topic/cotton_candy.gif', NULL, 'open');
INSERT INTO `cardExtra` (cardId, type, serial, content) VALUES ('open_1257', 0, 1, 'Cute');
INSERT INTO `cardExtra` (cardId, type, serial, content) VALUES ('open_1257', 0, 2, 'Horrible');
INSERT INTO `cardExtra` (cardId, type, serial, content) VALUES ('open_1257', 0, 3, 'Scary');
INSERT INTO `cardExtra` (cardId, type, serial, content) VALUES ('open_1257', 0, 4, 'Angry');
INSERT INTO `card` (id, type, title, header, content, option) VALUES ('open_1262', 0, 'Why is she crying?', 'assets/topic/crying_sadness.gif', NULL, 'open');
INSERT INTO `cardExtra` (cardId, type, serial, content) VALUES ('open_1262', 0, 1, 'Did not like food?');
INSERT INTO `cardExtra` (cardId, type, serial, content) VALUES ('open_1262', 0, 2, 'Feeling like to cry');
INSERT INTO `cardExtra` (cardId, type, serial, content) VALUES ('open_1262', 0, 3, 'Getting shoutings');
INSERT INTO `cardExtra` (cardId, type, serial, content) VALUES ('open_1262', 0, 4, 'She is sleepy');
INSERT INTO `card` (id, type, title, header, content, option) VALUES ('open_1267', 0, 'Where you have jumped  like this ?', 'assets/topic/cute_aww_eyebleach?.gif', NULL, 'open');
INSERT INTO `cardExtra` (cardId, type, serial, content) VALUES ('open_1267', 0, 1, 'Sand');
INSERT INTO `cardExtra` (cardId, type, serial, content) VALUES ('open_1267', 0, 2, 'Water');
INSERT INTO `cardExtra` (cardId, type, serial, content) VALUES ('open_1267', 0, 3, 'Bunch of leaves');
INSERT INTO `cardExtra` (cardId, type, serial, content) VALUES ('open_1267', 0, 4, 'Bushes');
INSERT INTO `card` (id, type, title, header, content, option) VALUES ('open_1272', 0, 'What you see?', 'assets/topic/cute_aww_mud?.gif', NULL, 'open');
INSERT INTO `cardExtra` (cardId, type, serial, content) VALUES ('open_1272', 0, 1, 'Dog having fun');
INSERT INTO `cardExtra` (cardId, type, serial, content) VALUES ('open_1272', 0, 2, 'Taking bath');
INSERT INTO `cardExtra` (cardId, type, serial, content) VALUES ('open_1272', 0, 3, 'Fighting mud');
INSERT INTO `cardExtra` (cardId, type, serial, content) VALUES ('open_1272', 0, 4, 'Crawling in mud');
INSERT INTO `card` (id, type, title, header, content, option) VALUES ('open_1277', 0, 'What you see in picture?', 'assets/topic/cute_high_five.gif', NULL, 'open');
INSERT INTO `cardExtra` (cardId, type, serial, content) VALUES ('open_1277', 0, 1, 'Blue bus');
INSERT INTO `cardExtra` (cardId, type, serial, content) VALUES ('open_1277', 0, 2, 'Man jumping');
INSERT INTO `cardExtra` (cardId, type, serial, content) VALUES ('open_1277', 0, 3, 'Giving High five');
INSERT INTO `cardExtra` (cardId, type, serial, content) VALUES ('open_1277', 0, 4, 'People walking');
INSERT INTO `card` (id, type, title, header, content, option) VALUES ('open_1282', 0, 'Which animal you like to hug?', 'assets/topic/cute_hug.gif', NULL, 'open');
INSERT INTO `cardExtra` (cardId, type, serial, content) VALUES ('open_1282', 0, 1, 'Goat');
INSERT INTO `cardExtra` (cardId, type, serial, content) VALUES ('open_1282', 0, 2, 'Sheep');
INSERT INTO `cardExtra` (cardId, type, serial, content) VALUES ('open_1282', 0, 3, 'Cow');
INSERT INTO `cardExtra` (cardId, type, serial, content) VALUES ('open_1282', 0, 4, 'Buffalo');
INSERT INTO `card` (id, type, title, header, content, option) VALUES ('open_1287', 0, 'Who dances like that?', 'assets/topic/dancing_baby_adorable.gif', NULL, 'open');
INSERT INTO `cardExtra` (cardId, type, serial, content) VALUES ('open_1287', 0, 1, 'My self');
INSERT INTO `cardExtra` (cardId, type, serial, content) VALUES ('open_1287', 0, 2, 'Littlle sister');
INSERT INTO `cardExtra` (cardId, type, serial, content) VALUES ('open_1287', 0, 3, 'Little brother');
INSERT INTO `cardExtra` (cardId, type, serial, content) VALUES ('open_1287', 0, 4, 'My neighbour');
INSERT INTO `card` (id, type, title, header, content, option) VALUES ('open_1292', 0, 'Who cries like this?', 'assets/topic/deliverance?.gif', NULL, 'open');
INSERT INTO `cardExtra` (cardId, type, serial, content) VALUES ('open_1292', 0, 1, 'My self');
INSERT INTO `cardExtra` (cardId, type, serial, content) VALUES ('open_1292', 0, 2, 'Littlle sister');
INSERT INTO `cardExtra` (cardId, type, serial, content) VALUES ('open_1292', 0, 3, 'Little brother');
INSERT INTO `cardExtra` (cardId, type, serial, content) VALUES ('open_1292', 0, 4, 'My neighbour');
INSERT INTO `card` (id, type, title, header, content, option) VALUES ('open_1297', 0, 'What you see?', 'assets/topic/dog_basket.gif', NULL, 'open');
INSERT INTO `cardExtra` (cardId, type, serial, content) VALUES ('open_1297', 0, 1, 'Man and dog');
INSERT INTO `cardExtra` (cardId, type, serial, content) VALUES ('open_1297', 0, 2, 'Man dribbling ball');
INSERT INTO `cardExtra` (cardId, type, serial, content) VALUES ('open_1297', 0, 3, 'dog catching ball');
INSERT INTO `cardExtra` (cardId, type, serial, content) VALUES ('open_1297', 0, 4, 'Ball');
INSERT INTO `card` (id, type, title, header, content, option) VALUES ('open_1302', 0, 'Who has toy gun?', 'assets/topic/dog_gun.gif', NULL, 'open');
INSERT INTO `cardExtra` (cardId, type, serial, content) VALUES ('open_1302', 0, 1, 'My self');
INSERT INTO `cardExtra` (cardId, type, serial, content) VALUES ('open_1302', 0, 2, 'Littlle sister');
INSERT INTO `cardExtra` (cardId, type, serial, content) VALUES ('open_1302', 0, 3, 'Little brother');
INSERT INTO `cardExtra` (cardId, type, serial, content) VALUES ('open_1302', 0, 4, 'My neighbour');
INSERT INTO `card` (id, type, title, header, content, option) VALUES ('open_1307', 0, 'Who flips like this?', 'assets/topic/dog_jump_really.gif', NULL, 'open');
INSERT INTO `cardExtra` (cardId, type, serial, content) VALUES ('open_1307', 0, 1, 'My self');
INSERT INTO `cardExtra` (cardId, type, serial, content) VALUES ('open_1307', 0, 2, 'Friend');
INSERT INTO `cardExtra` (cardId, type, serial, content) VALUES ('open_1307', 0, 3, 'Brother');
INSERT INTO `cardExtra` (cardId, type, serial, content) VALUES ('open_1307', 0, 4, 'My neighbour');
INSERT INTO `card` (id, type, title, header, content, option) VALUES ('open_1312', 0, 'What you see?', 'assets/topic/dog_ladder_climbing.gif', NULL, 'open');
INSERT INTO `cardExtra` (cardId, type, serial, content) VALUES ('open_1312', 0, 1, 'Dog');
INSERT INTO `cardExtra` (cardId, type, serial, content) VALUES ('open_1312', 0, 2, 'Ladder');
INSERT INTO `cardExtra` (cardId, type, serial, content) VALUES ('open_1312', 0, 3, 'Dog climbing on ladder');
INSERT INTO `cardExtra` (cardId, type, serial, content) VALUES ('open_1312', 0, 4, 'Dog reached top');
INSERT INTO `card` (id, type, title, header, content, option) VALUES ('open_1317', 0, 'What is this animal?', 'assets/topic/dog_or_lion.gif', NULL, 'open');
INSERT INTO `cardExtra` (cardId, type, serial, content) VALUES ('open_1317', 0, 1, 'Dog');
INSERT INTO `cardExtra` (cardId, type, serial, content) VALUES ('open_1317', 0, 2, 'Lion');
INSERT INTO `cardExtra` (cardId, type, serial, content) VALUES ('open_1317', 0, 3, 'Cub');
INSERT INTO `cardExtra` (cardId, type, serial, content) VALUES ('open_1317', 0, 4, 'Puppy');
INSERT INTO `card` (id, type, title, header, content, option) VALUES ('open_1322', 0, 'What is dog doing?', 'assets/topic/dog_puppy_embarrassed?.gif', NULL, 'open');
INSERT INTO `cardExtra` (cardId, type, serial, content) VALUES ('open_1322', 0, 1, 'Feeling shy');
INSERT INTO `cardExtra` (cardId, type, serial, content) VALUES ('open_1322', 0, 2, 'Shame');
INSERT INTO `cardExtra` (cardId, type, serial, content) VALUES ('open_1322', 0, 3, 'Did some mistake');
INSERT INTO `cardExtra` (cardId, type, serial, content) VALUES ('open_1322', 0, 4, 'Hiding face');
INSERT INTO `card` (id, type, title, header, content, option) VALUES ('open_1327', 0, 'Why did the dog slap?', 'assets/topic/dog_slaps_owner.gif', NULL, 'open');
INSERT INTO `cardExtra` (cardId, type, serial, content) VALUES ('open_1327', 0, 1, 'Teasing');
INSERT INTO `cardExtra` (cardId, type, serial, content) VALUES ('open_1327', 0, 2, 'Like to slap');
INSERT INTO `cardExtra` (cardId, type, serial, content) VALUES ('open_1327', 0, 3, 'Got angry');
INSERT INTO `cardExtra` (cardId, type, serial, content) VALUES ('open_1327', 0, 4, 'Having fun');
INSERT INTO `card` (id, type, title, header, content, option) VALUES ('open_1332', 0, 'What you see?', 'assets/topic/dog_wearing_monkey_cap.gif', NULL, 'open');
INSERT INTO `cardExtra` (cardId, type, serial, content) VALUES ('open_1332', 0, 1, 'Dog face');
INSERT INTO `cardExtra` (cardId, type, serial, content) VALUES ('open_1332', 0, 2, 'Human hand');
INSERT INTO `cardExtra` (cardId, type, serial, content) VALUES ('open_1332', 0, 3, 'Human dog');
INSERT INTO `cardExtra` (cardId, type, serial, content) VALUES ('open_1332', 0, 4, 'Saying hello');
INSERT INTO `card` (id, type, title, header, content, option) VALUES ('open_1337', 0, 'What you feel about the dogs?', 'assets/topic/dogs_hugging.gif', NULL, 'open');
INSERT INTO `cardExtra` (cardId, type, serial, content) VALUES ('open_1337', 0, 1, 'Best friends');
INSERT INTO `cardExtra` (cardId, type, serial, content) VALUES ('open_1337', 0, 2, 'Posing for camera');
INSERT INTO `cardExtra` (cardId, type, serial, content) VALUES ('open_1337', 0, 3, 'Love');
INSERT INTO `cardExtra` (cardId, type, serial, content) VALUES ('open_1337', 0, 4, 'Giving hug');
INSERT INTO `card` (id, type, title, header, content, option) VALUES ('open_1342', 0, 'What you see?', 'assets/topic/dogs_teamwork.gif', NULL, 'open');
INSERT INTO `cardExtra` (cardId, type, serial, content) VALUES ('open_1342', 0, 1, 'Two dogs');
INSERT INTO `cardExtra` (cardId, type, serial, content) VALUES ('open_1342', 0, 2, 'Swimming pool');
INSERT INTO `cardExtra` (cardId, type, serial, content) VALUES ('open_1342', 0, 3, 'Working together');
INSERT INTO `cardExtra` (cardId, type, serial, content) VALUES ('open_1342', 0, 4, 'Removing ball together');
INSERT INTO `card` (id, type, title, header, content, option) VALUES ('open_1347', 0, 'What you see?', 'assets/topic/eat_apple.gif', NULL, 'open');
INSERT INTO `cardExtra` (cardId, type, serial, content) VALUES ('open_1347', 0, 1, 'Apple');
INSERT INTO `cardExtra` (cardId, type, serial, content) VALUES ('open_1347', 0, 2, 'Apple getting eaten');
INSERT INTO `cardExtra` (cardId, type, serial, content) VALUES ('open_1347', 0, 3, 'Invisible man eating');
INSERT INTO `cardExtra` (cardId, type, serial, content) VALUES ('open_1347', 0, 4, 'Apple rotating');
INSERT INTO `card` (id, type, title, header, content, option) VALUES ('open_1352', 0, 'Which is your favourite food?', 'assets/topic/eating_burrito?.gif', NULL, 'open');
INSERT INTO `cardExtra` (cardId, type, serial, content) VALUES ('open_1352', 0, 1, 'Pizza');
INSERT INTO `cardExtra` (cardId, type, serial, content) VALUES ('open_1352', 0, 2, 'Burger');
INSERT INTO `cardExtra` (cardId, type, serial, content) VALUES ('open_1352', 0, 3, 'Egg roll');
INSERT INTO `cardExtra` (cardId, type, serial, content) VALUES ('open_1352', 0, 4, 'Chicken roll');
INSERT INTO `card` (id, type, title, header, content, option) VALUES ('open_1357', 0, 'Which is your favourite food?', 'assets/topic/eating_grape.gif', NULL, 'open');
INSERT INTO `cardExtra` (cardId, type, serial, content) VALUES ('open_1357', 0, 1, 'Mango');
INSERT INTO `cardExtra` (cardId, type, serial, content) VALUES ('open_1357', 0, 2, 'Strawberry');
INSERT INTO `cardExtra` (cardId, type, serial, content) VALUES ('open_1357', 0, 3, 'Cherry');
INSERT INTO `cardExtra` (cardId, type, serial, content) VALUES ('open_1357', 0, 4, 'Fig');
INSERT INTO `card` (id, type, title, header, content, option) VALUES ('open_1362', 0, 'Who plays like this?', 'assets/topic/electric_cycle.gif', NULL, 'open');
INSERT INTO `cardExtra` (cardId, type, serial, content) VALUES ('open_1362', 0, 1, 'My self');
INSERT INTO `cardExtra` (cardId, type, serial, content) VALUES ('open_1362', 0, 2, 'Friend');
INSERT INTO `cardExtra` (cardId, type, serial, content) VALUES ('open_1362', 0, 3, 'Brother');
INSERT INTO `cardExtra` (cardId, type, serial, content) VALUES ('open_1362', 0, 4, 'My neighbour');
INSERT INTO `card` (id, type, title, header, content, option) VALUES ('open_1367', 0, 'What is the elephants favourite food?', 'assets/topic/elephant_bye?.gif', NULL, 'open');
INSERT INTO `cardExtra` (cardId, type, serial, content) VALUES ('open_1367', 0, 1, 'Sugarcane');
INSERT INTO `cardExtra` (cardId, type, serial, content) VALUES ('open_1367', 0, 2, 'Banana');
INSERT INTO `cardExtra` (cardId, type, serial, content) VALUES ('open_1367', 0, 3, 'Watermelon');
INSERT INTO `cardExtra` (cardId, type, serial, content) VALUES ('open_1367', 0, 4, 'Sweets');
INSERT INTO `card` (id, type, title, header, content, option) VALUES ('open_1372', 0, 'Which animal crossed your way like this?', 'assets/topic/elephant_kid_tail_running.gif', NULL, 'open');
INSERT INTO `cardExtra` (cardId, type, serial, content) VALUES ('open_1372', 0, 1, 'Dog');
INSERT INTO `cardExtra` (cardId, type, serial, content) VALUES ('open_1372', 0, 2, 'Cat');
INSERT INTO `cardExtra` (cardId, type, serial, content) VALUES ('open_1372', 0, 3, 'Mongoose');
INSERT INTO `cardExtra` (cardId, type, serial, content) VALUES ('open_1372', 0, 4, 'Goat');
INSERT INTO `card` (id, type, title, header, content, option) VALUES ('open_1377', 0, 'Say something about him?', 'assets/topic/excersise_compulsory.gif', NULL, 'open');
INSERT INTO `cardExtra` (cardId, type, serial, content) VALUES ('open_1377', 0, 1, 'lazzy');
INSERT INTO `cardExtra` (cardId, type, serial, content) VALUES ('open_1377', 0, 2, 'Hardworking');
INSERT INTO `cardExtra` (cardId, type, serial, content) VALUES ('open_1377', 0, 3, 'Exercising');
INSERT INTO `cardExtra` (cardId, type, serial, content) VALUES ('open_1377', 0, 4, 'No dietig');
INSERT INTO `card` (id, type, title, header, content, option) VALUES ('open_1382', 0, 'Whom did you hit by mistake?', 'assets/topic/fail_baseball_baby.gif', NULL, 'open');
INSERT INTO `cardExtra` (cardId, type, serial, content) VALUES ('open_1382', 0, 1, 'My dog');
INSERT INTO `cardExtra` (cardId, type, serial, content) VALUES ('open_1382', 0, 2, 'Friend');
INSERT INTO `cardExtra` (cardId, type, serial, content) VALUES ('open_1382', 0, 3, 'Brother');
INSERT INTO `cardExtra` (cardId, type, serial, content) VALUES ('open_1382', 0, 4, 'My neighbour');
INSERT INTO `card` (id, type, title, header, content, option) VALUES ('open_1387', 0, 'Why did he fell?', 'assets/topic/fall_pool.gif', NULL, 'open');
INSERT INTO `cardExtra` (cardId, type, serial, content) VALUES ('open_1387', 0, 1, 'Slipped');
INSERT INTO `cardExtra` (cardId, type, serial, content) VALUES ('open_1387', 0, 2, 'Wrong judgement');
INSERT INTO `cardExtra` (cardId, type, serial, content) VALUES ('open_1387', 0, 3, 'Doing fun');
INSERT INTO `cardExtra` (cardId, type, serial, content) VALUES ('open_1387', 0, 4, 'Wanted to get hurt');
INSERT INTO `card` (id, type, title, header, content, option) VALUES ('open_1392', 0, 'What you see?', 'assets/topic/family_call.gif', NULL, 'open');
INSERT INTO `cardExtra` (cardId, type, serial, content) VALUES ('open_1392', 0, 1, 'Four men');
INSERT INTO `cardExtra` (cardId, type, serial, content) VALUES ('open_1392', 0, 2, 'Talking in phone');
INSERT INTO `cardExtra` (cardId, type, serial, content) VALUES ('open_1392', 0, 3, 'Stting together');
INSERT INTO `cardExtra` (cardId, type, serial, content) VALUES ('open_1392', 0, 4, 'Talking to eachother');
INSERT INTO `card` (id, type, title, header, content, option) VALUES ('open_1397', 0, 'Who brroms in your house?', 'assets/topic/family_cleaning.gif', NULL, 'open');
INSERT INTO `cardExtra` (cardId, type, serial, content) VALUES ('open_1397', 0, 1, 'My self');
INSERT INTO `cardExtra` (cardId, type, serial, content) VALUES ('open_1397', 0, 2, 'Sisiter');
INSERT INTO `cardExtra` (cardId, type, serial, content) VALUES ('open_1397', 0, 3, 'Brother');
INSERT INTO `cardExtra` (cardId, type, serial, content) VALUES ('open_1397', 0, 4, 'Mother');
INSERT INTO `card` (id, type, title, header, content, option) VALUES ('open_1402', 0, 'What is the guy doing?', 'assets/topic/fat_guy.gif', NULL, 'open');
INSERT INTO `cardExtra` (cardId, type, serial, content) VALUES ('open_1402', 0, 1, 'Dancing');
INSERT INTO `cardExtra` (cardId, type, serial, content) VALUES ('open_1402', 0, 2, 'Crying');
INSERT INTO `cardExtra` (cardId, type, serial, content) VALUES ('open_1402', 0, 3, 'Stubborn');
INSERT INTO `cardExtra` (cardId, type, serial, content) VALUES ('open_1402', 0, 4, 'Angry');
INSERT INTO `card` (id, type, title, header, content, option) VALUES ('open_1407', 0, 'What you see?', 'assets/topic/father_son_enterainment.gif', NULL, 'open');
INSERT INTO `cardExtra` (cardId, type, serial, content) VALUES ('open_1407', 0, 1, 'Father');
INSERT INTO `cardExtra` (cardId, type, serial, content) VALUES ('open_1407', 0, 2, 'Kid');
INSERT INTO `cardExtra` (cardId, type, serial, content) VALUES ('open_1407', 0, 3, 'Goal post');
INSERT INTO `cardExtra` (cardId, type, serial, content) VALUES ('open_1407', 0, 4, 'Boy got hit');
INSERT INTO `card` (id, type, title, header, content, option) VALUES ('open_1412', 0, 'What you see?', 'assets/topic/flower_smell.gif', NULL, 'open');
INSERT INTO `cardExtra` (cardId, type, serial, content) VALUES ('open_1412', 0, 1, 'Boy');
INSERT INTO `cardExtra` (cardId, type, serial, content) VALUES ('open_1412', 0, 2, 'Flower');
INSERT INTO `cardExtra` (cardId, type, serial, content) VALUES ('open_1412', 0, 3, 'Smellng flower');
INSERT INTO `cardExtra` (cardId, type, serial, content) VALUES ('open_1412', 0, 4, 'Eating flower');
INSERT INTO `card` (id, type, title, header, content, option) VALUES ('open_1417', 0, 'Name this baby?', 'assets/topic/food_baby.gif', NULL, 'open');
INSERT INTO `cardExtra` (cardId, type, serial, content) VALUES ('open_1417', 0, 1, 'Softy');
INSERT INTO `cardExtra` (cardId, type, serial, content) VALUES ('open_1417', 0, 2, 'Sunshine');
INSERT INTO `cardExtra` (cardId, type, serial, content) VALUES ('open_1417', 0, 3, 'Moonlight');
INSERT INTO `cardExtra` (cardId, type, serial, content) VALUES ('open_1417', 0, 4, 'Bunny');
INSERT INTO `card` (id, type, title, header, content, option) VALUES ('open_1422', 0, 'Which is favourite food?', 'assets/topic/food_hot_dog.gif', NULL, 'open');
INSERT INTO `cardExtra` (cardId, type, serial, content) VALUES ('open_1422', 0, 1, 'Pizza');
INSERT INTO `cardExtra` (cardId, type, serial, content) VALUES ('open_1422', 0, 2, 'Hotdog');
INSERT INTO `cardExtra` (cardId, type, serial, content) VALUES ('open_1422', 0, 3, 'Burger');
INSERT INTO `cardExtra` (cardId, type, serial, content) VALUES ('open_1422', 0, 4, 'Grill chicken');
INSERT INTO `card` (id, type, title, header, content, option) VALUES ('open_1427', 0, 'Icecream favourite flavour?', 'assets/topic/food_kawaii.gif', NULL, 'open');
INSERT INTO `cardExtra` (cardId, type, serial, content) VALUES ('open_1427', 0, 1, 'Chocolate');
INSERT INTO `cardExtra` (cardId, type, serial, content) VALUES ('open_1427', 0, 2, 'Vanila');
INSERT INTO `cardExtra` (cardId, type, serial, content) VALUES ('open_1427', 0, 3, 'Pista');
INSERT INTO `cardExtra` (cardId, type, serial, content) VALUES ('open_1427', 0, 4, 'Butterscotch');
INSERT INTO `card` (id, type, title, header, content, option) VALUES ('open_1432', 0, 'Which animal took your food?', 'assets/topic/food_kid_child?.gif', NULL, 'open');
INSERT INTO `cardExtra` (cardId, type, serial, content) VALUES ('open_1432', 0, 1, 'Dog');
INSERT INTO `cardExtra` (cardId, type, serial, content) VALUES ('open_1432', 0, 2, 'Cat');
INSERT INTO `cardExtra` (cardId, type, serial, content) VALUES ('open_1432', 0, 3, 'Sheep');
INSERT INTO `cardExtra` (cardId, type, serial, content) VALUES ('open_1432', 0, 4, 'Goat');
INSERT INTO `card` (id, type, title, header, content, option) VALUES ('open_1437', 0, 'What  you see?', 'assets/topic/friendship_hugs?.gif', NULL, 'open');
INSERT INTO `cardExtra` (cardId, type, serial, content) VALUES ('open_1437', 0, 1, 'Black monkey');
INSERT INTO `cardExtra` (cardId, type, serial, content) VALUES ('open_1437', 0, 2, 'Golden monkey');
INSERT INTO `cardExtra` (cardId, type, serial, content) VALUES ('open_1437', 0, 3, 'Best friends');
INSERT INTO `cardExtra` (cardId, type, serial, content) VALUES ('open_1437', 0, 4, 'Hugging eachother');
INSERT INTO `card` (id, type, title, header, content, option) VALUES ('open_1442', 0, 'Who is naughty in your home?', 'assets/topic/frustrated_writing_writers?.gif', NULL, 'open');
INSERT INTO `cardExtra` (cardId, type, serial, content) VALUES ('open_1442', 0, 1, 'Mysself');
INSERT INTO `cardExtra` (cardId, type, serial, content) VALUES ('open_1442', 0, 2, 'Little brother');
INSERT INTO `cardExtra` (cardId, type, serial, content) VALUES ('open_1442', 0, 3, 'little sister');
INSERT INTO `cardExtra` (cardId, type, serial, content) VALUES ('open_1442', 0, 4, 'My neighbour');
INSERT INTO `card` (id, type, title, header, content, option) VALUES ('open_1447', 0, 'What you see?', 'assets/topic/funny_angry_panda?.gif', NULL, 'open');
INSERT INTO `cardExtra` (cardId, type, serial, content) VALUES ('open_1447', 0, 1, 'Panda');
INSERT INTO `cardExtra` (cardId, type, serial, content) VALUES ('open_1447', 0, 2, 'Chef');
INSERT INTO `cardExtra` (cardId, type, serial, content) VALUES ('open_1447', 0, 3, 'Panada hitting flour');
INSERT INTO `cardExtra` (cardId, type, serial, content) VALUES ('open_1447', 0, 4, 'Panda playing');
INSERT INTO `card` (id, type, title, header, content, option) VALUES ('open_1452', 0, 'What else you can carry?', 'assets/topic/funny_animation?.gif', NULL, 'open');
INSERT INTO `cardExtra` (cardId, type, serial, content) VALUES ('open_1452', 0, 1, 'Vegetable');
INSERT INTO `cardExtra` (cardId, type, serial, content) VALUES ('open_1452', 0, 2, 'fruits');
INSERT INTO `cardExtra` (cardId, type, serial, content) VALUES ('open_1452', 0, 3, 'Grass');
INSERT INTO `cardExtra` (cardId, type, serial, content) VALUES ('open_1452', 0, 4, 'Sugarcane');
INSERT INTO `card` (id, type, title, header, content, option) VALUES ('open_1457', 0, 'What you see?', 'assets/topic/funny_boxing.gif', NULL, 'open');
INSERT INTO `cardExtra` (cardId, type, serial, content) VALUES ('open_1457', 0, 1, 'Girl');
INSERT INTO `cardExtra` (cardId, type, serial, content) VALUES ('open_1457', 0, 2, 'Boy');
INSERT INTO `cardExtra` (cardId, type, serial, content) VALUES ('open_1457', 0, 3, 'Boxing');
INSERT INTO `cardExtra` (cardId, type, serial, content) VALUES ('open_1457', 0, 4, 'Girl boxing boy');
INSERT INTO `card` (id, type, title, header, content, option) VALUES ('open_1462', 0, 'What is funny?', 'assets/topic/funny_fail_accident_football.gif', NULL, 'open');
INSERT INTO `cardExtra` (cardId, type, serial, content) VALUES ('open_1462', 0, 1, 'Boy');
INSERT INTO `cardExtra` (cardId, type, serial, content) VALUES ('open_1462', 0, 2, 'Boy kicking ball');
INSERT INTO `cardExtra` (cardId, type, serial, content) VALUES ('open_1462', 0, 3, 'Boy got hit');
INSERT INTO `cardExtra` (cardId, type, serial, content) VALUES ('open_1462', 0, 4, 'Very funny');
INSERT INTO `card` (id, type, title, header, content, option) VALUES ('open_1467', 0, 'What you see?', 'assets/topic/funny_giraffe.gif', NULL, 'open');
INSERT INTO `cardExtra` (cardId, type, serial, content) VALUES ('open_1467', 0, 1, 'Two giraffe');
INSERT INTO `cardExtra` (cardId, type, serial, content) VALUES ('open_1467', 0, 2, 'Giraffe fighting');
INSERT INTO `cardExtra` (cardId, type, serial, content) VALUES ('open_1467', 0, 3, 'Pushing eachother');
INSERT INTO `cardExtra` (cardId, type, serial, content) VALUES ('open_1467', 0, 4, 'Angry giraffes');
INSERT INTO `card` (id, type, title, header, content, option) VALUES ('open_1472', 0, 'Keep her name.', 'assets/topic/girl_chocolate.gif', NULL, 'open');
INSERT INTO `cardExtra` (cardId, type, serial, content) VALUES ('open_1472', 0, 1, 'Sweety');
INSERT INTO `cardExtra` (cardId, type, serial, content) VALUES ('open_1472', 0, 2, 'Birdy');
INSERT INTO `cardExtra` (cardId, type, serial, content) VALUES ('open_1472', 0, 3, 'Butterfly');
INSERT INTO `cardExtra` (cardId, type, serial, content) VALUES ('open_1472', 0, 4, 'Lucky');
INSERT INTO `card` (id, type, title, header, content, option) VALUES ('open_1477', 0, 'What you see?', 'assets/topic/goat_attack_kid.gif', NULL, 'open');
INSERT INTO `cardExtra` (cardId, type, serial, content) VALUES ('open_1477', 0, 1, 'Boy');
INSERT INTO `cardExtra` (cardId, type, serial, content) VALUES ('open_1477', 0, 2, 'Sheep');
INSERT INTO `cardExtra` (cardId, type, serial, content) VALUES ('open_1477', 0, 3, 'Buy running away');
INSERT INTO `cardExtra` (cardId, type, serial, content) VALUES ('open_1477', 0, 4, 'Sheep hits boy');
INSERT INTO `card` (id, type, title, header, content, option) VALUES ('open_1482', 0, 'What is the boy doing?', 'assets/topic/hair_comb.gif', NULL, 'open');
INSERT INTO `cardExtra` (cardId, type, serial, content) VALUES ('open_1482', 0, 1, 'Grooming');
INSERT INTO `cardExtra` (cardId, type, serial, content) VALUES ('open_1482', 0, 2, 'Combing his hairs');
INSERT INTO `cardExtra` (cardId, type, serial, content) VALUES ('open_1482', 0, 3, 'Crazy');
INSERT INTO `cardExtra` (cardId, type, serial, content) VALUES ('open_1482', 0, 4, 'Sleepy');
INSERT INTO `card` (id, type, title, header, content, option) VALUES ('open_1487', 0, 'What do you think?', 'assets/topic/interesting_horse.gif', NULL, 'open');
INSERT INTO `cardExtra` (cardId, type, serial, content) VALUES ('open_1487', 0, 1, 'Man is crazy');
INSERT INTO `cardExtra` (cardId, type, serial, content) VALUES ('open_1487', 0, 2, 'Horse is crazy');
INSERT INTO `cardExtra` (cardId, type, serial, content) VALUES ('open_1487', 0, 3, 'Plaing skipping');
INSERT INTO `cardExtra` (cardId, type, serial, content) VALUES ('open_1487', 0, 4, 'Its unbelievable');
INSERT INTO `card` (id, type, title, header, content, option) VALUES ('open_1492', 0, 'Why he threw boy?', 'assets/topic/john_wane.gif', NULL, 'open');
INSERT INTO `cardExtra` (cardId, type, serial, content) VALUES ('open_1492', 0, 1, 'Teaching swimming');
INSERT INTO `cardExtra` (cardId, type, serial, content) VALUES ('open_1492', 0, 2, 'Catching fish');
INSERT INTO `cardExtra` (cardId, type, serial, content) VALUES ('open_1492', 0, 3, 'Got angry');
INSERT INTO `cardExtra` (cardId, type, serial, content) VALUES ('open_1492', 0, 4, 'Having fun');
INSERT INTO `card` (id, type, title, header, content, option) VALUES ('open_1497', 0, 'What you see ?', 'assets/topic/jump_roping.gif', NULL, 'open');
INSERT INTO `cardExtra` (cardId, type, serial, content) VALUES ('open_1497', 0, 1, 'Three men');
INSERT INTO `cardExtra` (cardId, type, serial, content) VALUES ('open_1497', 0, 2, 'Dog');
INSERT INTO `cardExtra` (cardId, type, serial, content) VALUES ('open_1497', 0, 3, 'Playing skipping');
INSERT INTO `cardExtra` (cardId, type, serial, content) VALUES ('open_1497', 0, 4, 'Dog playing skipping');
INSERT INTO `card` (id, type, title, header, content, option) VALUES ('open_1502', 0, 'Where do you hide?', 'assets/topic/kangroo_pouch.gif', NULL, 'open');
INSERT INTO `cardExtra` (cardId, type, serial, content) VALUES ('open_1502', 0, 1, 'Behind mother');
INSERT INTO `cardExtra` (cardId, type, serial, content) VALUES ('open_1502', 0, 2, 'Under table');
INSERT INTO `cardExtra` (cardId, type, serial, content) VALUES ('open_1502', 0, 3, 'On tree');
INSERT INTO `cardExtra` (cardId, type, serial, content) VALUES ('open_1502', 0, 4, 'On the roof top');
INSERT INTO `card` (id, type, title, header, content, option) VALUES ('open_1507', 0, 'What you see?', 'assets/topic/kangroo_scratching.gif', NULL, 'open');
INSERT INTO `cardExtra` (cardId, type, serial, content) VALUES ('open_1507', 0, 1, 'Kangaroo');
INSERT INTO `cardExtra` (cardId, type, serial, content) VALUES ('open_1507', 0, 2, 'Dancing');
INSERT INTO `cardExtra` (cardId, type, serial, content) VALUES ('open_1507', 0, 3, 'Singing');
INSERT INTO `cardExtra` (cardId, type, serial, content) VALUES ('open_1507', 0, 4, 'Playing guitar');
INSERT INTO `card` (id, type, title, header, content, option) VALUES ('open_1512', 0, 'Who fell like this?', 'assets/topic/kid_bangs_tree.gif', NULL, 'open');
INSERT INTO `cardExtra` (cardId, type, serial, content) VALUES ('open_1512', 0, 1, 'My self');
INSERT INTO `cardExtra` (cardId, type, serial, content) VALUES ('open_1512', 0, 2, 'Brother');
INSERT INTO `cardExtra` (cardId, type, serial, content) VALUES ('open_1512', 0, 3, 'Sisiter');
INSERT INTO `cardExtra` (cardId, type, serial, content) VALUES ('open_1512', 0, 4, 'Friend');
INSERT INTO `card` (id, type, title, header, content, option) VALUES ('open_1517', 0, 'What are they doing?', 'assets/topic/kid_boxing.gif', NULL, 'open');
INSERT INTO `cardExtra` (cardId, type, serial, content) VALUES ('open_1517', 0, 1, 'FIghting');
INSERT INTO `cardExtra` (cardId, type, serial, content) VALUES ('open_1517', 0, 2, 'Practicing');
INSERT INTO `cardExtra` (cardId, type, serial, content) VALUES ('open_1517', 0, 3, 'Boy is doing well');
INSERT INTO `cardExtra` (cardId, type, serial, content) VALUES ('open_1517', 0, 4, 'Punching eachother');
INSERT INTO `card` (id, type, title, header, content, option) VALUES ('open_1522', 0, 'Who did you scare like this?', 'assets/topic/kid_cow_fail.gif', NULL, 'open');
INSERT INTO `cardExtra` (cardId, type, serial, content) VALUES ('open_1522', 0, 1, 'My dog');
INSERT INTO `cardExtra` (cardId, type, serial, content) VALUES ('open_1522', 0, 2, 'My cat');
INSERT INTO `cardExtra` (cardId, type, serial, content) VALUES ('open_1522', 0, 3, 'My friends');
INSERT INTO `cardExtra` (cardId, type, serial, content) VALUES ('open_1522', 0, 4, 'Other animal');
INSERT INTO `card` (id, type, title, header, content, option) VALUES ('open_1527', 0, 'What you see?', 'assets/topic/kid_dog_scratch.gif', NULL, 'open');
INSERT INTO `cardExtra` (cardId, type, serial, content) VALUES ('open_1527', 0, 1, 'Boy');
INSERT INTO `cardExtra` (cardId, type, serial, content) VALUES ('open_1527', 0, 2, 'Dog');
INSERT INTO `cardExtra` (cardId, type, serial, content) VALUES ('open_1527', 0, 3, 'Boy sleeping on dog');
INSERT INTO `cardExtra` (cardId, type, serial, content) VALUES ('open_1527', 0, 4, 'Scratching eachother');
INSERT INTO `card` (id, type, title, header, content, option) VALUES ('open_1532', 0, 'What you like to ride on?', 'assets/topic/kid_fail_car.gif', NULL, 'open');
INSERT INTO `cardExtra` (cardId, type, serial, content) VALUES ('open_1532', 0, 1, 'Toy bulldozer');
INSERT INTO `cardExtra` (cardId, type, serial, content) VALUES ('open_1532', 0, 2, 'Toy car');
INSERT INTO `cardExtra` (cardId, type, serial, content) VALUES ('open_1532', 0, 3, 'Toy jeep');
INSERT INTO `cardExtra` (cardId, type, serial, content) VALUES ('open_1532', 0, 4, 'Toy horse');
INSERT INTO `card` (id, type, title, header, content, option) VALUES ('open_1537', 0, 'What you see?', 'assets/topic/kid_fail_dunk.gif', NULL, 'open');
INSERT INTO `cardExtra` (cardId, type, serial, content) VALUES ('open_1537', 0, 1, 'Boy with ball');
INSERT INTO `cardExtra` (cardId, type, serial, content) VALUES ('open_1537', 0, 2, 'Boy dribbling');
INSERT INTO `cardExtra` (cardId, type, serial, content) VALUES ('open_1537', 0, 3, 'Boy basketed');
INSERT INTO `cardExtra` (cardId, type, serial, content) VALUES ('open_1537', 0, 4, 'Pole hit boy');
INSERT INTO `card` (id, type, title, header, content, option) VALUES ('open_1542', 0, 'Whom you saw fall like this?', 'assets/topic/kid_fall_funny.gif', NULL, 'open');
INSERT INTO `cardExtra` (cardId, type, serial, content) VALUES ('open_1542', 0, 1, 'My little brother');
INSERT INTO `cardExtra` (cardId, type, serial, content) VALUES ('open_1542', 0, 2, 'My little sister');
INSERT INTO `cardExtra` (cardId, type, serial, content) VALUES ('open_1542', 0, 3, 'My friend');
INSERT INTO `cardExtra` (cardId, type, serial, content) VALUES ('open_1542', 0, 4, 'No one');
INSERT INTO `card` (id, type, title, header, content, option) VALUES ('open_1547', 0, 'What you see?', 'assets/topic/kid_fish_scared.gif', NULL, 'open');
INSERT INTO `cardExtra` (cardId, type, serial, content) VALUES ('open_1547', 0, 1, 'Boy');
INSERT INTO `cardExtra` (cardId, type, serial, content) VALUES ('open_1547', 0, 2, 'Fishing stick');
INSERT INTO `cardExtra` (cardId, type, serial, content) VALUES ('open_1547', 0, 3, 'Fish');
INSERT INTO `cardExtra` (cardId, type, serial, content) VALUES ('open_1547', 0, 4, 'Boy scared of fish');
INSERT INTO `card` (id, type, title, header, content, option) VALUES ('open_1552', 0, 'Who does exercise like this?', 'assets/topic/kid_gyming.gif', NULL, 'open');
INSERT INTO `cardExtra` (cardId, type, serial, content) VALUES ('open_1552', 0, 1, 'My self');
INSERT INTO `cardExtra` (cardId, type, serial, content) VALUES ('open_1552', 0, 2, 'Brother');
INSERT INTO `cardExtra` (cardId, type, serial, content) VALUES ('open_1552', 0, 3, 'Father');
INSERT INTO `cardExtra` (cardId, type, serial, content) VALUES ('open_1552', 0, 4, 'Friend');
INSERT INTO `card` (id, type, title, header, content, option) VALUES ('open_1557', 0, 'Which toy you ilke to play on?', 'assets/topic/kid_hukla.gif', NULL, 'open');
INSERT INTO `cardExtra` (cardId, type, serial, content) VALUES ('open_1557', 0, 1, 'Horse');
INSERT INTO `cardExtra` (cardId, type, serial, content) VALUES ('open_1557', 0, 2, 'Panda');
INSERT INTO `cardExtra` (cardId, type, serial, content) VALUES ('open_1557', 0, 3, 'Teddy bear');
INSERT INTO `cardExtra` (cardId, type, serial, content) VALUES ('open_1557', 0, 4, 'Tiger');
INSERT INTO `card` (id, type, title, header, content, option) VALUES ('open_1562', 0, 'What is the boy doing?', 'assets/topic/kid_stunt.gif', NULL, 'open');
INSERT INTO `cardExtra` (cardId, type, serial, content) VALUES ('open_1562', 0, 1, 'Playing');
INSERT INTO `cardExtra` (cardId, type, serial, content) VALUES ('open_1562', 0, 2, 'Slidding');
INSERT INTO `cardExtra` (cardId, type, serial, content) VALUES ('open_1562', 0, 3, 'Roller scate');
INSERT INTO `cardExtra` (cardId, type, serial, content) VALUES ('open_1562', 0, 4, 'Enjoing ride');
INSERT INTO `card` (id, type, title, header, content, option) VALUES ('open_1567', 0, 'His talent is amazing?', 'assets/topic/kid_talent.gif', NULL, 'open');
INSERT INTO `cardExtra` (cardId, type, serial, content) VALUES ('open_1567', 0, 1, 'Yes');
INSERT INTO `cardExtra` (cardId, type, serial, content) VALUES ('open_1567', 0, 2, 'No');
INSERT INTO `cardExtra` (cardId, type, serial, content) VALUES ('open_1567', 0, 3, 'I can also do');
INSERT INTO `cardExtra` (cardId, type, serial, content) VALUES ('open_1567', 0, 4, 'My friend can do');
INSERT INTO `card` (id, type, title, header, content, option) VALUES ('open_1572', 0, 'What you see?', 'assets/topic/kids_fall.gif', NULL, 'open');
INSERT INTO `cardExtra` (cardId, type, serial, content) VALUES ('open_1572', 0, 1, 'Swimming pool');
INSERT INTO `cardExtra` (cardId, type, serial, content) VALUES ('open_1572', 0, 2, 'Cat');
INSERT INTO `cardExtra` (cardId, type, serial, content) VALUES ('open_1572', 0, 3, 'Boy');
INSERT INTO `cardExtra` (cardId, type, serial, content) VALUES ('open_1572', 0, 4, 'Cat pushing boy');
INSERT INTO `card` (id, type, title, header, content, option) VALUES ('open_1577', 0, 'Their talent is amazing?', 'assets/topic/kids_skills.gif', NULL, 'open');
INSERT INTO `cardExtra` (cardId, type, serial, content) VALUES ('open_1577', 0, 1, 'Yes');
INSERT INTO `cardExtra` (cardId, type, serial, content) VALUES ('open_1577', 0, 2, 'No');
INSERT INTO `cardExtra` (cardId, type, serial, content) VALUES ('open_1577', 0, 3, 'I and my friends also do');
INSERT INTO `cardExtra` (cardId, type, serial, content) VALUES ('open_1577', 0, 4, 'My friends can do');
INSERT INTO `card` (id, type, title, header, content, option) VALUES ('open_1582', 0, 'What you see?', 'assets/topic/kind_rope.gif', NULL, 'open');
INSERT INTO `cardExtra` (cardId, type, serial, content) VALUES ('open_1582', 0, 1, 'Two animals');
INSERT INTO `cardExtra` (cardId, type, serial, content) VALUES ('open_1582', 0, 2, 'Blue animal');
INSERT INTO `cardExtra` (cardId, type, serial, content) VALUES ('open_1582', 0, 3, 'Orange animal');
INSERT INTO `cardExtra` (cardId, type, serial, content) VALUES ('open_1582', 0, 4, 'Animals playing skipping');
INSERT INTO `card` (id, type, title, header, content, option) VALUES ('open_1587', 0, 'Give this cat a name', 'assets/topic/kitten_high_five.gif', NULL, 'open');
INSERT INTO `cardExtra` (cardId, type, serial, content) VALUES ('open_1587', 0, 1, 'Snow white');
INSERT INTO `cardExtra` (cardId, type, serial, content) VALUES ('open_1587', 0, 2, 'High five');
INSERT INTO `cardExtra` (cardId, type, serial, content) VALUES ('open_1587', 0, 3, 'Grey');
INSERT INTO `cardExtra` (cardId, type, serial, content) VALUES ('open_1587', 0, 4, 'Fatty');
INSERT INTO `card` (id, type, title, header, content, option) VALUES ('open_1592', 0, 'What you see?', 'assets/topic/kitten_watching.gif', NULL, 'open');
INSERT INTO `cardExtra` (cardId, type, serial, content) VALUES ('open_1592', 0, 1, 'Many cats');
INSERT INTO `cardExtra` (cardId, type, serial, content) VALUES ('open_1592', 0, 2, 'Mobile phone');
INSERT INTO `cardExtra` (cardId, type, serial, content) VALUES ('open_1592', 0, 3, 'Cats sleeping');
INSERT INTO `cardExtra` (cardId, type, serial, content) VALUES ('open_1592', 0, 4, 'Cats watching video');
INSERT INTO `card` (id, type, title, header, content, option) VALUES ('open_1597', 0, 'What happened here?', 'assets/topic/lol_baby_mirror.gif', NULL, 'open');
INSERT INTO `cardExtra` (cardId, type, serial, content) VALUES ('open_1597', 0, 1, 'Boy lookig in mirror');
INSERT INTO `cardExtra` (cardId, type, serial, content) VALUES ('open_1597', 0, 2, 'Boy shaking mirror');
INSERT INTO `cardExtra` (cardId, type, serial, content) VALUES ('open_1597', 0, 3, 'Boy slips');
INSERT INTO `cardExtra` (cardId, type, serial, content) VALUES ('open_1597', 0, 4, 'Mirror fell on boy');
INSERT INTO `card` (id, type, title, header, content, option) VALUES ('open_1602', 0, 'What is the monkey doinng?', 'assets/topic/lol_teamwork.gif', NULL, 'open');
INSERT INTO `cardExtra` (cardId, type, serial, content) VALUES ('open_1602', 0, 1, 'Plucking fruit');
INSERT INTO `cardExtra` (cardId, type, serial, content) VALUES ('open_1602', 0, 2, 'Jumping to other tree');
INSERT INTO `cardExtra` (cardId, type, serial, content) VALUES ('open_1602', 0, 3, 'Hepling its child');
INSERT INTO `cardExtra` (cardId, type, serial, content) VALUES ('open_1602', 0, 4, 'Became a bridge');
INSERT INTO `card` (id, type, title, header, content, option) VALUES ('open_1607', 0, 'What you see?', 'assets/topic/loop_brushy.gif', NULL, 'open');
INSERT INTO `cardExtra` (cardId, type, serial, content) VALUES ('open_1607', 0, 1, 'Cat');
INSERT INTO `cardExtra` (cardId, type, serial, content) VALUES ('open_1607', 0, 2, 'Cat sleeping');
INSERT INTO `cardExtra` (cardId, type, serial, content) VALUES ('open_1607', 0, 3, 'Cat getting massage');
INSERT INTO `cardExtra` (cardId, type, serial, content) VALUES ('open_1607', 0, 4, 'Cat grooming');
INSERT INTO `card` (id, type, title, header, content, option) VALUES ('open_1612', 0, 'Which animal should jump like this?', 'assets/topic/loop_wtf_jumping?.gif', NULL, 'open');
INSERT INTO `cardExtra` (cardId, type, serial, content) VALUES ('open_1612', 0, 1, 'Lion');
INSERT INTO `cardExtra` (cardId, type, serial, content) VALUES ('open_1612', 0, 2, 'Tiger');
INSERT INTO `cardExtra` (cardId, type, serial, content) VALUES ('open_1612', 0, 3, 'Cat');
INSERT INTO `cardExtra` (cardId, type, serial, content) VALUES ('open_1612', 0, 4, 'Zebra');
INSERT INTO `card` (id, type, title, header, content, option) VALUES ('open_1617', 0, 'What isi the monkey doing?', 'assets/topic/monkey_bath.gif', NULL, 'open');
INSERT INTO `cardExtra` (cardId, type, serial, content) VALUES ('open_1617', 0, 1, 'Taking bath');
INSERT INTO `cardExtra` (cardId, type, serial, content) VALUES ('open_1617', 0, 2, 'Playing water');
INSERT INTO `cardExtra` (cardId, type, serial, content) VALUES ('open_1617', 0, 3, 'Dont what to do');
INSERT INTO `cardExtra` (cardId, type, serial, content) VALUES ('open_1617', 0, 4, 'Praying');
INSERT INTO `card` (id, type, title, header, content, option) VALUES ('open_1622', 0, 'What you see?', 'assets/topic/morning_goofy?.gif', NULL, 'open');
INSERT INTO `cardExtra` (cardId, type, serial, content) VALUES ('open_1622', 0, 1, 'Many penguins');
INSERT INTO `cardExtra` (cardId, type, serial, content) VALUES ('open_1622', 0, 2, 'Penguins jumping');
INSERT INTO `cardExtra` (cardId, type, serial, content) VALUES ('open_1622', 0, 3, 'Penguins running');
INSERT INTO `cardExtra` (cardId, type, serial, content) VALUES ('open_1622', 0, 4, 'They are happy');
INSERT INTO `card` (id, type, title, header, content, option) VALUES ('open_1627', 0, 'What you see?', 'assets/topic/mud_diving.gif', NULL, 'open');
INSERT INTO `cardExtra` (cardId, type, serial, content) VALUES ('open_1627', 0, 1, 'Boy');
INSERT INTO `cardExtra` (cardId, type, serial, content) VALUES ('open_1627', 0, 2, 'Chair');
INSERT INTO `cardExtra` (cardId, type, serial, content) VALUES ('open_1627', 0, 3, 'Boy covered in mud');
INSERT INTO `cardExtra` (cardId, type, serial, content) VALUES ('open_1627', 0, 4, 'Boy diving in to mud');
INSERT INTO `card` (id, type, title, header, content, option) VALUES ('open_1632', 0, 'What you see?', 'assets/topic/nirvana_doggie.gif', NULL, 'open');
INSERT INTO `cardExtra` (cardId, type, serial, content) VALUES ('open_1632', 0, 1, 'Dog');
INSERT INTO `cardExtra` (cardId, type, serial, content) VALUES ('open_1632', 0, 2, 'Dog sleeping');
INSERT INTO `cardExtra` (cardId, type, serial, content) VALUES ('open_1632', 0, 3, 'Dog getting massage');
INSERT INTO `cardExtra` (cardId, type, serial, content) VALUES ('open_1632', 0, 4, 'Dog grooming');
INSERT INTO `card` (id, type, title, header, content, option) VALUES ('open_1637', 0, 'What did just happened?', 'assets/topic/orange_instant_juice.gif', NULL, 'open');
INSERT INTO `cardExtra` (cardId, type, serial, content) VALUES ('open_1637', 0, 1, 'Magic');
INSERT INTO `cardExtra` (cardId, type, serial, content) VALUES ('open_1637', 0, 2, 'Trick');
INSERT INTO `cardExtra` (cardId, type, serial, content) VALUES ('open_1637', 0, 3, 'Orange turned to juice');
INSERT INTO `cardExtra` (cardId, type, serial, content) VALUES ('open_1637', 0, 4, 'Orange juice in glass');
INSERT INTO `card` (id, type, title, header, content, option) VALUES ('open_1642', 0, 'Baby reaction?', 'assets/topic/orange_taste_sour.gif', NULL, 'open');
INSERT INTO `cardExtra` (cardId, type, serial, content) VALUES ('open_1642', 0, 1, 'Funny');
INSERT INTO `cardExtra` (cardId, type, serial, content) VALUES ('open_1642', 0, 2, 'Sour');
INSERT INTO `cardExtra` (cardId, type, serial, content) VALUES ('open_1642', 0, 3, 'Bitter');
INSERT INTO `cardExtra` (cardId, type, serial, content) VALUES ('open_1642', 0, 4, 'Why did i eat it');
INSERT INTO `card` (id, type, title, header, content, option) VALUES ('open_1647', 0, 'What did just happened?', 'assets/topic/oversmart_frozen.gif', NULL, 'open');
INSERT INTO `cardExtra` (cardId, type, serial, content) VALUES ('open_1647', 0, 1, 'Man got confused');
INSERT INTO `cardExtra` (cardId, type, serial, content) VALUES ('open_1647', 0, 2, 'Man showing body');
INSERT INTO `cardExtra` (cardId, type, serial, content) VALUES ('open_1647', 0, 3, 'Jumped in to water');
INSERT INTO `cardExtra` (cardId, type, serial, content) VALUES ('open_1647', 0, 4, 'Water became ice');
INSERT INTO `card` (id, type, title, header, content, option) VALUES ('open_1652', 0, 'What color you want to paint it?', 'assets/topic/park_slide.gif', NULL, 'open');
INSERT INTO `cardExtra` (cardId, type, serial, content) VALUES ('open_1652', 0, 1, 'Orange');
INSERT INTO `cardExtra` (cardId, type, serial, content) VALUES ('open_1652', 0, 2, 'Blue');
INSERT INTO `cardExtra` (cardId, type, serial, content) VALUES ('open_1652', 0, 3, 'White');
INSERT INTO `cardExtra` (cardId, type, serial, content) VALUES ('open_1652', 0, 4, 'Silver');
INSERT INTO `card` (id, type, title, header, content, option) VALUES ('open_1657', 0, 'What you see?', 'assets/topic/pencil.gif', NULL, 'open');
INSERT INTO `cardExtra` (cardId, type, serial, content) VALUES ('open_1657', 0, 1, 'Sharpner');
INSERT INTO `cardExtra` (cardId, type, serial, content) VALUES ('open_1657', 0, 2, 'Pencil');
INSERT INTO `cardExtra` (cardId, type, serial, content) VALUES ('open_1657', 0, 3, 'Pencil sharpend');
INSERT INTO `cardExtra` (cardId, type, serial, content) VALUES ('open_1657', 0, 4, 'Pencil dissapear');
INSERT INTO `card` (id, type, title, header, content, option) VALUES ('open_1662', 0, 'What did just happened?', 'assets/topic/pencil_stopmotion_sharpener?.gif', NULL, 'open');
INSERT INTO `cardExtra` (cardId, type, serial, content) VALUES ('open_1662', 0, 1, 'Magic');
INSERT INTO `cardExtra` (cardId, type, serial, content) VALUES ('open_1662', 0, 2, 'Trick');
INSERT INTO `cardExtra` (cardId, type, serial, content) VALUES ('open_1662', 0, 3, 'Hand moving');
INSERT INTO `cardExtra` (cardId, type, serial, content) VALUES ('open_1662', 0, 4, 'Pencil moving');
INSERT INTO `card` (id, type, title, header, content, option) VALUES ('open_1667', 0, 'Name the pig.', 'assets/topic/pig_having_fun.gif', NULL, 'open');
INSERT INTO `cardExtra` (cardId, type, serial, content) VALUES ('open_1667', 0, 1, 'piggy');
INSERT INTO `cardExtra` (cardId, type, serial, content) VALUES ('open_1667', 0, 2, 'Pinky');
INSERT INTO `cardExtra` (cardId, type, serial, content) VALUES ('open_1667', 0, 3, 'Lazy');
INSERT INTO `cardExtra` (cardId, type, serial, content) VALUES ('open_1667', 0, 4, 'Fatty');
INSERT INTO `card` (id, type, title, header, content, option) VALUES ('open_1672', 0, 'Who does like this?', 'assets/topic/preparing_beauty_brand.gif', NULL, 'open');
INSERT INTO `cardExtra` (cardId, type, serial, content) VALUES ('open_1672', 0, 1, 'My self');
INSERT INTO `cardExtra` (cardId, type, serial, content) VALUES ('open_1672', 0, 2, 'Brother');
INSERT INTO `cardExtra` (cardId, type, serial, content) VALUES ('open_1672', 0, 3, 'Sister');
INSERT INTO `cardExtra` (cardId, type, serial, content) VALUES ('open_1672', 0, 4, 'Friend');
INSERT INTO `card` (id, type, title, header, content, option) VALUES ('open_1677', 0, 'What is happening with puppy?', 'assets/topic/puppy_budget.gif', NULL, 'open');
INSERT INTO `cardExtra` (cardId, type, serial, content) VALUES ('open_1677', 0, 1, 'Puppy scared');
INSERT INTO `cardExtra` (cardId, type, serial, content) VALUES ('open_1677', 0, 2, 'Puppy flying');
INSERT INTO `cardExtra` (cardId, type, serial, content) VALUES ('open_1677', 0, 3, 'Puppy tied to balloon');
INSERT INTO `cardExtra` (cardId, type, serial, content) VALUES ('open_1677', 0, 4, 'Balloons tied to puppy');
INSERT INTO `card` (id, type, title, header, content, option) VALUES ('open_1682', 0, 'What is the dog doing?', 'assets/topic/puppy_high_five.gif', NULL, 'open');
INSERT INTO `cardExtra` (cardId, type, serial, content) VALUES ('open_1682', 0, 1, 'Dog');
INSERT INTO `cardExtra` (cardId, type, serial, content) VALUES ('open_1682', 0, 2, 'Palm');
INSERT INTO `cardExtra` (cardId, type, serial, content) VALUES ('open_1682', 0, 3, 'Dog high five');
INSERT INTO `cardExtra` (cardId, type, serial, content) VALUES ('open_1682', 0, 4, 'Dog looking at');
INSERT INTO `card` (id, type, title, header, content, option) VALUES ('open_1687', 0, 'What you see?', 'assets/topic/push_up_cat.gif', NULL, 'open');
INSERT INTO `cardExtra` (cardId, type, serial, content) VALUES ('open_1687', 0, 1, 'Man');
INSERT INTO `cardExtra` (cardId, type, serial, content) VALUES ('open_1687', 0, 2, 'Cat');
INSERT INTO `cardExtra` (cardId, type, serial, content) VALUES ('open_1687', 0, 3, 'Man exercising');
INSERT INTO `cardExtra` (cardId, type, serial, content) VALUES ('open_1687', 0, 4, 'Cat pushing man');
INSERT INTO `card` (id, type, title, header, content, option) VALUES ('open_1692', 0, 'What did you see?', 'assets/topic/quick_gun_morgan.gif', NULL, 'open');
INSERT INTO `cardExtra` (cardId, type, serial, content) VALUES ('open_1692', 0, 1, 'Man shooting');
INSERT INTO `cardExtra` (cardId, type, serial, content) VALUES ('open_1692', 0, 2, 'Pants off');
INSERT INTO `cardExtra` (cardId, type, serial, content) VALUES ('open_1692', 0, 3, 'Pulling palnts');
INSERT INTO `cardExtra` (cardId, type, serial, content) VALUES ('open_1692', 0, 4, 'Funny scene');
INSERT INTO `card` (id, type, title, header, content, option) VALUES ('open_1697', 0, 'What can you see?', 'assets/topic/rainbow_landscape.gif', NULL, 'open');
INSERT INTO `cardExtra` (cardId, type, serial, content) VALUES ('open_1697', 0, 1, 'Water fall');
INSERT INTO `cardExtra` (cardId, type, serial, content) VALUES ('open_1697', 0, 2, 'Rainbow');
INSERT INTO `cardExtra` (cardId, type, serial, content) VALUES ('open_1697', 0, 3, 'The smoky effect');
INSERT INTO `cardExtra` (cardId, type, serial, content) VALUES ('open_1697', 0, 4, 'Milky water');
INSERT INTO `card` (id, type, title, header, content, option) VALUES ('open_1702', 0, 'Talk about the room', 'assets/topic/room_quick_cleaning.gif', NULL, 'open');
INSERT INTO `cardExtra` (cardId, type, serial, content) VALUES ('open_1702', 0, 1, 'A messy room');
INSERT INTO `cardExtra` (cardId, type, serial, content) VALUES ('open_1702', 0, 2, 'Clothes all over');
INSERT INTO `cardExtra` (cardId, type, serial, content) VALUES ('open_1702', 0, 3, 'Smart boy');
INSERT INTO `cardExtra` (cardId, type, serial, content) VALUES ('open_1702', 0, 4, 'Excellent makeover');
INSERT INTO `card` (id, type, title, header, content, option) VALUES ('open_1707', 0, 'What do you see?', 'assets/topic/rope_failling_fail.gif', NULL, 'open');
INSERT INTO `cardExtra` (cardId, type, serial, content) VALUES ('open_1707', 0, 1, 'A man jumping');
INSERT INTO `cardExtra` (cardId, type, serial, content) VALUES ('open_1707', 0, 2, 'A rope');
INSERT INTO `cardExtra` (cardId, type, serial, content) VALUES ('open_1707', 0, 3, 'Jumping to the water');
INSERT INTO `cardExtra` (cardId, type, serial, content) VALUES ('open_1707', 0, 4, 'A hilly area');
INSERT INTO `card` (id, type, title, header, content, option) VALUES ('open_1712', 0, 'What can you see?', 'assets/topic/satisfying_teamwork?.gif', NULL, 'open');
INSERT INTO `cardExtra` (cardId, type, serial, content) VALUES ('open_1712', 0, 1, 'Group of people');
INSERT INTO `cardExtra` (cardId, type, serial, content) VALUES ('open_1712', 0, 2, 'Teamwork');
INSERT INTO `cardExtra` (cardId, type, serial, content) VALUES ('open_1712', 0, 3, 'Climbing over');
INSERT INTO `cardExtra` (cardId, type, serial, content) VALUES ('open_1712', 0, 4, 'Practicing');
INSERT INTO `card` (id, type, title, header, content, option) VALUES ('open_1717', 0, 'What is the baby doingh?', 'assets/topic/serious_baby.gif', NULL, 'open');
INSERT INTO `cardExtra` (cardId, type, serial, content) VALUES ('open_1717', 0, 1, 'Staring');
INSERT INTO `cardExtra` (cardId, type, serial, content) VALUES ('open_1717', 0, 2, 'Sitting firm');
INSERT INTO `cardExtra` (cardId, type, serial, content) VALUES ('open_1717', 0, 3, 'Trying not to laugh');
INSERT INTO `cardExtra` (cardId, type, serial, content) VALUES ('open_1717', 0, 4, 'Seriousness');
INSERT INTO `card` (id, type, title, header, content, option) VALUES ('open_1722', 0, 'What do you see?', 'assets/topic/silly_cute.gif', NULL, 'open');
INSERT INTO `cardExtra` (cardId, type, serial, content) VALUES ('open_1722', 0, 1, 'A girl');
INSERT INTO `cardExtra` (cardId, type, serial, content) VALUES ('open_1722', 0, 2, 'Posing for the picture');
INSERT INTO `cardExtra` (cardId, type, serial, content) VALUES ('open_1722', 0, 3, 'Showing off teeth');
INSERT INTO `cardExtra` (cardId, type, serial, content) VALUES ('open_1722', 0, 4, 'Silly smile');
INSERT INTO `card` (id, type, title, header, content, option) VALUES ('open_1727', 0, 'What is the girl doing?', 'assets/topic/smelling_flower.gif', NULL, 'open');
INSERT INTO `cardExtra` (cardId, type, serial, content) VALUES ('open_1727', 0, 1, 'Smelling flower');
INSERT INTO `cardExtra` (cardId, type, serial, content) VALUES ('open_1727', 0, 2, 'Feeling the scent');
INSERT INTO `cardExtra` (cardId, type, serial, content) VALUES ('open_1727', 0, 3, 'Enjoying the cool breeze');
INSERT INTO `cardExtra` (cardId, type, serial, content) VALUES ('open_1727', 0, 4, 'Holding flowers');
INSERT INTO `card` (id, type, title, header, content, option) VALUES ('open_1732', 0, 'What do you see?', 'assets/topic/steam_train.gif', NULL, 'open');
INSERT INTO `cardExtra` (cardId, type, serial, content) VALUES ('open_1732', 0, 1, 'A steam engine');
INSERT INTO `cardExtra` (cardId, type, serial, content) VALUES ('open_1732', 0, 2, 'Air pollution');
INSERT INTO `cardExtra` (cardId, type, serial, content) VALUES ('open_1732', 0, 3, 'Buidings in a row');
INSERT INTO `cardExtra` (cardId, type, serial, content) VALUES ('open_1732', 0, 4, 'Electric cables');
INSERT INTO `card` (id, type, title, header, content, option) VALUES ('open_1737', 0, 'What can you see?', 'assets/topic/stretching.gif', NULL, 'open');
INSERT INTO `cardExtra` (cardId, type, serial, content) VALUES ('open_1737', 0, 1, 'A banana');
INSERT INTO `cardExtra` (cardId, type, serial, content) VALUES ('open_1737', 0, 2, 'Fitness freak');
INSERT INTO `cardExtra` (cardId, type, serial, content) VALUES ('open_1737', 0, 3, 'Stretching');
INSERT INTO `cardExtra` (cardId, type, serial, content) VALUES ('open_1737', 0, 4, 'Trying hard');
INSERT INTO `card` (id, type, title, header, content, option) VALUES ('open_1742', 0, 'What is the man doing?', 'assets/topic/stretching_excercise.gif', NULL, 'open');
INSERT INTO `cardExtra` (cardId, type, serial, content) VALUES ('open_1742', 0, 1, 'Stretching');
INSERT INTO `cardExtra` (cardId, type, serial, content) VALUES ('open_1742', 0, 2, 'Working out');
INSERT INTO `cardExtra` (cardId, type, serial, content) VALUES ('open_1742', 0, 3, 'Standing in the hallway');
INSERT INTO `cardExtra` (cardId, type, serial, content) VALUES ('open_1742', 0, 4, 'Warm up');
INSERT INTO `card` (id, type, title, header, content, option) VALUES ('open_1747', 0, 'What do you see?', 'assets/topic/sunrise.gif', NULL, 'open');
INSERT INTO `cardExtra` (cardId, type, serial, content) VALUES ('open_1747', 0, 1, 'Sunrise');
INSERT INTO `cardExtra` (cardId, type, serial, content) VALUES ('open_1747', 0, 2, 'Darkness to brightness');
INSERT INTO `cardExtra` (cardId, type, serial, content) VALUES ('open_1747', 0, 3, 'dwan');
INSERT INTO `cardExtra` (cardId, type, serial, content) VALUES ('open_1747', 0, 4, 'First light');
INSERT INTO `card` (id, type, title, header, content, option) VALUES ('open_1752', 0, 'What do you see?', 'assets/topic/swag_hair_flip.gif', NULL, 'open');
INSERT INTO `cardExtra` (cardId, type, serial, content) VALUES ('open_1752', 0, 1, 'A cute little girl');
INSERT INTO `cardExtra` (cardId, type, serial, content) VALUES ('open_1752', 0, 2, 'Flipping hair');
INSERT INTO `cardExtra` (cardId, type, serial, content) VALUES ('open_1752', 0, 3, 'Smile');
INSERT INTO `cardExtra` (cardId, type, serial, content) VALUES ('open_1752', 0, 4, 'The quick movement');
INSERT INTO `card` (id, type, title, header, content, option) VALUES ('open_1757', 0, 'What do you see?', 'assets/topic/teamwork.gif.crdownload.gif', NULL, 'open');
INSERT INTO `cardExtra` (cardId, type, serial, content) VALUES ('open_1757', 0, 1, 'A team of workers');
INSERT INTO `cardExtra` (cardId, type, serial, content) VALUES ('open_1757', 0, 2, 'Fixing');
INSERT INTO `cardExtra` (cardId, type, serial, content) VALUES ('open_1757', 0, 3, 'Hitting');
INSERT INTO `cardExtra` (cardId, type, serial, content) VALUES ('open_1757', 0, 4, 'Taking turns');
INSERT INTO `card` (id, type, title, header, content, option) VALUES ('open_1762', 0, 'What do you see?', 'assets/topic/teamwork_basket.gif', NULL, 'open');
INSERT INTO `cardExtra` (cardId, type, serial, content) VALUES ('open_1762', 0, 1, 'A team of players');
INSERT INTO `cardExtra` (cardId, type, serial, content) VALUES ('open_1762', 0, 2, 'Basket ball');
INSERT INTO `cardExtra` (cardId, type, serial, content) VALUES ('open_1762', 0, 3, 'Cycling');
INSERT INTO `cardExtra` (cardId, type, serial, content) VALUES ('open_1762', 0, 4, 'Practicing');
INSERT INTO `card` (id, type, title, header, content, option) VALUES ('open_1767', 0, 'What do you see?', 'assets/topic/thirsty_elephant.gif', NULL, 'open');
INSERT INTO `cardExtra` (cardId, type, serial, content) VALUES ('open_1767', 0, 1, 'An elephant');
INSERT INTO `cardExtra` (cardId, type, serial, content) VALUES ('open_1767', 0, 2, 'Thirsty');
INSERT INTO `cardExtra` (cardId, type, serial, content) VALUES ('open_1767', 0, 3, 'Pumping the bore');
INSERT INTO `cardExtra` (cardId, type, serial, content) VALUES ('open_1767', 0, 4, 'Drinking water');
INSERT INTO `card` (id, type, title, header, content, option) VALUES ('open_1772', 0, 'What can you see?', 'assets/topic/throw_ball.gif', NULL, 'open');
INSERT INTO `cardExtra` (cardId, type, serial, content) VALUES ('open_1772', 0, 1, 'A group of people');
INSERT INTO `cardExtra` (cardId, type, serial, content) VALUES ('open_1772', 0, 2, 'Playing rugby');
INSERT INTO `cardExtra` (cardId, type, serial, content) VALUES ('open_1772', 0, 3, 'Practicing');
INSERT INTO `cardExtra` (cardId, type, serial, content) VALUES ('open_1772', 0, 4, 'Perfection');
INSERT INTO `card` (id, type, title, header, content, option) VALUES ('open_1777', 0, 'What can you see?', 'assets/topic/today_ocean.gif', NULL, 'open');
INSERT INTO `cardExtra` (cardId, type, serial, content) VALUES ('open_1777', 0, 1, 'A sea shore');
INSERT INTO `cardExtra` (cardId, type, serial, content) VALUES ('open_1777', 0, 2, 'Flowing waves');
INSERT INTO `cardExtra` (cardId, type, serial, content) VALUES ('open_1777', 0, 3, 'Man trying to clear');
INSERT INTO `cardExtra` (cardId, type, serial, content) VALUES ('open_1777', 0, 4, 'Using wiper');
INSERT INTO `card` (id, type, title, header, content, option) VALUES ('open_1782', 0, 'What can you see?', 'assets/topic/toddler_baby_dog.gif', NULL, 'open');
INSERT INTO `cardExtra` (cardId, type, serial, content) VALUES ('open_1782', 0, 1, 'A child with the pet');
INSERT INTO `cardExtra` (cardId, type, serial, content) VALUES ('open_1782', 0, 2, 'Both are excited');
INSERT INTO `cardExtra` (cardId, type, serial, content) VALUES ('open_1782', 0, 3, 'Similar action');
INSERT INTO `cardExtra` (cardId, type, serial, content) VALUES ('open_1782', 0, 4, 'Happy looking out');
INSERT INTO `card` (id, type, title, header, content, option) VALUES ('open_1787', 0, 'What are the girls doing?', 'assets/topic/toothpaste.gif', NULL, 'open');
INSERT INTO `cardExtra` (cardId, type, serial, content) VALUES ('open_1787', 0, 1, 'Preparing to brush');
INSERT INTO `cardExtra` (cardId, type, serial, content) VALUES ('open_1787', 0, 2, 'Squeez the paste');
INSERT INTO `cardExtra` (cardId, type, serial, content) VALUES ('open_1787', 0, 3, 'Pressing hard');
INSERT INTO `cardExtra` (cardId, type, serial, content) VALUES ('open_1787', 0, 4, 'Concentration');
INSERT INTO `card` (id, type, title, header, content, option) VALUES ('open_1792', 0, 'What is the child doing?', 'assets/topic/transparent_baby.gif', NULL, 'open');
INSERT INTO `cardExtra` (cardId, type, serial, content) VALUES ('open_1792', 0, 1, 'Pouring');
INSERT INTO `cardExtra` (cardId, type, serial, content) VALUES ('open_1792', 0, 2, 'Spilling');
INSERT INTO `cardExtra` (cardId, type, serial, content) VALUES ('open_1792', 0, 3, 'Playing');
INSERT INTO `cardExtra` (cardId, type, serial, content) VALUES ('open_1792', 0, 4, 'Trying');
INSERT INTO `card` (id, type, title, header, content, option) VALUES ('open_1797', 0, 'What can you see?', 'assets/topic/triple_seat.gif', NULL, 'open');
INSERT INTO `cardExtra` (cardId, type, serial, content) VALUES ('open_1797', 0, 1, 'Cyclist');
INSERT INTO `cardExtra` (cardId, type, serial, content) VALUES ('open_1797', 0, 2, 'Man carrying sheep');
INSERT INTO `cardExtra` (cardId, type, serial, content) VALUES ('open_1797', 0, 3, 'Balancing');
INSERT INTO `cardExtra` (cardId, type, serial, content) VALUES ('open_1797', 0, 4, 'The perfect grip');
INSERT INTO `card` (id, type, title, header, content, option) VALUES ('open_1802', 0, 'What is the turtle doing?', 'assets/topic/turtle_sliding.gif', NULL, 'open');
INSERT INTO `cardExtra` (cardId, type, serial, content) VALUES ('open_1802', 0, 1, 'Trying to move');
INSERT INTO `cardExtra` (cardId, type, serial, content) VALUES ('open_1802', 0, 2, 'Walk on the slide');
INSERT INTO `cardExtra` (cardId, type, serial, content) VALUES ('open_1802', 0, 3, 'Slipping');
INSERT INTO `cardExtra` (cardId, type, serial, content) VALUES ('open_1802', 0, 4, 'Not giving up');
INSERT INTO `card` (id, type, title, header, content, option) VALUES ('open_1807', 0, 'What is the man doing?', 'assets/topic/virtual_bicycle.gif', NULL, 'open');
INSERT INTO `cardExtra` (cardId, type, serial, content) VALUES ('open_1807', 0, 1, 'Riding a virtual cycle');
INSERT INTO `cardExtra` (cardId, type, serial, content) VALUES ('open_1807', 0, 2, 'Perfection');
INSERT INTO `cardExtra` (cardId, type, serial, content) VALUES ('open_1807', 0, 3, 'Lying on the street');
INSERT INTO `cardExtra` (cardId, type, serial, content) VALUES ('open_1807', 0, 4, 'Having fun');
INSERT INTO `card` (id, type, title, header, content, option) VALUES ('open_1812', 0, 'What do you see?', 'assets/topic/wanna_juice.gif', NULL, 'open');
INSERT INTO `cardExtra` (cardId, type, serial, content) VALUES ('open_1812', 0, 1, 'A glass of juice');
INSERT INTO `cardExtra` (cardId, type, serial, content) VALUES ('open_1812', 0, 2, 'Offereing');
INSERT INTO `cardExtra` (cardId, type, serial, content) VALUES ('open_1812', 0, 3, 'Looks real');
INSERT INTO `cardExtra` (cardId, type, serial, content) VALUES ('open_1812', 0, 4, 'Healthy drink');
INSERT INTO `card` (id, type, title, header, content, option) VALUES ('open_1817', 0, 'What do you see?', 'assets/topic/watching_horror_movie.gif', NULL, 'open');
INSERT INTO `cardExtra` (cardId, type, serial, content) VALUES ('open_1817', 0, 1, 'A television');
INSERT INTO `cardExtra` (cardId, type, serial, content) VALUES ('open_1817', 0, 2, 'Man watching movie');
INSERT INTO `cardExtra` (cardId, type, serial, content) VALUES ('open_1817', 0, 3, 'Sitting on chair');
INSERT INTO `cardExtra` (cardId, type, serial, content) VALUES ('open_1817', 0, 4, 'Involvement');
INSERT INTO `card` (id, type, title, header, content, option) VALUES ('open_1822', 0, 'What do you see?', 'assets/topic/water_attack.gif', NULL, 'open');
INSERT INTO `cardExtra` (cardId, type, serial, content) VALUES ('open_1822', 0, 1, 'A water sport');
INSERT INTO `cardExtra` (cardId, type, serial, content) VALUES ('open_1822', 0, 2, 'Water balloons');
INSERT INTO `cardExtra` (cardId, type, serial, content) VALUES ('open_1822', 0, 3, 'Drenched men');
INSERT INTO `cardExtra` (cardId, type, serial, content) VALUES ('open_1822', 0, 4, 'Balloon bursting');
INSERT INTO `card` (id, type, title, header, content, option) VALUES ('open_1827', 0, 'What can you see?', 'assets/topic/water_attack_balloon?.gif', NULL, 'open');
INSERT INTO `cardExtra` (cardId, type, serial, content) VALUES ('open_1827', 0, 1, 'Child plaing in the lawn');
INSERT INTO `cardExtra` (cardId, type, serial, content) VALUES ('open_1827', 0, 2, 'Holding a water balloon');
INSERT INTO `cardExtra` (cardId, type, serial, content) VALUES ('open_1827', 0, 3, 'Water splashing off the balloon');
INSERT INTO `cardExtra` (cardId, type, serial, content) VALUES ('open_1827', 0, 4, 'Unexpected splash');
INSERT INTO `card` (id, type, title, header, content, option) VALUES ('open_1832', 0, 'What do you see?', 'assets/topic/water_hope.gif', NULL, 'open');
INSERT INTO `cardExtra` (cardId, type, serial, content) VALUES ('open_1832', 0, 1, 'Women by the water');
INSERT INTO `cardExtra` (cardId, type, serial, content) VALUES ('open_1832', 0, 2, 'Unexpected fall');
INSERT INTO `cardExtra` (cardId, type, serial, content) VALUES ('open_1832', 0, 3, 'Snatching');
INSERT INTO `cardExtra` (cardId, type, serial, content) VALUES ('open_1832', 0, 4, 'Saved');
INSERT INTO `card` (id, type, title, header, content, option) VALUES ('open_1837', 0, 'What is the girl doing?', 'assets/topic/water_jump.gif', NULL, 'open');
INSERT INTO `cardExtra` (cardId, type, serial, content) VALUES ('open_1837', 0, 1, 'Holding the water pipe');
INSERT INTO `cardExtra` (cardId, type, serial, content) VALUES ('open_1837', 0, 2, 'Jumping on the trampoline');
INSERT INTO `cardExtra` (cardId, type, serial, content) VALUES ('open_1837', 0, 3, 'Having fun');
INSERT INTO `cardExtra` (cardId, type, serial, content) VALUES ('open_1837', 0, 4, 'Water spray through the net');
INSERT INTO `card` (id, type, title, header, content, option) VALUES ('open_1842', 0, 'What do you see?', 'assets/topic/water_slide.gif', NULL, 'open');
INSERT INTO `cardExtra` (cardId, type, serial, content) VALUES ('open_1842', 0, 1, 'Water slide');
INSERT INTO `cardExtra` (cardId, type, serial, content) VALUES ('open_1842', 0, 2, 'Girls sliding');
INSERT INTO `cardExtra` (cardId, type, serial, content) VALUES ('open_1842', 0, 3, 'Having fun');
INSERT INTO `cardExtra` (cardId, type, serial, content) VALUES ('open_1842', 0, 4, 'Accidental fall');
INSERT INTO `card` (id, type, title, header, content, option) VALUES ('open_1847', 0, 'What is seen?', 'assets/topic/waterfall_wales?.gif', NULL, 'open');
INSERT INTO `cardExtra` (cardId, type, serial, content) VALUES ('open_1847', 0, 1, 'A waterfall');
INSERT INTO `cardExtra` (cardId, type, serial, content) VALUES ('open_1847', 0, 2, 'Flow through the rocks');
INSERT INTO `cardExtra` (cardId, type, serial, content) VALUES ('open_1847', 0, 3, 'Milky water');
INSERT INTO `cardExtra` (cardId, type, serial, content) VALUES ('open_1847', 0, 4, 'Green trees and algae');
INSERT INTO `card` (id, type, title, header, content, option) VALUES ('open', 2, 'open', NULL, NULL, NULL);
INSERT INTO `collection` (id, serial, cardId) VALUES ('open', 1, 'open_2');
INSERT INTO `collection` (id, serial, cardId) VALUES ('open', 2, 'open_7');
INSERT INTO `collection` (id, serial, cardId) VALUES ('open', 3, 'open_12');
INSERT INTO `collection` (id, serial, cardId) VALUES ('open', 4, 'open_17');
INSERT INTO `collection` (id, serial, cardId) VALUES ('open', 5, 'open_22');
INSERT INTO `collection` (id, serial, cardId) VALUES ('open', 6, 'open_27');
INSERT INTO `collection` (id, serial, cardId) VALUES ('open', 7, 'open_32');
INSERT INTO `collection` (id, serial, cardId) VALUES ('open', 8, 'open_37');
INSERT INTO `collection` (id, serial, cardId) VALUES ('open', 9, 'open_42');
INSERT INTO `collection` (id, serial, cardId) VALUES ('open', 10, 'open_47');
INSERT INTO `collection` (id, serial, cardId) VALUES ('open', 11, 'open_52');
INSERT INTO `collection` (id, serial, cardId) VALUES ('open', 12, 'open_57');
INSERT INTO `collection` (id, serial, cardId) VALUES ('open', 13, 'open_62');
INSERT INTO `collection` (id, serial, cardId) VALUES ('open', 14, 'open_67');
INSERT INTO `collection` (id, serial, cardId) VALUES ('open', 15, 'open_72');
INSERT INTO `collection` (id, serial, cardId) VALUES ('open', 16, 'open_77');
INSERT INTO `collection` (id, serial, cardId) VALUES ('open', 17, 'open_82');
INSERT INTO `collection` (id, serial, cardId) VALUES ('open', 18, 'open_87');
INSERT INTO `collection` (id, serial, cardId) VALUES ('open', 19, 'open_92');
INSERT INTO `collection` (id, serial, cardId) VALUES ('open', 20, 'open_97');
INSERT INTO `collection` (id, serial, cardId) VALUES ('open', 21, 'open_102');
INSERT INTO `collection` (id, serial, cardId) VALUES ('open', 22, 'open_107');
INSERT INTO `collection` (id, serial, cardId) VALUES ('open', 23, 'open_112');
INSERT INTO `collection` (id, serial, cardId) VALUES ('open', 24, 'open_117');
INSERT INTO `collection` (id, serial, cardId) VALUES ('open', 25, 'open_122');
INSERT INTO `collection` (id, serial, cardId) VALUES ('open', 26, 'open_127');
INSERT INTO `collection` (id, serial, cardId) VALUES ('open', 27, 'open_132');
INSERT INTO `collection` (id, serial, cardId) VALUES ('open', 28, 'open_137');
INSERT INTO `collection` (id, serial, cardId) VALUES ('open', 29, 'open_142');
INSERT INTO `collection` (id, serial, cardId) VALUES ('open', 30, 'open_147');
INSERT INTO `collection` (id, serial, cardId) VALUES ('open', 31, 'open_152');
INSERT INTO `collection` (id, serial, cardId) VALUES ('open', 32, 'open_157');
INSERT INTO `collection` (id, serial, cardId) VALUES ('open', 33, 'open_162');
INSERT INTO `collection` (id, serial, cardId) VALUES ('open', 34, 'open_167');
INSERT INTO `collection` (id, serial, cardId) VALUES ('open', 35, 'open_172');
INSERT INTO `collection` (id, serial, cardId) VALUES ('open', 36, 'open_177');
INSERT INTO `collection` (id, serial, cardId) VALUES ('open', 37, 'open_182');
INSERT INTO `collection` (id, serial, cardId) VALUES ('open', 38, 'open_187');
INSERT INTO `collection` (id, serial, cardId) VALUES ('open', 39, 'open_192');
INSERT INTO `collection` (id, serial, cardId) VALUES ('open', 40, 'open_197');
INSERT INTO `collection` (id, serial, cardId) VALUES ('open', 41, 'open_202');
INSERT INTO `collection` (id, serial, cardId) VALUES ('open', 42, 'open_207');
INSERT INTO `collection` (id, serial, cardId) VALUES ('open', 43, 'open_212');
INSERT INTO `collection` (id, serial, cardId) VALUES ('open', 44, 'open_217');
INSERT INTO `collection` (id, serial, cardId) VALUES ('open', 45, 'open_222');
INSERT INTO `collection` (id, serial, cardId) VALUES ('open', 46, 'open_227');
INSERT INTO `collection` (id, serial, cardId) VALUES ('open', 47, 'open_232');
INSERT INTO `collection` (id, serial, cardId) VALUES ('open', 48, 'open_237');
INSERT INTO `collection` (id, serial, cardId) VALUES ('open', 49, 'open_242');
INSERT INTO `collection` (id, serial, cardId) VALUES ('open', 50, 'open_247');
INSERT INTO `collection` (id, serial, cardId) VALUES ('open', 51, 'open_252');
INSERT INTO `collection` (id, serial, cardId) VALUES ('open', 52, 'open_257');
INSERT INTO `collection` (id, serial, cardId) VALUES ('open', 53, 'open_262');
INSERT INTO `collection` (id, serial, cardId) VALUES ('open', 54, 'open_267');
INSERT INTO `collection` (id, serial, cardId) VALUES ('open', 55, 'open_272');
INSERT INTO `collection` (id, serial, cardId) VALUES ('open', 56, 'open_277');
INSERT INTO `collection` (id, serial, cardId) VALUES ('open', 57, 'open_282');
INSERT INTO `collection` (id, serial, cardId) VALUES ('open', 58, 'open_287');
INSERT INTO `collection` (id, serial, cardId) VALUES ('open', 59, 'open_292');
INSERT INTO `collection` (id, serial, cardId) VALUES ('open', 60, 'open_297');
INSERT INTO `collection` (id, serial, cardId) VALUES ('open', 61, 'open_302');
INSERT INTO `collection` (id, serial, cardId) VALUES ('open', 62, 'open_307');
INSERT INTO `collection` (id, serial, cardId) VALUES ('open', 63, 'open_312');
INSERT INTO `collection` (id, serial, cardId) VALUES ('open', 64, 'open_317');
INSERT INTO `collection` (id, serial, cardId) VALUES ('open', 65, 'open_322');
INSERT INTO `collection` (id, serial, cardId) VALUES ('open', 66, 'open_327');
INSERT INTO `collection` (id, serial, cardId) VALUES ('open', 67, 'open_332');
INSERT INTO `collection` (id, serial, cardId) VALUES ('open', 68, 'open_337');
INSERT INTO `collection` (id, serial, cardId) VALUES ('open', 69, 'open_342');
INSERT INTO `collection` (id, serial, cardId) VALUES ('open', 70, 'open_347');
INSERT INTO `collection` (id, serial, cardId) VALUES ('open', 71, 'open_352');
INSERT INTO `collection` (id, serial, cardId) VALUES ('open', 72, 'open_357');
INSERT INTO `collection` (id, serial, cardId) VALUES ('open', 73, 'open_362');
INSERT INTO `collection` (id, serial, cardId) VALUES ('open', 74, 'open_367');
INSERT INTO `collection` (id, serial, cardId) VALUES ('open', 75, 'open_372');
INSERT INTO `collection` (id, serial, cardId) VALUES ('open', 76, 'open_377');
INSERT INTO `collection` (id, serial, cardId) VALUES ('open', 77, 'open_382');
INSERT INTO `collection` (id, serial, cardId) VALUES ('open', 78, 'open_387');
INSERT INTO `collection` (id, serial, cardId) VALUES ('open', 79, 'open_392');
INSERT INTO `collection` (id, serial, cardId) VALUES ('open', 80, 'open_397');
INSERT INTO `collection` (id, serial, cardId) VALUES ('open', 81, 'open_402');
INSERT INTO `collection` (id, serial, cardId) VALUES ('open', 82, 'open_407');
INSERT INTO `collection` (id, serial, cardId) VALUES ('open', 83, 'open_412');
INSERT INTO `collection` (id, serial, cardId) VALUES ('open', 84, 'open_417');
INSERT INTO `collection` (id, serial, cardId) VALUES ('open', 85, 'open_422');
INSERT INTO `collection` (id, serial, cardId) VALUES ('open', 86, 'open_427');
INSERT INTO `collection` (id, serial, cardId) VALUES ('open', 87, 'open_432');
INSERT INTO `collection` (id, serial, cardId) VALUES ('open', 88, 'open_437');
INSERT INTO `collection` (id, serial, cardId) VALUES ('open', 89, 'open_442');
INSERT INTO `collection` (id, serial, cardId) VALUES ('open', 90, 'open_447');
INSERT INTO `collection` (id, serial, cardId) VALUES ('open', 91, 'open_452');
INSERT INTO `collection` (id, serial, cardId) VALUES ('open', 92, 'open_457');
INSERT INTO `collection` (id, serial, cardId) VALUES ('open', 93, 'open_462');
INSERT INTO `collection` (id, serial, cardId) VALUES ('open', 94, 'open_467');
INSERT INTO `collection` (id, serial, cardId) VALUES ('open', 95, 'open_472');
INSERT INTO `collection` (id, serial, cardId) VALUES ('open', 96, 'open_477');
INSERT INTO `collection` (id, serial, cardId) VALUES ('open', 97, 'open_482');
INSERT INTO `collection` (id, serial, cardId) VALUES ('open', 98, 'open_487');
INSERT INTO `collection` (id, serial, cardId) VALUES ('open', 99, 'open_492');
INSERT INTO `collection` (id, serial, cardId) VALUES ('open', 100, 'open_497');
INSERT INTO `collection` (id, serial, cardId) VALUES ('open', 101, 'open_502');
INSERT INTO `collection` (id, serial, cardId) VALUES ('open', 102, 'open_507');
INSERT INTO `collection` (id, serial, cardId) VALUES ('open', 103, 'open_512');
INSERT INTO `collection` (id, serial, cardId) VALUES ('open', 104, 'open_517');
INSERT INTO `collection` (id, serial, cardId) VALUES ('open', 105, 'open_522');
INSERT INTO `collection` (id, serial, cardId) VALUES ('open', 106, 'open_527');
INSERT INTO `collection` (id, serial, cardId) VALUES ('open', 107, 'open_532');
INSERT INTO `collection` (id, serial, cardId) VALUES ('open', 108, 'open_537');
INSERT INTO `collection` (id, serial, cardId) VALUES ('open', 109, 'open_542');
INSERT INTO `collection` (id, serial, cardId) VALUES ('open', 110, 'open_547');
INSERT INTO `collection` (id, serial, cardId) VALUES ('open', 111, 'open_552');
INSERT INTO `collection` (id, serial, cardId) VALUES ('open', 112, 'open_557');
INSERT INTO `collection` (id, serial, cardId) VALUES ('open', 113, 'open_562');
INSERT INTO `collection` (id, serial, cardId) VALUES ('open', 114, 'open_567');
INSERT INTO `collection` (id, serial, cardId) VALUES ('open', 115, 'open_572');
INSERT INTO `collection` (id, serial, cardId) VALUES ('open', 116, 'open_577');
INSERT INTO `collection` (id, serial, cardId) VALUES ('open', 117, 'open_582');
INSERT INTO `collection` (id, serial, cardId) VALUES ('open', 118, 'open_587');
INSERT INTO `collection` (id, serial, cardId) VALUES ('open', 119, 'open_592');
INSERT INTO `collection` (id, serial, cardId) VALUES ('open', 120, 'open_597');
INSERT INTO `collection` (id, serial, cardId) VALUES ('open', 121, 'open_602');
INSERT INTO `collection` (id, serial, cardId) VALUES ('open', 122, 'open_607');
INSERT INTO `collection` (id, serial, cardId) VALUES ('open', 123, 'open_612');
INSERT INTO `collection` (id, serial, cardId) VALUES ('open', 124, 'open_617');
INSERT INTO `collection` (id, serial, cardId) VALUES ('open', 125, 'open_622');
INSERT INTO `collection` (id, serial, cardId) VALUES ('open', 126, 'open_627');
INSERT INTO `collection` (id, serial, cardId) VALUES ('open', 127, 'open_632');
INSERT INTO `collection` (id, serial, cardId) VALUES ('open', 128, 'open_637');
INSERT INTO `collection` (id, serial, cardId) VALUES ('open', 129, 'open_642');
INSERT INTO `collection` (id, serial, cardId) VALUES ('open', 130, 'open_647');
INSERT INTO `collection` (id, serial, cardId) VALUES ('open', 131, 'open_652');
INSERT INTO `collection` (id, serial, cardId) VALUES ('open', 132, 'open_657');
INSERT INTO `collection` (id, serial, cardId) VALUES ('open', 133, 'open_662');
INSERT INTO `collection` (id, serial, cardId) VALUES ('open', 134, 'open_667');
INSERT INTO `collection` (id, serial, cardId) VALUES ('open', 135, 'open_672');
INSERT INTO `collection` (id, serial, cardId) VALUES ('open', 136, 'open_677');
INSERT INTO `collection` (id, serial, cardId) VALUES ('open', 137, 'open_682');
INSERT INTO `collection` (id, serial, cardId) VALUES ('open', 138, 'open_687');
INSERT INTO `collection` (id, serial, cardId) VALUES ('open', 139, 'open_692');
INSERT INTO `collection` (id, serial, cardId) VALUES ('open', 140, 'open_697');
INSERT INTO `collection` (id, serial, cardId) VALUES ('open', 141, 'open_702');
INSERT INTO `collection` (id, serial, cardId) VALUES ('open', 142, 'open_707');
INSERT INTO `collection` (id, serial, cardId) VALUES ('open', 143, 'open_712');
INSERT INTO `collection` (id, serial, cardId) VALUES ('open', 144, 'open_717');
INSERT INTO `collection` (id, serial, cardId) VALUES ('open', 145, 'open_722');
INSERT INTO `collection` (id, serial, cardId) VALUES ('open', 146, 'open_727');
INSERT INTO `collection` (id, serial, cardId) VALUES ('open', 147, 'open_732');
INSERT INTO `collection` (id, serial, cardId) VALUES ('open', 148, 'open_737');
INSERT INTO `collection` (id, serial, cardId) VALUES ('open', 149, 'open_742');
INSERT INTO `collection` (id, serial, cardId) VALUES ('open', 150, 'open_747');
INSERT INTO `collection` (id, serial, cardId) VALUES ('open', 151, 'open_752');
INSERT INTO `collection` (id, serial, cardId) VALUES ('open', 152, 'open_757');
INSERT INTO `collection` (id, serial, cardId) VALUES ('open', 153, 'open_762');
INSERT INTO `collection` (id, serial, cardId) VALUES ('open', 154, 'open_767');
INSERT INTO `collection` (id, serial, cardId) VALUES ('open', 155, 'open_772');
INSERT INTO `collection` (id, serial, cardId) VALUES ('open', 156, 'open_777');
INSERT INTO `collection` (id, serial, cardId) VALUES ('open', 157, 'open_782');
INSERT INTO `collection` (id, serial, cardId) VALUES ('open', 158, 'open_787');
INSERT INTO `collection` (id, serial, cardId) VALUES ('open', 159, 'open_792');
INSERT INTO `collection` (id, serial, cardId) VALUES ('open', 160, 'open_797');
INSERT INTO `collection` (id, serial, cardId) VALUES ('open', 161, 'open_802');
INSERT INTO `collection` (id, serial, cardId) VALUES ('open', 162, 'open_807');
INSERT INTO `collection` (id, serial, cardId) VALUES ('open', 163, 'open_812');
INSERT INTO `collection` (id, serial, cardId) VALUES ('open', 164, 'open_817');
INSERT INTO `collection` (id, serial, cardId) VALUES ('open', 165, 'open_822');
INSERT INTO `collection` (id, serial, cardId) VALUES ('open', 166, 'open_827');
INSERT INTO `collection` (id, serial, cardId) VALUES ('open', 167, 'open_832');
INSERT INTO `collection` (id, serial, cardId) VALUES ('open', 168, 'open_837');
INSERT INTO `collection` (id, serial, cardId) VALUES ('open', 169, 'open_842');
INSERT INTO `collection` (id, serial, cardId) VALUES ('open', 170, 'open_847');
INSERT INTO `collection` (id, serial, cardId) VALUES ('open', 171, 'open_852');
INSERT INTO `collection` (id, serial, cardId) VALUES ('open', 172, 'open_857');
INSERT INTO `collection` (id, serial, cardId) VALUES ('open', 173, 'open_862');
INSERT INTO `collection` (id, serial, cardId) VALUES ('open', 174, 'open_867');
INSERT INTO `collection` (id, serial, cardId) VALUES ('open', 175, 'open_872');
INSERT INTO `collection` (id, serial, cardId) VALUES ('open', 176, 'open_877');
INSERT INTO `collection` (id, serial, cardId) VALUES ('open', 177, 'open_882');
INSERT INTO `collection` (id, serial, cardId) VALUES ('open', 178, 'open_887');
INSERT INTO `collection` (id, serial, cardId) VALUES ('open', 179, 'open_892');
INSERT INTO `collection` (id, serial, cardId) VALUES ('open', 180, 'open_897');
INSERT INTO `collection` (id, serial, cardId) VALUES ('open', 181, 'open_902');
INSERT INTO `collection` (id, serial, cardId) VALUES ('open', 182, 'open_907');
INSERT INTO `collection` (id, serial, cardId) VALUES ('open', 183, 'open_912');
INSERT INTO `collection` (id, serial, cardId) VALUES ('open', 184, 'open_917');
INSERT INTO `collection` (id, serial, cardId) VALUES ('open', 185, 'open_922');
INSERT INTO `collection` (id, serial, cardId) VALUES ('open', 186, 'open_927');
INSERT INTO `collection` (id, serial, cardId) VALUES ('open', 187, 'open_932');
INSERT INTO `collection` (id, serial, cardId) VALUES ('open', 188, 'open_937');
INSERT INTO `collection` (id, serial, cardId) VALUES ('open', 189, 'open_942');
INSERT INTO `collection` (id, serial, cardId) VALUES ('open', 190, 'open_947');
INSERT INTO `collection` (id, serial, cardId) VALUES ('open', 191, 'open_952');
INSERT INTO `collection` (id, serial, cardId) VALUES ('open', 192, 'open_957');
INSERT INTO `collection` (id, serial, cardId) VALUES ('open', 193, 'open_962');
INSERT INTO `collection` (id, serial, cardId) VALUES ('open', 194, 'open_967');
INSERT INTO `collection` (id, serial, cardId) VALUES ('open', 195, 'open_972');
INSERT INTO `collection` (id, serial, cardId) VALUES ('open', 196, 'open_977');
INSERT INTO `collection` (id, serial, cardId) VALUES ('open', 197, 'open_982');
INSERT INTO `collection` (id, serial, cardId) VALUES ('open', 198, 'open_987');
INSERT INTO `collection` (id, serial, cardId) VALUES ('open', 199, 'open_992');
INSERT INTO `collection` (id, serial, cardId) VALUES ('open', 200, 'open_997');
INSERT INTO `collection` (id, serial, cardId) VALUES ('open', 201, 'open_1002');
INSERT INTO `collection` (id, serial, cardId) VALUES ('open', 202, 'open_1007');
INSERT INTO `collection` (id, serial, cardId) VALUES ('open', 203, 'open_1012');
INSERT INTO `collection` (id, serial, cardId) VALUES ('open', 204, 'open_1017');
INSERT INTO `collection` (id, serial, cardId) VALUES ('open', 205, 'open_1022');
INSERT INTO `collection` (id, serial, cardId) VALUES ('open', 206, 'open_1027');
INSERT INTO `collection` (id, serial, cardId) VALUES ('open', 207, 'open_1032');
INSERT INTO `collection` (id, serial, cardId) VALUES ('open', 208, 'open_1037');
INSERT INTO `collection` (id, serial, cardId) VALUES ('open', 209, 'open_1042');
INSERT INTO `collection` (id, serial, cardId) VALUES ('open', 210, 'open_1047');
INSERT INTO `collection` (id, serial, cardId) VALUES ('open', 211, 'open_1052');
INSERT INTO `collection` (id, serial, cardId) VALUES ('open', 212, 'open_1057');
INSERT INTO `collection` (id, serial, cardId) VALUES ('open', 213, 'open_1062');
INSERT INTO `collection` (id, serial, cardId) VALUES ('open', 214, 'open_1067');
INSERT INTO `collection` (id, serial, cardId) VALUES ('open', 215, 'open_1072');
INSERT INTO `collection` (id, serial, cardId) VALUES ('open', 216, 'open_1077');
INSERT INTO `collection` (id, serial, cardId) VALUES ('open', 217, 'open_1082');
INSERT INTO `collection` (id, serial, cardId) VALUES ('open', 218, 'open_1087');
INSERT INTO `collection` (id, serial, cardId) VALUES ('open', 219, 'open_1092');
INSERT INTO `collection` (id, serial, cardId) VALUES ('open', 220, 'open_1097');
INSERT INTO `collection` (id, serial, cardId) VALUES ('open', 221, 'open_1102');
INSERT INTO `collection` (id, serial, cardId) VALUES ('open', 222, 'open_1107');
INSERT INTO `collection` (id, serial, cardId) VALUES ('open', 223, 'open_1112');
INSERT INTO `collection` (id, serial, cardId) VALUES ('open', 224, 'open_1117');
INSERT INTO `collection` (id, serial, cardId) VALUES ('open', 225, 'open_1122');
INSERT INTO `collection` (id, serial, cardId) VALUES ('open', 226, 'open_1127');
INSERT INTO `collection` (id, serial, cardId) VALUES ('open', 227, 'open_1132');
INSERT INTO `collection` (id, serial, cardId) VALUES ('open', 228, 'open_1137');
INSERT INTO `collection` (id, serial, cardId) VALUES ('open', 229, 'open_1142');
INSERT INTO `collection` (id, serial, cardId) VALUES ('open', 230, 'open_1147');
INSERT INTO `collection` (id, serial, cardId) VALUES ('open', 231, 'open_1152');
INSERT INTO `collection` (id, serial, cardId) VALUES ('open', 232, 'open_1157');
INSERT INTO `collection` (id, serial, cardId) VALUES ('open', 233, 'open_1162');
INSERT INTO `collection` (id, serial, cardId) VALUES ('open', 234, 'open_1167');
INSERT INTO `collection` (id, serial, cardId) VALUES ('open', 235, 'open_1172');
INSERT INTO `collection` (id, serial, cardId) VALUES ('open', 236, 'open_1177');
INSERT INTO `collection` (id, serial, cardId) VALUES ('open', 237, 'open_1182');
INSERT INTO `collection` (id, serial, cardId) VALUES ('open', 238, 'open_1187');
INSERT INTO `collection` (id, serial, cardId) VALUES ('open', 239, 'open_1192');
INSERT INTO `collection` (id, serial, cardId) VALUES ('open', 240, 'open_1197');
INSERT INTO `collection` (id, serial, cardId) VALUES ('open', 241, 'open_1202');
INSERT INTO `collection` (id, serial, cardId) VALUES ('open', 242, 'open_1207');
INSERT INTO `collection` (id, serial, cardId) VALUES ('open', 243, 'open_1212');
INSERT INTO `collection` (id, serial, cardId) VALUES ('open', 244, 'open_1217');
INSERT INTO `collection` (id, serial, cardId) VALUES ('open', 245, 'open_1222');
INSERT INTO `collection` (id, serial, cardId) VALUES ('open', 246, 'open_1227');
INSERT INTO `collection` (id, serial, cardId) VALUES ('open', 247, 'open_1232');
INSERT INTO `collection` (id, serial, cardId) VALUES ('open', 248, 'open_1237');
INSERT INTO `collection` (id, serial, cardId) VALUES ('open', 249, 'open_1242');
INSERT INTO `collection` (id, serial, cardId) VALUES ('open', 250, 'open_1247');
INSERT INTO `collection` (id, serial, cardId) VALUES ('open', 251, 'open_1252');
INSERT INTO `collection` (id, serial, cardId) VALUES ('open', 252, 'open_1257');
INSERT INTO `collection` (id, serial, cardId) VALUES ('open', 253, 'open_1262');
INSERT INTO `collection` (id, serial, cardId) VALUES ('open', 254, 'open_1267');
INSERT INTO `collection` (id, serial, cardId) VALUES ('open', 255, 'open_1272');
INSERT INTO `collection` (id, serial, cardId) VALUES ('open', 256, 'open_1277');
INSERT INTO `collection` (id, serial, cardId) VALUES ('open', 257, 'open_1282');
INSERT INTO `collection` (id, serial, cardId) VALUES ('open', 258, 'open_1287');
INSERT INTO `collection` (id, serial, cardId) VALUES ('open', 259, 'open_1292');
INSERT INTO `collection` (id, serial, cardId) VALUES ('open', 260, 'open_1297');
INSERT INTO `collection` (id, serial, cardId) VALUES ('open', 261, 'open_1302');
INSERT INTO `collection` (id, serial, cardId) VALUES ('open', 262, 'open_1307');
INSERT INTO `collection` (id, serial, cardId) VALUES ('open', 263, 'open_1312');
INSERT INTO `collection` (id, serial, cardId) VALUES ('open', 264, 'open_1317');
INSERT INTO `collection` (id, serial, cardId) VALUES ('open', 265, 'open_1322');
INSERT INTO `collection` (id, serial, cardId) VALUES ('open', 266, 'open_1327');
INSERT INTO `collection` (id, serial, cardId) VALUES ('open', 267, 'open_1332');
INSERT INTO `collection` (id, serial, cardId) VALUES ('open', 268, 'open_1337');
INSERT INTO `collection` (id, serial, cardId) VALUES ('open', 269, 'open_1342');
INSERT INTO `collection` (id, serial, cardId) VALUES ('open', 270, 'open_1347');
INSERT INTO `collection` (id, serial, cardId) VALUES ('open', 271, 'open_1352');
INSERT INTO `collection` (id, serial, cardId) VALUES ('open', 272, 'open_1357');
INSERT INTO `collection` (id, serial, cardId) VALUES ('open', 273, 'open_1362');
INSERT INTO `collection` (id, serial, cardId) VALUES ('open', 274, 'open_1367');
INSERT INTO `collection` (id, serial, cardId) VALUES ('open', 275, 'open_1372');
INSERT INTO `collection` (id, serial, cardId) VALUES ('open', 276, 'open_1377');
INSERT INTO `collection` (id, serial, cardId) VALUES ('open', 277, 'open_1382');
INSERT INTO `collection` (id, serial, cardId) VALUES ('open', 278, 'open_1387');
INSERT INTO `collection` (id, serial, cardId) VALUES ('open', 279, 'open_1392');
INSERT INTO `collection` (id, serial, cardId) VALUES ('open', 280, 'open_1397');
INSERT INTO `collection` (id, serial, cardId) VALUES ('open', 281, 'open_1402');
INSERT INTO `collection` (id, serial, cardId) VALUES ('open', 282, 'open_1407');
INSERT INTO `collection` (id, serial, cardId) VALUES ('open', 283, 'open_1412');
INSERT INTO `collection` (id, serial, cardId) VALUES ('open', 284, 'open_1417');
INSERT INTO `collection` (id, serial, cardId) VALUES ('open', 285, 'open_1422');
INSERT INTO `collection` (id, serial, cardId) VALUES ('open', 286, 'open_1427');
INSERT INTO `collection` (id, serial, cardId) VALUES ('open', 287, 'open_1432');
INSERT INTO `collection` (id, serial, cardId) VALUES ('open', 288, 'open_1437');
INSERT INTO `collection` (id, serial, cardId) VALUES ('open', 289, 'open_1442');
INSERT INTO `collection` (id, serial, cardId) VALUES ('open', 290, 'open_1447');
INSERT INTO `collection` (id, serial, cardId) VALUES ('open', 291, 'open_1452');
INSERT INTO `collection` (id, serial, cardId) VALUES ('open', 292, 'open_1457');
INSERT INTO `collection` (id, serial, cardId) VALUES ('open', 293, 'open_1462');
INSERT INTO `collection` (id, serial, cardId) VALUES ('open', 294, 'open_1467');
INSERT INTO `collection` (id, serial, cardId) VALUES ('open', 295, 'open_1472');
INSERT INTO `collection` (id, serial, cardId) VALUES ('open', 296, 'open_1477');
INSERT INTO `collection` (id, serial, cardId) VALUES ('open', 297, 'open_1482');
INSERT INTO `collection` (id, serial, cardId) VALUES ('open', 298, 'open_1487');
INSERT INTO `collection` (id, serial, cardId) VALUES ('open', 299, 'open_1492');
INSERT INTO `collection` (id, serial, cardId) VALUES ('open', 300, 'open_1497');
INSERT INTO `collection` (id, serial, cardId) VALUES ('open', 301, 'open_1502');
INSERT INTO `collection` (id, serial, cardId) VALUES ('open', 302, 'open_1507');
INSERT INTO `collection` (id, serial, cardId) VALUES ('open', 303, 'open_1512');
INSERT INTO `collection` (id, serial, cardId) VALUES ('open', 304, 'open_1517');
INSERT INTO `collection` (id, serial, cardId) VALUES ('open', 305, 'open_1522');
INSERT INTO `collection` (id, serial, cardId) VALUES ('open', 306, 'open_1527');
INSERT INTO `collection` (id, serial, cardId) VALUES ('open', 307, 'open_1532');
INSERT INTO `collection` (id, serial, cardId) VALUES ('open', 308, 'open_1537');
INSERT INTO `collection` (id, serial, cardId) VALUES ('open', 309, 'open_1542');
INSERT INTO `collection` (id, serial, cardId) VALUES ('open', 310, 'open_1547');
INSERT INTO `collection` (id, serial, cardId) VALUES ('open', 311, 'open_1552');
INSERT INTO `collection` (id, serial, cardId) VALUES ('open', 312, 'open_1557');
INSERT INTO `collection` (id, serial, cardId) VALUES ('open', 313, 'open_1562');
INSERT INTO `collection` (id, serial, cardId) VALUES ('open', 314, 'open_1567');
INSERT INTO `collection` (id, serial, cardId) VALUES ('open', 315, 'open_1572');
INSERT INTO `collection` (id, serial, cardId) VALUES ('open', 316, 'open_1577');
INSERT INTO `collection` (id, serial, cardId) VALUES ('open', 317, 'open_1582');
INSERT INTO `collection` (id, serial, cardId) VALUES ('open', 318, 'open_1587');
INSERT INTO `collection` (id, serial, cardId) VALUES ('open', 319, 'open_1592');
INSERT INTO `collection` (id, serial, cardId) VALUES ('open', 320, 'open_1597');
INSERT INTO `collection` (id, serial, cardId) VALUES ('open', 321, 'open_1602');
INSERT INTO `collection` (id, serial, cardId) VALUES ('open', 322, 'open_1607');
INSERT INTO `collection` (id, serial, cardId) VALUES ('open', 323, 'open_1612');
INSERT INTO `collection` (id, serial, cardId) VALUES ('open', 324, 'open_1617');
INSERT INTO `collection` (id, serial, cardId) VALUES ('open', 325, 'open_1622');
INSERT INTO `collection` (id, serial, cardId) VALUES ('open', 326, 'open_1627');
INSERT INTO `collection` (id, serial, cardId) VALUES ('open', 327, 'open_1632');
INSERT INTO `collection` (id, serial, cardId) VALUES ('open', 328, 'open_1637');
INSERT INTO `collection` (id, serial, cardId) VALUES ('open', 329, 'open_1642');
INSERT INTO `collection` (id, serial, cardId) VALUES ('open', 330, 'open_1647');
INSERT INTO `collection` (id, serial, cardId) VALUES ('open', 331, 'open_1652');
INSERT INTO `collection` (id, serial, cardId) VALUES ('open', 332, 'open_1657');
INSERT INTO `collection` (id, serial, cardId) VALUES ('open', 333, 'open_1662');
INSERT INTO `collection` (id, serial, cardId) VALUES ('open', 334, 'open_1667');
INSERT INTO `collection` (id, serial, cardId) VALUES ('open', 335, 'open_1672');
INSERT INTO `collection` (id, serial, cardId) VALUES ('open', 336, 'open_1677');
INSERT INTO `collection` (id, serial, cardId) VALUES ('open', 337, 'open_1682');
INSERT INTO `collection` (id, serial, cardId) VALUES ('open', 338, 'open_1687');
INSERT INTO `collection` (id, serial, cardId) VALUES ('open', 339, 'open_1692');
INSERT INTO `collection` (id, serial, cardId) VALUES ('open', 340, 'open_1697');
INSERT INTO `collection` (id, serial, cardId) VALUES ('open', 341, 'open_1702');
INSERT INTO `collection` (id, serial, cardId) VALUES ('open', 342, 'open_1707');
INSERT INTO `collection` (id, serial, cardId) VALUES ('open', 343, 'open_1712');
INSERT INTO `collection` (id, serial, cardId) VALUES ('open', 344, 'open_1717');
INSERT INTO `collection` (id, serial, cardId) VALUES ('open', 345, 'open_1722');
INSERT INTO `collection` (id, serial, cardId) VALUES ('open', 346, 'open_1727');
INSERT INTO `collection` (id, serial, cardId) VALUES ('open', 347, 'open_1732');
INSERT INTO `collection` (id, serial, cardId) VALUES ('open', 348, 'open_1737');
INSERT INTO `collection` (id, serial, cardId) VALUES ('open', 349, 'open_1742');
INSERT INTO `collection` (id, serial, cardId) VALUES ('open', 350, 'open_1747');
INSERT INTO `collection` (id, serial, cardId) VALUES ('open', 351, 'open_1752');
INSERT INTO `collection` (id, serial, cardId) VALUES ('open', 352, 'open_1757');
INSERT INTO `collection` (id, serial, cardId) VALUES ('open', 353, 'open_1762');
INSERT INTO `collection` (id, serial, cardId) VALUES ('open', 354, 'open_1767');
INSERT INTO `collection` (id, serial, cardId) VALUES ('open', 355, 'open_1772');
INSERT INTO `collection` (id, serial, cardId) VALUES ('open', 356, 'open_1777');
INSERT INTO `collection` (id, serial, cardId) VALUES ('open', 357, 'open_1782');
INSERT INTO `collection` (id, serial, cardId) VALUES ('open', 358, 'open_1787');
INSERT INTO `collection` (id, serial, cardId) VALUES ('open', 359, 'open_1792');
INSERT INTO `collection` (id, serial, cardId) VALUES ('open', 360, 'open_1797');
INSERT INTO `collection` (id, serial, cardId) VALUES ('open', 361, 'open_1802');
INSERT INTO `collection` (id, serial, cardId) VALUES ('open', 362, 'open_1807');
INSERT INTO `collection` (id, serial, cardId) VALUES ('open', 363, 'open_1812');
INSERT INTO `collection` (id, serial, cardId) VALUES ('open', 364, 'open_1817');
INSERT INTO `collection` (id, serial, cardId) VALUES ('open', 365, 'open_1822');
INSERT INTO `collection` (id, serial, cardId) VALUES ('open', 366, 'open_1827');
INSERT INTO `collection` (id, serial, cardId) VALUES ('open', 367, 'open_1832');
INSERT INTO `collection` (id, serial, cardId) VALUES ('open', 368, 'open_1837');
INSERT INTO `collection` (id, serial, cardId) VALUES ('open', 369, 'open_1842');
INSERT INTO `collection` (id, serial, cardId) VALUES ('open', 370, 'open_1847');
