INSERT INTO `card` (id, type, title, header, content, option) VALUES ('24752', 2, 'Abebech, the female bajaj driver', 'assets/topic/asb/27145.png', 'Dawit  Girma
Yirgalem  Birhanu', 'FF9DEDE3');
INSERT INTO `card` (id, type, title, header, content, option) VALUES ('24752_3', 3, NULL, 'assets/topic/asb/27153.png', 'A bajaj is a three-wheeled vehicle.
It is used in town to move fast from place to place.', NULL);
INSERT INTO `card` (id, type, title, header, content, option) VALUES ('24752_4', 3, NULL, 'assets/topic/asb/27152.png', 'In our community, driving is a male-dominated activity.
Females are usually not involved in it.', NULL);
INSERT INTO `card` (id, type, title, header, content, option) VALUES ('24752_5', 3, NULL, 'assets/topic/asb/27154.png', 'One day, Abebech asked her parents to give her money to take driving lessons.
Her parents said to her, "This work is not good for girls. What would people say?"', NULL);
INSERT INTO `card` (id, type, title, header, content, option) VALUES ('24752_6', 3, NULL, 'assets/topic/asb/27155.png', 'However, Abebech said, "I have the ability to do anything other people do." She convinced them.
Her parents permitted her to start taking driving lessons.', NULL);
INSERT INTO `card` (id, type, title, header, content, option) VALUES ('24752_7', 3, NULL, 'assets/topic/asb/27149.png', 'Abebech successfully completed the training.
Her parents discussed what to do next.', NULL);
INSERT INTO `card` (id, type, title, header, content, option) VALUES ('24752_8', 3, NULL, 'assets/topic/asb/27145.png', 'Afterwards they agreed to buy a bajaj for her.
So, Abebech started to drive a bajaj on Debre Birhan roads.', NULL);
INSERT INTO `card` (id, type, title, header, content, option) VALUES ('24752_9', 3, NULL, 'assets/topic/asb/27148.png', 'One day Abebech had a great idea.
She posted at the back of her bajaj a notice with her phone number on it.', NULL);
INSERT INTO `card` (id, type, title, header, content, option) VALUES ('24752_10', 3, NULL, 'assets/topic/asb/27150.png', 'The notice read, "I transport for free, pregnant women, mothers who have delivered, and children."
Women and mothers whose children got sick all called Abebech.', NULL);
INSERT INTO `card` (id, type, title, header, content, option) VALUES ('24752_11', 3, NULL, 'assets/topic/asb/27151.png', 'Abebech earned money by transporting people.
She continued to give free service to people who did not have money.', NULL);
INSERT INTO `card` (id, type, title, header, content, option) VALUES ('24752_12', 3, NULL, NULL, 'Abebech was very happy with her work. The elderly blessed her. Everybody talked about her work all the time.
Abebech told them, "Doing good pays off."', NULL);
INSERT INTO `card` (id, type, title, header, content, option) VALUES ('24752_13', 3, NULL, NULL, 'You are free to download, copy, translate or adapt this story and use the illustrations as long as you attribute in the following way:
Abebech, the female bajaj driver
Author -
Dawit  Girma
Illustration -
Yirgalem  Birhanu
Language -
English
Level -
First paragraphs
© African Storybook Initiative 2018
Creative Commons: Attribution 4.0
Source
www.africanstorybook.org
Original source
This story was developed at the Ras Abebe Library in Debre Birhan with the help of Janet Lee and funded by a grant from the International Library Cultural Exchange Interest Group of the Colorado Association of Libraries (USA).', NULL);
INSERT INTO `card` (id, type, title, header, content, option) VALUES ('24752_14', 1, 'Draw a bajaj', 'assets/topic/24752.svg', NULL, NULL);
INSERT INTO `cardExtra` (cardId, type, serial, content) VALUES ('24752_14', 2, 1, 'assets/topic/24752.svg');
INSERT INTO `card` (id, type, title, header, content, option) VALUES ('24752_15', 0, 'Whom did Abebech transport to earn money?', NULL, NULL, 'oneAtATime');
INSERT INTO `cardExtra` (cardId, type, serial, content) VALUES ('24752_15', 1, 1, 'People');
INSERT INTO `cardExtra` (cardId, type, serial, content) VALUES ('24752_15', 0, 1, 'Dog');
INSERT INTO `cardExtra` (cardId, type, serial, content) VALUES ('24752_15', 0, 2, 'Monkey');
INSERT INTO `cardExtra` (cardId, type, serial, content) VALUES ('24752_15', 0, 3, 'Donkey');
INSERT INTO `card` (id, type, title, header, content, option) VALUES ('24752_20', 0, 'What did Abebech''s parents decide to buy?', NULL, NULL, 'oneAtATime');
INSERT INTO `cardExtra` (cardId, type, serial, content) VALUES ('24752_20', 1, 1, 'Bajaj');
INSERT INTO `cardExtra` (cardId, type, serial, content) VALUES ('24752_20', 0, 1, 'Truck');
INSERT INTO `cardExtra` (cardId, type, serial, content) VALUES ('24752_20', 0, 2, 'Bicycle');
INSERT INTO `cardExtra` (cardId, type, serial, content) VALUES ('24752_20', 0, 3, 'Train');
INSERT INTO `card` (id, type, title, header, content, option) VALUES ('24752_25', 0, 'Abebech''s work made her ____________?', NULL, NULL, 'oneAtATime');
INSERT INTO `cardExtra` (cardId, type, serial, content) VALUES ('24752_25', 1, 1, 'Happy');
INSERT INTO `cardExtra` (cardId, type, serial, content) VALUES ('24752_25', 0, 1, 'Sad');
INSERT INTO `cardExtra` (cardId, type, serial, content) VALUES ('24752_25', 0, 2, 'Angry');
INSERT INTO `cardExtra` (cardId, type, serial, content) VALUES ('24752_25', 0, 3, 'Quiet');
INSERT INTO `card` (id, type, title, header, content, option) VALUES ('24752_30', 0, 'Where will you go in your Bajaj?', NULL, NULL, 'open');
INSERT INTO `cardExtra` (cardId, type, serial, content) VALUES ('24752_30', 0, 1, 'Home');
INSERT INTO `cardExtra` (cardId, type, serial, content) VALUES ('24752_30', 0, 2, 'Market');
INSERT INTO `cardExtra` (cardId, type, serial, content) VALUES ('24752_30', 0, 3, 'School');
INSERT INTO `cardExtra` (cardId, type, serial, content) VALUES ('24752_30', 0, 4, 'Friend''s house');
INSERT INTO `card` (id, type, title, header, content, option) VALUES ('8074', 2, 'Punishment', 'assets/topic/asb/8032.png', 'Adelheid Marie Bwire
 Melany Pietersen', 'FFB3C8FF');
INSERT INTO `card` (id, type, title, header, content, option) VALUES ('8074_3', 3, NULL, 'assets/topic/asb/8025.png', 'One day, mama bought different fruits.', NULL);
INSERT INTO `card` (id, type, title, header, content, option) VALUES ('8074_4', 3, NULL, 'assets/topic/asb/8032.png', '"When can we have some fruit?" we asked.
"We will eat the fruit tonight," said mama.', NULL);
INSERT INTO `card` (id, type, title, header, content, option) VALUES ('8074_5', 3, NULL, 'assets/topic/asb/8029.png', 'My brother Rahim is greedy.
He tasted all the fruit. He ate a lot of it.', NULL);
INSERT INTO `card` (id, type, title, header, content, option) VALUES ('8074_6', 3, NULL, 'assets/topic/asb/8027.png', '"Look at what Rahim did!" shouted my little brother.
"Rahim is naughty and selfish," I said.', NULL);
INSERT INTO `card` (id, type, title, header, content, option) VALUES ('8074_7', 3, NULL, 'assets/topic/asb/8023.png', 'Mama was angry with Rahim.', NULL);
INSERT INTO `card` (id, type, title, header, content, option) VALUES ('8074_8', 3, NULL, 'assets/topic/asb/8024.png', 'We were also angry with Rahim.
But Rahim was not sorry.', NULL);
INSERT INTO `card` (id, type, title, header, content, option) VALUES ('8074_9', 3, NULL, 'assets/topic/asb/8030.png', '"Are you going to punish Rahim?" asked little brother.', NULL);
INSERT INTO `card` (id, type, title, header, content, option) VALUES ('8074_10', 3, NULL, 'assets/topic/asb/8033.png', '"Rahim, you will be sorry soon," warned mama.', NULL);
INSERT INTO `card` (id, type, title, header, content, option) VALUES ('8074_11', 3, NULL, 'assets/topic/asb/8031.png', 'Rahim started feeling unwell.', NULL);
INSERT INTO `card` (id, type, title, header, content, option) VALUES ('8074_12', 3, '', 'assets/topic/asb/8034.png', '"My stomach is painful," whispered Rahim.', NULL);
INSERT INTO `card` (id, type, title, header, content, option) VALUES ('8074_13', 3, NULL, 'assets/topic/asb/8035.png', 'Mama knew why Rahim was sick.
"The fruit is punishing Rahim," she thought.', NULL);
INSERT INTO `card` (id, type, title, header, content, option) VALUES ('8074_14', 3, NULL, 'assets/topic/asb/8036.png', 'Later, Rahim said sorry to us. "I will never be so greedy again," he promised.
We believed him.', NULL);
INSERT INTO `card` (id, type, title, header, content, option) VALUES ('8074_15', 3, NULL, NULL, 'You are free to download, copy, translate or adapt this story and use the illustrations as long as you attribute in the following way:
Punishment
Author -
Adelheid Marie Bwire
Adaptation -
Adelheid Marie Bwire
Illustration -
Melany Pietersen
Language -
English
Level -
First sentences
© African Storybook Initiative and Molteno Institute 2014
Creative Commons: Attribution 4.0
Source
www.africanstorybook.org', NULL);
INSERT INTO `card` (id, type, title, header, content, option) VALUES ('8074_16', 1, 'Draw a bowl showing different fruits in it.', 'assets/topic/8074.svg', NULL, NULL);
INSERT INTO `cardExtra` (cardId, type, serial, content) VALUES ('8074_16', 2, 1, 'assets/topic/8074.svg');
INSERT INTO `card` (id, type, title, header, content, option) VALUES ('8074_17', 0, 'What did mama bring?', NULL, NULL, 'oneAtATime');
INSERT INTO `cardExtra` (cardId, type, serial, content) VALUES ('8074_17', 1, 1, 'Fruits');
INSERT INTO `cardExtra` (cardId, type, serial, content) VALUES ('8074_17', 0, 1, 'Nuts');
INSERT INTO `cardExtra` (cardId, type, serial, content) VALUES ('8074_17', 0, 2, 'Juice');
INSERT INTO `cardExtra` (cardId, type, serial, content) VALUES ('8074_17', 0, 3, 'monkey');
INSERT INTO `card` (id, type, title, header, content, option) VALUES ('8074_22', 0, 'Rahim was _________.', NULL, NULL, 'oneAtATime');
INSERT INTO `cardExtra` (cardId, type, serial, content) VALUES ('8074_22', 1, 1, 'Greedy');
INSERT INTO `cardExtra` (cardId, type, serial, content) VALUES ('8074_22', 0, 1, 'Kind');
INSERT INTO `cardExtra` (cardId, type, serial, content) VALUES ('8074_22', 0, 2, 'Soft');
INSERT INTO `cardExtra` (cardId, type, serial, content) VALUES ('8074_22', 0, 3, 'Laughing');
INSERT INTO `card` (id, type, title, header, content, option) VALUES ('8074_27', 0, 'The story teaches us not be___________.', NULL, NULL, 'oneAtATime');
INSERT INTO `cardExtra` (cardId, type, serial, content) VALUES ('8074_27', 1, 1, 'Greedy');
INSERT INTO `cardExtra` (cardId, type, serial, content) VALUES ('8074_27', 0, 1, 'Happy');
INSERT INTO `cardExtra` (cardId, type, serial, content) VALUES ('8074_27', 0, 2, 'Kind');
INSERT INTO `cardExtra` (cardId, type, serial, content) VALUES ('8074_27', 0, 3, 'Sad');
INSERT INTO `card` (id, type, title, header, content, option) VALUES ('8074_32', 0, 'What fruits do you like?', NULL, NULL, 'open');
INSERT INTO `cardExtra` (cardId, type, serial, content) VALUES ('8074_32', 0, 1, 'Banana');
INSERT INTO `cardExtra` (cardId, type, serial, content) VALUES ('8074_32', 0, 2, 'Mango');
INSERT INTO `cardExtra` (cardId, type, serial, content) VALUES ('8074_32', 0, 3, 'Pineapple');
INSERT INTO `cardExtra` (cardId, type, serial, content) VALUES ('8074_32', 0, 4, 'Orange');
INSERT INTO `card` (id, type, title, header, content, option) VALUES ('15403', 2, 'Adie and Adhoch', 'assets/topic/asb/14705.png', 'Christine Nyangate
Alice Toich, Catherine Groenewald, Melany Pietersen, Venolin Keanan Govender and Wiehan de Jager', 'FFB3C8FF');
INSERT INTO `card` (id, type, title, header, content, option) VALUES ('15403_3', 3, NULL, 'assets/topic/asb/9066.png', 'There was a man who had two wives. The wives gave birth to two daughters, Adie and Adhoch. The step sisters loved each other very much.', NULL);
INSERT INTO `card` (id, type, title, header, content, option) VALUES ('15403_4', 3, NULL, 'assets/topic/asb/13839.png', 'Adie was hard working, neat, kind and well behaved. Adhoch, on the other hand, was lazy, unkind and untidy.', NULL);
INSERT INTO `card` (id, type, title, header, content, option) VALUES ('15403_5', 3, NULL, 'assets/topic/asb/13843.png', 'Teachers loved Adie. She got many presents for her hard work. Adhoch did not receive any. Adhoch''s mother was jealous of Adie.', NULL);
INSERT INTO `card` (id, type, title, header, content, option) VALUES ('15403_6', 3, NULL, 'assets/topic/asb/13837.png', 'Adie''s mother became sick and died. Adie''s stepmother did not love her as her mother did.', NULL);
INSERT INTO `card` (id, type, title, header, content, option) VALUES ('15403_7', 3, NULL, 'assets/topic/asb/13838.png', 'Adhoch''s mother made Adie do all the work. She did not have time to get ready for school. Adhoch studied and played when Adie was busy working.', NULL);
INSERT INTO `card` (id, type, title, header, content, option) VALUES ('15403_8', 3, NULL, 'assets/topic/asb/8023.png', 'Adie still did well in school. She passed her exams and received more presents. This made Adhoch''s mother very very angry.', NULL);
INSERT INTO `card` (id, type, title, header, content, option) VALUES ('15403_9', 3, NULL, 'assets/topic/asb/15112.png', 'One day, Adhoch''s mother asked Adie to go with her to the lake to fetch water. When they got to the lake, Adhoch''s mother told her to go deeper into the lake to fetch clean water. Big waves rose and Adie drowned.', NULL);
INSERT INTO `card` (id, type, title, header, content, option) VALUES ('15403_10', 3, NULL, 'assets/topic/asb/13697.png', 'The stepmother went back home. Adhoch asked where her sister was. Her mother said, "Adie is at the lake with her friends. She will come home later."', NULL);
INSERT INTO `card` (id, type, title, header, content, option) VALUES ('15403_11', 3, NULL, 'assets/topic/asb/1099.png', 'When night fell, Adhoch went to look for her sister at the lake. She called her name, "Adie! Where are you?" Adhoch heard, "I am in the lake. Mother drowned me."', NULL);
INSERT INTO `card` (id, type, title, header, content, option) VALUES ('15403_12', 3, NULL, 'assets/topic/asb/1195.png', 'Adhoch walked into the lake calling her sister. "Adie! Where are you?" She heard the same reply, "I am in the lake. Mother drowned me."', NULL);
INSERT INTO `card` (id, type, title, header, content, option) VALUES ('15403_13', 3, NULL, 'assets/topic/asb/15112.png', 'Adhoch got deep into the lake. She drowned in the same way as Adie.', NULL);
INSERT INTO `card` (id, type, title, header, content, option) VALUES ('15403_14', 3, NULL, 'assets/topic/asb/15011.png', 'Adhoch''s mother was sad. She lost Adhoch because she was jealous of Adie. She had to do all the work by herself.', NULL);
INSERT INTO `card` (id, type, title, header, content, option) VALUES ('15403_15', 3, NULL, NULL, 'You are free to download, copy, translate or adapt this story and use the illustrations as long as you attribute in the following way:
Adie and Adhoch
Author -
Christine Nyangate
Illustration -
Alice Toich, Catherine Groenewald, Melany Pietersen, Venolin Keanan Govender and Wiehan de Jager
Language -
English
Level -
First paragraphs
© African Storybook Initiative 2016
Creative Commons: Attribution 4.0
Source
www.africanstorybook.org', NULL);
INSERT INTO `card` (id, type, title, header, content, option) VALUES ('15403_16', 1, 'Draw a gift and decorate it.', 'assets/topic/15403.svg', NULL, NULL);
INSERT INTO `cardExtra` (cardId, type, serial, content) VALUES ('15403_16', 2, 1, 'assets/topic/15403.svg');
INSERT INTO `card` (id, type, title, header, content, option) VALUES ('15403_17', 0, 'How many wives did the man have?', NULL, NULL, 'oneAtATime');
INSERT INTO `cardExtra` (cardId, type, serial, content) VALUES ('15403_17', 1, 1, 'Two');
INSERT INTO `cardExtra` (cardId, type, serial, content) VALUES ('15403_17', 0, 1, 'One');
INSERT INTO `cardExtra` (cardId, type, serial, content) VALUES ('15403_17', 0, 2, 'Three');
INSERT INTO `cardExtra` (cardId, type, serial, content) VALUES ('15403_17', 0, 3, 'Four');
INSERT INTO `card` (id, type, title, header, content, option) VALUES ('15403_22', 0, 'Where did Adhoch''s mother take Adie to?', NULL, NULL, 'oneAtATime');
INSERT INTO `cardExtra` (cardId, type, serial, content) VALUES ('15403_22', 1, 1, 'Lake');
INSERT INTO `cardExtra` (cardId, type, serial, content) VALUES ('15403_22', 0, 1, 'School');
INSERT INTO `cardExtra` (cardId, type, serial, content) VALUES ('15403_22', 0, 2, 'Ground');
INSERT INTO `cardExtra` (cardId, type, serial, content) VALUES ('15403_22', 0, 3, 'Tree');
INSERT INTO `card` (id, type, title, header, content, option) VALUES ('15403_27', 0, 'The story teaches us not be?', NULL, NULL, 'oneAtATime');
INSERT INTO `cardExtra` (cardId, type, serial, content) VALUES ('15403_27', 1, 1, 'Jealous');
INSERT INTO `cardExtra` (cardId, type, serial, content) VALUES ('15403_27', 0, 1, 'Angry');
INSERT INTO `cardExtra` (cardId, type, serial, content) VALUES ('15403_27', 0, 2, 'Mad');
INSERT INTO `cardExtra` (cardId, type, serial, content) VALUES ('15403_27', 0, 3, 'Happy');
INSERT INTO `card` (id, type, title, header, content, option) VALUES ('15403_32', 0, 'What presents would you like?', NULL, NULL, 'open');
INSERT INTO `cardExtra` (cardId, type, serial, content) VALUES ('15403_32', 0, 1, 'Food');
INSERT INTO `cardExtra` (cardId, type, serial, content) VALUES ('15403_32', 0, 2, 'Clothes');
INSERT INTO `cardExtra` (cardId, type, serial, content) VALUES ('15403_32', 0, 3, 'Bicycle');
INSERT INTO `cardExtra` (cardId, type, serial, content) VALUES ('15403_32', 0, 4, 'Bag');
INSERT INTO `card` (id, type, title, header, content, option) VALUES ('18218', 2, 'Adun, the Beautiful', 'assets/topic/asb/13337.png', 'Taiwo Ẹhinẹni
Wiehan de Jager', 'FF9DEDE3');
INSERT INTO `card` (id, type, title, header, content, option) VALUES ('18218_3', 3, NULL, 'assets/topic/asb/13337.png', 'Adun was very beautiful. All the men in her village wanted to marry her.
But Adun refused them all.', NULL);
INSERT INTO `card` (id, type, title, header, content, option) VALUES ('18218_4', 3, NULL, 'assets/topic/asb/13338.png', 'One market day,  a man borrowed legs from another man,  and arms from another,  and a body from a third man.
Then this man joined all the parts together. He put his head on top and went to the market.', NULL);
INSERT INTO `card` (id, type, title, header, content, option) VALUES ('18218_5', 3, NULL, 'assets/topic/asb/13339.png', 'This man wanted Adun and was determined to marry her. Adun was pleased by his appearance. She wanted to be with him.
The man came from a far town,  and Adun decided to return with him.', NULL);
INSERT INTO `card` (id, type, title, header, content, option) VALUES ('18218_6', 3, NULL, 'assets/topic/asb/13340.png', 'As Adun and the man journeyed to his place,  the owner of the legs took the legs back. Then the owner of the arms took his arms back.
And finally the owner of the body took that back.', NULL);
INSERT INTO `card` (id, type, title, header, content, option) VALUES ('18218_7', 3, NULL, 'assets/topic/asb/13341.png', 'Only the head was left,  and the head went on. Adun was scared but she did not run away.
They arrived at the house of the head.', NULL);
INSERT INTO `card` (id, type, title, header, content, option) VALUES ('18218_8', 3, NULL, 'assets/topic/asb/13342.png', 'The following morning,  before the head went to his farm,  he spoke to Tortoise. "If Adun tries to escape,  blow this horn to tell me," said the head.', NULL);
INSERT INTO `card` (id, type, title, header, content, option) VALUES ('18218_9', 3, NULL, 'assets/topic/asb/13343.png', 'After the head left,  Adun packed her things. Then she began to run away.', NULL);
INSERT INTO `card` (id, type, title, header, content, option) VALUES ('18218_10', 3, NULL, 'assets/topic/asb/13344.png', 'Seeing her,  Tortoise blew the horn,  "Head,  head,  Adun is about to run away," puffed Tortoise.', NULL);
INSERT INTO `card` (id, type, title, header, content, option) VALUES ('18218_11', 3, NULL, 'assets/topic/asb/13345.png', 'The head went up to Adun and said,  "Where do you think you are going?"
Adun went back to the head''s house.', NULL);
INSERT INTO `card` (id, type, title, header, content, option) VALUES ('18218_12', 3, NULL, 'assets/topic/asb/13346.png', 'Eventually Adun consulted a diviner about what to do.
The diviner advised,  "Go and buy some bean cakes. Soak them in palm oil and put them in Tortoise''s horn."', NULL);
INSERT INTO `card` (id, type, title, header, content, option) VALUES ('18218_13', 3, NULL, 'assets/topic/asb/13347.png', 'Adun followed the diviner''s instructions. She put the oily cakes into the horn.', NULL);
INSERT INTO `card` (id, type, title, header, content, option) VALUES ('18218_14', 3, NULL, 'assets/topic/asb/13349.png', 'The following day,  she took her things and began to run away again.
When Tortoise took the horn to blow it,  the delicious bean cakes fell into his mouth.', NULL);
INSERT INTO `card` (id, type, title, header, content, option) VALUES ('18218_15', 3, NULL, 'assets/topic/asb/13348.png', 'Tortoise ate,  ate and ate.
And Adun ran away.', NULL);
INSERT INTO `card` (id, type, title, header, content, option) VALUES ('18218_16', 3, NULL, NULL, 'You are free to download, copy, translate or adapt this story and use the illustrations as long as you attribute in the following way:
Adun, the Beautiful
Author -
Taiwo Ẹhinẹni
Translation -
Taiwo Ẹhinẹni
Illustration -
Wiehan de Jager
Language -
English
Level -
First paragraphs
© African Storybook Initiative 2015
Creative Commons: Attribution 4.0
Source
www.africanstorybook.org', NULL);
INSERT INTO `card` (id, type, title, header, content, option) VALUES ('18218_17', 1, 'Draw a horn.', 'assets/topic/18218.svg', NULL, NULL);
INSERT INTO `cardExtra` (cardId, type, serial, content) VALUES ('18218_17', 2, 1, 'assets/topic/18218.svg');
INSERT INTO `card` (id, type, title, header, content, option) VALUES ('18218_18', 0, 'Adhun was very beautiful.', NULL, NULL, 'oneAtATime');
INSERT INTO `cardExtra` (cardId, type, serial, content) VALUES ('18218_18', 1, 1, 'True.');
INSERT INTO `cardExtra` (cardId, type, serial, content) VALUES ('18218_18', 0, 1, 'False.');
INSERT INTO `card` (id, type, title, header, content, option) VALUES ('18218_21', 0, 'What did the man borrow?', NULL, NULL, 'many');
INSERT INTO `cardExtra` (cardId, type, serial, content) VALUES ('18218_21', 1, 1, 'Legs');
INSERT INTO `cardExtra` (cardId, type, serial, content) VALUES ('18218_21', 1, 2, 'Arms');
INSERT INTO `cardExtra` (cardId, type, serial, content) VALUES ('18218_21', 1, 3, 'Body');
INSERT INTO `cardExtra` (cardId, type, serial, content) VALUES ('18218_21', 0, 1, 'Cap');
INSERT INTO `cardExtra` (cardId, type, serial, content) VALUES ('18218_21', 0, 2, 'Cake');
INSERT INTO `cardExtra` (cardId, type, serial, content) VALUES ('18218_21', 0, 3, 'Tortise');
INSERT INTO `card` (id, type, title, header, content, option) VALUES ('18218_28', 0, 'The story teaches us not to talk with__________.', NULL, NULL, 'oneAtATime');
INSERT INTO `cardExtra` (cardId, type, serial, content) VALUES ('18218_28', 1, 1, 'Strangers');
INSERT INTO `cardExtra` (cardId, type, serial, content) VALUES ('18218_28', 0, 1, 'Friends');
INSERT INTO `cardExtra` (cardId, type, serial, content) VALUES ('18218_28', 0, 2, 'Sister');
INSERT INTO `cardExtra` (cardId, type, serial, content) VALUES ('18218_28', 0, 3, 'Father');
INSERT INTO `card` (id, type, title, header, content, option) VALUES ('18218_33', 0, 'What will you borrow from others?', NULL, NULL, 'open');
INSERT INTO `cardExtra` (cardId, type, serial, content) VALUES ('18218_33', 0, 1, 'Bag');
INSERT INTO `cardExtra` (cardId, type, serial, content) VALUES ('18218_33', 0, 2, 'Clothes');
INSERT INTO `cardExtra` (cardId, type, serial, content) VALUES ('18218_33', 0, 3, 'Food');
INSERT INTO `cardExtra` (cardId, type, serial, content) VALUES ('18218_33', 0, 4, 'Cap');
INSERT INTO `card` (id, type, title, header, content, option) VALUES ('12925', 2, 'Ah! Football!', 'assets/topic/asb/12881.png', 'Ursula Nafula
 Onesmus Kakungi', 'FFCFB5DD');
INSERT INTO `card` (id, type, title, header, content, option) VALUES ('12925_3', 3, NULL, 'assets/topic/asb/12871.png', 'I like playing with my friend Chuma.', NULL);
INSERT INTO `card` (id, type, title, header, content, option) VALUES ('12925_4', 3, NULL, 'assets/topic/asb/12872.png', 'We are good friends. When either one of us is sent somewhere, we go together.', NULL);
INSERT INTO `card` (id, type, title, header, content, option) VALUES ('12925_5', 3, NULL, 'assets/topic/asb/12873.png', 'One day, my grandmother sent me to the shop to buy salt and cooking oil. I went with Chuma.', NULL);
INSERT INTO `card` (id, type, title, header, content, option) VALUES ('12925_6', 3, NULL, 'assets/topic/asb/12874.png', 'On the way, we saw our friends playing football.', NULL);
INSERT INTO `card` (id, type, title, header, content, option) VALUES ('12925_7', 3, NULL, 'assets/topic/asb/12876.png', '', NULL);
INSERT INTO `card` (id, type, title, header, content, option) VALUES ('12925_8', 3, NULL, 'assets/topic/asb/12877.png', 'I said to Chuma, "Let''s ask if we can play with them. I like playing football very much."', NULL);
INSERT INTO `card` (id, type, title, header, content, option) VALUES ('12925_9', 3, NULL, 'assets/topic/asb/12878.png', 'Chuma replied, "Let us go to the shop first, then we can come to play."', NULL);
INSERT INTO `card` (id, type, title, header, content, option) VALUES ('12925_10', 3, NULL, 'assets/topic/asb/12879.png', 'But I replied, "Let us play first! Grandmother will not allow us to return."', NULL);
INSERT INTO `card` (id, type, title, header, content, option) VALUES ('12925_11', 3, NULL, 'assets/topic/asb/12880.png', 'We joined our friends to play. I was the goal keeper. The goal posts were made of two big stones.', NULL);
INSERT INTO `card` (id, type, title, header, content, option) VALUES ('12925_12', 3, NULL, 'assets/topic/asb/12881.png', 'I worked hard to catch the ball. My friends were not able to score any goals.', NULL);
INSERT INTO `card` (id, type, title, header, content, option) VALUES ('12925_13', 3, NULL, 'assets/topic/asb/12882.png', 'We played until the field was full of sand.', NULL);
INSERT INTO `card` (id, type, title, header, content, option) VALUES ('12925_14', 3, NULL, 'assets/topic/asb/12883.png', 'Then we went to the shop. Grandmother''s money was gone! I started to cry. Chuma shouted, "Stop crying. You wanted to play first."', NULL);
INSERT INTO `card` (id, type, title, header, content, option) VALUES ('12925_15', 3, NULL, 'assets/topic/asb/12884.png', 'We returned home without salt or cooking oil. We were very dirty and worried.', NULL);
INSERT INTO `card` (id, type, title, header, content, option) VALUES ('12925_16', 3, NULL, 'assets/topic/asb/12885.png', 'Grandmother was annoyed when we got home. The first question she asked us was, "Where were you all this time?"', NULL);
INSERT INTO `card` (id, type, title, header, content, option) VALUES ('12925_17', 3, NULL, 'assets/topic/asb/12886.png', 'We had to tell her the truth. She forgave us but warned, "Never again go to play without permission."', NULL);
INSERT INTO `card` (id, type, title, header, content, option) VALUES ('12925_18', 3, NULL, 'assets/topic/asb/12887.png', 'We went to feed the ducks.  Later on, we cleaned ourselves.', NULL);
INSERT INTO `card` (id, type, title, header, content, option) VALUES ('12925_19', 3, NULL, NULL, 'You are free to download, copy, translate or adapt this story and use the illustrations as long as you attribute in the following way:
Ah! Football!
Author -
Stella Kihweo
Translation -
Ursula Nafula
Illustration -
Onesmus Kakungi
Language -
English
Level -
First sentences
© African Storybook Initiative 2015
Creative Commons: Attribution 4.0
Source
www.africanstorybook.org', NULL);
INSERT INTO `card` (id, type, title, header, content, option) VALUES ('12925_20', 1, 'Draw a football', 'assets/topic/12925.svg', NULL, NULL);
INSERT INTO `cardExtra` (cardId, type, serial, content) VALUES ('12925_20', 2, 1, 'assets/topic/12925.svg');
INSERT INTO `card` (id, type, title, header, content, option) VALUES ('12925_21', 0, 'What does Chuma love playing very much?', NULL, NULL, 'oneAtATime');
INSERT INTO `cardExtra` (cardId, type, serial, content) VALUES ('12925_21', 1, 1, 'Football');
INSERT INTO `cardExtra` (cardId, type, serial, content) VALUES ('12925_21', 0, 1, 'Running');
INSERT INTO `cardExtra` (cardId, type, serial, content) VALUES ('12925_21', 0, 2, 'Skating');
INSERT INTO `cardExtra` (cardId, type, serial, content) VALUES ('12925_21', 0, 3, 'Basketball');
INSERT INTO `card` (id, type, title, header, content, option) VALUES ('12925_26', 0, 'The goal posts where made of two big stones.', NULL, NULL, 'oneAtATime');
INSERT INTO `cardExtra` (cardId, type, serial, content) VALUES ('12925_26', 1, 1, 'True.');
INSERT INTO `cardExtra` (cardId, type, serial, content) VALUES ('12925_26', 0, 1, 'False.');
INSERT INTO `card` (id, type, title, header, content, option) VALUES ('12925_29', 0, 'Story teaches us to take permission of___________.', NULL, NULL, 'oneAtATime');
INSERT INTO `cardExtra` (cardId, type, serial, content) VALUES ('12925_29', 1, 1, 'Grandmother');
INSERT INTO `cardExtra` (cardId, type, serial, content) VALUES ('12925_29', 0, 1, 'Neighbour');
INSERT INTO `cardExtra` (cardId, type, serial, content) VALUES ('12925_29', 0, 2, 'Friend');
INSERT INTO `cardExtra` (cardId, type, serial, content) VALUES ('12925_29', 0, 3, 'Monkey');
INSERT INTO `card` (id, type, title, header, content, option) VALUES ('12925_34', 0, 'What do you like to play?', NULL, NULL, 'open');
INSERT INTO `cardExtra` (cardId, type, serial, content) VALUES ('12925_34', 0, 1, 'Football');
INSERT INTO `cardExtra` (cardId, type, serial, content) VALUES ('12925_34', 0, 2, 'Running');
INSERT INTO `cardExtra` (cardId, type, serial, content) VALUES ('12925_34', 0, 3, 'Jumping');
INSERT INTO `cardExtra` (cardId, type, serial, content) VALUES ('12925_34', 0, 4, 'Skipping rope');
INSERT INTO `card` (id, type, title, header, content, option) VALUES ('10555', 2, 'Serious accident', 'assets/topic/asb/9638.png', 'Clare Verbeek
Rob Owen', 'FFB3C8FF');
INSERT INTO `card` (id, type, title, header, content, option) VALUES ('10555_3', 3, NULL, 'assets/topic/asb/9635.png', 'One day my sister and I were walking near the road.', NULL);
INSERT INTO `card` (id, type, title, header, content, option) VALUES ('10555_4', 3, NULL, 'assets/topic/asb/9636.png', 'A big truck was driving down the hill.', NULL);
INSERT INTO `card` (id, type, title, header, content, option) VALUES ('10555_5', 3, NULL, 'assets/topic/asb/9637.png', 'A car was speeding up the hill.', NULL);
INSERT INTO `card` (id, type, title, header, content, option) VALUES ('10555_6', 3, NULL, 'assets/topic/asb/9641.png', 'The truck driver was talking on his mobile phone. He was not looking at the road.', NULL);
INSERT INTO `card` (id, type, title, header, content, option) VALUES ('10555_7', 3, NULL, 'assets/topic/asb/9639.png', 'The truck smashed into the car!', NULL);
INSERT INTO `card` (id, type, title, header, content, option) VALUES ('10555_8', 3, NULL, 'assets/topic/asb/9640.png', 'An ambulance and the police came to help.', NULL);
INSERT INTO `card` (id, type, title, header, content, option) VALUES ('10555_9', 3, NULL, 'assets/topic/asb/9638.png', 'Two tow trucks came. One towed the truck. The other towed the car.', NULL);
INSERT INTO `card` (id, type, title, header, content, option) VALUES ('10555_10', 3, NULL, 'assets/topic/asb/9642.png', 'We saw everything. We were shocked.', NULL);
INSERT INTO `card` (id, type, title, header, content, option) VALUES ('10555_11', 3, NULL, NULL, 'You are free to download, copy, translate or adapt this story and use the illustrations as long as you attribute in the following way:
Serious accident
Author -
Clare Verbeek, Thembani Dladla and Zanele Buthelezi
Illustration -
Rob Owen
Language -
English
Level -
First words
© School of Education and Development (Ukzn) and African Storybook Initiative 2007
Creative Commons: Attribution 4.0
Source
www.africanstorybook.org
Original source
www.akdn.org', NULL);
INSERT INTO `card` (id, type, title, header, content, option) VALUES ('10555_12', 1, 'Draw a truck', 'assets/topic/10555.svg', NULL, NULL);
INSERT INTO `cardExtra` (cardId, type, serial, content) VALUES ('10555_12', 2, 1, 'assets/topic/10555.svg');
INSERT INTO `card` (id, type, title, header, content, option) VALUES ('10555_13', 0, 'Where was the car speeding up?', NULL, NULL, 'oneAtATime');
INSERT INTO `cardExtra` (cardId, type, serial, content) VALUES ('10555_13', 1, 1, 'Hill');
INSERT INTO `cardExtra` (cardId, type, serial, content) VALUES ('10555_13', 0, 1, 'Road');
INSERT INTO `cardExtra` (cardId, type, serial, content) VALUES ('10555_13', 0, 2, 'Tree');
INSERT INTO `cardExtra` (cardId, type, serial, content) VALUES ('10555_13', 0, 3, 'Grass');
INSERT INTO `card` (id, type, title, header, content, option) VALUES ('10555_18', 0, 'Truck driver smashed the car.', NULL, NULL, 'oneAtATime');
INSERT INTO `cardExtra` (cardId, type, serial, content) VALUES ('10555_18', 1, 1, 'True.');
INSERT INTO `cardExtra` (cardId, type, serial, content) VALUES ('10555_18', 0, 1, 'False.');
INSERT INTO `card` (id, type, title, header, content, option) VALUES ('10555_21', 0, 'The story teaches us never to use mobile phone while ___________.', NULL, NULL, 'oneAtATime');
INSERT INTO `cardExtra` (cardId, type, serial, content) VALUES ('10555_21', 1, 1, 'Driving');
INSERT INTO `cardExtra` (cardId, type, serial, content) VALUES ('10555_21', 0, 1, 'Running');
INSERT INTO `cardExtra` (cardId, type, serial, content) VALUES ('10555_21', 0, 2, 'Talking');
INSERT INTO `cardExtra` (cardId, type, serial, content) VALUES ('10555_21', 0, 3, 'Walking');
INSERT INTO `card` (id, type, title, header, content, option) VALUES ('10555_26', 0, 'Who do you walk with?', NULL, NULL, 'open');
INSERT INTO `cardExtra` (cardId, type, serial, content) VALUES ('10555_26', 0, 1, 'Father');
INSERT INTO `cardExtra` (cardId, type, serial, content) VALUES ('10555_26', 0, 2, 'Mother');
INSERT INTO `cardExtra` (cardId, type, serial, content) VALUES ('10555_26', 0, 3, 'Sister');
INSERT INTO `cardExtra` (cardId, type, serial, content) VALUES ('10555_26', 0, 4, 'Friend');
INSERT INTO `card` (id, type, title, header, content, option) VALUES ('19094', 2, 'Akadeli''s Lucky Day', 'assets/topic/asb/19016.png', 'Ursula Nafula
 Rob Owen', 'FF9DEDE3');
INSERT INTO `card` (id, type, title, header, content, option) VALUES ('19094_3', 3, NULL, 'assets/topic/asb/19004.png', 'One day Akadeli, Lucy, Acharait and Mary went to the forest far from home to pick wild fruits. They held hands to cross the big river near the forest.', NULL);
INSERT INTO `card` (id, type, title, header, content, option) VALUES ('19094_4', 3, NULL, 'assets/topic/asb/19005.png', 'They found a tree full of ripe fruits. The girls agreed to climb up the tree and to pick the fruits with their eyes closed.', NULL);
INSERT INTO `card` (id, type, title, header, content, option) VALUES ('19094_5', 3, NULL, 'assets/topic/asb/19007.png', 'Lucy, Acharait and Mary did not close their eyes. Only Akadeli closed hers as she picked the fruits.', NULL);
INSERT INTO `card` (id, type, title, header, content, option) VALUES ('19094_6', 3, NULL, 'assets/topic/asb/19009.png', 'When they opened their eyes, only Akadeli had picked unripe fruits.', NULL);
INSERT INTO `card` (id, type, title, header, content, option) VALUES ('19094_7', 3, NULL, 'assets/topic/asb/19010.png', 'Lucy, Acharait and Mary laughed at Akadeli and left for home. Akadeli threw away the unripe fruits and began picking ripe ones.', NULL);
INSERT INTO `card` (id, type, title, header, content, option) VALUES ('19094_8', 3, NULL, 'assets/topic/asb/19011.png', 'Soon, Akadeli filled her basket with ripe fruits. She set off alone,  crossing the big river.', NULL);
INSERT INTO `card` (id, type, title, header, content, option) VALUES ('19094_9', 3, NULL, 'assets/topic/asb/19012.png', 'Half way across the river, Akadeli''s basket fell and was carried away. She was angry and began to cry.', NULL);
INSERT INTO `card` (id, type, title, header, content, option) VALUES ('19094_10', 3, NULL, 'assets/topic/asb/19013.png', 'Before Akadeli got out of the water, she saw a big fish and grabbed it.', NULL);
INSERT INTO `card` (id, type, title, header, content, option) VALUES ('19094_11', 3, NULL, 'assets/topic/asb/19014.png', 'As Akadeli carried the fish home, a hawk snatched it and flew away with it.', NULL);
INSERT INTO `card` (id, type, title, header, content, option) VALUES ('19094_12', 3, NULL, 'assets/topic/asb/19015.png', 'Akadeli saw that the hawk had left behind a feather from its tail. Although she was disappointed, she picked up the feather and continued walking home.', NULL);
INSERT INTO `card` (id, type, title, header, content, option) VALUES ('19094_13', 3, NULL, 'assets/topic/asb/19016.png', 'She came across a traditional wedding. People dancing were wearing grass on their heads instead of feathers as was the tradition. They took her feather and gave her a big bull!', NULL);
INSERT INTO `card` (id, type, title, header, content, option) VALUES ('19094_14', 3, NULL, 'assets/topic/asb/19017.png', 'Akadeli reached home with her bull. Her parents and relatives were so happy. Lucy, Acharait and Mary wished they had not lied to Akadeli. It was a lucky day for Akadeli!', NULL);
INSERT INTO `card` (id, type, title, header, content, option) VALUES ('19094_15', 3, NULL, NULL, 'You are free to download, copy, translate or adapt this story and use the illustrations as long as you attribute in the following way:
Akadeli''s Lucky Day
Author -
Simon Ipoo
Translation -
Ursula Nafula
Illustration -
Rob Owen
Language -
English
Level -
First paragraphs
© African Storybook Initiative 2016
Creative Commons: Attribution 4.0
Source
www.africanstorybook.org', NULL);
INSERT INTO `card` (id, type, title, header, content, option) VALUES ('19094_16', 1, 'Draw a tree with fruits on it', 'assets/topic/19094.svg', NULL, NULL);
INSERT INTO `cardExtra` (cardId, type, serial, content) VALUES ('19094_16', 2, 1, 'assets/topic/19094.svg');
INSERT INTO `card` (id, type, title, header, content, option) VALUES ('19094_17', 0, 'Where did all go to pick wild fruits?', NULL, NULL, 'oneAtATime');
INSERT INTO `cardExtra` (cardId, type, serial, content) VALUES ('19094_17', 1, 1, 'Forests');
INSERT INTO `cardExtra` (cardId, type, serial, content) VALUES ('19094_17', 0, 1, 'Home');
INSERT INTO `cardExtra` (cardId, type, serial, content) VALUES ('19094_17', 0, 2, 'Ground');
INSERT INTO `cardExtra` (cardId, type, serial, content) VALUES ('19094_17', 0, 3, 'Lake');
INSERT INTO `card` (id, type, title, header, content, option) VALUES ('19094_22', 0, 'Select the things Akadeli collected in her journey.', NULL, NULL, 'many');
INSERT INTO `cardExtra` (cardId, type, serial, content) VALUES ('19094_22', 1, 1, 'Ripe fruits');
INSERT INTO `cardExtra` (cardId, type, serial, content) VALUES ('19094_22', 1, 2, 'Big fish');
INSERT INTO `cardExtra` (cardId, type, serial, content) VALUES ('19094_22', 1, 3, 'Hawk');
INSERT INTO `cardExtra` (cardId, type, serial, content) VALUES ('19094_22', 1, 4, 'Feather');
INSERT INTO `cardExtra` (cardId, type, serial, content) VALUES ('19094_22', 1, 5, 'Bull');
INSERT INTO `cardExtra` (cardId, type, serial, content) VALUES ('19094_22', 0, 1, 'Grass');
INSERT INTO `cardExtra` (cardId, type, serial, content) VALUES ('19094_22', 0, 2, 'Ant');
INSERT INTO `cardExtra` (cardId, type, serial, content) VALUES ('19094_22', 0, 3, 'Monkey');
INSERT INTO `card` (id, type, title, header, content, option) VALUES ('19094_31', 0, 'How was Akadeli''s day?', NULL, NULL, 'oneAtATime');
INSERT INTO `cardExtra` (cardId, type, serial, content) VALUES ('19094_31', 1, 1, 'Lucky');
INSERT INTO `cardExtra` (cardId, type, serial, content) VALUES ('19094_31', 0, 1, 'Bad');
INSERT INTO `cardExtra` (cardId, type, serial, content) VALUES ('19094_31', 0, 2, 'Tiring');
INSERT INTO `cardExtra` (cardId, type, serial, content) VALUES ('19094_31', 0, 3, 'Boring');
INSERT INTO `card` (id, type, title, header, content, option) VALUES ('19094_36', 0, 'What did you see when you went out?', NULL, NULL, 'open');
INSERT INTO `cardExtra` (cardId, type, serial, content) VALUES ('19094_36', 0, 1, 'Bicycles');
INSERT INTO `cardExtra` (cardId, type, serial, content) VALUES ('19094_36', 0, 2, 'Houses');
INSERT INTO `cardExtra` (cardId, type, serial, content) VALUES ('19094_36', 0, 3, 'Trees');
INSERT INTO `cardExtra` (cardId, type, serial, content) VALUES ('19094_36', 0, 4, 'Road');
INSERT INTO `card` (id, type, title, header, content, option) VALUES ('15862', 2, 'Happy Akai', 'assets/topic/asb/9500.png', 'Dominic E Emuria and David A Lodung''a
 Rob Owen', 'FFB3C8FF');
INSERT INTO `card` (id, type, title, header, content, option) VALUES ('15862_3', 3, NULL, 'assets/topic/asb/9494.png', 'Akai had no shoes. Other children her age     had shoes.', NULL);
INSERT INTO `card` (id, type, title, header, content, option) VALUES ('15862_4', 3, NULL, 'assets/topic/asb/9492.png', '"It is difficult to play without shoes," said Akai  to her mother.', NULL);
INSERT INTO `card` (id, type, title, header, content, option) VALUES ('15862_5', 3, NULL, 'assets/topic/asb/9493.png', '"Akai,  I think it is time for you to have shoes," said mother. .', NULL);
INSERT INTO `card` (id, type, title, header, content, option) VALUES ('15862_6', 3, NULL, 'assets/topic/asb/9496.png', 'Mother woke up Akai   early the next morning.   .', NULL);
INSERT INTO `card` (id, type, title, header, content, option) VALUES ('15862_7', 3, NULL, 'assets/topic/asb/9495.png', 'Akai and her mother went to the market. .', NULL);
INSERT INTO `card` (id, type, title, header, content, option) VALUES ('15862_8', 3, NULL, 'assets/topic/asb/9497.png', 'They went into a shoe shop. Mother bought shoes for Akai.', NULL);
INSERT INTO `card` (id, type, title, header, content, option) VALUES ('15862_9', 3, NULL, 'assets/topic/asb/9499.png', 'At night,  Akai thought about her new shoes. .', NULL);
INSERT INTO `card` (id, type, title, header, content, option) VALUES ('15862_10', 3, NULL, 'assets/topic/asb/10444.png', 'Akai put on her new shoes. .', NULL);
INSERT INTO `card` (id, type, title, header, content, option) VALUES ('15862_11', 3, NULL, 'assets/topic/asb/9498.png', 'Akai thought about how she would show off her shoes. .', NULL);
INSERT INTO `card` (id, type, title, header, content, option) VALUES ('15862_12', 3, NULL, 'assets/topic/asb/9502.png', 'Akai wore her new shoes again. She danced around the room.', NULL);
INSERT INTO `card` (id, type, title, header, content, option) VALUES ('15862_13', 3, NULL, 'assets/topic/asb/9501.png', '"Akai,  you must not wear shoes in bed," said mother. .', NULL);
INSERT INTO `card` (id, type, title, header, content, option) VALUES ('15862_14', 3, NULL, 'assets/topic/asb/9500.png', 'Akai was so happy to have shoes for the first time.', NULL);
INSERT INTO `card` (id, type, title, header, content, option) VALUES ('15862_15', 3, NULL, NULL, 'You are free to download, copy, translate or adapt this story and use the illustrations as long as you attribute in the following way:
Happy Akai
Author -
Ursula Nafula
Adaptation -
Dominic E Emuria and David A Lodung''a
Illustration -
Rob Owen
Language -
English
Level -
First sentences
© African Storybook Initiative 2015
Creative Commons: Attribution 4.0
Source
www.africanstorybook.org', NULL);
INSERT INTO `card` (id, type, title, header, content, option) VALUES ('15862_16', 1, 'Draw a pair of shoes and decorate it.', 'assets/topic/15862.svg', NULL, NULL);
INSERT INTO `cardExtra` (cardId, type, serial, content) VALUES ('15862_16', 2, 1, 'assets/topic/15862.svg');
INSERT INTO `card` (id, type, title, header, content, option) VALUES ('15862_17', 0, 'What did other children have but Akai did not have?', NULL, NULL, 'oneAtATime');
INSERT INTO `cardExtra` (cardId, type, serial, content) VALUES ('15862_17', 1, 1, 'Shoes');
INSERT INTO `cardExtra` (cardId, type, serial, content) VALUES ('15862_17', 0, 1, 'Bat');
INSERT INTO `cardExtra` (cardId, type, serial, content) VALUES ('15862_17', 0, 2, 'Ball');
INSERT INTO `cardExtra` (cardId, type, serial, content) VALUES ('15862_17', 0, 3, 'Stick');
INSERT INTO `card` (id, type, title, header, content, option) VALUES ('15862_22', 0, 'Akai danced on bed wearing her new shoes.', NULL, NULL, 'oneAtATime');
INSERT INTO `cardExtra` (cardId, type, serial, content) VALUES ('15862_22', 1, 1, 'True.');
INSERT INTO `cardExtra` (cardId, type, serial, content) VALUES ('15862_22', 0, 1, 'False.');
INSERT INTO `card` (id, type, title, header, content, option) VALUES ('15862_25', 0, 'How did Akai feel when she got her new shoes?', NULL, NULL, 'oneAtATime');
INSERT INTO `cardExtra` (cardId, type, serial, content) VALUES ('15862_25', 1, 1, 'Happy');
INSERT INTO `cardExtra` (cardId, type, serial, content) VALUES ('15862_25', 0, 1, 'Sad');
INSERT INTO `cardExtra` (cardId, type, serial, content) VALUES ('15862_25', 0, 2, 'Angry');
INSERT INTO `cardExtra` (cardId, type, serial, content) VALUES ('15862_25', 0, 3, 'Mad');
INSERT INTO `card` (id, type, title, header, content, option) VALUES ('15862_30', 0, 'What do you wish to get?', NULL, NULL, 'open');
INSERT INTO `cardExtra` (cardId, type, serial, content) VALUES ('15862_30', 0, 1, 'Shoes');
INSERT INTO `cardExtra` (cardId, type, serial, content) VALUES ('15862_30', 0, 2, 'Bag');
INSERT INTO `cardExtra` (cardId, type, serial, content) VALUES ('15862_30', 0, 3, 'Cap');
INSERT INTO `cardExtra` (cardId, type, serial, content) VALUES ('15862_30', 0, 4, 'Food');
INSERT INTO `card` (id, type, title, header, content, option) VALUES ('22560', 2, 'Aku the Sun Maker', 'assets/topic/asb/26422.png', 'Aisha  Nelson
Idowu Abayomi Oluwasegun', 'FF9DEDE3');
INSERT INTO `card` (id, type, title, header, content, option) VALUES ('22560_3', 3, NULL, 'assets/topic/asb/26422.png', 'Long ago in a town called Sunland lived a girl with very long legs. Aku was her name.', NULL);
INSERT INTO `card` (id, type, title, header, content, option) VALUES ('22560_4', 3, NULL, 'assets/topic/asb/26423.png', 'Aku wondered about a lot of things.
Sometimes Aku''s father, Ataa Ankra, a fisherman let her go to the river with him to fish in his canoe. While Aku fished with her father, she wondered why the sun always looked at her from the sky.
Sometimes Aku helped her mother, A''anua to cook. Aku wondered why palm oil looked red in calabash but yellow in yam pottage.', NULL);
INSERT INTO `card` (id, type, title, header, content, option) VALUES ('22560_5', 3, NULL, 'assets/topic/asb/26424.png', 'And Aku wondered why Oti, her brother, and the other boys would not let her play football with them. Once, Aku asked the boys why. They only laughed and told her to go and play with the girls.
The girls too would not play with Aku. "Your legs are too long," they always said.
Aku was left lonely. She had no one to share her many thoughts with.', NULL);
INSERT INTO `card` (id, type, title, header, content, option) VALUES ('22560_6', 3, NULL, 'assets/topic/asb/26425.png', 'But Aku soon became friends with the sun.
She looked forward to seeing the sun every morning when she woke up. The cocks crowed to announce sunrise. Aku loved to dance in the early morning sun, her shadow dancing with her. The tweeting of birds made the cock crow music sweeter.
The sun filled Aku with happiness. The sun made Aku smile a lot.', NULL);
INSERT INTO `card` (id, type, title, header, content, option) VALUES ('22560_7', 3, NULL, 'assets/topic/asb/26426.png', 'But one day, the sun did not rise. Aku waited for the cocks to crow. They did not. The birds too did not tweet.
And without the sun in Sunland, people could not go about their daily activities. Farmers  could not go to tend their crops. And the sky was grey and sad. Ataa Ankra could not go fishing. Children too could not prepare for school. And women could not go to the market to haggle over the prices of soap and kerosene.
Aku missed all these. She missed the cock crows and bird tweets too. And she missed the sunrise more.', NULL);
INSERT INTO `card` (id, type, title, header, content, option) VALUES ('22560_8', 3, NULL, 'assets/topic/asb/26427.png', 'Everyone wanted to know where the sun went. "Maybe the sun is dead," some people said. "The sun has travelled," said others.
Aku disagreed, "No, the sun is not dead. And the sun has not travelled. Or it would have first told me."
Some people chuckled at what Aku said. She continued anyway, "I tell the truth. The sun is my friend. The sun is not dead. It is only –". But no one would hear anymore. Everyone forgot about the sun. They laughed hard at Aku. The children laughed too.
The children''s laughter pained Aku the most.', NULL);
INSERT INTO `card` (id, type, title, header, content, option) VALUES ('22560_9', 3, NULL, 'assets/topic/asb/26428.png', 'Sad like the sky, Aku hastened into her house.
On the way, she accidentally kicked her brother''s football. The ball rolled into the kitchen. There was a calabash of palm oil in a corner of the kitchen. The ball hit the calabash. The calabash toppled.
The palm oil in it spilled. The palm oil soiled the ball.', NULL);
INSERT INTO `card` (id, type, title, header, content, option) VALUES ('22560_10', 3, NULL, 'assets/topic/asb/26429.png', 'Oti came into the house with one of his friends to fetch his ball. He saw the toppled calabash, the spilled palm oil. He saw his soiled ball too.
Before he could run out to tell A''nua what Aku had done, Aku picked up the ball and ran off. The boys followed Aku. They all met A''anua outside the house. A''anua saw Aku holding the ball. Before she could call Aku and scold her, Aku ran past her.
Oti, A''anua and all the people of Sunland watched Aku run away. They wondered what she would do with a soiled ball.', NULL);
INSERT INTO `card` (id, type, title, header, content, option) VALUES ('22560_11', 3, NULL, 'assets/topic/asb/26430.png', 'Aku stopped when she got to the middle of the town square. She put the ball on the ground.
With a mighty swing of her hands and a swift pull of one long leg behind the other, Aku kicked the ball. The ball turned round on the ground, spinning towards the edge of the town square. It hit the roots of the palm tree at one end of the town square.', NULL);
INSERT INTO `card` (id, type, title, header, content, option) VALUES ('22560_12', 3, NULL, 'assets/topic/asb/26431.png', 'Then the ball shot into the sad sky. With mouths opened wide, the people of Sunland gazed after the flying ball. The ball flew beyond the clouds, beyond the gaze of the eyes.
Everything was still. All was quiet.
Suddenly, the sky cleared. The clouds became white, round and fluffy. Then a big ball came from behind the clouds. The ball was bright. And it was red and yellow like palm oil. The ball was the sun. Aku''s sun.
Everything stirred. The quietness left.', NULL);
INSERT INTO `card` (id, type, title, header, content, option) VALUES ('22560_13', 3, NULL, 'assets/topic/asb/26432.png', 'Soon, everyone was rushing home to prepare for their daily activities.
Ataa Ankra looked for his fish bucket. Farmers took their hoes. Children bathed and dressed, ready to go to school. Women tied monies at the ends of their cover cloths. They carried their basins and baskets and hurried to the market.', NULL);
INSERT INTO `card` (id, type, title, header, content, option) VALUES ('22560_14', 3, NULL, 'assets/topic/asb/26433.png', 'The sun returned to Sunland. Aku made it. A new day began...', NULL);
INSERT INTO `card` (id, type, title, header, content, option) VALUES ('22560_15', 3, NULL, NULL, 'You are free to download, copy, translate or adapt this story and use the illustrations as long as you attribute in the following way:
Aku the Sun Maker
Author -
Aisha  Nelson
Translation -
Aisha  Nelson
Illustration -
Idowu Abayomi Oluwasegun
Language -
English
Level -
Read aloud
© African Storybook Initiative 2018
Creative Commons: Attribution 4.0
Source
www.africanstorybook.org', NULL);
INSERT INTO `card` (id, type, title, header, content, option) VALUES ('22560_16', 1, 'Draw a tree and sun.', 'assets/topic/22560.svg', NULL, NULL);
INSERT INTO `cardExtra` (cardId, type, serial, content) VALUES ('22560_16', 2, 1, 'assets/topic/22560.svg');
INSERT INTO `card` (id, type, title, header, content, option) VALUES ('22560_17', 0, 'Where did long legged girl Aku lived?', NULL, NULL, 'oneAtATime');
INSERT INTO `cardExtra` (cardId, type, serial, content) VALUES ('22560_17', 1, 1, 'Sunland');
INSERT INTO `cardExtra` (cardId, type, serial, content) VALUES ('22560_17', 0, 1, 'Moonland');
INSERT INTO `cardExtra` (cardId, type, serial, content) VALUES ('22560_17', 0, 2, 'Dryland');
INSERT INTO `cardExtra` (cardId, type, serial, content) VALUES ('22560_17', 0, 3, 'Wetland');
INSERT INTO `card` (id, type, title, header, content, option) VALUES ('22560_22', 0, 'Who became Aku''s friend?', NULL, NULL, 'oneAtATime');
INSERT INTO `cardExtra` (cardId, type, serial, content) VALUES ('22560_22', 1, 1, 'Sun');
INSERT INTO `cardExtra` (cardId, type, serial, content) VALUES ('22560_22', 0, 1, 'Moon');
INSERT INTO `cardExtra` (cardId, type, serial, content) VALUES ('22560_22', 0, 2, 'Dog');
INSERT INTO `cardExtra` (cardId, type, serial, content) VALUES ('22560_22', 0, 3, 'Parrot');
INSERT INTO `card` (id, type, title, header, content, option) VALUES ('22560_27', 0, 'How did Aku feel when she cleared the sad sky?', NULL, NULL, 'open');
INSERT INTO `cardExtra` (cardId, type, serial, content) VALUES ('22560_27', 0, 1, 'Happy');
INSERT INTO `cardExtra` (cardId, type, serial, content) VALUES ('22560_27', 0, 2, 'Sad');
INSERT INTO `cardExtra` (cardId, type, serial, content) VALUES ('22560_27', 0, 3, 'Angry');
INSERT INTO `cardExtra` (cardId, type, serial, content) VALUES ('22560_27', 0, 4, 'Mad');
INSERT INTO `card` (id, type, title, header, content, option) VALUES ('23908', 2, 'Amara and animals', 'assets/topic/asb/14042.png', 'Judy B. Maranga
Sarah Bouwer', 'FFCFB5DD');
INSERT INTO `card` (id, type, title, header, content, option) VALUES ('23908_3', 3, NULL, 'assets/topic/asb/14037.png', 'Amara was nine years old. She went to Kerema primary school. Her favorite subjects were English, Science and Social Studies. She wanted to be a lawyer when she grew up. Amara loved animals very much.', NULL);
INSERT INTO `card` (id, type, title, header, content, option) VALUES ('23908_4', 3, NULL, 'assets/topic/asb/14113.png', 'Amara lived with her mother, Margy. She was a very hardworking farmer. Amara''s father died when she was 5 years old.', NULL);
INSERT INTO `card` (id, type, title, header, content, option) VALUES ('23908_5', 3, NULL, 'assets/topic/asb/14040.png', 'When Amara was not at school, she spent her time with Mbisa, the goat. She cleaned and fed it.', NULL);
INSERT INTO `card` (id, type, title, header, content, option) VALUES ('23908_6', 3, NULL, 'assets/topic/asb/14039.png', 'Amara also had her pet, Simba. Her mother did not like  dogs very much, but she let Amara keep Simba. Whenever Simba disturbed her, she would shout, "Go away before I kick you out." Amara felt sad.', NULL);
INSERT INTO `card` (id, type, title, header, content, option) VALUES ('23908_7', 3, NULL, 'assets/topic/asb/14062.png', 'One Saturday, they had visitors from the women''s group. Amara was happy that her mother''s friends had come with their children. They could play football.', NULL);
INSERT INTO `card` (id, type, title, header, content, option) VALUES ('23908_8', 3, NULL, 'assets/topic/asb/13930.png', 'Her mother had prepared the food that the group liked. Amara was reminded by her mother to keep Simba locked up. It barked at strangers.', NULL);
INSERT INTO `card` (id, type, title, header, content, option) VALUES ('23908_9', 3, NULL, NULL, 'Amara did not lock up Simba well. The visitors were surprised to see the dog in the room. Mama Oto asked, "Why do you allow the dog to come inside the house?" Amara''s mother called Amara to come and take Simba out.', NULL);
INSERT INTO `card` (id, type, title, header, content, option) VALUES ('23908_10', 3, NULL, 'assets/topic/asb/14055.png', 'Amara did not hear her mother calling because they were busy playing.', NULL);
INSERT INTO `card` (id, type, title, header, content, option) VALUES ('23908_11', 3, NULL, 'assets/topic/asb/14042.png', 'When Amara went to the house, she called Simba out. Simba was very obedient to Amara. After the meal, the visitors said, "We''ll also treat our dogs well like Amara. We mistreat them and yet they are so helpful."', NULL);
INSERT INTO `card` (id, type, title, header, content, option) VALUES ('23908_12', 3, NULL, 'assets/topic/asb/13697.png', 'Afterwards, Amara''s mother apologised for being mean and cruel to  Simba. Amara was happy that her mother accepted her dog at last. When Amara is in school her mother feeds Simba. Her mother''s friends have learned to be good to their dogs.', NULL);
INSERT INTO `card` (id, type, title, header, content, option) VALUES ('23908_13', 3, NULL, NULL, 'You are free to download, copy, translate or adapt this story and use the illustrations as long as you attribute in the following way:
Amara and animals
Author -
Judy B. Maranga
Illustration -
Sarah Bouwer
Language -
English
Level -
Longer paragraphs
© Judy B.maranga 2015
Creative Commons: Attribution 4.0
Source
www.africanstorybook.org', NULL);
INSERT INTO `card` (id, type, title, header, content, option) VALUES ('23908_14', 1, 'Draw a dog and give it a cute name.', 'assets/topic/23908.svg', NULL, NULL);
INSERT INTO `cardExtra` (cardId, type, serial, content) VALUES ('23908_14', 2, 1, 'assets/topic/23908.svg');
INSERT INTO `card` (id, type, title, header, content, option) VALUES ('23908_15', 0, 'What does Amara want to become when she grew up?', NULL, NULL, 'oneAtATime');
INSERT INTO `cardExtra` (cardId, type, serial, content) VALUES ('23908_15', 1, 1, 'Lawyer');
INSERT INTO `cardExtra` (cardId, type, serial, content) VALUES ('23908_15', 0, 1, 'Doctor');
INSERT INTO `cardExtra` (cardId, type, serial, content) VALUES ('23908_15', 0, 2, 'Police');
INSERT INTO `cardExtra` (cardId, type, serial, content) VALUES ('23908_15', 0, 3, 'Teacher');
INSERT INTO `card` (id, type, title, header, content, option) VALUES ('23908_20', 0, 'Group favourite subjects of Amara.', NULL, NULL, 'many');
INSERT INTO `cardExtra` (cardId, type, serial, content) VALUES ('23908_20', 1, 1, 'English');
INSERT INTO `cardExtra` (cardId, type, serial, content) VALUES ('23908_20', 1, 2, 'Science');
INSERT INTO `cardExtra` (cardId, type, serial, content) VALUES ('23908_20', 1, 3, 'Social studies');
INSERT INTO `cardExtra` (cardId, type, serial, content) VALUES ('23908_20', 0, 1, 'Calculation');
INSERT INTO `card` (id, type, title, header, content, option) VALUES ('23908_25', 0, 'How we should treat our dogs?', NULL, NULL, 'open');
INSERT INTO `cardExtra` (cardId, type, serial, content) VALUES ('23908_25', 0, 1, 'Cruel');
INSERT INTO `cardExtra` (cardId, type, serial, content) VALUES ('23908_25', 0, 2, 'Mean');
INSERT INTO `cardExtra` (cardId, type, serial, content) VALUES ('23908_25', 0, 3, 'Good');
INSERT INTO `cardExtra` (cardId, type, serial, content) VALUES ('23908_25', 0, 4, 'Bad');
INSERT INTO `card` (id, type, title, header, content, option) VALUES ('1978', 2, 'Anansi gives people stories', 'assets/topic/asb/1294.png', 'Ghanaian folktale
Wiehan de Jager', 'FFB3C8FF');
INSERT INTO `card` (id, type, title, header, content, option) VALUES ('1978_3', 3, NULL, 'assets/topic/asb/1281.png', 'Long,  long ago,  the Sky God,  Nyame,  kept all stories locked in a wooden box,  high in the sky. People down on earth had no stories to tell and they were very sad. They asked Anansi the clever Spider to help them.', NULL);
INSERT INTO `card` (id, type, title, header, content, option) VALUES ('1978_4', 3, NULL, 'assets/topic/asb/1282.png', 'Anansi spun a long thread,  and climbed up his sticky thread all the way to heaven. "Can I have the stories,  please?" he asked the Sky God. But Nyame laughed at Anansi and said,  "Oh,  these are very expensive stories. You wouldn''t be able to pay for them,  little spider."', NULL);
INSERT INTO `card` (id, type, title, header, content, option) VALUES ('1978_5', 3, NULL, 'assets/topic/asb/1283.png', '"How much do the stories cost?" asked Anansi. "You''ll have to bring me three rare and fierce animals," Nyame answered,  "A leopard with sharp teeth like spears,  a hornet that stings people,  and a snake that swallows people whole." He laughed and laughed. He thought his stories were quite safe.', NULL);
INSERT INTO `card` (id, type, title, header, content, option) VALUES ('1978_6', 3, NULL, 'assets/topic/asb/1284.png', 'So Anansi climbed slowly back down his sticky thread to the earth. He thought and he thought,  and he came up with a plan. He dug a deep hole,  covered it with branches and dirt so it was hidden,  and he went home for supper. In the morning,  sure enough,  a leopard had fallen into his pit. He was furiously scratching at the side of the pit,  but he couldn''t get out.', NULL);
INSERT INTO `card` (id, type, title, header, content, option) VALUES ('1978_7', 3, NULL, 'assets/topic/asb/1286.png', '"Oh let me help you,  my dear friend!" said Anansi. "Just lie down on these sticks and I''ll pull you out." Anansi wound his sticky web round the leopard and the sticks,  and pulled him up to heaven to show the Sky God. But Nyame just laughed and said,  "Where are the other two?"', NULL);
INSERT INTO `card` (id, type, title, header, content, option) VALUES ('1978_8', 3, NULL, 'assets/topic/asb/1287.png', 'So Anansi went back down to earth to get the second creature. He thought and he thought and he came up with a plan. He took a gourd full of water and went to the tree where the hornets lived. He poured out some of the water all over their nest. Then he cut a leaf from a banana tree and held it over his head,  and he poured the rest of the water all over himself.', NULL);
INSERT INTO `card` (id, type, title, header, content, option) VALUES ('1978_9', 3, NULL, 'assets/topic/asb/1288.png', 'He called out to the hornets,  "Hey hornets! Come see! It is raining! Quick - get inside my gourd and it will keep all of you dry." Hornets don''t like to get wet,  so they all flew into Anansi''s gourd.', NULL);
INSERT INTO `card` (id, type, title, header, content, option) VALUES ('1978_10', 3, NULL, 'assets/topic/asb/1289.png', 'Then Anansi quickly spun a web across the opening so the hornets couldn''t get out no matter how much they buzzed. He carried them up to heaven and showed them to the Sky God. But Nyame just said,  "Where''s the last one?" (He wasn''t laughing so much anymore.).', NULL);
INSERT INTO `card` (id, type, title, header, content, option) VALUES ('1978_11', 3, NULL, 'assets/topic/asb/1291.png', 'So Anansi went down to earth again. He thought and thought and he thought,  but he couldn''t come up with a plan. So he asked his wife,  who had a very good idea. Together they found a good long thick branch and some strong vines. When they got near the stream where the snake lived,  they began to argue. "The branch is longer!" "No,  it isn''t!" "Yes it is!"', NULL);
INSERT INTO `card` (id, type, title, header, content, option) VALUES ('1978_12', 3, NULL, 'assets/topic/asb/1292.png', 'Soon the snake came out and asked what the argument was. "I was arguing with my wife," said Anansi. "She says this stick is longer than you are. But I don''t agree." "Of course I''m longer than that stick!" said the snake. "I''m very long! I''m a huge snake! Just put your stick next to me and measure!"', NULL);
INSERT INTO `card` (id, type, title, header, content, option) VALUES ('1978_13', 3, NULL, 'assets/topic/asb/1293.png', 'So Anansi did that,  and he tied the snake to the stick with his vine to keep him straight. When he was all tied up,  Anansi took the snake up to heaven.', NULL);
INSERT INTO `card` (id, type, title, header, content, option) VALUES ('1978_14', 3, NULL, 'assets/topic/asb/1294.png', 'Nyame had to admit that Anansi had paid his price. So he went to his wooden box,  opened the lid,  and gave all the stories to Anansi. Anansi carried the stories triumphantly down to earth. He shared them with his wife,  and with all the other animals and people. Stories are for telling,  not for keeping in wooden boxes.', NULL);
INSERT INTO `card` (id, type, title, header, content, option) VALUES ('1978_15', 3, NULL, NULL, 'You are free to download, copy, translate or adapt this story and use the illustrations as long as you attribute in the following way:
Anansi gives people stories
Author -
Ghanaian folktale
Illustration -
Wiehan de Jager
Language -
English
Level -
Longer paragraphs
© African Storybook Initiative 2014
Creative Commons: Attribution 4.0
Source
www.africanstorybook.org', NULL);
INSERT INTO `card` (id, type, title, header, content, option) VALUES ('1978_16', 1, 'Draw clouds and decorate.', 'assets/topic/1978.svg', NULL, NULL);
INSERT INTO `cardExtra` (cardId, type, serial, content) VALUES ('1978_16', 2, 1, 'assets/topic/1978.svg');
INSERT INTO `card` (id, type, title, header, content, option) VALUES ('1978_17', 0, 'Where did Nyame the sky god locked all stories?', NULL, NULL, 'oneAtATime');
INSERT INTO `cardExtra` (cardId, type, serial, content) VALUES ('1978_17', 1, 1, 'Wooden box');
INSERT INTO `cardExtra` (cardId, type, serial, content) VALUES ('1978_17', 0, 1, 'Steel box');
INSERT INTO `cardExtra` (cardId, type, serial, content) VALUES ('1978_17', 0, 2, 'Plastic box');
INSERT INTO `cardExtra` (cardId, type, serial, content) VALUES ('1978_17', 0, 3, 'Empty box');
INSERT INTO `card` (id, type, title, header, content, option) VALUES ('1978_22', 0, 'Select the animals asked by Nyame.', NULL, NULL, 'many');
INSERT INTO `cardExtra` (cardId, type, serial, content) VALUES ('1978_22', 1, 1, 'Leopard');
INSERT INTO `cardExtra` (cardId, type, serial, content) VALUES ('1978_22', 1, 2, 'Hornet');
INSERT INTO `cardExtra` (cardId, type, serial, content) VALUES ('1978_22', 1, 3, 'Snake');
INSERT INTO `cardExtra` (cardId, type, serial, content) VALUES ('1978_22', 0, 1, 'Monkey');
INSERT INTO `cardExtra` (cardId, type, serial, content) VALUES ('1978_22', 0, 2, 'Donkey');
INSERT INTO `cardExtra` (cardId, type, serial, content) VALUES ('1978_22', 0, 3, 'Crow');
INSERT INTO `card` (id, type, title, header, content, option) VALUES ('1978_29', 0, 'What sort of person was Anansi?', NULL, NULL, 'open');
INSERT INTO `cardExtra` (cardId, type, serial, content) VALUES ('1978_29', 0, 1, 'Clever');
INSERT INTO `cardExtra` (cardId, type, serial, content) VALUES ('1978_29', 0, 2, 'Kind');
INSERT INTO `cardExtra` (cardId, type, serial, content) VALUES ('1978_29', 0, 3, 'Bad');
INSERT INTO `cardExtra` (cardId, type, serial, content) VALUES ('1978_29', 0, 4, 'Foolish');
INSERT INTO `card` (id, type, title, header, content, option) VALUES ('2234', 2, 'Anansi and wisdom', 'assets/topic/asb/1273.png', 'Ghanaian folktale
 Wiehan de Jager', 'FFF4E1B5');
INSERT INTO `card` (id, type, title, header, content, option) VALUES ('2234_3', 3, NULL, 'assets/topic/asb/1274.png', 'Long long ago people didn''t know anything. They didn''t know how to plant crops, or how to weave cloth,  or how to make iron tools.
The god Nyame up in the sky had all the wisdom of the world. He kept it safe in a clay pot.', NULL);
INSERT INTO `card` (id, type, title, header, content, option) VALUES ('2234_4', 3, NULL, 'assets/topic/asb/1275.png', 'One day, Nyame decided that he would give the pot of wisdom to Anansi.
Every time Anansi looked in the clay pot, he learned something new. It was so exciting!', NULL);
INSERT INTO `card` (id, type, title, header, content, option) VALUES ('2234_5', 3, NULL, 'assets/topic/asb/1276.png', 'Greedy Anansi thought, "I''ll keep the pot safe at the top of a tall tree. Then I can have it all to myself!" He spun a long thread, wound it round the clay pot, and tied it to his stomach.
He began to climb the tree. But it was hard climbing the tree with the pot bumping him in the knees all the time.', NULL);
INSERT INTO `card` (id, type, title, header, content, option) VALUES ('2234_6', 3, NULL, 'assets/topic/asb/1277.png', 'All the time Anansi''s young son had been standing at the bottom of the tree watching. He said, "Wouldn''t it be easier to climb if you tied the pot to your back instead?"
Anansi tried tying the clay pot full of wisdom to his back, and it really was a lot easier.', NULL);
INSERT INTO `card` (id, type, title, header, content, option) VALUES ('2234_7', 3, NULL, 'assets/topic/asb/1278.png', 'In no time he reached the top of the tree. But then he stopped and thought, "I''m supposed to be the one with all the wisdom, and here my son was cleverer than me!"
Anansi was so angry about this that he threw the clay pot down out of the tree.', NULL);
INSERT INTO `card` (id, type, title, header, content, option) VALUES ('2234_8', 3, NULL, 'assets/topic/asb/1279.png', 'It smashed into pieces on the ground. The wisdom was free for everyone to share.
And that is how people learned to farm, to weave cloth, to make iron tools, and all the other things that people know how to do.', NULL);
INSERT INTO `card` (id, type, title, header, content, option) VALUES ('2234_9', 3, NULL, NULL, 'You are free to download, copy, translate or adapt this story and use the illustrations as long as you attribute in the following way:
Anansi and wisdom
Author -
Ghanaian folktale
Illustration -
Wiehan de Jager
Language -
English
Level -
First paragraphs
© African Storybook Initiative 2014
Creative Commons: Attribution 4.0
Source
www.africanstorybook.org', NULL);
INSERT INTO `card` (id, type, title, header, content, option) VALUES ('2234_10', 1, 'Draw a tall tree and pieces of broken pot on the ground.', 'assets/topic/2234.svg', NULL, NULL);
INSERT INTO `cardExtra` (cardId, type, serial, content) VALUES ('2234_10', 2, 1, 'assets/topic/2234.svg');
INSERT INTO `card` (id, type, title, header, content, option) VALUES ('2234_11', 0, 'Where was wisdom of the world kept safely?', NULL, NULL, 'oneAtATime');
INSERT INTO `cardExtra` (cardId, type, serial, content) VALUES ('2234_11', 1, 1, 'Clay pot');
INSERT INTO `cardExtra` (cardId, type, serial, content) VALUES ('2234_11', 0, 1, 'wooden pot');
INSERT INTO `cardExtra` (cardId, type, serial, content) VALUES ('2234_11', 0, 2, 'Mud pot');
INSERT INTO `cardExtra` (cardId, type, serial, content) VALUES ('2234_11', 0, 3, 'Plastic pot');
INSERT INTO `card` (id, type, title, header, content, option) VALUES ('2234_16', 0, 'Anansi became greedy and wanted to have all wisdom alone.', NULL, NULL, 'oneAtATime');
INSERT INTO `cardExtra` (cardId, type, serial, content) VALUES ('2234_16', 1, 1, 'True.');
INSERT INTO `cardExtra` (cardId, type, serial, content) VALUES ('2234_16', 0, 1, 'False.');
INSERT INTO `card` (id, type, title, header, content, option) VALUES ('2234_19', 0, 'What do you feel about sharing your wisdom?', NULL, NULL, 'open');
INSERT INTO `cardExtra` (cardId, type, serial, content) VALUES ('2234_19', 0, 1, 'Happy');
INSERT INTO `cardExtra` (cardId, type, serial, content) VALUES ('2234_19', 0, 2, 'Bad');
INSERT INTO `cardExtra` (cardId, type, serial, content) VALUES ('2234_19', 0, 3, 'Mad');
INSERT INTO `cardExtra` (cardId, type, serial, content) VALUES ('2234_19', 0, 4, 'Greedy');
INSERT INTO `card` (id, type, title, header, content, option) VALUES ('22000', 2, 'Anansi, the Crows, and the Crocodiles', 'assets/topic/asb/946.png', 'Ghanaian folktale
Wiehan de Jager', 'FFF4E1B5');
INSERT INTO `card` (id, type, title, header, content, option) VALUES ('22000_3', 3, NULL, 'assets/topic/asb/2078.png', 'One day there was a great famine in the land. No one had anything to eat except the crows. Each morning they flew a long distance to where there was a tree with ripe figs in the middle of a wide river. Then they flew back with the figs for themselves and their relatives. The sight of so many figs made Anansi''s mouth water. How could he get them for himself?', NULL);
INSERT INTO `card` (id, type, title, header, content, option) VALUES ('22000_4', 3, NULL, 'assets/topic/asb/947.png', 'He thought of a plan. He carefully covered his bottom with sticky beeswax. Then he took a piece of clay pot and went to see the crows. "Please could you help me?" he asked. "I need a live coal to get my fire going again." As they were getting the coal from the fire,  Anansi carefully sat firmly on one of the largest figs,  so that it would stick to his bottom. He thanked the crows,  and hurried home to enjoy the fig.', NULL);
INSERT INTO `card` (id, type, title, header, content, option) VALUES ('22000_5', 3, NULL, 'assets/topic/asb/1996.png', 'But one fig wasn''t enough for him. He went back a second time,  and did the same. When he went back a third time,  the crows began to get suspicious. "Why do you keep coming back to us to get a coal?" they said. Anansi answered,  "Every time when I get home,  the coal has burnt out." "You''re lying!" said the crows. "You just want our food!" "That''s not true," said Anansi. And he started crying.', NULL);
INSERT INTO `card` (id, type, title, header, content, option) VALUES ('22000_6', 3, NULL, 'assets/topic/asb/2077.png', 'The crows felt sorry for him. The next morning at first light,  each crow gave him a feather. He flew with them to the fig tree in the middle of the wide river. When he saw the luscious figs,  Anansi wanted them all for himself. Each time a crow tried to pick a fig,  he shouted out,  "That one is mine! I saw it first!" And then he took the fig and put it into his bag. Eventually he had all the figs and the crows had none.', NULL);
INSERT INTO `card` (id, type, title, header, content, option) VALUES ('22000_7', 3, NULL, 'assets/topic/asb/949.png', 'He was left all alone as the darkness began to fall. "If I don''t want to stay in this tree for the rest of my life," he said to himself,  "I''ll just have to jump into the air like the crows." So he took a deep breath,  jumped,  andPLOP! He fell into the river right among the crocodiles.', NULL);
INSERT INTO `card` (id, type, title, header, content, option) VALUES ('22000_8', 3, NULL, 'assets/topic/asb/952.png', '"What do we have here?" said a gruff crocodile voice. "A tasty morsel to eat,  nyum" "Oh please don''t," said Anansi. And he began to cry. "I''m one of you,  don''t you know? I got lost in the days of your grandfathers and no one was able to find me. You''re the first of my relatives I''ve ever met!" He cried so much that the crocodiles felt sorry for him.', NULL);
INSERT INTO `card` (id, type, title, header, content, option) VALUES ('22000_9', 3, NULL, 'assets/topic/asb/951.png', 'The oldest crocodile said,  "We''ll know you''re one of us if you can eat and enjoy mud soup just like we do." They gave him a pot of dirty brown water. "Just like my grandmother used to make it!" Anansi said. But he made a hole in the ground with his back foot,  and a hole in the pot with his front foot. As he pretended to drink the soup,  it oozed down through the pot into the hole beneath his feet.', NULL);
INSERT INTO `card` (id, type, title, header, content, option) VALUES ('22000_10', 3, NULL, 'assets/topic/asb/2079.png', '"Delicious!" he exclaimed,  giving back the empty pot. "Now we know you are definitely one of us," the crocodiles said. So they allowed Anansi to sleep in their hole with them for the night. "Tomorrow morning I''ll tell you the story of my life," said Anansi as they fell asleep.', NULL);
INSERT INTO `card` (id, type, title, header, content, option) VALUES ('22000_11', 3, NULL, 'assets/topic/asb/948.png', 'Early the next morning,  before first light,  Anansi woke up one of the crocodiles. "I want to go and fetch my wife and children from across the river,  so that they can help me tell my story. Will you help me before the others wake up?" he asked the crocodile.', NULL);
INSERT INTO `card` (id, type, title, header, content, option) VALUES ('22000_12', 3, NULL, 'assets/topic/asb/953.png', 'The crocodile was grumpy at being woken up so early. "Please help me! You swim much faster than I do," Anansi said. The crocodile agreed,  and Anansi rode on his back to the bank of the river. He climbed off quickly. "I''ll be back soon! Don''t go away!" Anansi said,  as he disappeared through the grass.', NULL);
INSERT INTO `card` (id, type, title, header, content, option) VALUES ('22000_13', 3, NULL, 'assets/topic/asb/1995.png', 'As far as we know,  the crocodile is waiting for him still,  with just his long snout and his beady eyes above the surface of the river.', NULL);
INSERT INTO `card` (id, type, title, header, content, option) VALUES ('22000_14', 3, NULL, NULL, 'You are free to download, copy, translate or adapt this story and use the illustrations as long as you attribute in the following way:
Anansi, the Crows, and the Crocodiles
Author -
Ghanaian folktale
Illustration -
Wiehan de Jager
Language -
English
Level -
Longer paragraphs
© African Storybook Initiative 2014
Creative Commons: Attribution 4.0
Source
www.africanstorybook.org', NULL);
INSERT INTO `card` (id, type, title, header, content, option) VALUES ('22000_15', 1, 'Draw a crocodile', 'assets/topic/22000.svg', NULL, NULL);
INSERT INTO `cardExtra` (cardId, type, serial, content) VALUES ('22000_15', 2, 1, 'assets/topic/22000.svg');
INSERT INTO `card` (id, type, title, header, content, option) VALUES ('22000_16', 0, 'What fruit did the crow eat?', NULL, NULL, 'oneAtATime');
INSERT INTO `cardExtra` (cardId, type, serial, content) VALUES ('22000_16', 1, 1, 'Fig');
INSERT INTO `cardExtra` (cardId, type, serial, content) VALUES ('22000_16', 0, 1, 'Grapes');
INSERT INTO `cardExtra` (cardId, type, serial, content) VALUES ('22000_16', 0, 2, 'Apple');
INSERT INTO `cardExtra` (cardId, type, serial, content) VALUES ('22000_16', 0, 3, 'Banana');
INSERT INTO `card` (id, type, title, header, content, option) VALUES ('22000_21', 0, 'On whom did Anansi rode till the river bank.', NULL, NULL, 'oneAtATime');
INSERT INTO `cardExtra` (cardId, type, serial, content) VALUES ('22000_21', 1, 1, 'Crocodile');
INSERT INTO `cardExtra` (cardId, type, serial, content) VALUES ('22000_21', 0, 1, 'Monkey');
INSERT INTO `cardExtra` (cardId, type, serial, content) VALUES ('22000_21', 0, 2, 'Donkey');
INSERT INTO `cardExtra` (cardId, type, serial, content) VALUES ('22000_21', 0, 3, 'Ant');
INSERT INTO `card` (id, type, title, header, content, option) VALUES ('22000_26', 0, 'Which animal would you like to ride?', NULL, NULL, 'open');
INSERT INTO `cardExtra` (cardId, type, serial, content) VALUES ('22000_26', 0, 1, 'Zebra');
INSERT INTO `cardExtra` (cardId, type, serial, content) VALUES ('22000_26', 0, 2, 'Horse');
INSERT INTO `cardExtra` (cardId, type, serial, content) VALUES ('22000_26', 0, 3, 'Lion');
INSERT INTO `cardExtra` (cardId, type, serial, content) VALUES ('22000_26', 0, 4, 'Bison');
INSERT INTO `card` (id, type, title, header, content, option) VALUES ('21995', 2, 'Anansi and Vulture', 'assets/topic/asb/166.png', 'Ghanaian folktale
 Wiehan de Jager', 'FF9DEDE3');
INSERT INTO `card` (id, type, title, header, content, option) VALUES ('21995_3', 3, NULL, 'assets/topic/asb/157.png', 'Anansi the Spider and Rabbit were friends. They lived in a peaceful village in the mountains. Rabbit owned a big farm with lots of vegetables and fruit. Even though Rabbit shared generously with his friend,  Anansi was unhappy and jealous.', NULL);
INSERT INTO `card` (id, type, title, header, content, option) VALUES ('21995_4', 3, NULL, 'assets/topic/asb/158.png', 'So Anansi thought of a clever plan to take over Rabbit''s farm. Soon Rabbit was left poor and homeless. Anansi was the proud owner of all Rabbit''s land,  vegetables,  and fruit.', NULL);
INSERT INTO `card` (id, type, title, header, content, option) VALUES ('21995_5', 3, NULL, 'assets/topic/asb/159.png', 'Anansi went to the market to sell his fruit and vegetables. He made so much money that he filled a big basket with it! With some of the money,  he bought maize for his family,  and put it on top of the money in the basket.', NULL);
INSERT INTO `card` (id, type, title, header, content, option) VALUES ('21995_6', 3, NULL, 'assets/topic/asb/160.png', 'Anansi happily headed home with his basket on his head,  singing. He was thinking about all the things he was going to buy with his money.', NULL);
INSERT INTO `card` (id, type, title, header, content, option) VALUES ('21995_7', 3, NULL, 'assets/topic/asb/161.png', 'On the way it started to drizzle. Soon the drizzle turned into a heavy downpour. Anansi the Spider left his basket on the side of the road to shelter under a tree. But from there he kept a close watch on his precious basket.', NULL);
INSERT INTO `card` (id, type, title, header, content, option) VALUES ('21995_8', 3, NULL, 'assets/topic/asb/162.png', 'It started to rain even more heavily,  and Anansi was getting cold and wet. So he ran into a hole. "I will stay in this hole until the rain stops," said Anansi to himself. "At least my money is protected by the maize I put on top of it."', NULL);
INSERT INTO `card` (id, type, title, header, content, option) VALUES ('21995_9', 3, NULL, 'assets/topic/asb/163.png', 'A little while later,  Vulture was flying around and spotted the basket on the side of the road. He saw that there was money and maize in the basket. So he covered the basket with his wings and waited for the rain to stop.', NULL);
INSERT INTO `card` (id, type, title, header, content, option) VALUES ('21995_10', 3, NULL, 'assets/topic/asb/164.png', 'Anansi saw Vulture sitting on his basket. "Oh thank you,  my friend,  for protecting my basket," he said to the Vulture. "Excuse me,  Anansi,  did I hear you right?" asked Vulture. "Your basket? This basket is mine! I found it here on the road side!" Anansi could not believe his ears! "It''s mine,  I tell you!"', NULL);
INSERT INTO `card` (id, type, title, header, content, option) VALUES ('21995_11', 3, NULL, 'assets/topic/asb/166.png', 'Furious,  Anansi went and reported the theft to the chief. But Vulture said to the chief and his elders,  "How could anyone leave a basket full of money and maize unguarded on the road?" "But I was watching my basket," said Anansi. "It''s my money and my maize!" "I was looking after the basket when you came and said it was yours!" replied Vulture.', NULL);
INSERT INTO `card` (id, type, title, header, content, option) VALUES ('21995_12', 3, NULL, 'assets/topic/asb/165.png', 'When the chief and his elders had listened carefully to both sides,  they sent Anansi and Vulture away. They discussed the story for a long time. Eventually they reached a decision.', NULL);
INSERT INTO `card` (id, type, title, header, content, option) VALUES ('21995_13', 3, NULL, 'assets/topic/asb/168.png', 'They summoned Anansi and the Vulture again. "We believe Vulture''s story," they said. "He is not the thief. You were trying to claim something that was not yours." Anansi could not believe his ears! He burst into tears.', NULL);
INSERT INTO `card` (id, type, title, header, content, option) VALUES ('21995_14', 3, NULL, 'assets/topic/asb/167.png', 'The news soon spread that the judgement had gone against Anansi. As he walked away,  he heard Rabbit laughing and laughing. Rabbit went back to his farm and grew fruit and vegetables. But Anansi was poor again,  with no friends.', NULL);
INSERT INTO `card` (id, type, title, header, content, option) VALUES ('21995_15', 3, NULL, NULL, 'You are free to download, copy, translate or adapt this story and use the illustrations as long as you attribute in the following way:
Anansi and Vulture
Author -
Ghanaian folktale
Illustration -
Wiehan de Jager
Language -
English
Level -
Longer paragraphs
© African Storybook Initiative 2014
Creative Commons: Attribution 4.0
Source
www.africanstorybook.org', NULL);
INSERT INTO `card` (id, type, title, header, content, option) VALUES ('21995_16', 1, 'Draw a farm and decorate it.', 'assets/topic/21995.svg', NULL, NULL);
INSERT INTO `cardExtra` (cardId, type, serial, content) VALUES ('21995_16', 2, 1, 'assets/topic/21995.svg');
INSERT INTO `card` (id, type, title, header, content, option) VALUES ('21995_17', 0, 'What did Anansi take over from Rabit?', NULL, NULL, 'oneAtATime');
INSERT INTO `cardExtra` (cardId, type, serial, content) VALUES ('21995_17', 1, 1, 'Big farm');
INSERT INTO `cardExtra` (cardId, type, serial, content) VALUES ('21995_17', 0, 1, 'Big basket');
INSERT INTO `cardExtra` (cardId, type, serial, content) VALUES ('21995_17', 0, 2, 'Big pot');
INSERT INTO `cardExtra` (cardId, type, serial, content) VALUES ('21995_17', 0, 3, 'Big tree');
INSERT INTO `card` (id, type, title, header, content, option) VALUES ('21995_22', 0, 'What was in the basket that vulture took away?', NULL, NULL, 'oneAtATime');
INSERT INTO `cardExtra` (cardId, type, serial, content) VALUES ('21995_22', 1, 1, 'Money');
INSERT INTO `cardExtra` (cardId, type, serial, content) VALUES ('21995_22', 0, 1, 'Honey');
INSERT INTO `cardExtra` (cardId, type, serial, content) VALUES ('21995_22', 0, 2, 'Egg');
INSERT INTO `cardExtra` (cardId, type, serial, content) VALUES ('21995_22', 0, 3, 'Camel');
INSERT INTO `card` (id, type, title, header, content, option) VALUES ('21995_27', 0, 'What would you like to name Anansi?', NULL, NULL, 'open');
INSERT INTO `cardExtra` (cardId, type, serial, content) VALUES ('21995_27', 0, 1, 'Cheater');
INSERT INTO `cardExtra` (cardId, type, serial, content) VALUES ('21995_27', 0, 2, 'Unworthy');
INSERT INTO `cardExtra` (cardId, type, serial, content) VALUES ('21995_27', 0, 3, 'Good friend');
INSERT INTO `cardExtra` (cardId, type, serial, content) VALUES ('21995_27', 0, 4, 'Kind heart');
INSERT INTO `card` (id, type, title, header, content, option) VALUES ('22806', 2, 'The one who loves me, knows what I love', 'assets/topic/asb/1196.png', 'Palmesi Katangambo
Natalie Propa, Rob Owen and Wiehan de Jager', 'FFB3C8FF');
INSERT INTO `card` (id, type, title, header, content, option) VALUES ('22806_3', 3, NULL, 'assets/topic/asb/19837.png', 'Once upon a time, there was a king.
He used to have three wives, they lived in a village called Nuru.', NULL);
INSERT INTO `card` (id, type, title, header, content, option) VALUES ('22806_4', 3, NULL, 'assets/topic/asb/17604.png', 'One day, the king called his wives and said, "My beloved wives, today I would like to have a delicious meal.
The ones who is going to cook more delicious food than others, will win a great prize."', NULL);
INSERT INTO `card` (id, type, title, header, content, option) VALUES ('22806_5', 3, NULL, 'assets/topic/asb/9495.png', 'One of his wives went to the market and bought some beef and spices.
When she came back home she began to cook what she thought to be delicious.', NULL);
INSERT INTO `card` (id, type, title, header, content, option) VALUES ('22806_6', 3, NULL, 'assets/topic/asb/14032.png', 'Another wife went to a different market. And bought the meat of wild animal with so many spices.
This one also returned home to cook.', NULL);
INSERT INTO `card` (id, type, title, header, content, option) VALUES ('22806_7', 3, NULL, 'assets/topic/asb/10066.png', 'The last wife woke up and went to pay a visit to the king''s mother. She was told to prepare tradition dish without putting oil,or any modern spice.', NULL);
INSERT INTO `card` (id, type, title, header, content, option) VALUES ('22806_8', 3, NULL, 'assets/topic/asb/10069.png', 'The third wife went in the garden to look for different stuff in order to prepare traditional food.', NULL);
INSERT INTO `card` (id, type, title, header, content, option) VALUES ('22806_9', 3, NULL, 'assets/topic/asb/17605.png', 'The king together with his friends, reached to his wives who cooked meat. However, the king was not happy with what was prepared. Then they decided to go to the one who prepared traditional food.', NULL);
INSERT INTO `card` (id, type, title, header, content, option) VALUES ('22806_10', 3, NULL, 'assets/topic/asb/10074.png', 'The king was tremendously happy with that food, because he loved it. Finally he appointed her_ the third wife, to be the queen of his kingdom. From then, that woman became respectful in the entire neighborhood. It''s because she knew the ways of pleasing THE KING.', NULL);
INSERT INTO `card` (id, type, title, header, content, option) VALUES ('22806_11', 3, NULL, NULL, 'You are free to download, copy, translate or adapt this story and use the illustrations as long as you attribute in the following way:
The one who loves me, knows what I love
Author -
palmesi katangambo
Translation -
Palmesi Katangambo
Illustration -
Natalie Propa, Rob Owen and Wiehan de Jager
Language -
English
Level -
First paragraphs
© African Storybook Initiative 2018
Creative Commons: Attribution 4.0
Source
www.africanstorybook.org
Original source
Palmesi Katangambo', NULL);
INSERT INTO `card` (id, type, title, header, content, option) VALUES ('22806_12', 1, 'Draw a palace.', 'assets/topic/22806.svg', NULL, NULL);
INSERT INTO `cardExtra` (cardId, type, serial, content) VALUES ('22806_12', 2, 1, 'assets/topic/22806.svg');
INSERT INTO `card` (id, type, title, header, content, option) VALUES ('22806_13', 0, 'How many wives did the king have?', NULL, NULL, 'oneAtATime');
INSERT INTO `cardExtra` (cardId, type, serial, content) VALUES ('22806_13', 1, 1, 'Three');
INSERT INTO `cardExtra` (cardId, type, serial, content) VALUES ('22806_13', 0, 1, 'Two');
INSERT INTO `cardExtra` (cardId, type, serial, content) VALUES ('22806_13', 0, 2, 'One');
INSERT INTO `cardExtra` (cardId, type, serial, content) VALUES ('22806_13', 0, 3, 'Four');
INSERT INTO `card` (id, type, title, header, content, option) VALUES ('22806_18', 0, 'The king appoined third wife to be the king.', NULL, NULL, 'oneAtATime');
INSERT INTO `cardExtra` (cardId, type, serial, content) VALUES ('22806_18', 1, 1, 'True.');
INSERT INTO `cardExtra` (cardId, type, serial, content) VALUES ('22806_18', 0, 1, 'False.');
INSERT INTO `card` (id, type, title, header, content, option) VALUES ('22806_21', 0, 'What did king feel when he had food made by third wife?', NULL, NULL, 'oneAtATime');
INSERT INTO `cardExtra` (cardId, type, serial, content) VALUES ('22806_21', 1, 1, 'Happy');
INSERT INTO `cardExtra` (cardId, type, serial, content) VALUES ('22806_21', 0, 1, 'Angry');
INSERT INTO `cardExtra` (cardId, type, serial, content) VALUES ('22806_21', 0, 2, 'Upset');
INSERT INTO `cardExtra` (cardId, type, serial, content) VALUES ('22806_21', 0, 3, 'Mad');
INSERT INTO `card` (id, type, title, header, content, option) VALUES ('22806_26', 0, 'What do you like to eat?', NULL, NULL, 'open');
INSERT INTO `cardExtra` (cardId, type, serial, content) VALUES ('22806_26', 0, 1, 'Chapati');
INSERT INTO `cardExtra` (cardId, type, serial, content) VALUES ('22806_26', 0, 2, 'Rice');
INSERT INTO `cardExtra` (cardId, type, serial, content) VALUES ('22806_26', 0, 3, 'Chicken');
INSERT INTO `cardExtra` (cardId, type, serial, content) VALUES ('22806_26', 0, 4, 'Fruit');
INSERT INTO `card` (id, type, title, header, content, option) VALUES ('21817', 2, 'Forest of snakes', 'assets/topic/asb/10763.png', 'Joseph Sanchez Nadimo
Rob Owen', 'FF9DEDE3');
INSERT INTO `card` (id, type, title, header, content, option) VALUES ('21817_3', 3, NULL, 'assets/topic/asb/10763.png', 'Sinyaire village was surrounded by hills. Many snakes lived in the forest on those hills. The biggest snake was called Unyalego by the villagers. Unyalego scared many people. It swallowed whole goats and sheep.', NULL);
INSERT INTO `card` (id, type, title, header, content, option) VALUES ('21817_4', 3, NULL, 'assets/topic/asb/10765.png', 'One day, three sisters, Apiyo, Ajoh and Atieno went to the forest to fetch firewood. The girls'' grandmother warned, "Beware of Unyalego the big snake. Do not take anything from the forest except the wood."  Only Ajoh did not pay attention to her grandmother.', NULL);
INSERT INTO `card` (id, type, title, header, content, option) VALUES ('21817_5', 3, NULL, 'assets/topic/asb/10766.png', 'The girls packed milk, bananas, sweet potatoes and water. They took ropes for tying firewood and a sharp machete for chopping the wood. Then they left for the forest.', NULL);
INSERT INTO `card` (id, type, title, header, content, option) VALUES ('21817_6', 3, NULL, 'assets/topic/asb/10767.png', 'On the way, the sisters chatted and laughed. Suddenly,  Apiyo, the eldest of them, said, "Be quiet. We are coming to where Unyalego the snake lives."', NULL);
INSERT INTO `card` (id, type, title, header, content, option) VALUES ('21817_7', 3, NULL, 'assets/topic/asb/10769.png', 'Atieno called to the others, "Look, here are Unyalego''s golden teeth. Let us take them."  Apiyo reminded them, "Don''t forget grandmother''s warning. We must not take anything from the forest except firewood."', NULL);
INSERT INTO `card` (id, type, title, header, content, option) VALUES ('21817_8', 3, NULL, 'assets/topic/asb/10770.png', 'Ajoh said, "I don''t trust grandmother. She said that to stop us having what we want. I want the golden teeth." Her sisters were worried, but Ajoh did not care.', NULL);
INSERT INTO `card` (id, type, title, header, content, option) VALUES ('21817_9', 3, NULL, 'assets/topic/asb/10771.png', 'At that moment Unyalego came looking for his golden teeth. He was furious when he could not find the teeth. Then Unyalego heard the girls chatting and laughing. He hid under a rock next to the road where the girls would pass on their way back.', NULL);
INSERT INTO `card` (id, type, title, header, content, option) VALUES ('21817_10', 3, NULL, 'assets/topic/asb/10772.png', 'The sisters were going home carrying their firewood. Suddenly, they heard, "Hssssss!" There was Unyalego with his mouth wide open, ready to bite. The girls were terrified.', NULL);
INSERT INTO `card` (id, type, title, header, content, option) VALUES ('21817_11', 3, NULL, 'assets/topic/asb/10773.png', 'Unyalego asked the girls, "Who took my golden teeth?" No one answered. Unyalego decided to test the girls. "Whoever is innocent,  will be able to sing well. She will go home with her wood. But the guilty one will sing badly. And I will eat her!"', NULL);
INSERT INTO `card` (id, type, title, header, content, option) VALUES ('21817_12', 3, NULL, 'assets/topic/asb/10774.png', 'Apiyo started to sing with a clear voice, "It was not me,  it was not me who took the teeth. The one who took is still behind." Then Atieno sang the song. She also sang well.', NULL);
INSERT INTO `card` (id, type, title, header, content, option) VALUES ('21817_13', 3, NULL, 'assets/topic/asb/10775.png', 'Lastly, it was Ajoh''s turn. She was scared. She started singing. It  sounded terrible and the words were wrong. Unyalego shouted, "Can''t you sing properly like the others?" Unyalego knew that Ajoh took his golden teeth.', NULL);
INSERT INTO `card` (id, type, title, header, content, option) VALUES ('21817_14', 3, NULL, 'assets/topic/asb/10776.png', 'Unyalego opened his huge jaws and swallowed Ajoh. Her sisters ran back to the village. They told everyone the story of what happened. "I warned her, if only she had listened," the girls'' grandmother said sadly.', NULL);
INSERT INTO `card` (id, type, title, header, content, option) VALUES ('21817_15', 3, NULL, NULL, 'You are free to download, copy, translate or adapt this story and use the illustrations as long as you attribute in the following way:
Forest of snakes
Author -
Joseph Sanchez Nadimo
Illustration -
Rob Owen
Language -
English
Level -
Longer paragraphs
© African Storybook Initiative 2015
Creative Commons: Attribution 4.0
Source
www.africanstorybook.org', NULL);
INSERT INTO `card` (id, type, title, header, content, option) VALUES ('21817_16', 1, 'Draw Unyalego big snake with two golden teeth.', 'assets/topic/21817.svg', NULL, NULL);
INSERT INTO `cardExtra` (cardId, type, serial, content) VALUES ('21817_16', 2, 1, 'assets/topic/21817.svg');
INSERT INTO `card` (id, type, title, header, content, option) VALUES ('21817_17', 0, 'Unyalego is a name of which animal?', NULL, NULL, 'oneAtATime');
INSERT INTO `cardExtra` (cardId, type, serial, content) VALUES ('21817_17', 1, 1, 'Snake');
INSERT INTO `cardExtra` (cardId, type, serial, content) VALUES ('21817_17', 0, 1, 'Monkey');
INSERT INTO `cardExtra` (cardId, type, serial, content) VALUES ('21817_17', 0, 2, 'Honey bee');
INSERT INTO `cardExtra` (cardId, type, serial, content) VALUES ('21817_17', 0, 3, 'Zebra');
INSERT INTO `card` (id, type, title, header, content, option) VALUES ('21817_22', 0, 'Unyalego is having golden teeth.', NULL, NULL, 'oneAtATime');
INSERT INTO `cardExtra` (cardId, type, serial, content) VALUES ('21817_22', 1, 1, 'True.');
INSERT INTO `cardExtra` (cardId, type, serial, content) VALUES ('21817_22', 0, 1, 'False.');
INSERT INTO `card` (id, type, title, header, content, option) VALUES ('21817_25', 0, 'What do you think Unyalego was?', NULL, NULL, 'open');
INSERT INTO `cardExtra` (cardId, type, serial, content) VALUES ('21817_25', 0, 1, 'Kind');
INSERT INTO `cardExtra` (cardId, type, serial, content) VALUES ('21817_25', 0, 2, 'Clever');
INSERT INTO `cardExtra` (cardId, type, serial, content) VALUES ('21817_25', 0, 3, 'Cruel');
INSERT INTO `cardExtra` (cardId, type, serial, content) VALUES ('21817_25', 0, 4, 'Foolish');
INSERT INTO `card` (id, type, title, header, content, option) VALUES ('24734', 2, 'Whoever doesn''t obey elders', 'assets/topic/asb/27127.png', 'Yakubu Aliyu Malumri
Kenneth Boyowa Okitikpi', 'FFCFB5DD');
INSERT INTO `card` (id, type, title, header, content, option) VALUES ('24734_3', 3, NULL, 'assets/topic/asb/27118.png', 'Once upon a time, there was a boy called Jallo.
Jallo was very disobedient to his parents.
People knew that this child behaved badly.', NULL);
INSERT INTO `card` (id, type, title, header, content, option) VALUES ('24734_4', 3, NULL, 'assets/topic/asb/27119.png', 'One day Jallo and his mother went to visit their relatives in the village.
Before they left to return home, their relatives gave them a gift.', NULL);
INSERT INTO `card` (id, type, title, header, content, option) VALUES ('24734_5', 3, NULL, 'assets/topic/asb/27120.png', 'They took Jallo and his mother to the village''s fruit trees, and invited them to take all the fruit that they liked.
Except from the mango tree.', NULL);
INSERT INTO `card` (id, type, title, header, content, option) VALUES ('24734_6', 3, NULL, 'assets/topic/asb/27121.png', 'In the garden, Jallo saw a very big mango tree with many ripe mangoes.', NULL);
INSERT INTO `card` (id, type, title, header, content, option) VALUES ('24734_7', 3, NULL, 'assets/topic/asb/27122.png', 'Jallo was amazed to see so many ripe mangoes. He decided to pick one.', NULL);
INSERT INTO `card` (id, type, title, header, content, option) VALUES ('24734_8', 3, NULL, 'assets/topic/asb/27123.png', 'Although Jallo had been asked not to eat from the mango tree, he did not listen.
He said, "Whatever happens, let it happen, I want to eat this mango."', NULL);
INSERT INTO `card` (id, type, title, header, content, option) VALUES ('24734_9', 3, NULL, 'assets/topic/asb/27124.png', 'Jallo''s mother warned him again. But he refused to obey her.', NULL);
INSERT INTO `card` (id, type, title, header, content, option) VALUES ('24734_10', 3, NULL, 'assets/topic/asb/27125.png', 'On eating the mango, his stomach suddenly started rumbling.', NULL);
INSERT INTO `card` (id, type, title, header, content, option) VALUES ('24734_11', 3, NULL, 'assets/topic/asb/27126.png', 'Jallo felt unwell. He started crying.
His head started to swell.', NULL);
INSERT INTO `card` (id, type, title, header, content, option) VALUES ('24734_12', 3, NULL, 'assets/topic/asb/27127.png', 'Then, a mango tree grew out of his head!
Jallo became a mango tree.', NULL);
INSERT INTO `card` (id, type, title, header, content, option) VALUES ('24734_13', 3, NULL, 'assets/topic/asb/27128.png', 'Since that time, whenever someone touches the branches of that mango tree, it sings a song.
The tree sings, "Whoever doesn''t obey the elders, will regret. I made Jallo an example."', NULL);
INSERT INTO `card` (id, type, title, header, content, option) VALUES ('24734_14', 3, NULL, NULL, 'That''s how it is, and why wise people say, "Whoever refuses to listen to the elders, ends up regretting it."', NULL);
INSERT INTO `card` (id, type, title, header, content, option) VALUES ('24734_15', 3, NULL, NULL, 'You are free to download, copy, translate or adapt this story and use the illustrations as long as you attribute in the following way:
Whoever doesn''t obey elders
Author -
Yakubu Aliyu Malumri
Translation -
Yakubu Aliyu Malumri
Illustration -
Kenneth Boyowa Okitikpi
Language -
English
Level -
First paragraphs
© African Storybook Initiative 2018
Creative Commons: Attribution 4.0
Source
www.africanstorybook.org', NULL);
INSERT INTO `card` (id, type, title, header, content, option) VALUES ('24734_16', 1, 'Draw a mango tree.', 'assets/topic/24734.svg', NULL, NULL);
INSERT INTO `cardExtra` (cardId, type, serial, content) VALUES ('24734_16', 2, 1, 'assets/topic/24734.svg');
INSERT INTO `card` (id, type, title, header, content, option) VALUES ('24734_17', 0, 'Jallo was very disobedient to his parents.', NULL, NULL, 'oneAtATime');
INSERT INTO `cardExtra` (cardId, type, serial, content) VALUES ('24734_17', 1, 1, 'True.');
INSERT INTO `cardExtra` (cardId, type, serial, content) VALUES ('24734_17', 0, 1, 'False.');
INSERT INTO `card` (id, type, title, header, content, option) VALUES ('24734_20', 0, 'Jallo became mango tree.', NULL, NULL, 'oneAtATime');
INSERT INTO `cardExtra` (cardId, type, serial, content) VALUES ('24734_20', 1, 1, 'True.');
INSERT INTO `cardExtra` (cardId, type, serial, content) VALUES ('24734_20', 0, 1, 'False.');
INSERT INTO `card` (id, type, title, header, content, option) VALUES ('24734_23', 0, 'Jallo did not listen to his mother because Jallo was?', NULL, NULL, 'oneAtATime');
INSERT INTO `cardExtra` (cardId, type, serial, content) VALUES ('24734_23', 1, 1, 'Disobedient');
INSERT INTO `cardExtra` (cardId, type, serial, content) VALUES ('24734_23', 0, 1, 'Obedient');
INSERT INTO `cardExtra` (cardId, type, serial, content) VALUES ('24734_23', 0, 2, 'Greedy');
INSERT INTO `cardExtra` (cardId, type, serial, content) VALUES ('24734_23', 0, 3, 'Clever');
INSERT INTO `card` (id, type, title, header, content, option) VALUES ('24734_28', 0, 'How do you behave with elders?', NULL, NULL, 'open');
INSERT INTO `cardExtra` (cardId, type, serial, content) VALUES ('24734_28', 0, 1, 'Obedient');
INSERT INTO `cardExtra` (cardId, type, serial, content) VALUES ('24734_28', 0, 2, 'Disobedient');
INSERT INTO `cardExtra` (cardId, type, serial, content) VALUES ('24734_28', 0, 3, 'Talkative');
INSERT INTO `cardExtra` (cardId, type, serial, content) VALUES ('24734_28', 0, 4, 'Rude');
INSERT INTO `card` (id, type, title, header, content, option) VALUES ('30269', 2, 'Where Is...?', 'assets/topic/asb/26677.png', 'Little Zebra Books
Leo Daly and Magriet Brink', 'FF9DEDE3');
INSERT INTO `card` (id, type, title, header, content, option) VALUES ('30269_3', 3, NULL, 'assets/topic/asb/26675.png', 'Where is the ant?', NULL);
INSERT INTO `card` (id, type, title, header, content, option) VALUES ('30269_4', 3, NULL, 'assets/topic/asb/26676.png', 'Where is the snail?', NULL);
INSERT INTO `card` (id, type, title, header, content, option) VALUES ('30269_5', 3, NULL, 'assets/topic/asb/26677.png', 'Where is the mouse?', NULL);
INSERT INTO `card` (id, type, title, header, content, option) VALUES ('30269_6', 3, NULL, 'assets/topic/asb/26678.png', 'Where is the bird?', NULL);
INSERT INTO `card` (id, type, title, header, content, option) VALUES ('30269_7', 3, NULL, 'assets/topic/asb/26679.png', 'Where is the lizard?', NULL);
INSERT INTO `card` (id, type, title, header, content, option) VALUES ('30269_8', 3, NULL, 'assets/topic/asb/26680.png', 'Where is the cat?', NULL);
INSERT INTO `card` (id, type, title, header, content, option) VALUES ('30269_9', 3, NULL, 'assets/topic/asb/26681.png', 'Where is the chicken?', NULL);
INSERT INTO `card` (id, type, title, header, content, option) VALUES ('30269_10', 3, NULL, 'assets/topic/asb/26682.png', 'Where is the dog?', NULL);
INSERT INTO `card` (id, type, title, header, content, option) VALUES ('30269_11', 3, NULL, 'assets/topic/asb/26683.png', 'Where is the pig?', NULL);
INSERT INTO `card` (id, type, title, header, content, option) VALUES ('30269_12', 3, NULL, 'assets/topic/asb/26684.png', 'Where is the goat?', NULL);
INSERT INTO `card` (id, type, title, header, content, option) VALUES ('30269_13', 3, NULL, 'assets/topic/asb/26686.png', NULL, NULL);
INSERT INTO `card` (id, type, title, header, content, option) VALUES ('30269_14', 3, NULL, NULL, 'You are free to download, copy, translate or adapt this story and use the illustrations as long as you attribute in the following way:
Where Is...?
Author -
Little Zebra Books
Illustration -
Leo Daly and Magriet Brink
Language -
English
Level -
First sentences
© African Storybook Initiative 2018
Creative Commons: Attribution 4.0
Source
www.africanstorybook.org', NULL);
INSERT INTO `card` (id, type, title, header, content, option) VALUES ('30269_15', 1, 'Draw any one animal listed in above story and decorate it.', 'assets/topic/30269.svg', NULL, NULL);
INSERT INTO `cardExtra` (cardId, type, serial, content) VALUES ('30269_15', 2, 1, 'assets/topic/30269.svg');
INSERT INTO `card` (id, type, title, header, content, option) VALUES ('30269_16', 0, 'Choose the correct word.', NULL, NULL, 'oneAtATime');
INSERT INTO `cardExtra` (cardId, type, serial, content) VALUES ('30269_16', 1, 1, 'Crocodile');
INSERT INTO `cardExtra` (cardId, type, serial, content) VALUES ('30269_16', 0, 1, 'Crocodial');
INSERT INTO `cardExtra` (cardId, type, serial, content) VALUES ('30269_16', 0, 2, 'Codile');
INSERT INTO `cardExtra` (cardId, type, serial, content) VALUES ('30269_16', 0, 3, 'codole');
INSERT INTO `card` (id, type, title, header, content, option) VALUES ('30269_21', 0, 'Match the images with their names', NULL, NULL, 'pair');
INSERT INTO `cardExtra` (cardId, type, serial, content) VALUES ('30269_21', 1, 1, 'Ant');
INSERT INTO `cardExtra` (cardId, type, serial, content) VALUES ('30269_21', 1, 2, 'Ant');
INSERT INTO `cardExtra` (cardId, type, serial, content) VALUES ('30269_21', 1, 3, 'Lizard');
INSERT INTO `cardExtra` (cardId, type, serial, content) VALUES ('30269_21', 1, 4, 'Lizard');
INSERT INTO `cardExtra` (cardId, type, serial, content) VALUES ('30269_21', 1, 5, 'Bird');
INSERT INTO `cardExtra` (cardId, type, serial, content) VALUES ('30269_21', 1, 6, 'Bird');
INSERT INTO `card` (id, type, title, header, content, option) VALUES ('30269_28', 0, 'What do goats eat?', NULL, NULL, 'open');
INSERT INTO `cardExtra` (cardId, type, serial, content) VALUES ('30269_28', 0, 1, 'Grass');
INSERT INTO `cardExtra` (cardId, type, serial, content) VALUES ('30269_28', 0, 2, 'Mud');
INSERT INTO `cardExtra` (cardId, type, serial, content) VALUES ('30269_28', 0, 3, 'Leaves');
INSERT INTO `cardExtra` (cardId, type, serial, content) VALUES ('30269_28', 0, 4, 'Stick');
INSERT INTO `card` (id, type, title, header, content, option) VALUES ('31354', 2, 'Body', 'assets/topic/asb/26739.png', 'Little Zebra Books
Sue  Beattie', 'FFF4E1B5');
INSERT INTO `card` (id, type, title, header, content, option) VALUES ('31354_3', 3, NULL, 'assets/topic/asb/26749.png', 'Feet', NULL);
INSERT INTO `card` (id, type, title, header, content, option) VALUES ('31354_4', 3, NULL, 'assets/topic/asb/26744.png', 'Legs', NULL);
INSERT INTO `card` (id, type, title, header, content, option) VALUES ('31354_5', 3, NULL, 'assets/topic/asb/26741.png', 'Knees', NULL);
INSERT INTO `card` (id, type, title, header, content, option) VALUES ('31354_6', 3, NULL, 'assets/topic/asb/26747.png', 'Waist', NULL);
INSERT INTO `card` (id, type, title, header, content, option) VALUES ('31354_7', 3, NULL, 'assets/topic/asb/26740.png', 'Belly', NULL);
INSERT INTO `card` (id, type, title, header, content, option) VALUES ('31354_8', 3, NULL, 'assets/topic/asb/26748.png', 'Chest', NULL);
INSERT INTO `card` (id, type, title, header, content, option) VALUES ('31354_9', 3, NULL, 'assets/topic/asb/26742.png', 'Hands', NULL);
INSERT INTO `card` (id, type, title, header, content, option) VALUES ('31354_10', 3, NULL, 'assets/topic/asb/26745.png', 'Arms', NULL);
INSERT INTO `card` (id, type, title, header, content, option) VALUES ('31354_11', 3, NULL, 'assets/topic/asb/26746.png', 'Elbows', NULL);
INSERT INTO `card` (id, type, title, header, content, option) VALUES ('31354_12', 3, NULL, 'assets/topic/asb/26743.png', 'Head', NULL);
INSERT INTO `card` (id, type, title, header, content, option) VALUES ('31354_13', 3, NULL, NULL, 'You are free to download, copy, translate or adapt this story and use the illustrations as long as you attribute in the following way:
Body
Author -
Little Zebra Books
Illustration -
Sue  Beattie
Language -
English
Level -
First words
© African Storybook Initiative 2018
Creative Commons: Attribution 4.0
Source
www.africanstorybook.org', NULL);
INSERT INTO `card` (id, type, title, header, content, option) VALUES ('31354_14', 1, 'Draw any one body part from above story.', 'assets/topic/31354.svg', NULL, NULL);
INSERT INTO `cardExtra` (cardId, type, serial, content) VALUES ('31354_14', 2, 1, 'assets/topic/31354.svg');
INSERT INTO `card` (id, type, title, header, content, option) VALUES ('31354_15', 0, 'Select all the body parts.', NULL, NULL, 'many');
INSERT INTO `cardExtra` (cardId, type, serial, content) VALUES ('31354_15', 1, 1, 'Head');
INSERT INTO `cardExtra` (cardId, type, serial, content) VALUES ('31354_15', 1, 2, 'Hands');
INSERT INTO `cardExtra` (cardId, type, serial, content) VALUES ('31354_15', 1, 3, 'Chest');
INSERT INTO `cardExtra` (cardId, type, serial, content) VALUES ('31354_15', 1, 4, 'Legs');
INSERT INTO `cardExtra` (cardId, type, serial, content) VALUES ('31354_15', 1, 5, 'Shoes');
INSERT INTO `cardExtra` (cardId, type, serial, content) VALUES ('31354_15', 1, 6, 'Cap');
INSERT INTO `card` (id, type, title, header, content, option) VALUES ('31354_22', 0, 'Match image with their name.', NULL, NULL, 'pair');
INSERT INTO `cardExtra` (cardId, type, serial, content) VALUES ('31354_22', 1, 1, 'Head');
INSERT INTO `cardExtra` (cardId, type, serial, content) VALUES ('31354_22', 1, 2, 'Head');
INSERT INTO `cardExtra` (cardId, type, serial, content) VALUES ('31354_22', 1, 3, 'Hand');
INSERT INTO `cardExtra` (cardId, type, serial, content) VALUES ('31354_22', 1, 4, 'Hand');
INSERT INTO `cardExtra` (cardId, type, serial, content) VALUES ('31354_22', 1, 5, 'Stomach');
INSERT INTO `cardExtra` (cardId, type, serial, content) VALUES ('31354_22', 1, 6, 'Stomach');
INSERT INTO `cardExtra` (cardId, type, serial, content) VALUES ('31354_22', 1, 7, 'Leg');
INSERT INTO `cardExtra` (cardId, type, serial, content) VALUES ('31354_22', 1, 8, 'Leg');
INSERT INTO `card` (id, type, title, header, content, option) VALUES ('31354_31', 0, 'What is your favourite body part?', NULL, NULL, 'open');
INSERT INTO `cardExtra` (cardId, type, serial, content) VALUES ('31354_31', 0, 1, 'Head');
INSERT INTO `cardExtra` (cardId, type, serial, content) VALUES ('31354_31', 0, 2, 'Hands');
INSERT INTO `cardExtra` (cardId, type, serial, content) VALUES ('31354_31', 0, 3, 'Belly');
INSERT INTO `cardExtra` (cardId, type, serial, content) VALUES ('31354_31', 0, 4, 'Legs');
INSERT INTO `card` (id, type, title, header, content, option) VALUES ('21143', 2, 'Kidnapped!', 'assets/topic/asb/14751.png', 'Richard Khadambi
Abraham Muzee', 'FF9DEDE3');
INSERT INTO `card` (id, type, title, header, content, option) VALUES ('21143_3', 3, NULL, 'assets/topic/asb/14735.png', 'My friend Kiki and I love to go exploring. We know our neighbourhood well. Every day after school we try to think of a new place to explore.', NULL);
INSERT INTO `card` (id, type, title, header, content, option) VALUES ('21143_4', 3, NULL, 'assets/topic/asb/14736.png', 'When walking home we often cut across the big field near the old railway. Even though Kiki''s father has warned us not to go there. On that day, we noticed a tall man in a black coat walking behind us. But at first we didn''t worry.', NULL);
INSERT INTO `card` (id, type, title, header, content, option) VALUES ('21143_5', 3, NULL, 'assets/topic/asb/14737.png', 'We slowed down to look at the man. His skin was full of pimples. His lips were too small to cover his dark brown teeth. He had a deep scar across half his face. This man was following us!', NULL);
INSERT INTO `card` (id, type, title, header, content, option) VALUES ('21143_6', 3, NULL, 'assets/topic/asb/14738.png', 'We decided to stop and face the stranger. My heart beat so loudly that I thought he could hear it. I stared at him, paying attention to his features and clothes. He did not like the fact that I was looking at him so keenly. He shouted, "What are you looking at, boy?"', NULL);
INSERT INTO `card` (id, type, title, header, content, option) VALUES ('21143_7', 3, NULL, 'assets/topic/asb/14740.png', NULL, NULL);
INSERT INTO `card` (id, type, title, header, content, option) VALUES ('21143_8', 1, 'Draw a coat and decorate it.', 'assets/topic/21143.svg', NULL, NULL);
INSERT INTO `cardExtra` (cardId, type, serial, content) VALUES ('21143_8', 2, 1, 'assets/topic/21143.svg');
INSERT INTO `card` (id, type, title, header, content, option) VALUES ('21143_9', 0, 'Every day after school what do the two friends think of?', NULL, NULL, 'oneAtATime');
INSERT INTO `cardExtra` (cardId, type, serial, content) VALUES ('21143_9', 1, 1, 'Exploring');
INSERT INTO `cardExtra` (cardId, type, serial, content) VALUES ('21143_9', 0, 1, 'Dancing');
INSERT INTO `cardExtra` (cardId, type, serial, content) VALUES ('21143_9', 0, 2, 'playing');
INSERT INTO `cardExtra` (cardId, type, serial, content) VALUES ('21143_9', 0, 3, 'Doing nothing');
INSERT INTO `card` (id, type, title, header, content, option) VALUES ('21143_14', 0, 'What was the tall man wearing?', NULL, NULL, 'oneAtATime');
INSERT INTO `cardExtra` (cardId, type, serial, content) VALUES ('21143_14', 1, 1, 'Black coat');
INSERT INTO `cardExtra` (cardId, type, serial, content) VALUES ('21143_14', 0, 1, 'White coat');
INSERT INTO `cardExtra` (cardId, type, serial, content) VALUES ('21143_14', 0, 2, 'Cap');
INSERT INTO `cardExtra` (cardId, type, serial, content) VALUES ('21143_14', 0, 3, 'Goggles');
INSERT INTO `card` (id, type, title, header, content, option) VALUES ('21143_19', 0, 'Why was the tall man was walking behind them?', NULL, NULL, 'open');
INSERT INTO `cardExtra` (cardId, type, serial, content) VALUES ('21143_19', 0, 1, 'To rob');
INSERT INTO `cardExtra` (cardId, type, serial, content) VALUES ('21143_19', 0, 2, 'To hurt');
INSERT INTO `cardExtra` (cardId, type, serial, content) VALUES ('21143_19', 0, 3, 'To kidnap');
INSERT INTO `cardExtra` (cardId, type, serial, content) VALUES ('21143_19', 0, 4, 'He was calm.');
INSERT INTO `card` (id, type, title, header, content, option) VALUES ('2830', 2, 'Bunty and Bubbly', 'assets/topic/asb/607.png', 'Sorit Gupto
 Sorit Gupto', 'FFF4E1B5');
INSERT INTO `card` (id, type, title, header, content, option) VALUES ('2830_3', 3, NULL, 'assets/topic/asb/607.png', 'Bunty loves to play with butterflies.', NULL);
INSERT INTO `card` (id, type, title, header, content, option) VALUES ('2830_4', 3, NULL, 'assets/topic/asb/612.png', 'And with birds.', NULL);
INSERT INTO `card` (id, type, title, header, content, option) VALUES ('2830_5', 3, NULL, 'assets/topic/asb/608.png', 'She loves to play with paper boats.', NULL);
INSERT INTO `card` (id, type, title, header, content, option) VALUES ('2830_6', 3, NULL, 'assets/topic/asb/610.png', 'She also likes to make sand castles.', NULL);
INSERT INTO `card` (id, type, title, header, content, option) VALUES ('2830_7', 3, NULL, 'assets/topic/asb/609.png', 'When Bunty goes back home,  her mother asks her to clean up. She refuses.', NULL);
INSERT INTO `card` (id, type, title, header, content, option) VALUES ('2830_8', 3, NULL, 'assets/topic/asb/611.png', '"I hate soap!" she screams.', NULL);
INSERT INTO `card` (id, type, title, header, content, option) VALUES ('2830_9', 3, NULL, 'assets/topic/asb/613.png', 'One night,  she has a dream. The germs are all around her castle,  and are attacking her.', NULL);
INSERT INTO `card` (id, type, title, header, content, option) VALUES ('2830_10', 3, NULL, 'assets/topic/asb/614.png', 'Bunty is chased by the germs. She runs for her life and screams,  "Help. Help!"', NULL);
INSERT INTO `card` (id, type, title, header, content, option) VALUES ('2830_11', 3, NULL, 'assets/topic/asb/911.png', 'Suddenly,  Soap King Bubbly appears. "Bunty,  don''t be afraid," he says. "Go attack the germs!" the Soap King orders his army of bubbles.', NULL);
INSERT INTO `card` (id, type, title, header, content, option) VALUES ('2830_12', 3, NULL, 'assets/topic/asb/910.png', 'The army of bubbles chases the germs away.', NULL);
INSERT INTO `card` (id, type, title, header, content, option) VALUES ('2830_13', 3, NULL, 'assets/topic/asb/912.png', 'These days,  Bunty likes to use soap,  and she brushes and scrubs herself clean.', NULL);
INSERT INTO `card` (id, type, title, header, content, option) VALUES ('2830_14', 3, NULL, NULL, 'You are free to download, copy, translate or adapt this story and use the illustrations as long as you attribute in the following way:
Bunty and Bubbly
Author -
Sorit Gupto
Illustration -
Sorit Gupto
Language -
English
Level -
First words
© Pratham Books 2014
Creative Commons: Attribution 4.0
Source
www.africanstorybook.org
Original source
www.prathambooks.org', NULL);
INSERT INTO `card` (id, type, title, header, content, option) VALUES ('2830_15', 1, 'Draw a soap and decorate it.', 'assets/topic/2830.svg', NULL, NULL);
INSERT INTO `cardExtra` (cardId, type, serial, content) VALUES ('2830_15', 2, 1, 'assets/topic/2830.svg');
INSERT INTO `card` (id, type, title, header, content, option) VALUES ('2830_16', 0, 'Select all things that Bunty likes to play with.', NULL, NULL, 'many');
INSERT INTO `cardExtra` (cardId, type, serial, content) VALUES ('2830_16', 1, 1, 'Butterflies');
INSERT INTO `cardExtra` (cardId, type, serial, content) VALUES ('2830_16', 1, 2, 'Birds');
INSERT INTO `cardExtra` (cardId, type, serial, content) VALUES ('2830_16', 1, 3, 'Paper boats');
INSERT INTO `cardExtra` (cardId, type, serial, content) VALUES ('2830_16', 1, 4, 'Sand castle');
INSERT INTO `cardExtra` (cardId, type, serial, content) VALUES ('2830_16', 0, 1, 'Cat');
INSERT INTO `cardExtra` (cardId, type, serial, content) VALUES ('2830_16', 0, 2, 'Dog');
INSERT INTO `cardExtra` (cardId, type, serial, content) VALUES ('2830_16', 0, 3, 'Toy');
INSERT INTO `card` (id, type, title, header, content, option) VALUES ('2830_24', 0, 'The king soap''s army of bubbles chases the germs away.', NULL, NULL, 'oneAtATime');
INSERT INTO `cardExtra` (cardId, type, serial, content) VALUES ('2830_24', 1, 1, 'True.');
INSERT INTO `cardExtra` (cardId, type, serial, content) VALUES ('2830_24', 0, 1, 'False.');
INSERT INTO `card` (id, type, title, header, content, option) VALUES ('2830_27', 0, 'Cleaning ourself with soap keeps germs away', NULL, NULL, 'oneAtATime');
INSERT INTO `cardExtra` (cardId, type, serial, content) VALUES ('2830_27', 1, 1, 'True.');
INSERT INTO `cardExtra` (cardId, type, serial, content) VALUES ('2830_27', 0, 1, 'False.');
INSERT INTO `card` (id, type, title, header, content, option) VALUES ('2830_30', 0, 'What do you like to do in the morning?', NULL, NULL, 'open');
INSERT INTO `cardExtra` (cardId, type, serial, content) VALUES ('2830_30', 0, 1, 'Bathe');
INSERT INTO `cardExtra` (cardId, type, serial, content) VALUES ('2830_30', 0, 2, 'Brush teeth');
INSERT INTO `cardExtra` (cardId, type, serial, content) VALUES ('2830_30', 0, 3, 'Eat');
INSERT INTO `cardExtra` (cardId, type, serial, content) VALUES ('2830_30', 0, 4, 'Run');
INSERT INTO `card` (id, type, title, header, content, option) VALUES ('2912', 2, 'Letters', 'assets/topic/asb/1398.png', 'Clare Verbeek
 Cathy Feek', 'FFF4E1B5');
INSERT INTO `card` (id, type, title, header, content, option) VALUES ('2912_3', 3, NULL, 'assets/topic/asb/1398.png', 'Last week I received a lot of letters.', NULL);
INSERT INTO `card` (id, type, title, header, content, option) VALUES ('2912_4', 3, NULL, 'assets/topic/asb/1399.png', 'On Monday my doctor wrote a letter to my teacher.', NULL);
INSERT INTO `card` (id, type, title, header, content, option) VALUES ('2912_5', 3, NULL, 'assets/topic/asb/1400.png', 'Thabisile is sick. She must stay at home.', NULL);
INSERT INTO `card` (id, type, title, header, content, option) VALUES ('2912_6', 3, NULL, 'assets/topic/asb/1401.png', 'On Tuesday I got a letter from my class.', NULL);
INSERT INTO `card` (id, type, title, header, content, option) VALUES ('2912_7', 3, NULL, 'assets/topic/asb/1402.png', 'Get well soon Thabisile!', NULL);
INSERT INTO `card` (id, type, title, header, content, option) VALUES ('2912_8', 3, NULL, 'assets/topic/asb/1403.png', 'On Wednesday I got a letter from my best friend.', NULL);
INSERT INTO `card` (id, type, title, header, content, option) VALUES ('2912_9', 3, NULL, 'assets/topic/asb/1404.png', 'I drew this picture for you. Love from Dudu.', NULL);
INSERT INTO `card` (id, type, title, header, content, option) VALUES ('2912_10', 3, NULL, 'assets/topic/asb/1405.png', 'On Thursday I got a letter from my mother.', NULL);
INSERT INTO `card` (id, type, title, header, content, option) VALUES ('2912_11', 3, NULL, NULL, 'You are free to download, copy, translate or adapt this story and use the illustrations as long as you attribute in the following way:
Letters
Author -
Clare Verbeek, Thembani Dladla and Zanele Buthelezi
Illustration -
Cathy Feek
Language -
English
Level -
First words
© School of Education and Development (Centre for Adult Education), University of Kwazulu-Natal 2007
Creative Commons: Attribution-Non Commercial 3.0
Source
www.africanstorybook.org
Original source
http://cae.ukzn.ac.za/resources/seedbooks.aspx', NULL);
INSERT INTO `card` (id, type, title, header, content, option) VALUES ('2912_12', 1, 'Write a letter to your friend.', 'assets/topic/2912.svg', NULL, NULL);
INSERT INTO `cardExtra` (cardId, type, serial, content) VALUES ('2912_12', 2, 1, 'assets/topic/2912.svg');
INSERT INTO `card` (id, type, title, header, content, option) VALUES ('2912_13', 0, 'Whom did the doctor write a letter to?', NULL, NULL, 'oneAtATime');
INSERT INTO `cardExtra` (cardId, type, serial, content) VALUES ('2912_13', 1, 1, 'Mother');
INSERT INTO `cardExtra` (cardId, type, serial, content) VALUES ('2912_13', 0, 1, 'Dudu');
INSERT INTO `cardExtra` (cardId, type, serial, content) VALUES ('2912_13', 0, 2, 'Teacher');
INSERT INTO `cardExtra` (cardId, type, serial, content) VALUES ('2912_13', 0, 3, 'Me');
INSERT INTO `card` (id, type, title, header, content, option) VALUES ('2912_18', 0, 'My best friend Dudu wrote a letter on thursday.', NULL, NULL, 'oneAtATime');
INSERT INTO `cardExtra` (cardId, type, serial, content) VALUES ('2912_18', 1, 1, 'True.');
INSERT INTO `cardExtra` (cardId, type, serial, content) VALUES ('2912_18', 0, 1, 'False.');
INSERT INTO `card` (id, type, title, header, content, option) VALUES ('2912_21', 0, 'Whom do you like to write a letter to?', NULL, NULL, 'open');
INSERT INTO `cardExtra` (cardId, type, serial, content) VALUES ('2912_21', 0, 1, 'Friend');
INSERT INTO `cardExtra` (cardId, type, serial, content) VALUES ('2912_21', 0, 2, 'Mother');
INSERT INTO `cardExtra` (cardId, type, serial, content) VALUES ('2912_21', 0, 3, 'Teacher');
INSERT INTO `cardExtra` (cardId, type, serial, content) VALUES ('2912_21', 0, 4, 'Father');
INSERT INTO `card` (id, type, title, header, content, option) VALUES ('2526', 2, 'Letter to mum', 'assets/topic/asb/1503.png', 'Ursula Nafula
Catherine Groenewald', 'FFF4E1B5');
INSERT INTO `card` (id, type, title, header, content, option) VALUES ('2526_3', 3, NULL, 'assets/topic/asb/1504.png', 'Mother was finishing packing her clothes in a small bag.', NULL);
INSERT INTO `card` (id, type, title, header, content, option) VALUES ('2526_4', 3, NULL, 'assets/topic/asb/1505.png', 'As she went out the door,  she hugged me and said,  "Bye for now."', NULL);
INSERT INTO `card` (id, type, title, header, content, option) VALUES ('2526_5', 3, NULL, 'assets/topic/asb/1506.png', '"Where are you going,  mum?" I looked up at her as I asked.', NULL);
INSERT INTO `card` (id, type, title, header, content, option) VALUES ('2526_6', 3, NULL, 'assets/topic/asb/1507.png', 'I started to cry wanting to follow her but dad lifted me up on his shoulder.', NULL);
INSERT INTO `card` (id, type, title, header, content, option) VALUES ('2526_7', 3, NULL, 'assets/topic/asb/1508.png', 'Dad said,  "Your mother is going to the hospital to have a baby."', NULL);
INSERT INTO `card` (id, type, title, header, content, option) VALUES ('2526_8', 3, NULL, 'assets/topic/asb/2133.png', 'When I heard "baby" I stopped crying and looked at him. "Why is she going to get the baby from the hospital?" I asked him.', NULL);
INSERT INTO `card` (id, type, title, header, content, option) VALUES ('2526_9', 3, NULL, 'assets/topic/asb/1509.png', 'Dad sat me on a small chair and said,  "I will tell you why she is going to get the baby from the hospital."', NULL);
INSERT INTO `card` (id, type, title, header, content, option) VALUES ('2526_10', 3, NULL, NULL, 'I listened keenly to him as he explained although I didn''t quite understand why she wasn''t having the baby at home. When dad finished explaining,  I asked,  "Will she still love me when she comes back with the other baby?"', NULL);
INSERT INTO `card` (id, type, title, header, content, option) VALUES ('2526_11', 3, NULL, 'assets/topic/asb/1510.png', 'My dad held me close and said,  "We will always love you."', NULL);
INSERT INTO `card` (id, type, title, header, content, option) VALUES ('2526_12', 3, NULL, 'assets/topic/asb/1511.png', '"Can I write a letter to her while she is there?" I asked dad.', NULL);
INSERT INTO `card` (id, type, title, header, content, option) VALUES ('2526_13', 3, NULL, 'assets/topic/asb/1512.png', 'That evening,  I began to write a letter to mum.', NULL);
INSERT INTO `card` (id, type, title, header, content, option) VALUES ('2526_14', 3, NULL, 'assets/topic/asb/1513.png', 'I tore a paper from my exercise book and began to write.', NULL);
INSERT INTO `card` (id, type, title, header, content, option) VALUES ('2526_15', 3, NULL, 'assets/topic/asb/1514.png', '"Mummy,  mummy,  dad said that you have gone to bring another baby."', NULL);
INSERT INTO `card` (id, type, title, header, content, option) VALUES ('2526_16', 3, NULL, 'assets/topic/asb/1503.png', 'Please hurry up and return home.', NULL);
INSERT INTO `card` (id, type, title, header, content, option) VALUES ('2526_17', 3, NULL, 'assets/topic/asb/1515.png', 'I want you to bring a baby girl,  so I can play with her when she grows up.', NULL);
INSERT INTO `card` (id, type, title, header, content, option) VALUES ('2526_18', 3, NULL, 'assets/topic/asb/1516.png', 'You can bring two so one can be mine.', NULL);
INSERT INTO `card` (id, type, title, header, content, option) VALUES ('2526_19', 3, NULL, 'assets/topic/asb/1517.png', 'I am waiting for you here outside our house.', NULL);
INSERT INTO `card` (id, type, title, header, content, option) VALUES ('2526_20', 3, NULL, 'assets/topic/asb/1518.png', 'I folded my letter so I could give it to my father to bring it to mum. When I woke up the following morning,  the letter was gone.', NULL);
INSERT INTO `card` (id, type, title, header, content, option) VALUES ('2526_21', 3, NULL, NULL, 'You are free to download, copy, translate or adapt this story and use the illustrations as long as you attribute in the following way:
Letter to mum
Author -
Ursula Nafula
Illustration -
Catherine Groenewald
Language -
English
Level -
First paragraphs
© African Storybook Initiative 2014
Creative Commons: Attribution 4.0
Source
www.africanstorybook.org', NULL);
INSERT INTO `card` (id, type, title, header, content, option) VALUES ('2526_22', 1, 'Draw a baby.', 'assets/topic/2526.svg', NULL, NULL);
INSERT INTO `cardExtra` (cardId, type, serial, content) VALUES ('2526_22', 2, 1, 'assets/topic/2526.svg');
INSERT INTO `card` (id, type, title, header, content, option) VALUES ('2526_23', 0, 'Where was the mother going to?', NULL, NULL, 'oneAtATime');
INSERT INTO `cardExtra` (cardId, type, serial, content) VALUES ('2526_23', 1, 1, 'Hospital');
INSERT INTO `cardExtra` (cardId, type, serial, content) VALUES ('2526_23', 0, 1, 'School');
INSERT INTO `cardExtra` (cardId, type, serial, content) VALUES ('2526_23', 0, 2, 'Tree');
INSERT INTO `cardExtra` (cardId, type, serial, content) VALUES ('2526_23', 0, 3, 'No where');
INSERT INTO `card` (id, type, title, header, content, option) VALUES ('2526_28', 0, 'My dad said we will always love you.', NULL, NULL, 'oneAtATime');
INSERT INTO `cardExtra` (cardId, type, serial, content) VALUES ('2526_28', 1, 1, 'True.');
INSERT INTO `cardExtra` (cardId, type, serial, content) VALUES ('2526_28', 0, 1, 'False.');
INSERT INTO `card` (id, type, title, header, content, option) VALUES ('2526_31', 0, 'What do you feel when you see a new baby in your home?', NULL, NULL, 'open');
INSERT INTO `cardExtra` (cardId, type, serial, content) VALUES ('2526_31', 0, 1, 'Happy');
INSERT INTO `cardExtra` (cardId, type, serial, content) VALUES ('2526_31', 0, 2, 'Excited');
INSERT INTO `cardExtra` (cardId, type, serial, content) VALUES ('2526_31', 0, 3, 'Angry');
INSERT INTO `cardExtra` (cardId, type, serial, content) VALUES ('2526_31', 0, 4, 'Sad');
INSERT INTO `card` (id, type, title, header, content, option) VALUES ('12428', 2, 'Big blue bus', 'assets/topic/asb/11446.png', 'Mecelin Kakoro
Mango Tree', 'FFF4E1B5');
INSERT INTO `card` (id, type, title, header, content, option) VALUES ('12428_3', 3, NULL, 'assets/topic/asb/11446.png', 'There was only one bus in Ebei''s village. It was big and blue. It was very noisy.', NULL);
INSERT INTO `card` (id, type, title, header, content, option) VALUES ('12428_4', 3, NULL, 'assets/topic/asb/11447.png', '"Tomorrow we will go to town," said Ebei''s mother. "We will buy your school uniform."', NULL);
INSERT INTO `card` (id, type, title, header, content, option) VALUES ('12428_5', 3, NULL, 'assets/topic/asb/11448.png', 'Ebei was very excited. They would travel in the big blue bus. He could not sleep that night.', NULL);
INSERT INTO `card` (id, type, title, header, content, option) VALUES ('12428_6', 3, NULL, 'assets/topic/asb/11449.png', 'When his mother came to wake him, Ebei was already dressed.', NULL);
INSERT INTO `card` (id, type, title, header, content, option) VALUES ('12428_7', 3, NULL, 'assets/topic/asb/11450.png', 'Ebei and his mother walked to the bus stop. They waited for the big blue bus. But the bus did not come.', NULL);
INSERT INTO `card` (id, type, title, header, content, option) VALUES ('12428_8', 3, NULL, 'assets/topic/asb/11451.png', 'Other people arrived at the bus stop. They complained because the bus was late. "Where is the bus?" they asked.', NULL);
INSERT INTO `card` (id, type, title, header, content, option) VALUES ('12428_9', 3, NULL, 'assets/topic/asb/11452.png', 'Ebei was worried. "We will not be able to go to town," he thought. "I will not be able to get my uniform."', NULL);
INSERT INTO `card` (id, type, title, header, content, option) VALUES ('12428_10', 3, NULL, 'assets/topic/asb/11453.png', 'Some people gave up and went home. Ebei cried. He did not want to go. "We will wait a bit longer," said his mother.', NULL);
INSERT INTO `card` (id, type, title, header, content, option) VALUES ('12428_11', 3, NULL, 'assets/topic/asb/11454.png', 'Suddenly, they heard a noise. They saw dust in the air. The bus was coming!', NULL);
INSERT INTO `card` (id, type, title, header, content, option) VALUES ('12428_12', 3, NULL, 'assets/topic/asb/11455.png', 'But this bus was not blue. It was not big. It was red and small. The people did not want to get in this bus.', NULL);
INSERT INTO `card` (id, type, title, header, content, option) VALUES ('12428_13', 3, NULL, 'assets/topic/asb/11456.png', '"Get in! Get in!" shouted the driver. "We are very late today," he called.', NULL);
INSERT INTO `card` (id, type, title, header, content, option) VALUES ('12428_14', 3, NULL, 'assets/topic/asb/11457.png', 'Ebei and his mother got in first. Soon everyone else got in the small red bus.', NULL);
INSERT INTO `card` (id, type, title, header, content, option) VALUES ('12428_15', 3, NULL, 'assets/topic/asb/11458.png', 'Ebei looked out the window. He saw more people at the bus stop.', NULL);
INSERT INTO `card` (id, type, title, header, content, option) VALUES ('12428_16', 3, NULL, 'assets/topic/asb/11459.png', 'Even more people were running to catch the bus. But they were too late. The red bus was full. It left for town.', NULL);
INSERT INTO `card` (id, type, title, header, content, option) VALUES ('12428_17', 3, NULL, 'assets/topic/asb/11460.png', '"Where is the big blue bus?" asked Ebei''s mother. "It broke down," replied the driver. "We are fixing it. It will come tomorrow."', NULL);
INSERT INTO `card` (id, type, title, header, content, option) VALUES ('12428_18', 3, NULL, 'assets/topic/asb/11461.png', 'Ebei did not care about the colour of the bus. He did not care about the size. This bus was going to town!', NULL);
INSERT INTO `card` (id, type, title, header, content, option) VALUES ('12428_19', 3, NULL, NULL, 'You are free to download, copy, translate or adapt this story and use the illustrations as long as you attribute in the following way:
Big blue bus
Author -
Mecelin Kakoro
Illustration -
Mango Tree
Language -
English
Level -
First sentences
© African Storybook Initiative 2015
Creative Commons: Attribution 4.0
Source
www.africanstorybook.org', NULL);
INSERT INTO `card` (id, type, title, header, content, option) VALUES ('12428_20', 1, 'Draw a bus and color it', 'assets/topic/12428.svg', NULL, NULL);
INSERT INTO `cardExtra` (cardId, type, serial, content) VALUES ('12428_20', 2, 1, 'assets/topic/12428.svg');
INSERT INTO `card` (id, type, title, header, content, option) VALUES ('12428_21', 0, 'What did Ebei and his mother want to buy ?', NULL, NULL, 'oneAtATime');
INSERT INTO `cardExtra` (cardId, type, serial, content) VALUES ('12428_21', 1, 1, 'Uniform');
INSERT INTO `cardExtra` (cardId, type, serial, content) VALUES ('12428_21', 0, 1, 'Cap');
INSERT INTO `cardExtra` (cardId, type, serial, content) VALUES ('12428_21', 0, 2, 'Bat');
INSERT INTO `cardExtra` (cardId, type, serial, content) VALUES ('12428_21', 0, 3, 'Ball');
INSERT INTO `card` (id, type, title, header, content, option) VALUES ('12428_26', 0, 'Which colored bus came to the bus stop?', NULL, NULL, 'oneAtATime');
INSERT INTO `cardExtra` (cardId, type, serial, content) VALUES ('12428_26', 1, 1, 'Red');
INSERT INTO `cardExtra` (cardId, type, serial, content) VALUES ('12428_26', 0, 1, 'Yellow');
INSERT INTO `cardExtra` (cardId, type, serial, content) VALUES ('12428_26', 0, 2, 'Orange');
INSERT INTO `cardExtra` (cardId, type, serial, content) VALUES ('12428_26', 0, 3, 'Green');
INSERT INTO `card` (id, type, title, header, content, option) VALUES ('12428_31', 0, 'What do you feel when waiting for something?', NULL, NULL, 'open');
INSERT INTO `cardExtra` (cardId, type, serial, content) VALUES ('12428_31', 0, 1, 'Quiet');
INSERT INTO `cardExtra` (cardId, type, serial, content) VALUES ('12428_31', 0, 2, 'Happy');
INSERT INTO `cardExtra` (cardId, type, serial, content) VALUES ('12428_31', 0, 3, 'Sad');
INSERT INTO `cardExtra` (cardId, type, serial, content) VALUES ('12428_31', 0, 4, 'Angry');
INSERT INTO `card` (id, type, title, header, content, option) VALUES ('14419', 2, 'Ms Phone', 'assets/topic/asb/10053.png', 'Ursula Nafula
Marion Drew', 'FF9DEDE3');
INSERT INTO `card` (id, type, title, header, content, option) VALUES ('14419_3', 3, NULL, 'assets/topic/asb/10048.png', 'She is called Ms Phone. Look at her!', NULL);
INSERT INTO `card` (id, type, title, header, content, option) VALUES ('14419_4', 3, NULL, 'assets/topic/asb/10049.png', 'She has five cellphones. When she wakes up,  she arranges her mobile phones on the table.', NULL);
INSERT INTO `card` (id, type, title, header, content, option) VALUES ('14419_5', 3, NULL, 'assets/topic/asb/10050.png', 'The yellow one is for communicating with family.', NULL);
INSERT INTO `card` (id, type, title, header, content, option) VALUES ('14419_6', 3, NULL, 'assets/topic/asb/10051.png', 'The white one is for communicating with people at work.', NULL);
INSERT INTO `card` (id, type, title, header, content, option) VALUES ('14419_7', 3, NULL, 'assets/topic/asb/10052.png', 'The red one is for communicating with those who owe her something.', NULL);
INSERT INTO `card` (id, type, title, header, content, option) VALUES ('14419_8', 3, NULL, 'assets/topic/asb/10053.png', 'The pink one is for communicating with her best friends.', NULL);
INSERT INTO `card` (id, type, title, header, content, option) VALUES ('14419_9', 3, NULL, 'assets/topic/asb/10054.png', 'The purple one is for communicating with people who need her help.', NULL);
INSERT INTO `card` (id, type, title, header, content, option) VALUES ('14419_10', 3, NULL, 'assets/topic/asb/10055.png', 'Ms Phone likes people to be happy. She does not like fighting.', NULL);
INSERT INTO `card` (id, type, title, header, content, option) VALUES ('14419_11', 3, NULL, 'assets/topic/asb/10056.png', 'She lets the children watch television at her shop.', NULL);
INSERT INTO `card` (id, type, title, header, content, option) VALUES ('14419_12', 3, NULL, 'assets/topic/asb/10057.png', 'She visits the sick and the elderly in their homes.', NULL);
INSERT INTO `card` (id, type, title, header, content, option) VALUES ('14419_13', 3, NULL, 'assets/topic/asb/10058.png', 'When she passes by, people shout out, "Ms Phone! Ms Phone!"', NULL);
INSERT INTO `card` (id, type, title, header, content, option) VALUES ('14419_14', 3, NULL, 'assets/topic/asb/10059.png', 'Then she feels happy and says, "I am Ms Phone. Here,  look at my phones!" That is Ms Phone and her five mobile phones.', NULL);
INSERT INTO `card` (id, type, title, header, content, option) VALUES ('14419_15', 3, NULL, NULL, 'You are free to download, copy, translate or adapt this story and use the illustrations as long as you attribute in the following way:
Ms Phone
Author -
Ursula Nafula
Translation -
Ursula Nafula
Illustration -
Marion Drew
Language -
English
Level -
First sentences
© African Storybook Initiative 2015
Creative Commons: Attribution 4.0
Source
www.africanstorybook.org', NULL);
INSERT INTO `card` (id, type, title, header, content, option) VALUES ('14419_16', 1, 'Draw a cell phone and decorate it.', 'assets/topic/14419.svg', NULL, NULL);
INSERT INTO `cardExtra` (cardId, type, serial, content) VALUES ('14419_16', 2, 1, 'assets/topic/14419.svg');
INSERT INTO `card` (id, type, title, header, content, option) VALUES ('14419_17', 0, 'How many phones did Ms phone have with her?', NULL, NULL, 'oneAtATime');
INSERT INTO `cardExtra` (cardId, type, serial, content) VALUES ('14419_17', 1, 1, 'Five');
INSERT INTO `cardExtra` (cardId, type, serial, content) VALUES ('14419_17', 0, 1, 'one');
INSERT INTO `cardExtra` (cardId, type, serial, content) VALUES ('14419_17', 0, 2, 'Two');
INSERT INTO `cardExtra` (cardId, type, serial, content) VALUES ('14419_17', 0, 3, 'Four');
INSERT INTO `card` (id, type, title, header, content, option) VALUES ('14419_22', 0, 'Select all colors of phone that Ms phone has.', NULL, NULL, 'many');
INSERT INTO `cardExtra` (cardId, type, serial, content) VALUES ('14419_22', 1, 1, 'Yellow');
INSERT INTO `cardExtra` (cardId, type, serial, content) VALUES ('14419_22', 1, 2, 'White');
INSERT INTO `cardExtra` (cardId, type, serial, content) VALUES ('14419_22', 1, 3, 'Red');
INSERT INTO `cardExtra` (cardId, type, serial, content) VALUES ('14419_22', 1, 4, 'Pink');
INSERT INTO `cardExtra` (cardId, type, serial, content) VALUES ('14419_22', 1, 5, 'Purple');
INSERT INTO `cardExtra` (cardId, type, serial, content) VALUES ('14419_22', 0, 1, 'Black');
INSERT INTO `cardExtra` (cardId, type, serial, content) VALUES ('14419_22', 0, 2, 'Orange');
INSERT INTO `cardExtra` (cardId, type, serial, content) VALUES ('14419_22', 0, 3, 'Blue');
INSERT INTO `card` (id, type, title, header, content, option) VALUES ('14419_31', 0, 'How many phones do you want?', NULL, NULL, 'open');
INSERT INTO `cardExtra` (cardId, type, serial, content) VALUES ('14419_31', 0, 1, 'One');
INSERT INTO `cardExtra` (cardId, type, serial, content) VALUES ('14419_31', 0, 2, 'Two');
INSERT INTO `cardExtra` (cardId, type, serial, content) VALUES ('14419_31', 0, 3, 'Three');
INSERT INTO `cardExtra` (cardId, type, serial, content) VALUES ('14419_31', 0, 4, 'Four');
INSERT INTO `card` (id, type, title, header, content, option) VALUES ('21610', 2, 'Byantaka and the dead pot', 'assets/topic/asb/14436.png', 'Cornelius Wambi Gulere
Emily Berg', 'FFF4E1B5');
INSERT INTO `card` (id, type, title, header, content, option) VALUES ('21610_3', 3, NULL, 'assets/topic/asb/14435.png', 'Once upon a time,  there was a man called Byantaka who had a cow. Each day Byantaka grazed his cow. He also gave the cow water to drink. But Byantaka only had a very small pot for water.', NULL);
INSERT INTO `card` (id, type, title, header, content, option) VALUES ('21610_4', 3, NULL, 'assets/topic/asb/14436.png', 'So he went at his neighbour''s home to borrow a bigger pot for water. His neighbour agreed to lend Byantaka his biggest clay pot saying,  "My neighbour''s problem is my problem."', NULL);
INSERT INTO `card` (id, type, title, header, content, option) VALUES ('21610_5', 3, NULL, 'assets/topic/asb/13193.png', 'After a few days,  Byantaka went to a potter''s place and bought a small pot. He took it home. He put the small pot inside the big pot that he had borrowed from his neighbour. .', NULL);
INSERT INTO `card` (id, type, title, header, content, option) VALUES ('21610_6', 3, NULL, 'assets/topic/asb/13194.png', 'Then he put the big pot,  with the small pot inside it,  on his head. He carried the big pot to the neighbour who loaned him the pot.', NULL);
INSERT INTO `card` (id, type, title, header, content, option) VALUES ('21610_7', 3, NULL, 'assets/topic/asb/14440.png', 'Byantaka told him,  "I am returning your pot,  it has reproduced." The neighbour was amazed that his pot had produced another pot. He praised Byantaka saying,  "Your home is blessed."', NULL);
INSERT INTO `card` (id, type, title, header, content, option) VALUES ('21610_8', 3, NULL, 'assets/topic/asb/14437.png', 'After a while,  Byantaka went back to his neighbour to borrow the pot again. He did not have good intentions.', NULL);
INSERT INTO `card` (id, type, title, header, content, option) VALUES ('21610_9', 3, NULL, 'assets/topic/asb/14447.png', 'The owner of the big pot waited in vain for Byantaka to return his pot. Eventually he went to Byantaka''s home and said,  "I have come for my pot."', NULL);
INSERT INTO `card` (id, type, title, header, content, option) VALUES ('21610_10', 3, NULL, 'assets/topic/asb/14446.png', 'Byantaka told his neighbour,  "My friend,  our pot died. I was just on my way to tell you the bad news."', NULL);
INSERT INTO `card` (id, type, title, header, content, option) VALUES ('21610_11', 3, NULL, 'assets/topic/asb/14448.png', 'His neighbour clapped his hands together in surprise. His face began to swell with anger. He shouted at Byantaka,  "I have never heard of a pot dying!"', NULL);
INSERT INTO `card` (id, type, title, header, content, option) VALUES ('21610_12', 3, NULL, 'assets/topic/asb/14450.png', 'Byantaka replied,  "My friend you should accept these things. Everything that produces must die. I was also very sorry about the big pot''s death."', NULL);
INSERT INTO `card` (id, type, title, header, content, option) VALUES ('21610_13', 3, NULL, 'assets/topic/asb/14449.png', 'His neighbour was very angry and he went to court to report Byantaka. The judge listened to explanations from both of them. He found the owner of the pot was in the wrong.', NULL);
INSERT INTO `card` (id, type, title, header, content, option) VALUES ('21610_14', 3, NULL, 'assets/topic/asb/14451.png', '"When Byantaka told you that the pot had reproduced,  you accepted. When he says that every living thing which reproduces must die,  he is correct." That is how the judge judged the case.', NULL);
INSERT INTO `card` (id, type, title, header, content, option) VALUES ('21610_15', 3, NULL, 'assets/topic/asb/14452.png', 'Byantaka''s neighbour went home walking like a snail. Byantaka had got the big pot with his cleverness.', NULL);
INSERT INTO `card` (id, type, title, header, content, option) VALUES ('21610_16', 3, NULL, NULL, 'You are free to download, copy, translate or adapt this story and use the illustrations as long as you attribute in the following way:
Byantaka and the dead pot
Author -
Peter Kisakye
Translation -
Cornelius Wambi Gulere
Illustration -
Emily Berg
Language -
English
Level -
First paragraphs
© Text: Uganda Community Libraries Association (Ugcla) Artwork: African Storybook Initiative 2015
Creative Commons: Attribution 4.0
Source
www.africanstorybook.org
Original source
http://ugcla.org', NULL);
INSERT INTO `card` (id, type, title, header, content, option) VALUES ('21610_17', 1, 'Draw a big pot and decorate it.', 'assets/topic/21610.svg', NULL, NULL);
INSERT INTO `cardExtra` (cardId, type, serial, content) VALUES ('21610_17', 2, 1, 'assets/topic/21610.svg');
INSERT INTO `card` (id, type, title, header, content, option) VALUES ('21610_18', 0, 'Which animal did Byantaka have?', NULL, NULL, 'oneAtATime');
INSERT INTO `cardExtra` (cardId, type, serial, content) VALUES ('21610_18', 1, 1, 'Cow');
INSERT INTO `cardExtra` (cardId, type, serial, content) VALUES ('21610_18', 0, 1, 'Dog');
INSERT INTO `cardExtra` (cardId, type, serial, content) VALUES ('21610_18', 0, 2, 'Cat');
INSERT INTO `cardExtra` (cardId, type, serial, content) VALUES ('21610_18', 0, 3, 'Monkey');
INSERT INTO `card` (id, type, title, header, content, option) VALUES ('21610_23', 0, 'Byantaka was lying to his neighbour about the pot.', NULL, NULL, 'oneAtATime');
INSERT INTO `cardExtra` (cardId, type, serial, content) VALUES ('21610_23', 1, 1, 'True.');
INSERT INTO `cardExtra` (cardId, type, serial, content) VALUES ('21610_23', 0, 1, 'False.');
INSERT INTO `card` (id, type, title, header, content, option) VALUES ('21610_26', 0, 'Who do you tell if you have a problem?', NULL, NULL, 'open');
INSERT INTO `cardExtra` (cardId, type, serial, content) VALUES ('21610_26', 0, 1, 'Mother');
INSERT INTO `cardExtra` (cardId, type, serial, content) VALUES ('21610_26', 0, 2, 'Teacher');
INSERT INTO `cardExtra` (cardId, type, serial, content) VALUES ('21610_26', 0, 3, 'Judge');
INSERT INTO `cardExtra` (cardId, type, serial, content) VALUES ('21610_26', 0, 4, 'Policeman');
INSERT INTO `card` (id, type, title, header, content, option) VALUES ('31503', 2, 'Akoro''s banana business', 'assets/topic/asb/13467.png', 'Mele Joab
Atilabachew Reda and Natalie Propa', 'FFB3C8FF');
INSERT INTO `card` (id, type, title, header, content, option) VALUES ('31503_3', 3, NULL, 'assets/topic/asb/10070.png', 'Akoro is a young man married to Chichi. They live in Kanam village in Turkana County. Akoro has a banana garden which yields a good harvest.', NULL);
INSERT INTO `card` (id, type, title, header, content, option) VALUES ('31503_4', 3, NULL, 'assets/topic/asb/13459.png', 'One morning before the sun got hot, Akoro set out with a crate of bananas on his head. He walked confidently to Kilindo market, only a kilometre away from his home.', NULL);
INSERT INTO `card` (id, type, title, header, content, option) VALUES ('31503_5', 3, NULL, 'assets/topic/asb/13460.png', 'On the way, men and women of his age stared at him in surprise. Others even laughed out loud shouting, "Akoro is definitely bewitched. How can he do such a job? Men from our community do not sell bananas!" But Akoro never minded. He was a determined and hardworking man who was ready to do any job.', NULL);
INSERT INTO `card` (id, type, title, header, content, option) VALUES ('31503_6', 3, NULL, 'assets/topic/asb/13462.png', 'As soon as Akoro reached the market, he arranged the bananas on a stand and stood beside them waiting for customers. He wondered, "Will anyone stop to buy my bananas?"', NULL);
INSERT INTO `card` (id, type, title, header, content, option) VALUES ('31503_7', 3, NULL, 'assets/topic/asb/13466.png', 'Few minutes later, a woman dressed in a purple dress stopped next to Akoro''s banana stand. "How much is a kilo of bananas?" the woman asked. "Fifty shillings, madam," Akoro replied respectfully.', NULL);
INSERT INTO `card` (id, type, title, header, content, option) VALUES ('31503_8', 3, NULL, 'assets/topic/asb/13465.png', 'The woman said, "Please pack for me a kilo and a half."  The woman continued, "You must reduce the price." Akoro answered, "No problem madam, I will reduce by ten shillings. You are my first customer." Akoro handed over the bananas to the woman.', NULL);
INSERT INTO `card` (id, type, title, header, content, option) VALUES ('31503_9', 3, NULL, 'assets/topic/asb/13464.png', 'Akoro began enjoying his business. The beautiful ripe bananas and his sweet words made every passerby want to taste the bananas.', NULL);
INSERT INTO `card` (id, type, title, header, content, option) VALUES ('31503_10', 3, NULL, 'assets/topic/asb/13463.png', 'At mid day, Akoro was already tired standing. He brought a stool and sat down to continue selling the bananas. A woman in a dark blue dress came and bought a large amount of bananas. Those who had laughed at Akoro, started wondering about Akoro''s flourishing banana business.', NULL);
INSERT INTO `card` (id, type, title, header, content, option) VALUES ('31503_11', 3, NULL, 'assets/topic/asb/13468.png', 'At about three in the afternoon, Akoro made his final sales. He gave two bananas to the gentlemen who had stayed with him all the time. They had entertained him throughout the day. Akoro sold the last bananas to a lady who was on her way from work.', NULL);
INSERT INTO `card` (id, type, title, header, content, option) VALUES ('31503_12', 3, NULL, 'assets/topic/asb/13470.png', 'Late in the evening, Akoro walked home with his empty crate on his head. As he walked, he sang a joyful song feeling proud of himself. He thought, "Hard work and determination are key things in life."', NULL);
INSERT INTO `card` (id, type, title, header, content, option) VALUES ('31503_13', 3, NULL, 'assets/topic/asb/13469.png', 'Close home, Akoro stopped by the first kiosk and bought maize flour, cooking oil, tea, sugar and bread for his family. He then went home a very happy man. He was full of plans of how to expand the banana business.', NULL);
INSERT INTO `card` (id, type, title, header, content, option) VALUES ('31503_14', 3, NULL, NULL, 'You are free to download, copy, translate or adapt this story and use the illustrations as long as you attribute in the following way:
Akoro''s banana business
Author -
Mele Joab
Illustration -
Atilabachew Reda and Natalie Propa
Language -
English
Level -
Longer paragraphs
© Creative Commons Attribution (Cc-By 4.0) 2015
Creative Commons: Attribution 4.0
Source
www.africanstorybook.org', NULL);
INSERT INTO `card` (id, type, title, header, content, option) VALUES ('31503_15', 1, 'Draw a banana tree.', 'assets/topic/31503.svg', NULL, NULL);
INSERT INTO `cardExtra` (cardId, type, serial, content) VALUES ('31503_15', 2, 1, 'assets/topic/31503.svg');
INSERT INTO `card` (id, type, title, header, content, option) VALUES ('31503_16', 0, 'Which fruit did Akro grow in his garden?', NULL, NULL, 'oneAtATime');
INSERT INTO `cardExtra` (cardId, type, serial, content) VALUES ('31503_16', 1, 1, 'Banana');
INSERT INTO `cardExtra` (cardId, type, serial, content) VALUES ('31503_16', 0, 1, 'Mango');
INSERT INTO `cardExtra` (cardId, type, serial, content) VALUES ('31503_16', 0, 2, 'Orange');
INSERT INTO `cardExtra` (cardId, type, serial, content) VALUES ('31503_16', 0, 3, 'Apple');
INSERT INTO `card` (id, type, title, header, content, option) VALUES ('31503_21', 0, 'The ripe bananas and his sweet words made every passerby want to taste the bananas.', NULL, NULL, 'oneAtATime');
INSERT INTO `cardExtra` (cardId, type, serial, content) VALUES ('31503_21', 1, 1, 'True.');
INSERT INTO `cardExtra` (cardId, type, serial, content) VALUES ('31503_21', 0, 1, 'False.');
INSERT INTO `card` (id, type, title, header, content, option) VALUES ('31503_24', 0, 'What do you like to buy from the market?', NULL, NULL, 'open');
INSERT INTO `cardExtra` (cardId, type, serial, content) VALUES ('31503_24', 0, 1, 'Ripe bananas');
INSERT INTO `cardExtra` (cardId, type, serial, content) VALUES ('31503_24', 0, 2, 'Oil');
INSERT INTO `cardExtra` (cardId, type, serial, content) VALUES ('31503_24', 0, 3, 'Sugar');
INSERT INTO `cardExtra` (cardId, type, serial, content) VALUES ('31503_24', 0, 4, 'Tea');
INSERT INTO `card` (id, type, title, header, content, option) VALUES ('19110', 2, 'Grandmother''s stories', 'assets/topic/asb/18842.png', 'Mutai Chepkoech
Marleen Visser', 'FFCFB5DD');
INSERT INTO `card` (id, type, title, header, content, option) VALUES ('19110_3', 3, NULL, 'assets/topic/asb/18819.png', 'We often gathered at grandmother''s house to listen to her stories. We liked to sit around the fire, under the stars on a cow skin. Grandmother began her last story for the night, "Hare and Elephant were neighbours and friends."', NULL);
INSERT INTO `card` (id, type, title, header, content, option) VALUES ('19110_4', 3, NULL, 'assets/topic/asb/18831.png', 'Hare liked mushrooms, but he was too lazy to farm. So he stole Elephant''s mushrooms. Elephant had planted bananas and pumpkins that year. So there were no mushrooms for Hare.', NULL);
INSERT INTO `card` (id, type, title, header, content, option) VALUES ('19110_5', 3, NULL, 'assets/topic/asb/18832.png', 'Hare went without food for many days. Then he decided to steal Elephant''s bananas. Elephant noticed that someone was stealing his bananas. He went to Hare and said, "Someone is stealing from me."', NULL);
INSERT INTO `card` (id, type, title, header, content, option) VALUES ('19110_6', 3, NULL, 'assets/topic/asb/18833.png', 'Hare asked, "Who is the thief?" Elephant began to sing,  "I will catch the thief! Aaah! I will catch the thief! Ooo!"  Hare felt nervous.', NULL);
INSERT INTO `card` (id, type, title, header, content, option) VALUES ('19110_7', 3, NULL, 'assets/topic/asb/18834.png', 'Elephant asked Monkey to watch his farm. But Hare did not steal that day or that night. Nor the next day or night. Monkey became tired of watching.', NULL);
INSERT INTO `card` (id, type, title, header, content, option) VALUES ('19110_8', 3, NULL, 'assets/topic/asb/18835.png', 'The following day, Hare went to Elephant''s farm to steal again. When Elephant came to check on his crops, Hare hid amongst the pumpkin leaves.', NULL);
INSERT INTO `card` (id, type, title, header, content, option) VALUES ('19110_9', 3, NULL, 'assets/topic/asb/18836.png', 'Elephant saw leaves move and began singing, "I''ve caught the thief! Aah! I''ve caught the thief! Ooo!" Elephant searched everywhere but did not find the thief.', NULL);
INSERT INTO `card` (id, type, title, header, content, option) VALUES ('19110_10', 3, NULL, 'assets/topic/asb/18837.png', 'On another day, Hare was there helping himself to Elephant''s crops. Elephant arrived at the farm and Hare jumped inside a huge pumpkin to hide.', NULL);
INSERT INTO `card` (id, type, title, header, content, option) VALUES ('19110_11', 3, NULL, 'assets/topic/asb/18839.png', 'Elephant noticed the large pumpkin and said, "Ooo! Here is a big pumpkin. I''ll eat that for lunch." And he swallowed the pumpkin whole!', NULL);
INSERT INTO `card` (id, type, title, header, content, option) VALUES ('19110_12', 3, NULL, 'assets/topic/asb/18840.png', 'Hare tried to jump out of the pumpkin, but could not. Elephant felt something jumping in his stomach and said, "What kind of pumpkin is this that jumps in my stomach?"', NULL);
INSERT INTO `card` (id, type, title, header, content, option) VALUES ('19110_13', 3, NULL, 'assets/topic/asb/18841.png', 'Elephant spat out the pumpkin. Before he could examine it, Hare burst out of the pumpkin and ran away as fast as he could. Elephant never caught the thief.', NULL);
INSERT INTO `card` (id, type, title, header, content, option) VALUES ('19110_14', 3, NULL, 'assets/topic/asb/18842.png', 'Grandmother said, "And that is the end of the story." "Thank you grandmother," we sleepily chorused. Then we went to bed thinking about grandmother''s stories.', NULL);
INSERT INTO `card` (id, type, title, header, content, option) VALUES ('19110_15', 3, NULL, NULL, 'You are free to download, copy, translate or adapt this story and use the illustrations as long as you attribute in the following way:
Grandmother''s stories
Author -
Mutai Chepkoech
Illustration -
Marleen Visser
Language -
English
Level -
First paragraphs
© African Storybook Initiative 2016
Creative Commons: Attribution 4.0
Source
www.africanstorybook.org', NULL);
INSERT INTO `card` (id, type, title, header, content, option) VALUES ('19110_16', 1, 'Draw a pumpkin and decorate it.', 'assets/topic/19110.svg', NULL, NULL);
INSERT INTO `cardExtra` (cardId, type, serial, content) VALUES ('19110_16', 2, 1, 'assets/topic/19110.svg');
INSERT INTO `card` (id, type, title, header, content, option) VALUES ('19110_17', 0, 'Hare was a thief.', NULL, NULL, 'oneAtATime');
INSERT INTO `cardExtra` (cardId, type, serial, content) VALUES ('19110_17', 1, 1, 'True.');
INSERT INTO `cardExtra` (cardId, type, serial, content) VALUES ('19110_17', 0, 1, 'False.');
INSERT INTO `card` (id, type, title, header, content, option) VALUES ('19110_20', 0, 'Whom did elephant keep to watch his farm?', NULL, NULL, 'oneAtATime');
INSERT INTO `cardExtra` (cardId, type, serial, content) VALUES ('19110_20', 1, 1, 'Monkey');
INSERT INTO `cardExtra` (cardId, type, serial, content) VALUES ('19110_20', 0, 1, 'Donkey');
INSERT INTO `cardExtra` (cardId, type, serial, content) VALUES ('19110_20', 0, 2, 'Hare');
INSERT INTO `cardExtra` (cardId, type, serial, content) VALUES ('19110_20', 0, 3, 'Dog');
INSERT INTO `card` (id, type, title, header, content, option) VALUES ('19110_25', 0, 'How will you protect from thieves?', NULL, NULL, 'open');
INSERT INTO `cardExtra` (cardId, type, serial, content) VALUES ('19110_25', 0, 1, 'Stick');
INSERT INTO `cardExtra` (cardId, type, serial, content) VALUES ('19110_25', 0, 2, 'Stone');
INSERT INTO `cardExtra` (cardId, type, serial, content) VALUES ('19110_25', 0, 3, 'Lock');
INSERT INTO `cardExtra` (cardId, type, serial, content) VALUES ('19110_25', 0, 4, 'Shout');
INSERT INTO `card` (id, type, title, header, content, option) VALUES ('20431', 2, 'Beloved daughter', 'assets/topic/asb/18758.png', 'Ritah Katetemera
Brian Wambi', 'FF9DEDE3');
INSERT INTO `card` (id, type, title, header, content, option) VALUES ('20431_3', 3, NULL, 'assets/topic/asb/18757.png', 'Once upon a time, there was a man and his wife. They had six boys and one girl.
The girl''s name was Natabo. Both parents loved Natabo more than the boys.', NULL);
INSERT INTO `card` (id, type, title, header, content, option) VALUES ('20431_4', 3, NULL, 'assets/topic/asb/18758.png', 'The parents made a small pot as a gift for their daughter. Natabo loved that little pot. She loved to play with it.', NULL);
INSERT INTO `card` (id, type, title, header, content, option) VALUES ('20431_5', 3, NULL, 'assets/topic/asb/18759.png', 'One day the boys broke Natabo''s pot. It broke into small pieces.
The brothers did not know what to do. They threw the pieces into the bush.', NULL);
INSERT INTO `card` (id, type, title, header, content, option) VALUES ('20431_6', 3, NULL, 'assets/topic/asb/18760.png', 'Natabo looked for her pot but did not find it. She got very upset, cried and refused to eat anything.
She begged her father, mother and brothers to look for the pot. They all said that they didn''t know where the pot was.', NULL);
INSERT INTO `card` (id, type, title, header, content, option) VALUES ('20431_7', 3, NULL, 'assets/topic/asb/18761.png', 'Natabo became even more upset. She ran away from her parents'' home and went to the forest. She climbed up the tallest tree.', NULL);
INSERT INTO `card` (id, type, title, header, content, option) VALUES ('20431_8', 3, NULL, 'assets/topic/asb/18762.png', 'The parents searched for their daughter. After some time,  they found her up the tallest tree in the forest.
They told her to come down, but she refused. They asked her to come down, but she still refused.', NULL);
INSERT INTO `card` (id, type, title, header, content, option) VALUES ('20431_9', 3, NULL, 'assets/topic/asb/18763.png', 'Natabo''s brothers gathered together below the tree. They sang a song to get her to come down.
The song went like this: "Our last born. Come down and we can go home. We shall get a new pot."', NULL);
INSERT INTO `card` (id, type, title, header, content, option) VALUES ('20431_10', 3, NULL, 'assets/topic/asb/18764.png', 'Natabo made fun of her brothers. She sang the same song, but imitating the boys. "Ninini-ninio, ninini-ninio. Ninini-ninio, ninini-ninio."', NULL);
INSERT INTO `card` (id, type, title, header, content, option) VALUES ('20431_11', 3, NULL, 'assets/topic/asb/18765.png', 'Natabo still refused to come down from the tree. So her friend came and tried to get Natabo to climb down.
She started singing, "My friend, come down and we will go home. We shall get a new pot."', NULL);
INSERT INTO `card` (id, type, title, header, content, option) VALUES ('20431_12', 3, NULL, 'assets/topic/asb/18766.png', 'When Natabo heard her friend, she gradually began to climb down. Her friend continued to sing until Natabo reached the ground.', NULL);
INSERT INTO `card` (id, type, title, header, content, option) VALUES ('20431_13', 3, NULL, 'assets/topic/asb/18767.png', 'Natabo and her friend were happy and hugged each other. They walked slowly back to Natabo''s home.', NULL);
INSERT INTO `card` (id, type, title, header, content, option) VALUES ('20431_14', 3, NULL, 'assets/topic/asb/18768.png', 'When the girls reached home, Natabo''s brothers and parents were joyful. They prepared a party, and invited many friends and relatives.
Everyone enjoyed the party. Especially Natabo with her new pot.', NULL);
INSERT INTO `card` (id, type, title, header, content, option) VALUES ('20431_15', 3, NULL, NULL, 'You are free to download, copy, translate or adapt this story and use the illustrations as long as you attribute in the following way:
Beloved daughter
Author -
Ritah Katetemera and Mulongo Bukheye
Illustration -
Brian Wambi
Language -
English
Level -
First paragraphs
© African Storybook Initiative 2016
Creative Commons: Attribution 4.0
Source
www.africanstorybook.org', NULL);
INSERT INTO `card` (id, type, title, header, content, option) VALUES ('20431_16', 1, 'Draw a party', 'assets/topic/20431.svg', NULL, NULL);
INSERT INTO `cardExtra` (cardId, type, serial, content) VALUES ('20431_16', 2, 1, 'assets/topic/20431.svg');
INSERT INTO `card` (id, type, title, header, content, option) VALUES ('20431_17', 0, 'How many children did the man and his wife have?', NULL, NULL, 'oneAtATime');
INSERT INTO `cardExtra` (cardId, type, serial, content) VALUES ('20431_17', 1, 1, 'Seven');
INSERT INTO `cardExtra` (cardId, type, serial, content) VALUES ('20431_17', 0, 1, 'Six');
INSERT INTO `cardExtra` (cardId, type, serial, content) VALUES ('20431_17', 0, 2, 'One');
INSERT INTO `cardExtra` (cardId, type, serial, content) VALUES ('20431_17', 0, 3, 'Five');
INSERT INTO `card` (id, type, title, header, content, option) VALUES ('20431_22', 0, 'Both man and his wife loved girl child the most.', NULL, NULL, 'oneAtATime');
INSERT INTO `cardExtra` (cardId, type, serial, content) VALUES ('20431_22', 1, 1, 'True.');
INSERT INTO `cardExtra` (cardId, type, serial, content) VALUES ('20431_22', 0, 1, 'False.');
INSERT INTO `card` (id, type, title, header, content, option) VALUES ('20431_25', 0, 'How will you feel if someone broke your things?', NULL, NULL, 'open');
INSERT INTO `cardExtra` (cardId, type, serial, content) VALUES ('20431_25', 0, 1, 'Very happy');
INSERT INTO `cardExtra` (cardId, type, serial, content) VALUES ('20431_25', 0, 2, 'Boring');
INSERT INTO `cardExtra` (cardId, type, serial, content) VALUES ('20431_25', 0, 3, 'Angry');
INSERT INTO `cardExtra` (cardId, type, serial, content) VALUES ('20431_25', 0, 4, 'Sad');
INSERT INTO `card` (id, type, title, header, content, option) VALUES ('12899', 2, 'King Kayanja and his daughter', 'assets/topic/asb/10069.png', 'Amana Yunus
Natalie Propa', 'FFB3C8FF');
INSERT INTO `card` (id, type, title, header, content, option) VALUES ('12899_3', 3, NULL, 'assets/topic/asb/10074.png', 'Long,  long ago there was a king called Kayanja. He lived in a palace with the queen and their daughter,  princess Apenyo. Princess Apenyo was such a beautiful young woman that every man wanted to marry her. But king Kayanja demanded a very high bride price for the princess.', NULL);
INSERT INTO `card` (id, type, title, header, content, option) VALUES ('12899_4', 3, NULL, 'assets/topic/asb/10063.png', 'Near king Kayanja''s palace lived a chief called Aludah the Great. He was called "the Great" because everybody in the neighbourhood obeyed him. (He was very violent to anyone who disobeyed him!) Chief Aludah''s wife had recently died of malaria and he wanted another wife.', NULL);
INSERT INTO `card` (id, type, title, header, content, option) VALUES ('12899_5', 3, NULL, 'assets/topic/asb/10064.png', 'So the fat old chief went to king Kayanja to offer bride wealth for the young princess. While the two men were discussing the price, the maid Kakembo overheard their conversation. Maid Kakembo was very close to princess Apenyo.', NULL);
INSERT INTO `card` (id, type, title, header, content, option) VALUES ('12899_6', 3, NULL, 'assets/topic/asb/10065.png', 'Chief Aludah agreed to give half of his wealth to king Kayanja, including a needle, which was also part of the bride price. Preparations were made in secret for the wedding between chief Aludah and princess Apenyo. The king knew that his daughter would not be happy with this decision.', NULL);
INSERT INTO `card` (id, type, title, header, content, option) VALUES ('12899_7', 3, NULL, 'assets/topic/asb/10066.png', 'One week before the royal wedding day, maid Kakembo approached Apenyo. "My dear princess,  your father has organised your wedding with chief Aludah, and it will take place in one week," said Kakembo.', NULL);
INSERT INTO `card` (id, type, title, header, content, option) VALUES ('12899_8', 3, NULL, 'assets/topic/asb/10067.png', 'Princess Apenyo was shocked and at first didn''t know what to do. Then she thought, "I will never marry chief Aludah, that fat old man. Never! I must hurry to Trevor and see what he can do before it''s too late."  Trevor was princess Apenyo''s boyfriend.', NULL);
INSERT INTO `card` (id, type, title, header, content, option) VALUES ('12899_9', 3, NULL, 'assets/topic/asb/10069.png', 'That night Apenyo crept out of the palace. If her father discovered where she was going he would be very angry. She ran through the thick, dark forest over rocks and shrubs. When finally she arrived at Trevor''s house she was tired and thirsty.', NULL);
INSERT INTO `card` (id, type, title, header, content, option) VALUES ('12899_10', 3, NULL, 'assets/topic/asb/10070.png', '"My love,  why have you run all this long distance alone and at such a time of night?" asked Trevor. He fetched water for her and allowed her to rest. Trevor could not settle down while he waited for Apenyo to talk.', NULL);
INSERT INTO `card` (id, type, title, header, content, option) VALUES ('12899_11', 3, NULL, 'assets/topic/asb/10071.png', '"My dear princess, what is the problem?" asked Trevor. Apenyo breathed heavily and said sadly, "My father wants to marry me off to chief Aludah the Great. But I can''t marry that horrible man. Trevor, I want to marry you even if you are poor. I am ready to suffer. I love you."', NULL);
INSERT INTO `card` (id, type, title, header, content, option) VALUES ('12899_12', 3, NULL, 'assets/topic/asb/10072.png', '"But princess, I have nothing to pay as your bride price, you know I''m a poor boy," cried Trevor. Apenyo replied, "I know, but it''s only you I can get married to." She thought for a while and said, "Let''s go to Kategga the boatman and ask him to take us across the river. That way we can escape and my father will never find us."', NULL);
INSERT INTO `card` (id, type, title, header, content, option) VALUES ('12899_13', 3, NULL, 'assets/topic/asb/10211.png', 'Back at the palace, king Kayanja had discovered princess Apenyo''s disappearance. He ordered his subjects to search for her everywhere. The king''s guards, soldiers, and everyone else searched, but they couldn''t find the princess. They went back to the king and told him that Apenyo was nowhere to be seen. "Then go back and search again," king Kayanja ordered. He was very annoyed.', NULL);
INSERT INTO `card` (id, type, title, header, content, option) VALUES ('12899_14', 3, NULL, 'assets/topic/asb/10075.png', 'As princess Apenyo and Trevor hurried to the riverbank, dark clouds began gathering in the sky. A heavy storm was coming.', NULL);
INSERT INTO `card` (id, type, title, header, content, option) VALUES ('12899_15', 3, NULL, 'assets/topic/asb/10076.png', 'Kategga the boatman was mooring his boat when the young couple approached him. Trevor asked Kategga to row them across the river. Kategga refused to accept, explaining that a heavy storm was fast approaching, and it would be too dangerous.', NULL);
INSERT INTO `card` (id, type, title, header, content, option) VALUES ('12899_16', 3, NULL, 'assets/topic/asb/10077.png', 'Trevor insisted and explained to Kategga why they must cross. He then put his hand deep in his pocket and took out a cowrie shell to give to Kategga. When Kategga heard their story and saw the beautiful shell,  he felt sorry for them. He agreed to row them across the river in spite of the weather.', NULL);
INSERT INTO `card` (id, type, title, header, content, option) VALUES ('12899_17', 3, NULL, 'assets/topic/asb/10078.png', 'When king Kayanja and chief Aludah reached the bank, they saw the three people in the boat. They realised that the young lovers had escaped. Heavy winds rocked the boat and Kategga could no longer control it. King Kayanja shouted, "Apenyo, please come back! I forgive you. I will never punish you or Trevor."', NULL);
INSERT INTO `card` (id, type, title, header, content, option) VALUES ('12899_18', 3, NULL, 'assets/topic/asb/10079.png', 'But it was too late. The boat tipped over and the three people were thrown into the wild water. They all drowned.
After that day, everyone in king Kayanja''s kingdom could marry anyone they wanted, rich or poor.', NULL);
INSERT INTO `card` (id, type, title, header, content, option) VALUES ('12899_19', 3, NULL, NULL, 'You are free to download, copy, translate or adapt this story and use the illustrations as long as you attribute in the following way:
King Kayanja and his daughter
Author -
Amana Yunus
Illustration -
Natalie Propa
Language -
English
Level -
Longer paragraphs
© African Storybook Initiative 2014
Creative Commons: Attribution 4.0
Source
www.africanstorybook.org', NULL);
INSERT INTO `card` (id, type, title, header, content, option) VALUES ('12899_20', 1, 'Draw a boat on a river.', 'assets/topic/12899.svg', NULL, NULL);
INSERT INTO `cardExtra` (cardId, type, serial, content) VALUES ('12899_20', 2, 1, 'assets/topic/12899.svg');
INSERT INTO `card` (id, type, title, header, content, option) VALUES ('12899_21', 0, 'Whom did Apenyo wanted to marry?', NULL, NULL, 'oneAtATime');
INSERT INTO `cardExtra` (cardId, type, serial, content) VALUES ('12899_21', 1, 1, 'Trevor');
INSERT INTO `cardExtra` (cardId, type, serial, content) VALUES ('12899_21', 0, 1, 'Aludah');
INSERT INTO `cardExtra` (cardId, type, serial, content) VALUES ('12899_21', 0, 2, 'Kategga');
INSERT INTO `cardExtra` (cardId, type, serial, content) VALUES ('12899_21', 0, 3, 'No one');
INSERT INTO `card` (id, type, title, header, content, option) VALUES ('12899_26', 0, 'Everyone in king Kayanja''s kingdom could marry anyone they wanted, rich or poor.', NULL, NULL, 'oneAtATime');
INSERT INTO `cardExtra` (cardId, type, serial, content) VALUES ('12899_26', 1, 1, 'True.');
INSERT INTO `cardExtra` (cardId, type, serial, content) VALUES ('12899_26', 0, 1, 'False.');
INSERT INTO `card` (id, type, title, header, content, option) VALUES ('12899_29', 0, 'What should you be free to do?', NULL, NULL, 'open');
INSERT INTO `cardExtra` (cardId, type, serial, content) VALUES ('12899_29', 0, 1, 'Eat anything');
INSERT INTO `cardExtra` (cardId, type, serial, content) VALUES ('12899_29', 0, 2, 'Marry anyone');
INSERT INTO `cardExtra` (cardId, type, serial, content) VALUES ('12899_29', 0, 3, 'Play with anything');
INSERT INTO `cardExtra` (cardId, type, serial, content) VALUES ('12899_29', 0, 4, 'Go anywhere');
INSERT INTO `card` (id, type, title, header, content, option) VALUES ('18417', 2, 'Kalabushe the talkative', 'assets/topic/asb/9449.png', 'Gaspah Juma
Jesse Breytenbach', 'FFF4E1B5');
INSERT INTO `card` (id, type, title, header, content, option) VALUES ('18417_3', 3, NULL, 'assets/topic/asb/9393.png', 'Long time ago,  there lived a girl whose name was Kalabushe. Kalabushe was a very talkative girl. Although her mother warned her not to talk too much,  Kalabushe did not listen.', NULL);
INSERT INTO `card` (id, type, title, header, content, option) VALUES ('18417_4', 3, NULL, 'assets/topic/asb/9392.png', 'Kalabushe''s aunt lived across the valley on the other side of Kalabushe''s village. One day she fell ill. She had nobody to take care of her.', NULL);
INSERT INTO `card` (id, type, title, header, content, option) VALUES ('18417_5', 3, NULL, 'assets/topic/asb/9394.png', 'Kalabushe''s mother was very busy. It was late in the evening when she gave Kalabushe food to take to her sick aunt.', NULL);
INSERT INTO `card` (id, type, title, header, content, option) VALUES ('18417_6', 3, NULL, 'assets/topic/asb/9395.png', 'On the way,  Kalabushe met Sinson. Sinson was a hyena who had changed into a person.', NULL);
INSERT INTO `card` (id, type, title, header, content, option) VALUES ('18417_7', 3, NULL, 'assets/topic/asb/9448.png', 'Sinson asked Kalabushe,  "What are you carrying?" Kalabushe answered,  "I am carrying meat,  eggs and milk." Kalabushe''s mother had warned her not to say what she was carrying.', NULL);
INSERT INTO `card` (id, type, title, header, content, option) VALUES ('18417_8', 3, NULL, 'assets/topic/asb/9449.png', 'Kalabushe also said,  "I am taking the food to my sick aunt." Sinson licked his lips at the thought of the meat that Kalabushe was carrying.', NULL);
INSERT INTO `card` (id, type, title, header, content, option) VALUES ('18417_9', 3, NULL, 'assets/topic/asb/9450.png', 'Sinson quickly ran ahead of Kalabushe to her aunt''s house.', NULL);
INSERT INTO `card` (id, type, title, header, content, option) VALUES ('18417_10', 3, NULL, 'assets/topic/asb/9445.png', 'He swallowed Kalabushe''s aunt and then covered himself with her blanket.', NULL);
INSERT INTO `card` (id, type, title, header, content, option) VALUES ('18417_11', 3, NULL, 'assets/topic/asb/9447.png', 'When Kalabushe arrived,  the house was very quiet. She went inside and called out,  "Aunt,  where are you?"', NULL);
INSERT INTO `card` (id, type, title, header, content, option) VALUES ('18417_12', 3, NULL, 'assets/topic/asb/9446.png', 'Kalabushe did not hear her aunt''s voice.  She went to the inner room where her aunt slept. She was surprised when she saw someone covered with a big blanket.', NULL);
INSERT INTO `card` (id, type, title, header, content, option) VALUES ('18417_13', 3, NULL, 'assets/topic/asb/9451.png', 'Kalabushe asked,  "Aunt,  why are your ears so big today?"
Sinson replied from under the big blanket, "So that I can hear you well."', NULL);
INSERT INTO `card` (id, type, title, header, content, option) VALUES ('18417_14', 3, NULL, 'assets/topic/asb/9452.png', 'Kalabushe asked again,  "Aunt, why are your eyes so big today?"
Sinson answered,  "So I can see you well."', NULL);
INSERT INTO `card` (id, type, title, header, content, option) VALUES ('18417_15', 3, NULL, 'assets/topic/asb/9453.png', 'Kalabushe finally asked,  "Aunt,  why is your mouth so big today?"
Sinson replied,  "So I can eat you up!" He jumped from the bed and swallowed Kalabushe.', NULL);
INSERT INTO `card` (id, type, title, header, content, option) VALUES ('18417_16', 3, NULL, 'assets/topic/asb/9522.png', 'Kalabushe kept talking even when she was inside Sinson''s stomach. She asked many questions.', NULL);
INSERT INTO `card` (id, type, title, header, content, option) VALUES ('18417_17', 3, NULL, 'assets/topic/asb/9523.png', 'In the end,  Sinson was so tired of Kalabushe''s many questions that he decided to spit her out.', NULL);
INSERT INTO `card` (id, type, title, header, content, option) VALUES ('18417_18', 3, NULL, 'assets/topic/asb/9455.png', 'Kalabushe and her aunt were rescued by the villagers.
From that day,  Kalabushe did not talk too much to strangers.', NULL);
INSERT INTO `card` (id, type, title, header, content, option) VALUES ('18417_19', 3, NULL, NULL, 'You are free to download, copy, translate or adapt this story and use the illustrations as long as you attribute in the following way:
Kalabushe the talkative
Author -
Gaspah Juma
Translation -
Gaspah Juma
Illustration -
Jesse Breytenbach
Language -
English
Level -
First paragraphs
© African Storybook Initiative 2014
Creative Commons: Attribution 4.0
Source
www.africanstorybook.org', NULL);
INSERT INTO `card` (id, type, title, header, content, option) VALUES ('18417_20', 1, 'Draw a hyena', 'assets/topic/18417.svg', NULL, NULL);
INSERT INTO `cardExtra` (cardId, type, serial, content) VALUES ('18417_20', 2, 1, 'assets/topic/18417.svg');
INSERT INTO `card` (id, type, title, header, content, option) VALUES ('18417_21', 0, 'Kalabushe was a very talkative girl.', NULL, NULL, 'oneAtATime');
INSERT INTO `cardExtra` (cardId, type, serial, content) VALUES ('18417_21', 1, 1, 'True.');
INSERT INTO `cardExtra` (cardId, type, serial, content) VALUES ('18417_21', 0, 1, 'False.');
INSERT INTO `card` (id, type, title, header, content, option) VALUES ('18417_24', 0, 'Whose name is Sinson?', NULL, NULL, 'oneAtATime');
INSERT INTO `cardExtra` (cardId, type, serial, content) VALUES ('18417_24', 1, 1, 'Hyena');
INSERT INTO `cardExtra` (cardId, type, serial, content) VALUES ('18417_24', 0, 1, 'Monkey');
INSERT INTO `cardExtra` (cardId, type, serial, content) VALUES ('18417_24', 0, 2, 'Rat');
INSERT INTO `cardExtra` (cardId, type, serial, content) VALUES ('18417_24', 0, 3, 'Lion');
INSERT INTO `card` (id, type, title, header, content, option) VALUES ('18417_29', 0, 'From above story we come to know that we should not talk to___________.', NULL, NULL, 'oneAtATime');
INSERT INTO `cardExtra` (cardId, type, serial, content) VALUES ('18417_29', 1, 1, 'Strangers');
INSERT INTO `cardExtra` (cardId, type, serial, content) VALUES ('18417_29', 0, 1, 'Friends');
INSERT INTO `cardExtra` (cardId, type, serial, content) VALUES ('18417_29', 0, 2, 'Aunt');
INSERT INTO `cardExtra` (cardId, type, serial, content) VALUES ('18417_29', 0, 3, 'Uncle');
INSERT INTO `card` (id, type, title, header, content, option) VALUES ('18417_34', 0, 'What kind of person are you?', NULL, NULL, 'open');
INSERT INTO `cardExtra` (cardId, type, serial, content) VALUES ('18417_34', 0, 1, 'Kind');
INSERT INTO `cardExtra` (cardId, type, serial, content) VALUES ('18417_34', 0, 2, 'Talkative');
INSERT INTO `cardExtra` (cardId, type, serial, content) VALUES ('18417_34', 0, 3, 'Cheerful');
INSERT INTO `cardExtra` (cardId, type, serial, content) VALUES ('18417_34', 0, 4, 'Happy');
INSERT INTO `card` (id, type, title, header, content, option) VALUES ('22084', 2, 'Leopard and Antelope', 'assets/topic/asb/17309.png', 'Magabi Enyew Gessesse
Isaac Okwir', 'FFB3C8FF');
INSERT INTO `card` (id, type, title, header, content, option) VALUES ('22084_3', 3, NULL, 'assets/topic/asb/17306.png', 'Leopard was always trying to catch Antelope.', NULL);
INSERT INTO `card` (id, type, title, header, content, option) VALUES ('22084_4', 3, NULL, 'assets/topic/asb/17307.png', 'And Antelope was always escaping from Leopard.', NULL);
INSERT INTO `card` (id, type, title, header, content, option) VALUES ('22084_5', 3, NULL, 'assets/topic/asb/17309.png', 'One day,  Leopard called out to Antelope,  "Let''s be friends. What you eat,  I don''t eat. Nothing makes us enemies."', NULL);
INSERT INTO `card` (id, type, title, header, content, option) VALUES ('22084_6', 3, NULL, 'assets/topic/asb/17310.png', 'Antelope agreed. So Leopard said,  "Let''s make an oath to be friends. If either of us breaks the oath,  her child will die."', NULL);
INSERT INTO `card` (id, type, title, header, content, option) VALUES ('22084_7', 3, NULL, 'assets/topic/asb/17311.png', 'They made an oath to be friends. At night,  Antelope slept under a tree. Leopard slept in the branches above.', NULL);
INSERT INTO `card` (id, type, title, header, content, option) VALUES ('22084_8', 3, NULL, 'assets/topic/asb/17312.png', 'Antelope soon became fat. Leopard became thin.', NULL);
INSERT INTO `card` (id, type, title, header, content, option) VALUES ('22084_9', 3, NULL, 'assets/topic/asb/17313.png', 'Leopard was tempted to eat fat Antelope. She said to herself,  "I don''t care about the oath. I don''t even have a child!"', NULL);
INSERT INTO `card` (id, type, title, header, content, option) VALUES ('22084_10', 3, NULL, 'assets/topic/asb/17314.png', 'Leopard jumped down to catch Antelope. But she got caught between two branches.', NULL);
INSERT INTO `card` (id, type, title, header, content, option) VALUES ('22084_11', 3, NULL, 'assets/topic/asb/17315.png', 'Antelope was shocked. She leaped up and cried,  "Beh! Beh!"', NULL);
INSERT INTO `card` (id, type, title, header, content, option) VALUES ('22084_12', 3, NULL, 'assets/topic/asb/17316.png', 'Leopard begged,  "My friend,  help me. We agreed that whoever broke our oath to be friends,  would lose a child."', NULL);
INSERT INTO `card` (id, type, title, header, content, option) VALUES ('22084_13', 3, NULL, 'assets/topic/asb/17317.png', 'Antelope replied,  "It must have been your parent who made the oath. Now it is meant for you!"', NULL);
INSERT INTO `card` (id, type, title, header, content, option) VALUES ('22084_14', 3, NULL, NULL, 'You are free to download, copy, translate or adapt this story and use the illustrations as long as you attribute in the following way:
Leopard and Antelope
Author -
Magabi Enyew Gessesse and Elizabeth Laird
Illustration -
Isaac Okwir
Language -
English
Level -
First sentences
© African Storybook Initiative 2016
Creative Commons: Attribution 4.0
Source
www.africanstorybook.org
Original source
www.ethiopianfolktales.com', NULL);
INSERT INTO `card` (id, type, title, header, content, option) VALUES ('22084_15', 1, 'Draw a tree with branches and decorate it.', 'assets/topic/22084.svg', NULL, NULL);
INSERT INTO `cardExtra` (cardId, type, serial, content) VALUES ('22084_15', 2, 1, 'assets/topic/22084.svg');
INSERT INTO `card` (id, type, title, header, content, option) VALUES ('22084_16', 0, 'From whom was Antelope always escaping?', NULL, NULL, 'oneAtATime');
INSERT INTO `cardExtra` (cardId, type, serial, content) VALUES ('22084_16', 1, 1, 'Leopard');
INSERT INTO `cardExtra` (cardId, type, serial, content) VALUES ('22084_16', 0, 1, 'Lion');
INSERT INTO `cardExtra` (cardId, type, serial, content) VALUES ('22084_16', 0, 2, 'Cat');
INSERT INTO `cardExtra` (cardId, type, serial, content) VALUES ('22084_16', 0, 3, 'Rat');
INSERT INTO `card` (id, type, title, header, content, option) VALUES ('22084_21', 0, 'Leopard was caught between two branches.', NULL, NULL, 'oneAtATime');
INSERT INTO `cardExtra` (cardId, type, serial, content) VALUES ('22084_21', 1, 1, 'True.');
INSERT INTO `cardExtra` (cardId, type, serial, content) VALUES ('22084_21', 0, 1, 'False.');
INSERT INTO `card` (id, type, title, header, content, option) VALUES ('22084_24', 0, 'What sort of animal was the Leopard?', NULL, NULL, 'open');
INSERT INTO `cardExtra` (cardId, type, serial, content) VALUES ('22084_24', 0, 1, 'Hungry');
INSERT INTO `cardExtra` (cardId, type, serial, content) VALUES ('22084_24', 0, 2, 'Cunning');
INSERT INTO `cardExtra` (cardId, type, serial, content) VALUES ('22084_24', 0, 3, 'Kind');
INSERT INTO `cardExtra` (cardId, type, serial, content) VALUES ('22084_24', 0, 4, 'Tempted');
INSERT INTO `card` (id, type, title, header, content, option) VALUES ('20434', 2, 'Frog and Snake', 'assets/topic/asb/18784.png', 'John Emongot
 Rob Owen', 'FFCFB5DD');
INSERT INTO `card` (id, type, title, header, content, option) VALUES ('20434_3', 3, NULL, 'assets/topic/asb/18783.png', 'Once upon a time, Frog and Snake were good friends. Their homes were near each other and their children played together.', NULL);
INSERT INTO `card` (id, type, title, header, content, option) VALUES ('20434_4', 3, NULL, 'assets/topic/asb/18784.png', 'One day,  Frog said to Snake, "My friend I want to visit my mother next week. Would you like to go with me?"', NULL);
INSERT INTO `card` (id, type, title, header, content, option) VALUES ('20434_5', 3, NULL, 'assets/topic/asb/25000.png', '"I would be happy to go," Snake answered.
"Very good,  then let''s prepare for a long journey," replied Frog. "We also need to find someone to look after our homes while we are away," she added.', NULL);
INSERT INTO `card` (id, type, title, header, content, option) VALUES ('20434_6', 3, NULL, 'assets/topic/asb/25001.png', 'They asked Monkey to help since he was good and responsible. Monkey accepted.', NULL);
INSERT INTO `card` (id, type, title, header, content, option) VALUES ('20434_7', 3, NULL, 'assets/topic/asb/25002.png', 'During the next few days, the two friends were busy making arrangements for the journey.
Frog collected white ants and packed them in a big sack. Her mother loved to eat white ants.', NULL);
INSERT INTO `card` (id, type, title, header, content, option) VALUES ('20434_8', 3, NULL, 'assets/topic/asb/25003.png', 'The day arrived and the two friends set off at dawn.
Soon they reached the thick forest. As they entered the forest, a group of angry squirrels gathered to attack them.', NULL);
INSERT INTO `card` (id, type, title, header, content, option) VALUES ('20434_9', 3, NULL, 'assets/topic/asb/25004.png', 'Snake was so afraid that she started shaking. She hissed and hissed but the fierce squirrels kept on coming closer.', NULL);
INSERT INTO `card` (id, type, title, header, content, option) VALUES ('20434_10', 3, NULL, 'assets/topic/asb/25005.png', 'Just as the squirrels were about to attack them, Frog croaked very loudly.
The squirrels got such a fright that they ran away.', NULL);
INSERT INTO `card` (id, type, title, header, content, option) VALUES ('20434_11', 3, NULL, 'assets/topic/asb/25006.png', 'When the two friends finally arrived at Frog''s mother''s place, they were hungry and tired.
Frog''s mother gave them a mat to sit on while she was preparing food.', NULL);
INSERT INTO `card` (id, type, title, header, content, option) VALUES ('20434_12', 3, NULL, 'assets/topic/asb/25007.png', 'When the food was ready, Frog and Snake washed and sat down to eat.', NULL);
INSERT INTO `card` (id, type, title, header, content, option) VALUES ('20434_13', 3, NULL, 'assets/topic/asb/25008.png', 'Before they started eating, Frog said, "Snake you can''t eat while lying down. That is bad manners. Please sit up properly otherwise my mother will be offended."', NULL);
INSERT INTO `card` (id, type, title, header, content, option) VALUES ('20434_14', 3, NULL, 'assets/topic/asb/25009.png', 'Snake tried very hard to sit up like the frogs, but she failed.', NULL);
INSERT INTO `card` (id, type, title, header, content, option) VALUES ('20434_15', 3, NULL, 'assets/topic/asb/25010.png', 'Meanwhile Frog and her mother started eating the food.', NULL);
INSERT INTO `card` (id, type, title, header, content, option) VALUES ('20434_16', 3, NULL, 'assets/topic/asb/25011.png', '"I can''t sit up properly," Snake pleaded with Frog. But Frog would not listen.', NULL);
INSERT INTO `card` (id, type, title, header, content, option) VALUES ('20434_17', 3, NULL, 'assets/topic/asb/25012.png', 'Snake was so upset that she decided to go back to her home. She did not say farewell to the frogs.', NULL);
INSERT INTO `card` (id, type, title, header, content, option) VALUES ('20434_18', 3, NULL, 'assets/topic/asb/25013.png', 'On the way home, she made a plan to teach Frog a lesson!', NULL);
INSERT INTO `card` (id, type, title, header, content, option) VALUES ('20434_19', 3, NULL, NULL, 'You are free to download, copy, translate or adapt this story and use the illustrations as long as you attribute in the following way:
Frog and Snake
Author -
John Emongot
Illustration -
Rob Owen
Language -
English
Level -
First paragraphs
© African Storybook Initiative 2016
Creative Commons: Attribution 4.0
Source
www.africanstorybook.org', NULL);
INSERT INTO `card` (id, type, title, header, content, option) VALUES ('20434_20', 1, 'Draw a snake and decorate it.', 'assets/topic/20434.svg', NULL, NULL);
INSERT INTO `cardExtra` (cardId, type, serial, content) VALUES ('20434_20', 2, 1, 'assets/topic/20434.svg');
INSERT INTO `card` (id, type, title, header, content, option) VALUES ('20434_21', 0, 'Whom did Frog and Snake asked to look after their homes?', NULL, NULL, 'oneAtATime');
INSERT INTO `cardExtra` (cardId, type, serial, content) VALUES ('20434_21', 1, 1, 'Monkey');
INSERT INTO `cardExtra` (cardId, type, serial, content) VALUES ('20434_21', 0, 1, 'Tiger');
INSERT INTO `cardExtra` (cardId, type, serial, content) VALUES ('20434_21', 0, 2, 'parrot');
INSERT INTO `cardExtra` (cardId, type, serial, content) VALUES ('20434_21', 0, 3, 'snail');
INSERT INTO `card` (id, type, title, header, content, option) VALUES ('20434_26', 0, 'The two friends were attacked by angry squirrels', NULL, NULL, 'oneAtATime');
INSERT INTO `cardExtra` (cardId, type, serial, content) VALUES ('20434_26', 1, 1, 'True.');
INSERT INTO `cardExtra` (cardId, type, serial, content) VALUES ('20434_26', 0, 1, 'False.');
INSERT INTO `card` (id, type, title, header, content, option) VALUES ('20434_29', 0, 'What do think about frog''s mother?', NULL, NULL, 'open');
INSERT INTO `cardExtra` (cardId, type, serial, content) VALUES ('20434_29', 0, 1, 'KInd');
INSERT INTO `cardExtra` (cardId, type, serial, content) VALUES ('20434_29', 0, 2, 'Cruel');
INSERT INTO `cardExtra` (cardId, type, serial, content) VALUES ('20434_29', 0, 3, 'Disciplined');
INSERT INTO `cardExtra` (cardId, type, serial, content) VALUES ('20434_29', 0, 4, 'Good');
INSERT INTO `card` (id, type, title, header, content, option) VALUES ('22086', 2, 'Zama is great!', 'assets/topic/asb/7514.png', 'Nina Orange
Vusi Malindi', 'FF9DEDE3');
INSERT INTO `card` (id, type, title, header, content, option) VALUES ('22086_3', 3, NULL, 'assets/topic/asb/7513.png', 'My little brother sleeps late.
I wake early,  because I am great!', NULL);
INSERT INTO `card` (id, type, title, header, content, option) VALUES ('22086_4', 3, NULL, 'assets/topic/asb/7514.png', 'I am the one who lets in the sun.', NULL);
INSERT INTO `card` (id, type, title, header, content, option) VALUES ('22086_5', 3, NULL, 'assets/topic/asb/7517.png', '"You''re my morning star," says Ma.', NULL);
INSERT INTO `card` (id, type, title, header, content, option) VALUES ('22086_6', 3, NULL, 'assets/topic/asb/7507.png', 'I wash myself every day,  I don''t need any help.', NULL);
INSERT INTO `card` (id, type, title, header, content, option) VALUES ('22086_7', 3, NULL, 'assets/topic/asb/7515.png', 'I don''t mind cold water, or the blue soap that washes clothes.', NULL);
INSERT INTO `card` (id, type, title, header, content, option) VALUES ('22086_8', 3, NULL, 'assets/topic/asb/7518.png', 'Ma reminds,  "Don''t forget your teeth."
I reply,  "Never,  not me!"', NULL);
INSERT INTO `card` (id, type, title, header, content, option) VALUES ('22086_9', 3, NULL, 'assets/topic/asb/7516.png', 'After washing,  I greet Grandpa and Auntie.
I wish them a good day.', NULL);
INSERT INTO `card` (id, type, title, header, content, option) VALUES ('22086_10', 3, NULL, 'assets/topic/asb/7511.png', 'Then I dress myself.
"I''m big now, Ma," I say.', NULL);
INSERT INTO `card` (id, type, title, header, content, option) VALUES ('22086_11', 3, NULL, 'assets/topic/asb/7508.png', 'I can close my buttons and buckle my shoes.', NULL);
INSERT INTO `card` (id, type, title, header, content, option) VALUES ('22086_12', 3, NULL, 'assets/topic/asb/7512.png', 'I make sure my brother knows all the school news.', NULL);
INSERT INTO `card` (id, type, title, header, content, option) VALUES ('22086_13', 3, NULL, 'assets/topic/asb/7510.png', 'In class I do my best in every way.', NULL);
INSERT INTO `card` (id, type, title, header, content, option) VALUES ('22086_14', 3, NULL, 'assets/topic/asb/7509.png', 'I do all these good things every day.
But the thing I like most,  is to play and play!', NULL);
INSERT INTO `card` (id, type, title, header, content, option) VALUES ('22086_15', 3, NULL, NULL, 'You are free to download, copy, translate or adapt this story and use the illustrations as long as you attribute in the following way:
Zama is great!
Author -
Michael Oguttu
Adaptation -
Nina Orange
Illustration -
Vusi Malindi
Language -
English
Level -
First sentences
© Text: Uganda Community Libraries Association (Ugcla)  Artwork: African Storybook Initiative 2014
Creative Commons: Attribution 4.0
Source
www.africanstorybook.org', NULL);
INSERT INTO `card` (id, type, title, header, content, option) VALUES ('22086_16', 1, 'Draw a window with curtains.', 'assets/topic/22086.svg', NULL, NULL);
INSERT INTO `cardExtra` (cardId, type, serial, content) VALUES ('22086_16', 2, 1, 'assets/topic/22086.svg');
INSERT INTO `card` (id, type, title, header, content, option) VALUES ('22086_17', 0, 'Who sleeps late?', NULL, NULL, 'oneAtATime');
INSERT INTO `cardExtra` (cardId, type, serial, content) VALUES ('22086_17', 1, 1, 'Little brother');
INSERT INTO `cardExtra` (cardId, type, serial, content) VALUES ('22086_17', 0, 1, 'Mother');
INSERT INTO `cardExtra` (cardId, type, serial, content) VALUES ('22086_17', 0, 2, 'Father');
INSERT INTO `cardExtra` (cardId, type, serial, content) VALUES ('22086_17', 0, 3, 'Sister');
INSERT INTO `card` (id, type, title, header, content, option) VALUES ('22086_22', 0, 'In class I do my best in every way.', NULL, NULL, 'oneAtATime');
INSERT INTO `cardExtra` (cardId, type, serial, content) VALUES ('22086_22', 1, 1, 'True.');
INSERT INTO `cardExtra` (cardId, type, serial, content) VALUES ('22086_22', 0, 1, 'False.');
INSERT INTO `card` (id, type, title, header, content, option) VALUES ('22086_25', 0, 'Who do you relate above poem to?', NULL, NULL, 'open');
INSERT INTO `cardExtra` (cardId, type, serial, content) VALUES ('22086_25', 0, 1, 'Brother');
INSERT INTO `cardExtra` (cardId, type, serial, content) VALUES ('22086_25', 0, 2, 'Sister');
INSERT INTO `cardExtra` (cardId, type, serial, content) VALUES ('22086_25', 0, 3, 'Friend');
INSERT INTO `cardExtra` (cardId, type, serial, content) VALUES ('22086_25', 0, 4, 'Myself');
INSERT INTO `card` (id, type, title, header, content, option) VALUES ('10680', 2, 'Demane and Demazane', 'assets/topic/asb/2636.png', 'South African Folktale
 Jemma Kahn', 'FFB3C8FF');
INSERT INTO `card` (id, type, title, header, content, option) VALUES ('10680_3', 3, NULL, NULL, 'Once upon a time,  there was a boy called Demane. He had a twin sister called Demazane.', NULL);
INSERT INTO `card` (id, type, title, header, content, option) VALUES ('10680_4', 3, NULL, 'assets/topic/asb/2635.png', NULL, NULL);
INSERT INTO `card` (id, type, title, header, content, option) VALUES ('10680_5', 3, NULL, NULL, 'When their mother and father died,  they went to stay with their uncle. But they were badly treated. They were beaten with long sticks,  and given thin porridge only once a day for food. So they ran away.', NULL);
INSERT INTO `card` (id, type, title, header, content, option) VALUES ('10680_6', 3, NULL, 'assets/topic/asb/2636.png', NULL, NULL);
INSERT INTO `card` (id, type, title, header, content, option) VALUES ('10680_7', 3, NULL, NULL, 'They found a cave to live in. They were scared because they had heard that there were cannibals living in the hills. So they made a strong door to cover the entrance,  with only two holes to let in air and light. Demane warned his sister,  "Stay in the cave while I am out hunting,  and don''t cook any meat. Cannibals love the smell of cooking meat."', NULL);
INSERT INTO `card` (id, type, title, header, content, option) VALUES ('10680_8', 3, NULL, 'assets/topic/asb/2637.png', NULL, NULL);
INSERT INTO `card` (id, type, title, header, content, option) VALUES ('10680_9', 3, NULL, NULL, 'Each evening Demane brought back something he had killed – a hare or some birds or a small buck. As he came to the cave,  he sang,  "Demazane,  Demazane,  child of my mother,  open this cave to me. The swallows can enter it. It has two holes."', NULL);
INSERT INTO `card` (id, type, title, header, content, option) VALUES ('10680_10', 3, NULL, 'assets/topic/asb/2638.png', NULL, NULL);
INSERT INTO `card` (id, type, title, header, content, option) VALUES ('10680_11', 3, NULL, NULL, 'Demazane found it very boring to stay in the cave all day. So one day,  when her brother had gone,  she went out to explore. She found a stream to play in,  and some trees to climb. She felt free and happy. "Perhaps," she thought,  "there are no cannibals. Perhaps Uncle said there were cannibals just to frighten us."', NULL);
INSERT INTO `card` (id, type, title, header, content, option) VALUES ('10680_12', 3, NULL, 'assets/topic/asb/2639.png', NULL, NULL);
INSERT INTO `card` (id, type, title, header, content, option) VALUES ('10680_13', 3, NULL, NULL, 'The next day she felt bold enough to make a fire to warm herself. But she made it inside the cave with the door firmly shut – just to be on the safe side. "I''m sure it won''t matter if I put a little meat on the fire. It will be so good to have a cooked meal."', NULL);
INSERT INTO `card` (id, type, title, header, content, option) VALUES ('10680_14', 3, NULL, 'assets/topic/asb/2640.png', NULL, NULL);
INSERT INTO `card` (id, type, title, header, content, option) VALUES ('10680_15', 3, NULL, NULL, 'When her brother came home he sang as usual,  "Demazane,  Demazane,  child of my mother,  open this cave to me.  The swallows can enter it. It has two holes. "She opened the door and let him in. When he saw the cooked meat,  Demane asked,  "How did you do this without a fire?" "I dried the meat in the sun outside the cave," Demazane replied quickly. Demane was too tired to argue,  and they sat down to enjoy the meal together.', NULL);
INSERT INTO `card` (id, type, title, header, content, option) VALUES ('10680_16', 3, NULL, 'assets/topic/asb/2641.png', NULL, NULL);
INSERT INTO `card` (id, type, title, header, content, option) VALUES ('10680_17', 3, NULL, NULL, 'The next day,  she made a fire and cooked meat again. She had just finished when a voice sang outside the door,  "Demazane,  Demazane,  child of my mother,  open this cave to me. The swallows can enter it. It has two holes. "But the voice did not sound like her brother''s. Demazane said,  "No. You are not my brother. Your voice is not like his." She felt safe in the cave.', NULL);
INSERT INTO `card` (id, type, title, header, content, option) VALUES ('10680_18', 3, NULL, 'assets/topic/asb/2642.png', NULL, NULL);
INSERT INTO `card` (id, type, title, header, content, option) VALUES ('10680_19', 3, NULL, NULL, 'A little while later,  someone was singing outside the cave again,  "Do let me in,  my sister." "Demazane,  Demazane,  child of my mother,  open this cave to me. The swallows can enter it. It has two holes. "The voice sounded just like her brother''s,  so she opened the door.', NULL);
INSERT INTO `card` (id, type, title, header, content, option) VALUES ('10680_20', 3, NULL, 'assets/topic/asb/2643.png', NULL, NULL);
INSERT INTO `card` (id, type, title, header, content, option) VALUES ('10680_21', 3, NULL, NULL, 'A huge hairy man filled the opening of the cave. He grabbed Demazane before she could run away. Demazane just had time to pick up some ashes from the fire. As she was being carried away,  she dropped some ashes here and there along the path.', NULL);
INSERT INTO `card` (id, type, title, header, content, option) VALUES ('10680_22', 3, NULL, 'assets/topic/asb/2646.png', NULL, NULL);
INSERT INTO `card` (id, type, title, header, content, option) VALUES ('10680_23', 3, NULL, NULL, 'That day,  all Demane had managed to trap was a hive full of bees. He carried them in a thick bag slung over his shoulder. When he came to the cave,  he found the door open and his sister gone. But there were ashes pointing the way into the woods. He followed the ash along the path until he saw a fire in the distance.', NULL);
INSERT INTO `card` (id, type, title, header, content, option) VALUES ('10680_24', 3, NULL, 'assets/topic/asb/2644.png', NULL, NULL);
INSERT INTO `card` (id, type, title, header, content, option) VALUES ('10680_25', 3, NULL, NULL, 'Near the fire was a huge hairy man sitting with a large bag next to him. Demane walked up to the man,  pretending to limp,  "Please,  father,  can you help me? I''ve hurt my leg. I need some water." The man replied,  "I''ll get you some water,  if you will promise not to touch my bag." And he put the bag carefully in his hut.', NULL);
INSERT INTO `card` (id, type, title, header, content, option) VALUES ('10680_26', 3, NULL, 'assets/topic/asb/2645.png', NULL, NULL);
INSERT INTO `card` (id, type, title, header, content, option) VALUES ('10680_27', 3, NULL, NULL, 'But when he had gone,  Demane cut the string of the bag,  and out climbed his sister. Demane replaced the bag with his own bag full of bees. Brother and sister hid and waited to see what would happen.', NULL);
INSERT INTO `card` (id, type, title, header, content, option) VALUES ('10680_28', 3, NULL, 'assets/topic/asb/2647.png', NULL, NULL);
INSERT INTO `card` (id, type, title, header, content, option) VALUES ('10680_29', 3, NULL, NULL, 'When the man came with the water,  his son and daughter came with him. He said to his daughter,  "There is something nice in the bag in our hut. Go! Bring it!" She opened the bag a little to see what it was,  but the bees stung her hand,  and she called out,  "It is biting." "Go and help her!" he shouted to his son. But the result was the same.', NULL);
INSERT INTO `card` (id, type, title, header, content, option) VALUES ('10680_30', 3, NULL, 'assets/topic/asb/2648.png', NULL, NULL);
INSERT INTO `card` (id, type, title, header, content, option) VALUES ('10680_31', 3, NULL, NULL, '"Don''t treat me like a fool," he shouted,  and stormed into the hut. He closed the door and opened the bag himself. The angry bees swarmed out and stung his head,  his nose,  his eyes. Blinded,  he jumped about,  howling with pain.', NULL);
INSERT INTO `card` (id, type, title, header, content, option) VALUES ('10680_32', 3, NULL, 'assets/topic/asb/2649.png', NULL, NULL);
INSERT INTO `card` (id, type, title, header, content, option) VALUES ('10680_33', 3, NULL, NULL, 'Then he ran and fell headlong into a pond,  where his head stuck fast in the mud. He turned into a piece of wood like the stump of a tree. Just right for a bee hive. For a long time after that,  Demane and Demazane ate delicious honey from that hive.', NULL);
INSERT INTO `card` (id, type, title, header, content, option) VALUES ('10680_34', 3, NULL, NULL, 'You are free to download, copy, translate or adapt this story and use the illustrations as long as you attribute in the following way:
Demane and Demazane
Author -
South African Folktale
Illustration -
Jemma Kahn
Language -
English
Level -
Longer paragraphs
© African Storybook Initiative 2014
Creative Commons: Attribution 4.0
Source
www.africanstorybook.org', NULL);
INSERT INTO `card` (id, type, title, header, content, option) VALUES ('10680_35', 1, 'Draw a cave and put animals inside', 'assets/topic/10680.svg', NULL, NULL);
INSERT INTO `cardExtra` (cardId, type, serial, content) VALUES ('10680_35', 2, 1, 'assets/topic/10680.svg');
INSERT INTO `card` (id, type, title, header, content, option) VALUES ('10680_36', 0, 'Where did Demane and Demazane find shelter?', NULL, NULL, 'oneAtATime');
INSERT INTO `cardExtra` (cardId, type, serial, content) VALUES ('10680_36', 1, 1, 'Cave');
INSERT INTO `cardExtra` (cardId, type, serial, content) VALUES ('10680_36', 0, 1, 'Hut');
INSERT INTO `cardExtra` (cardId, type, serial, content) VALUES ('10680_36', 0, 2, 'Tree');
INSERT INTO `cardExtra` (cardId, type, serial, content) VALUES ('10680_36', 0, 3, 'Stone house');
INSERT INTO `card` (id, type, title, header, content, option) VALUES ('10680_41', 0, 'what did Demane put in the hairy man''s bag?', NULL, NULL, 'oneAtATime');
INSERT INTO `cardExtra` (cardId, type, serial, content) VALUES ('10680_41', 1, 1, 'Bees');
INSERT INTO `cardExtra` (cardId, type, serial, content) VALUES ('10680_41', 0, 1, 'Cat');
INSERT INTO `cardExtra` (cardId, type, serial, content) VALUES ('10680_41', 0, 2, 'Fire');
INSERT INTO `cardExtra` (cardId, type, serial, content) VALUES ('10680_41', 0, 3, 'Ashes');
INSERT INTO `card` (id, type, title, header, content, option) VALUES ('10680_46', 0, 'How would you feel if you were alone?', NULL, NULL, 'open');
INSERT INTO `cardExtra` (cardId, type, serial, content) VALUES ('10680_46', 0, 1, 'Brave');
INSERT INTO `cardExtra` (cardId, type, serial, content) VALUES ('10680_46', 0, 2, 'Scared');
INSERT INTO `cardExtra` (cardId, type, serial, content) VALUES ('10680_46', 0, 3, 'Clever');
INSERT INTO `cardExtra` (cardId, type, serial, content) VALUES ('10680_46', 0, 4, 'Foolish');
INSERT INTO `card` (id, type, title, header, content, option) VALUES ('21445', 2, 'Pretty golden pen', 'assets/topic/asb/25333.png', 'Ahmed Mardiya and Ibrahim Sharifa
Andrews Opoku Antwi and Michelangelo Quaye Anang', 'FF9DEDE3');
INSERT INTO `card` (id, type, title, header, content, option) VALUES ('21445_3', 3, NULL, 'assets/topic/asb/25336.png', 'Long ago, in Pen Village, lived many pens.', NULL);
INSERT INTO `card` (id, type, title, header, content, option) VALUES ('21445_4', 3, NULL, 'assets/topic/asb/25337.png', 'There was Golden, Bic, Ballpoint, Gel, Marker, and others.', NULL);
INSERT INTO `card` (id, type, title, header, content, option) VALUES ('21445_5', 3, NULL, 'assets/topic/asb/25339.png', 'Golden was a pretty girl.
All the other pens in Pen Village wished to be like her.', NULL);
INSERT INTO `card` (id, type, title, header, content, option) VALUES ('21445_6', 3, NULL, 'assets/topic/asb/25340.png', 'Bic was Golden’s best friend.
“I will be the happiest pen in the whole of Pen Village if I get to be like Golden,” thought Bic.', NULL);
INSERT INTO `card` (id, type, title, header, content, option) VALUES ('21445_7', 3, NULL, 'assets/topic/asb/25341.png', 'But Golden was always sad and worried. She chose a lonely life away from all who loved her.', NULL);
INSERT INTO `card` (id, type, title, header, content, option) VALUES ('21445_8', 3, NULL, 'assets/topic/asb/25342.png', 'Nobody in Pen Village knew why Golden was always sad and worried. They believed she had all the reasons to be happy.', NULL);
INSERT INTO `card` (id, type, title, header, content, option) VALUES ('21445_9', 3, NULL, 'assets/topic/asb/25343.png', 'However, Golden had a big secret only she knew about.
What was Golden’s secret?', NULL);
INSERT INTO `card` (id, type, title, header, content, option) VALUES ('21445_10', 3, NULL, 'assets/topic/asb/25333.png', 'Although Golden was pretty and adored, she had no ink!
“Of what use is a Golden pen without ink?” cried Golden.', NULL);
INSERT INTO `card` (id, type, title, header, content, option) VALUES ('21445_11', 3, NULL, NULL, 'You are free to download, copy, translate or adapt this story and use the illustrations as long as you attribute in the following way:
Pretty golden pen
Author -
Ahmed Mardiya and Ibrahim Sharifa
Translation -
Ahmed Mardiya and Ibrahim Sharifa
Illustration -
Andrews Opoku Antwi and Michelangelo Quaye Anang
Language -
English
Level -
First sentences
© African Storybook Initiative 2017
Creative Commons: Attribution 4.0
Source
www.africanstorybook.org', NULL);
INSERT INTO `card` (id, type, title, header, content, option) VALUES ('21445_12', 1, 'Draw a pen and decorate it.', 'assets/topic/21445.svg', NULL, NULL);
INSERT INTO `cardExtra` (cardId, type, serial, content) VALUES ('21445_12', 2, 1, 'assets/topic/21445.svg');
INSERT INTO `card` (id, type, title, header, content, option) VALUES ('21445_13', 0, 'What is the name of pretty girl in pen village?', NULL, NULL, 'oneAtATime');
INSERT INTO `cardExtra` (cardId, type, serial, content) VALUES ('21445_13', 1, 1, 'Golden');
INSERT INTO `cardExtra` (cardId, type, serial, content) VALUES ('21445_13', 0, 1, 'Bic');
INSERT INTO `cardExtra` (cardId, type, serial, content) VALUES ('21445_13', 0, 2, 'Gel');
INSERT INTO `cardExtra` (cardId, type, serial, content) VALUES ('21445_13', 0, 3, 'Marker');
INSERT INTO `card` (id, type, title, header, content, option) VALUES ('21445_18', 0, 'Golden was sad because she had no ink.', NULL, NULL, 'oneAtATime');
INSERT INTO `cardExtra` (cardId, type, serial, content) VALUES ('21445_18', 1, 1, 'True.');
INSERT INTO `cardExtra` (cardId, type, serial, content) VALUES ('21445_18', 0, 1, 'False.');
INSERT INTO `card` (id, type, title, header, content, option) VALUES ('21445_21', 0, 'What should Golden pen do?', NULL, NULL, 'open');
INSERT INTO `cardExtra` (cardId, type, serial, content) VALUES ('21445_21', 0, 1, 'Get ink');
INSERT INTO `cardExtra` (cardId, type, serial, content) VALUES ('21445_21', 0, 2, 'Fill water');
INSERT INTO `cardExtra` (cardId, type, serial, content) VALUES ('21445_21', 0, 3, 'Run away');
INSERT INTO `cardExtra` (cardId, type, serial, content) VALUES ('21445_21', 0, 4, 'Do nothing');
INSERT INTO `card` (id, type, title, header, content, option) VALUES ('30807', 2, 'Peace', 'assets/topic/asb/8945.png', 'Niyifasha Epimaque
Steven McKimmie, Wiehan de Jager, Monge Tlaka, Jonathan Field, Emily Berg, Jano Strydom and Catherine Groenewald', 'FFB3C8FF');
INSERT INTO `card` (id, type, title, header, content, option) VALUES ('30807_3', 3, NULL, 'assets/topic/asb/7987.png', 'Peace is very important thing in our daily life.', NULL);
INSERT INTO `card` (id, type, title, header, content, option) VALUES ('30807_4', 3, NULL, 'assets/topic/asb/8999.png', 'whoever does not have peace does not plan or do anything right.', NULL);
INSERT INTO `card` (id, type, title, header, content, option) VALUES ('30807_5', 3, NULL, 'assets/topic/asb/13838.png', 'If you don''t have peace, you lose the living hope and you feel that whatever you do yields nothing.', NULL);
INSERT INTO `card` (id, type, title, header, content, option) VALUES ('30807_6', 3, NULL, 'assets/topic/asb/18929.png', 'Peace is the root of living hope, wealthy and sustainable development.', NULL);
INSERT INTO `card` (id, type, title, header, content, option) VALUES ('30807_7', 3, NULL, 'assets/topic/asb/6006.png', 'A family with peace is so strong that nothing can demolish or divide its members.', NULL);
INSERT INTO `card` (id, type, title, header, content, option) VALUES ('30807_8', 3, NULL, 'assets/topic/asb/8479.png', 'Friends with peace love each other a true love and they live without any disruption.', NULL);
INSERT INTO `card` (id, type, title, header, content, option) VALUES ('30807_9', 3, NULL, 'assets/topic/asb/13388.png', 'A country with peace does not have wars and what the citizens will, they gather their force and earn it.', NULL);
INSERT INTO `card` (id, type, title, header, content, option) VALUES ('30807_10', 3, NULL, 'assets/topic/asb/10611.png', 'May peace be with you all!', NULL);
INSERT INTO `card` (id, type, title, header, content, option) VALUES ('30807_11', 3, NULL, NULL, 'You are free to download, copy, translate or adapt this story and use the illustrations as long as you attribute in the following way:
Peace
Author -
Niyifasha Epimaque
Translation -
Niyifasha Epimaque
Illustration -
Steven McKimmie, Wiehan de Jager, Monge Tlaka, Jonathan Field, Emily Berg, Jano Strydom and Catherine Groenewald
Language -
English
Level -
First paragraphs
© African Storybook Initiative 2017
Creative Commons: Attribution 4.0
Source
www.africanstorybook.org
Original source
The author!', NULL);
INSERT INTO `card` (id, type, title, header, content, option) VALUES ('30807_12', 1, 'Draw dove.', 'assets/topic/30807.svg', NULL, NULL);
INSERT INTO `cardExtra` (cardId, type, serial, content) VALUES ('30807_12', 2, 1, 'assets/topic/30807.svg');
INSERT INTO `card` (id, type, title, header, content, option) VALUES ('30807_13', 0, 'What is most important thing in our life?', NULL, NULL, 'oneAtATime');
INSERT INTO `cardExtra` (cardId, type, serial, content) VALUES ('30807_13', 1, 1, 'Peace');
INSERT INTO `cardExtra` (cardId, type, serial, content) VALUES ('30807_13', 0, 1, 'Money');
INSERT INTO `cardExtra` (cardId, type, serial, content) VALUES ('30807_13', 0, 2, 'Job');
INSERT INTO `cardExtra` (cardId, type, serial, content) VALUES ('30807_13', 0, 3, 'Enemy');
INSERT INTO `card` (id, type, title, header, content, option) VALUES ('30807_18', 0, 'A family with peace is very strong that no one can divide  it.', NULL, NULL, 'oneAtATime');
INSERT INTO `cardExtra` (cardId, type, serial, content) VALUES ('30807_18', 1, 1, 'True.');
INSERT INTO `cardExtra` (cardId, type, serial, content) VALUES ('30807_18', 0, 1, 'False.');
INSERT INTO `card` (id, type, title, header, content, option) VALUES ('30807_21', 0, 'What else is important in life?', NULL, NULL, 'open');
INSERT INTO `cardExtra` (cardId, type, serial, content) VALUES ('30807_21', 0, 1, 'Food');
INSERT INTO `cardExtra` (cardId, type, serial, content) VALUES ('30807_21', 0, 2, 'Play');
INSERT INTO `cardExtra` (cardId, type, serial, content) VALUES ('30807_21', 0, 3, 'Strength');
INSERT INTO `cardExtra` (cardId, type, serial, content) VALUES ('30807_21', 0, 4, 'Happiness');
INSERT INTO `card` (id, type, title, header, content, option) VALUES ('30271', 2, 'Donkey', 'assets/topic/asb/26642.png', 'Little Zebra Books
Marleen Visser', 'FFB3C8FF');
INSERT INTO `card` (id, type, title, header, content, option) VALUES ('30271_3', 3, NULL, 'assets/topic/asb/26643.png', 'Dog', NULL);
INSERT INTO `card` (id, type, title, header, content, option) VALUES ('30271_4', 3, NULL, 'assets/topic/asb/26644.png', 'Duck', NULL);
INSERT INTO `card` (id, type, title, header, content, option) VALUES ('30271_5', 3, NULL, 'assets/topic/asb/26645.png', 'Cow', NULL);
INSERT INTO `card` (id, type, title, header, content, option) VALUES ('30271_6', 3, NULL, 'assets/topic/asb/26642.png', 'Donkey', NULL);
INSERT INTO `card` (id, type, title, header, content, option) VALUES ('30271_7', 3, NULL, 'assets/topic/asb/26647.png', 'Mouse', NULL);
INSERT INTO `card` (id, type, title, header, content, option) VALUES ('30271_8', 3, NULL, 'assets/topic/asb/26648.png', 'Cat', NULL);
INSERT INTO `card` (id, type, title, header, content, option) VALUES ('30271_9', 3, NULL, 'assets/topic/asb/26649.png', 'Sheep', NULL);
INSERT INTO `card` (id, type, title, header, content, option) VALUES ('30271_10', 3, NULL, 'assets/topic/asb/26687.png', 'Goat', NULL);
INSERT INTO `card` (id, type, title, header, content, option) VALUES ('30271_11', 3, NULL, 'assets/topic/asb/26652.png', 'Pig', NULL);
INSERT INTO `card` (id, type, title, header, content, option) VALUES ('30271_12', 3, NULL, 'assets/topic/asb/26651.png', 'Chicken', NULL);
INSERT INTO `card` (id, type, title, header, content, option) VALUES ('30271_13', 3, NULL, 'assets/topic/asb/26647.png', NULL, NULL);
INSERT INTO `card` (id, type, title, header, content, option) VALUES ('30271_14', 3, NULL, NULL, 'You are free to download, copy, translate or adapt this story and use the illustrations as long as you attribute in the following way:
Donkey
Author -
Little Zebra Books
Illustration -
Marleen Visser
Language -
English
Level -
First words
© African Storybook Initiative 2018
Creative Commons: Attribution 4.0
Source
www.africanstorybook.org', NULL);
INSERT INTO `card` (id, type, title, header, content, option) VALUES ('30271_15', 1, 'Paint a chicken and decorate it.', 'assets/topic/30271.svg', NULL, NULL);
INSERT INTO `cardExtra` (cardId, type, serial, content) VALUES ('30271_15', 2, 1, 'assets/topic/30271.svg');
INSERT INTO `card` (id, type, title, header, content, option) VALUES ('30271_16', 0, 'Which is the biggest animal among the group?', NULL, NULL, 'oneAtATime');
INSERT INTO `cardExtra` (cardId, type, serial, content) VALUES ('30271_16', 1, 1, 'Donkey');
INSERT INTO `cardExtra` (cardId, type, serial, content) VALUES ('30271_16', 0, 1, 'Sheep');
INSERT INTO `cardExtra` (cardId, type, serial, content) VALUES ('30271_16', 0, 2, 'Dog');
INSERT INTO `cardExtra` (cardId, type, serial, content) VALUES ('30271_16', 0, 3, 'Pig');
INSERT INTO `card` (id, type, title, header, content, option) VALUES ('30271_21', 0, 'List the animals in increasing order of their height.', NULL, NULL, 'many');
INSERT INTO `cardExtra` (cardId, type, serial, content) VALUES ('30271_21', 1, 1, 'Mouse');
INSERT INTO `cardExtra` (cardId, type, serial, content) VALUES ('30271_21', 1, 2, 'Cat');
INSERT INTO `cardExtra` (cardId, type, serial, content) VALUES ('30271_21', 1, 3, 'Duck');
INSERT INTO `cardExtra` (cardId, type, serial, content) VALUES ('30271_21', 1, 4, 'Pig');
INSERT INTO `cardExtra` (cardId, type, serial, content) VALUES ('30271_21', 1, 5, 'Donkey');
INSERT INTO `cardExtra` (cardId, type, serial, content) VALUES ('30271_21', 1, 6, 'Cow');
INSERT INTO `card` (id, type, title, header, content, option) VALUES ('30271_28', 0, 'Which is your favourite animal?', NULL, NULL, 'open');
INSERT INTO `cardExtra` (cardId, type, serial, content) VALUES ('30271_28', 0, 1, 'Cow');
INSERT INTO `cardExtra` (cardId, type, serial, content) VALUES ('30271_28', 0, 2, 'Dog');
INSERT INTO `cardExtra` (cardId, type, serial, content) VALUES ('30271_28', 0, 3, 'Pig');
INSERT INTO `cardExtra` (cardId, type, serial, content) VALUES ('30271_28', 0, 4, 'Cat');
INSERT INTO `card` (id, type, title, header, content, option) VALUES ('15612', 2, 'Donkey and Ox', 'assets/topic/asb/15496.png', 'Ursula Nafula
Salim Kasamba', 'FFF4E1B5');
INSERT INTO `card` (id, type, title, header, content, option) VALUES ('15612_3', 3, NULL, 'assets/topic/asb/15491.png', 'A farmer had an old ox.', NULL);
INSERT INTO `card` (id, type, title, header, content, option) VALUES ('15612_4', 3, NULL, 'assets/topic/asb/15492.png', 'He had a donkey too.
The ox and the donkey were friends.', NULL);
INSERT INTO `card` (id, type, title, header, content, option) VALUES ('15612_5', 3, NULL, 'assets/topic/asb/15493.png', 'In the evening, the ox told the donkey, "I am very tired today."', NULL);
INSERT INTO `card` (id, type, title, header, content, option) VALUES ('15612_6', 3, NULL, 'assets/topic/asb/15494.png', 'The ox told the donkey, "I did not rest today."', NULL);
INSERT INTO `card` (id, type, title, header, content, option) VALUES ('15612_7', 3, NULL, 'assets/topic/asb/15495.png', 'The donkey replied, "I worked harder than you."', NULL);
INSERT INTO `card` (id, type, title, header, content, option) VALUES ('15612_8', 3, NULL, 'assets/topic/asb/15496.png', 'The next day, the ox said, "Today was a bad day."', NULL);
INSERT INTO `card` (id, type, title, header, content, option) VALUES ('15612_9', 3, NULL, 'assets/topic/asb/15497.png', 'The donkey said, "When the farmer comes, say, ''Moo!'' He will let you rest."', NULL);
INSERT INTO `card` (id, type, title, header, content, option) VALUES ('15612_10', 3, NULL, 'assets/topic/asb/15498.png', 'The next morning, the ox cried, ''Moo!''
The farmer let him rest.', NULL);
INSERT INTO `card` (id, type, title, header, content, option) VALUES ('15612_11', 3, NULL, 'assets/topic/asb/15499.png', 'The farmer took the donkey out to plough the land.', NULL);
INSERT INTO `card` (id, type, title, header, content, option) VALUES ('15612_12', 3, NULL, 'assets/topic/asb/15500.png', 'The donkey worked hard all day.
He was very tired when he came home.', NULL);
INSERT INTO `card` (id, type, title, header, content, option) VALUES ('15612_13', 3, NULL, 'assets/topic/asb/15501.png', 'The donkey said, "The farmer said he will kill you for meat."', NULL);
INSERT INTO `card` (id, type, title, header, content, option) VALUES ('15612_14', 3, NULL, 'assets/topic/asb/15502.png', 'The ox said, "I will work tomorrow. I feel better now."', NULL);
INSERT INTO `card` (id, type, title, header, content, option) VALUES ('15612_15', 3, NULL, NULL, 'You are free to download, copy, translate or adapt this story and use the illustrations as long as you attribute in the following way:
Donkey and Ox
Author -
Melese Getahun Wolde and Elizabeth Laird
Adaptation -
Ursula Nafula
Illustration -
Salim Kasamba
Language -
English
Level -
First words
© African Storybook Initiative 2016
Creative Commons: Attribution 4.0
Source
www.africanstorybook.org
Original source
www.ethiopianfolktales.com', NULL);
INSERT INTO `card` (id, type, title, header, content, option) VALUES ('15612_16', 1, 'Paint a donkey and decorate it.', 'assets/topic/15612.svg', NULL, NULL);
INSERT INTO `cardExtra` (cardId, type, serial, content) VALUES ('15612_16', 2, 1, 'assets/topic/15612.svg');
INSERT INTO `card` (id, type, title, header, content, option) VALUES ('15612_17', 0, 'How many animals did the farmer have?', NULL, NULL, 'oneAtATime');
INSERT INTO `cardExtra` (cardId, type, serial, content) VALUES ('15612_17', 1, 1, 'Two');
INSERT INTO `cardExtra` (cardId, type, serial, content) VALUES ('15612_17', 0, 1, 'One');
INSERT INTO `cardExtra` (cardId, type, serial, content) VALUES ('15612_17', 0, 2, 'Three');
INSERT INTO `cardExtra` (cardId, type, serial, content) VALUES ('15612_17', 0, 3, 'Four');
INSERT INTO `card` (id, type, title, header, content, option) VALUES ('15612_22', 0, 'What does the cow say?', NULL, NULL, 'oneAtATime');
INSERT INTO `cardExtra` (cardId, type, serial, content) VALUES ('15612_22', 1, 1, 'Moo');
INSERT INTO `cardExtra` (cardId, type, serial, content) VALUES ('15612_22', 0, 1, 'Boo');
INSERT INTO `cardExtra` (cardId, type, serial, content) VALUES ('15612_22', 0, 2, 'Roo');
INSERT INTO `cardExtra` (cardId, type, serial, content) VALUES ('15612_22', 0, 3, 'Koo');
INSERT INTO `card` (id, type, title, header, content, option) VALUES ('15612_27', 0, 'Why should we work hard?', NULL, NULL, 'open');
INSERT INTO `cardExtra` (cardId, type, serial, content) VALUES ('15612_27', 0, 1, 'Makes us happy');
INSERT INTO `cardExtra` (cardId, type, serial, content) VALUES ('15612_27', 0, 2, 'Livelihood');
INSERT INTO `cardExtra` (cardId, type, serial, content) VALUES ('15612_27', 0, 3, 'Keeps us fit');
INSERT INTO `cardExtra` (cardId, type, serial, content) VALUES ('15612_27', 0, 4, 'We should not');
INSERT INTO `card` (id, type, title, header, content, option) VALUES ('21985', 2, 'Polygon family', 'assets/topic/asb/19270.png', 'Lindiwe Tshabalala
 Isaac Okwir', 'FF9DEDE3');
INSERT INTO `card` (id, type, title, header, content, option) VALUES ('21985_3', 3, NULL, 'assets/topic/asb/19268.png', '"This year we are going to have a special family gathering," announced Mom Polygon. "Who is coming? I hope all the Polygons will be there. I miss my cousins," said Khosi. "I miss my side of the family the most,  the Quadrilaterals," smiled Mom. "Yes,  it''s a long time since we saw Rectangle,  Square,  and Rhombus," said Dad Polygon. "Don''t forget,  they have three children now!" Mom reminded Dad.', NULL);
INSERT INTO `card` (id, type, title, header, content, option) VALUES ('21985_4', 3, NULL, 'assets/topic/asb/19270.png', '"What about cousin Scalene and her children? Are they coming?" asked Vusi. Mom answered,  "Yes,  they are Polygons,  although they are not Quadrilaterals. Their surname is Triangle. The kids are Isosceles and Equilateral." "Oh yes,  the Triangle family!" exclaimed Vusi. "But they look a lot like the Quadrilaterals." "No,  not exactly," said Mom. "Triangles have three sides,  while the Quadrilaterals have four sides,  like me."', NULL);
INSERT INTO `card` (id, type, title, header, content, option) VALUES ('21985_5', 3, NULL, 'assets/topic/asb/19271.png', 'Dad Polygon added,  "I am excited because my three other cousins will be here,  they are Pentagon,  Hexagon and Octagon. They are also part of our Polygon family." Vusi asked,  "Dad,  why we are called Polygons?"  "We are called polygons because we are 2-dimensional shapes. We are made of straight lines,  and our shape is closed,  as you can see,  all our lines join up. Our cousins the Triangles,  the Quadrilaterals,  the Hexagons and the Pentagons will all be visiting," replied Dad.', NULL);
INSERT INTO `card` (id, type, title, header, content, option) VALUES ('21985_6', 3, NULL, 'assets/topic/asb/19272.png', '"Did you say that is Octagon coming? Is she also our relative?" asked Khosi. "Of course my daughter,  by just looking at her you can see she belongs to our family. You need to look carefully at the number of sides your cousins have,  otherwise you might not be able to see the difference. Cousin Octagon has eight sides because her name starts with Octa," said Dad.', NULL);
INSERT INTO `card` (id, type, title, header, content, option) VALUES ('21985_7', 3, NULL, 'assets/topic/asb/19273.png', '"Okay,  what about Pentagon and Hexagon?" asked Vusi. "Cousin Hexagon has six sides because his name starts with Hexa," replied Dad. "Pentagons have five sides. Our teacher told us that Penta means ''five''," added Khosi. "And remember that Tri means three and Quad means four. That''s what makes your Triangle and Quadrilateral cousins look different," said Mom.', NULL);
INSERT INTO `card` (id, type, title, header, content, option) VALUES ('21985_8', 3, NULL, 'assets/topic/asb/19274.png', '"Dad,  how many sides does Heptagon have?" asked Vusi. Dad laughed and said,  "I am not going to tell you. Remember we took a photograph with them at your uncle''s wedding. I want you to look at the photograph carefully and tell me what you observe." Vusi looked at the photograph and quickly answered,  "Heptagon has seven sides!" Khosi added,  "Yes,  remember our teacher told us that Hepta means ''seven''."', NULL);
INSERT INTO `card` (id, type, title, header, content, option) VALUES ('21985_9', 3, NULL, 'assets/topic/asb/19275.png', '"Oh my wife,  can you see how clever our children are? Okay,  what about Deca,  what does it mean?" questioned Dad. "Ten! Ten!" shouted Vusi and Khosi together. "Yes,  that''s why one of your cousins is called Decagon,  but he is not coming because he has to represent the swimming team. There are so few Decagons at their school," Mom told them.', NULL);
INSERT INTO `card` (id, type, title, header, content, option) VALUES ('21985_10', 3, NULL, 'assets/topic/asb/19276.png', 'Then the children asked,  "Mom and Dad,  can we invite our friend Circle from next door?" Their parents agreed that Circle was welcome to join the family gathering. Just then they heard a knock at the front door,  and Dad got up to check. "The Quadrilaterals are here! Welcome! Welcome" called Dad.', NULL);
INSERT INTO `card` (id, type, title, header, content, option) VALUES ('21985_11', 3, NULL, 'assets/topic/asb/19277.png', 'The rest of the family jump up to greet Square,  Rectangle and the three Rhombus children. The Quadrilaterals are happy to arrive first.', NULL);
INSERT INTO `card` (id, type, title, header, content, option) VALUES ('21985_12', 3, NULL, 'assets/topic/asb/19278.png', 'The Triangle family knock on the door soon after the Quadrilaterals. Scalene,  Isosceles and Equilateral are tired after their long journey,  but they are so pleased to be with the rest of the family.', NULL);
INSERT INTO `card` (id, type, title, header, content, option) VALUES ('21985_13', 3, NULL, 'assets/topic/asb/19279.png', 'Finally,  Octagon and Heptagon arrive with their children,  two Pentagons and Hexagon. They have also brought three Squares with them. Octagon explained,  "I hope you don''t mind that three Quadrilateral children from the village have come with us. They have never visited the city before." "Friends and family are always welcome here," smiled Mom. Then she sent all the children outside to play.', NULL);
INSERT INTO `card` (id, type, title, header, content, option) VALUES ('21985_14', 3, NULL, 'assets/topic/asb/19280.png', '"What game are we going to play?" Vusi asked the other children. Equilateral squealed,  "Let''s play the tessellation game!" All the Polygon children started to tessellate. "Can I play with you? I also want to tessellate," said Circle. Vusi said,  "Shame,  I''m sorry you can''t tessellate my friend." One of the Squares added,  "Can''t you see your shape,  you are not a Polygon. Circles can''t tessellate."', NULL);
INSERT INTO `card` (id, type, title, header, content, option) VALUES ('21985_15', 3, NULL, 'assets/topic/asb/19281.png', 'Circle was sad and felt left out. It''s not so much fun playing together when someone is left out. Vusi said,  "Hey guys,  let''s rather play a game that Circle can also play." So the Polygons and Circle played happily together until the delicious food was ready.', NULL);
INSERT INTO `card` (id, type, title, header, content, option) VALUES ('21985_16', 3, NULL, 'assets/topic/asb/19282.png', NULL, NULL);
INSERT INTO `card` (id, type, title, header, content, option) VALUES ('21985_17', 3, NULL, 'assets/topic/asb/19283.png', NULL, NULL);
INSERT INTO `card` (id, type, title, header, content, option) VALUES ('21985_18', 3, NULL, 'assets/topic/asb/19284.png', NULL, NULL);
INSERT INTO `card` (id, type, title, header, content, option) VALUES ('21985_19', 3, NULL, NULL, 'You are free to download, copy, translate or adapt this story and use the illustrations as long as you attribute in the following way:
Polygon family
Author -
Lindiwe Tshabalala and African Storybook
Illustration -
Isaac Okwir
Language -
English
Level -
Read aloud
© African Storybook Initiative 2016
Creative Commons: Attribution 4.0
Source
www.africanstorybook.org', NULL);
INSERT INTO `card` (id, type, title, header, content, option) VALUES ('21985_20', 1, 'Draw five different geometric shapes and color them', 'assets/topic/21985.svg', NULL, NULL);
INSERT INTO `cardExtra` (cardId, type, serial, content) VALUES ('21985_20', 2, 1, 'assets/topic/21985.svg');
INSERT INTO `card` (id, type, title, header, content, option) VALUES ('21985_21', 0, 'How many sides does pentagon have?', NULL, NULL, 'oneAtATime');
INSERT INTO `cardExtra` (cardId, type, serial, content) VALUES ('21985_21', 1, 1, 'Five');
INSERT INTO `cardExtra` (cardId, type, serial, content) VALUES ('21985_21', 0, 1, 'One');
INSERT INTO `cardExtra` (cardId, type, serial, content) VALUES ('21985_21', 0, 2, 'Two');
INSERT INTO `cardExtra` (cardId, type, serial, content) VALUES ('21985_21', 0, 3, 'Three');
INSERT INTO `card` (id, type, title, header, content, option) VALUES ('21985_26', 0, 'Decagon has ten sides.', NULL, NULL, 'oneAtATime');
INSERT INTO `cardExtra` (cardId, type, serial, content) VALUES ('21985_26', 1, 1, 'True.');
INSERT INTO `cardExtra` (cardId, type, serial, content) VALUES ('21985_26', 0, 1, 'False.');
INSERT INTO `card` (id, type, title, header, content, option) VALUES ('21985_29', 0, 'Which is your favourite geometric shape?', NULL, NULL, 'open');
INSERT INTO `cardExtra` (cardId, type, serial, content) VALUES ('21985_29', 0, 1, 'Decagon');
INSERT INTO `cardExtra` (cardId, type, serial, content) VALUES ('21985_29', 0, 2, 'Pentagon');
INSERT INTO `cardExtra` (cardId, type, serial, content) VALUES ('21985_29', 0, 3, 'Octagon');
INSERT INTO `cardExtra` (cardId, type, serial, content) VALUES ('21985_29', 0, 4, 'Hexagon');
INSERT INTO `card` (id, type, title, header, content, option) VALUES ('21998', 2, 'Fana and her animals', 'assets/topic/asb/25266.png', 'Foziya Mohammed
Jesse Breytenbach', 'FF9DEDE3');
INSERT INTO `card` (id, type, title, header, content, option) VALUES ('21998_3', 3, NULL, 'assets/topic/asb/25265.png', 'Fana and her family live in Debre Birhan, a busy town in Ethiopia. Fana is a Grade 3 student. She is good-hearted and wise.', NULL);
INSERT INTO `card` (id, type, title, header, content, option) VALUES ('21998_4', 3, NULL, 'assets/topic/asb/25266.png', 'Fana loves animals. She has a cat, two hens, a goat and a dove. She spends time with these animals, feeding them, and playing with them.', NULL);
INSERT INTO `card` (id, type, title, header, content, option) VALUES ('21998_5', 3, NULL, 'assets/topic/asb/25267.png', 'One day, Fana was playing in the school yard with her friends when she saw children throwing stones at doves.
"Why are they hurting the doves?" She asked herself.', NULL);
INSERT INTO `card` (id, type, title, header, content, option) VALUES ('21998_6', 3, NULL, 'assets/topic/asb/25268.png', 'She stopped playing and ran towards the children throwing stones.
At first her friends didn''t understand what was happening, then they followed her. "Stop throwing stones," shouted Fana.', NULL);
INSERT INTO `card` (id, type, title, header, content, option) VALUES ('21998_7', 3, NULL, 'assets/topic/asb/25269.png', 'The other children ran away.
Fana caught the two injured doves. She saw wounds on their wings. She decided to take the two doves home to look after them.', NULL);
INSERT INTO `card` (id, type, title, header, content, option) VALUES ('21998_8', 3, NULL, 'assets/topic/asb/25270.png', 'She fed the doves. In the evening she told her family what she saw and did during the day, and how she saved the doves.', NULL);
INSERT INTO `card` (id, type, title, header, content, option) VALUES ('21998_9', 3, NULL, 'assets/topic/asb/25271.png', 'In the morning Fana and her parents went to the clinic and got medicine for the doves.
After a few days, the doves'' wounds healed. Fana felt very happy.', NULL);
INSERT INTO `card` (id, type, title, header, content, option) VALUES ('21998_10', 3, NULL, 'assets/topic/asb/25272.png', 'Fana always tells her friends, "I love animals. Animals are useful to us and they are our friends. We must protect and preserve them."', NULL);
INSERT INTO `card` (id, type, title, header, content, option) VALUES ('21998_11', 3, NULL, NULL, 'You are free to download, copy, translate or adapt this story and use the illustrations as long as you attribute in the following way:
Fana and her animals
Author -
Foziya Mohammed
Illustration -
Jesse Breytenbach
Language -
English
Level -
First paragraphs
© African Storybook Initiative 2017
Creative Commons: Attribution 4.0
Source
www.africanstorybook.org', NULL);
INSERT INTO `card` (id, type, title, header, content, option) VALUES ('21998_12', 1, 'Paint doves and decorate.', 'assets/topic/21998.svg', NULL, NULL);
INSERT INTO `cardExtra` (cardId, type, serial, content) VALUES ('21998_12', 2, 1, 'assets/topic/21998.svg');
INSERT INTO `card` (id, type, title, header, content, option) VALUES ('21998_13', 0, 'Select the animals Fana had.', NULL, NULL, 'many');
INSERT INTO `cardExtra` (cardId, type, serial, content) VALUES ('21998_13', 1, 1, 'Cat');
INSERT INTO `cardExtra` (cardId, type, serial, content) VALUES ('21998_13', 1, 2, 'Hen');
INSERT INTO `cardExtra` (cardId, type, serial, content) VALUES ('21998_13', 1, 3, 'Dove');
INSERT INTO `cardExtra` (cardId, type, serial, content) VALUES ('21998_13', 1, 4, 'Goat');
INSERT INTO `cardExtra` (cardId, type, serial, content) VALUES ('21998_13', 0, 1, 'Donkey');
INSERT INTO `cardExtra` (cardId, type, serial, content) VALUES ('21998_13', 0, 2, 'Lion');
INSERT INTO `cardExtra` (cardId, type, serial, content) VALUES ('21998_13', 0, 3, 'Eagle');
INSERT INTO `card` (id, type, title, header, content, option) VALUES ('21998_21', 0, 'What did Fana and her parents bring from the clinic?', NULL, NULL, 'oneAtATime');
INSERT INTO `cardExtra` (cardId, type, serial, content) VALUES ('21998_21', 1, 1, 'Medicine');
INSERT INTO `cardExtra` (cardId, type, serial, content) VALUES ('21998_21', 0, 1, 'Bread');
INSERT INTO `cardExtra` (cardId, type, serial, content) VALUES ('21998_21', 0, 2, 'Biscuit');
INSERT INTO `cardExtra` (cardId, type, serial, content) VALUES ('21998_21', 0, 3, 'Water');
INSERT INTO `card` (id, type, title, header, content, option) VALUES ('21998_26', 0, 'What do you apply when you get hurt?', NULL, NULL, 'open');
INSERT INTO `cardExtra` (cardId, type, serial, content) VALUES ('21998_26', 0, 1, 'Medicine');
INSERT INTO `cardExtra` (cardId, type, serial, content) VALUES ('21998_26', 0, 2, 'Stone');
INSERT INTO `cardExtra` (cardId, type, serial, content) VALUES ('21998_26', 0, 3, 'Mud');
INSERT INTO `cardExtra` (cardId, type, serial, content) VALUES ('21998_26', 0, 4, 'Water');
INSERT INTO `card` (id, type, title, header, content, option) VALUES ('15613', 2, 'Hyena and Tortoise', 'assets/topic/asb/13398.png', 'Alice Mulwa
 Salim Kasamba', 'FFB3C8FF');
INSERT INTO `card` (id, type, title, header, content, option) VALUES ('15613_3', 3, NULL, 'assets/topic/asb/13395.png', 'A long time ago,  in the village of Mkosi,  there lived a greedy hyena.', NULL);
INSERT INTO `card` (id, type, title, header, content, option) VALUES ('15613_4', 3, NULL, 'assets/topic/asb/13397.png', 'In a nearby village,  lived a timid tortoise. The hyena and the tortoise were friends.', NULL);
INSERT INTO `card` (id, type, title, header, content, option) VALUES ('15613_5', 3, NULL, 'assets/topic/asb/13398.png', 'Hyena heard that across the great western river lived bees that made delicious honey. These bees traveled once a year,  and were away from their hives for a whole week. "We must get that honey while the bees are away," said Hyena to Tortoise.', NULL);
INSERT INTO `card` (id, type, title, header, content, option) VALUES ('15613_6', 3, NULL, 'assets/topic/asb/13400.png', 'The tortoise was afraid to go. But he was too timid to refuse. The next morning,  the two animals set off for the beehives. The hyena walked very fast but the tortoise dragged behind in fear.', NULL);
INSERT INTO `card` (id, type, title, header, content, option) VALUES ('15613_7', 3, NULL, 'assets/topic/asb/13401.png', 'They went up a hill,  down into a valley and across the plains. Then they crossed the great western river,  and walked further.', NULL);
INSERT INTO `card` (id, type, title, header, content, option) VALUES ('15613_8', 3, NULL, 'assets/topic/asb/13403.png', 'Finally,  they saw beehives in trees on a hill. The hyena ran to the trees energetically. The tortoise almost fainted because he was so tired and hungry.', NULL);
INSERT INTO `card` (id, type, title, header, content, option) VALUES ('15613_9', 3, NULL, 'assets/topic/asb/13405.png', 'When Hyena reached the biggest beehive,  he wasted no time. He called to Tortoise,  "Quickly,  climb up the tree and knock down the hive."', NULL);
INSERT INTO `card` (id, type, title, header, content, option) VALUES ('15613_10', 3, NULL, 'assets/topic/asb/13406.png', 'The tortoise struggled slowly up the tree. He knew he could easily slip and fall. This annoyed the hyena,  who started yelling at Tortoise.', NULL);
INSERT INTO `card` (id, type, title, header, content, option) VALUES ('15613_11', 3, NULL, 'assets/topic/asb/13407.png', 'When Tortoise touched the beehive,  he heard the buzzing of bees. They were still in their hives! The tortoise was startled and fell out of the tree. The big beehive fell too.', NULL);
INSERT INTO `card` (id, type, title, header, content, option) VALUES ('15613_12', 3, NULL, 'assets/topic/asb/13408.png', 'The beehive landed on the tortoise. Honey covered him completely so he was hidden! Hyena started to lick up the honey. The bees were not pleased.', NULL);
INSERT INTO `card` (id, type, title, header, content, option) VALUES ('15613_13', 3, NULL, 'assets/topic/asb/13409.png', 'The bees stung the hyena on every part of his body. Hyena decided to run for his life but the bees followed him.', NULL);
INSERT INTO `card` (id, type, title, header, content, option) VALUES ('15613_14', 3, NULL, 'assets/topic/asb/13410.png', 'The hyena ran down the hill,  through the river,  across the plains and into the valley. The bees swarmed around him all the way,  stinging him.', NULL);
INSERT INTO `card` (id, type, title, header, content, option) VALUES ('15613_15', 3, NULL, 'assets/topic/asb/13411.png', 'The tortoise,  still under the big beehive,  noticed that everything was quiet. The beehive and honey had dried on his back.', NULL);
INSERT INTO `card` (id, type, title, header, content, option) VALUES ('15613_16', 3, NULL, 'assets/topic/asb/13412.png', 'Soon the tortoise realised that he no longer needed to crawl into a bush to hide. His hard new shell of honey could protect him.', NULL);
INSERT INTO `card` (id, type, title, header, content, option) VALUES ('15613_17', 3, NULL, 'assets/topic/asb/13414.png', 'The hyena was so tired and full of stings that he fainted before he got home. When he woke up,  he discovered that the stings had caused patches in his fur.', NULL);
INSERT INTO `card` (id, type, title, header, content, option) VALUES ('15613_18', 3, NULL, NULL, 'This is how the tortoise got his hard shell,  and the hyena got his patches. Hyena swore that he would never again steal. But the hyena and the tortoise are no longer friends.', NULL);
INSERT INTO `card` (id, type, title, header, content, option) VALUES ('15613_19', 3, NULL, NULL, 'You are free to download, copy, translate or adapt this story and use the illustrations as long as you attribute in the following way:
Hyena and Tortoise
Author -
Alice Mulwa
Illustration -
Salim Kasamba
Language -
English
Level -
First paragraphs
© African Storybook Initiative 2015
Creative Commons: Attribution 4.0
Source
www.africanstorybook.org', NULL);
INSERT INTO `card` (id, type, title, header, content, option) VALUES ('15613_20', 1, 'Paint a tortoise and  decorate it.', 'assets/topic/15613.svg', NULL, NULL);
INSERT INTO `cardExtra` (cardId, type, serial, content) VALUES ('15613_20', 2, 1, 'assets/topic/15613.svg');
INSERT INTO `card` (id, type, title, header, content, option) VALUES ('15613_21', 0, 'Who was the friend of greedy hyena?', NULL, NULL, 'oneAtATime');
INSERT INTO `cardExtra` (cardId, type, serial, content) VALUES ('15613_21', 1, 1, 'Tortoise');
INSERT INTO `cardExtra` (cardId, type, serial, content) VALUES ('15613_21', 0, 1, 'Monkey');
INSERT INTO `cardExtra` (cardId, type, serial, content) VALUES ('15613_21', 0, 2, 'Cheetah');
INSERT INTO `cardExtra` (cardId, type, serial, content) VALUES ('15613_21', 0, 3, 'Rabbit');
INSERT INTO `card` (id, type, title, header, content, option) VALUES ('15613_26', 0, 'Bees live in beehive.', NULL, NULL, 'oneAtATime');
INSERT INTO `cardExtra` (cardId, type, serial, content) VALUES ('15613_26', 1, 1, 'True.');
INSERT INTO `cardExtra` (cardId, type, serial, content) VALUES ('15613_26', 0, 1, 'False.');
INSERT INTO `card` (id, type, title, header, content, option) VALUES ('15613_29', 0, 'How should we treat our friends?', NULL, NULL, 'open');
INSERT INTO `cardExtra` (cardId, type, serial, content) VALUES ('15613_29', 0, 1, 'Kindness');
INSERT INTO `cardExtra` (cardId, type, serial, content) VALUES ('15613_29', 0, 2, 'Happiness');
INSERT INTO `cardExtra` (cardId, type, serial, content) VALUES ('15613_29', 0, 3, 'Cheerfully');
INSERT INTO `cardExtra` (cardId, type, serial, content) VALUES ('15613_29', 0, 4, 'Fairness');
INSERT INTO `card` (id, type, title, header, content, option) VALUES ('8698', 2, 'Hyena and Raven', 'assets/topic/asb/1725.png', 'Ann Nduku
 Wiehan de Jager', 'FFCFB5DD');
INSERT INTO `card` (id, type, title, header, content, option) VALUES ('8698_3', 3, NULL, 'assets/topic/asb/1725.png', 'Hyena and Raven were once great friends,  even though they were quite different in some ways. Raven could fly but Hyena was only able to walk.', NULL);
INSERT INTO `card` (id, type, title, header, content, option) VALUES ('8698_4', 3, NULL, 'assets/topic/asb/1726.png', 'One day Hyena,  curious to know something about his friend,  asked Raven,  "What is this white thing which is always below your neck?"', NULL);
INSERT INTO `card` (id, type, title, header, content, option) VALUES ('8698_5', 3, NULL, NULL, 'Raven answered,  "It is the fatty meat which I usually eat in the sky. I have been eating it for so long now it is stuck on my neck." On hearing about meat,  saliva started pouring out of Hyena''s mouth for he was greedy and he loved meat very much. Hyena really wanted to eat that meat. But how could he reach the meat in the sky if he had no wings to fly? "Please my friend," he asked Raven,  "lend me some feathers so that I can make myself some wings. I really want to be able to fly like you."', NULL);
INSERT INTO `card` (id, type, title, header, content, option) VALUES ('8698_6', 3, NULL, 'assets/topic/asb/1727.png', 'Raven was not mean,  so he gave him some feathers. Hyena sewed them together into wings. He fastened them to his body,  and tried to take off into the sky. But he was far too heavy for the few feathers to carry him. So he had to think of another plan.', NULL);
INSERT INTO `card` (id, type, title, header, content, option) VALUES ('8698_7', 3, NULL, 'assets/topic/asb/1728.png', '"Please my friend," he asked Raven,  "could I hold onto your tail as you fly up into the sky?" "All right," said Raven. "I know how much you want to fly. Let''s do it tomorrow morning." When day came,  Hyena took hold of Raven''s tail and Raven flew up into the sky.', NULL);
INSERT INTO `card` (id, type, title, header, content, option) VALUES ('8698_8', 3, NULL, 'assets/topic/asb/1729.png', 'Raven flew and flew and flew until he was exhausted. But Hyena said,  "Just a little further,  my friend!" He could see the white and fatty meat just above them,  and his mouth was watering.', NULL);
INSERT INTO `card` (id, type, title, header, content, option) VALUES ('8698_9', 3, NULL, NULL, 'When they reached the first piece of fatty meat,  Hyena felt a jerk. One of Raven''s tail feathers came off in his hand! Then there was another jerk,  and another. Raven felt much lighter,  and the ache in his tail was going. He sang: Raven''s feathers,  unpluck yourselves. Raven''s feathers,  unpluck yourselves. In response,  Hyena sang the opposite: Raven''s feathers hold on,  don''t unpluck yourselves. Raven''s feathers hold on,  don''t unpluck yourselves.', NULL);
INSERT INTO `card` (id, type, title, header, content, option) VALUES ('8698_10', 3, NULL, 'assets/topic/asb/1730.png', NULL, NULL);
INSERT INTO `card` (id, type, title, header, content, option) VALUES ('8698_11', 3, NULL, 'assets/topic/asb/1731.png', 'Finally,  the feathers could not hold Hyena anymore. He was in the middle of nowhere in the sky. He jumped onto the fatty meat thinking that as he ate,  the fatty meat would hold him. But as he tried to hold and eat the ''meat'',  all he felt was moist cloud!', NULL);
INSERT INTO `card` (id, type, title, header, content, option) VALUES ('8698_12', 3, NULL, 'assets/topic/asb/1732.png', 'By now he was falling fast. "Help,  help!" he shouted. But no one could hear him. Raven was lost in the clouds.', NULL);
INSERT INTO `card` (id, type, title, header, content, option) VALUES ('8698_13', 3, NULL, 'assets/topic/asb/1733.png', 'Hyena fell on the ground with a crash and lay silent for some minutes. He woke up howling in pain,  with a broken leg and dark scars all over his body.', NULL);
INSERT INTO `card` (id, type, title, header, content, option) VALUES ('8698_14', 3, NULL, 'assets/topic/asb/1734.png', 'From that day to now,  Hyena limps and he has many scars on his body. He has never been able to fly. And he and Raven are no longer friends.', NULL);
INSERT INTO `card` (id, type, title, header, content, option) VALUES ('8698_15', 3, NULL, NULL, 'You are free to download, copy, translate or adapt this story and use the illustrations as long as you attribute in the following way:
Hyena and Raven
Author -
Ann Nduku
Illustration -
Wiehan de Jager
Language -
English
Level -
Read aloud
© African Storybook Initiative 2014
Creative Commons: Attribution 4.0
Source
www.africanstorybook.org', NULL);
INSERT INTO `card` (id, type, title, header, content, option) VALUES ('8698_16', 1, 'Paint a raven and decorate it.', 'assets/topic/8698.svg', NULL, NULL);
INSERT INTO `cardExtra` (cardId, type, serial, content) VALUES ('8698_16', 2, 1, 'assets/topic/8698.svg');
INSERT INTO `card` (id, type, title, header, content, option) VALUES ('8698_17', 0, 'What did hyena sew with feathers?', NULL, NULL, 'oneAtATime');
INSERT INTO `cardExtra` (cardId, type, serial, content) VALUES ('8698_17', 1, 1, 'Wings');
INSERT INTO `cardExtra` (cardId, type, serial, content) VALUES ('8698_17', 0, 1, 'Tail');
INSERT INTO `cardExtra` (cardId, type, serial, content) VALUES ('8698_17', 0, 2, 'Kite');
INSERT INTO `cardExtra` (cardId, type, serial, content) VALUES ('8698_17', 0, 3, 'Glide');
INSERT INTO `card` (id, type, title, header, content, option) VALUES ('8698_22', 0, 'The fatty meat that hyena wanted to eat was moist cloud.', NULL, NULL, 'oneAtATime');
INSERT INTO `cardExtra` (cardId, type, serial, content) VALUES ('8698_22', 1, 1, 'True.');
INSERT INTO `cardExtra` (cardId, type, serial, content) VALUES ('8698_22', 0, 1, 'False.');
INSERT INTO `card` (id, type, title, header, content, option) VALUES ('8698_25', 0, 'What do you like about your friend?', NULL, NULL, 'open');
INSERT INTO `cardExtra` (cardId, type, serial, content) VALUES ('8698_25', 0, 1, 'Friendship');
INSERT INTO `cardExtra` (cardId, type, serial, content) VALUES ('8698_25', 0, 2, 'Kindness');
INSERT INTO `cardExtra` (cardId, type, serial, content) VALUES ('8698_25', 0, 3, 'Bravery');
INSERT INTO `cardExtra` (cardId, type, serial, content) VALUES ('8698_25', 0, 4, 'Fun');
INSERT INTO `card` (id, type, title, header, content, option) VALUES ('19193', 2, 'Hyena, Hare and their basins', 'assets/topic/asb/19188.png', 'Ursula Nafula
Salim Kasamba', 'FFF4E1B5');
INSERT INTO `card` (id, type, title, header, content, option) VALUES ('19193_3', 3, NULL, 'assets/topic/asb/19185.png', 'Long time ago, Hyena and Hare were great friends. They were both poor but Hare owned a donkey. He also had a very small basin, which he used to feed the donkey.', NULL);
INSERT INTO `card` (id, type, title, header, content, option) VALUES ('19193_4', 3, NULL, 'assets/topic/asb/19186.png', 'One hot afternoon, Hare decided to give water to his donkey.
However, Hare could not fetch water from the well with his small basin. So he decided to borrow a bigger basin from Hyena. Hyena gave Hare his basin because of their friendship.', NULL);
INSERT INTO `card` (id, type, title, header, content, option) VALUES ('19193_5', 3, NULL, 'assets/topic/asb/19187.png', 'After getting water and giving it to the donkey, Hare went home with Hyena''s basin.
Two weeks later, Hyena wanted to wash clothes but Hare still had his basin. Hyena left the clothes and went to Hare''s house for his basin.', NULL);
INSERT INTO `card` (id, type, title, header, content, option) VALUES ('19193_6', 3, NULL, 'assets/topic/asb/19188.png', 'Hare gave Hyena his large basin. He also gave Hyena a small basin.
Hare said, "Your basin gave birth to a young one and since we are friends, I am giving you the two of them." Hyena was happy and accepted the two basins.', NULL);
INSERT INTO `card` (id, type, title, header, content, option) VALUES ('19193_7', 3, NULL, 'assets/topic/asb/19189.png', 'A few days later, Hare wanted to water his donkey and again he went to Hyena for help. Hyena thought,  "Since I will get an extra basin, I will give him my basin straight away!"
Hare took Hyena''s big basin and went to water his donkey. Afterwards he took Hyena''s basin home with him.', NULL);
INSERT INTO `card` (id, type, title, header, content, option) VALUES ('19193_8', 3, NULL, 'assets/topic/asb/19190.png', 'Hyena waited to collect his basin from Hare. He wanted to give it time to give birth to a young one!
When Hyena went to Hare''s home to collect his basin,  Hare said, "Hyena, my friend, I was just about to come to deliver the bad news. Your basin died two days ago. You know that all things that live, also die!"', NULL);
INSERT INTO `card` (id, type, title, header, content, option) VALUES ('19193_9', 3, NULL, 'assets/topic/asb/19191.png', 'Hyena could not believe this news. He said, "I must call bigger animals to judge the case."
So Hyena called the bigger animals for a meeting. Elephants, buffalos, hippos and giraffes arrived at Hare''s home to judge the case.', NULL);
INSERT INTO `card` (id, type, title, header, content, option) VALUES ('19193_10', 3, NULL, 'assets/topic/asb/19192.png', 'Hare was asked to explain what happened. He said,  "The first time I borrowed Hyena''s basin, it gave birth to a young one and I gave him the two. Unfortunately,  the second time I borrowed Hyena''s basin, it died before giving birth. Whatever has life also dies."
All the animals agreed with Hare''s explanation. Hyena lost his basin to Hare.', NULL);
INSERT INTO `card` (id, type, title, header, content, option) VALUES ('19193_11', 3, NULL, NULL, 'You are free to download, copy, translate or adapt this story and use the illustrations as long as you attribute in the following way:
Hyena, Hare and their basins
Author -
Charles Katiwa Kiema
Translation -
Ursula Nafula
Illustration -
Salim Kasamba
Language -
English
Level -
Longer paragraphs
© African Storybook Initiative 2016
Creative Commons: Attribution 4.0
Source
www.africanstorybook.org', NULL);
INSERT INTO `card` (id, type, title, header, content, option) VALUES ('19193_12', 1, 'Draw a big basin and decorate it.', 'assets/topic/19193.svg', NULL, NULL);
INSERT INTO `cardExtra` (cardId, type, serial, content) VALUES ('19193_12', 2, 1, 'assets/topic/19193.svg');
INSERT INTO `card` (id, type, title, header, content, option) VALUES ('19193_13', 0, 'Which animal did hare own?', NULL, NULL, 'oneAtATime');
INSERT INTO `cardExtra` (cardId, type, serial, content) VALUES ('19193_13', 1, 1, 'Donkey');
INSERT INTO `cardExtra` (cardId, type, serial, content) VALUES ('19193_13', 0, 1, 'Monkey');
INSERT INTO `cardExtra` (cardId, type, serial, content) VALUES ('19193_13', 0, 2, 'Cat');
INSERT INTO `cardExtra` (cardId, type, serial, content) VALUES ('19193_13', 0, 3, 'Rat');
INSERT INTO `card` (id, type, title, header, content, option) VALUES ('19193_18', 0, 'Hare gave Small basin along with big basin.', NULL, NULL, 'oneAtATime');
INSERT INTO `cardExtra` (cardId, type, serial, content) VALUES ('19193_18', 1, 1, 'True.');
INSERT INTO `cardExtra` (cardId, type, serial, content) VALUES ('19193_18', 0, 1, 'False.');
INSERT INTO `card` (id, type, title, header, content, option) VALUES ('19193_21', 0, 'How do you drink water?', NULL, NULL, 'open');
INSERT INTO `cardExtra` (cardId, type, serial, content) VALUES ('19193_21', 0, 1, 'Pot');
INSERT INTO `cardExtra` (cardId, type, serial, content) VALUES ('19193_21', 0, 2, 'Glass');
INSERT INTO `cardExtra` (cardId, type, serial, content) VALUES ('19193_21', 0, 3, 'Cup');
INSERT INTO `cardExtra` (cardId, type, serial, content) VALUES ('19193_21', 0, 4, 'Jug');
INSERT INTO `card` (id, type, title, header, content, option) VALUES ('16199', 2, 'Happy and Sad', 'assets/topic/asb/1901.png', 'Madhav Chavan
 Rijuta Ghate', 'FF9DEDE3');
INSERT INTO `card` (id, type, title, header, content, option) VALUES ('16199_3', 3, NULL, 'assets/topic/asb/1892.png', 'Why is the baby crying?', NULL);
INSERT INTO `card` (id, type, title, header, content, option) VALUES ('16199_4', 3, NULL, 'assets/topic/asb/1893.png', 'I think she is hungry.', NULL);
INSERT INTO `card` (id, type, title, header, content, option) VALUES ('16199_5', 3, NULL, 'assets/topic/asb/1894.png', 'Why is the boy sad?', NULL);
INSERT INTO `card` (id, type, title, header, content, option) VALUES ('16199_6', 3, NULL, 'assets/topic/asb/1895.png', 'I think he is missing his father.', NULL);
INSERT INTO `card` (id, type, title, header, content, option) VALUES ('16199_7', 3, NULL, 'assets/topic/asb/1896.png', 'Why is the girl happy?', NULL);
INSERT INTO `card` (id, type, title, header, content, option) VALUES ('16199_8', 3, NULL, 'assets/topic/asb/1897.png', 'She has a new dress.', NULL);
INSERT INTO `card` (id, type, title, header, content, option) VALUES ('16199_9', 3, NULL, 'assets/topic/asb/1898.png', 'Why is the old man laughing?', NULL);
INSERT INTO `card` (id, type, title, header, content, option) VALUES ('16199_10', 3, NULL, 'assets/topic/asb/1899.png', 'He read a good joke.', NULL);
INSERT INTO `card` (id, type, title, header, content, option) VALUES ('16199_11', 3, NULL, 'assets/topic/asb/1900.png', 'Why is the lady smiling?', NULL);
INSERT INTO `card` (id, type, title, header, content, option) VALUES ('16199_12', 3, NULL, 'assets/topic/asb/1901.png', 'Her children are reading quietly.', NULL);
INSERT INTO `card` (id, type, title, header, content, option) VALUES ('16199_13', 3, NULL, 'assets/topic/asb/1902.png', 'What is this lady feeling?', NULL);
INSERT INTO `card` (id, type, title, header, content, option) VALUES ('16199_14', 3, NULL, 'assets/topic/asb/1903.png', 'I think she is feeling shy.', NULL);
INSERT INTO `card` (id, type, title, header, content, option) VALUES ('16199_15', 3, NULL, NULL, 'You are free to download, copy, translate or adapt this story and use the illustrations as long as you attribute in the following way:
Happy and Sad
Author -
Madhav Chavan
Illustration -
Rijuta Ghate
Language -
English
Level -
First words
© Pratham Books 2014
Creative Commons: Attribution 4.0
Source
www.africanstorybook.org
Original source
www.prathambooks.org', NULL);
INSERT INTO `card` (id, type, title, header, content, option) VALUES ('16199_16', 1, 'Draw a dress for girl.', 'assets/topic/16199.svg', NULL, NULL);
INSERT INTO `cardExtra` (cardId, type, serial, content) VALUES ('16199_16', 2, 1, 'assets/topic/16199.svg');
INSERT INTO `card` (id, type, title, header, content, option) VALUES ('16199_17', 0, 'The baby is crying because of hunger.', NULL, NULL, 'oneAtATime');
INSERT INTO `cardExtra` (cardId, type, serial, content) VALUES ('16199_17', 1, 1, 'True.');
INSERT INTO `cardExtra` (cardId, type, serial, content) VALUES ('16199_17', 0, 1, 'False.');
INSERT INTO `card` (id, type, title, header, content, option) VALUES ('16199_20', 0, 'Match according to the story.', NULL, NULL, 'pair');
INSERT INTO `cardExtra` (cardId, type, serial, content) VALUES ('16199_20', 1, 1, 'Baby');
INSERT INTO `cardExtra` (cardId, type, serial, content) VALUES ('16199_20', 1, 2, 'Hungry');
INSERT INTO `cardExtra` (cardId, type, serial, content) VALUES ('16199_20', 1, 3, 'Girl');
INSERT INTO `cardExtra` (cardId, type, serial, content) VALUES ('16199_20', 1, 4, 'Dress');
INSERT INTO `cardExtra` (cardId, type, serial, content) VALUES ('16199_20', 1, 5, 'Lady');
INSERT INTO `cardExtra` (cardId, type, serial, content) VALUES ('16199_20', 1, 6, 'Shy');
INSERT INTO `cardExtra` (cardId, type, serial, content) VALUES ('16199_20', 1, 7, 'Old man');
INSERT INTO `cardExtra` (cardId, type, serial, content) VALUES ('16199_20', 1, 8, 'Good joke');
INSERT INTO `card` (id, type, title, header, content, option) VALUES ('16199_29', 0, 'How are you feeling?', NULL, NULL, 'open');
INSERT INTO `cardExtra` (cardId, type, serial, content) VALUES ('16199_29', 0, 1, 'Happy');
INSERT INTO `cardExtra` (cardId, type, serial, content) VALUES ('16199_29', 0, 2, 'Hungry');
INSERT INTO `cardExtra` (cardId, type, serial, content) VALUES ('16199_29', 0, 3, 'Sad');
INSERT INTO `cardExtra` (cardId, type, serial, content) VALUES ('16199_29', 0, 4, 'Shy');
INSERT INTO `card` (id, type, title, header, content, option) VALUES ('9911', 2, 'A tiny seed: The story of Wangari Maathai', 'assets/topic/asb/9803.png', 'Nicola Rijsdijk
Maya Marshak', 'FFF4E1B5');
INSERT INTO `card` (id, type, title, header, content, option) VALUES ('9911_3', 3, NULL, 'assets/topic/asb/9803.png', 'In a village on the slopes of Mount Kenya in East Africa,  a little girl worked in the fields with her mother. Her name was Wangari.', NULL);
INSERT INTO `card` (id, type, title, header, content, option) VALUES ('9911_4', 3, NULL, 'assets/topic/asb/9804.png', 'Wangari loved being outside. In her family''s food garden she broke up the soil with her machete. She pressed tiny seeds into the warm earth.', NULL);
INSERT INTO `card` (id, type, title, header, content, option) VALUES ('9911_5', 3, NULL, 'assets/topic/asb/9805.png', 'Her favourite time of day was just after sunset. When it got too dark to see the plants,  Wangari knew it was time to go home. She would follow the narrow paths through the fields,  crossing rivers as she went.', NULL);
INSERT INTO `card` (id, type, title, header, content, option) VALUES ('9911_6', 3, NULL, 'assets/topic/asb/9806.png', 'Wangari was a clever child and couldn''t wait to go to school. But her mother and father wanted her to stay and help them at home. When she was seven years old,  her big brother persuaded her parents to let her go to school.', NULL);
INSERT INTO `card` (id, type, title, header, content, option) VALUES ('9911_7', 3, NULL, 'assets/topic/asb/9807.png', 'She liked to learn! Wangari learnt more and more with every book she read. She did so well at school that she was invited to study in the United States of America. Wangari was excited! She wanted to know more about the world.', NULL);
INSERT INTO `card` (id, type, title, header, content, option) VALUES ('9911_8', 3, NULL, 'assets/topic/asb/9808.png', 'At the American university Wangari learnt many new things. She studied plants and how they grow. And she remembered how she grew: playing games with her brothers in the shade of the trees in the beautiful Kenyan forests.', NULL);
INSERT INTO `card` (id, type, title, header, content, option) VALUES ('9911_9', 3, NULL, 'assets/topic/asb/9810.png', 'The more she learnt,  the more she realised that she loved the people of Kenya. She wanted them to be happy and free. The more she learnt,  the more she remembered her African home.', NULL);
INSERT INTO `card` (id, type, title, header, content, option) VALUES ('9911_10', 3, NULL, 'assets/topic/asb/9811.png', 'When she had finished her studies,  she returned to Kenya. But her country had changed. Huge farms stretched across the land. Women had no wood to make cooking fires. The people were poor and the children were hungry.', NULL);
INSERT INTO `card` (id, type, title, header, content, option) VALUES ('9911_11', 3, NULL, 'assets/topic/asb/9812.png', 'Wangari knew what to do. She taught the women how to plant trees from seeds. The women sold the trees and used the money to look after their families. The women were very happy. Wangari had helped them to feel powerful and strong.', NULL);
INSERT INTO `card` (id, type, title, header, content, option) VALUES ('9911_12', 3, NULL, 'assets/topic/asb/9813.png', 'As time passed,  the new trees grew into forests,  and the rivers started flowing again. Wangari''s message spread across Africa. Today,  millions of trees have grown from Wangari''s seeds.', NULL);
INSERT INTO `card` (id, type, title, header, content, option) VALUES ('9911_13', 3, NULL, 'assets/topic/asb/9814.png', NULL, NULL);
INSERT INTO `card` (id, type, title, header, content, option) VALUES ('9911_14', 1, 'Paint a forest with river.', 'assets/topic/9911.svg', NULL, NULL);
INSERT INTO `cardExtra` (cardId, type, serial, content) VALUES ('9911_14', 2, 1, 'assets/topic/9911.svg');
INSERT INTO `card` (id, type, title, header, content, option) VALUES ('9911_15', 0, 'What is the name of little girl who worked with her mother in the fields?', NULL, NULL, 'oneAtATime');
INSERT INTO `cardExtra` (cardId, type, serial, content) VALUES ('9911_15', 1, 1, 'Wangari');
INSERT INTO `cardExtra` (cardId, type, serial, content) VALUES ('9911_15', 0, 1, 'Changari');
INSERT INTO `cardExtra` (cardId, type, serial, content) VALUES ('9911_15', 0, 2, 'Wango');
INSERT INTO `cardExtra` (cardId, type, serial, content) VALUES ('9911_15', 0, 3, 'Chang');
INSERT INTO `card` (id, type, title, header, content, option) VALUES ('9911_20', 0, 'Wangari liked to learn more and more.', NULL, NULL, 'oneAtATime');
INSERT INTO `cardExtra` (cardId, type, serial, content) VALUES ('9911_20', 1, 1, 'True.');
INSERT INTO `cardExtra` (cardId, type, serial, content) VALUES ('9911_20', 0, 1, 'False.');
INSERT INTO `card` (id, type, title, header, content, option) VALUES ('9911_23', 0, 'Wangari taught the women how to plant trees from seeds.', NULL, NULL, 'oneAtATime');
INSERT INTO `cardExtra` (cardId, type, serial, content) VALUES ('9911_23', 1, 1, 'True.');
INSERT INTO `cardExtra` (cardId, type, serial, content) VALUES ('9911_23', 0, 1, 'False.');
INSERT INTO `card` (id, type, title, header, content, option) VALUES ('9911_26', 0, 'What do you like to do?', NULL, NULL, 'open');
INSERT INTO `cardExtra` (cardId, type, serial, content) VALUES ('9911_26', 0, 1, 'Plant seeds');
INSERT INTO `cardExtra` (cardId, type, serial, content) VALUES ('9911_26', 0, 2, 'Play in water');
INSERT INTO `cardExtra` (cardId, type, serial, content) VALUES ('9911_26', 0, 3, 'Read');
INSERT INTO `cardExtra` (cardId, type, serial, content) VALUES ('9911_26', 0, 4, 'Sleep');
INSERT INTO `card` (id, type, title, header, content, option) VALUES ('23107', 2, 'Little Jojo''s long tall tale', 'assets/topic/asb/19917.png', 'Leo Daly
Marleen Visser', 'FFCFB5DD');
INSERT INTO `card` (id, type, title, header, content, option) VALUES ('23107_3', 3, NULL, 'assets/topic/asb/19902.png', '"I have a very big problem," cried Chief Short and Round in a loud voice. "Everyone,  come here! I have a very big problem." The people of the Village of Many Shapes formed a big circle around Chief Short and Round. They wanted to hear what he had to say.', NULL);
INSERT INTO `card` (id, type, title, header, content, option) VALUES ('23107_4', 3, NULL, 'assets/topic/asb/19903.png', 'Chief Short and Round began, "This is the worst news ever. I have lost my spring horn." The villagers whispered to each other, "Oh no!" Chief Short and Round continued talking, "If I don''t find my spring horn then I can''t blow my spring horn! And we can''t start the springtime party if I can''t blow my spring horn. And spring won''t come if we don''t have a springtime party."', NULL);
INSERT INTO `card` (id, type, title, header, content, option) VALUES ('23107_5', 3, NULL, 'assets/topic/asb/19904.png', 'Little Square Jojo stepped into the circle and lifted up his hand. "I will find your spring horn, Chief Short and Round." "Good,  good," said the chief with a smile. "You can start looking at the last place I visited this morning. Go to Tata Rectangle''s house. I remember having my horn with me there."', NULL);
INSERT INTO `card` (id, type, title, header, content, option) VALUES ('23107_6', 3, NULL, 'assets/topic/asb/19905.png', 'Tata Rectangle was happy to see Jojo. He opened his door and welcomed Jojo inside. "I remember seeing Chief Short and Round earlier this morning," said Tata Rectangle, "but I don''t think he had his spring horn with him." Little Square Jojo looked under Tata Rectangle''s bed and behind his books. He even looked into his fridge. But Jojo couldn''t find the spring horn anywhere.', NULL);
INSERT INTO `card` (id, type, title, header, content, option) VALUES ('23107_7', 3, NULL, 'assets/topic/asb/19906.png', '"Go and see if Mama Triangle has the spring horn," said Tata Rectangle. "Chief Short and Round visited her before he came to see me." "Thank you,  Tata," said Jojo as he waved goodbye. Mama Triangle''s house is about three kilometres from here,  thought Jojo. That is a far distance to walk. I will stop at my house along the way and have a rest.', NULL);
INSERT INTO `card` (id, type, title, header, content, option) VALUES ('23107_8', 3, NULL, 'assets/topic/asb/19907.png', 'Little Square Jojo was hot and tired by the time he reached his house. He went inside to open his freezer and pour a glass of cold water with ice blocks. "I must be half the way to Mama Triangle''s house," he said. "I hope she has the chief''s horn." Then Jojo had an idea. "I can visit Dudu Diamond. Her house is only half a kilometre from here and it''s on the way."', NULL);
INSERT INTO `card` (id, type, title, header, content, option) VALUES ('23107_9', 3, NULL, 'assets/topic/asb/19908.png', 'Dudu Diamond was cleaning her house when Jojo arrived. Her earrings were making a lovely tinkling sound as she worked. "Hello, Jojo," she said. "What are you doing today?" "I am on my way to Mama Triangle''s house to find the chief''s spring horn," said Little Square Jojo. "That''s nice of you," said Dudu. "I am happy to come with you. How much further do you have to go?"', NULL);
INSERT INTO `card` (id, type, title, header, content, option) VALUES ('23107_10', 3, NULL, 'assets/topic/asb/19909.png', 'Little Square Jojo scratched his head. "Let''s see. Mama Triangle''s house was three kilometres away from where I started. I walked about half the way to get to my house, that''s one and a half kilometres. Then I walked another half a kilometre to get to your house. That makes 2 kilometres. So we only have one more kilometre to go!" "That''s not so far then!" smiled Dudu. "I''ll pack some things to take with."', NULL);
INSERT INTO `card` (id, type, title, header, content, option) VALUES ('23107_11', 3, NULL, 'assets/topic/asb/19910.png', 'Dudu Diamond and Little Square Jojo walked until they reached the bottom of a tall mountain. "Mama Triangle''s house is right up there at the top," said Dudu. "Let''s stop for a while and have a rest. You can have the sandwich I packed." Jojo cut the sandwich into four smaller pieces. "Here,  let''s share the sandwich,  you have two pieces and I''ll have two."', NULL);
INSERT INTO `card` (id, type, title, header, content, option) VALUES ('23107_12', 3, NULL, 'assets/topic/asb/19911.png', 'Soon Dudu Diamond and Little Square Jojo were half the way up the mountain. Things were very different there. "Look," said Jojo. "That''s the strangest spider I''ve ever seen." "Wow," said Dudu. "It has spun a beautiful web. Let''s count the sides. One, two, three,  four, five and six! "That makes it a hexagon then!', NULL);
INSERT INTO `card` (id, type, title, header, content, option) VALUES ('23107_13', 3, NULL, 'assets/topic/asb/19912.png', 'After climbing over a very big rock, Little Square Jojo and Dudu Diamond finally arrived at Mama Triangle''s house. They were high up now and felt a bit dizzy. "Hello, you two," said Mama Triangle with a smile. "I am so happy to have visitors. Most of the time I''m all alone here on the top of my mountain. Come inside and sit down at my table."', NULL);
INSERT INTO `card` (id, type, title, header, content, option) VALUES ('23107_14', 3, NULL, 'assets/topic/asb/19913.png', '"Mama Triangle," said Jojo after catching his breath,  "We''ve come to find Chief Short and Round''s spring horn. Tata Rectangle said that the chief visited you this morning." "Yes,  that is correct," said Mama Triangle. "The chief came to ask me to help prepare for the springtime party. But he didn''t leave his spring horn here." "Oh no," said Jojo sadly. "We''ve come all this way for nothing!"', NULL);
INSERT INTO `card` (id, type, title, header, content, option) VALUES ('23107_15', 3, NULL, 'assets/topic/asb/19914.png', 'Mama Triangle held Jojo''s hand as she led him outside. "Don''t worry Jojo," she said. "Chief Short and Round didn''t leave his spring horn here but I know where it is. That chief can be such a silly thing!" Mama Triangle,  Little Square Jojo and Dudu Diamond all ran down the mountain and in no time at all they were safely at the bottom.', NULL);
INSERT INTO `card` (id, type, title, header, content, option) VALUES ('23107_16', 3, NULL, 'assets/topic/asb/19915.png', 'It was evening by the time they reached Chief Short and Round''s house. Mama Triangle knocked on the door and when it was opened everyone rushed inside. "Hello," said Chief Short and Round,  blinking sleepily. "Did you find my spring horn? Will we be able to have the springtime party?" Little Square Jojo felt very bad and shook his head.', NULL);
INSERT INTO `card` (id, type, title, header, content, option) VALUES ('23107_17', 3, NULL, 'assets/topic/asb/19916.png', '"Jojo looked for your spring horn all day," said Mama Triangle. "It is not his fault that he didn''t find it. It is your fault, Chief Short and Round. Don''t you remember?" Mama Triangle pointed at the chief. "You are wearing your spring horn on your head!" Chief Short and Round gasped, "Oh my, I remember it now. I was so hot from climbing up that mountain that I put my horn on my head."', NULL);
INSERT INTO `card` (id, type, title, header, content, option) VALUES ('23107_18', 3, NULL, 'assets/topic/asb/19917.png', '"I am so embarrassed," said Chief Short and Round as he took his spring horn off his head. Then he passed it to Little Square Jojo. "You have done all the hard work,  Jojo. You should blow the horn." Little Square Jojo smiled. He lifted up the horn and gave it a loud blow. "Now we can have the springtime party!" All was well in the Village of Many Shapes.', NULL);
INSERT INTO `card` (id, type, title, header, content, option) VALUES ('23107_19', 3, NULL, NULL, 'You are free to download, copy, translate or adapt this story and use the illustrations as long as you attribute in the following way:
Little Jojo''s long tall tale
Author -
Leo Daly
Illustration -
Marleen Visser
Language -
English
Level -
Read aloud
© African Storybook Initiative 2017
Creative Commons: Attribution 4.0
Source
www.africanstorybook.org', NULL);
INSERT INTO `card` (id, type, title, header, content, option) VALUES ('23107_20', 1, 'Draw a horn and decorate it.', 'assets/topic/23107.svg', NULL, NULL);
INSERT INTO `cardExtra` (cardId, type, serial, content) VALUES ('23107_20', 2, 1, 'assets/topic/23107.svg');
INSERT INTO `card` (id, type, title, header, content, option) VALUES ('23107_21', 0, 'What did the Chief Short and Round lose?', NULL, NULL, 'oneAtATime');
INSERT INTO `cardExtra` (cardId, type, serial, content) VALUES ('23107_21', 1, 1, 'Spring horn');
INSERT INTO `cardExtra` (cardId, type, serial, content) VALUES ('23107_21', 0, 1, 'Summer horn');
INSERT INTO `cardExtra` (cardId, type, serial, content) VALUES ('23107_21', 0, 2, 'Unicorn');
INSERT INTO `cardExtra` (cardId, type, serial, content) VALUES ('23107_21', 0, 3, 'Nohorn');
INSERT INTO `card` (id, type, title, header, content, option) VALUES ('23107_26', 0, 'Chief short forgot about where he kept the spring horn.', NULL, NULL, 'oneAtATime');
INSERT INTO `cardExtra` (cardId, type, serial, content) VALUES ('23107_26', 1, 1, 'True.');
INSERT INTO `cardExtra` (cardId, type, serial, content) VALUES ('23107_26', 0, 1, 'False.');
INSERT INTO `card` (id, type, title, header, content, option) VALUES ('23107_29', 0, 'What is your favourite shape?', NULL, NULL, 'open');
INSERT INTO `cardExtra` (cardId, type, serial, content) VALUES ('23107_29', 0, 1, 'Circle');
INSERT INTO `cardExtra` (cardId, type, serial, content) VALUES ('23107_29', 0, 2, 'Triangle');
INSERT INTO `cardExtra` (cardId, type, serial, content) VALUES ('23107_29', 0, 3, 'Square');
INSERT INTO `cardExtra` (cardId, type, serial, content) VALUES ('23107_29', 0, 4, 'Diamond');
INSERT INTO `card` (id, type, title, header, content, option) VALUES ('17135', 2, 'Unwise judge', 'assets/topic/asb/17057.png', 'Magabi Eynew Gessesse
Brian Wambi', 'FFF4E1B5');
INSERT INTO `card` (id, type, title, header, content, option) VALUES ('17135_3', 3, NULL, 'assets/topic/asb/17050.png', 'There were two poor neighbours who were friends,  Meseret and Demeke. One day,  Meseret said to Demeke,  "I must take my barley to the market today. The sack is very heavy,  and the market is far away. I wish I had enough money to buy a donkey."', NULL);
INSERT INTO `card` (id, type, title, header, content, option) VALUES ('17135_4', 3, NULL, 'assets/topic/asb/17052.png', 'Demeke nodded and said,  "And I must buy some new pots at the market today. They will be very heavy. I wish I had a donkey,  too. I only have half the money."', NULL);
INSERT INTO `card` (id, type, title, header, content, option) VALUES ('17135_5', 3, NULL, 'assets/topic/asb/17053.png', 'Meseret had an idea. "Let''s buy a donkey together. You can pay half and I will pay half. One week,  I will take the donkey to the market,  and the next week,  you can take it." Meseret and Demeke bought a donkey. For a long time they were both happy.', NULL);
INSERT INTO `card` (id, type, title, header, content, option) VALUES ('17135_6', 3, NULL, 'assets/topic/asb/17054.png', 'But one day,  Meseret''s father died. Meseret took all his father''s fields,  trees,  cows and sheep. He was rich now and didn''t want to work with Demeke anymore. And,  he wanted his half of the donkey.', NULL);
INSERT INTO `card` (id, type, title, header, content, option) VALUES ('17135_7', 3, NULL, 'assets/topic/asb/17055.png', 'Meseret said to Demeke,  "My dogs need meat. I want to kill our donkey. You can have half of it,  and I will have the other half." Demeke cried,  "I don''t need any meat. I need the donkey. If you want to kill it,  give me money for my half." Meseret was angry. "I''m not going to give you any money," he said. "Half of the donkey is mine,  and I want to have it." "Let''s go to the judge," Demeke said. "He can decide between us."', NULL);
INSERT INTO `card` (id, type, title, header, content, option) VALUES ('17135_8', 3, NULL, 'assets/topic/asb/17057.png', 'Meseret and Demeke went to see the judge. The judge was not a wise man. He didn''t listen carefully. "Do you both own the donkey?" he asked. "Yes," Meseret and Demeke agreed. "Then half of it belongs to one of you,  and half of it belongs to the other," the judge said. "If Meseret wants his half,  he can take it. Kill the donkey,  and cut it in half."', NULL);
INSERT INTO `card` (id, type, title, header, content, option) VALUES ('17135_9', 3, NULL, 'assets/topic/asb/17058.png', 'Meseret was happy. He killed the donkey and took half of the meat to give to his dogs. Demeke was unhappy and thought,  "My poor donkey has gone,  and now I must carry everything myself."', NULL);
INSERT INTO `card` (id, type, title, header, content, option) VALUES ('17135_10', 3, NULL, 'assets/topic/asb/17060.png', 'A few months later,  Meseret wanted to build a new hut for himself. He thought,  "I''ll burn down my old hut and build a big new one." Meseret began to carry everything out of his hut. Demeke saw him and asked,  "What are you doing?" Meseret replied,  "I''m going to burn my hut and build a new one." Demeke was worried,  "But your hut is next to mine. If you burn your hut,  you will burn mine,  too."', NULL);
INSERT INTO `card` (id, type, title, header, content, option) VALUES ('17135_11', 3, NULL, 'assets/topic/asb/17061.png', 'Meseret was angry. "Don''t try to stop me! This is my hut,  and I will burn it if I want to," he said. "Stop! Let''s go and ask the judge." cried Demeke. The unwise judge didn''t listen carefully and didn''t try to understand. "Let Meseret burn his hut because it''s his own and no one can stop him," the unwise judge ruled.', NULL);
INSERT INTO `card` (id, type, title, header, content, option) VALUES ('17135_12', 3, NULL, 'assets/topic/asb/17062.png', 'So Meseret burned his hut. The wind carried the fire to the roof of Demeke''s hut and soon it was burning too. They went back to the judge. Demeke cried,  "Look! Meseret has burned my hut! He must pay me." "No,  Meseret burned his own hut. It was the fire that burned your hut. Meseret can keep his money," decided the judge.', NULL);
INSERT INTO `card` (id, type, title, header, content, option) VALUES ('17135_13', 3, NULL, 'assets/topic/asb/17063.png', 'Poor Demeke was very unhappy. He had no donkey and no hut. All he had was his field. Every day,  he worked in his field. Every night he and his family slept under a tree.', NULL);
INSERT INTO `card` (id, type, title, header, content, option) VALUES ('17135_14', 3, NULL, 'assets/topic/asb/17064.png', 'It was nearly harvest time by now. Demeke had worked hard in his field. He pulled out the weeds. He frightened away the birds. There was a good crop of chickpeas in his field.', NULL);
INSERT INTO `card` (id, type, title, header, content, option) VALUES ('17135_15', 3, NULL, 'assets/topic/asb/17066.png', 'One day,  Meseret''s sons came to visit their father. They passed by Demeke''s field. "Chickpeas! They are delicious!" shouted the one son. The boys ran into the field,  and began to eat the chickpeas. Soon,  many of the peas were gone.', NULL);
INSERT INTO `card` (id, type, title, header, content, option) VALUES ('17135_16', 3, NULL, 'assets/topic/asb/17068.png', 'Demeke saw them from far away. He ran quickly to his field. "Give me back all my chickpeas," he demanded. "We can''t give them back to you," the boys replied. "We have eaten them. Ask our father. He will pay you for your chickpeas."', NULL);
INSERT INTO `card` (id, type, title, header, content, option) VALUES ('17135_17', 3, NULL, 'assets/topic/asb/17069.png', 'Demeke went to see Meseret. "Your sons ate all my chickpeas," he said. "I''ll give you some money to pay for them," Meseret said. "I don''t want your money. I''m going to take my chickpeas," Demeke said. "Wait! Let''s go and ask the judge," Meseret cried.', NULL);
INSERT INTO `card` (id, type, title, header, content, option) VALUES ('17135_18', 3, NULL, 'assets/topic/asb/17070.png', 'Meseret and Demeke went to see the judge. As usual,  the judge didn''t listen to them carefully. "Meseret''s sons ate all your chickpeas,  and they must give them back. Cut the boys open,  and take your chickpeas," the judge said to Demeke. Meseret was frightened. "But my sons will die! Please,  Demeke,  let me give you money," he begged. "I wanted money when you killed our donkey," Demeke said. "I don''t want money now. I want my chickpeas."', NULL);
INSERT INTO `card` (id, type, title, header, content, option) VALUES ('17135_19', 3, NULL, 'assets/topic/asb/17071.png', 'Demeke picked up his knife. "I''ll build you a new hut! I''m sorry I burned your old one," cried Meseret. "I don''t want a new hut," Demeke said. "I want my chickpeas." He began to sharpen his knife on a stone. "No! Please,  wait! Let''s go and see the elders. Please,  my old friend,  let the elders decide," cried Meseret.', NULL);
INSERT INTO `card` (id, type, title, header, content, option) VALUES ('17135_20', 3, NULL, 'assets/topic/asb/17073.png', 'So,  Meseret and Demeke went to see the elders. The elders talked for a long time and at last they said to Meseret,  "You were wrong. You refused to pay Demeke for his donkey. You burned his hut,  and your children ate his harvest."', NULL);
INSERT INTO `card` (id, type, title, header, content, option) VALUES ('17135_21', 3, NULL, 'assets/topic/asb/17074.png', 'Then they turned to Demeke. "You want to kill Meseret''s sons. That is wrong too. Here is our decision. Meseret must give to Demeke half of all his trees,  fields,  cows and sheep. Then you can live together in peace."', NULL);
INSERT INTO `card` (id, type, title, header, content, option) VALUES ('17135_22', 3, NULL, 'assets/topic/asb/17075.png', 'So,  Meseret gave Demeke half of all his property. They lived together happily and never quarrelled again.', NULL);
INSERT INTO `card` (id, type, title, header, content, option) VALUES ('17135_23', 3, NULL, NULL, 'You are free to download, copy, translate or adapt this story and use the illustrations as long as you attribute in the following way:
Unwise judge
Author -
Magabi Eynew Gessesse and Elizabeth Laird
Illustration -
Brian Wambi
Language -
English
Level -
Read aloud
© African Storybook Initiative 2016
Creative Commons: Attribution 4.0
Source
www.africanstorybook.org
Original source
www.ethiopianfolktales.com', NULL);
INSERT INTO `card` (id, type, title, header, content, option) VALUES ('17135_24', 1, 'Draw a hut and decorate it.', 'assets/topic/17135.svg', NULL, NULL);
INSERT INTO `cardExtra` (cardId, type, serial, content) VALUES ('17135_24', 2, 1, 'assets/topic/17135.svg');
INSERT INTO `card` (id, type, title, header, content, option) VALUES ('17135_25', 0, 'What did Meseret and Demeke wished to buy if they had enough money?', NULL, NULL, 'oneAtATime');
INSERT INTO `cardExtra` (cardId, type, serial, content) VALUES ('17135_25', 1, 1, 'Donkey');
INSERT INTO `cardExtra` (cardId, type, serial, content) VALUES ('17135_25', 0, 1, 'Monkey');
INSERT INTO `cardExtra` (cardId, type, serial, content) VALUES ('17135_25', 0, 2, 'Rat');
INSERT INTO `cardExtra` (cardId, type, serial, content) VALUES ('17135_25', 0, 3, 'Cat');
INSERT INTO `card` (id, type, title, header, content, option) VALUES ('17135_30', 0, 'Judge was wise of them all.', NULL, NULL, 'oneAtATime');
INSERT INTO `cardExtra` (cardId, type, serial, content) VALUES ('17135_30', 1, 1, 'False.');
INSERT INTO `cardExtra` (cardId, type, serial, content) VALUES ('17135_30', 0, 1, 'True.');
INSERT INTO `card` (id, type, title, header, content, option) VALUES ('17135_33', 0, 'Who do you fight with?', NULL, NULL, 'open');
INSERT INTO `cardExtra` (cardId, type, serial, content) VALUES ('17135_33', 0, 1, 'No one');
INSERT INTO `cardExtra` (cardId, type, serial, content) VALUES ('17135_33', 0, 2, 'Mother');
INSERT INTO `cardExtra` (cardId, type, serial, content) VALUES ('17135_33', 0, 3, 'Sister');
INSERT INTO `cardExtra` (cardId, type, serial, content) VALUES ('17135_33', 0, 4, 'Friend');
INSERT INTO `card` (id, type, title, header, content, option) VALUES ('8040', 2, 'Hamisi''s lucky day', 'assets/topic/asb/7976.png', 'Adelheid Marie Bwire
Rob Owen', 'FFCFB5DD');
INSERT INTO `card` (id, type, title, header, content, option) VALUES ('8040_3', 3, NULL, 'assets/topic/asb/7966.png', 'Hamisi needs a new school uniform. His dad takes him to the market.', NULL);
INSERT INTO `card` (id, type, title, header, content, option) VALUES ('8040_4', 3, NULL, 'assets/topic/asb/7967.png', 'Hamisi sees a boy wearing a beautiful shirt. "That is a very fine shirt," thinks Hamisi.', NULL);
INSERT INTO `card` (id, type, title, header, content, option) VALUES ('8040_5', 3, NULL, 'assets/topic/asb/7968.png', '"Dad, I wish I had a shirt like the one that boy has," says Hamisi.', NULL);
INSERT INTO `card` (id, type, title, header, content, option) VALUES ('8040_6', 3, NULL, 'assets/topic/asb/7969.png', '"Look, there are those beautiful shirts," says Hamisi. "Dad, please buy one for me."', NULL);
INSERT INTO `card` (id, type, title, header, content, option) VALUES ('8040_7', 3, NULL, 'assets/topic/asb/7972.png', '"Hamisi, I have to buy your uniform," says dad.', NULL);
INSERT INTO `card` (id, type, title, header, content, option) VALUES ('8040_8', 3, NULL, 'assets/topic/asb/7973.png', '"I do not have enough money for that shirt," says dad.', NULL);
INSERT INTO `card` (id, type, title, header, content, option) VALUES ('8040_9', 3, NULL, 'assets/topic/asb/7975.png', 'Hamisi''s dad buys the uniform. He is surprised when he gets the change. He has enough money left over to buy a shirt!', NULL);
INSERT INTO `card` (id, type, title, header, content, option) VALUES ('8040_10', 3, NULL, 'assets/topic/asb/7976.png', 'It is Hamisi''s lucky day! Which shirt will he choose?', NULL);
INSERT INTO `card` (id, type, title, header, content, option) VALUES ('8040_11', 3, NULL, NULL, 'You are free to download, copy, translate or adapt this story and use the illustrations as long as you attribute in the following way:
Hamisi''s lucky day
Author -
Adelheid Marie Bwire
Translation -
Adelheid Marie Bwire
Illustration -
Rob Owen
Language -
English
Level -
First sentences
© African Storybook Initiative and Molteno Institute 2014
Creative Commons: Attribution 4.0
Source
www.africanstorybook.org', NULL);
INSERT INTO `card` (id, type, title, header, content, option) VALUES ('8040_12', 1, 'Paint a school uniform.', 'assets/topic/8040.svg', NULL, NULL);
INSERT INTO `cardExtra` (cardId, type, serial, content) VALUES ('8040_12', 2, 1, 'assets/topic/8040.svg');
INSERT INTO `card` (id, type, title, header, content, option) VALUES ('8040_13', 0, 'What did Hamisi and his dad go to buy?', NULL, NULL, 'oneAtATime');
INSERT INTO `cardExtra` (cardId, type, serial, content) VALUES ('8040_13', 1, 1, 'uniform');
INSERT INTO `cardExtra` (cardId, type, serial, content) VALUES ('8040_13', 0, 1, 'cap');
INSERT INTO `cardExtra` (cardId, type, serial, content) VALUES ('8040_13', 0, 2, 'Bat');
INSERT INTO `cardExtra` (cardId, type, serial, content) VALUES ('8040_13', 0, 3, 'Ball');
INSERT INTO `card` (id, type, title, header, content, option) VALUES ('8040_18', 0, 'Hamisi Dad at last bought a shirt for Hamisi.', NULL, NULL, 'oneAtATime');
INSERT INTO `cardExtra` (cardId, type, serial, content) VALUES ('8040_18', 1, 1, 'True.');
INSERT INTO `cardExtra` (cardId, type, serial, content) VALUES ('8040_18', 0, 1, 'False.');
INSERT INTO `card` (id, type, title, header, content, option) VALUES ('8040_21', 0, 'What  color shirt will you buy?', NULL, NULL, 'open');
INSERT INTO `cardExtra` (cardId, type, serial, content) VALUES ('8040_21', 0, 1, 'Green');
INSERT INTO `cardExtra` (cardId, type, serial, content) VALUES ('8040_21', 0, 2, 'Red');
INSERT INTO `cardExtra` (cardId, type, serial, content) VALUES ('8040_21', 0, 3, 'Orange');
INSERT INTO `cardExtra` (cardId, type, serial, content) VALUES ('8040_21', 0, 4, 'Blue');
INSERT INTO `card` (id, type, title, header, content, option) VALUES ('19386', 2, 'The bandit', 'assets/topic/asb/17600.png', 'DiresGebre-Meskel
Jacob Kono', 'FF9DEDE3');
INSERT INTO `card` (id, type, title, header, content, option) VALUES ('19386_3', 3, NULL, 'assets/topic/asb/17597.png', 'In those days,  there were merchants who went everywhere. They travelled in the cold weather and hot weather. They crossed hills and deserts and bushy areas,  selling and buying things. These merchants were very careful when they travelled. They were afraid of bandits and robbers so they went in groups.', NULL);
INSERT INTO `card` (id, type, title, header, content, option) VALUES ('19386_4', 3, NULL, 'assets/topic/asb/17598.png', 'One merchant couldn''t find a group so he decided to go alone. He met a bandit and he was afraid. "Who are you? Are you alone?" asked the bandit. "I am a merchant. My friends are ahead,  but right now I am alone," replied he merchant.', NULL);
INSERT INTO `card` (id, type, title, header, content, option) VALUES ('19386_5', 3, NULL, 'assets/topic/asb/17599.png', 'At that time another merchant arrived from a different direction. He saw the bandit and was afraid. He hid himself in the bushes and watched. The bandit killed the first merchant and buried him. The second merchant thought,  "How can I go on? The same thing will happen to me." So he stayed there for some time. Later he thought,  "I can''t stay here forever. I must go on."', NULL);
INSERT INTO `card` (id, type, title, header, content, option) VALUES ('19386_6', 3, NULL, 'assets/topic/asb/17600.png', 'He passed where the bandit had killed the merchant and reached a village. He was so upset by what had seen that he couldn''t smile or talk to people. People asked him,  "You used to be cheerful,  but now you are sad. Why?" "I''m tired and thirsty," he said.', NULL);
INSERT INTO `card` (id, type, title, header, content, option) VALUES ('19386_7', 3, NULL, 'assets/topic/asb/17601.png', 'He stayed the night there. The next morning he continued with his journey. The people kept asking him,  "What''s wrong?" He thought to himself,  "Shall I tell them or not?" At last he told the villagers.', NULL);
INSERT INTO `card` (id, type, title, header, content, option) VALUES ('19386_8', 3, NULL, 'assets/topic/asb/17602.png', 'The villagers realised that the bandit was a man from their village. They said,  "It''s terrible for this to happen here. We''ll try to find out who the dead man is."  But they didn''t say anything about the bandit.', NULL);
INSERT INTO `card` (id, type, title, header, content, option) VALUES ('19386_9', 3, NULL, 'assets/topic/asb/17603.png', 'This merchant told the villagers,  "I saw someone burying a man. I didn''t know who it was or who the bandit was. I will never come back to this place."', NULL);
INSERT INTO `card` (id, type, title, header, content, option) VALUES ('19386_10', 3, NULL, 'assets/topic/asb/17604.png', 'The ruler of the village heard about how merchants were being stopped by bandits,  killed and buried. He was worried. "How can bandits do this to strangers in my territory?" So he tried to solve the problem. "I will try to catch the bandit by arranging a feast and calling everyone together," thought the ruler.', NULL);
INSERT INTO `card` (id, type, title, header, content, option) VALUES ('19386_11', 3, NULL, 'assets/topic/asb/17605.png', 'This ruler was loved by all his people. He arranged a feast for everyone in the village. At the feast,  the ruler stood up and said,  "My daughter is sick. The only medicine for her is fresh tiringo (a citrus fruit). The fruit should grow near a river,  close to bushes and trees,  in a place where no one lives. Can any of you bring such a fruit to me?"', NULL);
INSERT INTO `card` (id, type, title, header, content, option) VALUES ('19386_12', 3, NULL, 'assets/topic/asb/17606.png', 'Everyone was thinking,  "Where could I find a tiringo like that?" They didn''t say anything. But the bandit immediately stood up and said,  "Your excellency,  I know of that fruit growing in such a place. Give me a time of two weeks."', NULL);
INSERT INTO `card` (id, type, title, header, content, option) VALUES ('19386_13', 3, NULL, 'assets/topic/asb/17607.png', 'The bandit went at once to the place where he buried the merchant because a tiringo tree was there. He rushed to get the fruit before anyone else could find it. He put two bunches of fruit in a sack and ran to meet the ruler.', NULL);
INSERT INTO `card` (id, type, title, header, content, option) VALUES ('19386_14', 3, NULL, 'assets/topic/asb/17608.png', 'After two or three days of waiting at the gates he was finally allowed to see the ruler. "I have brought what you wanted,  so please take it," offered the bandit. The ruler said,  "I am happy you brought the fruit,  but I want you to give it to me in front of my people."', NULL);
INSERT INTO `card` (id, type, title, header, content, option) VALUES ('19386_15', 3, NULL, 'assets/topic/asb/17609.png', 'The ruler called the people from the villages around to go to his palace. As people ate and drank,  he said,  "This man has kept his promise as you heard. He said he would bring the special fruit and he has got it. I want to receive this great gift in front of you all."', NULL);
INSERT INTO `card` (id, type, title, header, content, option) VALUES ('19386_16', 3, NULL, 'assets/topic/asb/17610.png', 'The people thought the bandit would get a reward. They were jealous of him. They wondered how he got the fruit. The bandit opened the sack to give the fruit to the ruler. When he took out two fruits,  they were tiringos,  but as he gave them to the ruler they became two human skulls!', NULL);
INSERT INTO `card` (id, type, title, header, content, option) VALUES ('19386_17', 3, NULL, 'assets/topic/asb/17611.png', 'When that happened all the people were angry and the bandit was surprised. The ruler smiled. He had wished for a long time to catch those who robbed and killed near his village. The ruler had prayed saying,  "Please,  show me,  who is this bandit?"', NULL);
INSERT INTO `card` (id, type, title, header, content, option) VALUES ('19386_18', 3, NULL, 'assets/topic/asb/17612.png', 'So,  that day,  at the feast,  his God showed him. The ruler knew the man was a killer. He ordered his people to take him to jail.', NULL);
INSERT INTO `card` (id, type, title, header, content, option) VALUES ('19386_19', 3, NULL, NULL, 'You are free to download, copy, translate or adapt this story and use the illustrations as long as you attribute in the following way:
The bandit
Author -
DiresGebre-Meskel and Elizabeth Laird
Illustration -
Jacob Kono
Language -
English
Level -
First paragraphs
© African Storybook Initiative 2016
Creative Commons: Attribution 4.0
Source
www.africanstorybook.org
Original source
www.ethiopianfolktales.com', NULL);
INSERT INTO `card` (id, type, title, header, content, option) VALUES ('19386_20', 1, 'Paint a camel and decorate it.', 'assets/topic/19386.svg', NULL, NULL);
INSERT INTO `cardExtra` (cardId, type, serial, content) VALUES ('19386_20', 2, 1, 'assets/topic/19386.svg');
INSERT INTO `card` (id, type, title, header, content, option) VALUES ('19386_21', 0, 'Who had killed the merchant?', NULL, NULL, 'oneAtATime');
INSERT INTO `cardExtra` (cardId, type, serial, content) VALUES ('19386_21', 1, 1, 'Bandit');
INSERT INTO `cardExtra` (cardId, type, serial, content) VALUES ('19386_21', 0, 1, 'Villager');
INSERT INTO `cardExtra` (cardId, type, serial, content) VALUES ('19386_21', 0, 2, 'Ruller');
INSERT INTO `cardExtra` (cardId, type, serial, content) VALUES ('19386_21', 0, 3, 'Guard');
INSERT INTO `card` (id, type, title, header, content, option) VALUES ('19386_26', 0, 'Which fruit did ruler asked to get?', NULL, NULL, 'oneAtATime');
INSERT INTO `cardExtra` (cardId, type, serial, content) VALUES ('19386_26', 1, 1, 'Tiringo');
INSERT INTO `cardExtra` (cardId, type, serial, content) VALUES ('19386_26', 0, 1, 'Apple');
INSERT INTO `cardExtra` (cardId, type, serial, content) VALUES ('19386_26', 0, 2, 'Banana');
INSERT INTO `cardExtra` (cardId, type, serial, content) VALUES ('19386_26', 0, 3, 'cherry');
INSERT INTO `card` (id, type, title, header, content, option) VALUES ('19386_31', 0, 'What will you do if you are not well?', NULL, NULL, 'open');
INSERT INTO `cardExtra` (cardId, type, serial, content) VALUES ('19386_31', 0, 1, 'Take medicine');
INSERT INTO `cardExtra` (cardId, type, serial, content) VALUES ('19386_31', 0, 2, 'Take rest');
INSERT INTO `cardExtra` (cardId, type, serial, content) VALUES ('19386_31', 0, 3, 'Eat fruit');
INSERT INTO `cardExtra` (cardId, type, serial, content) VALUES ('19386_31', 0, 4, 'Go to doctor');
INSERT INTO `card` (id, type, title, header, content, option) VALUES ('21838', 2, 'Fox and Rooster', 'assets/topic/asb/14805.png', 'Vincent Afeku
 Wiehan de Jager', 'FFCFB5DD');
INSERT INTO `card` (id, type, title, header, content, option) VALUES ('21838_3', 3, NULL, 'assets/topic/asb/14795.png', 'There was a time when all the animals lived together as friends. One day they decided to have a meeting to elect a king.', NULL);
INSERT INTO `card` (id, type, title, header, content, option) VALUES ('21838_4', 3, NULL, 'assets/topic/asb/14796.png', 'Rooster wanted to be king. So he lied to the other animals. He told them,  "The red comb on my head is fire! Don''t touch the comb on my head!"', NULL);
INSERT INTO `card` (id, type, title, header, content, option) VALUES ('21838_5', 3, NULL, 'assets/topic/asb/14797.png', 'The other animals believed Rooster. They decided to elect Rooster as their king. The animals hoped that Rooster''s fire would help them in cold weather.', NULL);
INSERT INTO `card` (id, type, title, header, content, option) VALUES ('21838_6', 3, NULL, 'assets/topic/asb/14798.png', 'Then came a day when it rained. And rained. And rained. It was cold. Everything was wet and cold.', NULL);
INSERT INTO `card` (id, type, title, header, content, option) VALUES ('21838_7', 3, NULL, 'assets/topic/asb/14799.png', '"Where can we get fire to warm our bodies?" Rabbit asked the other animals.', NULL);
INSERT INTO `card` (id, type, title, header, content, option) VALUES ('21838_8', 3, NULL, 'assets/topic/asb/14800.png', '"We can get fire from the comb on Rooster''s head," replied Monkey. "Rooster is our king because he has fire on his head," said Monkey.', NULL);
INSERT INTO `card` (id, type, title, header, content, option) VALUES ('21838_9', 3, NULL, 'assets/topic/asb/14801.png', 'The animals agreed with Monkey. They sent Fox to collect fire from king Rooster.', NULL);
INSERT INTO `card` (id, type, title, header, content, option) VALUES ('21838_10', 3, NULL, 'assets/topic/asb/14802.png', 'Fox found Rooster in a deep sleep. So he decided to take fire without asking Rooster.', NULL);
INSERT INTO `card` (id, type, title, header, content, option) VALUES ('21838_11', 3, NULL, 'assets/topic/asb/14803.png', 'Fox collected some dry grass. He put the grass next to the comb on Rooster''s head. Nothing happened. The grass did not catch fire.', NULL);
INSERT INTO `card` (id, type, title, header, content, option) VALUES ('21838_12', 3, NULL, 'assets/topic/asb/14804.png', '"Wake up king Rooster!" yelled Fox. "We need fire now."', NULL);
INSERT INTO `card` (id, type, title, header, content, option) VALUES ('21838_13', 3, NULL, 'assets/topic/asb/14805.png', 'But Rooster could not give fire to Fox.', NULL);
INSERT INTO `card` (id, type, title, header, content, option) VALUES ('21838_14', 3, NULL, 'assets/topic/asb/14806.png', 'Fox was angry. He went back to the other animals. He told them the truth about the comb on Rooster''s head. From that day,  no one was afraid of Rooster.  And foxes eat roosters and their families.', NULL);
INSERT INTO `card` (id, type, title, header, content, option) VALUES ('21838_15', 3, NULL, NULL, 'You are free to download, copy, translate or adapt this story and use the illustrations as long as you attribute in the following way:
Fox and Rooster
Author -
Vincent Afeku
Illustration -
Wiehan de Jager
Language -
English
Level -
First paragraphs
© African Storybook Initiative 2015
Creative Commons: Attribution 4.0
Source
www.africanstorybook.org', NULL);
INSERT INTO `card` (id, type, title, header, content, option) VALUES ('21838_16', 1, 'Paint a crown and decorate it.', 'assets/topic/21838.svg', NULL, NULL);
INSERT INTO `cardExtra` (cardId, type, serial, content) VALUES ('21838_16', 2, 1, 'assets/topic/21838.svg');
INSERT INTO `card` (id, type, title, header, content, option) VALUES ('21838_17', 0, 'Whcih animal wanted to become king?', NULL, NULL, 'oneAtATime');
INSERT INTO `cardExtra` (cardId, type, serial, content) VALUES ('21838_17', 1, 1, 'Rooster');
INSERT INTO `cardExtra` (cardId, type, serial, content) VALUES ('21838_17', 0, 1, 'Fox');
INSERT INTO `cardExtra` (cardId, type, serial, content) VALUES ('21838_17', 0, 2, 'Rabbit');
INSERT INTO `cardExtra` (cardId, type, serial, content) VALUES ('21838_17', 0, 3, 'Monkey');
INSERT INTO `card` (id, type, title, header, content, option) VALUES ('21838_22', 0, 'Select all the animals you read in the story', NULL, NULL, 'many');
INSERT INTO `cardExtra` (cardId, type, serial, content) VALUES ('21838_22', 1, 1, 'Rooster');
INSERT INTO `cardExtra` (cardId, type, serial, content) VALUES ('21838_22', 1, 2, 'Fox');
INSERT INTO `cardExtra` (cardId, type, serial, content) VALUES ('21838_22', 1, 3, 'Rabbit');
INSERT INTO `cardExtra` (cardId, type, serial, content) VALUES ('21838_22', 1, 4, 'Monkey');
INSERT INTO `cardExtra` (cardId, type, serial, content) VALUES ('21838_22', 0, 1, 'Donkey');
INSERT INTO `cardExtra` (cardId, type, serial, content) VALUES ('21838_22', 0, 2, 'Zebra');
INSERT INTO `card` (id, type, title, header, content, option) VALUES ('21838_29', 0, 'What do you do to keep your self warm in winter?', NULL, NULL, 'open');
INSERT INTO `cardExtra` (cardId, type, serial, content) VALUES ('21838_29', 0, 1, 'Cover with blanket');
INSERT INTO `cardExtra` (cardId, type, serial, content) VALUES ('21838_29', 0, 2, 'Light fire to get warm');
INSERT INTO `cardExtra` (cardId, type, serial, content) VALUES ('21838_29', 0, 3, 'Rub hands');
INSERT INTO `cardExtra` (cardId, type, serial, content) VALUES ('21838_29', 0, 4, 'Wear sweater');
INSERT INTO `card` (id, type, title, header, content, option) VALUES ('12609', 2, 'Rooster and Hare', 'assets/topic/asb/12453.png', 'Geoffrey Thiiru
 Duane Arthur', 'FFCFB5DD');
INSERT INTO `card` (id, type, title, header, content, option) VALUES ('12609_3', 3, NULL, 'assets/topic/asb/12438.png', 'Once upon a time,  there was a rooster and a hare. They were good friends.', NULL);
INSERT INTO `card` (id, type, title, header, content, option) VALUES ('12609_4', 3, NULL, 'assets/topic/asb/12440.png', 'One night,  Hare visited Rooster and his family. They enjoyed supper together.', NULL);
INSERT INTO `card` (id, type, title, header, content, option) VALUES ('12609_5', 3, NULL, 'assets/topic/asb/12443.png', 'When it was bedtime,  Rooster and his family soon fell asleep. Hare could not see their heads.', NULL);
INSERT INTO `card` (id, type, title, header, content, option) VALUES ('12609_6', 3, NULL, 'assets/topic/asb/12449.png', 'Rooster and his family slept very well. Hare was not able to sleep the whole night.', NULL);
INSERT INTO `card` (id, type, title, header, content, option) VALUES ('12609_7', 3, NULL, 'assets/topic/asb/12453.png', 'In the morning,  Hare wanted to know Rooster''s secret. "Where do you put your heads at night?" he asked.', NULL);
INSERT INTO `card` (id, type, title, header, content, option) VALUES ('12609_8', 3, NULL, 'assets/topic/asb/12454.png', 'Rooster decided to play a joke on Hare. He said,  "At bedtime,  we chop off our heads. Without heads,  we sleep very well."', NULL);
INSERT INTO `card` (id, type, title, header, content, option) VALUES ('12609_9', 3, NULL, 'assets/topic/asb/12455.png', '"Then in the morning,  we put our heads back on," explained Rooster.', NULL);
INSERT INTO `card` (id, type, title, header, content, option) VALUES ('12609_10', 3, NULL, 'assets/topic/asb/12456.png', 'Hare went home and told his family about the rooster''s secret. The Hare family decided to try it themselves. What do you think happened?', NULL);
INSERT INTO `card` (id, type, title, header, content, option) VALUES ('12609_11', 3, NULL, NULL, 'You are free to download, copy, translate or adapt this story and use the illustrations as long as you attribute in the following way:
Rooster and Hare
Author -
Geoffrey Thiiru
Illustration -
Duane Arthur
Language -
English
Level -
First sentences
© African Storybook Initiative 2015
Creative Commons: Attribution 4.0
Source
www.africanstorybook.org', NULL);
INSERT INTO `card` (id, type, title, header, content, option) VALUES ('12609_12', 1, 'Painta hare and decorate it.', 'assets/topic/12609.svg', NULL, NULL);
INSERT INTO `cardExtra` (cardId, type, serial, content) VALUES ('12609_12', 2, 1, 'assets/topic/12609.svg');
INSERT INTO `card` (id, type, title, header, content, option) VALUES ('12609_13', 0, 'Who is the best friend of hare?', NULL, NULL, 'oneAtATime');
INSERT INTO `cardExtra` (cardId, type, serial, content) VALUES ('12609_13', 1, 1, 'Rooster');
INSERT INTO `cardExtra` (cardId, type, serial, content) VALUES ('12609_13', 0, 1, 'Monkey');
INSERT INTO `cardExtra` (cardId, type, serial, content) VALUES ('12609_13', 0, 2, 'Donkey');
INSERT INTO `cardExtra` (cardId, type, serial, content) VALUES ('12609_13', 0, 3, 'Rabbit');
INSERT INTO `card` (id, type, title, header, content, option) VALUES ('12609_18', 0, 'Rooster and his family chopped their head to get good sleep.', NULL, NULL, 'oneAtATime');
INSERT INTO `cardExtra` (cardId, type, serial, content) VALUES ('12609_18', 1, 1, 'False.');
INSERT INTO `cardExtra` (cardId, type, serial, content) VALUES ('12609_18', 0, 1, 'True.');
INSERT INTO `card` (id, type, title, header, content, option) VALUES ('12609_21', 0, 'What will you do for a good nights sleep?', NULL, NULL, 'open');
INSERT INTO `cardExtra` (cardId, type, serial, content) VALUES ('12609_21', 0, 1, 'Eat fruit after dinner');
INSERT INTO `cardExtra` (cardId, type, serial, content) VALUES ('12609_21', 0, 2, 'Go for long walk.');
INSERT INTO `cardExtra` (cardId, type, serial, content) VALUES ('12609_21', 0, 3, 'Change the place of sleep.');
INSERT INTO `cardExtra` (cardId, type, serial, content) VALUES ('12609_21', 0, 4, 'Read a book.');
INSERT INTO `card` (id, type, title, header, content, option) VALUES ('20439', 2, 'Mod the toad', 'assets/topic/asb/13417.png', 'Alice Mulwa
Rob Owen', 'FFF4E1B5');
INSERT INTO `card` (id, type, title, header, content, option) VALUES ('20439_3', 3, NULL, 'assets/topic/asb/13415.png', 'It was a cold and wet morning in the forest. Mod the little toad was tired of swimming in cold water. "I need to leave this place during the rainy season," she said to herself.', NULL);
INSERT INTO `card` (id, type, title, header, content, option) VALUES ('20439_4', 3, NULL, 'assets/topic/asb/13416.png', '"I want an adventure," said Mod to Tortoise. "I must find out about the world." "Be careful,  don''t leave the water for too long or your skin will dry out," warned the wise terrapin. At that time,  toads still had smooth wet skin like frogs. Without water,  their skins would become too dry.', NULL);
INSERT INTO `card` (id, type, title, header, content, option) VALUES ('20439_5', 3, NULL, 'assets/topic/asb/13417.png', 'But Mod the toad was curious. "I must find out, I must go beyond the forest," she said. Mod hopped out of the water. Hop, hop, she went, away from the river. She had fun jumping over the rocks, across grass, and past trenches.', NULL);
INSERT INTO `card` (id, type, title, header, content, option) VALUES ('20439_6', 3, NULL, 'assets/topic/asb/13418.png', 'She heard the sound of an air plane. Mod looked up into the sky. "What is up there?" she asked, "I wonder if the clouds are talking." But no one answered her.', NULL);
INSERT INTO `card` (id, type, title, header, content, option) VALUES ('20439_7', 3, NULL, 'assets/topic/asb/13419.png', 'Mod carried on her way. She met Chameleon for the first time. He was next to a large puddle of water. "Hello, I am on my way to dry land for adventure. What can you tell me?" she asked. "Nothing much stranger. It rains here too. Lots of rain and lots of flies," replied Chameleon.', NULL);
INSERT INTO `card` (id, type, title, header, content, option) VALUES ('20439_8', 3, NULL, 'assets/topic/asb/13421.png', 'As Chameleon was talking, his body changed colour. Mod got a fright. She quickly said goodbye to Chameleon and hopped into a nearby bush.', NULL);
INSERT INTO `card` (id, type, title, header, content, option) VALUES ('20439_9', 3, NULL, 'assets/topic/asb/13422.png', 'But she was unlucky. Hyena was busy burning bushes in preparation for planting season.', NULL);
INSERT INTO `card` (id, type, title, header, content, option) VALUES ('20439_10', 3, NULL, 'assets/topic/asb/13423.png', 'Mod did not want to turn around for fear of meeting Chameleon again. She stayed in the bush, only her round eyes could be seen. They were big with fear. Mod was surrounded by fire!', NULL);
INSERT INTO `card` (id, type, title, header, content, option) VALUES ('20439_11', 3, NULL, 'assets/topic/asb/13424.png', 'Mod did not know where to go. The flames began to burn her back. Then the little toad remembered the puddle of water where she met Chameleon. She closed her eyes, held her breath, and jumped high in the direction of the puddle.', NULL);
INSERT INTO `card` (id, type, title, header, content, option) VALUES ('20439_12', 3, NULL, 'assets/topic/asb/13425.png', 'She was lucky this time. She landed in the puddle,  and the water put out the flames that were burning her skin. But the damage was done. When she came out of the puddle, the skin on her back was full of blisters.', NULL);
INSERT INTO `card` (id, type, title, header, content, option) VALUES ('20439_13', 3, NULL, 'assets/topic/asb/13426.png', 'Mod did not want an adventure anymore. She wanted to go home. But she did not know the way back to her river in the forest. So the little toad found a cool, dark place under a rock and sadly made a new home. Her burned skin slowly healed, but it was dry and bumpy.', NULL);
INSERT INTO `card` (id, type, title, header, content, option) VALUES ('20439_14', 3, NULL, 'assets/topic/asb/13427.png', 'This is why toads have dry rough skin, and can live away from water. Frogs still have smooth wet skin and need to stay where it''s wet.', NULL);
INSERT INTO `card` (id, type, title, header, content, option) VALUES ('20439_15', 3, NULL, NULL, 'You are free to download, copy, translate or adapt this story and use the illustrations as long as you attribute in the following way:
Mod the toad
Author -
Alice Mulwa
Illustration -
Rob Owen
Language -
English
Level -
Longer paragraphs
© African Storybook Initiative 2015
Creative Commons: Attribution 4.0
Source
www.africanstorybook.org', NULL);
INSERT INTO `card` (id, type, title, header, content, option) VALUES ('20439_16', 1, 'Paint a rainy scene.', 'assets/topic/20439.svg', NULL, NULL);
INSERT INTO `cardExtra` (cardId, type, serial, content) VALUES ('20439_16', 2, 1, 'assets/topic/20439.svg');
INSERT INTO `card` (id, type, title, header, content, option) VALUES ('20439_17', 0, 'Mod wanted to leave his place due to which season?', NULL, NULL, 'oneAtATime');
INSERT INTO `cardExtra` (cardId, type, serial, content) VALUES ('20439_17', 1, 1, 'Rainy season');
INSERT INTO `cardExtra` (cardId, type, serial, content) VALUES ('20439_17', 0, 1, 'Spring season');
INSERT INTO `cardExtra` (cardId, type, serial, content) VALUES ('20439_17', 0, 2, 'Autumn season');
INSERT INTO `cardExtra` (cardId, type, serial, content) VALUES ('20439_17', 0, 3, 'Summer season');
INSERT INTO `card` (id, type, title, header, content, option) VALUES ('20439_22', 0, 'Whom did mod mod talk to before leaving the water?', NULL, NULL, 'oneAtATime');
INSERT INTO `cardExtra` (cardId, type, serial, content) VALUES ('20439_22', 1, 1, 'Tortoise');
INSERT INTO `cardExtra` (cardId, type, serial, content) VALUES ('20439_22', 0, 1, 'Monkey');
INSERT INTO `cardExtra` (cardId, type, serial, content) VALUES ('20439_22', 0, 2, 'Fish');
INSERT INTO `cardExtra` (cardId, type, serial, content) VALUES ('20439_22', 0, 3, 'Crab');
INSERT INTO `card` (id, type, title, header, content, option) VALUES ('20439_27', 0, 'What do you when it is a rainy season?', NULL, NULL, 'open');
INSERT INTO `cardExtra` (cardId, type, serial, content) VALUES ('20439_27', 0, 1, 'Stay at home');
INSERT INTO `cardExtra` (cardId, type, serial, content) VALUES ('20439_27', 0, 2, 'Play in water');
INSERT INTO `cardExtra` (cardId, type, serial, content) VALUES ('20439_27', 0, 3, 'Eat cookies');
INSERT INTO `cardExtra` (cardId, type, serial, content) VALUES ('20439_27', 0, 4, 'Carry umbrella');
INSERT INTO `card` (id, type, title, header, content, option) VALUES ('20436', 2, 'How Tortoise''s nose became crooked', 'assets/topic/asb/13136.png', 'Taiwo Ẹhinẹni
Marleen Visser', 'FFB3C8FF');
INSERT INTO `card` (id, type, title, header, content, option) VALUES ('20436_3', 3, NULL, 'assets/topic/asb/13129.png', 'Once upon a time,  Tortoise and Squirrel were very close friends. One day,  Squirrel said to Tortoise,  "My friend,  we have no money,  but market day is getting close. What business can we do to make some money?"', NULL);
INSERT INTO `card` (id, type, title, header, content, option) VALUES ('20436_4', 3, NULL, 'assets/topic/asb/13130.png', 'Tortoise responded,  "You know I can make clay plates. I want you to join me in making plates to sell." "Okay my friend,  tomorrow evening I will join you to make the plates," Squirrel said.', NULL);
INSERT INTO `card` (id, type, title, header, content, option) VALUES ('20436_5', 3, NULL, 'assets/topic/asb/13131.png', 'On the day of the market,  Tortoise went to the marketplace. He saw two people fighting in the distance. He put down his clay plates and went to watch the fight.', NULL);
INSERT INTO `card` (id, type, title, header, content, option) VALUES ('20436_6', 3, NULL, 'assets/topic/asb/13132.png', 'When Tortoise got there,  he saw that it was his friend Squirrel fighting with Mole.', NULL);
INSERT INTO `card` (id, type, title, header, content, option) VALUES ('20436_7', 3, NULL, 'assets/topic/asb/13133.png', 'Immediately,  without finding out what caused the fight,  Tortoise took a big stick and began to beat Mole. "Leave my friend alone!" shouted Tortoise.', NULL);
INSERT INTO `card` (id, type, title, header, content, option) VALUES ('20436_8', 3, NULL, 'assets/topic/asb/13134.png', 'Mole turned to face Tortoise and bit him deeply on the nose.', NULL);
INSERT INTO `card` (id, type, title, header, content, option) VALUES ('20436_9', 3, NULL, 'assets/topic/asb/13135.png', 'Tortoise''s nose began to bleed.', NULL);
INSERT INTO `card` (id, type, title, header, content, option) VALUES ('20436_10', 3, NULL, 'assets/topic/asb/13136.png', 'Tortoise had impatiently entered into the fight. Since that day,  Tortoise has a crooked nose to remind him not to be so hasty.', NULL);
INSERT INTO `card` (id, type, title, header, content, option) VALUES ('20436_11', 3, NULL, NULL, 'You are free to download, copy, translate or adapt this story and use the illustrations as long as you attribute in the following way:
How Tortoise''s nose became crooked
Author -
Taiwo Ẹhinẹni
Translation -
Taiwo Ẹhinẹni
Illustration -
Marleen Visser
Language -
English
Level -
First paragraphs
© African Storybook Initiative 2015
Creative Commons: Attribution 4.0
Source
www.africanstorybook.org', NULL);
INSERT INTO `card` (id, type, title, header, content, option) VALUES ('20436_12', 1, 'Draw plates of different sizes and color it.', 'assets/topic/20436.svg', NULL, NULL);
INSERT INTO `cardExtra` (cardId, type, serial, content) VALUES ('20436_12', 2, 1, 'assets/topic/20436.svg');
INSERT INTO `card` (id, type, title, header, content, option) VALUES ('20436_13', 0, 'What did tortoise know to make?', NULL, NULL, 'oneAtATime');
INSERT INTO `cardExtra` (cardId, type, serial, content) VALUES ('20436_13', 1, 1, 'Clay plates.');
INSERT INTO `cardExtra` (cardId, type, serial, content) VALUES ('20436_13', 0, 1, 'Clay pots');
INSERT INTO `cardExtra` (cardId, type, serial, content) VALUES ('20436_13', 0, 2, 'Clay vase');
INSERT INTO `cardExtra` (cardId, type, serial, content) VALUES ('20436_13', 0, 3, 'Clay toy');
INSERT INTO `card` (id, type, title, header, content, option) VALUES ('20436_18', 0, 'Tortoise was bit by mole.', NULL, NULL, 'oneAtATime');
INSERT INTO `cardExtra` (cardId, type, serial, content) VALUES ('20436_18', 1, 1, 'True.');
INSERT INTO `cardExtra` (cardId, type, serial, content) VALUES ('20436_18', 0, 1, 'False.');
INSERT INTO `card` (id, type, title, header, content, option) VALUES ('20436_21', 0, 'What will you do when you see your friends fighting?', NULL, NULL, 'open');
INSERT INTO `cardExtra` (cardId, type, serial, content) VALUES ('20436_21', 0, 1, 'Try to stop the fight');
INSERT INTO `cardExtra` (cardId, type, serial, content) VALUES ('20436_21', 0, 2, 'Inform elders');
INSERT INTO `cardExtra` (cardId, type, serial, content) VALUES ('20436_21', 0, 3, 'Call some help');
INSERT INTO `cardExtra` (cardId, type, serial, content) VALUES ('20436_21', 0, 4, 'Call police');
INSERT INTO `card` (id, type, title, header, content, option) VALUES ('22557', 2, 'How colours came together in the sky', 'assets/topic/asb/26440.png', 'Zainab Ayoza Omaki
Offei Tettey Eugene', 'FFF4E1B5');
INSERT INTO `card` (id, type, title, header, content, option) VALUES ('22557_3', 3, NULL, 'assets/topic/asb/26434.png', 'One day after a heavy rain, Iman looked across the sky and saw colours in it for the first time.', NULL);
INSERT INTO `card` (id, type, title, header, content, option) VALUES ('22557_4', 3, NULL, 'assets/topic/asb/26435.png', 'How beautiful, she thought. Someone must have worked very hard, painting the sky with a brush like Daddy paints houses.', NULL);
INSERT INTO `card` (id, type, title, header, content, option) VALUES ('22557_5', 3, NULL, 'assets/topic/asb/26436.png', 'She ran to her sister and said, "Zarah look! Someone has painted the sky for us and made it beautiful."', NULL);
INSERT INTO `card` (id, type, title, header, content, option) VALUES ('22557_6', 3, NULL, 'assets/topic/asb/26437.png', 'But Zarah said, "No, silly. That is a rainbow. You are little and I am big. I know why it is in the sky. Let me show you."', NULL);
INSERT INTO `card` (id, type, title, header, content, option) VALUES ('22557_7', 3, NULL, 'assets/topic/asb/26438.png', 'Zarah took Iman to the zoo. She said, "Rainbows do not appear because lion cubs roar for the first time or because elephants are born."', NULL);
INSERT INTO `card` (id, type, title, header, content, option) VALUES ('22557_8', 3, NULL, 'assets/topic/asb/26439.png', 'She took Iman to a field of flowers and said, "They do not appear because butterflies lose their colours in the clouds."', NULL);
INSERT INTO `card` (id, type, title, header, content, option) VALUES ('22557_9', 3, NULL, 'assets/topic/asb/26440.png', 'She showed Iman a book. She said, "They do not even appear because rhinos run across the ground and scare colours up into the sky."', NULL);
INSERT INTO `card` (id, type, title, header, content, option) VALUES ('22557_10', 3, NULL, 'assets/topic/asb/26441.png', '"I know why rainbows really appear. Mummy told me and now I''ll tell you."
Zarah took Iman''s hand and led her to a playground.', NULL);
INSERT INTO `card` (id, type, title, header, content, option) VALUES ('22557_11', 3, NULL, 'assets/topic/asb/26442.png', '"Rainbows appear in the sky because of children like you and me. One day, colours looked down from above and liked what they could see."', NULL);
INSERT INTO `card` (id, type, title, header, content, option) VALUES ('22557_12', 3, NULL, 'assets/topic/asb/26443.png', '"They saw children with light skin, dark skin and everything in between. They thought, ''How wonderful it must be to be as beautiful as these.''"', NULL);
INSERT INTO `card` (id, type, title, header, content, option) VALUES ('22557_13', 3, NULL, 'assets/topic/asb/26444.png', '"They came together in the sky and spoke about what they could do. They decided, ''If we are to be beautiful we must do it as a group.''"', NULL);
INSERT INTO `card` (id, type, title, header, content, option) VALUES ('22557_14', 3, NULL, 'assets/topic/asb/26445.png', '"Now they join together and shine as brightly as they can. Hoping to be as beautiful as the children they see, just like you and me."', NULL);
INSERT INTO `card` (id, type, title, header, content, option) VALUES ('22557_15', 3, NULL, NULL, 'You are free to download, copy, translate or adapt this story and use the illustrations as long as you attribute in the following way:
How colours came together in the sky
Author -
Zainab Ayoza Omaki
Translation -
Zainab Ayoza Omaki
Illustration -
Offei Tettey Eugene
Language -
English
Level -
First sentences
© African Storybook Initiative 2018
Creative Commons: Attribution 4.0
Source
www.africanstorybook.org', NULL);
INSERT INTO `card` (id, type, title, header, content, option) VALUES ('22557_16', 1, 'Draw a rainbow.', 'assets/topic/22557.svg', NULL, NULL);
INSERT INTO `cardExtra` (cardId, type, serial, content) VALUES ('22557_16', 2, 1, 'assets/topic/22557.svg');
INSERT INTO `card` (id, type, title, header, content, option) VALUES ('22557_17', 0, 'What did Iman see in the sky that looked colorful?', NULL, NULL, 'oneAtATime');
INSERT INTO `cardExtra` (cardId, type, serial, content) VALUES ('22557_17', 1, 1, 'Rainbow');
INSERT INTO `cardExtra` (cardId, type, serial, content) VALUES ('22557_17', 0, 1, 'Birds');
INSERT INTO `cardExtra` (cardId, type, serial, content) VALUES ('22557_17', 0, 2, 'Sun');
INSERT INTO `cardExtra` (cardId, type, serial, content) VALUES ('22557_17', 0, 3, 'Rain');
INSERT INTO `card` (id, type, title, header, content, option) VALUES ('22557_22', 0, 'Rainbow have seven colors.', NULL, NULL, 'oneAtATime');
INSERT INTO `cardExtra` (cardId, type, serial, content) VALUES ('22557_22', 1, 1, 'True.');
INSERT INTO `cardExtra` (cardId, type, serial, content) VALUES ('22557_22', 0, 1, 'False.');
INSERT INTO `card` (id, type, title, header, content, option) VALUES ('22557_25', 0, 'Which is your favourite color in Rainbow?', NULL, NULL, 'open');
INSERT INTO `cardExtra` (cardId, type, serial, content) VALUES ('22557_25', 0, 1, 'Red');
INSERT INTO `cardExtra` (cardId, type, serial, content) VALUES ('22557_25', 0, 2, 'violet');
INSERT INTO `cardExtra` (cardId, type, serial, content) VALUES ('22557_25', 0, 3, 'Green');
INSERT INTO `cardExtra` (cardId, type, serial, content) VALUES ('22557_25', 0, 4, 'Blue');
INSERT INTO `card` (id, type, title, header, content, option) VALUES ('16587', 2, 'How night came to Opio''s village', 'assets/topic/asb/1130.png', 'Robert Ekuka
Wiehan de Jager', 'FFF4E1B5');
INSERT INTO `card` (id, type, title, header, content, option) VALUES ('16587_3', 3, NULL, 'assets/topic/asb/1131.png', 'Long ago,  there was no night in Opio''s village. People slept when they were tired and worked when they were awake.', NULL);
INSERT INTO `card` (id, type, title, header, content, option) VALUES ('16587_4', 3, NULL, 'assets/topic/asb/1132.png', 'One day Opio went out hunting with his dogs. After a short time,  his dogs started to chase an antelope. Opio followed them. He ran for many hours. Every time he became tired,  he rested. Then he would run again. But he could not find his dogs.', NULL);
INSERT INTO `card` (id, type, title, header, content, option) VALUES ('16587_5', 3, NULL, 'assets/topic/asb/1133.png', 'After many days,  he came to a village. He went to one of the houses and said to the owner,  "I have chased an antelope for a long time and I am very tired. I want to rest." The man said,  "Sit down and rest. Would you like some beer?" Opio was very thirsty so he drank some. Then he went to sleep.', NULL);
INSERT INTO `card` (id, type, title, header, content, option) VALUES ('16587_6', 3, NULL, 'assets/topic/asb/1134.png', 'When he woke up,  he couldn''t see. He opened and closed his eyes many times. "You have given me something very bad to drink," he said to the man. "I can''t see properly anymore!" "There is nothing wrong with you," the man replied. "It''s night now. Haven''t you ever seen night? When the day leaves,  the night comes."', NULL);
INSERT INTO `card` (id, type, title, header, content, option) VALUES ('16587_7', 3, NULL, 'assets/topic/asb/1135.png', 'Opio asked many questions about the night. He began to like it very much. He and his new friend talked until morning. He stayed for another day so that he could see the night come again.', NULL);
INSERT INTO `card` (id, type, title, header, content, option) VALUES ('16587_8', 3, NULL, 'assets/topic/asb/1136.png', 'The next morning he asked his friend,  "How can I take the night to my own village? I want my people to see the night." The man explained,  "When it starts to get dark this evening,  walk to your village. If you look straight in front,  the night will follow you. If you look back,  the night will go away."', NULL);
INSERT INTO `card` (id, type, title, header, content, option) VALUES ('16587_9', 3, NULL, 'assets/topic/asb/1130.png', 'Opio did as he was told. That evening,  he began to walk towards his village. He felt the dark night behind him as he walked. He was tempted to look back,  but he did not.', NULL);
INSERT INTO `card` (id, type, title, header, content, option) VALUES ('16587_10', 3, NULL, 'assets/topic/asb/1137.png', 'When he came to his village,  the villagers were afraid. They asked Opio,  "What disease have you brought to us? What is this dark thing following you?" Opio said,  "My friends,  this dark thing is called night. You are afraid and I was afraid,  too."', NULL);
INSERT INTO `card` (id, type, title, header, content, option) VALUES ('16587_11', 3, NULL, 'assets/topic/asb/1138.png', 'Opio continued to explain,  "You will learn to like the night. When the light comes we can work and when night comes,  we can rest."', NULL);
INSERT INTO `card` (id, type, title, header, content, option) VALUES ('16587_12', 3, NULL, 'assets/topic/asb/1139.png', 'And that is how night came to Opio''s village.', NULL);
INSERT INTO `card` (id, type, title, header, content, option) VALUES ('16587_13', 3, NULL, NULL, 'You are free to download, copy, translate or adapt this story and use the illustrations as long as you attribute in the following way:
How night came to Opio''s village
Author -
Robert Ekuka
Illustration -
Wiehan de Jager
Language -
English
Level -
First paragraphs
© African Storybook Initiative 2014
Creative Commons: Attribution 4.0
Source
www.africanstorybook.org', NULL);
INSERT INTO `card` (id, type, title, header, content, option) VALUES ('16587_14', 1, 'Decorate night with stars and moon.', 'assets/topic/16587.svg', NULL, NULL);
INSERT INTO `cardExtra` (cardId, type, serial, content) VALUES ('16587_14', 2, 1, 'assets/topic/16587.svg');
INSERT INTO `card` (id, type, title, header, content, option) VALUES ('16587_15', 0, 'What was not in Opio''s village ?', NULL, NULL, 'oneAtATime');
INSERT INTO `cardExtra` (cardId, type, serial, content) VALUES ('16587_15', 1, 1, 'Night');
INSERT INTO `cardExtra` (cardId, type, serial, content) VALUES ('16587_15', 0, 1, 'Day');
INSERT INTO `cardExtra` (cardId, type, serial, content) VALUES ('16587_15', 0, 2, 'Tree');
INSERT INTO `cardExtra` (cardId, type, serial, content) VALUES ('16587_15', 0, 3, 'Fruit');
INSERT INTO `card` (id, type, title, header, content, option) VALUES ('16587_20', 0, 'Night followed Opio to his village.', NULL, NULL, 'oneAtATime');
INSERT INTO `cardExtra` (cardId, type, serial, content) VALUES ('16587_20', 1, 1, 'True.');
INSERT INTO `cardExtra` (cardId, type, serial, content) VALUES ('16587_20', 0, 1, 'False.');
INSERT INTO `card` (id, type, title, header, content, option) VALUES ('16587_23', 0, 'What will you add to decorate night?', NULL, NULL, 'open');
INSERT INTO `cardExtra` (cardId, type, serial, content) VALUES ('16587_23', 0, 1, 'Stars');
INSERT INTO `cardExtra` (cardId, type, serial, content) VALUES ('16587_23', 0, 2, 'Moon');
INSERT INTO `cardExtra` (cardId, type, serial, content) VALUES ('16587_23', 0, 3, 'Sun');
INSERT INTO `cardExtra` (cardId, type, serial, content) VALUES ('16587_23', 0, 4, 'Rainbow');
INSERT INTO `card` (id, type, title, header, content, option) VALUES ('22081', 2, 'Sun, Moon, and Water', 'assets/topic/asb/25567.png', 'Athieno Gertrude
Salim Kasamba', 'FFB3C8FF');
INSERT INTO `card` (id, type, title, header, content, option) VALUES ('22081_3', 3, NULL, 'assets/topic/asb/25557.png', 'Many years ago, Sun and Water were great friends. Both lived on earth together.', NULL);
INSERT INTO `card` (id, type, title, header, content, option) VALUES ('22081_4', 3, NULL, 'assets/topic/asb/25558.png', 'Sun used to visit Water very often, but Water never went to visit Sun.', NULL);
INSERT INTO `card` (id, type, title, header, content, option) VALUES ('22081_5', 3, NULL, 'assets/topic/asb/25559.png', 'At last Sun asked Water why he never came to visit.
Water replied that Sun''s house was too small. "If I come with my family we will drive you out," he said.', NULL);
INSERT INTO `card` (id, type, title, header, content, option) VALUES ('22081_6', 3, NULL, 'assets/topic/asb/25560.png', 'Then Water said, "If you wish me to visit you, build a very large compound. My people are very many, and take up a lot of room."
Sun promised to build a very big compound.', NULL);
INSERT INTO `card` (id, type, title, header, content, option) VALUES ('22081_7', 3, NULL, 'assets/topic/asb/25561.png', 'Sun returned home to his wife, Moon, who greeted him with a broad smile. Sun told Moon what he had promised Water.', NULL);
INSERT INTO `card` (id, type, title, header, content, option) VALUES ('22081_8', 3, NULL, 'assets/topic/asb/25562.png', 'The next day he started building a huge compound in which to entertain his friend.', NULL);
INSERT INTO `card` (id, type, title, header, content, option) VALUES ('22081_9', 3, NULL, 'assets/topic/asb/25563.png', 'As soon as the compound was completed, he asked Water to come and visit them.', NULL);
INSERT INTO `card` (id, type, title, header, content, option) VALUES ('22081_10', 3, NULL, 'assets/topic/asb/25564.png', 'When Water arrived, he asked Sun whether it would be safe for him to enter.
"Yes, come in, my friend," Sun answered.', NULL);
INSERT INTO `card` (id, type, title, header, content, option) VALUES ('22081_11', 3, NULL, 'assets/topic/asb/25565.png', 'Water began to flow in.
He was accompanied by crocodiles, fish, frogs, snakes, snails, flukes, turtles, and all the water animals.', NULL);
INSERT INTO `card` (id, type, title, header, content, option) VALUES ('22081_12', 3, NULL, 'assets/topic/asb/25566.png', 'Very soon Water was knee-deep. He asked Sun if it was still safe.
"Yes," Sun again answered. So more of water''s people  came in.', NULL);
INSERT INTO `card` (id, type, title, header, content, option) VALUES ('22081_13', 3, NULL, 'assets/topic/asb/25567.png', 'Water reached the level of the top of a person''s head. He asked Sun, "Can more of my people come in?" Sun and Moon both answered, "Yes."
Water flowed on, until Sun and Moon had to perch themselves on the top of the roof.', NULL);
INSERT INTO `card` (id, type, title, header, content, option) VALUES ('22081_14', 3, NULL, 'assets/topic/asb/25568.png', 'Water''s people continued to rush in. Very soon they reached the top of the roof.
Sun and Moon were forced to go up into the sky. They have remained in the sky ever since.', NULL);
INSERT INTO `card` (id, type, title, header, content, option) VALUES ('22081_15', 3, NULL, NULL, 'You are free to download, copy, translate or adapt this story and use the illustrations as long as you attribute in the following way:
Sun, Moon, and Water
Author -
Owino Ogot
Translation -
Athieno Gertrude
Illustration -
Salim Kasamba
Language -
English
Level -
First paragraphs
© African Storybook Initiative 2017
Creative Commons: Attribution 4.0
Source
www.africanstorybook.org', NULL);
INSERT INTO `card` (id, type, title, header, content, option) VALUES ('22081_16', 1, 'Draw sun and decorate.', 'assets/topic/22081.svg', NULL, NULL);
INSERT INTO `cardExtra` (cardId, type, serial, content) VALUES ('22081_16', 2, 1, 'assets/topic/22081.svg');
INSERT INTO `card` (id, type, title, header, content, option) VALUES ('22081_17', 0, 'Accordiing to story where did sun and water live?', NULL, NULL, 'oneAtATime');
INSERT INTO `cardExtra` (cardId, type, serial, content) VALUES ('22081_17', 1, 1, 'Earth');
INSERT INTO `cardExtra` (cardId, type, serial, content) VALUES ('22081_17', 0, 1, 'Tree');
INSERT INTO `cardExtra` (cardId, type, serial, content) VALUES ('22081_17', 0, 2, 'Sky');
INSERT INTO `cardExtra` (cardId, type, serial, content) VALUES ('22081_17', 0, 3, 'Moon');
INSERT INTO `card` (id, type, title, header, content, option) VALUES ('22081_22', 0, 'Sun buit a very large compound so that wate can visit him.', NULL, NULL, 'oneAtATime');
INSERT INTO `cardExtra` (cardId, type, serial, content) VALUES ('22081_22', 1, 1, 'True.');
INSERT INTO `cardExtra` (cardId, type, serial, content) VALUES ('22081_22', 0, 1, 'False.');
INSERT INTO `card` (id, type, title, header, content, option) VALUES ('22081_25', 0, 'What will you build if water wanted to visit you?', NULL, NULL, 'open');
INSERT INTO `cardExtra` (cardId, type, serial, content) VALUES ('22081_25', 0, 1, 'Dam');
INSERT INTO `cardExtra` (cardId, type, serial, content) VALUES ('22081_25', 0, 2, 'Pond');
INSERT INTO `cardExtra` (cardId, type, serial, content) VALUES ('22081_25', 0, 3, 'Lake');
INSERT INTO `cardExtra` (cardId, type, serial, content) VALUES ('22081_25', 0, 4, 'Well');
INSERT INTO `card` (id, type, title, header, content, option) VALUES ('22062', 2, 'Sinziro and his brothers', 'assets/topic/asb/19605.png', 'Magabi Eynew Gessesse
Vusi Malindi', 'FF9DEDE3');
INSERT INTO `card` (id, type, title, header, content, option) VALUES ('22062_3', 3, NULL, 'assets/topic/asb/19601.png', 'Once upon a time,  a man and a woman had seven foolish sons. The boys lost the family cattle,  they broke the plough,  and everyone cheated them at the market.', NULL);
INSERT INTO `card` (id, type, title, header, content, option) VALUES ('22062_4', 3, NULL, 'assets/topic/asb/19602.png', 'Their mother prayed,  "Oh God,  why did you send me all these foolish children? Please,  send me one more son,  and let him be wise."', NULL);
INSERT INTO `card` (id, type, title, header, content, option) VALUES ('22062_5', 3, NULL, 'assets/topic/asb/19603.png', 'In time the woman gave birth to another boy. The child was tiny. "We''ll call him Sinziro," his mother said.', NULL);
INSERT INTO `card` (id, type, title, header, content, option) VALUES ('22062_6', 3, NULL, 'assets/topic/asb/19604.png', 'Although Sinziro grew,  he remained very small. But he was also extremely clever. His mother and father loved him very much. His brothers were jealous. "Why do our parents love you more than us?" they asked Sinziro. "Look at yourself! You are the size of a rat."', NULL);
INSERT INTO `card` (id, type, title, header, content, option) VALUES ('22062_7', 3, NULL, 'assets/topic/asb/19605.png', 'An enemy lived near the family''s house. One day,  Sinziro''s brothers said to each other,  "We are hungry,  but our enemy has many fat cows and bulls. Let''s go tonight and steal two of his bulls. We''ll take our father''s donkey to carry the meat home." They did not see Sinziro because he was behind his father''s stool.', NULL);
INSERT INTO `card` (id, type, title, header, content, option) VALUES ('22062_8', 3, NULL, 'assets/topic/asb/19606.png', 'That night,  Sinziro''s brothers took the donkey and went to their enemy''s compound. They did not see Sinziro running after them.', NULL);
INSERT INTO `card` (id, type, title, header, content, option) VALUES ('22062_9', 3, NULL, 'assets/topic/asb/19607.png', 'When they reached their enemy''s compound,  the gate was shut. The brothers could not get inside."I wish that Sinziro was here instead of at home," said one of the brothers. "He''s clever. He could get into this compound." They did not see Sinziro because he was hiding.', NULL);
INSERT INTO `card` (id, type, title, header, content, option) VALUES ('22062_10', 3, NULL, 'assets/topic/asb/19608.png', '"I''m not at home,  brothers. I''m here," Sinziro called. "And I know what to do. Stay here. I''ll go inside the compound,  and open the door. I''ll drive the bulls out to you." "But how can you go into the compound?" the third brother asked. "The door is locked."', NULL);
INSERT INTO `card` (id, type, title, header, content, option) VALUES ('22062_11', 3, NULL, 'assets/topic/asb/19609.png', 'Sinziro laughed and said,  "Look,  there''s a door for me. "His brothers looked. There was a small space in the gate. It was only big enough for a cat,  but it was big enough for Sinziro.', NULL);
INSERT INTO `card` (id, type, title, header, content, option) VALUES ('22062_12', 3, NULL, 'assets/topic/asb/19610.png', 'Sinziro ran through it easily. He climbed up to the door and opened it. Then he began to drive two fat bulls out of the compound. "Go on,  my beautiful bulls! Go out!" he shouted.', NULL);
INSERT INTO `card` (id, type, title, header, content, option) VALUES ('22062_13', 3, NULL, 'assets/topic/asb/19611.png', 'The brothers'' enemy was asleep in his house,  but his dogs were awake. They heard Sinziro,  and began to bark. Their master woke up too. "What''s going on?" he called.', NULL);
INSERT INTO `card` (id, type, title, header, content, option) VALUES ('22062_14', 3, NULL, 'assets/topic/asb/19612.png', 'The man came out of his house. Sinziro quickly hid so that the man could not see him. Then he pretended to be the man''s servant. "Don''t worry,  sir,  our two big bulls were lost,  but I am bringing them back now," he said. The owner was angry. "Don''t make so much noise," he said. "We are trying to sleep." He went back into his house,  and shut the door.', NULL);
INSERT INTO `card` (id, type, title, header, content, option) VALUES ('22062_15', 3, NULL, 'assets/topic/asb/19613.png', 'Quietly,  Sinziro drove the two bulls out of the compound. His brothers were very happy. "What beautiful fat bulls!" they said. "Let''s kill them and eat them now." "No!" said Sinziro. "Our enemy will hear us. He will come out again and catch us. We must take the bulls far away,  across the river."', NULL);
INSERT INTO `card` (id, type, title, header, content, option) VALUES ('22062_16', 3, NULL, 'assets/topic/asb/19614.png', 'Sinziro and his brothers drove the bulls away from the enemy''s house. When they came to the river,  the seven foolish brothers looked at the water and shook their heads. "We can''t cross this river," they said to each other. "Perhaps it''s deep. We can''t swim. Where is Sinziro? He will know how to cross it."', NULL);
INSERT INTO `card` (id, type, title, header, content, option) VALUES ('22062_17', 3, NULL, 'assets/topic/asb/19615.png', 'Sinziro was sitting on one of the bulls'' horns. "I am here,  brothers," he said. "I know what to do. Give me a rope." His brothers gave him a rope. Sinziro tied one end of the rope to the tree. Then he swam across the river,  and tied the other end to another tree. He called out to his brothers,  "Hold the rope,  and walk across the river. You will be safe."', NULL);
INSERT INTO `card` (id, type, title, header, content, option) VALUES ('22062_18', 3, NULL, 'assets/topic/asb/19616.png', 'So,  one by one,  his brothers held the rope and crossed the river,  while the bulls swam in front of them. "We are far away from our enemy now," said Sinziro. "We can kill the bulls." The brothers killed the bulls. They divided the meat into seven parts for each of them.', NULL);
INSERT INTO `card` (id, type, title, header, content, option) VALUES ('22062_19', 3, NULL, 'assets/topic/asb/19617.png', '"Where''s my share?" Sinziro asked. The brothers laughed. "Your share?" they said. "But you are too small. You can''t eat this meat. No,  Sinziro,  there''s no meat for you." Sinziro was very angry. "I''ll punish my brothers for this," he thought. Then he said to them,  "If you won''t give me any meat,  at least give me the bladder of one of the bulls."', NULL);
INSERT INTO `card` (id, type, title, header, content, option) VALUES ('22062_20', 3, NULL, 'assets/topic/asb/19618.png', 'His brothers threw the bladder to Sinziro and got ready to leave. He took the bladder,  and ran ahead of his brothers. He climbed a tree near where they would pass. Sinziro tied up the bladder on one side,  and blew into it until it was like a ball. Then he took a stick and he began to beat the bladder.', NULL);
INSERT INTO `card` (id, type, title, header, content, option) VALUES ('22062_21', 3, NULL, 'assets/topic/asb/19619.png', 'As he was making a noise with the stick and bladder,  Sinziro shouted,  "Please,  don''t beat me,  sir! I didn''t steal your bulls. It was my brothers. Look,  they are coming. They have killed your bulls and cut up the meat!" The brothers were very frightened. "Our enemy has followed us," they cried. "He will punish us!" At once,  they ran away.', NULL);
INSERT INTO `card` (id, type, title, header, content, option) VALUES ('22062_22', 3, NULL, 'assets/topic/asb/19620.png', 'Sinziro came down from the tree. He was smiling. "Now all the meat is for me," he said.', NULL);
INSERT INTO `card` (id, type, title, header, content, option) VALUES ('22062_23', 3, NULL, NULL, 'You are free to download, copy, translate or adapt this story and use the illustrations as long as you attribute in the following way:
Sinziro and his brothers
Author -
Magabi Eynew Gessesse and Elizabeth Laird
Illustration -
Vusi Malindi
Language -
English
Level -
Longer paragraphs
© African Storybook Initiative 2016
Creative Commons: Attribution 4.0
Source
www.africanstorybook.org
Original source
www.ethiopianfolktales.com', NULL);
INSERT INTO `card` (id, type, title, header, content, option) VALUES ('22062_24', 1, 'Paint a little man and big man.', 'assets/topic/22062.svg', NULL, NULL);
INSERT INTO `cardExtra` (cardId, type, serial, content) VALUES ('22062_24', 2, 1, 'assets/topic/22062.svg');
INSERT INTO `card` (id, type, title, header, content, option) VALUES ('22062_25', 0, 'How many children did the man and his wife had?', NULL, NULL, 'oneAtATime');
INSERT INTO `cardExtra` (cardId, type, serial, content) VALUES ('22062_25', 1, 1, 'Eight');
INSERT INTO `cardExtra` (cardId, type, serial, content) VALUES ('22062_25', 0, 1, 'Five');
INSERT INTO `cardExtra` (cardId, type, serial, content) VALUES ('22062_25', 0, 2, 'Six');
INSERT INTO `cardExtra` (cardId, type, serial, content) VALUES ('22062_25', 0, 3, 'Four');
INSERT INTO `card` (id, type, title, header, content, option) VALUES ('22062_30', 0, 'Sinziro was tallest among all the eight childrens.', NULL, NULL, 'oneAtATime');
INSERT INTO `cardExtra` (cardId, type, serial, content) VALUES ('22062_30', 1, 1, 'False.');
INSERT INTO `cardExtra` (cardId, type, serial, content) VALUES ('22062_30', 0, 1, 'True.');
INSERT INTO `card` (id, type, title, header, content, option) VALUES ('22062_33', 0, 'How will you cross the river?', NULL, NULL, 'open');
INSERT INTO `cardExtra` (cardId, type, serial, content) VALUES ('22062_33', 0, 1, 'By swimming.');
INSERT INTO `cardExtra` (cardId, type, serial, content) VALUES ('22062_33', 0, 2, 'By boat');
INSERT INTO `cardExtra` (cardId, type, serial, content) VALUES ('22062_33', 0, 3, 'Walking upon the bridge');
INSERT INTO `cardExtra` (cardId, type, serial, content) VALUES ('22062_33', 0, 4, 'Find another way to cross.');
INSERT INTO `card` (id, type, title, header, content, option) VALUES ('2632', 2, 'Brown', 'assets/topic/asb/2617.png', 'Reviva Schermbrucker
 Sue Kramer', 'FFB3C8FF');
INSERT INTO `card` (id, type, title, header, content, option) VALUES ('2632_3', 3, NULL, 'assets/topic/asb/2618.png', 'Cracked brown wood.', NULL);
INSERT INTO `card` (id, type, title, header, content, option) VALUES ('2632_4', 3, NULL, 'assets/topic/asb/2619.png', 'Painted brown lion.', NULL);
INSERT INTO `card` (id, type, title, header, content, option) VALUES ('2632_5', 3, NULL, 'assets/topic/asb/2620.png', 'Soft brown bread.', NULL);
INSERT INTO `card` (id, type, title, header, content, option) VALUES ('2632_6', 3, NULL, 'assets/topic/asb/2621.png', 'Yummy brown cakes.', NULL);
INSERT INTO `card` (id, type, title, header, content, option) VALUES ('2632_7', 3, NULL, 'assets/topic/asb/2622.png', 'Old brown boots.', NULL);
INSERT INTO `card` (id, type, title, header, content, option) VALUES ('2632_8', 3, NULL, 'assets/topic/asb/2624.png', 'Shiny brown buffalo.', NULL);
INSERT INTO `card` (id, type, title, header, content, option) VALUES ('2632_9', 3, NULL, 'assets/topic/asb/2625.png', 'Woolly brown hat.', NULL);
INSERT INTO `card` (id, type, title, header, content, option) VALUES ('2632_10', 3, NULL, 'assets/topic/asb/2626.png', 'Smooth brown dog.', NULL);
INSERT INTO `card` (id, type, title, header, content, option) VALUES ('2632_11', 3, NULL, 'assets/topic/asb/2627.png', 'Dirty brown mud.', NULL);
INSERT INTO `card` (id, type, title, header, content, option) VALUES ('2632_12', 3, NULL, 'assets/topic/asb/2628.png', 'Wet brown skin.', NULL);
INSERT INTO `card` (id, type, title, header, content, option) VALUES ('2632_13', 3, NULL, 'assets/topic/asb/2629.png', 'And what is this? A clean face in a dirty mirror.', NULL);
INSERT INTO `card` (id, type, title, header, content, option) VALUES ('2632_14', 3, NULL, NULL, 'You are free to download, copy, translate or adapt this story and use the illustrations as long as you attribute in the following way:
Brown
Author -
Reviva Schermbrucker
Illustration -
Sue Kramer
Language -
English
Level -
First words
© Reviva Schermbrucker, Sue Kramer and Praesa, 2002
Creative Commons: Attribution-Non Commercial 3.0
Source
www.africanstorybook.org
Original source
http://www.littlehandstrust.com/books.html', NULL);
INSERT INTO `card` (id, type, title, header, content, option) VALUES ('2632_15', 1, 'Draw yummy brown bread.', 'assets/topic/2632.svg', NULL, NULL);
INSERT INTO `cardExtra` (cardId, type, serial, content) VALUES ('2632_15', 2, 1, 'assets/topic/2632.svg');
INSERT INTO `card` (id, type, title, header, content, option) VALUES ('2632_16', 0, 'Match the following as it is in story.', NULL, NULL, 'pair');
INSERT INTO `cardExtra` (cardId, type, serial, content) VALUES ('2632_16', 1, 1, 'Cracked');
INSERT INTO `cardExtra` (cardId, type, serial, content) VALUES ('2632_16', 1, 2, 'Wood');
INSERT INTO `cardExtra` (cardId, type, serial, content) VALUES ('2632_16', 1, 3, 'Painted');
INSERT INTO `cardExtra` (cardId, type, serial, content) VALUES ('2632_16', 1, 4, 'Lion');
INSERT INTO `cardExtra` (cardId, type, serial, content) VALUES ('2632_16', 1, 5, 'Soft');
INSERT INTO `cardExtra` (cardId, type, serial, content) VALUES ('2632_16', 1, 6, 'Bread');
INSERT INTO `cardExtra` (cardId, type, serial, content) VALUES ('2632_16', 1, 7, 'Yummy');
INSERT INTO `cardExtra` (cardId, type, serial, content) VALUES ('2632_16', 1, 8, 'Cakes');
INSERT INTO `cardExtra` (cardId, type, serial, content) VALUES ('2632_16', 1, 9, 'Shiny');
INSERT INTO `cardExtra` (cardId, type, serial, content) VALUES ('2632_16', 1, 10, 'Buffalo');
INSERT INTO `cardExtra` (cardId, type, serial, content) VALUES ('2632_16', 1, 11, 'Woolly');
INSERT INTO `cardExtra` (cardId, type, serial, content) VALUES ('2632_16', 1, 12, 'Hat');
INSERT INTO `cardExtra` (cardId, type, serial, content) VALUES ('2632_16', 1, 13, 'Dirty');
INSERT INTO `cardExtra` (cardId, type, serial, content) VALUES ('2632_16', 1, 14, 'Mud');
INSERT INTO `card` (id, type, title, header, content, option) VALUES ('2632_31', 0, 'Dog is smooth and brown in color.', NULL, NULL, 'oneAtATime');
INSERT INTO `cardExtra` (cardId, type, serial, content) VALUES ('2632_31', 1, 1, 'True.');
INSERT INTO `cardExtra` (cardId, type, serial, content) VALUES ('2632_31', 0, 1, 'False.');
INSERT INTO `card` (id, type, title, header, content, option) VALUES ('2632_34', 0, 'Write the name of things which appear black in color.', NULL, NULL, 'open');
INSERT INTO `cardExtra` (cardId, type, serial, content) VALUES ('2632_34', 0, 1, 'Hair');
INSERT INTO `cardExtra` (cardId, type, serial, content) VALUES ('2632_34', 0, 2, 'Black boot');
INSERT INTO `cardExtra` (cardId, type, serial, content) VALUES ('2632_34', 0, 3, 'Night');
INSERT INTO `cardExtra` (cardId, type, serial, content) VALUES ('2632_34', 0, 4, 'Crow');
INSERT INTO `card` (id, type, title, header, content, option) VALUES ('22468', 2, 'Kate is in heaven', 'assets/topic/asb/26149.png', 'Cornelius Wambi Gulere
Rodney  Kawaayi', 'FFB3C8FF');
INSERT INTO `card` (id, type, title, header, content, option) VALUES ('22468_3', 3, NULL, 'assets/topic/asb/26134.png', 'Kate has a thing in her head.
How will they remove it?', NULL);
INSERT INTO `card` (id, type, title, header, content, option) VALUES ('22468_4', 3, NULL, 'assets/topic/asb/26135.png', 'It makes her tired.
It pains her.
It makes her feel heavy.', NULL);
INSERT INTO `card` (id, type, title, header, content, option) VALUES ('22468_5', 3, NULL, 'assets/topic/asb/26136.png', 'She can''t eat. She can''t drink.
She is not as jolly as before.', NULL);
INSERT INTO `card` (id, type, title, header, content, option) VALUES ('22468_6', 3, NULL, NULL, 'Oh dear. Poor woman! Her head throbs with pain.
A doctor scans her head.', NULL);
INSERT INTO `card` (id, type, title, header, content, option) VALUES ('22468_7', 3, NULL, 'assets/topic/asb/26137.png', 'The doctor sees a swelling in her head and says, "There is a tumour in your brain."', NULL);
INSERT INTO `card` (id, type, title, header, content, option) VALUES ('22468_8', 3, NULL, 'assets/topic/asb/26138.png', '"We have to remove it from your brain right now. We have to remove it now!" the doctor says.', NULL);
INSERT INTO `card` (id, type, title, header, content, option) VALUES ('22468_9', 3, NULL, 'assets/topic/asb/26139.png', 'They bring a stretcher.', NULL);
INSERT INTO `card` (id, type, title, header, content, option) VALUES ('22468_10', 3, NULL, 'assets/topic/asb/26140.png', 'They arrange the surgical blades.', NULL);
INSERT INTO `card` (id, type, title, header, content, option) VALUES ('22468_11', 3, NULL, 'assets/topic/asb/26141.png', 'They inject her with syringes.', NULL);
INSERT INTO `card` (id, type, title, header, content, option) VALUES ('22468_12', 3, NULL, 'assets/topic/asb/26142.png', 'They cut open Kate''s head.', NULL);
INSERT INTO `card` (id, type, title, header, content, option) VALUES ('22468_13', 3, NULL, 'assets/topic/asb/26143.png', 'They remove the brain.', NULL);
INSERT INTO `card` (id, type, title, header, content, option) VALUES ('22468_14', 3, NULL, 'assets/topic/asb/26144.png', 'They cut out the tumour.', NULL);
INSERT INTO `card` (id, type, title, header, content, option) VALUES ('22468_15', 3, NULL, 'assets/topic/asb/26145.png', 'They return the brain to the skull.
Then they stitch the head back together again.', NULL);
INSERT INTO `card` (id, type, title, header, content, option) VALUES ('22468_16', 3, NULL, 'assets/topic/asb/26146.png', 'Does Kate feel everything they do?
No! Kate is in heaven. She does not feel. She does not eat. She does not think. For 24 hours!', NULL);
INSERT INTO `card` (id, type, title, header, content, option) VALUES ('22468_17', 3, NULL, 'assets/topic/asb/26147.png', 'Then she comes back to life!', NULL);
INSERT INTO `card` (id, type, title, header, content, option) VALUES ('22468_18', 3, NULL, 'assets/topic/asb/26148.png', 'Now she is well. Like a new born baby.', NULL);
INSERT INTO `card` (id, type, title, header, content, option) VALUES ('22468_19', 3, NULL, 'assets/topic/asb/26149.png', 'We are all happy for our friend Kate, who tasted heaven.', NULL);
INSERT INTO `card` (id, type, title, header, content, option) VALUES ('22468_20', 3, NULL, NULL, 'You are free to download, copy, translate or adapt this story and use the illustrations as long as you attribute in the following way:
Kate is in heaven
Author -
Cornelius Wambi Gulere
Translation -
Cornelius Wambi Gulere
Illustration -
Rodney  Kawaayi
Language -
English
Level -
First sentences
© African Storybook Initiative 2018
Creative Commons: Attribution 4.0
Source
www.africanstorybook.org', NULL);
INSERT INTO `card` (id, type, title, header, content, option) VALUES ('22468_21', 1, 'Paint heaven and decorate it.', 'assets/topic/22468.svg', NULL, NULL);
INSERT INTO `cardExtra` (cardId, type, serial, content) VALUES ('22468_21', 2, 1, 'assets/topic/22468.svg');
INSERT INTO `card` (id, type, title, header, content, option) VALUES ('22468_22', 0, 'What did doctor see in Kate''s head?', NULL, NULL, 'oneAtATime');
INSERT INTO `cardExtra` (cardId, type, serial, content) VALUES ('22468_22', 1, 1, 'Tumour');
INSERT INTO `cardExtra` (cardId, type, serial, content) VALUES ('22468_22', 0, 1, 'Head pain');
INSERT INTO `cardExtra` (cardId, type, serial, content) VALUES ('22468_22', 0, 2, 'Hair');
INSERT INTO `cardExtra` (cardId, type, serial, content) VALUES ('22468_22', 0, 3, 'Pimple');
INSERT INTO `card` (id, type, title, header, content, option) VALUES ('22468_27', 0, 'Doctor operated on kate''s head successfully.', NULL, NULL, 'oneAtATime');
INSERT INTO `cardExtra` (cardId, type, serial, content) VALUES ('22468_27', 1, 1, 'True.');
INSERT INTO `cardExtra` (cardId, type, serial, content) VALUES ('22468_27', 0, 1, 'False.');
INSERT INTO `card` (id, type, title, header, content, option) VALUES ('22468_30', 0, 'What do you feel about heaven.', NULL, NULL, 'open');
INSERT INTO `cardExtra` (cardId, type, serial, content) VALUES ('22468_30', 0, 1, 'Colorful');
INSERT INTO `cardExtra` (cardId, type, serial, content) VALUES ('22468_30', 0, 2, 'Peaceful');
INSERT INTO `cardExtra` (cardId, type, serial, content) VALUES ('22468_30', 0, 3, 'No night');
INSERT INTO `cardExtra` (cardId, type, serial, content) VALUES ('22468_30', 0, 4, 'Always happy');
INSERT INTO `card` (id, type, title, header, content, option) VALUES ('3127', 2, 'Kato Clever and the Big Trouble', 'assets/topic/asb/2080.png', 'Herminder Ohri
 Herminder Ohri', 'FFB3C8FF');
INSERT INTO `card` (id, type, title, header, content, option) VALUES ('3127_3', 3, NULL, 'assets/topic/asb/2081.png', 'In a small garden in the city,  there was a big tree. Many small animals lived together on the big tree. There also lived a family of squirrels. Vikki was one little squirrel among them who liked to talk big. His cousin,  Kato from Far Forest had come to visit him.', NULL);
INSERT INTO `card` (id, type, title, header, content, option) VALUES ('3127_4', 3, NULL, 'assets/topic/asb/2082.png', 'One evening,  as all the animals who lived in the little garden were just going to sleep,  they heard loud sounds from the park,  next to the little garden.', NULL);
INSERT INTO `card` (id, type, title, header, content, option) VALUES ('3127_5', 3, NULL, 'assets/topic/asb/2083.png', 'Kato and the other squirrels saw big yellow machines,  and men in hard yellow hats,  pointing to the little garden and other houses on the street. They were going to pull them all down and build a parking lot.', NULL);
INSERT INTO `card` (id, type, title, header, content, option) VALUES ('3127_6', 3, NULL, 'assets/topic/asb/2085.png', 'The people who lived there would move to other houses. No one gave a thought to the animals,  birds and insects who lived in the little garden.', NULL);
INSERT INTO `card` (id, type, title, header, content, option) VALUES ('3127_7', 3, NULL, 'assets/topic/asb/2086.png', 'The machines were first spotted by the mole family. To be more exact,  by Mister Popples,  the eldest who told Master Mopples,  who in turn told the youngest,  Little Popples.', NULL);
INSERT INTO `card` (id, type, title, header, content, option) VALUES ('3127_8', 3, NULL, 'assets/topic/asb/2087.png', 'When they were young they were called Pop,  Mop and Pip.', NULL);
INSERT INTO `card` (id, type, title, header, content, option) VALUES ('3127_9', 3, NULL, 'assets/topic/asb/2088.png', 'Mister Popples told the squirrels,  the squirrels told the birds,  caterpillars,  butterflies,  tiny spiders and all those who lived in the little garden. There was total panic,  a lot of running,  flying,  scurrying and hopping,  with no one knowing what to do? Where to go? The caterpillars said,  "Let us look for leaves." The butterflies said,  "We want flowers." The mice wanted holes. The squirrels,  birds,  insects wanted trees,  bushes and grass. All the animals wanted the soft earth,  not cement or concrete. "Where will we find all this?" they cried. "We will surely die," they said and wept.', NULL);
INSERT INTO `card` (id, type, title, header, content, option) VALUES ('3127_10', 3, NULL, 'assets/topic/asb/2089.png', NULL, NULL);
INSERT INTO `card` (id, type, title, header, content, option) VALUES ('3127_11', 3, NULL, 'assets/topic/asb/2090.png', 'Kato''s uncle and aunt were very quiet and all the little squirrels crept close to their mom. Kato cleared his throat and spoke shyly,  "I live in the Far Forest,  may be we can all go there?" There was a buzz of excitement and someone said,  "How?" Kato scratched his head and thought hard,  "Well,  the Squirrel Express can take the squirrels and the butterflies,  spiders caterpillars and all the insects. The birds can either fly or come with us. The moles,  mice and the grass snake family can go by the underground Mole Express."', NULL);
INSERT INTO `card` (id, type, title, header, content, option) VALUES ('3127_12', 3, NULL, 'assets/topic/asb/2091.png', NULL, NULL);
INSERT INTO `card` (id, type, title, header, content, option) VALUES ('3127_13', 3, NULL, 'assets/topic/asb/2092.png', 'Everyone thought it was a splendid idea. Mister Popples rushed to ask Mister Grumbles,  the driver of the underground express train if he could take them all to the Far Forest. Mister Grumbles fumbled,  stumbled,  bumbled before he finally mumbled,  "Alright." Now it was Mister Popples'' turn to be grand. "Friends,  you need not wory,  my grandfather''s grandson''s. Third nephew''s second niece''s family live in the Far Forest."', NULL);
INSERT INTO `card` (id, type, title, header, content, option) VALUES ('3127_14', 3, NULL, 'assets/topic/asb/2095.png', 'So,  in the early hours of the morning the Squirrel Express and the Mole underground train with all its passengers,  chugged their way to the Far Forest with its trees,  flowers,  ponds and soft earth.', NULL);
INSERT INTO `card` (id, type, title, header, content, option) VALUES ('3127_15', 3, NULL, NULL, 'You are free to download, copy, translate or adapt this story and use the illustrations as long as you attribute in the following way:
Kato Clever and the Big Trouble
Author -
Herminder Ohri
Illustration -
Herminder Ohri
Language -
English
Level -
Read aloud
© Pratham Books 2014
Creative Commons: Attribution 4.0
Source
www.africanstorybook.org
Original source
www.prathambooks.org', NULL);
INSERT INTO `card` (id, type, title, header, content, option) VALUES ('3127_16', 1, 'Paint a squirrel and decorate it.', 'assets/topic/3127.svg', NULL, NULL);
INSERT INTO `cardExtra` (cardId, type, serial, content) VALUES ('3127_16', 2, 1, 'assets/topic/3127.svg');
INSERT INTO `card` (id, type, title, header, content, option) VALUES ('3127_17', 0, 'Who came to visit Vikki from far forest?', NULL, NULL, 'oneAtATime');
INSERT INTO `cardExtra` (cardId, type, serial, content) VALUES ('3127_17', 1, 1, 'Kato');
INSERT INTO `cardExtra` (cardId, type, serial, content) VALUES ('3127_17', 0, 1, 'Nato');
INSERT INTO `cardExtra` (cardId, type, serial, content) VALUES ('3127_17', 0, 2, 'Pato');
INSERT INTO `cardExtra` (cardId, type, serial, content) VALUES ('3127_17', 0, 3, 'Loto');
INSERT INTO `card` (id, type, title, header, content, option) VALUES ('3127_22', 0, 'What was the color of the machine that Kato saw?', NULL, NULL, 'oneAtATime');
INSERT INTO `cardExtra` (cardId, type, serial, content) VALUES ('3127_22', 1, 1, 'Yellow');
INSERT INTO `cardExtra` (cardId, type, serial, content) VALUES ('3127_22', 0, 1, 'Brown');
INSERT INTO `cardExtra` (cardId, type, serial, content) VALUES ('3127_22', 0, 2, 'Blue');
INSERT INTO `cardExtra` (cardId, type, serial, content) VALUES ('3127_22', 0, 3, 'White');
INSERT INTO `card` (id, type, title, header, content, option) VALUES ('3127_27', 0, 'If you were squirrel what will you do when you see big yellow machines?', NULL, NULL, 'open');
INSERT INTO `cardExtra` (cardId, type, serial, content) VALUES ('3127_27', 0, 1, 'Go to safe place.');
INSERT INTO `cardExtra` (cardId, type, serial, content) VALUES ('3127_27', 0, 2, 'Inform others');
INSERT INTO `cardExtra` (cardId, type, serial, content) VALUES ('3127_27', 0, 3, 'Bite yellow machine');
INSERT INTO `cardExtra` (cardId, type, serial, content) VALUES ('3127_27', 0, 4, 'Gather food');
INSERT INTO `card` (id, type, title, header, content, option) VALUES ('13544', 2, 'Khalai talks to plants', 'assets/topic/asb/13389.png', 'Ursula Nafula
Jesse Pietersen', 'FF9DEDE3');
INSERT INTO `card` (id, type, title, header, content, option) VALUES ('13544_3', 3, NULL, 'assets/topic/asb/13382.png', 'This is Khalai. She is seven years old. Her name means ''the good one.''', NULL);
INSERT INTO `card` (id, type, title, header, content, option) VALUES ('13544_4', 3, NULL, 'assets/topic/asb/13383.png', 'Khalai wakes up and talks to the orange tree. "Please orange tree, grow big and give us lots of ripe oranges."', NULL);
INSERT INTO `card` (id, type, title, header, content, option) VALUES ('13544_5', 3, NULL, 'assets/topic/asb/13384.png', 'Khalai walks to school. On the way,  she talks to the grass. "Please grass,  grow greener and don''t dry up."', NULL);
INSERT INTO `card` (id, type, title, header, content, option) VALUES ('13544_6', 3, NULL, 'assets/topic/asb/13385.png', 'Khalai sees flowers. "Please flowers,  keep blooming so I can put you in my hair."', NULL);
INSERT INTO `card` (id, type, title, header, content, option) VALUES ('13544_7', 3, NULL, 'assets/topic/asb/13386.png', 'Khalai talks to the tree at her school. "Please tree,  put out big branches so we can read under your shade."', NULL);
INSERT INTO `card` (id, type, title, header, content, option) VALUES ('13544_8', 3, NULL, 'assets/topic/asb/13387.png', 'Khalai talks to the hedge round her school. "Please,  grow strong and protect us from bad people."', NULL);
INSERT INTO `card` (id, type, title, header, content, option) VALUES ('13544_9', 3, NULL, 'assets/topic/asb/13388.png', 'When Khalai returns home,  she visits the orange tree. "Are your oranges ripe yet?" Khalai asks the tree.', NULL);
INSERT INTO `card` (id, type, title, header, content, option) VALUES ('13544_10', 3, NULL, 'assets/topic/asb/13389.png', '"The oranges are still green," sighs Khalai.  "I will see you tomorrow orange tree," says Khalai. "Perhaps then,  you will have a ripe orange for me!"', NULL);
INSERT INTO `card` (id, type, title, header, content, option) VALUES ('13544_11', 3, NULL, NULL, 'You are free to download, copy, translate or adapt this story and use the illustrations as long as you attribute in the following way:
Khalai talks to plants
Author -
Ursula Nafula
Translation -
Ursula Nafula
Illustration -
Jesse Pietersen
Language -
English
Level -
First paragraphs
© African Storybook Initiative 2015
Creative Commons: Attribution 4.0
Source
www.africanstorybook.org', NULL);
INSERT INTO `card` (id, type, title, header, content, option) VALUES ('13544_12', 1, 'Decorate tree with oranges.', 'assets/topic/13544.svg', NULL, NULL);
INSERT INTO `cardExtra` (cardId, type, serial, content) VALUES ('13544_12', 2, 1, 'assets/topic/13544.svg');
INSERT INTO `card` (id, type, title, header, content, option) VALUES ('13544_13', 0, 'Khalai asks orange plant to grow big and give ripe fruit.', NULL, NULL, 'oneAtATime');
INSERT INTO `cardExtra` (cardId, type, serial, content) VALUES ('13544_13', 1, 1, 'True.');
INSERT INTO `cardExtra` (cardId, type, serial, content) VALUES ('13544_13', 0, 1, 'False.');
INSERT INTO `card` (id, type, title, header, content, option) VALUES ('13544_16', 0, 'Khalai asks grass to grow greener.', NULL, NULL, 'oneAtATime');
INSERT INTO `cardExtra` (cardId, type, serial, content) VALUES ('13544_16', 1, 1, 'True.');
INSERT INTO `cardExtra` (cardId, type, serial, content) VALUES ('13544_16', 0, 1, 'False.');
INSERT INTO `card` (id, type, title, header, content, option) VALUES ('13544_19', 0, 'What will you do if you were big tree?', NULL, NULL, 'open');
INSERT INTO `cardExtra` (cardId, type, serial, content) VALUES ('13544_19', 0, 1, 'Give fruits');
INSERT INTO `cardExtra` (cardId, type, serial, content) VALUES ('13544_19', 0, 2, 'Give shade');
INSERT INTO `cardExtra` (cardId, type, serial, content) VALUES ('13544_19', 0, 3, 'Give wood');
INSERT INTO `cardExtra` (cardId, type, serial, content) VALUES ('13544_19', 0, 4, 'Give cool air');
INSERT INTO `card` (id, type, title, header, content, option) VALUES ('22567', 2, 'Drought and the River of Blessings', 'assets/topic/asb/26514.png', 'Fary  Silate and Mohammed Sale Also
Awwalu  Sakiwa', 'FF9DEDE3');
INSERT INTO `card` (id, type, title, header, content, option) VALUES ('22567_3', 3, NULL, 'assets/topic/asb/26503.png', 'In a particular year, the dry season was too long and a drought hit hard. As a result, all the rivers dried up, except the River of Blessings.
All the animals were thirsty and called for a meeting.', NULL);
INSERT INTO `card` (id, type, title, header, content, option) VALUES ('22567_4', 3, NULL, 'assets/topic/asb/26504.png', 'Camel was the first to speak, "As you know, we are very thirsty and all the rivers have dried up, except the River of Blessings. But it is very far away. What do we do?"', NULL);
INSERT INTO `card` (id, type, title, header, content, option) VALUES ('22567_5', 3, NULL, 'assets/topic/asb/26505.png', 'Horse suggested, "Some of us can go to the River of Blessings. We can drink and bring water for the others."
Cow answered, "It is too far. By the time we returned from the river those left behind would be dead."', NULL);
INSERT INTO `card` (id, type, title, header, content, option) VALUES ('22567_6', 3, NULL, 'assets/topic/asb/26506.png', 'Sheep said, "Maa! Maaa! I will go to the River of Blessings and drink water."
Goat jumped up and said, "Meee, meee! I will also go to the River of Blessings."
Chicken said, "Keer, ker ker ker! I too will go to the River of Blessings.', NULL);
INSERT INTO `card` (id, type, title, header, content, option) VALUES ('22567_7', 3, NULL, 'assets/topic/asb/26507.png', 'All the animals wanted to go. Camel led the way.
Going there was not easy. Guinea fowl was last in the line. "My friends, I can no longer go to the River of Blessings," he said.
Chicken swallowed Guinea fowl.', NULL);
INSERT INTO `card` (id, type, title, header, content, option) VALUES ('22567_8', 3, NULL, 'assets/topic/asb/26508.png', 'They continued. Chicken said, "Please, I am tired, I no longer want to go to the River of Blessings."
Sheep swallowed Chicken.', NULL);
INSERT INTO `card` (id, type, title, header, content, option) VALUES ('22567_9', 3, NULL, 'assets/topic/asb/26509.png', 'As the journey continued, Sheep also became tired.
Sheep said, "I am tired. I do not want to go to the River of Blessings anymore."
Goat swallowed Sheep.', NULL);
INSERT INTO `card` (id, type, title, header, content, option) VALUES ('22567_10', 3, NULL, 'assets/topic/asb/26510.png', 'Soon, Goat was too tired to continue going to the river. Horse turned and swallowed Goat.
When Horse became too tired to go to the river, Cow swallowed him.', NULL);
INSERT INTO `card` (id, type, title, header, content, option) VALUES ('22567_11', 3, NULL, 'assets/topic/asb/26511.png', 'When Cow finally could not continue, Camel turned and swallowed her.', NULL);
INSERT INTO `card` (id, type, title, header, content, option) VALUES ('22567_12', 3, NULL, 'assets/topic/asb/26512.png', 'Being the only animal left, Camel did her best to reach the River of Blessings.
Camel finally arrived, very tired.', NULL);
INSERT INTO `card` (id, type, title, header, content, option) VALUES ('22567_13', 3, NULL, 'assets/topic/asb/26513.png', 'On arrival, Camel lay down and vomited Cow.
Cow vomited Horse. Horse vomited Goat.
Goat vomited Sheep. Sheep vomited Chicken and Chicken vomited Guinea fowl.', NULL);
INSERT INTO `card` (id, type, title, header, content, option) VALUES ('22567_14', 3, NULL, 'assets/topic/asb/26514.png', 'And that is how all the animals managed to drink water from the River of Blessings.', NULL);
INSERT INTO `card` (id, type, title, header, content, option) VALUES ('22567_15', 3, NULL, NULL, 'You are free to download, copy, translate or adapt this story and use the illustrations as long as you attribute in the following way:
Drought and the River of Blessings
Author -
Also Mohammed Sale
Translation -
Fary  Silate and Mohammed Sale Also
Illustration -
Awwalu  Sakiwa
Language -
English
Level -
Longer paragraphs
© African Storybook Initiative 2018
Creative Commons: Attribution 4.0
Source
www.africanstorybook.org', NULL);
INSERT INTO `card` (id, type, title, header, content, option) VALUES ('22567_16', 1, 'Draw a river and decorate.', 'assets/topic/22567.svg', NULL, NULL);
INSERT INTO `cardExtra` (cardId, type, serial, content) VALUES ('22567_16', 2, 1, 'assets/topic/22567.svg');
INSERT INTO `card` (id, type, title, header, content, option) VALUES ('22567_17', 0, 'Group all the animal which are in story.', NULL, NULL, 'many');
INSERT INTO `cardExtra` (cardId, type, serial, content) VALUES ('22567_17', 1, 1, 'Chicken');
INSERT INTO `cardExtra` (cardId, type, serial, content) VALUES ('22567_17', 1, 2, 'Goat');
INSERT INTO `cardExtra` (cardId, type, serial, content) VALUES ('22567_17', 1, 3, 'Sheep');
INSERT INTO `cardExtra` (cardId, type, serial, content) VALUES ('22567_17', 1, 4, 'Cow');
INSERT INTO `cardExtra` (cardId, type, serial, content) VALUES ('22567_17', 1, 5, 'Horse');
INSERT INTO `cardExtra` (cardId, type, serial, content) VALUES ('22567_17', 1, 6, 'Camel');
INSERT INTO `cardExtra` (cardId, type, serial, content) VALUES ('22567_17', 0, 1, 'TIger');
INSERT INTO `cardExtra` (cardId, type, serial, content) VALUES ('22567_17', 0, 2, 'Lion');
INSERT INTO `card` (id, type, title, header, content, option) VALUES ('22567_26', 0, 'All animals reached river of blessings.', NULL, NULL, 'oneAtATime');
INSERT INTO `cardExtra` (cardId, type, serial, content) VALUES ('22567_26', 1, 1, 'True.');
INSERT INTO `cardExtra` (cardId, type, serial, content) VALUES ('22567_26', 0, 1, 'False.');
INSERT INTO `card` (id, type, title, header, content, option) VALUES ('22567_29', 0, 'What will you do if there is no water in your village?', NULL, NULL, 'open');
INSERT INTO `cardExtra` (cardId, type, serial, content) VALUES ('22567_29', 0, 1, 'I build pond.');
INSERT INTO `cardExtra` (cardId, type, serial, content) VALUES ('22567_29', 0, 2, 'Dig well.');
INSERT INTO `cardExtra` (cardId, type, serial, content) VALUES ('22567_29', 0, 3, 'Go in search of water.');
INSERT INTO `cardExtra` (cardId, type, serial, content) VALUES ('22567_29', 0, 4, 'Wait for rain.');
INSERT INTO `card` (id, type, title, header, content, option) VALUES ('23308', 2, 'Breakfast', 'assets/topic/asb/1571.png', 'Clare Verbeek
 Cathy Feek', 'FFB3C8FF');
INSERT INTO `card` (id, type, title, header, content, option) VALUES ('23308_3', 3, NULL, 'assets/topic/asb/1572.png', 'Dad loves porridge.', NULL);
INSERT INTO `card` (id, type, title, header, content, option) VALUES ('23308_4', 3, NULL, 'assets/topic/asb/1573.png', 'I love cornflakes.', NULL);
INSERT INTO `card` (id, type, title, header, content, option) VALUES ('23308_5', 3, NULL, 'assets/topic/asb/1574.png', 'Dad loves coffee.', NULL);
INSERT INTO `card` (id, type, title, header, content, option) VALUES ('23308_6', 3, NULL, 'assets/topic/asb/1575.png', 'I love milk.', NULL);
INSERT INTO `card` (id, type, title, header, content, option) VALUES ('23308_7', 3, NULL, 'assets/topic/asb/1576.png', 'Dad loves apples.', NULL);
INSERT INTO `card` (id, type, title, header, content, option) VALUES ('23308_8', 3, NULL, 'assets/topic/asb/1577.png', 'I love oranges.', NULL);
INSERT INTO `card` (id, type, title, header, content, option) VALUES ('23308_9', 3, NULL, 'assets/topic/asb/1571.png', 'Dad loves bread. I love toasted bread.', NULL);
INSERT INTO `card` (id, type, title, header, content, option) VALUES ('23308_10', 3, NULL, 'assets/topic/asb/1578.png', 'We both love fat cakes (vetkoek).', NULL);
INSERT INTO `card` (id, type, title, header, content, option) VALUES ('23308_11', 3, NULL, NULL, 'You are free to download, copy, translate or adapt this story and use the illustrations as long as you attribute in the following way:
Breakfast
Author -
Clare Verbeek, Thembani Dladla and Zanele Buthelezi
Illustration -
Cathy Feek
Language -
English
Level -
First words
© School of Education and Development (Centre for Adult Education), University of Kwazulu-Natal 2007
Creative Commons: Attribution-Non Commercial 3.0
Source
www.africanstorybook.org
Original source
http://cae.ukzn.ac.za/resources/seedbooks.aspx', NULL);
INSERT INTO `card` (id, type, title, header, content, option) VALUES ('23308_12', 1, 'Draw an apple and decorate it.', 'assets/topic/23308.svg', NULL, NULL);
INSERT INTO `cardExtra` (cardId, type, serial, content) VALUES ('23308_12', 2, 1, 'assets/topic/23308.svg');
INSERT INTO `card` (id, type, title, header, content, option) VALUES ('23308_13', 0, 'Group all things that Dad loves.', NULL, NULL, 'many');
INSERT INTO `cardExtra` (cardId, type, serial, content) VALUES ('23308_13', 1, 1, 'Porridge');
INSERT INTO `cardExtra` (cardId, type, serial, content) VALUES ('23308_13', 1, 2, 'Coffee');
INSERT INTO `cardExtra` (cardId, type, serial, content) VALUES ('23308_13', 1, 3, 'Apple');
INSERT INTO `cardExtra` (cardId, type, serial, content) VALUES ('23308_13', 1, 4, 'Bread');
INSERT INTO `cardExtra` (cardId, type, serial, content) VALUES ('23308_13', 0, 1, 'Honey');
INSERT INTO `cardExtra` (cardId, type, serial, content) VALUES ('23308_13', 0, 2, 'MIlk');
INSERT INTO `cardExtra` (cardId, type, serial, content) VALUES ('23308_13', 0, 3, 'Banana');
INSERT INTO `cardExtra` (cardId, type, serial, content) VALUES ('23308_13', 0, 4, 'cookie');
INSERT INTO `card` (id, type, title, header, content, option) VALUES ('23308_22', 0, 'According to the story what does the child love?', NULL, NULL, 'oneAtATime');
INSERT INTO `cardExtra` (cardId, type, serial, content) VALUES ('23308_22', 1, 1, 'Orange');
INSERT INTO `cardExtra` (cardId, type, serial, content) VALUES ('23308_22', 0, 1, 'Honey');
INSERT INTO `cardExtra` (cardId, type, serial, content) VALUES ('23308_22', 0, 2, 'Banana');
INSERT INTO `cardExtra` (cardId, type, serial, content) VALUES ('23308_22', 0, 3, 'Bread');
INSERT INTO `card` (id, type, title, header, content, option) VALUES ('23308_27', 0, 'Which is your favourite food?', NULL, NULL, 'open');
INSERT INTO `cardExtra` (cardId, type, serial, content) VALUES ('23308_27', 0, 1, 'Honey');
INSERT INTO `cardExtra` (cardId, type, serial, content) VALUES ('23308_27', 0, 2, 'Cake');
INSERT INTO `cardExtra` (cardId, type, serial, content) VALUES ('23308_27', 0, 3, 'Mango');
INSERT INTO `cardExtra` (cardId, type, serial, content) VALUES ('23308_27', 0, 4, 'Ice cream');
INSERT INTO `card` (id, type, title, header, content, option) VALUES ('21841', 2, 'Hyena and Monkey', 'assets/topic/asb/18699.png', 'Elizabeth  Laird
Salim Kasamba', 'FF9DEDE3');
INSERT INTO `card` (id, type, title, header, content, option) VALUES ('21841_3', 3, NULL, 'assets/topic/asb/18696.png', 'Once upon a time there was a hyena and a monkey.
The hyena and the monkey had an argument. They went to a judge to settle their differences.', NULL);
INSERT INTO `card` (id, type, title, header, content, option) VALUES ('21841_4', 3, NULL, 'assets/topic/asb/18697.png', 'After the judge listened to their case he was afraid to pass judgement on their case.
He thought to himself, "If I condemn the hyena, it will eat all my cattle. And if I condemn the monkey, he will eat all my corn! So, what am I to do?"', NULL);
INSERT INTO `card` (id, type, title, header, content, option) VALUES ('21841_5', 3, NULL, 'assets/topic/asb/18698.png', 'The judge thought for a while, and said, "The case is too difficult for me to judge alone. You should go to the elders of the village."
So the hyena and monkey went to the elders.', NULL);
INSERT INTO `card` (id, type, title, header, content, option) VALUES ('21841_6', 3, NULL, 'assets/topic/asb/18699.png', 'They told the elders about their disagreement.
After the elders listened to their case, they were also afraid to pass judgement.', NULL);
INSERT INTO `card` (id, type, title, header, content, option) VALUES ('21841_7', 3, NULL, 'assets/topic/asb/18708.png', 'If they supported the monkey, the hyena might eat their cattle. If they supported the hyena, the monkey might eat their corn. The elders told Hyena and Monkey that their case was very difficult.', NULL);
INSERT INTO `card` (id, type, title, header, content, option) VALUES ('21841_8', 3, NULL, 'assets/topic/asb/18701.png', 'Suddenly, the elders remembered a poor woman in the town. She had nothing to lose, neither cattle nor corn.
"She can pass the judgement without any fear," said the elders to one another. They told the two animals to go to her.', NULL);
INSERT INTO `card` (id, type, title, header, content, option) VALUES ('21841_9', 3, NULL, 'assets/topic/asb/18702.png', 'They arrived at the poor woman’s house and asked her to give them judgement. She agreed.
But, she told them to speak to her separately, one by one.', NULL);
INSERT INTO `card` (id, type, title, header, content, option) VALUES ('21841_10', 3, NULL, 'assets/topic/asb/18703.png', 'First the poor woman called Hyena and said, "You are respected, a big animal, and a hero. How could you quarrel with this small and miserable monkey?"', NULL);
INSERT INTO `card` (id, type, title, header, content, option) VALUES ('21841_11', 3, NULL, 'assets/topic/asb/18704.png', 'The poor woman said to Hyena, "If people heard about this disagreement, they would look down on you. Stop the quarrel with Monkey."
"Of course you are right,” said Hyena. “I will drop this case. I will end the argument."', NULL);
INSERT INTO `card` (id, type, title, header, content, option) VALUES ('21841_12', 3, NULL, 'assets/topic/asb/18705.png', 'Then the poor woman called the monkey and she said, "You are smart and pretty. Why do you argue with this dirty, smelly animal who eats rotten things? What will people think of you when they hear about your argument with this ugly creature?"
After a while Monkey said, "You are right! I will drop this case."', NULL);
INSERT INTO `card` (id, type, title, header, content, option) VALUES ('21841_13', 3, NULL, 'assets/topic/asb/18706.png', 'After that, the poor woman called both of them and said, "You both agreed to drop this case. So, you should forgive each other."', NULL);
INSERT INTO `card` (id, type, title, header, content, option) VALUES ('21841_14', 3, NULL, 'assets/topic/asb/18707.png', 'Both animals apologised to each other and settled their dispute.
When people from the town heard this story, they were surprised. The poor woman solved the problem that the judge and the elders failed to solve.', NULL);
INSERT INTO `card` (id, type, title, header, content, option) VALUES ('21841_15', 3, NULL, NULL, 'You are free to download, copy, translate or adapt this story and use the illustrations as long as you attribute in the following way:
Hyena and Monkey
Author -
Mulualem  Daba
Translation -
Elizabeth  Laird
Illustration -
Salim Kasamba
Language -
English
Level -
Longer paragraphs
© African Storybook Initiative 2017
Creative Commons: Attribution 4.0
Source
www.africanstorybook.org', NULL);
INSERT INTO `card` (id, type, title, header, content, option) VALUES ('21841_16', 1, 'Paint a monkey and decorate.', 'assets/topic/21841.svg', NULL, NULL);
INSERT INTO `cardExtra` (cardId, type, serial, content) VALUES ('21841_16', 2, 1, 'assets/topic/21841.svg');
INSERT INTO `card` (id, type, title, header, content, option) VALUES ('21841_17', 0, 'Judge was afraid to give judgement on their case.', NULL, NULL, 'oneAtATime');
INSERT INTO `cardExtra` (cardId, type, serial, content) VALUES ('21841_17', 1, 1, 'True.');
INSERT INTO `cardExtra` (cardId, type, serial, content) VALUES ('21841_17', 0, 1, 'False.');
INSERT INTO `card` (id, type, title, header, content, option) VALUES ('21841_20', 0, 'Elders in the village were not affraid to give judgement on their case.', NULL, NULL, 'oneAtATime');
INSERT INTO `cardExtra` (cardId, type, serial, content) VALUES ('21841_20', 1, 1, 'False.');
INSERT INTO `cardExtra` (cardId, type, serial, content) VALUES ('21841_20', 0, 1, 'True.');
INSERT INTO `card` (id, type, title, header, content, option) VALUES ('21841_23', 0, 'What you think is the nature of those two animals?', NULL, NULL, 'open');
INSERT INTO `cardExtra` (cardId, type, serial, content) VALUES ('21841_23', 0, 1, 'Angry');
INSERT INTO `cardExtra` (cardId, type, serial, content) VALUES ('21841_23', 0, 2, 'No patience');
INSERT INTO `cardExtra` (cardId, type, serial, content) VALUES ('21841_23', 0, 3, 'Selfish');
INSERT INTO `cardExtra` (cardId, type, serial, content) VALUES ('21841_23', 0, 4, 'Obidient');
INSERT INTO `card` (id, type, title, header, content, option) VALUES ('20440', 2, 'Monkey and the Drought', 'assets/topic/asb/18796.png', 'Alice Edui
 Salim Kasamba', 'FFCFB5DD');
INSERT INTO `card` (id, type, title, header, content, option) VALUES ('20440_3', 3, NULL, 'assets/topic/asb/18786.png', 'There was severe drought across the land. Bushes and trees dried up. Rivers stopped flowing. There was no water and no food. People,  cattle and wild animals grew thin.', NULL);
INSERT INTO `card` (id, type, title, header, content, option) VALUES ('20440_4', 3, NULL, 'assets/topic/asb/18788.png', 'Many of the monkeys who lived in the hills died of hunger. One day,  a female monkey decided to look for a place where there was no drought.', NULL);
INSERT INTO `card` (id, type, title, header, content, option) VALUES ('20440_5', 3, NULL, 'assets/topic/asb/18789.png', 'Monkey travelled for many days. She passed bushes,  climbed hills,  and crossed valleys.', NULL);
INSERT INTO `card` (id, type, title, header, content, option) VALUES ('20440_6', 3, NULL, 'assets/topic/asb/18790.png', 'Finally,  Monkey arrived at a place called Tirkol.', NULL);
INSERT INTO `card` (id, type, title, header, content, option) VALUES ('20440_7', 3, NULL, 'assets/topic/asb/18791.png', 'At Tirkol,  Monkey found different kinds of fruit and a flowing river. She was very happy.', NULL);
INSERT INTO `card` (id, type, title, header, content, option) VALUES ('20440_8', 3, NULL, 'assets/topic/asb/18792.png', 'Monkey stayed there. She ate plenty of fruit. She grew fat and shiny. She swam in the river every day.', NULL);
INSERT INTO `card` (id, type, title, header, content, option) VALUES ('20440_9', 3, NULL, 'assets/topic/asb/18793.png', 'After some time,  Monkey decided to return to the hills. She wanted to see who had survived the drought. She took fruit and followed the path she had used before.', NULL);
INSERT INTO `card` (id, type, title, header, content, option) VALUES ('20440_10', 3, NULL, 'assets/topic/asb/18794.png', 'When she reached the hills,  the surviving monkeys came to welcome her.', NULL);
INSERT INTO `card` (id, type, title, header, content, option) VALUES ('20440_11', 3, NULL, 'assets/topic/asb/18795.png', 'Everyone wanted the fruit she brought. They asked her,  "Where is this wonderful place? We want to go there too."', NULL);
INSERT INTO `card` (id, type, title, header, content, option) VALUES ('20440_12', 3, NULL, 'assets/topic/asb/18796.png', 'Monkey told them about the goodness of Tirkol and agreed to take them there.', NULL);
INSERT INTO `card` (id, type, title, header, content, option) VALUES ('20440_13', 3, NULL, 'assets/topic/asb/18797.png', 'All the monkeys moved to Tirkol. They ate fruit,  drank water,  rested and grew fat. They swore never to return to the hills.', NULL);
INSERT INTO `card` (id, type, title, header, content, option) VALUES ('20440_14', 3, NULL, 'assets/topic/asb/18798.png', 'The monkeys who lived in Tirkol soon discovered that monkeys from the hills had moved to their territory.', NULL);
INSERT INTO `card` (id, type, title, header, content, option) VALUES ('20440_15', 3, NULL, 'assets/topic/asb/18799.png', 'The Tirkol monkeys worried that the fruit would disappear. So they decided to chase away the monkeys from the hills.', NULL);
INSERT INTO `card` (id, type, title, header, content, option) VALUES ('20440_16', 3, NULL, 'assets/topic/asb/18800.png', 'One day,  the monkeys from the hills were at the river drinking water. The Tirkol monkeys attacked them with canes. They wanted to chase them away.', NULL);
INSERT INTO `card` (id, type, title, header, content, option) VALUES ('20440_17', 3, NULL, 'assets/topic/asb/18801.png', 'But just before they started fighting,  an elderly monkey hung down from a branch. He asked the monkeys,  "Why do you want to fight? There is enough food for all of us."', NULL);
INSERT INTO `card` (id, type, title, header, content, option) VALUES ('20440_18', 3, NULL, 'assets/topic/asb/18802.png', 'All the monkeys realised that this was true. And so,  since that day,  monkeys from the hills and monkeys from Tirkol have lived together without fighting.', NULL);
INSERT INTO `card` (id, type, title, header, content, option) VALUES ('20440_19', 3, NULL, NULL, 'You are free to download, copy, translate or adapt this story and use the illustrations as long as you attribute in the following way:
Monkey and the Drought
Author -
Alice Edui
Illustration -
Salim Kasamba
Language -
English
Level -
First paragraphs
© African Storybook Initiative 2016
Creative Commons: Attribution 4.0
Source
www.africanstorybook.org', NULL);
INSERT INTO `card` (id, type, title, header, content, option) VALUES ('20440_20', 1, 'Draw a forest and decorate  it.', 'assets/topic/20440.svg', NULL, NULL);
INSERT INTO `cardExtra` (cardId, type, serial, content) VALUES ('20440_20', 2, 1, 'assets/topic/20440.svg');
INSERT INTO `card` (id, type, title, header, content, option) VALUES ('20440_21', 0, 'Name the place where flowing river and different fruits are found.', NULL, NULL, 'oneAtATime');
INSERT INTO `cardExtra` (cardId, type, serial, content) VALUES ('20440_21', 1, 1, 'Tirkol');
INSERT INTO `cardExtra` (cardId, type, serial, content) VALUES ('20440_21', 0, 1, 'Charkol');
INSERT INTO `cardExtra` (cardId, type, serial, content) VALUES ('20440_21', 0, 2, 'Monkol');
INSERT INTO `cardExtra` (cardId, type, serial, content) VALUES ('20440_21', 0, 3, 'Tirk');
INSERT INTO `card` (id, type, title, header, content, option) VALUES ('20440_26', 0, 'Tirkol monkeys and hill monkeys lived happily.', NULL, NULL, 'oneAtATime');
INSERT INTO `cardExtra` (cardId, type, serial, content) VALUES ('20440_26', 1, 1, 'True.');
INSERT INTO `cardExtra` (cardId, type, serial, content) VALUES ('20440_26', 0, 1, 'False.');
INSERT INTO `card` (id, type, title, header, content, option) VALUES ('20440_29', 0, 'What will you do if you were a Tirkol monkey?', NULL, NULL, 'open');
INSERT INTO `cardExtra` (cardId, type, serial, content) VALUES ('20440_29', 0, 1, 'Chase away other monkeys');
INSERT INTO `cardExtra` (cardId, type, serial, content) VALUES ('20440_29', 0, 2, 'Show kindness');
INSERT INTO `cardExtra` (cardId, type, serial, content) VALUES ('20440_29', 0, 3, 'Inform to elder monkey');
INSERT INTO `cardExtra` (cardId, type, serial, content) VALUES ('20440_29', 0, 4, 'Stay far away from other monkeys.');
INSERT INTO `card` (id, type, title, header, content, option) VALUES ('21140', 2, 'Rabbit under the tree', 'assets/topic/asb/7610.png', 'Phumy Zikode
Wiehan de Jager', 'FFCFB5DD');
INSERT INTO `card` (id, type, title, header, content, option) VALUES ('21140_3', 3, NULL, 'assets/topic/asb/7595.png', 'Rabbit was sleeping under an apple tree. An apple fell down from a branch.', NULL);
INSERT INTO `card` (id, type, title, header, content, option) VALUES ('21140_4', 3, NULL, 'assets/topic/asb/7596.png', 'A voice said,  "Run Rabbit run!" She woke up quickly and ran away with great speed.', NULL);
INSERT INTO `card` (id, type, title, header, content, option) VALUES ('21140_5', 3, NULL, 'assets/topic/asb/7597.png', 'She met Chicken. "Why are you running?" asked Chicken. Rabbit replied, "I don''t know. I just heard something falling and a voice said,  ''Run Rabbit run!''"', NULL);
INSERT INTO `card` (id, type, title, header, content, option) VALUES ('21140_6', 3, NULL, 'assets/topic/asb/7598.png', 'Chicken was frightened. She started running when she heard what Rabbit said.', NULL);
INSERT INTO `card` (id, type, title, header, content, option) VALUES ('21140_7', 3, NULL, 'assets/topic/asb/7599.png', 'They met Dog. Dog asked,  "Why are you running?" Chicken said,  "I don''t know. I just heard what Rabbit said, and she doesn''t know. She heard something falling and a voice said,  ''Run Rabbit run!''"', NULL);
INSERT INTO `card` (id, type, title, header, content, option) VALUES ('21140_8', 3, NULL, 'assets/topic/asb/7600.png', 'Dog was surprised about what she heard. She started running with Rabbit and Chicken.', NULL);
INSERT INTO `card` (id, type, title, header, content, option) VALUES ('21140_9', 3, NULL, 'assets/topic/asb/7601.png', 'They met Horse. Horse asked Dog, "Why are you running?" Dog said, "I don''t know. I just heard what Chicken said, and she doesn''t know. She heard what Rabbit said and she doesn''t know. She heard something falling and a voice said, ''Run Rabbit run!''"', NULL);
INSERT INTO `card` (id, type, title, header, content, option) VALUES ('21140_10', 3, NULL, 'assets/topic/asb/7602.png', 'Horse started to run with the others.', NULL);
INSERT INTO `card` (id, type, title, header, content, option) VALUES ('21140_11', 3, NULL, 'assets/topic/asb/7603.png', 'They met Donkey. Donkey asked, "Why are you running?" Horse replied, "I don''t know. I just heard what Dog said, and he doesn''t know. He heard what Chicken said and she doesn''t know. She heard what Rabbit said and she doesn''t know. She heard something falling and a voice said, ''Run Rabbit run!''"', NULL);
INSERT INTO `card` (id, type, title, header, content, option) VALUES ('21140_12', 3, NULL, 'assets/topic/asb/7604.png', 'So Donkey starts running too.', NULL);
INSERT INTO `card` (id, type, title, header, content, option) VALUES ('21140_13', 3, NULL, 'assets/topic/asb/7605.png', 'They met Cow. Cow asked, "Why are you running?" Donkey replied, "I don''t know. I just heard what Horse said, and she doesn''t know. She heard what Dog said and he doesn''t know. He heard what Chicken said and she doesn''t know. She heard what Rabbit said and she doesn''t know. She heard something falling and a voice said, ''Run rabbit run!''"', NULL);
INSERT INTO `card` (id, type, title, header, content, option) VALUES ('21140_14', 3, NULL, 'assets/topic/asb/7606.png', 'Cow was worried and starte to run as well.', NULL);
INSERT INTO `card` (id, type, title, header, content, option) VALUES ('21140_15', 3, NULL, 'assets/topic/asb/7607.png', 'They met Cat. Cat asked, "Why are you running?" Cow replied, "I don''t know. I just heard what Donkey said,  and he doesn''t know. He heard what Horse said and she doesn''t know. She heard what Dog said and he doesn''t know. He heard what Chicken said and she doesn''t know. She heard what Rabbit said and she doesn''t know. She heard something falling and a voice said, ''Run rabbit run!''"', NULL);
INSERT INTO `card` (id, type, title, header, content, option) VALUES ('21140_16', 3, NULL, 'assets/topic/asb/7608.png', 'Cat started running with the other animals.', NULL);
INSERT INTO `card` (id, type, title, header, content, option) VALUES ('21140_17', 3, NULL, 'assets/topic/asb/7609.png', 'Then they met the boy riding the bicycle and he asked, "Why are you running?'''' And the animals replied, "We don''t know. We heard what Rabbit said and she doesn''t know. She heard something falling and a voice said, ''Run rabbit run!''"', NULL);
INSERT INTO `card` (id, type, title, header, content, option) VALUES ('21140_18', 3, NULL, 'assets/topic/asb/7610.png', 'The boy laughed and said, "An apple fell off the tree because of the wind. I''m the one who said, ''Run Rabbit run!''"', NULL);
INSERT INTO `card` (id, type, title, header, content, option) VALUES ('21140_19', 3, NULL, NULL, 'You are free to download, copy, translate or adapt this story and use the illustrations as long as you attribute in the following way:
Rabbit under the tree
Author -
Phumy Zikode
Translation -
Phumy Zikode
Illustration -
Wiehan de Jager
Language -
English
Level -
Longer paragraphs
© African Storybook Initiative 2015
Creative Commons: Attribution 4.0
Source
www.africanstorybook.org', NULL);
INSERT INTO `card` (id, type, title, header, content, option) VALUES ('21140_20', 1, 'paint a rabbit under tree.', 'assets/topic/21140.svg', NULL, NULL);
INSERT INTO `cardExtra` (cardId, type, serial, content) VALUES ('21140_20', 2, 1, 'assets/topic/21140.svg');
INSERT INTO `card` (id, type, title, header, content, option) VALUES ('21140_21', 0, 'Under which tree was rabbit sleeping?', NULL, NULL, 'oneAtATime');
INSERT INTO `cardExtra` (cardId, type, serial, content) VALUES ('21140_21', 1, 1, 'Apple tree');
INSERT INTO `cardExtra` (cardId, type, serial, content) VALUES ('21140_21', 0, 1, 'Mango tree');
INSERT INTO `cardExtra` (cardId, type, serial, content) VALUES ('21140_21', 0, 2, 'Papaya tree');
INSERT INTO `cardExtra` (cardId, type, serial, content) VALUES ('21140_21', 0, 3, 'Jackfruit tree');
INSERT INTO `card` (id, type, title, header, content, option) VALUES ('21140_26', 0, 'Choose the order in which rabbit met all the animals.', NULL, NULL, 'many');
INSERT INTO `cardExtra` (cardId, type, serial, content) VALUES ('21140_26', 1, 1, 'Chicken');
INSERT INTO `cardExtra` (cardId, type, serial, content) VALUES ('21140_26', 1, 2, 'Dog');
INSERT INTO `cardExtra` (cardId, type, serial, content) VALUES ('21140_26', 1, 3, 'Horse');
INSERT INTO `cardExtra` (cardId, type, serial, content) VALUES ('21140_26', 1, 4, 'Donkey');
INSERT INTO `cardExtra` (cardId, type, serial, content) VALUES ('21140_26', 1, 5, 'Cow');
INSERT INTO `cardExtra` (cardId, type, serial, content) VALUES ('21140_26', 1, 6, 'Cat');
INSERT INTO `card` (id, type, title, header, content, option) VALUES ('21140_33', 0, 'What could rabbit have done before running?', NULL, NULL, 'open');
INSERT INTO `cardExtra` (cardId, type, serial, content) VALUES ('21140_33', 0, 1, 'Should be calm');
INSERT INTO `cardExtra` (cardId, type, serial, content) VALUES ('21140_33', 0, 2, 'Look around');
INSERT INTO `cardExtra` (cardId, type, serial, content) VALUES ('21140_33', 0, 3, 'See what has fallen');
INSERT INTO `cardExtra` (cardId, type, serial, content) VALUES ('21140_33', 0, 4, 'Should have slept instead of running.');
INSERT INTO `card` (id, type, title, header, content, option) VALUES ('23158', 2, 'Mouth and Hand', 'assets/topic/asb/26880.png', 'African Storybook
Espoir Ntinda', 'FF9DEDE3');
INSERT INTO `card` (id, type, title, header, content, option) VALUES ('23158_3', 3, NULL, 'assets/topic/asb/26880.png', 'Long ago, there were two friends, Mouth and Hand.
They lived like brothers in one village each with his wife.', NULL);
INSERT INTO `card` (id, type, title, header, content, option) VALUES ('23158_4', 3, NULL, 'assets/topic/asb/26881.png', 'Afterwards, Mouth lost his wife.
He borrowed from his friend, Hand, what he needed to bury her.', NULL);
INSERT INTO `card` (id, type, title, header, content, option) VALUES ('23158_5', 3, NULL, 'assets/topic/asb/26882.png', 'When Mouth returned home, he discovered that  Hand''s machete was missing. He went to Hand to explain and to ask for forgiveness.
Hand did not listen to his explanation. He wanted Mouth to return the exact machete he had borrowed from him.', NULL);
INSERT INTO `card` (id, type, title, header, content, option) VALUES ('23158_6', 3, NULL, 'assets/topic/asb/26883.png', 'Mouth did not know what to do. He decided to return to the grave to see if he had forgotten the machete there. He checked everywhere, but did not find it.
In the end, he decided to dig up the grave. He was surprised when he did not find his wife''s body in the grave.', NULL);
INSERT INTO `card` (id, type, title, header, content, option) VALUES ('23158_7', 3, NULL, 'assets/topic/asb/26884.png', 'Sad and worried, Mouth returned home. When he was near, he saw a dog carrying the machete he was looking for. He also heard his wife''s voice saying, "This is your Helper."
Mouth took the machete and returned it to Hand. He stayed with the dog.', NULL);
INSERT INTO `card` (id, type, title, header, content, option) VALUES ('23158_8', 3, NULL, 'assets/topic/asb/26885.png', 'The dog lived with Mouth hunting for him. One day, Mouth stopped calling him ''dog'' and instead called him ''Helper''.
They lived happily for a long time until friendship between Mouth and Hand was restored.', NULL);
INSERT INTO `card` (id, type, title, header, content, option) VALUES ('23158_9', 3, NULL, 'assets/topic/asb/26886.png', 'Later, Hand wanted to eat meat, but he did not have a hunting dog to help him. He went to his friend Mouth to ask for his dog.
Mouth did not hesitate to give him Helper. He warned Hand not call him dog, but Helper.', NULL);
INSERT INTO `card` (id, type, title, header, content, option) VALUES ('23158_10', 3, NULL, 'assets/topic/asb/26887.png', 'Hand went with Helper everywhere he wanted. Everything he wanted done, Helper did it.
He sent Helper to the forest to hunt. Hand was very happy with Helper''s work.', NULL);
INSERT INTO `card` (id, type, title, header, content, option) VALUES ('23158_11', 3, NULL, 'assets/topic/asb/26888.png', 'One day when they were in the forest, Helper got lost. Hand called him, "Helper! Helper! Where are you?"
He got tired calling and angrily, he said, "This dog is so stupid." At that moment, Helper appeared and said, "You called me, dog! I''m going away." And left.', NULL);
INSERT INTO `card` (id, type, title, header, content, option) VALUES ('23158_12', 3, NULL, 'assets/topic/asb/26889.png', 'Hand returned home without Helper. He went to his friend Mouth to inform him that Helper was lost. Mouth was not happy. He told Hand to bring his Helper back but Hand was unable to do so.
Since that day, hand has been mouth''s helper.', NULL);
INSERT INTO `card` (id, type, title, header, content, option) VALUES ('23158_13', 3, NULL, NULL, 'You are free to download, copy, translate or adapt this story and use the illustrations as long as you attribute in the following way:
Mouth and Hand
Author -
Espoir Ntinda
Translation -
African Storybook
Illustration -
Espoir Ntinda
Language -
English
Level -
Longer paragraphs
© African Storybook Initiative 2018
Creative Commons: Attribution 4.0
Source
www.africanstorybook.org', NULL);
INSERT INTO `card` (id, type, title, header, content, option) VALUES ('23158_14', 1, 'Paint mouth and decorate it.', 'assets/topic/23158.svg', NULL, NULL);
INSERT INTO `cardExtra` (cardId, type, serial, content) VALUES ('23158_14', 2, 1, 'assets/topic/23158.svg');
INSERT INTO `card` (id, type, title, header, content, option) VALUES ('23158_15', 0, 'What did dog like to be called as?', NULL, NULL, 'oneAtATime');
INSERT INTO `cardExtra` (cardId, type, serial, content) VALUES ('23158_15', 1, 1, 'Helper');
INSERT INTO `cardExtra` (cardId, type, serial, content) VALUES ('23158_15', 0, 1, 'Pepper');
INSERT INTO `cardExtra` (cardId, type, serial, content) VALUES ('23158_15', 0, 2, 'Stepper');
INSERT INTO `cardExtra` (cardId, type, serial, content) VALUES ('23158_15', 0, 3, 'Mopper');
INSERT INTO `card` (id, type, title, header, content, option) VALUES ('23158_20', 0, 'Helper did not help the hand at all.', NULL, NULL, 'oneAtATime');
INSERT INTO `cardExtra` (cardId, type, serial, content) VALUES ('23158_20', 1, 1, 'False.');
INSERT INTO `cardExtra` (cardId, type, serial, content) VALUES ('23158_20', 0, 1, 'True.');
INSERT INTO `card` (id, type, title, header, content, option) VALUES ('23158_23', 0, 'What could Helper have done?', NULL, NULL, 'open');
INSERT INTO `cardExtra` (cardId, type, serial, content) VALUES ('23158_23', 0, 1, 'It could have forgiven hand.');
INSERT INTO `cardExtra` (cardId, type, serial, content) VALUES ('23158_23', 0, 2, 'It should have bitten the hand.');
INSERT INTO `cardExtra` (cardId, type, serial, content) VALUES ('23158_23', 0, 3, 'It could go back to mouth.');
INSERT INTO `cardExtra` (cardId, type, serial, content) VALUES ('23158_23', 0, 4, 'It could have warned the hand.');
INSERT INTO `card` (id, type, title, header, content, option) VALUES ('2209', 2, 'Weather book', 'assets/topic/asb/1547.png', 'Clare Verbeek
Sandra McDougall', 'FFB3C8FF');
INSERT INTO `card` (id, type, title, header, content, option) VALUES ('2209_3', 3, NULL, 'assets/topic/asb/1547.png', 'It is dry.', NULL);
INSERT INTO `card` (id, type, title, header, content, option) VALUES ('2209_4', 3, NULL, 'assets/topic/asb/1548.png', 'The sun is hot.', NULL);
INSERT INTO `card` (id, type, title, header, content, option) VALUES ('2209_5', 3, NULL, 'assets/topic/asb/1549.png', 'It is windy.', NULL);
INSERT INTO `card` (id, type, title, header, content, option) VALUES ('2209_6', 3, NULL, 'assets/topic/asb/1550.png', 'It is cloudy.', NULL);
INSERT INTO `card` (id, type, title, header, content, option) VALUES ('2209_7', 3, NULL, 'assets/topic/asb/1551.png', 'It is cold.', NULL);
INSERT INTO `card` (id, type, title, header, content, option) VALUES ('2209_8', 3, NULL, 'assets/topic/asb/1552.png', 'It is raining.', NULL);
INSERT INTO `card` (id, type, title, header, content, option) VALUES ('2209_9', 3, NULL, 'assets/topic/asb/1553.png', 'There is thunder.', NULL);
INSERT INTO `card` (id, type, title, header, content, option) VALUES ('2209_10', 3, NULL, 'assets/topic/asb/1554.png', 'I see a rainbow.', NULL);
INSERT INTO `card` (id, type, title, header, content, option) VALUES ('2209_11', 3, NULL, NULL, 'You are free to download, copy, translate or adapt this story and use the illustrations as long as you attribute in the following way:
Weather book
Author -
Clare Verbeek, Thembani Dladla and Zanele Buthelezi
Illustration -
Sandra McDougall
Language -
English
Level -
First words
© School of Education and Development (Centre for Adult Education), University of Kwazulu-Natal 2007
Creative Commons: Attribution-Non Commercial 3.0
Source
www.africanstorybook.org
Original source
http://cae.ukzn.ac.za/resources/seedbooks.aspx', NULL);
INSERT INTO `card` (id, type, title, header, content, option) VALUES ('2209_12', 1, 'Paint an icecream and decorate it.', 'assets/topic/2209.svg', NULL, NULL);
INSERT INTO `cardExtra` (cardId, type, serial, content) VALUES ('2209_12', 2, 1, 'assets/topic/2209.svg');
INSERT INTO `card` (id, type, title, header, content, option) VALUES ('2209_13', 0, 'Sun is hot in the afternoon.', NULL, NULL, 'oneAtATime');
INSERT INTO `cardExtra` (cardId, type, serial, content) VALUES ('2209_13', 1, 1, 'True.');
INSERT INTO `cardExtra` (cardId, type, serial, content) VALUES ('2209_13', 0, 1, 'False.');
INSERT INTO `card` (id, type, title, header, content, option) VALUES ('2209_16', 0, 'Black clouds thunder.', NULL, NULL, 'oneAtATime');
INSERT INTO `cardExtra` (cardId, type, serial, content) VALUES ('2209_16', 1, 1, 'True.');
INSERT INTO `cardExtra` (cardId, type, serial, content) VALUES ('2209_16', 0, 1, 'False.');
INSERT INTO `card` (id, type, title, header, content, option) VALUES ('2209_19', 0, 'When do you feel cold?', NULL, NULL, 'open');
INSERT INTO `cardExtra` (cardId, type, serial, content) VALUES ('2209_19', 0, 1, 'During rain');
INSERT INTO `cardExtra` (cardId, type, serial, content) VALUES ('2209_19', 0, 2, 'Winter season');
INSERT INTO `cardExtra` (cardId, type, serial, content) VALUES ('2209_19', 0, 3, 'Snowfall');
INSERT INTO `cardExtra` (cardId, type, serial, content) VALUES ('2209_19', 0, 4, 'When I drink something cold.');
INSERT INTO `card` (id, type, title, header, content, option) VALUES ('20022', 2, 'Creature with two', 'assets/topic/asb/19458.png', 'Mlungisi Madlala
Jesse Breytenbach', 'FFCFB5DD');
INSERT INTO `card` (id, type, title, header, content, option) VALUES ('20022_3', 3, NULL, 'assets/topic/asb/19455.png', 'The Izinzawu family was a happy family. The two girls learned cooking and gardening from their mother. The two boys went out with their father to hunt.', NULL);
INSERT INTO `card` (id, type, title, header, content, option) VALUES ('20022_4', 3, NULL, 'assets/topic/asb/19456.png', 'At dinner time every day,  they talked about what they had done that day.', NULL);
INSERT INTO `card` (id, type, title, header, content, option) VALUES ('20022_5', 3, NULL, 'assets/topic/asb/19457.png', 'The father usually warned the children not to go deep into the forest. He told the family about a strange creature that lived in the forest. "This creature is like two of us put together!"', NULL);
INSERT INTO `card` (id, type, title, header, content, option) VALUES ('20022_6', 3, NULL, 'assets/topic/asb/19458.png', 'One day,  the girls were playing at the river. Suddenly,  from behind a tree, there was a strange creature! The creature had two eyes,  two ears, two arms, and two legs.', NULL);
INSERT INTO `card` (id, type, title, header, content, option) VALUES ('20022_7', 3, NULL, 'assets/topic/asb/19459.png', 'Shaking with fear,  they ran to tell their brothers about what they had seen. But the boys didn''t believe them,  "The girls are being silly!" they said.', NULL);
INSERT INTO `card` (id, type, title, header, content, option) VALUES ('20022_8', 3, NULL, 'assets/topic/asb/19460.png', 'Eventually,  curiosity got the better of the boys. They followed the girls to the river to see this strange creature for themselves.', NULL);
INSERT INTO `card` (id, type, title, header, content, option) VALUES ('20022_9', 3, NULL, 'assets/topic/asb/19461.png', 'They searched and searched but all they could see was the tall grass and trees.
Suddenly,  they heard a noise,  and looked up.', NULL);
INSERT INTO `card` (id, type, title, header, content, option) VALUES ('20022_10', 3, NULL, 'assets/topic/asb/19462.png', 'Up on a tree swung the strangest creature they had ever seen. It had two arms, two hands, two legs and two feet. Instead of only one each,  like them.', NULL);
INSERT INTO `card` (id, type, title, header, content, option) VALUES ('20022_11', 3, NULL, 'assets/topic/asb/19463.png', 'The frightened children ran home to call their parents. Soon the whole family was at the river to see this creature.', NULL);
INSERT INTO `card` (id, type, title, header, content, option) VALUES ('20022_12', 3, NULL, 'assets/topic/asb/19464.png', '"Don''t hurt me!" the creature said,  as it hid behind the tree. Now the family could only see the creature''s one foot,  one leg,  one hand,  one arm and one eye.', NULL);
INSERT INTO `card` (id, type, title, header, content, option) VALUES ('20022_13', 3, NULL, 'assets/topic/asb/19465.png', '"I am just like you," continued the creature. "The only difference is that I was made with two of almost everything."', NULL);
INSERT INTO `card` (id, type, title, header, content, option) VALUES ('20022_14', 3, NULL, 'assets/topic/asb/19466.png', 'So this was how the Izinzawu family discovered that it was not a creature to be scared of. It was simply a different form of them.', NULL);
INSERT INTO `card` (id, type, title, header, content, option) VALUES ('20022_15', 3, NULL, NULL, 'You are free to download, copy, translate or adapt this story and use the illustrations as long as you attribute in the following way:
Creature with two
Author -
Mlungisi Madlala and Ntombikayise Ngidi
Illustration -
Jesse Breytenbach
Language -
English
Level -
First paragraphs
© African Storybook Initiative 2016
Creative Commons: Attribution 4.0
Source
www.africanstorybook.org', NULL);
INSERT INTO `card` (id, type, title, header, content, option) VALUES ('20022_16', 1, 'Draw a man using stickers.', 'assets/topic/20022.svg', NULL, NULL);
INSERT INTO `cardExtra` (cardId, type, serial, content) VALUES ('20022_16', 2, 1, 'assets/topic/20022.svg');
INSERT INTO `card` (id, type, title, header, content, option) VALUES ('20022_17', 0, 'How many members were there in Izinzawu family?', NULL, NULL, 'oneAtATime');
INSERT INTO `cardExtra` (cardId, type, serial, content) VALUES ('20022_17', 1, 1, 'Six');
INSERT INTO `cardExtra` (cardId, type, serial, content) VALUES ('20022_17', 0, 1, 'Five');
INSERT INTO `cardExtra` (cardId, type, serial, content) VALUES ('20022_17', 0, 2, 'Four');
INSERT INTO `cardExtra` (cardId, type, serial, content) VALUES ('20022_17', 0, 3, 'Two');
INSERT INTO `card` (id, type, title, header, content, option) VALUES ('20022_22', 0, 'The creature was actually a human like us.', NULL, NULL, 'oneAtATime');
INSERT INTO `cardExtra` (cardId, type, serial, content) VALUES ('20022_22', 1, 1, 'True.');
INSERT INTO `cardExtra` (cardId, type, serial, content) VALUES ('20022_22', 0, 1, 'False.');
INSERT INTO `card` (id, type, title, header, content, option) VALUES ('20022_25', 0, 'What will you do if you see some strange creature?', NULL, NULL, 'open');
INSERT INTO `cardExtra` (cardId, type, serial, content) VALUES ('20022_25', 0, 1, 'Throw stone at it.');
INSERT INTO `cardExtra` (cardId, type, serial, content) VALUES ('20022_25', 0, 2, 'Run away from it');
INSERT INTO `cardExtra` (cardId, type, serial, content) VALUES ('20022_25', 0, 3, 'Infrom elders');
INSERT INTO `cardExtra` (cardId, type, serial, content) VALUES ('20022_25', 0, 4, 'Observe what it is doing.');
INSERT INTO `card` (id, type, title, header, content, option) VALUES ('22004', 2, 'Hare and Tortoise (Again!)', 'assets/topic/asb/2036.png', 'Venkatramana Gowda
 Padmanabha', 'FFB3C8FF');
INSERT INTO `card` (id, type, title, header, content, option) VALUES ('22004_3', 3, NULL, 'assets/topic/asb/2037.png', 'Do you remember the Great Race between the hare and the tortoise? For a long time,  no one in the entire animal kingdom could talk about anything but the Great Race and its two contestants.', NULL);
INSERT INTO `card` (id, type, title, header, content, option) VALUES ('22004_4', 3, NULL, 'assets/topic/asb/2038.png', NULL, NULL);
INSERT INTO `card` (id, type, title, header, content, option) VALUES ('22004_5', 3, NULL, 'assets/topic/asb/2039.png', 'We all know that the rabbit was defeated because he was lazy and overconfident. We know that the tortoise won the race because he was slow and steady. The forest animals knew this too,  and continued to respect both creatures equally. Even the two competitors remained friends. The tortoise did not assume airs because he had won,  and the hare,  realising he had been defeated fair and square,  bore the tortoise no grudge.', NULL);
INSERT INTO `card` (id, type, title, header, content, option) VALUES ('22004_6', 3, NULL, 'assets/topic/asb/2040.png', NULL, NULL);
INSERT INTO `card` (id, type, title, header, content, option) VALUES ('22004_7', 3, NULL, 'assets/topic/asb/2042.png', 'Many months passed. The king of the jungle where the hare and the tortoise lived had some important matters to discuss with the king of the neighbouring jungle. But the first king could not leave his jungle just then. He decided,  instead,  to send the hare and tortoise to the neighbouring king,  as his representatives.', NULL);
INSERT INTO `card` (id, type, title, header, content, option) VALUES ('22004_8', 3, NULL, 'assets/topic/asb/2043.png', '"At least one of you must go to the neighbouring kingdom," ordered the king,  when the hare and the tortoise had presented themselves. "I want you to discuss certain important matters with the king there,  and come back to me with his thoughts on those matters." "Now go!" he said,  as he dismissed them. "And mind,  you only have a day to complete the task."', NULL);
INSERT INTO `card` (id, type, title, header, content, option) VALUES ('22004_9', 3, NULL, 'assets/topic/asb/2044.png', NULL, NULL);
INSERT INTO `card` (id, type, title, header, content, option) VALUES ('22004_10', 3, NULL, 'assets/topic/asb/2045.png', 'The road to the neighbouring kingdom was not smooth or easy. It was rocky and full of thorns. There were also two rivers to cross on the way.', NULL);
INSERT INTO `card` (id, type, title, header, content, option) VALUES ('22004_11', 3, NULL, 'assets/topic/asb/2046.png', NULL, NULL);
INSERT INTO `card` (id, type, title, header, content, option) VALUES ('22004_12', 3, NULL, 'assets/topic/asb/2048.png', 'After some thought,  both the hare and the tortoise realised that neither of them could complete the task alone. They had to travel together. The plan was for the hare to carry the tortoise over the thorny parts of the route,  and for the tortoise to carry the hare across the two rivers.', NULL);
INSERT INTO `card` (id, type, title, header, content, option) VALUES ('22004_13', 3, NULL, 'assets/topic/asb/2050.png', 'The next day,  they collected the various messages from their king and were ready to go. The hare made short work of the thorny parts of the route with his giant loping strides,  while the tortoise held on for dear life.', NULL);
INSERT INTO `card` (id, type, title, header, content, option) VALUES ('22004_14', 3, NULL, 'assets/topic/asb/2051.png', 'When they came to a river,  they switched places,  and the hare clambered onto the tortoise''s back. The tortoise swam across the river gracefully. Once both rivers had been crossed,  it did not take them long to arrive at the neighbouring kingdom.', NULL);
INSERT INTO `card` (id, type, title, header, content, option) VALUES ('22004_15', 3, NULL, 'assets/topic/asb/2052.png', NULL, NULL);
INSERT INTO `card` (id, type, title, header, content, option) VALUES ('22004_16', 3, NULL, 'assets/topic/asb/2054.png', 'After long discussions with the neighbouring king on all the matters raised by their own king,  the hare and the tortoise were ready to leave.', NULL);
INSERT INTO `card` (id, type, title, header, content, option) VALUES ('22004_17', 3, NULL, 'assets/topic/asb/2056.png', 'The journey home was even smoother than the outward journey,  since both the hare and the tortoise now knew exactly what to do. The two old rivals had worked so well that they reached the king well ahead of the deadline he had set!', NULL);
INSERT INTO `card` (id, type, title, header, content, option) VALUES ('22004_18', 3, NULL, NULL, 'You are free to download, copy, translate or adapt this story and use the illustrations as long as you attribute in the following way:
Hare and Tortoise (Again!)
Author -
Venkatramana Gowda and Divaspathy Hegde
Illustration -
Padmanabha
Language -
English
Level -
Longer paragraphs
© Pratham Books 2014
Creative Commons: Attribution 4.0
Source
www.africanstorybook.org
Original source
www.prathambooks.org', NULL);
INSERT INTO `card` (id, type, title, header, content, option) VALUES ('22004_19', 1, 'Paint an hare and tortoise.', 'assets/topic/22004.svg', NULL, NULL);
INSERT INTO `cardExtra` (cardId, type, serial, content) VALUES ('22004_19', 2, 1, 'assets/topic/22004.svg');
INSERT INTO `card` (id, type, title, header, content, option) VALUES ('22004_20', 0, 'Hare sat on the tortoise therefore it was easy to cross river.', NULL, NULL, 'oneAtATime');
INSERT INTO `cardExtra` (cardId, type, serial, content) VALUES ('22004_20', 1, 1, 'True.');
INSERT INTO `cardExtra` (cardId, type, serial, content) VALUES ('22004_20', 0, 1, 'False.');
INSERT INTO `card` (id, type, title, header, content, option) VALUES ('22004_23', 0, 'Hare and tortoise failed to get messages from other king.', NULL, NULL, 'oneAtATime');
INSERT INTO `cardExtra` (cardId, type, serial, content) VALUES ('22004_23', 1, 1, 'False.');
INSERT INTO `cardExtra` (cardId, type, serial, content) VALUES ('22004_23', 0, 1, 'True.');
INSERT INTO `card` (id, type, title, header, content, option) VALUES ('22004_26', 0, 'Why you think hare and tortoise were successful?', NULL, NULL, 'open');
INSERT INTO `cardExtra` (cardId, type, serial, content) VALUES ('22004_26', 0, 1, 'They helped each other.');
INSERT INTO `cardExtra` (cardId, type, serial, content) VALUES ('22004_26', 0, 2, 'They worked hard');
INSERT INTO `cardExtra` (cardId, type, serial, content) VALUES ('22004_26', 0, 3, 'They went their own way.');
INSERT INTO `cardExtra` (cardId, type, serial, content) VALUES ('22004_26', 0, 4, 'They became strength of each other.');
INSERT INTO `card` (id, type, title, header, content, option) VALUES ('24751', 2, 'Sheep who got tired of city life', 'assets/topic/asb/26535.png', 'Mohammed Alhaji Modu
Kenneth Boyowa Okitikpi', 'FF9DEDE3');
INSERT INTO `card` (id, type, title, header, content, option) VALUES ('24751_3', 3, NULL, 'assets/topic/asb/26535.png', 'Sheep lived in the city. She got tired of city life and decided to go to the bush.
On her way she met Hyena who had not eaten for many days.', NULL);
INSERT INTO `card` (id, type, title, header, content, option) VALUES ('24751_4', 3, NULL, 'assets/topic/asb/26536.png', 'She greeted Hyena over and over again, "Brother Hyena, how are you? Brother Hyena, how are you?"
Hyena answered Sheep, "Don''t greet me over and over. Do something to end my hunger."', NULL);
INSERT INTO `card` (id, type, title, header, content, option) VALUES ('24751_5', 3, NULL, 'assets/topic/asb/26537.png', 'When Sheep heard this, she started running.
Suddenly, she reached Lion''s den. Hyena was running after her.
Hyena arrived at the den and finally stopped, throwing dust into Lion''s eyes.', NULL);
INSERT INTO `card` (id, type, title, header, content, option) VALUES ('24751_6', 3, NULL, 'assets/topic/asb/26538.png', 'Lion said to Hyena, "Can''t we even find peace in our dens? You throw dust into our eyes!"
Hyena answered, "King, I did not mean to disrespect you! I am only running after my food!"', NULL);
INSERT INTO `card` (id, type, title, header, content, option) VALUES ('24751_7', 3, NULL, 'assets/topic/asb/26539.png', 'Lion said, "You are food to me, too, Hyena. Did I chase you? You came to me. Don''t blame me later."', NULL);
INSERT INTO `card` (id, type, title, header, content, option) VALUES ('24751_8', 3, NULL, 'assets/topic/asb/26540.png', 'Then Lion said to Sheep, "Why did you come to the bush?"
Sheep replied, "I came because I am a diviner."', NULL);
INSERT INTO `card` (id, type, title, header, content, option) VALUES ('24751_9', 3, NULL, 'assets/topic/asb/26541.png', 'Lion said, "Prepare traditional medicine to prove that you are truly a diviner." Sheep replied, "My medicine is expensive."
Lion said, "That is no problem, whatever it costs. There is nothing that is impossible for me."', NULL);
INSERT INTO `card` (id, type, title, header, content, option) VALUES ('24751_10', 3, NULL, 'assets/topic/asb/26542.png', 'Sheep said, "The medicine is Hyena''s ear."
Lion cut off Hyena''s ear and gave it to Sheep.
Sheep put Hyena''s ear inside a jar of honey and gave it to Lion.', NULL);
INSERT INTO `card` (id, type, title, header, content, option) VALUES ('24751_11', 3, NULL, 'assets/topic/asb/26543.png', 'Lion ate Hyena''s ear and found it so sweet.
He asked Sheep, "Is it possible for me to
have the second ear?"', NULL);
INSERT INTO `card` (id, type, title, header, content, option) VALUES ('24751_12', 3, NULL, 'assets/topic/asb/26544.png', 'Sheep said, "Yes, it is possible my king." So Lion cut off Hyena''s second ear and brought it to Sheep.
Sheep put the ear inside a jar of honey and gave it to Lion.', NULL);
INSERT INTO `card` (id, type, title, header, content, option) VALUES ('24751_13', 3, NULL, 'assets/topic/asb/26545.png', 'Then Lion said to Sheep, "Is it possible to get the skin?" Sheep replied, "I think it is possible my king."
When Hyena heard this he was afraid of dying, and ran. Lion ran after him.', NULL);
INSERT INTO `card` (id, type, title, header, content, option) VALUES ('24751_14', 3, NULL, 'assets/topic/asb/26546.png', '"If such is life in the bush, then it is better for me to return home," said Sheep.', NULL);
INSERT INTO `card` (id, type, title, header, content, option) VALUES ('24751_15', 3, NULL, NULL, 'You are free to download, copy, translate or adapt this story and use the illustrations as long as you attribute in the following way:
Sheep who got tired of city life
Author -
Mohammed Alhaji Modu
Translation -
Mohammed Alhaji Modu
Illustration -
Kenneth Boyowa Okitikpi
Language -
English
Level -
First paragraphs
© African Storybook Initiative 2018
Creative Commons: Attribution 4.0
Source
www.africanstorybook.org', NULL);
INSERT INTO `card` (id, type, title, header, content, option) VALUES ('24751_16', 1, 'Paint a sheep and decorate it.', 'assets/topic/24751.svg', NULL, NULL);
INSERT INTO `cardExtra` (cardId, type, serial, content) VALUES ('24751_16', 2, 1, 'assets/topic/24751.svg');
INSERT INTO `card` (id, type, title, header, content, option) VALUES ('24751_17', 0, 'Where did the sheep want to go?', NULL, NULL, 'oneAtATime');
INSERT INTO `cardExtra` (cardId, type, serial, content) VALUES ('24751_17', 1, 1, 'Bush');
INSERT INTO `cardExtra` (cardId, type, serial, content) VALUES ('24751_17', 0, 1, 'Forest');
INSERT INTO `cardExtra` (cardId, type, serial, content) VALUES ('24751_17', 0, 2, 'Home');
INSERT INTO `cardExtra` (cardId, type, serial, content) VALUES ('24751_17', 0, 3, 'City');
INSERT INTO `card` (id, type, title, header, content, option) VALUES ('24751_22', 0, 'How many ears did the lion eat?', NULL, NULL, 'oneAtATime');
INSERT INTO `cardExtra` (cardId, type, serial, content) VALUES ('24751_22', 1, 1, 'Two');
INSERT INTO `cardExtra` (cardId, type, serial, content) VALUES ('24751_22', 0, 1, 'One');
INSERT INTO `cardExtra` (cardId, type, serial, content) VALUES ('24751_22', 0, 2, 'Three');
INSERT INTO `cardExtra` (cardId, type, serial, content) VALUES ('24751_22', 0, 3, 'Four');
INSERT INTO `card` (id, type, title, header, content, option) VALUES ('24751_27', 0, 'What will do you if are hungry?', NULL, NULL, 'open');
INSERT INTO `cardExtra` (cardId, type, serial, content) VALUES ('24751_27', 0, 1, 'Wait for  food');
INSERT INTO `cardExtra` (cardId, type, serial, content) VALUES ('24751_27', 0, 2, 'Cook food');
INSERT INTO `cardExtra` (cardId, type, serial, content) VALUES ('24751_27', 0, 3, 'Eat fruits');
INSERT INTO `cardExtra` (cardId, type, serial, content) VALUES ('24751_27', 0, 4, 'Drink water');
INSERT INTO `card` (id, type, title, header, content, option) VALUES ('21863', 2, 'Counting cabbages', 'assets/topic/asb/19328.png', 'Penelope Smith
Magriet Brink', 'FF9DEDE3');
INSERT INTO `card` (id, type, title, header, content, option) VALUES ('21863_3', 3, NULL, 'assets/topic/asb/19323.png', 'Mama K has been harvesting cabbages all week. Doobie,  Maya and Duksie help Mama K in her vegetable garden on Saturday mornings. Today the children are going to help with counting and packing the cabbages. Then Baba K will take boxes of cabbages to sell at the market.', NULL);
INSERT INTO `card` (id, type, title, header, content, option) VALUES ('21863_4', 3, NULL, 'assets/topic/asb/19325.png', 'The taxi drops off the children at the garden gate. They can see the huge heap of cabbages piled up near Baba K''s old truck. "Yo! What a lot of cabbages!" says Maya pointing. "There must be a thousand cabbages there!" laughs Duksie. "No way! Two hundred at the most!" disagrees Doobie.', NULL);
INSERT INTO `card` (id, type, title, header, content, option) VALUES ('21863_5', 3, NULL, 'assets/topic/asb/19326.png', 'Mama K is waiting at the gate. "Hello everyone,  I''m happy to see you!" she greets the children. "Now let''s get to work. You''ll need to count the cabbages and put them into boxes,  12 cabbages in each box. I have 20 boxes. Two of you can each pack 7 boxes and one of you can pack 6 boxes."', NULL);
INSERT INTO `card` (id, type, title, header, content, option) VALUES ('21863_6', 3, NULL, 'assets/topic/asb/19327.png', 'The children stand around the pile of cabbages. They talk about different ways to count the cabbages. "I think I will count mine in 2s," Maya says. "I like counting in 4s," says Duksie,  "it''s quicker."  "I''m going to count in 3s,  just to be different!" pipes up Doobie.', NULL);
INSERT INTO `card` (id, type, title, header, content, option) VALUES ('21863_7', 3, NULL, 'assets/topic/asb/19328.png', 'Soon the children have filled 20 boxes. "Good work!" exclaims Mama K. "Look,  there are some cabbages left over. My pigs love cabbages so let''s share these with them," she suggests. "How many cabbages did you pack into boxes? How many cabbages were left over?" she asks the children.', NULL);
INSERT INTO `card` (id, type, title, header, content, option) VALUES ('21863_8', 3, NULL, 'assets/topic/asb/19329.png', 'The next job is to write the price on each box and then help Baba K load the boxes on his truck. They must put half the boxes on one side of the truck and half on the other side,  to balance the load.', NULL);
INSERT INTO `card` (id, type, title, header, content, option) VALUES ('21863_9', 3, NULL, 'assets/topic/asb/19330.png', '"We''re almost done!" says Baba K. "Let''s see, how many more boxes we must still put on each side to balance the load?"', NULL);
INSERT INTO `card` (id, type, title, header, content, option) VALUES ('21863_10', 3, NULL, 'assets/topic/asb/19331.png', 'Soon all 20 boxes are loaded onto the truck. Baba K warms up the engine and drives off to market. "If I can sell all the boxes," he thinks to himself,  "I''ll have enough money to fix the pig pen and get a surprise for the children!"', NULL);
INSERT INTO `card` (id, type, title, header, content, option) VALUES ('21863_11', 3, NULL, 'assets/topic/asb/19332.png', 'Back at the farm,  Mama K and the children water plants and rake leaves. By twelve o''clock they are all tired. Mama K tells them,  "It''s time for your treat. Can you guess what I have for you today?"', NULL);
INSERT INTO `card` (id, type, title, header, content, option) VALUES ('21863_12', 3, NULL, 'assets/topic/asb/19333.png', 'She goes inside to fetch their surprise. The children wait patiently for her to return while they guess what she might bring them. When she comes down the path her apron pockets are bulging!', NULL);
INSERT INTO `card` (id, type, title, header, content, option) VALUES ('21863_13', 3, NULL, 'assets/topic/asb/19334.png', '"Let''s see if you guessed right! What''s in store for you today?" Mama K tips out her apron pockets and a pile of apples falls onto the table. "See,  I was right!" Duksie squeals. Mama K tells the children,  "Now remember the rule. Share fair! No one to get more or less than the other!"', NULL);
INSERT INTO `card` (id, type, title, header, content, option) VALUES ('21863_14', 3, NULL, 'assets/topic/asb/19335.png', 'First the children count the apples in 2s. They count: 2,  4,  6,  8,  10,  12,  14,  16, and 1 apple left over. Altogether there are 17 apples.', NULL);
INSERT INTO `card` (id, type, title, header, content, option) VALUES ('21863_15', 3, NULL, 'assets/topic/asb/19336.png', 'Next,  they share out the apples equally. There are 2 apples left over. The children then put their apples in their bags to take home. How many does each child get?', NULL);
INSERT INTO `card` (id, type, title, header, content, option) VALUES ('21863_16', 3, NULL, 'assets/topic/asb/19337.png', '"Let''s cut the 2 apples to share between us," suggests Duksie. "How many parts of the apple will we each get?" asks Maya. "I know the answer!" smiles Doobie.', NULL);
INSERT INTO `card` (id, type, title, header, content, option) VALUES ('21863_17', 3, NULL, 'assets/topic/asb/19338.png', 'Just then Baba K arrives home from market. The truck is empty and Baba K is smiling. "I sold all the cabbages. Now I can fix the pig pen and buy you that soccer ball you wanted. "Yay!" shout the children."', NULL);
INSERT INTO `card` (id, type, title, header, content, option) VALUES ('21863_18', 3, NULL, 'assets/topic/asb/19339.png', NULL, NULL);
INSERT INTO `card` (id, type, title, header, content, option) VALUES ('21863_19', 3, NULL, NULL, 'You are free to download, copy, translate or adapt this story and use the illustrations as long as you attribute in the following way:
Counting cabbages
Author -
Penelope Smith
Illustration -
Magriet Brink
Language -
English
Level -
Longer paragraphs
© African Storybook Initiative 2016
Creative Commons: Attribution 4.0
Source
www.africanstorybook.org', NULL);
INSERT INTO `card` (id, type, title, header, content, option) VALUES ('21863_20', 1, 'Paint cabbage and decorate it.', 'assets/topic/21863.svg', NULL, NULL);
INSERT INTO `cardExtra` (cardId, type, serial, content) VALUES ('21863_20', 2, 1, 'assets/topic/21863.svg');
INSERT INTO `card` (id, type, title, header, content, option) VALUES ('21863_21', 0, 'Baba k loaded twenty boxes in the truck.', NULL, NULL, 'oneAtATime');
INSERT INTO `cardExtra` (cardId, type, serial, content) VALUES ('21863_21', 1, 1, 'True.');
INSERT INTO `cardExtra` (cardId, type, serial, content) VALUES ('21863_21', 0, 1, 'False.');
INSERT INTO `card` (id, type, title, header, content, option) VALUES ('21863_24', 0, 'What did children share?', NULL, NULL, 'oneAtATime');
INSERT INTO `cardExtra` (cardId, type, serial, content) VALUES ('21863_24', 1, 1, 'Apple');
INSERT INTO `cardExtra` (cardId, type, serial, content) VALUES ('21863_24', 0, 1, 'Orange');
INSERT INTO `cardExtra` (cardId, type, serial, content) VALUES ('21863_24', 0, 2, 'Strawberry');
INSERT INTO `cardExtra` (cardId, type, serial, content) VALUES ('21863_24', 0, 3, 'Banana');
INSERT INTO `card` (id, type, title, header, content, option) VALUES ('21863_29', 0, 'What do you share with your friend?', NULL, NULL, 'open');
INSERT INTO `cardExtra` (cardId, type, serial, content) VALUES ('21863_29', 0, 1, 'Fruit');
INSERT INTO `cardExtra` (cardId, type, serial, content) VALUES ('21863_29', 0, 2, 'Food');
INSERT INTO `cardExtra` (cardId, type, serial, content) VALUES ('21863_29', 0, 3, 'Juice');
INSERT INTO `cardExtra` (cardId, type, serial, content) VALUES ('21863_29', 0, 4, 'Water');
INSERT INTO `card` (id, type, title, header, content, option) VALUES ('23035', 2, 'Hen tricks Eagle', 'assets/topic/asb/9588.png', 'Nathan Higenyi
Rob Owen', 'FFB3C8FF');
INSERT INTO `card` (id, type, title, header, content, option) VALUES ('23035_3', 3, NULL, 'assets/topic/asb/9587.png', 'Long ago Hen and Eagle were friends. One day,  Eagle found Hen under a tree resting with her hopping bags. Hen was standing on one leg.', NULL);
INSERT INTO `card` (id, type, title, header, content, option) VALUES ('23035_4', 3, NULL, 'assets/topic/asb/9588.png', 'Eagle asked Hen,  "Where is your other leg?"', NULL);
INSERT INTO `card` (id, type, title, header, content, option) VALUES ('23035_5', 3, NULL, 'assets/topic/asb/9589.png', 'Hen told Eagle,  "The shopkeeper cut off my leg and gave me these groceries in return."', NULL);
INSERT INTO `card` (id, type, title, header, content, option) VALUES ('23035_6', 3, NULL, 'assets/topic/asb/9590.png', 'Eagle asked Hen whether he could do the same. He also wanted a bag of groceries. Hen agreed.', NULL);
INSERT INTO `card` (id, type, title, header, content, option) VALUES ('23035_7', 3, NULL, 'assets/topic/asb/9591.png', 'Eagle went to the shopkeeper and asked her to cut off one of his legs in exchange for groceries. The shopkeeper accepted.', NULL);
INSERT INTO `card` (id, type, title, header, content, option) VALUES ('23035_8', 3, NULL, 'assets/topic/asb/9592.png', 'The eagle hopped on one leg all the way home. But he was happy with the things the shopkeeper gave him.', NULL);
INSERT INTO `card` (id, type, title, header, content, option) VALUES ('23035_9', 3, NULL, 'assets/topic/asb/9593.png', 'When Eagle reached home,  he found Hen with both her legs.', NULL);
INSERT INTO `card` (id, type, title, header, content, option) VALUES ('23035_10', 3, NULL, 'assets/topic/asb/9594.png', 'Eagle was furious and chased Hen. But he never caught her. Instead,  Eagle always looks out for Hen''s children. Whenever he catches one,  he eats it.', NULL);
INSERT INTO `card` (id, type, title, header, content, option) VALUES ('23035_11', 3, NULL, NULL, 'You are free to download, copy, translate or adapt this story and use the illustrations as long as you attribute in the following way:
Hen tricks Eagle
Author -
Nathan Higenyi
Translation -
Nathan Higenyi
Illustration -
Rob Owen
Language -
English
Level -
First paragraphs
© African Storybook Initiative 2015
Creative Commons: Attribution 4.0
Source
www.africanstorybook.org', NULL);
INSERT INTO `card` (id, type, title, header, content, option) VALUES ('23035_12', 1, 'Paint a hen and decorate it.', 'assets/topic/23035.svg', NULL, NULL);
INSERT INTO `cardExtra` (cardId, type, serial, content) VALUES ('23035_12', 2, 1, 'assets/topic/23035.svg');
INSERT INTO `card` (id, type, title, header, content, option) VALUES ('23035_13', 0, 'Who is the friend of hen?', NULL, NULL, 'oneAtATime');
INSERT INTO `cardExtra` (cardId, type, serial, content) VALUES ('23035_13', 1, 1, 'Eagle');
INSERT INTO `cardExtra` (cardId, type, serial, content) VALUES ('23035_13', 0, 1, 'Rat');
INSERT INTO `cardExtra` (cardId, type, serial, content) VALUES ('23035_13', 0, 2, 'Monkey');
INSERT INTO `cardExtra` (cardId, type, serial, content) VALUES ('23035_13', 0, 3, 'Crow');
INSERT INTO `card` (id, type, title, header, content, option) VALUES ('23035_18', 0, 'The shopkeeper cut eagle''s leg', NULL, NULL, 'oneAtATime');
INSERT INTO `cardExtra` (cardId, type, serial, content) VALUES ('23035_18', 1, 1, 'True.');
INSERT INTO `cardExtra` (cardId, type, serial, content) VALUES ('23035_18', 0, 1, 'False.');
INSERT INTO `card` (id, type, title, header, content, option) VALUES ('23035_21', 0, 'What do you exchange with your friend?', NULL, NULL, 'open');
INSERT INTO `cardExtra` (cardId, type, serial, content) VALUES ('23035_21', 0, 1, 'Food');
INSERT INTO `cardExtra` (cardId, type, serial, content) VALUES ('23035_21', 0, 2, 'Fruit');
INSERT INTO `cardExtra` (cardId, type, serial, content) VALUES ('23035_21', 0, 3, 'Cookies');
INSERT INTO `cardExtra` (cardId, type, serial, content) VALUES ('23035_21', 0, 4, 'Chocolate');
INSERT INTO `card` (id, type, title, header, content, option) VALUES ('22536', 2, 'Raven and Fox', 'assets/topic/asb/25729.png', 'Angesom Abadi
Isaac Okwir', 'FF9DEDE3');
INSERT INTO `card` (id, type, title, header, content, option) VALUES ('22536_3', 3, NULL, 'assets/topic/asb/25729.png', 'Long ago, wild animals lived together.
Raven and Fox were good friends.', NULL);
INSERT INTO `card` (id, type, title, header, content, option) VALUES ('22536_4', 3, NULL, 'assets/topic/asb/25730.png', 'There was a famine. The animals had nothing to eat.', NULL);
INSERT INTO `card` (id, type, title, header, content, option) VALUES ('22536_5', 3, NULL, 'assets/topic/asb/25731.png', 'Fox and Raven went in search of food.
They found some meat. Raven started eating alone.', NULL);
INSERT INTO `card` (id, type, title, header, content, option) VALUES ('22536_6', 3, NULL, 'assets/topic/asb/25732.png', 'Fox saw Raven eating meat alone. She grabbed the bird.
"Shall I kill you or not?" asked Fox.', NULL);
INSERT INTO `card` (id, type, title, header, content, option) VALUES ('22536_7', 3, NULL, 'assets/topic/asb/25733.png', '"Please, do not kill me! Specially, do not throw me off the cliff," begged Raven.', NULL);
INSERT INTO `card` (id, type, title, header, content, option) VALUES ('22536_8', 3, NULL, 'assets/topic/asb/25734.png', 'Fox replied, "I will not throw you off the cliff."', NULL);
INSERT INTO `card` (id, type, title, header, content, option) VALUES ('22536_9', 3, NULL, 'assets/topic/asb/25735.png', 'But Fox had decided to throw Raven off the cliff.', NULL);
INSERT INTO `card` (id, type, title, header, content, option) VALUES ('22536_10', 3, NULL, 'assets/topic/asb/25736.png', 'Fox threw Raven off the cliff.
She stood at the edge of the cliff to check for Raven''s body.', NULL);
INSERT INTO `card` (id, type, title, header, content, option) VALUES ('22536_11', 3, NULL, 'assets/topic/asb/25737.png', 'Meanwhile, Raven had turned in the air and started flying.', NULL);
INSERT INTO `card` (id, type, title, header, content, option) VALUES ('22536_12', 3, NULL, 'assets/topic/asb/25738.png', 'Raven landed in a tree.
Fox and Raven saw each other.', NULL);
INSERT INTO `card` (id, type, title, header, content, option) VALUES ('22536_13', 3, NULL, 'assets/topic/asb/25739.png', '"I escaped because I am clever," boasted Raven.', NULL);
INSERT INTO `card` (id, type, title, header, content, option) VALUES ('22536_14', 3, NULL, 'assets/topic/asb/25740.png', '"You escaped because I let you escape," replied Fox.', NULL);
INSERT INTO `card` (id, type, title, header, content, option) VALUES ('22536_15', 3, NULL, NULL, 'You are free to download, copy, translate or adapt this story and use the illustrations as long as you attribute in the following way:
Raven and Fox
Author -
ሰለሙን  ግደይ and ገ/ኣምላኽ  ገ/መደህን
Translation -
Angesom Abadi
Illustration -
Isaac Okwir
Language -
English
Level -
First sentences
© African Storybook Initiative 2017
Creative Commons: Attribution 4.0
Source
www.africanstorybook.org', NULL);
INSERT INTO `card` (id, type, title, header, content, option) VALUES ('22536_16', 1, 'Paint a Raven and Fox.', 'assets/topic/22536.svg', NULL, NULL);
INSERT INTO `cardExtra` (cardId, type, serial, content) VALUES ('22536_16', 2, 1, 'assets/topic/22536.svg');
INSERT INTO `card` (id, type, title, header, content, option) VALUES ('22536_17', 0, 'Fox and raven went in search of food.', NULL, NULL, 'oneAtATime');
INSERT INTO `cardExtra` (cardId, type, serial, content) VALUES ('22536_17', 1, 1, 'True.');
INSERT INTO `cardExtra` (cardId, type, serial, content) VALUES ('22536_17', 0, 1, 'False.');
INSERT INTO `card` (id, type, title, header, content, option) VALUES ('22536_20', 0, 'Where did raven land after being thrown off the cliff?', NULL, NULL, 'oneAtATime');
INSERT INTO `cardExtra` (cardId, type, serial, content) VALUES ('22536_20', 1, 1, 'Tree');
INSERT INTO `cardExtra` (cardId, type, serial, content) VALUES ('22536_20', 0, 1, 'House');
INSERT INTO `cardExtra` (cardId, type, serial, content) VALUES ('22536_20', 0, 2, 'Air');
INSERT INTO `cardExtra` (cardId, type, serial, content) VALUES ('22536_20', 0, 3, 'Cliff');
INSERT INTO `card` (id, type, title, header, content, option) VALUES ('22536_25', 0, 'What will you do if you get some food?', NULL, NULL, 'open');
INSERT INTO `cardExtra` (cardId, type, serial, content) VALUES ('22536_25', 0, 1, 'Eat alone.');
INSERT INTO `cardExtra` (cardId, type, serial, content) VALUES ('22536_25', 0, 2, 'Share with my friend.');
INSERT INTO `cardExtra` (cardId, type, serial, content) VALUES ('22536_25', 0, 3, 'Throw it back.');
INSERT INTO `cardExtra` (cardId, type, serial, content) VALUES ('22536_25', 0, 4, 'Take it to home.');
INSERT INTO `card` (id, type, title, header, content, option) VALUES ('21837', 2, 'Grateful animals', 'assets/topic/asb/17299.png', 'Mariam Mohammed
Rob Owen', 'FFCFB5DD');
INSERT INTO `card` (id, type, title, header, content, option) VALUES ('21837_3', 3, NULL, 'assets/topic/asb/17289.png', 'Once upon a time,  a man and five animals were going to war together. They traveled all day until the sun went down. "Where are we going to sleep?" asked Donkey. "Look,  there''s a hut. We can sleep there," said Puff Adder.', NULL);
INSERT INTO `card` (id, type, title, header, content, option) VALUES ('21837_4', 3, NULL, 'assets/topic/asb/17290.png', 'They went to the hut and called. A man and a woman came out. "You''re welcome to sleep here,  but we don''t have food for you," said the man. "What about the cow outside your house?" asked Dog.  "It''s the only thing we have. If we kill it,  we''ll have nothing." The wife said.  Man said,  "We will all reward you. Please kill the cow for us."', NULL);
INSERT INTO `card` (id, type, title, header, content, option) VALUES ('21837_5', 3, NULL, 'assets/topic/asb/17291.png', '"If you give me its blood,  I''ll repay you," said Lion. "I want the bones," said Dog,  "and I''ll reward you." "Give me the fat,  you won''t be sorry" said Puff Adder. "I want the meat under the skin. I''ll reward you," said Eagle. "Let me have the milk," the man said. "I''ll give you something wonderful one day." "I don''t want meat. Give me some grass from your roof," Donkey said.', NULL);
INSERT INTO `card` (id, type, title, header, content, option) VALUES ('21837_6', 3, NULL, 'assets/topic/asb/17292.png', 'The husband and wife killed their cow. They gave the blood to Lion,  the bones to Dog,  the milk to the man,  the fat to Puff Adder,  and the meat under the skin to Eagle. Donkey got grass from the roof of the hut.', NULL);
INSERT INTO `card` (id, type, title, header, content, option) VALUES ('21837_7', 3, NULL, 'assets/topic/asb/17293.png', 'The travelers slept well that night. The next morning they went away.', NULL);
INSERT INTO `card` (id, type, title, header, content, option) VALUES ('21837_8', 3, NULL, 'assets/topic/asb/17294.png', 'Many weeks passed. Then,  one day,  the man and his wife heard Lion roaring near their hut. They went outside. Lion wasn''t there,  but a big elephant tusk was lying on the ground. "This is very valuable," the woman said to her husband. "Take it into the house," her husband said. "We must be careful. Perhaps thieves will come and steal it."', NULL);
INSERT INTO `card` (id, type, title, header, content, option) VALUES ('21837_9', 3, NULL, 'assets/topic/asb/17295.png', 'Just then,  Dog barked. The husband and wife looked behind them. Dog was lying near the door of the house. "Don''t worry," he said. "I''ll keep the thieves away. You helped me once and now I''ll help you."', NULL);
INSERT INTO `card` (id, type, title, header, content, option) VALUES ('21837_10', 3, NULL, 'assets/topic/asb/17296.png', 'Now,  the husband had a wicked brother. He was rich,  he was cruel,  and everyone hated him. He heard about the elephant tusk. "I want that tusk," he thought. "I''ll kill my brother and take it from him."', NULL);
INSERT INTO `card` (id, type, title, header, content, option) VALUES ('21837_11', 3, NULL, 'assets/topic/asb/17297.png', 'Late at night,  he went to his brother''s house. But Puff Adder was lying on the path,  waiting for him. It bit the wicked brother and he died.', NULL);
INSERT INTO `card` (id, type, title, header, content, option) VALUES ('21837_12', 3, NULL, 'assets/topic/asb/17298.png', 'In that country,  a dead man''s brother takes his wealth. So,  the wicked brother''s cows and sheep belonged to the husband and his wife. "Lion,  Dog and Puff Adder have repaid us well," the man said to his wife. "What will Eagle,  Donkey and the man do?"', NULL);
INSERT INTO `card` (id, type, title, header, content, option) VALUES ('21837_13', 3, NULL, 'assets/topic/asb/17299.png', 'One day,  Eagle was flying high in the sky. He looked down and saw a crowd of elders walking together along the road. Something bright was shining in their hands. "They have money and jewels," thought Eagle. "They are taking presents from a wife to her husband,  or from a husband to his wife,  to end a quarrel. But they will forgive each other anyway."', NULL);
INSERT INTO `card` (id, type, title, header, content, option) VALUES ('21837_14', 3, NULL, 'assets/topic/asb/17300.png', 'Eagle flew down and took the gifts out of the elders'' hands. He dropped them outside the hut of the man and his wife.', NULL);
INSERT INTO `card` (id, type, title, header, content, option) VALUES ('21837_15', 3, NULL, 'assets/topic/asb/17301.png', 'On the same day,  Donkey was in a forest not far away. He had a heavy bag full of money on his back. Donkey''s master beat him saying,  "Go faster,  you stupid,  lazy animal!"  Donkey wanted to punish his cruel master.', NULL);
INSERT INTO `card` (id, type, title, header, content, option) VALUES ('21837_16', 3, NULL, 'assets/topic/asb/17302.png', 'Donkey ran away,  and went to the hut of the husband and wife. "Take the money," he said. "It''s yours." The old man and his wife were rich now.', NULL);
INSERT INTO `card` (id, type, title, header, content, option) VALUES ('21837_17', 3, NULL, 'assets/topic/asb/17303.png', '"Our friends the animals have been very good to us," the man said. "I''m glad we killed our cow for them." "The man has not repaid us yet," his wife said. "The animals have done many things for us,  but the man will certainly do more."', NULL);
INSERT INTO `card` (id, type, title, header, content, option) VALUES ('21837_18', 3, NULL, 'assets/topic/asb/17304.png', 'They waited and waited. Weeks passed,  then months and years,  but the man never came back. Animals keep their promises,  but humans forget theirs.', NULL);
INSERT INTO `card` (id, type, title, header, content, option) VALUES ('21837_19', 3, NULL, NULL, 'You are free to download, copy, translate or adapt this story and use the illustrations as long as you attribute in the following way:
Grateful animals
Author -
Mariam Mohammed and Elizabeth Laird
Illustration -
Rob Owen
Language -
English
Level -
Longer paragraphs
© African Storybook Initiative 2016
Creative Commons: Attribution 4.0
Source
www.africanstorybook.org
Original source
www.ethiopianfolktales.com', NULL);
INSERT INTO `card` (id, type, title, header, content, option) VALUES ('21837_20', 1, 'Draw an hut and decorate it.', 'assets/topic/21837.svg', NULL, NULL);
INSERT INTO `cardExtra` (cardId, type, serial, content) VALUES ('21837_20', 2, 1, 'assets/topic/21837.svg');
INSERT INTO `card` (id, type, title, header, content, option) VALUES ('21837_21', 0, 'Select all the animals which weere taken to war.', NULL, NULL, 'many');
INSERT INTO `cardExtra` (cardId, type, serial, content) VALUES ('21837_21', 1, 1, 'Eagle');
INSERT INTO `cardExtra` (cardId, type, serial, content) VALUES ('21837_21', 1, 2, 'Snake');
INSERT INTO `cardExtra` (cardId, type, serial, content) VALUES ('21837_21', 1, 3, 'Dog');
INSERT INTO `cardExtra` (cardId, type, serial, content) VALUES ('21837_21', 1, 4, 'Lion');
INSERT INTO `cardExtra` (cardId, type, serial, content) VALUES ('21837_21', 1, 5, 'Donkey');
INSERT INTO `cardExtra` (cardId, type, serial, content) VALUES ('21837_21', 0, 1, 'Monkey');
INSERT INTO `cardExtra` (cardId, type, serial, content) VALUES ('21837_21', 0, 2, 'Cat');
INSERT INTO `cardExtra` (cardId, type, serial, content) VALUES ('21837_21', 0, 3, 'Tortoise');
INSERT INTO `card` (id, type, title, header, content, option) VALUES ('21837_30', 0, 'Match the animal with the help they did', NULL, NULL, 'pair');
INSERT INTO `cardExtra` (cardId, type, serial, content) VALUES ('21837_30', 1, 1, 'Lion');
INSERT INTO `cardExtra` (cardId, type, serial, content) VALUES ('21837_30', 1, 2, 'Elephant Tusk');
INSERT INTO `cardExtra` (cardId, type, serial, content) VALUES ('21837_30', 1, 3, 'Dog');
INSERT INTO `cardExtra` (cardId, type, serial, content) VALUES ('21837_30', 1, 4, 'Protect from thieves');
INSERT INTO `cardExtra` (cardId, type, serial, content) VALUES ('21837_30', 1, 5, 'Eagle');
INSERT INTO `cardExtra` (cardId, type, serial, content) VALUES ('21837_30', 1, 6, 'some thing bright and shining.');
INSERT INTO `cardExtra` (cardId, type, serial, content) VALUES ('21837_30', 1, 7, 'Donkey');
INSERT INTO `cardExtra` (cardId, type, serial, content) VALUES ('21837_30', 1, 8, 'Bag of money');
INSERT INTO `card` (id, type, title, header, content, option) VALUES ('21837_39', 0, 'How did you return the favour to a person who helped you once?', NULL, NULL, 'open');
INSERT INTO `cardExtra` (cardId, type, serial, content) VALUES ('21837_39', 0, 1, 'Gave money');
INSERT INTO `cardExtra` (cardId, type, serial, content) VALUES ('21837_39', 0, 2, 'Gave food');
INSERT INTO `cardExtra` (cardId, type, serial, content) VALUES ('21837_39', 0, 3, 'Gave cloth');
INSERT INTO `cardExtra` (cardId, type, serial, content) VALUES ('21837_39', 0, 4, 'Gave shelter');
INSERT INTO `card` (id, type, title, header, content, option) VALUES ('15934', 2, 'Kidnapped!', 'assets/topic/asb/14751.png', 'Richard Khadambi
Abraham Muzee', 'FF9DEDE3');
INSERT INTO `card` (id, type, title, header, content, option) VALUES ('15934_3', 3, NULL, 'assets/topic/asb/14735.png', 'My friend Kiki and I love to go exploring. We know our neighbourhood well. Every day after school we try to think of a new place to explore.', NULL);
INSERT INTO `card` (id, type, title, header, content, option) VALUES ('15934_4', 3, NULL, 'assets/topic/asb/14736.png', 'When walking home we often cut across the big field near the old railway. Even though Kiki''s father has warned us not to go there. On that day, we noticed a tall man in a black coat walking behind us. But at first we didn''t worry.', NULL);
INSERT INTO `card` (id, type, title, header, content, option) VALUES ('15934_5', 3, NULL, 'assets/topic/asb/14737.png', 'We slowed down to look at the man. His skin was full of pimples. His lips were too small to cover his dark brown teeth. He had a deep scar across half his face. This man was following us!', NULL);
INSERT INTO `card` (id, type, title, header, content, option) VALUES ('15934_6', 3, NULL, 'assets/topic/asb/14738.png', 'We decided to stop and face the stranger. My heart beat so loudly that I thought he could hear it. I stared at him, paying attention to his features and clothes. He did not like the fact that I was looking at him so keenly. He shouted, "What are you looking at, boy?"', NULL);
INSERT INTO `card` (id, type, title, header, content, option) VALUES ('15934_7', 3, NULL, 'assets/topic/asb/14739.png', 'At that point, we turned and ran! My friend Kiki escaped but I was not fast enough. He caught me by my shirt and pulled me back roughly. The man held me so tight that I thought my ribs would crack.', NULL);
INSERT INTO `card` (id, type, title, header, content, option) VALUES ('15934_8', 3, NULL, 'assets/topic/asb/14740.png', 'The tall man picked me up like a piece of paper and threw me into a van parked nearby. Then he got in the front of the van. Another man who was inside the van blindfolded me and tied my hands behind my back. Then the driver drove away at the speed of an ambulance.', NULL);
INSERT INTO `card` (id, type, title, header, content, option) VALUES ('15934_9', 3, NULL, 'assets/topic/asb/14741.png', 'In the back of the van, the man next to me held a wet rag over my face. The rag smelled sweet, and made me feel very sleepy.  When I woke up I found myself sitting on the floor in a dark room with cobwebs and mice. At least I was no longer blindfolded.', NULL);
INSERT INTO `card` (id, type, title, header, content, option) VALUES ('15934_10', 3, NULL, 'assets/topic/asb/14742.png', 'The door of the dark room opened noisily,  and a man entered carrying a plate. He was the man who tied me up and put me to sleep. "Here is food for you. You better eat because you are going on a long journey," the man mumbled. He untied my hands.', NULL);
INSERT INTO `card` (id, type, title, header, content, option) VALUES ('15934_11', 3, NULL, 'assets/topic/asb/14743.png', 'When I heard the word ''journey'' I decided to eat. I would need to get the strength to rescue myself. As I ate, the man sat down and smoked a cigarette. The smoke filled the entire room.', NULL);
INSERT INTO `card` (id, type, title, header, content, option) VALUES ('15934_12', 3, NULL, 'assets/topic/asb/14744.png', 'Suddenly the other two men came in dragging a boy. It was Kiki! They had caught him as well. Now we were both trapped in the dark room.', NULL);
INSERT INTO `card` (id, type, title, header, content, option) VALUES ('15934_13', 3, NULL, 'assets/topic/asb/14745.png', 'I understood that the tall ugly man was the leader of the group. He gave orders to the other two. But the man who brought me the food did not seem to like what they were doing. A while later, we heard them arguing outside the room. The leader shouted, "I don''t care if you know his family. You can''t change your mind now."', NULL);
INSERT INTO `card` (id, type, title, header, content, option) VALUES ('15934_14', 3, NULL, 'assets/topic/asb/14746.png', 'This argument made us realise that one of them knew us. I wondered who it was. Kiki said, "We must find a way of escaping. Our parents don''t have the money to pay ransom." Luck was on our side. The men continued to disagree and started fighting. I untied my friend. We quietly bolted the door inside the room and started looking for a way to escape.', NULL);
INSERT INTO `card` (id, type, title, header, content, option) VALUES ('15934_15', 3, NULL, 'assets/topic/asb/14747.png', 'We saw some thin cracks of light between old timber nailed across one wall. We pulled at the wood until the nails came out of the wall. We pulled at another,  and another, until the thin dim light became brighter. There was a small window under the wooden planks!', NULL);
INSERT INTO `card` (id, type, title, header, content, option) VALUES ('15934_16', 3, NULL, 'assets/topic/asb/14748.png', 'Quickly we made a decision. Kiki was faster and smaller than me,  so he would run to get help. I helped him up. Kiki wriggled out of the window. It was not far to the ground outside, and I heard him land on his feet. He took a deep breath, then he was gone.', NULL);
INSERT INTO `card` (id, type, title, header, content, option) VALUES ('15934_17', 3, NULL, 'assets/topic/asb/14749.png', 'By this time the men were kicking the door against the bolt. They burst into the room and stood for a minute looking at the window. Then they rushed outside, pushing each other, not sure which direction to go. The men were furious, especially the ugly leader. He hit me,  shouting, "Your parents will pay for this!"', NULL);
INSERT INTO `card` (id, type, title, header, content, option) VALUES ('15934_18', 3, NULL, 'assets/topic/asb/14750.png', 'The men nailed back the planks of wood over the window and locked me in the room. But they still could not agree about what to do. I could hear them arguing again. The man who smoked a lot wanted to let me go. The driver was worried that my friend would find his way back and bring the police. And the ugly leader, well, he wanted the ransom money.', NULL);
INSERT INTO `card` (id, type, title, header, content, option) VALUES ('15934_19', 3, NULL, 'assets/topic/asb/14751.png', 'It seemed like forever before I heard a soft tap from outside, on the broken window. A grown up voice said, "Don''t be scared. Police are here. Lie on the floor, cover your head. Don''t move."', NULL);
INSERT INTO `card` (id, type, title, header, content, option) VALUES ('15934_20', 3, NULL, 'assets/topic/asb/14752.png', 'I''m not sure what happened next. Everything happened! The men were taken by surprise as police stormed the room they were in. There was lots of shouting and noise, and some gunshots.', NULL);
INSERT INTO `card` (id, type, title, header, content, option) VALUES ('15934_21', 3, NULL, 'assets/topic/asb/14753.png', 'A policewoman opened the door to my room. She picked me up off the floor, and wrapped a blanket around me. She told me, "Your friend was lucky. He found the main road near here. We were on patrol when he ran into the road. After we heard his story,  we called for backup and came to teach these criminals a lesson!"', NULL);
INSERT INTO `card` (id, type, title, header, content, option) VALUES ('15934_22', 3, NULL, 'assets/topic/asb/14754.png', 'The three men were arrested,  handcuffed,  and bundled into a police van. I got into a car with the policewoman. She took me home to my worried parents. After that day, Kiki and I were more careful when we went exploring.', NULL);
INSERT INTO `card` (id, type, title, header, content, option) VALUES ('15934_23', 3, NULL, NULL, 'You are free to download, copy, translate or adapt this story and use the illustrations as long as you attribute in the following way:
Kidnapped!
Author -
Richard Khadambi and Collins Kipkirui
Illustration -
Abraham Muzee
Language -
English
Level -
Longer paragraphs
© African Storybook Initiative 2015
Creative Commons: Attribution 4.0
Source
www.africanstorybook.org', NULL);
INSERT INTO `card` (id, type, title, header, content, option) VALUES ('15934_24', 1, 'Paint lock and key.', 'assets/topic/15934.svg', NULL, NULL);
INSERT INTO `cardExtra` (cardId, type, serial, content) VALUES ('15934_24', 2, 1, 'assets/topic/15934.svg');
INSERT INTO `card` (id, type, title, header, content, option) VALUES ('15934_25', 0, 'What do kiki and his friend love to?', NULL, NULL, 'oneAtATime');
INSERT INTO `cardExtra` (cardId, type, serial, content) VALUES ('15934_25', 1, 1, 'Exploring');
INSERT INTO `cardExtra` (cardId, type, serial, content) VALUES ('15934_25', 0, 1, 'Eating');
INSERT INTO `cardExtra` (cardId, type, serial, content) VALUES ('15934_25', 0, 2, 'Talking');
INSERT INTO `cardExtra` (cardId, type, serial, content) VALUES ('15934_25', 0, 3, 'Dancing');
INSERT INTO `card` (id, type, title, header, content, option) VALUES ('15934_30', 0, 'Kiki and his friend were kidnaped by tall ugly man.', NULL, NULL, 'oneAtATime');
INSERT INTO `cardExtra` (cardId, type, serial, content) VALUES ('15934_30', 1, 1, 'True.');
INSERT INTO `cardExtra` (cardId, type, serial, content) VALUES ('15934_30', 0, 1, 'False.');
INSERT INTO `card` (id, type, title, header, content, option) VALUES ('15934_33', 0, 'What will you do if you see kidnappers?', NULL, NULL, 'open');
INSERT INTO `cardExtra` (cardId, type, serial, content) VALUES ('15934_33', 0, 1, 'Run away');
INSERT INTO `cardExtra` (cardId, type, serial, content) VALUES ('15934_33', 0, 2, 'Inform elders');
INSERT INTO `cardExtra` (cardId, type, serial, content) VALUES ('15934_33', 0, 3, 'inform police');
INSERT INTO `cardExtra` (cardId, type, serial, content) VALUES ('15934_33', 0, 4, 'Be calm and look for help.');
INSERT INTO `card` (id, type, title, header, content, option) VALUES ('21149', 2, 'Pig that wouldn''t listen', 'assets/topic/asb/18310.png', 'Zanele Mguye
Marion Drew', 'FF9DEDE3');
INSERT INTO `card` (id, type, title, header, content, option) VALUES ('21149_3', 3, NULL, 'assets/topic/asb/18306.png', 'After a long day at the farm,  it was time for all the animals to go to sleep.
But not everyone was willing to listen to the farmer.', NULL);
INSERT INTO `card` (id, type, title, header, content, option) VALUES ('21149_4', 3, NULL, 'assets/topic/asb/18307.png', '"Time for bed Miss Piggy," said the farmer. "In the pen you go."
"Oh no I won''t,  I won''t go into the pen," said Miss Piggy.', NULL);
INSERT INTO `card` (id, type, title, header, content, option) VALUES ('21149_5', 3, NULL, 'assets/topic/asb/18308.png', '"Trusty Whip,  please whip Miss Piggy into the pen," said the farmer to her trusty whip.
"Oh no I won''t,  I won''t whip Miss Piggy," said Trusty Whip.', NULL);
INSERT INTO `card` (id, type, title, header, content, option) VALUES ('21149_6', 3, NULL, 'assets/topic/asb/18309.png', '"Fiery Fire,  please burn Trusty Whip,  he won''t whip Miss Piggy into the pen," said the farmer to the fire.
"Oh no,  I won''t,  I won''t burn Trusty Whip," said Fiery Fire.', NULL);
INSERT INTO `card` (id, type, title, header, content, option) VALUES ('21149_7', 3, NULL, 'assets/topic/asb/18310.png', '"Clear Water,  please put out Fiery Fire,  he won''t burn the Trusty Whip, and Miss Piggy won''t go into the pen," said the farmer to the water.
"Oh no I won''t,  I won''t put out the fire," said Clear Water.', NULL);
INSERT INTO `card` (id, type, title, header, content, option) VALUES ('21149_8', 3, NULL, 'assets/topic/asb/18311.png', 'Then along came Milky Moo, the cow. "Milky Moo,  please drink Clear Water,  who won''t put out Fiery Fire. Fiery Fire won''t burn Trusty Whip, and Miss Piggy won''t go into the pen," said the farmer.', NULL);
INSERT INTO `card` (id, type, title, header, content, option) VALUES ('21149_9', 3, NULL, 'assets/topic/asb/18312.png', '"MOOO!" said thirsty Milky Moo with excitement.
"Of course I will drink the water."', NULL);
INSERT INTO `card` (id, type, title, header, content, option) VALUES ('21149_10', 3, NULL, 'assets/topic/asb/18313.png', '"No! No! No! Milky Moo,  please don''t drink me," cried Clear Water. "I will put out Fiery Fire."', NULL);
INSERT INTO `card` (id, type, title, header, content, option) VALUES ('21149_11', 3, NULL, 'assets/topic/asb/18314.png', '"Oh no you won''t put me out!" shouted Fiery Fire. "I will burn Trusty Whip."', NULL);
INSERT INTO `card` (id, type, title, header, content, option) VALUES ('21149_12', 3, NULL, 'assets/topic/asb/18315.png', '"Please don''t burn me Fiery Fire," cried Trusty Whip. "I will whip Miss Piggy into the pen."', NULL);
INSERT INTO `card` (id, type, title, header, content, option) VALUES ('21149_13', 3, NULL, 'assets/topic/asb/18316.png', 'Miss Piggy was annoyed. "There will be no need for you to whip me,  Trusty Whip," she said. "I will go into the pen."', NULL);
INSERT INTO `card` (id, type, title, header, content, option) VALUES ('21149_14', 3, NULL, 'assets/topic/asb/18317.png', 'Miss Piggy went into her pen and was ready for bed.', NULL);
INSERT INTO `card` (id, type, title, header, content, option) VALUES ('21149_15', 3, NULL, NULL, 'You are free to download, copy, translate or adapt this story and use the illustrations as long as you attribute in the following way:
Pig that wouldn''t listen
Author -
Thobile Gama
Translation -
Zanele Mguye
Illustration -
Marion Drew
Language -
English
Level -
First paragraphs
© African Storybook Initiative 2016
Creative Commons: Attribution 4.0
Source
www.africanstorybook.org', NULL);
INSERT INTO `card` (id, type, title, header, content, option) VALUES ('21149_16', 1, 'Paint cute piggy and decorate.', 'assets/topic/21149.svg', NULL, NULL);
INSERT INTO `cardExtra` (cardId, type, serial, content) VALUES ('21149_16', 2, 1, 'assets/topic/21149.svg');
INSERT INTO `card` (id, type, title, header, content, option) VALUES ('21149_17', 0, 'Where did the farmer ask Miss piggy to sleep in?', NULL, NULL, 'oneAtATime');
INSERT INTO `cardExtra` (cardId, type, serial, content) VALUES ('21149_17', 1, 1, 'Pen');
INSERT INTO `cardExtra` (cardId, type, serial, content) VALUES ('21149_17', 0, 1, 'pencil');
INSERT INTO `cardExtra` (cardId, type, serial, content) VALUES ('21149_17', 0, 2, 'Compound');
INSERT INTO `cardExtra` (cardId, type, serial, content) VALUES ('21149_17', 0, 3, 'House');
INSERT INTO `card` (id, type, title, header, content, option) VALUES ('21149_22', 0, 'Trusty whip asked fiery fire not to burn it.', NULL, NULL, 'oneAtATime');
INSERT INTO `cardExtra` (cardId, type, serial, content) VALUES ('21149_22', 1, 1, 'True.');
INSERT INTO `cardExtra` (cardId, type, serial, content) VALUES ('21149_22', 0, 1, 'False.');
INSERT INTO `card` (id, type, title, header, content, option) VALUES ('21149_25', 0, 'Why do you think Miss piggy did not wanted to go into pen.', NULL, NULL, 'open');
INSERT INTO `cardExtra` (cardId, type, serial, content) VALUES ('21149_25', 0, 1, 'Miss piggy wanted to play.');
INSERT INTO `cardExtra` (cardId, type, serial, content) VALUES ('21149_25', 0, 2, 'Did not get sleep.');
INSERT INTO `cardExtra` (cardId, type, serial, content) VALUES ('21149_25', 0, 3, 'Miss piggy was hungry.');
INSERT INTO `cardExtra` (cardId, type, serial, content) VALUES ('21149_25', 0, 4, 'Miss piggy wanted to sleep alone.');
INSERT INTO `card` (id, type, title, header, content, option) VALUES ('17534', 2, 'Counting animals', 'assets/topic/asb/9651.png', 'Clare Verbeek
Rob Owen', 'FF9DEDE3');
INSERT INTO `card` (id, type, title, header, content, option) VALUES ('17534_3', 3, NULL, 'assets/topic/asb/9652.png', 'One elephant is going to drink water.', NULL);
INSERT INTO `card` (id, type, title, header, content, option) VALUES ('17534_4', 3, NULL, 'assets/topic/asb/9647.png', 'Two giraffes are going to drink water.', NULL);
INSERT INTO `card` (id, type, title, header, content, option) VALUES ('17534_5', 3, NULL, 'assets/topic/asb/9644.png', 'Three buffaloes and four birds are also going to drink water.', NULL);
INSERT INTO `card` (id, type, title, header, content, option) VALUES ('17534_6', 3, NULL, 'assets/topic/asb/9646.png', 'Five antelopes and six warthogs are walking to the water.', NULL);
INSERT INTO `card` (id, type, title, header, content, option) VALUES ('17534_7', 3, NULL, 'assets/topic/asb/9650.png', 'Seven zebras are running to the water.', NULL);
INSERT INTO `card` (id, type, title, header, content, option) VALUES ('17534_8', 3, NULL, 'assets/topic/asb/9645.png', 'Eight frogs and nine fish are swimming in the water.', NULL);
INSERT INTO `card` (id, type, title, header, content, option) VALUES ('17534_9', 3, NULL, 'assets/topic/asb/9651.png', 'One lion roars. He also wants to drink. Who is afraid of the lion?', NULL);
INSERT INTO `card` (id, type, title, header, content, option) VALUES ('17534_10', 3, NULL, 'assets/topic/asb/9648.png', 'One elephant is drinking water with the lion.', NULL);
INSERT INTO `card` (id, type, title, header, content, option) VALUES ('17534_11', 3, NULL, NULL, 'You are free to download, copy, translate or adapt this story and use the illustrations as long as you attribute in the following way:
Counting animals
Author -
Clare Verbeek, Thembani Dladla and Zanele Buthelezi
Illustration -
Rob Owen
Language -
English
Level -
First words
© School of Education and Development (UKZN) and African Storybook Initiative 2007
Creative Commons: Attribution 4.0
Source
www.africanstorybook.org
Original source
http://cae.ukzn.ac.za/resources/seedbooks.aspx', NULL);
INSERT INTO `card` (id, type, title, header, content, option) VALUES ('17534_12', 1, 'Paint a elephant and decorate.', 'assets/topic/17534.svg', NULL, NULL);
INSERT INTO `cardExtra` (cardId, type, serial, content) VALUES ('17534_12', 2, 1, 'assets/topic/17534.svg');
INSERT INTO `card` (id, type, title, header, content, option) VALUES ('17534_13', 0, 'How many lions drank water?', NULL, NULL, 'oneAtATime');
INSERT INTO `cardExtra` (cardId, type, serial, content) VALUES ('17534_13', 1, 1, 'One');
INSERT INTO `cardExtra` (cardId, type, serial, content) VALUES ('17534_13', 0, 1, 'Two');
INSERT INTO `cardExtra` (cardId, type, serial, content) VALUES ('17534_13', 0, 2, 'None');
INSERT INTO `cardExtra` (cardId, type, serial, content) VALUES ('17534_13', 0, 3, 'Three');
INSERT INTO `card` (id, type, title, header, content, option) VALUES ('17534_18', 0, 'Seven zebras were running towards water.', NULL, NULL, 'oneAtATime');
INSERT INTO `cardExtra` (cardId, type, serial, content) VALUES ('17534_18', 1, 1, 'True.');
INSERT INTO `cardExtra` (cardId, type, serial, content) VALUES ('17534_18', 0, 1, 'False.');
INSERT INTO `card` (id, type, title, header, content, option) VALUES ('17534_21', 0, 'Why do you think animals are drinking water together?', NULL, NULL, 'open');
INSERT INTO `cardExtra` (cardId, type, serial, content) VALUES ('17534_21', 0, 1, 'There might be drought.');
INSERT INTO `cardExtra` (cardId, type, serial, content) VALUES ('17534_21', 0, 2, 'Water might be sweet.');
INSERT INTO `cardExtra` (cardId, type, serial, content) VALUES ('17534_21', 0, 3, 'All are friends');
INSERT INTO `cardExtra` (cardId, type, serial, content) VALUES ('17534_21', 0, 4, 'To show their unity.');
INSERT INTO `card` (id, type, title, header, content, option) VALUES ('17031', 2, 'Why Ajao was not buried', 'assets/topic/asb/16974.png', 'Taiwo Ẹhinẹni
Jesse Breytenbach', 'FFCFB5DD');
INSERT INTO `card` (id, type, title, header, content, option) VALUES ('17031_3', 3, NULL, 'assets/topic/asb/16973.png', 'Ajao,  a bat,  lay in his house very ill. There was no one to attend to him.', NULL);
INSERT INTO `card` (id, type, title, header, content, option) VALUES ('17031_4', 3, NULL, 'assets/topic/asb/16974.png', 'Then,  Ajao died.', NULL);
INSERT INTO `card` (id, type, title, header, content, option) VALUES ('17031_5', 3, NULL, 'assets/topic/asb/16975.png', 'The neighbours said,  "Ajao is dead. We must call his relations to come and bury him."', NULL);
INSERT INTO `card` (id, type, title, header, content, option) VALUES ('17031_6', 3, NULL, 'assets/topic/asb/16976.png', 'The neighbours went and called the birds saying,  "A relative of yours is dead."', NULL);
INSERT INTO `card` (id, type, title, header, content, option) VALUES ('17031_7', 3, NULL, 'assets/topic/asb/16977.png', 'The birds came and saw that it was Ajao. They said,  "This animal is not part of our family."', NULL);
INSERT INTO `card` (id, type, title, header, content, option) VALUES ('17031_8', 3, NULL, 'assets/topic/asb/16978.png', '"All our family have feathers but Ajao has none. So,  he is not one of us." The birds went away.', NULL);
INSERT INTO `card` (id, type, title, header, content, option) VALUES ('17031_9', 3, NULL, 'assets/topic/asb/16979.png', 'The neighbours reasoned together. They agreed,  "The birds are right. Ajao has no feathers. So,  he is not their relative."', NULL);
INSERT INTO `card` (id, type, title, header, content, option) VALUES ('17031_10', 3, NULL, 'assets/topic/asb/16980.png', 'One of them said,  "He must be part of the family of rats. He looks like them."', NULL);
INSERT INTO `card` (id, type, title, header, content, option) VALUES ('17031_11', 3, NULL, 'assets/topic/asb/16981.png', 'The neighbours went and called the rats saying,  "One of your family is dead."', NULL);
INSERT INTO `card` (id, type, title, header, content, option) VALUES ('17031_12', 3, NULL, 'assets/topic/asb/16982.png', 'The rats came and saw that it was Ajao. They said,  "This animal is not part of our family."', NULL);
INSERT INTO `card` (id, type, title, header, content, option) VALUES ('17031_13', 3, NULL, 'assets/topic/asb/16983.png', '"Everyone in our family has a tail. Ajao has no tail." The rats went away.', NULL);
INSERT INTO `card` (id, type, title, header, content, option) VALUES ('17031_14', 3, NULL, 'assets/topic/asb/16984.png', 'No relations were found for Ajao and he remained unburied.', NULL);
INSERT INTO `card` (id, type, title, header, content, option) VALUES ('17031_15', 3, NULL, NULL, 'You are free to download, copy, translate or adapt this story and use the illustrations as long as you attribute in the following way:
Why Ajao was not buried
Author -
Taiwo Ẹhinẹni
Translation -
Taiwo Ẹhinẹni
Illustration -
Jesse Breytenbach
Language -
English
Level -
First sentences
© African Storybook Initiative 2016
Creative Commons: Attribution 4.0
Source
www.africanstorybook.org', NULL);
INSERT INTO `card` (id, type, title, header, content, option) VALUES ('17031_16', 1, 'Paint a bat mammal and decorate it.', 'assets/topic/17031.svg', NULL, NULL);
INSERT INTO `cardExtra` (cardId, type, serial, content) VALUES ('17031_16', 2, 1, 'assets/topic/17031.svg');
INSERT INTO `card` (id, type, title, header, content, option) VALUES ('17031_17', 0, 'Who is a Ajao?', NULL, NULL, 'oneAtATime');
INSERT INTO `cardExtra` (cardId, type, serial, content) VALUES ('17031_17', 1, 1, 'Bat');
INSERT INTO `cardExtra` (cardId, type, serial, content) VALUES ('17031_17', 0, 1, 'Bird');
INSERT INTO `cardExtra` (cardId, type, serial, content) VALUES ('17031_17', 0, 2, 'Rat');
INSERT INTO `cardExtra` (cardId, type, serial, content) VALUES ('17031_17', 0, 3, 'Dog');
INSERT INTO `card` (id, type, title, header, content, option) VALUES ('17031_22', 0, 'Birds and rats helped Ajao in burying.', NULL, NULL, 'oneAtATime');
INSERT INTO `cardExtra` (cardId, type, serial, content) VALUES ('17031_22', 1, 1, 'False.');
INSERT INTO `cardExtra` (cardId, type, serial, content) VALUES ('17031_22', 0, 1, 'True.');
INSERT INTO `card` (id, type, title, header, content, option) VALUES ('17031_25', 0, 'What will you do if you were friend of Ajao?', NULL, NULL, 'open');
INSERT INTO `cardExtra` (cardId, type, serial, content) VALUES ('17031_25', 0, 1, 'Bury Ajao.');
INSERT INTO `cardExtra` (cardId, type, serial, content) VALUES ('17031_25', 0, 2, 'Avoid saying he is not our family.');
INSERT INTO `cardExtra` (cardId, type, serial, content) VALUES ('17031_25', 0, 3, 'Inform his family.');
INSERT INTO `cardExtra` (cardId, type, serial, content) VALUES ('17031_25', 0, 4, 'Never let him die.');
INSERT INTO `card` (id, type, title, header, content, option) VALUES ('2069', 2, 'Lazy Anansi', 'assets/topic/asb/1069.png', 'Ghanaian folktale
Wiehan de Jager', 'FFF4E1B5');
INSERT INTO `card` (id, type, title, header, content, option) VALUES ('2069_3', 3, NULL, 'assets/topic/asb/1070.png', 'There was a spider called Anansi. Anansi was too lazy to cook his own food. Instead,  he used to visit his friends and eat the delicious food they had cooked.', NULL);
INSERT INTO `card` (id, type, title, header, content, option) VALUES ('2069_4', 3, NULL, 'assets/topic/asb/1071.png', 'One day, Anansi was passing Rabbit''s house when he smelled green vegetables cooking. He was very excited. Rabbit said to Anansi, "They''re not quite ready yet. You can help me to wash up while we wait."  Anansi replied, "Sorry, I have things to do. I''ll come back later."', NULL);
INSERT INTO `card` (id, type, title, header, content, option) VALUES ('2069_5', 3, NULL, 'assets/topic/asb/1072.png', '"How will I call you when they''re ready?" asked Rabbit. Anansi thought for a minute. "I''ll spin a web," he said. "I''ll tie one end around my leg and one end to your pot. When the greens are ready, pull on the web string. I''ll come right away." So Anansi tied the web to the pot, and walked on.', NULL);
INSERT INTO `card` (id, type, title, header, content, option) VALUES ('2069_6', 3, NULL, 'assets/topic/asb/1073.png', 'Anansi saw Monkey and his wife, cooking beans in a large pot. "Come and join us! The beans are nearly ready." Monkey said. Anansi replied, "Sorry, I have things to do. Let me tie one end of this web around my leg and one end to your pot. When the beans are ready, pull on the web string, and I''ll come."', NULL);
INSERT INTO `card` (id, type, title, header, content, option) VALUES ('2069_7', 3, NULL, 'assets/topic/asb/1074.png', 'As Anansi walked by Warthog''s house, he smelled sweet potatoes. Warthog told Anansi, "My pot is full of sweet potatoes and honey! Come and share my food with me. Take this fork and help me to stir it." Anansi replied, "I''ll come back later. Let me tie one end of this web around my leg and one end to your pot. When the sweet potatoes are ready, pull on the web string, and I''ll come."', NULL);
INSERT INTO `card` (id, type, title, header, content, option) VALUES ('2069_8', 3, NULL, 'assets/topic/asb/1075.png', 'By the time Anansi arrived at the river, each of his eight legs was tied to a pot of delicious food. Then,  Anansi felt a pull on one of his legs. "Rabbit''s food is ready!" Anansi thought, licking his lips.', NULL);
INSERT INTO `card` (id, type, title, header, content, option) VALUES ('2069_9', 3, NULL, 'assets/topic/asb/1076.png', 'He felt a second pull. And a third. And a fourth, fifth,  sixth, seventh, eighth pull. Everyone was pulling on the web strings at the same time! "Stop! Stop!" he cried in pain, as his legs were stretched thinner and thinner. But no one could hear him.', NULL);
INSERT INTO `card` (id, type, title, header, content, option) VALUES ('2069_10', 3, NULL, 'assets/topic/asb/1069.png', 'Finally, the web strings could hold no longer. They snapped, one by one. Anansi rolled into the river to soothe his painful legs. But his legs would not return to their normal shape. Anansi was too embarrassed to go to any of his friends that day.', NULL);
INSERT INTO `card` (id, type, title, header, content, option) VALUES ('2069_11', 3, NULL, NULL, 'You are free to download, copy, translate or adapt this story and use the illustrations as long as you attribute in the following way:
Lazy Anansi
Author -
Ghanaian folktale
Illustration -
Wiehan de Jager
Language -
English
Level -
Read aloud
© African Storybook Initiative 2014
Creative Commons: Attribution 4.0
Source
www.africanstorybook.org', NULL);
INSERT INTO `card` (id, type, title, header, content, option) VALUES ('2069_12', 1, 'Paint a spider and decorate it.', 'assets/topic/2069.svg', NULL, NULL);
INSERT INTO `cardExtra` (cardId, type, serial, content) VALUES ('2069_12', 2, 1, 'assets/topic/2069.svg');
INSERT INTO `card` (id, type, title, header, content, option) VALUES ('2069_13', 0, 'Match animals with food they are cooking.', NULL, NULL, 'pair');
INSERT INTO `cardExtra` (cardId, type, serial, content) VALUES ('2069_13', 1, 1, 'Rabbit');
INSERT INTO `cardExtra` (cardId, type, serial, content) VALUES ('2069_13', 1, 2, 'Green vegetables');
INSERT INTO `cardExtra` (cardId, type, serial, content) VALUES ('2069_13', 1, 3, 'Monkey');
INSERT INTO `cardExtra` (cardId, type, serial, content) VALUES ('2069_13', 1, 4, 'Beans');
INSERT INTO `cardExtra` (cardId, type, serial, content) VALUES ('2069_13', 1, 5, 'Warthog');
INSERT INTO `cardExtra` (cardId, type, serial, content) VALUES ('2069_13', 1, 6, 'Sweet potato');
INSERT INTO `card` (id, type, title, header, content, option) VALUES ('2069_20', 0, 'Anansi final had food in rabbit''s house.', NULL, NULL, 'oneAtATime');
INSERT INTO `cardExtra` (cardId, type, serial, content) VALUES ('2069_20', 1, 1, 'True.');
INSERT INTO `cardExtra` (cardId, type, serial, content) VALUES ('2069_20', 0, 1, 'False.');
INSERT INTO `card` (id, type, title, header, content, option) VALUES ('2069_23', 0, 'What will do if you are hungry?', NULL, NULL, 'open');
INSERT INTO `cardExtra` (cardId, type, serial, content) VALUES ('2069_23', 0, 1, 'I will cook and eat.');
INSERT INTO `cardExtra` (cardId, type, serial, content) VALUES ('2069_23', 0, 2, 'Visit friend''s home');
INSERT INTO `cardExtra` (cardId, type, serial, content) VALUES ('2069_23', 0, 3, 'Stay empty stomach');
INSERT INTO `cardExtra` (cardId, type, serial, content) VALUES ('2069_23', 0, 4, 'Eat some fruits');
INSERT INTO `card` (id, type, title, header, content, option) VALUES ('22088', 2, 'Why Fly pesters Cow', 'assets/topic/asb/19248.png', 'Jaco jacobs
Stephen Wallace', 'FF9DEDE3');
INSERT INTO `card` (id, type, title, header, content, option) VALUES ('22088_3', 3, NULL, 'assets/topic/asb/19248.png', 'Have you ever seen a herd of cows in the field? Every now and then you will notice a cow shaking her head. She tries to drive away the flies that pester her. But why do the flies zoom-zoom-zee around Cow''s head?', NULL);
INSERT INTO `card` (id, type, title, header, content, option) VALUES ('22088_4', 3, NULL, 'assets/topic/asb/19249.png', 'They say it started long,  long ago in a far-off country. The country''s queen was very rich and had a kind heart. One day she decided to arrange a huge banquet. All the animals were invited. The enormous tables were beautifully laden. Every table groaned under the delicacies,  dishes full of meat,  freshly baked bread,  steaming vegetables and honey-sweet fruit.', NULL);
INSERT INTO `card` (id, type, title, header, content, option) VALUES ('22088_5', 3, NULL, 'assets/topic/asb/19250.png', 'The animals smacked their lips when they saw the delicious food. "The largest animal at each table should sit at the head," the queen said. "It is his or her job to dish out the food." Cow shared a table with Sheep,  Goat,  Dog,  Goose and Fly. Since Cow was the biggest,  she started dishing out the food.  Each animal received a big chunk of home-baked bread with grape jam and cheese.', NULL);
INSERT INTO `card` (id, type, title, header, content, option) VALUES ('22088_6', 3, NULL, 'assets/topic/asb/19251.png', 'But because Fly was so small,  Cow hardly noticed her. "Zoom! Zoom! Zee! What about me? I''d also like something to eat,  you see?" Fly grumbled. But Cow pretended not to hear Fly. She tucked into the delicious bread. Poor Fly sat there deprived of everything,  watching the other animals eat.', NULL);
INSERT INTO `card` (id, type, title, header, content, option) VALUES ('22088_7', 3, NULL, 'assets/topic/asb/19252.png', 'When they had finished the last crumb of bread,  Cow started dishing out the meat and vegetables. Each animal received a large plate of food. But because Fly was so small,  Cow once again hardly noticed her. "Zoom! Zoom! Zee! What about me? I''d also like something to eat,  you see?" Fly grumbled louder than before. Cow rolled her eyes and was annoyed with Fly.', NULL);
INSERT INTO `card` (id, type, title, header, content, option) VALUES ('22088_8', 3, NULL, 'assets/topic/asb/19253.png', '"Hey! Where are your manners?" Cow said. "A bug like you doesn''t even belong at the queen''s banquet. You can wait until the bigger animals have finished." The food was finished in two ticks. Poor Fly didn''t receive the tiniest morsel.  Cow started sharing the fruit. There were delicious water melon,  juicy spanspek and red-cheeked apples.', NULL);
INSERT INTO `card` (id, type, title, header, content, option) VALUES ('22088_9', 3, NULL, 'assets/topic/asb/19254.png', 'All the animals received food,  but Fly had to go without. "Zoom! Zoom! Zee! What about me? I''d also like something to eat,  you see?" Fly complained. Cow laughed and took a bite from her apple. "Do you hear something?" she asked the other animals at the table. "I don''t hear anything." In a jiffy all the food at the table had been finished. The animals were overstuffed. Everyone except Fly. Her tummy growled with hunger.', NULL);
INSERT INTO `card` (id, type, title, header, content, option) VALUES ('22088_10', 3, NULL, 'assets/topic/asb/19256.png', 'After the meal it was time to dance and be merry. But Fly was angry. She decided to go home. The queen noticed Fly. "Why are you leaving,  Fly?" the queen asked. "Don''t you enjoy my banquet?" Fly curtsied before the queen. "I''m sorry,  your Majesty," she said. "I''m sure the food was delicious. But I didn''t have a tiny morsel of food." And she told the queen what had happened. The queen was very angry when she heard what Cow had done.', NULL);
INSERT INTO `card` (id, type, title, header, content, option) VALUES ('22088_11', 3, NULL, 'assets/topic/asb/19255.png', '"From now on you and your friends may pester Cow every day," the queen said. "From morning till night you may buzz around her ears. It will teach her a lesson. She will never be able to ignore you again. And she''ll see that even the tiniest insect is important to me."', NULL);
INSERT INTO `card` (id, type, title, header, content, option) VALUES ('22088_12', 3, NULL, 'assets/topic/asb/19257.png', 'And that is exactly what Fly has been doing until today. She and her friends buzz around Cow''s ears from morning till night. And while they are doing it,  they sing: "Zoom! Zoom! Zee! Never ever again,  Can you ignore us. Say amen!"', NULL);
INSERT INTO `card` (id, type, title, header, content, option) VALUES ('22088_13', 3, NULL, NULL, 'You are free to download, copy, translate or adapt this story and use the illustrations as long as you attribute in the following way:
Why Fly pesters Cow
Author -
Jaco jacobs
Illustration -
Stephen Wallace
Language -
English
Level -
Longer paragraphs
© Lapa  2016
Creative Commons: Attribution 4.0
Source
www.africanstorybook.org', NULL);
INSERT INTO `card` (id, type, title, header, content, option) VALUES ('22088_14', 1, 'Paint a fly and a cow and decorate it.', 'assets/topic/22088.svg', NULL, NULL);
INSERT INTO `cardExtra` (cardId, type, serial, content) VALUES ('22088_14', 2, 1, 'assets/topic/22088.svg');
INSERT INTO `card` (id, type, title, header, content, option) VALUES ('22088_15', 0, 'Who pesters the cow all the time?', NULL, NULL, 'oneAtATime');
INSERT INTO `cardExtra` (cardId, type, serial, content) VALUES ('22088_15', 1, 1, 'Fly');
INSERT INTO `cardExtra` (cardId, type, serial, content) VALUES ('22088_15', 0, 1, 'Honey bee');
INSERT INTO `cardExtra` (cardId, type, serial, content) VALUES ('22088_15', 0, 2, 'Butterfly');
INSERT INTO `cardExtra` (cardId, type, serial, content) VALUES ('22088_15', 0, 3, 'Bird');
INSERT INTO `card` (id, type, title, header, content, option) VALUES ('22088_20', 0, 'Fly was very small therefore cow hardly noticed it.', NULL, NULL, 'oneAtATime');
INSERT INTO `cardExtra` (cardId, type, serial, content) VALUES ('22088_20', 1, 1, 'True.');
INSERT INTO `cardExtra` (cardId, type, serial, content) VALUES ('22088_20', 0, 1, 'False.');
INSERT INTO `card` (id, type, title, header, content, option) VALUES ('22088_23', 0, 'What will you do if no one notices you?', NULL, NULL, 'open');
INSERT INTO `cardExtra` (cardId, type, serial, content) VALUES ('22088_23', 0, 1, 'Shout loudly');
INSERT INTO `cardExtra` (cardId, type, serial, content) VALUES ('22088_23', 0, 2, 'Throw paper ball');
INSERT INTO `cardExtra` (cardId, type, serial, content) VALUES ('22088_23', 0, 3, 'Throw small stone');
INSERT INTO `cardExtra` (cardId, type, serial, content) VALUES ('22088_23', 0, 4, 'Poke the person');
INSERT INTO `card` (id, type, title, header, content, option) VALUES ('15938', 2, 'Why Hippos have no hair', 'assets/topic/asb/6143.png', 'Basilio Gimo
Carol Liddiment', 'FF9DEDE3');
INSERT INTO `card` (id, type, title, header, content, option) VALUES ('15938_3', 3, NULL, 'assets/topic/asb/6162.png', 'One day,  Rabbit was walking by the riverside.', NULL);
INSERT INTO `card` (id, type, title, header, content, option) VALUES ('15938_4', 3, NULL, 'assets/topic/asb/6163.png', 'Hippo was there too,  going for a stroll and eating some nice green grass.', NULL);
INSERT INTO `card` (id, type, title, header, content, option) VALUES ('15938_5', 3, NULL, 'assets/topic/asb/6145.png', 'Hippo didn''t see that Rabbit was there and she accidentally stepped on Rabbit''s foot. Rabbit started screaming at Hippo,  "You Hippo! Can''t you see that you''re stepping on my foot?"', NULL);
INSERT INTO `card` (id, type, title, header, content, option) VALUES ('15938_6', 3, NULL, 'assets/topic/asb/6146.png', 'Hippo apologised to Rabbit,  "I''m so sorry. I didn''t see you. Please forgive me!" But Rabbit wouldn''t listen and he shouted at Hippo,  "You did that on purpose! Someday,  you''ll see! You''re going to pay!"', NULL);
INSERT INTO `card` (id, type, title, header, content, option) VALUES ('15938_7', 3, NULL, 'assets/topic/asb/6147.png', 'Rabbit went to find Fire and said,  "Go,  burn Hippo when she comes out of the water to eat grass. She stepped on me!"  Fire answered,  "No problem,  Rabbit,  my friend. I''ll do just what you ask."', NULL);
INSERT INTO `card` (id, type, title, header, content, option) VALUES ('15938_8', 3, NULL, 'assets/topic/asb/6148.png', 'Later,  Hippo was eating grass far from the river when,  "Whoosh!" Fire burst into flame. The flames began to burn Hippo''s hair.', NULL);
INSERT INTO `card` (id, type, title, header, content, option) VALUES ('15938_9', 3, NULL, 'assets/topic/asb/6149.png', 'Hippo started to cry and ran for the water. All her hair was burned off by the fire. Hippo kept crying,  "My hair has burned in the fire! My hair is all gone! My beautiful hair!"', NULL);
INSERT INTO `card` (id, type, title, header, content, option) VALUES ('15938_10', 3, NULL, 'assets/topic/asb/6170.png', 'Rabbit was happy that Hippo''s hair was burned. And to this day,  for fear of fire,  the hippo never goes far from the water.', NULL);
INSERT INTO `card` (id, type, title, header, content, option) VALUES ('15938_11', 3, NULL, NULL, 'You are free to download, copy, translate or adapt this story and use the illustrations as long as you attribute in the following way:
Why Hippos have no hair
Author -
Basilio Gimo and David Ker
Illustration -
Carol Liddiment
Language -
English
Level -
First paragraphs
© Little Zebra Books 2014
Creative Commons: Attribution 4.0
Source
www.africanstorybook.org
Original source
http://www.littlezebrabooks.com/.', NULL);
INSERT INTO `card` (id, type, title, header, content, option) VALUES ('15938_12', 1, 'Paint hippopotamus and decorate it.', 'assets/topic/15938.svg', NULL, NULL);
INSERT INTO `cardExtra` (cardId, type, serial, content) VALUES ('15938_12', 2, 1, 'assets/topic/15938.svg');
INSERT INTO `card` (id, type, title, header, content, option) VALUES ('15938_13', 0, 'Who stamped on the foot of rabbit?', NULL, NULL, 'oneAtATime');
INSERT INTO `cardExtra` (cardId, type, serial, content) VALUES ('15938_13', 1, 1, 'Hippo');
INSERT INTO `cardExtra` (cardId, type, serial, content) VALUES ('15938_13', 0, 1, 'Monkey');
INSERT INTO `cardExtra` (cardId, type, serial, content) VALUES ('15938_13', 0, 2, 'Elephant');
INSERT INTO `cardExtra` (cardId, type, serial, content) VALUES ('15938_13', 0, 3, 'Lion');
INSERT INTO `card` (id, type, title, header, content, option) VALUES ('15938_18', 0, 'Hippo got his hair burnt on land so he always stays in water.', NULL, NULL, 'oneAtATime');
INSERT INTO `cardExtra` (cardId, type, serial, content) VALUES ('15938_18', 1, 1, 'True.');
INSERT INTO `cardExtra` (cardId, type, serial, content) VALUES ('15938_18', 0, 1, 'False.');
INSERT INTO `card` (id, type, title, header, content, option) VALUES ('15938_21', 0, 'If anyone stamps your feet what will you do?', NULL, NULL, 'open');
INSERT INTO `cardExtra` (cardId, type, serial, content) VALUES ('15938_21', 0, 1, 'Forgive');
INSERT INTO `cardExtra` (cardId, type, serial, content) VALUES ('15938_21', 0, 2, 'Teach a lesson');
INSERT INTO `cardExtra` (cardId, type, serial, content) VALUES ('15938_21', 0, 3, 'stamp back');
INSERT INTO `cardExtra` (cardId, type, serial, content) VALUES ('15938_21', 0, 4, 'Shout and laugh');
INSERT INTO `card` (id, type, title, header, content, option) VALUES ('8442', 2, 'Why is Yayeri great?', 'assets/topic/asb/7509.png', 'Cornelius Wambi Gulere
Vusi Malindi', 'FFCFB5DD');
INSERT INTO `card` (id, type, title, header, content, option) VALUES ('8442_3', 3, NULL, 'assets/topic/asb/7513.png', 'Yayeri the great one wakes up very early every morning.
We ask ourselves,  "Why is Yayeri great?"', NULL);
INSERT INTO `card` (id, type, title, header, content, option) VALUES ('8442_4', 3, NULL, 'assets/topic/asb/7514.png', 'She is grateful for the night past.
We ask ourselves,  "Why is Yayeri great?"', NULL);
INSERT INTO `card` (id, type, title, header, content, option) VALUES ('8442_5', 3, NULL, 'assets/topic/asb/7517.png', 'She prepares her bed very well.
We ask ourselves,  "Why is Yayeri great?"', NULL);
INSERT INTO `card` (id, type, title, header, content, option) VALUES ('8442_6', 3, NULL, 'assets/topic/asb/7516.png', 'She greets her parents and grandparents.
We ask ourselves,  "Why is Yayeri great?"', NULL);
INSERT INTO `card` (id, type, title, header, content, option) VALUES ('8442_7', 3, NULL, 'assets/topic/asb/7515.png', 'She cleans her face with blue soap.
We ask ourselves,  "Why is Yayeri great?"', NULL);
INSERT INTO `card` (id, type, title, header, content, option) VALUES ('8442_8', 3, NULL, 'assets/topic/asb/7518.png', 'She brushes her teeth with the lughano stem.
We ask ourselves,  "Why is Yayeri great?"', NULL);
INSERT INTO `card` (id, type, title, header, content, option) VALUES ('8442_9', 3, NULL, 'assets/topic/asb/7507.png', 'She takes a cold water bath.
We ask ourselves,  "Why is Yayeri great?"', NULL);
INSERT INTO `card` (id, type, title, header, content, option) VALUES ('8442_10', 3, NULL, 'assets/topic/asb/7511.png', 'She puts on her orange school uniform.
We ask ourselves,  "Why is Yayeri great?"', NULL);
INSERT INTO `card` (id, type, title, header, content, option) VALUES ('8442_11', 3, NULL, 'assets/topic/asb/7508.png', 'She puts on her black shoes.
We ask ourselves,  "Why is Yayeri great?"', NULL);
INSERT INTO `card` (id, type, title, header, content, option) VALUES ('8442_12', 3, NULL, 'assets/topic/asb/7512.png', 'She hurries to her school at Mbala.
We ask ourselves,  "Why is Yayeri great?"', NULL);
INSERT INTO `card` (id, type, title, header, content, option) VALUES ('8442_13', 3, NULL, 'assets/topic/asb/7510.png', 'She studies Science,  Social Studies and Mathematics.
We ask ourselves,  "Why is Yayeri great?"', NULL);
INSERT INTO `card` (id, type, title, header, content, option) VALUES ('8442_14', 3, NULL, 'assets/topic/asb/7509.png', 'She sings,  dances,  and plays football.
We ask ourselves,  "Why is Yayeri great?"', NULL);
INSERT INTO `card` (id, type, title, header, content, option) VALUES ('8442_15', 3, NULL, NULL, 'You are free to download, copy, translate or adapt this story and use the illustrations as long as you attribute in the following way:
Why is Yayeri great?
Author -
Michael Oguttu
Translation -
Cornelius Wambi Gulere
Illustration -
Vusi Malindi
Language -
English
Level -
First sentences
© Text: Uganda Community Libraries Association (Ugcla)  Artwork: African Storybook Initiative 2014
Creative Commons: Attribution 4.0
Source
www.africanstorybook.org
Original source
http://ugcla.org', NULL);
INSERT INTO `card` (id, type, title, header, content, option) VALUES ('8442_16', 1, 'Draw a soap decorate it.', 'assets/topic/8442.svg', NULL, NULL);
INSERT INTO `cardExtra` (cardId, type, serial, content) VALUES ('8442_16', 2, 1, 'assets/topic/8442.svg');
INSERT INTO `card` (id, type, title, header, content, option) VALUES ('8442_17', 0, 'What is the color of her soap?', NULL, NULL, 'oneAtATime');
INSERT INTO `cardExtra` (cardId, type, serial, content) VALUES ('8442_17', 1, 1, 'Blue');
INSERT INTO `cardExtra` (cardId, type, serial, content) VALUES ('8442_17', 0, 1, 'Black');
INSERT INTO `cardExtra` (cardId, type, serial, content) VALUES ('8442_17', 0, 2, 'Red');
INSERT INTO `cardExtra` (cardId, type, serial, content) VALUES ('8442_17', 0, 3, 'Yellow');
INSERT INTO `card` (id, type, title, header, content, option) VALUES ('8442_22', 0, 'What is the color of her shoes?', NULL, NULL, 'oneAtATime');
INSERT INTO `cardExtra` (cardId, type, serial, content) VALUES ('8442_22', 1, 1, 'Black');
INSERT INTO `cardExtra` (cardId, type, serial, content) VALUES ('8442_22', 0, 1, 'Blue');
INSERT INTO `cardExtra` (cardId, type, serial, content) VALUES ('8442_22', 0, 2, 'Red');
INSERT INTO `cardExtra` (cardId, type, serial, content) VALUES ('8442_22', 0, 3, 'Orange');
INSERT INTO `card` (id, type, title, header, content, option) VALUES ('8442_27', 0, 'What is your favourite color?', NULL, NULL, 'open');
INSERT INTO `cardExtra` (cardId, type, serial, content) VALUES ('8442_27', 0, 1, 'Black');
INSERT INTO `cardExtra` (cardId, type, serial, content) VALUES ('8442_27', 0, 2, 'Blue');
INSERT INTO `cardExtra` (cardId, type, serial, content) VALUES ('8442_27', 0, 3, 'Red');
INSERT INTO `cardExtra` (cardId, type, serial, content) VALUES ('8442_27', 0, 4, 'Orange');
INSERT INTO `card` (id, type, title, header, content, option) VALUES ('24473', 2, 'Why the Library Was Built?', 'assets/topic/asb/7960.png', 'Kabubbu Remedial class
 Marleen Visser, Magriet Brink, Karlien de Villiers, Marike le Roux, Jano Strydom, Rob Owen, Jesse Breytenbach and Catherine Groenewald', 'FFF4E1B5');
INSERT INTO `card` (id, type, title, header, content, option) VALUES ('24473_3', 3, NULL, 'assets/topic/asb/8548.png', 'Chairs and tables.', NULL);
INSERT INTO `card` (id, type, title, header, content, option) VALUES ('24473_4', 3, NULL, 'assets/topic/asb/8856.png', 'A lot of story books for children and adults.', NULL);
INSERT INTO `card` (id, type, title, header, content, option) VALUES ('24473_5', 3, NULL, 'assets/topic/asb/9652.png', 'Painted pictures on the wall.', NULL);
INSERT INTO `card` (id, type, title, header, content, option) VALUES ('24473_6', 3, NULL, 'assets/topic/asb/9850.png', 'White and blue clouds on the ceiling board.', NULL);
INSERT INTO `card` (id, type, title, header, content, option) VALUES ('24473_7', 3, NULL, 'assets/topic/asb/8947.png', 'Children and adults go to the library.', NULL);
INSERT INTO `card` (id, type, title, header, content, option) VALUES ('24473_8', 3, NULL, 'assets/topic/asb/9855.png', 'My friends and I go to the library in holidays.', NULL);
INSERT INTO `card` (id, type, title, header, content, option) VALUES ('24473_9', 3, NULL, 'assets/topic/asb/8850.png', 'We read this book on dear day.', NULL);
INSERT INTO `card` (id, type, title, header, content, option) VALUES ('24473_10', 3, NULL, 'assets/topic/asb/8854.png', 'My mother borrowed a picture book from the library.', NULL);
INSERT INTO `card` (id, type, title, header, content, option) VALUES ('24473_11', 3, NULL, 'assets/topic/asb/8851.png', 'A place for me.', NULL);
INSERT INTO `card` (id, type, title, header, content, option) VALUES ('24473_12', 3, NULL, 'assets/topic/asb/8855.png', 'a place for you.', NULL);
INSERT INTO `card` (id, type, title, header, content, option) VALUES ('24473_13', 3, NULL, 'assets/topic/asb/8858.png', 'a place for all.', NULL);
INSERT INTO `card` (id, type, title, header, content, option) VALUES ('24473_14', 3, NULL, 'assets/topic/asb/8856.png', 'i enjoy the library so muuuuuuuuch!', NULL);
INSERT INTO `card` (id, type, title, header, content, option) VALUES ('24473_15', 3, NULL, NULL, 'You are free to download, copy, translate or adapt this story and use the illustrations as long as you attribute in the following way:
Why the Library Was Built?
Author -
Kabubbu Remedial class
Illustration -
Marleen Visser, Magriet Brink, Karlien de Villiers, Marike le Roux, Jano Strydom, Rob Owen, Jesse Breytenbach and Catherine Groenewald
Language -
English
Level -
First sentences
© Kabubbu Pilot Site 2015
Creative Commons: Attribution 4.0
Source
www.africanstorybook.org', NULL);
INSERT INTO `card` (id, type, title, header, content, option) VALUES ('24473_16', 1, 'Draw lots of books and color it.', 'assets/topic/24473.svg', NULL, NULL);
INSERT INTO `cardExtra` (cardId, type, serial, content) VALUES ('24473_16', 2, 1, 'assets/topic/24473.svg');
INSERT INTO `card` (id, type, title, header, content, option) VALUES ('24473_17', 0, 'Not only childrens but also adults go to library.', NULL, NULL, 'oneAtATime');
INSERT INTO `cardExtra` (cardId, type, serial, content) VALUES ('24473_17', 1, 1, 'True.');
INSERT INTO `cardExtra` (cardId, type, serial, content) VALUES ('24473_17', 0, 1, 'False.');
INSERT INTO `card` (id, type, title, header, content, option) VALUES ('24473_20', 0, 'Where were the pictures painted in the library?', NULL, NULL, 'oneAtATime');
INSERT INTO `cardExtra` (cardId, type, serial, content) VALUES ('24473_20', 1, 1, 'Wall');
INSERT INTO `cardExtra` (cardId, type, serial, content) VALUES ('24473_20', 0, 1, 'chairs');
INSERT INTO `cardExtra` (cardId, type, serial, content) VALUES ('24473_20', 0, 2, 'Tables');
INSERT INTO `cardExtra` (cardId, type, serial, content) VALUES ('24473_20', 0, 3, 'Ceiling');
INSERT INTO `card` (id, type, title, header, content, option) VALUES ('24473_25', 0, 'If you go to library what do you like to read?', NULL, NULL, 'open');
INSERT INTO `cardExtra` (cardId, type, serial, content) VALUES ('24473_25', 0, 1, 'Story books');
INSERT INTO `cardExtra` (cardId, type, serial, content) VALUES ('24473_25', 0, 2, 'HIstory');
INSERT INTO `cardExtra` (cardId, type, serial, content) VALUES ('24473_25', 0, 3, 'Science');
INSERT INTO `cardExtra` (cardId, type, serial, content) VALUES ('24473_25', 0, 4, 'Culture');
INSERT INTO `card` (id, type, title, header, content, option) VALUES ('21999', 2, 'Day I left home for the city', 'assets/topic/asb/15008.png', 'Lesley Koyi
Brian Wambi', 'FF9DEDE3');
INSERT INTO `card` (id, type, title, header, content, option) VALUES ('21999_3', 3, NULL, 'assets/topic/asb/14993.png', 'The small bus stop in my village was busy with people and overloaded buses. On the ground were even more things to load. Touts were shouting the names where the buses were going.', NULL);
INSERT INTO `card` (id, type, title, header, content, option) VALUES ('21999_4', 3, NULL, 'assets/topic/asb/14994.png', '"City! City! Going west!" I heard a tout shouting. That was the bus I needed to catch.', NULL);
INSERT INTO `card` (id, type, title, header, content, option) VALUES ('21999_5', 3, NULL, 'assets/topic/asb/14995.png', 'The city bus was almost full,  but more people were still pushing to get on. Some packed their luggage under the bus. Others put their things on the racks inside.', NULL);
INSERT INTO `card` (id, type, title, header, content, option) VALUES ('21999_6', 3, NULL, 'assets/topic/asb/14997.png', 'New passengers clutched their tickets as they looked for somewhere to sit in the crowded bus. Women with young children made them comfortable for the long journey.', NULL);
INSERT INTO `card` (id, type, title, header, content, option) VALUES ('21999_7', 3, NULL, 'assets/topic/asb/14996.png', 'I squeezed in next to a window. The person sitting next to me was holding tightly to a green plastic bag. He wore old sandals,  a worn out coat,  and he looked nervous.', NULL);
INSERT INTO `card` (id, type, title, header, content, option) VALUES ('21999_8', 3, NULL, 'assets/topic/asb/14998.png', 'I looked outside the bus and realised that I was leaving my village,  the place where I had grown up. I was going to the big city.', NULL);
INSERT INTO `card` (id, type, title, header, content, option) VALUES ('21999_9', 3, NULL, 'assets/topic/asb/14999.png', 'The loading was completed and all passengers were seated. Hawkers still pushed their way into the bus to sell their goods to the passengers. Each one was shouting the names of what was available for sale. The words sounded funny to me.', NULL);
INSERT INTO `card` (id, type, title, header, content, option) VALUES ('21999_10', 3, NULL, 'assets/topic/asb/15000.png', 'A few passengers bought drinks,  others bought small snacks and began to chew. Those who did not have any money,  like me,  just watched.', NULL);
INSERT INTO `card` (id, type, title, header, content, option) VALUES ('21999_11', 3, NULL, 'assets/topic/asb/15001.png', 'These activities were interrupted by the hooting of the bus,  a sign that we were ready to leave. The tout yelled at the hawkers to get out.', NULL);
INSERT INTO `card` (id, type, title, header, content, option) VALUES ('21999_12', 3, NULL, 'assets/topic/asb/15002.png', 'The hawkers pushed each other to make their way out of the bus. Some gave back change to the travelers. Others made last minute attempts to sell more.', NULL);
INSERT INTO `card` (id, type, title, header, content, option) VALUES ('21999_13', 3, NULL, 'assets/topic/asb/15003.png', 'As the bus left the bus stop,  I stared out of the window. I wondered if I would ever go back to my village again.', NULL);
INSERT INTO `card` (id, type, title, header, content, option) VALUES ('21999_14', 3, NULL, 'assets/topic/asb/15004.png', 'As the journey progressed,  the inside of the bus got very hot. I closed my eyes,  hoping to sleep.', NULL);
INSERT INTO `card` (id, type, title, header, content, option) VALUES ('21999_15', 3, NULL, 'assets/topic/asb/15005.png', 'But my mind drifted back home. Will my mother be safe? Will my rabbits fetch any money? Will my brother remember to water my tree seedlings?', NULL);
INSERT INTO `card` (id, type, title, header, content, option) VALUES ('21999_16', 3, NULL, 'assets/topic/asb/15006.png', 'On the way,  I memorised the name of the place where my uncle lived in the big city. I was still mumbling it when I fell asleep.', NULL);
INSERT INTO `card` (id, type, title, header, content, option) VALUES ('21999_17', 3, NULL, 'assets/topic/asb/15007.png', 'Nine hours later,  I woke up with loud banging and calling for passengers going back to my village. I grabbed my small bag and jumped out of the bus.', NULL);
INSERT INTO `card` (id, type, title, header, content, option) VALUES ('21999_18', 3, NULL, 'assets/topic/asb/15008.png', 'The return bus was filling up quickly. Soon it would make its way back east.  The most important thing for me now,  was to start looking for my uncle''s house.', NULL);
INSERT INTO `card` (id, type, title, header, content, option) VALUES ('21999_19', 3, NULL, NULL, 'You are free to download, copy, translate or adapt this story and use the illustrations as long as you attribute in the following way:
Day I left home for the city
Author -
Lesley Koyi and Ursula Nafula
Illustration -
Brian Wambi
Language -
English
Level -
First paragraphs
© African Storybook Initiative 2015
Creative Commons: Attribution 4.0
Source
www.africanstorybook.org', NULL);
INSERT INTO `card` (id, type, title, header, content, option) VALUES ('21999_20', 1, 'Paint bus.', 'assets/topic/21999.svg', NULL, NULL);
INSERT INTO `cardExtra` (cardId, type, serial, content) VALUES ('21999_20', 2, 1, 'assets/topic/21999.svg');
INSERT INTO `card` (id, type, title, header, content, option) VALUES ('21999_21', 0, 'Where did the passengers keep their things?', NULL, NULL, 'oneAtATime');
INSERT INTO `cardExtra` (cardId, type, serial, content) VALUES ('21999_21', 1, 1, 'Rack');
INSERT INTO `cardExtra` (cardId, type, serial, content) VALUES ('21999_21', 0, 1, 'Rock');
INSERT INTO `cardExtra` (cardId, type, serial, content) VALUES ('21999_21', 0, 2, 'Seat');
INSERT INTO `cardExtra` (cardId, type, serial, content) VALUES ('21999_21', 0, 3, 'Belt');
INSERT INTO `card` (id, type, title, header, content, option) VALUES ('21999_26', 0, 'People carried different items in the bus.', NULL, NULL, 'oneAtATime');
INSERT INTO `cardExtra` (cardId, type, serial, content) VALUES ('21999_26', 1, 1, 'True.');
INSERT INTO `cardExtra` (cardId, type, serial, content) VALUES ('21999_26', 0, 1, 'False.');
INSERT INTO `card` (id, type, title, header, content, option) VALUES ('21999_29', 0, 'What will you do when you get in to bus?', NULL, NULL, 'open');
INSERT INTO `cardExtra` (cardId, type, serial, content) VALUES ('21999_29', 0, 1, 'Sleep');
INSERT INTO `cardExtra` (cardId, type, serial, content) VALUES ('21999_29', 0, 2, 'Sit next to window');
INSERT INTO `cardExtra` (cardId, type, serial, content) VALUES ('21999_29', 0, 3, 'Eat snacks');
INSERT INTO `cardExtra` (cardId, type, serial, content) VALUES ('21999_29', 0, 4, 'Talk to others');
INSERT INTO `card` (id, type, title, header, content, option) VALUES ('22080', 2, 'Lerato, Thabo and Cow', 'assets/topic/asb/9373.png', 'Khothatso Ranoosi and Marion Drew
 Marion Drew', 'FF9DEDE3');
INSERT INTO `card` (id, type, title, header, content, option) VALUES ('22080_3', 3, NULL, 'assets/topic/asb/9371.png', 'Once upon a time in a village there lived a boy named Thabo.', NULL);
INSERT INTO `card` (id, type, title, header, content, option) VALUES ('22080_4', 3, NULL, 'assets/topic/asb/9370.png', 'Thabo was friends with a girl called Lerato. They were neighbours.', NULL);
INSERT INTO `card` (id, type, title, header, content, option) VALUES ('22080_5', 3, NULL, 'assets/topic/asb/9374.png', 'One day they went to get water.', NULL);
INSERT INTO `card` (id, type, title, header, content, option) VALUES ('22080_6', 3, NULL, 'assets/topic/asb/9373.png', 'When they were near to the spring,  they saw a cow lying there. They sat down and talked about how they could play with it.', NULL);
INSERT INTO `card` (id, type, title, header, content, option) VALUES ('22080_7', 3, NULL, 'assets/topic/asb/9378.png', 'Then Thabo started to imitate the cow. "Muuu,  muuu,  muuuuuuu!" he said in a clear,  loud voice.', NULL);
INSERT INTO `card` (id, type, title, header, content, option) VALUES ('22080_8', 3, NULL, 'assets/topic/asb/9376.png', 'Until the cow turned to look at them. Suddenly Lerato got a fright. Thabo realised that she was scared.', NULL);
INSERT INTO `card` (id, type, title, header, content, option) VALUES ('22080_9', 3, NULL, 'assets/topic/asb/9380.png', 'Thabo said,  "Let''s go to this cow and hit it. It will run away and then we can get water." "Thabo,  I''m afraid!" said Lerato trembling.', NULL);
INSERT INTO `card` (id, type, title, header, content, option) VALUES ('22080_10', 3, NULL, 'assets/topic/asb/9381.png', 'Thabo went first. Lerato went slowly. They tried to hit the cow,  but it didn''t move.', NULL);
INSERT INTO `card` (id, type, title, header, content, option) VALUES ('22080_11', 3, NULL, 'assets/topic/asb/9385.png', 'Thabo said,  "Lerato,  you can stay here. I will fetch the water." Lerato agreed.', NULL);
INSERT INTO `card` (id, type, title, header, content, option) VALUES ('22080_12', 3, NULL, 'assets/topic/asb/9384.png', 'Thabo scooped the water into the first bucket.', NULL);
INSERT INTO `card` (id, type, title, header, content, option) VALUES ('22080_13', 3, NULL, NULL, 'While he was scooping the water into the other bucket the cow stood up. She picked up Thabo with one horn,  and threw him onto her neck.', NULL);
INSERT INTO `card` (id, type, title, header, content, option) VALUES ('22080_14', 3, NULL, 'assets/topic/asb/9387.png', 'Thabo shouted,  "Joo,  jooo,  jooooo!" Lerato burst out laughing,  she could not stop.', NULL);
INSERT INTO `card` (id, type, title, header, content, option) VALUES ('22080_15', 3, NULL, 'assets/topic/asb/9388.png', 'The cow said,  "Mmuuu,  mmuuu,  muuuuuuuuuuu!"', NULL);
INSERT INTO `card` (id, type, title, header, content, option) VALUES ('22080_16', 3, NULL, 'assets/topic/asb/9389.png', 'When at last Lerato stopped laughing,  she ran home as quickly as she could. When she arrived,  she found Ma Mathabo sweeping outside.', NULL);
INSERT INTO `card` (id, type, title, header, content, option) VALUES ('22080_17', 3, NULL, 'assets/topic/asb/9390.png', 'She said,  "Ma Ma Ma,  the co co cow has taken Thabo!" Lerato was panting.', NULL);
INSERT INTO `card` (id, type, title, header, content, option) VALUES ('22080_18', 3, NULL, 'assets/topic/asb/9391.png', 'Ma Mathabo dropped her broom and ran. What do you think happened next?', NULL);
INSERT INTO `card` (id, type, title, header, content, option) VALUES ('22080_19', 3, NULL, NULL, 'You are free to download, copy, translate or adapt this story and use the illustrations as long as you attribute in the following way:
Lerato, Thabo and Cow
Author -
Matlotlisang Tenane
Translation -
Khothatso Ranoosi and Marion Drew
Illustration -
Marion Drew
Language -
English
Level -
First paragraphs
© African Storybook Initiative 2014
Creative Commons: Attribution 4.0
Source
www.africanstorybook.org
Original source
http://paleng.weebly.com/,', NULL);
INSERT INTO `card` (id, type, title, header, content, option) VALUES ('22080_20', 1, 'Paint cow and decorate it.', 'assets/topic/22080.svg', NULL, NULL);
INSERT INTO `cardExtra` (cardId, type, serial, content) VALUES ('22080_20', 2, 1, 'assets/topic/22080.svg');
INSERT INTO `card` (id, type, title, header, content, option) VALUES ('22080_21', 0, 'Which animal was sleeping near to the spring?', NULL, NULL, 'oneAtATime');
INSERT INTO `cardExtra` (cardId, type, serial, content) VALUES ('22080_21', 1, 1, 'Cow');
INSERT INTO `cardExtra` (cardId, type, serial, content) VALUES ('22080_21', 0, 1, 'Monkey');
INSERT INTO `cardExtra` (cardId, type, serial, content) VALUES ('22080_21', 0, 2, 'Donkey');
INSERT INTO `cardExtra` (cardId, type, serial, content) VALUES ('22080_21', 0, 3, 'Lion');
INSERT INTO `card` (id, type, title, header, content, option) VALUES ('22080_26', 0, 'Cow did not move though they tried hiting it.', NULL, NULL, 'oneAtATime');
INSERT INTO `cardExtra` (cardId, type, serial, content) VALUES ('22080_26', 1, 1, 'True.');
INSERT INTO `cardExtra` (cardId, type, serial, content) VALUES ('22080_26', 0, 1, 'False.');
INSERT INTO `card` (id, type, title, header, content, option) VALUES ('22080_29', 0, 'Cow was kind and did not attack Thabo', NULL, NULL, 'oneAtATime');
INSERT INTO `cardExtra` (cardId, type, serial, content) VALUES ('22080_29', 1, 1, 'False.');
INSERT INTO `cardExtra` (cardId, type, serial, content) VALUES ('22080_29', 0, 1, 'True.');
INSERT INTO `card` (id, type, title, header, content, option) VALUES ('22080_32', 0, 'What will you do if you see cow sitting near to water?', NULL, NULL, 'oneAtATime');
INSERT INTO `cardExtra` (cardId, type, serial, content) VALUES ('22080_32', 0, 1, 'Avoid going near to it.');
INSERT INTO `cardExtra` (cardId, type, serial, content) VALUES ('22080_32', 0, 2, 'Take another path.');
INSERT INTO `cardExtra` (cardId, type, serial, content) VALUES ('22080_32', 0, 3, 'Try to scare it.');
INSERT INTO `cardExtra` (cardId, type, serial, content) VALUES ('22080_32', 0, 4, 'Feed something to it.');
INSERT INTO `card` (id, type, title, header, content, option) VALUES ('12670', 2, 'Holidays with grandmother', 'assets/topic/asb/11661.png', 'Violet Otieno
Catherine Groenewald', 'FFB3C8FF');
INSERT INTO `card` (id, type, title, header, content, option) VALUES ('12670_3', 3, NULL, 'assets/topic/asb/11657.png', 'Odongo and Apiyo lived in the city with their father. They looked forward to the holidays. Not only because school was closed, but because they went to visit their grandmother. She lived in a fishing village near a large lake.', NULL);
INSERT INTO `card` (id, type, title, header, content, option) VALUES ('12670_4', 3, NULL, 'assets/topic/asb/11658.png', 'Odongo and Apiyo were excited because it was time to visit their grandmother again. They packed their bags and got ready for their long journey the next day. They could not sleep and talked about the holiday the whole night.', NULL);
INSERT INTO `card` (id, type, title, header, content, option) VALUES ('12670_5', 3, NULL, 'assets/topic/asb/11659.png', 'Early the next morning, they left for the village in their father''s car. They drove past mountains, wild animals, and tea plantations. They counted cars and sang songs.', NULL);
INSERT INTO `card` (id, type, title, header, content, option) VALUES ('12670_6', 3, NULL, 'assets/topic/asb/11660.png', 'After a while, the children were tired and fell asleep.', NULL);
INSERT INTO `card` (id, type, title, header, content, option) VALUES ('12670_7', 3, NULL, 'assets/topic/asb/11661.png', 'Father woke up Odongo and Apiyo as they arrived in the village. They found Nyar-Kanyada, their grandmother, resting on a mat under a tree. In thier language, Nyar-Kanyada means "daughter of the people of Kanyada." She was a strong and beautiful woman.', NULL);
INSERT INTO `card` (id, type, title, header, content, option) VALUES ('12670_8', 3, NULL, 'assets/topic/asb/11662.png', 'Nyar-Kanyada welcomed them into the house. She danced around the room singing with joy. Her grandchildren were excited to give her the presents they brought from the city. "First open my gift," said Odongo. "No, my gift first!" said Apiyo.', NULL);
INSERT INTO `card` (id, type, title, header, content, option) VALUES ('12670_9', 3, NULL, 'assets/topic/asb/11663.png', 'After she opened the presents, Nyar-Kanyada blessed her grandchildren in a traditional way.', NULL);
INSERT INTO `card` (id, type, title, header, content, option) VALUES ('12670_10', 3, NULL, 'assets/topic/asb/11664.png', 'Then Odongo and Apiyo went outside. They chased butterflies and birds.', NULL);
INSERT INTO `card` (id, type, title, header, content, option) VALUES ('12670_11', 3, NULL, 'assets/topic/asb/11665.png', 'They climbed trees and splashed in the water of the lake.', NULL);
INSERT INTO `card` (id, type, title, header, content, option) VALUES ('12670_12', 3, NULL, 'assets/topic/asb/11666.png', 'When it was dark they returned to the house for dinner. Before they could finish eating, they were falling asleep!', NULL);
INSERT INTO `card` (id, type, title, header, content, option) VALUES ('12670_13', 3, NULL, 'assets/topic/asb/11667.png', 'The next day, the children''s father drove back to the city leaving them with Nyar-Kanyada.', NULL);
INSERT INTO `card` (id, type, title, header, content, option) VALUES ('12670_14', 3, NULL, 'assets/topic/asb/11668.png', 'Odongo and Apiyo helped their grandmother with household chores. They fetched water and firewood. They collected eggs from the chickens and picked vegetables from the garden.', NULL);
INSERT INTO `card` (id, type, title, header, content, option) VALUES ('12670_15', 3, NULL, 'assets/topic/asb/11669.png', 'Nyar-Kanyada taught her grandchildren to make soft ugali to eat with stew. She showed them how to make coconut rice to eat with roast fish.', NULL);
INSERT INTO `card` (id, type, title, header, content, option) VALUES ('12670_16', 3, NULL, 'assets/topic/asb/11670.png', 'One morning, Odongo took his grandmother''s cows to graze. They ran onto a neighbour''s farm. The farmer was angry with Odongo. He threatened to keep the cows for eating his crops. After that day, the boy made sure that the cows did not get into trouble again.', NULL);
INSERT INTO `card` (id, type, title, header, content, option) VALUES ('12670_17', 3, NULL, 'assets/topic/asb/11671.png', 'On another day, the children went to the market place with Nyar-Kanyada. She had a stall selling vegetables, sugar and soap. Apiyo liked to tell customers the price of items. Odongo would pack the items that customers bought.', NULL);
INSERT INTO `card` (id, type, title, header, content, option) VALUES ('12670_18', 3, NULL, 'assets/topic/asb/11672.png', 'At the end of the day they drank chai tea together. They helped grandmother to count the money she earned.', NULL);
INSERT INTO `card` (id, type, title, header, content, option) VALUES ('12670_19', 3, NULL, 'assets/topic/asb/11673.png', 'But too soon the holidays were over. The children had to go back to the city. Nyar-Kanyada gave Odongo a cap and Apiyo a sweater. She packed food for their journey.', NULL);
INSERT INTO `card` (id, type, title, header, content, option) VALUES ('12670_20', 3, NULL, 'assets/topic/asb/11674.png', 'When their father came to fetch them,  they did not want to leave. The children begged Nyar-Kanyada to go with them to the city. She smiled and said, "I am too old for the city. I will be waiting for you to visit me again."', NULL);
INSERT INTO `card` (id, type, title, header, content, option) VALUES ('12670_21', 3, NULL, 'assets/topic/asb/11675.png', 'Odongo and Apiyo both hugged her tightly, and said goodbye.', NULL);
INSERT INTO `card` (id, type, title, header, content, option) VALUES ('12670_22', 3, NULL, 'assets/topic/asb/11676.png', 'When Odongo and Apiyo went back to school they told their friends about life in the village.   Some children felt that life in the city was good. Others felt that the village was better. But most of all, everyone agreed that Odongo and Apiyo had a wonderful grandmother!', NULL);
INSERT INTO `card` (id, type, title, header, content, option) VALUES ('12670_23', 3, NULL, NULL, 'You are free to download, copy, translate or adapt this story and use the illustrations as long as you attribute in the following way:
Holidays with grandmother
Author -
Violet Otieno
Illustration -
Catherine Groenewald
Language -
English
Level -
First paragraphs
© African Storybook Initiative 2015
Creative Commons: Attribution 4.0
Source
www.africanstorybook.org', NULL);
INSERT INTO `card` (id, type, title, header, content, option) VALUES ('12670_24', 1, 'Paint grand mother on a chair.', 'assets/topic/12670.svg', NULL, NULL);
INSERT INTO `cardExtra` (cardId, type, serial, content) VALUES ('12670_24', 2, 1, 'assets/topic/12670.svg');
INSERT INTO `card` (id, type, title, header, content, option) VALUES ('12670_25', 0, 'Odongo and Apiyo were excited to visit their grandmother.', NULL, NULL, 'oneAtATime');
INSERT INTO `cardExtra` (cardId, type, serial, content) VALUES ('12670_25', 1, 1, 'True.');
INSERT INTO `cardExtra` (cardId, type, serial, content) VALUES ('12670_25', 0, 1, 'False.');
INSERT INTO `card` (id, type, title, header, content, option) VALUES ('12670_28', 0, 'Odongo and Apiyo bought present for their grandmother.', NULL, NULL, 'oneAtATime');
INSERT INTO `cardExtra` (cardId, type, serial, content) VALUES ('12670_28', 1, 1, 'True.');
INSERT INTO `cardExtra` (cardId, type, serial, content) VALUES ('12670_28', 0, 1, 'False.');
INSERT INTO `card` (id, type, title, header, content, option) VALUES ('12670_31', 0, 'Nyar-Kanyada gave Odongo a cap and Apiyo a sweater.', NULL, NULL, 'oneAtATime');
INSERT INTO `cardExtra` (cardId, type, serial, content) VALUES ('12670_31', 1, 1, 'True.');
INSERT INTO `cardExtra` (cardId, type, serial, content) VALUES ('12670_31', 0, 1, 'False.');
INSERT INTO `card` (id, type, title, header, content, option) VALUES ('12670_34', 0, 'What gift do you like to give your grandmother?', NULL, NULL, 'open');
INSERT INTO `cardExtra` (cardId, type, serial, content) VALUES ('12670_34', 0, 1, 'Sweet box');
INSERT INTO `cardExtra` (cardId, type, serial, content) VALUES ('12670_34', 0, 2, 'Sweater');
INSERT INTO `cardExtra` (cardId, type, serial, content) VALUES ('12670_34', 0, 3, 'Glasses');
INSERT INTO `cardExtra` (cardId, type, serial, content) VALUES ('12670_34', 0, 4, 'Umbrella');
INSERT INTO `card` (id, type, title, header, content, option) VALUES ('19586', 2, 'Cunning Madola', 'assets/topic/asb/19552.png', 'Mariam Yusuf', 'FFCFB5DD');
INSERT INTO `card` (id, type, title, header, content, option) VALUES ('19586_3', 3, NULL, 'assets/topic/asb/19543.png', 'There was a rich cunning man called Madola. He hired people who worked hard but he did not pay them their wages.', NULL);
INSERT INTO `card` (id, type, title, header, content, option) VALUES ('19586_4', 3, NULL, 'assets/topic/asb/19544.png', 'Dande was 11 years old. He went to Madola for work so he could buy medicine for his grandmother. Madola hired Dande to graze his animals.', NULL);
INSERT INTO `card` (id, type, title, header, content, option) VALUES ('19586_5', 3, NULL, 'assets/topic/asb/19545.png', 'At the end of the month,  Dande went for his pay. The cunning Madola said,  "Go home and come back tomorrow for your pay."', NULL);
INSERT INTO `card` (id, type, title, header, content, option) VALUES ('19586_6', 3, NULL, 'assets/topic/asb/19546.png', 'Dande arrived early at Madola''s home expecting to be paid. Madola said,  "Why! Are you a student? Why so early? Is this a school?"', NULL);
INSERT INTO `card` (id, type, title, header, content, option) VALUES ('19586_7', 3, NULL, 'assets/topic/asb/19547.png', 'Madola took Dande away from other workers. He said,  "I will pay you only if you bring me a gourd of honey."', NULL);
INSERT INTO `card` (id, type, title, header, content, option) VALUES ('19586_8', 3, NULL, 'assets/topic/asb/19548.png', 'Dande thought,  "I need the money for grandmother''s medicine." He ran to the forest and placed two gourds beneath a bee-hive to fill up.', NULL);
INSERT INTO `card` (id, type, title, header, content, option) VALUES ('19586_9', 3, NULL, 'assets/topic/asb/19549.png', 'While Dande wondered how to punish Madola,  a small black poisonous snake entered one of the gourds unnoticed. Afterwards,  Dande sealed the gourds and left.', NULL);
INSERT INTO `card` (id, type, title, header, content, option) VALUES ('19586_10', 3, NULL, 'assets/topic/asb/19550.png', 'Dande gave Madola one gourd expecting his pay. After tasting,  Madola said,  "Bring me another gourd and I will pay you." Dande ran for it.', NULL);
INSERT INTO `card` (id, type, title, header, content, option) VALUES ('19586_11', 3, NULL, 'assets/topic/asb/19551.png', 'Dande brought the second gourd. He gave it to Madola saying,  "Here is another gourd of sweet honey like the last one. Pay me now."', NULL);
INSERT INTO `card` (id, type, title, header, content, option) VALUES ('19586_12', 3, NULL, 'assets/topic/asb/19552.png', 'Madola took the gourd but said in a cunning way,  "There is no pay today. Wait for the end of the year." Dande was angry.', NULL);
INSERT INTO `card` (id, type, title, header, content, option) VALUES ('19586_13', 3, NULL, 'assets/topic/asb/19553.png', 'Madola wanted to eat the honey. He put his finger in the gourd and was bitten. He cried,  "I''m bitten! Help!" The snake disappeared unnoticed.', NULL);
INSERT INTO `card` (id, type, title, header, content, option) VALUES ('19586_14', 3, NULL, 'assets/topic/asb/19554.png', 'All the workers ran away not knowing what had happened to their employer. A short while later,  an ambulance arrived to take Madola to hospital.', NULL);
INSERT INTO `card` (id, type, title, header, content, option) VALUES ('19586_15', 3, NULL, NULL, 'You are free to download, copy, translate or adapt this story and use the illustrations as long as you attribute in the following way:
Cunning Madola
Author -
Mariam Yusuf
Illustration -
Language -
English
Level -
First sentences
© African Storybook Initiative 2017
Creative Commons: Attribution 4.0
Source
www.africanstorybook.org', NULL);
INSERT INTO `card` (id, type, title, header, content, option) VALUES ('19586_16', 1, 'Decorate cunning  rich and paint him.', 'assets/topic/19586.svg', NULL, NULL);
INSERT INTO `cardExtra` (cardId, type, serial, content) VALUES ('19586_16', 2, 1, 'assets/topic/19586.svg');
INSERT INTO `card` (id, type, title, header, content, option) VALUES ('19586_17', 0, 'What is the name of rich cunning man?', NULL, NULL, 'oneAtATime');
INSERT INTO `cardExtra` (cardId, type, serial, content) VALUES ('19586_17', 1, 1, 'Madola');
INSERT INTO `cardExtra` (cardId, type, serial, content) VALUES ('19586_17', 0, 1, 'Badola');
INSERT INTO `cardExtra` (cardId, type, serial, content) VALUES ('19586_17', 0, 2, 'Cadola');
INSERT INTO `cardExtra` (cardId, type, serial, content) VALUES ('19586_17', 0, 3, 'Doladola');
INSERT INTO `card` (id, type, title, header, content, option) VALUES ('19586_22', 0, 'What did Dande wanted to buy for his grandmother?', NULL, NULL, 'oneAtATime');
INSERT INTO `cardExtra` (cardId, type, serial, content) VALUES ('19586_22', 1, 1, 'Medicine');
INSERT INTO `cardExtra` (cardId, type, serial, content) VALUES ('19586_22', 0, 1, 'Cap');
INSERT INTO `cardExtra` (cardId, type, serial, content) VALUES ('19586_22', 0, 2, 'Sweet');
INSERT INTO `cardExtra` (cardId, type, serial, content) VALUES ('19586_22', 0, 3, 'Fruit');
INSERT INTO `card` (id, type, title, header, content, option) VALUES ('19586_27', 0, 'Madola was very kind and he paid Dande.', NULL, NULL, 'oneAtATime');
INSERT INTO `cardExtra` (cardId, type, serial, content) VALUES ('19586_27', 1, 1, 'False.');
INSERT INTO `cardExtra` (cardId, type, serial, content) VALUES ('19586_27', 0, 1, 'True.');
INSERT INTO `card` (id, type, title, header, content, option) VALUES ('19586_30', 0, 'What will you do if Madola does not pay you?', NULL, NULL, 'open');
INSERT INTO `cardExtra` (cardId, type, serial, content) VALUES ('19586_30', 0, 1, 'Convince him about my problem.');
INSERT INTO `cardExtra` (cardId, type, serial, content) VALUES ('19586_30', 0, 2, 'Inform elders.');
INSERT INTO `cardExtra` (cardId, type, serial, content) VALUES ('19586_30', 0, 3, 'Complain to police.');
INSERT INTO `cardExtra` (cardId, type, serial, content) VALUES ('19586_30', 0, 4, 'Teach a lesson.');
INSERT INTO `card` (id, type, title, header, content, option) VALUES ('21075', 2, 'Magezi and the finger of millet', 'assets/topic/asb/15478.png', 'Cornelius Wambi Gulere
Brian Wambi', 'FF9DEDE3');
INSERT INTO `card` (id, type, title, header, content, option) VALUES ('21075_3', 3, NULL, 'assets/topic/asb/15471.png', 'Long ago,  there were two animals that were good friends. One was called Magezi Mataala Manene,  the other was called Kasiru Kasiira Katono. They used to live by sharing. Their friendship was so deep that they could share one white ant.', NULL);
INSERT INTO `card` (id, type, title, header, content, option) VALUES ('21075_4', 3, NULL, 'assets/topic/asb/15472.png', 'One day,  Magezi Matala Manene made a suggestion."Why don''t we dig together as we eat together?" he asked. Kasiru Kasiira Katono replied,  "Good idea. We should also store our food together." They both agreed to this.', NULL);
INSERT INTO `card` (id, type, title, header, content, option) VALUES ('21075_5', 3, NULL, 'assets/topic/asb/15473.png', 'Magezi Mataala Manene asked his friend,  "Ee! Who will start the digging? Why don''t you dig,  and I will come to sow?" "Yes," replied Kasiru Kasiira Katono,  and she dug a big garden. Then she told her friend,  "Magezi Mataala Manene,  I have finished digging. Come and sow millet."', NULL);
INSERT INTO `card` (id, type, title, header, content, option) VALUES ('21075_6', 3, NULL, 'assets/topic/asb/15474.png', 'Magezi Mataala Manene said,  "You go on with the sowing,  I will come and weed." So Kasiru Kasiira Katono went on with the sowing. When she finished she told her friend,  "Grass has started to grow. Go and weed." But Magezi Mataala Manene replied,  "No,  you go on with weeding. I will harvest."', NULL);
INSERT INTO `card` (id, type, title, header, content, option) VALUES ('21075_7', 3, NULL, 'assets/topic/asb/15475.png', 'Kasiru Kasiira Katono went on with the weeding until the millet was ripe. At harvesting time she went to her friend and said,  "Magezi Mataala Manene,  I cultivated,  and sowed,  and weeded. Now come and harvest the millet."', NULL);
INSERT INTO `card` (id, type, title, header, content, option) VALUES ('21075_8', 3, NULL, 'assets/topic/asb/15476.png', 'Magezi Mataala Manene replied,  "Not at all,  I have no time! You go on and harvest. I will put it in the granary." Kasiru Kasiira Katono accepted this. She harvested the millet and took it home. She called Magezi Mataala Manene and said,  "My friend,  I have finished harvesting. Come and take the millet to the granary."', NULL);
INSERT INTO `card` (id, type, title, header, content, option) VALUES ('21075_9', 3, NULL, 'assets/topic/asb/15477.png', 'Magezi Mataala Manene replied,  "I cannot lift all that millet. You put it in the granary. I will come during pounding." Kasiru Kasiira Katono said to her friend,  "It seems you are simply tricking me." Magezi Mataala Manene replied,  "No it''s not true! Give me just one millet finger and you take the rest. I will pay you back."', NULL);
INSERT INTO `card` (id, type, title, header, content, option) VALUES ('21075_10', 3, NULL, 'assets/topic/asb/15478.png', 'Kasiru Kasiira Katono was not mean. She gave Magezi Mataala Manene one finger of millet,  and they parted ways. Magezi Mataala Manene moved on,  moved on,  moved on! He found a hen scratching the soil and eating stones. He said,  "My in-law hen,  instead of eating soil,  have some of my millet."', NULL);
INSERT INTO `card` (id, type, title, header, content, option) VALUES ('21075_11', 3, NULL, 'assets/topic/asb/15479.png', 'Hen took the millet and ate. Magezi Mataala Manene looked and saw that the hen had eaten all the millet. He cried out,  "Wuwiii! You have eaten all my millet. The millet was not mine,  I borrowed it from Kasiru Kasiira Katono." Hen begged,  "Since it is time for laying,  I will lay one egg for you to take instead."', NULL);
INSERT INTO `card` (id, type, title, header, content, option) VALUES ('21075_12', 3, NULL, 'assets/topic/asb/15480.png', 'Magezi Mataala Manene got an egg from the hen. He moved on,  moved on,  moved on! He found some children shooting mangoes in a tree using stones. He told them,  "If you want those mangoes to fall,  you should use this egg to shoot them down." He gave them the egg. When they used it to shoot the mangoes,  it hit a branch and broke. The egg dripped down and the shell remained in the branches.', NULL);
INSERT INTO `card` (id, type, title, header, content, option) VALUES ('21075_13', 3, NULL, 'assets/topic/asb/15481.png', 'Magezi Mataala Manene cried out,  "Wuwiii! You have broken my egg! The hen gave me the egg,  but it was not mine. The egg was for the millet the hen ate. The millet was not mine. I borrowed the millet from Kasiru Kasiira Katono." The children whispered,  "Don''t shout like that. The owner of the mangoes will find us here. Instead of the egg take this mango."', NULL);
INSERT INTO `card` (id, type, title, header, content, option) VALUES ('21075_14', 3, NULL, 'assets/topic/asb/15482.png', 'Magezi Mataala Manene moved on,  moved on,  moved on! He came across a parrot eating an insect. "Have you ever seen such a mango as this?" he asked the parrot. When the parrot took the mango,  its sharp beak pierced the skin and the fruit burst open. Magezi Mataala Manene cried out,  "Wuuwiii! You have burst my mango! The children gave me the mango,  but it was not mine. The mango was for the egg the children broke. The hen gave me the egg,  but it was not mine. The egg was for the millet the hen ate. The millet was not mine. I borrowed the millet from Kasiru Kasiira Katono."', NULL);
INSERT INTO `card` (id, type, title, header, content, option) VALUES ('21075_15', 3, NULL, 'assets/topic/asb/15483.png', 'The parrot plucked out its most beautiful feather saying,  "Here,  take my feather instead of the mango." Magezi Mataala Manene took the feather and moved on,  moved on,  moved on. He came to a lake. When he was crossing,  the feather slipped out of his hand and into the lake. He could not get the feather back. So he filled his mouth with water and kept it in his cheeks until he reached dry land. There he found the charcoal burners with their fire.', NULL);
INSERT INTO `card` (id, type, title, header, content, option) VALUES ('21075_16', 3, NULL, 'assets/topic/asb/15484.png', 'He opened his mouth,  the water came out,  and splashed on to the fire. The fire went out. The charcoal burners were pleased. Magezi Mataala Manene cried out,  "Woweee! Your fire has taken my water. I got the water from the lake,  but it was not mine. The water was for the feather that the lake took. The feather was for the mango that the parrot burst. The mango was for the egg that the children broke. The egg was for the millet that the hen ate. The millet was not mine. I borrowed the millet from Kasiru Kasiira Katono."', NULL);
INSERT INTO `card` (id, type, title, header, content, option) VALUES ('21075_17', 3, NULL, 'assets/topic/asb/15485.png', 'The charcoal burners said,  "Here,  take this axe instead of the water." Magezi Matala Manene took the axe and moved on,  moved on,  moved on! He came across butchers slaughtering a bull. He told the butchers,  "Here is an axe for you to cut up the meat."', NULL);
INSERT INTO `card` (id, type, title, header, content, option) VALUES ('21075_18', 3, NULL, 'assets/topic/asb/15486.png', 'While the butchers were cutting the meat,  the axe broke. Magezi Mataala Manene cried out,  "Woweee! You have broken my axe. I got the axe from the charcoal burners,  but it was not mine. The axe was for the water that the fire took. The water was for the feather that the lake took. The feather was for the mango that the parrot burst. The mango was for the egg that the children broke. The egg was for the millet that the hen ate. The millet was not mine. I borrowed the millet from Kasiru Kasiira Katono."', NULL);
INSERT INTO `card` (id, type, title, header, content, option) VALUES ('21075_19', 3, NULL, 'assets/topic/asb/15487.png', 'The butchers said,  "Here,  take the head and tail of the bull instead." Magezi Mataala Manene moved on,  moved on,  moved on! Until he got to a muddy swamp. He put the head of the bull on the mud. He also placed the tail in the mud. It looked as if the bull was stuck in the mud.', NULL);
INSERT INTO `card` (id, type, title, header, content, option) VALUES ('21075_20', 3, NULL, 'assets/topic/asb/15488.png', 'Magezi Mataala Manene began to shout,  "Wu-lululu! Wu-lululu,  wulululu! The king''s bull has got stuck in the mud!" All the villagers came running. What concerns the king,  concerns everyone. A crowd soon gathered around the head and tail. They started asking,  "Now what do we do?"', NULL);
INSERT INTO `card` (id, type, title, header, content, option) VALUES ('21075_21', 3, NULL, 'assets/topic/asb/15489.png', 'Magezi Mataala Manene advised,  "Some of you pull the tail,  and some of you pull the head. We will pull the bull from the mud." The people took his advice. "Ready! One,  two,  three,  pull! Come out nowwwww!" they shouted. The villagers fell down over each other from the effort of pulling. Two were still holding the head. One held up the tail.', NULL);
INSERT INTO `card` (id, type, title, header, content, option) VALUES ('21075_22', 3, NULL, 'assets/topic/asb/15490.png', 'Magezi Mataala Manene cried out,  "Wo wee! You have pulled apart the king''s bull. Each one of you must give one bull for the king." Quickly,  the people went back to their homes. Quickly,  they returned with a bull each. And so Magezi Mataala Manene left with a herd of bulls to return to his friend Kasiru Kasiira Katono.', NULL);
INSERT INTO `card` (id, type, title, header, content, option) VALUES ('21075_23', 3, NULL, NULL, 'You are free to download, copy, translate or adapt this story and use the illustrations as long as you attribute in the following way:
Magezi and the finger of millet
Author -
Cornelius Gulere
Translation -
Cornelius Wambi Gulere
Illustration -
Brian Wambi
Language -
English
Level -
Read aloud
© Text: Uganda Community Libraries Association (Ugcla) Artwork: African Storybook Initiative 2015
Creative Commons: Attribution 4.0
Source
www.africanstorybook.org
Original source
http://ugcla.org', NULL);
INSERT INTO `card` (id, type, title, header, content, option) VALUES ('21075_24', 1, 'Paint chimpanzee and monkey.', 'assets/topic/21075.svg', NULL, NULL);
INSERT INTO `cardExtra` (cardId, type, serial, content) VALUES ('21075_24', 2, 1, 'assets/topic/21075.svg');
INSERT INTO `card` (id, type, title, header, content, option) VALUES ('21075_25', 0, 'They would share even one white ant with each other.', NULL, NULL, 'oneAtATime');
INSERT INTO `cardExtra` (cardId, type, serial, content) VALUES ('21075_25', 1, 1, 'True.');
INSERT INTO `cardExtra` (cardId, type, serial, content) VALUES ('21075_25', 0, 1, 'False.');
INSERT INTO `card` (id, type, title, header, content, option) VALUES ('21075_28', 0, 'Choose all the activities in order that Kasiru Kasiira Katono did.', NULL, NULL, 'many');
INSERT INTO `cardExtra` (cardId, type, serial, content) VALUES ('21075_28', 1, 1, 'Dig');
INSERT INTO `cardExtra` (cardId, type, serial, content) VALUES ('21075_28', 1, 2, 'Sow millet');
INSERT INTO `cardExtra` (cardId, type, serial, content) VALUES ('21075_28', 1, 3, 'Weed grass');
INSERT INTO `cardExtra` (cardId, type, serial, content) VALUES ('21075_28', 1, 4, 'Harvest millet');
INSERT INTO `cardExtra` (cardId, type, serial, content) VALUES ('21075_28', 1, 5, 'Granary');
INSERT INTO `card` (id, type, title, header, content, option) VALUES ('21075_34', 0, 'Each one of the people gave Magezi Mataala Manene a bull.', NULL, NULL, 'oneAtATime');
INSERT INTO `cardExtra` (cardId, type, serial, content) VALUES ('21075_34', 1, 1, 'True.');
INSERT INTO `cardExtra` (cardId, type, serial, content) VALUES ('21075_34', 0, 1, 'False.');
INSERT INTO `card` (id, type, title, header, content, option) VALUES ('21075_37', 0, 'What sort of person do you want to become?', NULL, NULL, 'open');
INSERT INTO `cardExtra` (cardId, type, serial, content) VALUES ('21075_37', 0, 1, 'Hard working');
INSERT INTO `cardExtra` (cardId, type, serial, content) VALUES ('21075_37', 0, 2, 'Sharing with friends');
INSERT INTO `cardExtra` (cardId, type, serial, content) VALUES ('21075_37', 0, 3, 'Lucky');
INSERT INTO `cardExtra` (cardId, type, serial, content) VALUES ('21075_37', 0, 4, 'Own a business');
INSERT INTO `card` (id, type, title, header, content, option) VALUES ('18330', 2, 'Magozwe', 'assets/topic/asb/12937.png', 'Lesley Koyi
Wiehan de Jager', 'FF9DEDE3');
INSERT INTO `card` (id, type, title, header, content, option) VALUES ('18330_3', 3, NULL, 'assets/topic/asb/12931.png', 'In the busy city,  far away from a caring life at home,  lived a group of homeless boys. They welcomed each day just as it came. On one morning,  the boys were packing their mats after sleeping on cold pavements. To chase away the cold they lit a fire. Among the group of boys was Magozwe. He was the youngest.', NULL);
INSERT INTO `card` (id, type, title, header, content, option) VALUES ('18330_4', 3, NULL, 'assets/topic/asb/12932.png', 'When Magozwe''s parents died,  he was only five years old. He went to live with his uncle. This man did not care about the child. He did not give Magozwe enough food. He made the boy do a lot of hard work.', NULL);
INSERT INTO `card` (id, type, title, header, content, option) VALUES ('18330_5', 3, NULL, 'assets/topic/asb/12933.png', 'If Magozwe complained or questioned,  his uncle beat him. When Magozwe asked if he could go to school,  his uncle beat him and said,  "You''re too stupid to learn anything." After three years of this treatment Magozwe ran away from his uncle. He started living on the street.', NULL);
INSERT INTO `card` (id, type, title, header, content, option) VALUES ('18330_6', 3, NULL, 'assets/topic/asb/12935.png', 'Street life was difficult and most of the boys struggled daily just to get food. Sometimes they were arrested,  sometimes they were beaten. When they were sick,  there was no one to help. The group depended on the little money they got from begging,  and from selling plastics and other recycling. Life was even more difficult because of fights with rival groups who wanted control of parts of the city.', NULL);
INSERT INTO `card` (id, type, title, header, content, option) VALUES ('18330_7', 3, NULL, 'assets/topic/asb/12936.png', 'One day while Magozwe was looking through the dustbins,  he found an old tattered storybook. He cleaned the dirt from it and put it in his sack. Every day after that he would take out the book and look at the pictures. He did not know how to read the words.', NULL);
INSERT INTO `card` (id, type, title, header, content, option) VALUES ('18330_8', 3, NULL, 'assets/topic/asb/12937.png', 'The pictures told the story of a boy who grew up to be a pilot. Magozwe would daydream of being a pilot. Sometimes,  he imagined that he was the boy in the story.', NULL);
INSERT INTO `card` (id, type, title, header, content, option) VALUES ('18330_9', 3, NULL, 'assets/topic/asb/12938.png', 'It was cold and Magozwe was standing on the road begging. A man walked up to him. "Hello,  I''m Thomas. I work near here,  at a place where you can get something to eat," said the man. He pointed to a yellow house with a blue roof. "I hope you will go there to get some food?" he asked. Magozwe looked at the man,  and then at the house. "Maybe," he said,  and walked away.', NULL);
INSERT INTO `card` (id, type, title, header, content, option) VALUES ('18330_10', 3, NULL, 'assets/topic/asb/12939.png', 'Over the months that followed,  the homeless boys got used to seeing Thomas around. He liked to talk to people,  especially people living on the streets. Thomas listened to the stories of people''s lives. He was serious and patient,  never rude or disrespectful. Some of the boys started going to the yellow and blue house to get food at midday.', NULL);
INSERT INTO `card` (id, type, title, header, content, option) VALUES ('18330_11', 3, NULL, 'assets/topic/asb/12940.png', 'Magozwe was sitting on the pavement looking at his picture book when Thomas sat down next to him. "What is the story about?" asked Thomas. "It''s about a boy who becomes a pilot," replied Magozwe. "What''s the boy''s name?" asked Thomas. "I don''t know,  I can''t read," said Magozwe quietly.', NULL);
INSERT INTO `card` (id, type, title, header, content, option) VALUES ('18330_12', 3, NULL, 'assets/topic/asb/12941.png', 'When they met,  Magozwe began to tell his own story to Thomas. It was the story of his uncle and why he ran away. Thomas didn''t talk a lot,  and he didn''t tell Magozwe what to do,  but he always listened carefully. Sometimes they would talk while they ate at the house with the blue roof.', NULL);
INSERT INTO `card` (id, type, title, header, content, option) VALUES ('18330_13', 3, NULL, 'assets/topic/asb/12942.png', 'Around Magozwe''s tenth birthday,  Thomas gave him a new storybook. It was a story about a village boy who grew up to be a famous soccer player. Thomas read that story to Magozwe many times,  until one day he said,  "I think it''s time you went to school and learned to read. What do you think?" Thomas explained that he knew of a place where children could stay,  and go to school.', NULL);
INSERT INTO `card` (id, type, title, header, content, option) VALUES ('18330_14', 3, NULL, 'assets/topic/asb/12943.png', 'Magozwe thought about this new place,  and about going to school. What if his uncle was right and he was too stupid to learn anything? What if they beat him at this new place? He was afraid. "Maybe it is better to stay living on the street," he thought.', NULL);
INSERT INTO `card` (id, type, title, header, content, option) VALUES ('18330_15', 3, NULL, 'assets/topic/asb/12944.png', 'He shared his fears with Thomas. Over time the man reassured the boy that life could be better at the new place.', NULL);
INSERT INTO `card` (id, type, title, header, content, option) VALUES ('18330_16', 3, NULL, 'assets/topic/asb/12945.png', 'And so Magozwe moved into a room in a house with a green roof. He shared the room with two other boys. Altogether there were ten children living at that house. Along with Auntie Cissy and her husband,  three dogs,  a cat,  and an old goat.', NULL);
INSERT INTO `card` (id, type, title, header, content, option) VALUES ('18330_17', 3, NULL, 'assets/topic/asb/12946.png', 'Magozwe started school and it was difficult. He had a lot to catch up. Sometimes he wanted to give up. But he thought about the pilot and the soccer player in the storybooks. Like them,  he did not give up.', NULL);
INSERT INTO `card` (id, type, title, header, content, option) VALUES ('18330_18', 3, NULL, 'assets/topic/asb/12947.png', 'Magozwe was sitting in the yard at the house with the green roof,  reading a storybook from school. Thomas came up and sat next to him. "What is the story about?" asked Thomas. "It''s about a boy who becomes a teacher," replied Magozwe. "What''s the boy''s name?" asked Thomas. "His name is Magozwe," said Magozwe with a smile.', NULL);
INSERT INTO `card` (id, type, title, header, content, option) VALUES ('18330_19', 3, NULL, NULL, 'You are free to download, copy, translate or adapt this story and use the illustrations as long as you attribute in the following way:
Magozwe
Author -
Lesley Koyi
Illustration -
Wiehan de Jager
Language -
English
Level -
Longer paragraphs
© African Storybook Initiative 2015
Creative Commons: Attribution 4.0
Source
www.africanstorybook.org', NULL);
INSERT INTO `card` (id, type, title, header, content, option) VALUES ('18330_20', 1, 'Make a camp fire and decorate it.', 'assets/topic/18330.svg', NULL, NULL);
INSERT INTO `cardExtra` (cardId, type, serial, content) VALUES ('18330_20', 2, 1, 'assets/topic/18330.svg');
INSERT INTO `card` (id, type, title, header, content, option) VALUES ('18330_21', 0, 'Who was youngest among group of boys?', NULL, NULL, 'oneAtATime');
INSERT INTO `cardExtra` (cardId, type, serial, content) VALUES ('18330_21', 1, 1, 'Magozwe');
INSERT INTO `cardExtra` (cardId, type, serial, content) VALUES ('18330_21', 0, 1, 'Maggie');
INSERT INTO `cardExtra` (cardId, type, serial, content) VALUES ('18330_21', 0, 2, 'Mago');
INSERT INTO `cardExtra` (cardId, type, serial, content) VALUES ('18330_21', 0, 3, 'Gozwe');
INSERT INTO `card` (id, type, title, header, content, option) VALUES ('18330_26', 0, 'Magozwe''s uncle was a kind person.', NULL, NULL, 'oneAtATime');
INSERT INTO `cardExtra` (cardId, type, serial, content) VALUES ('18330_26', 1, 1, 'True.');
INSERT INTO `cardExtra` (cardId, type, serial, content) VALUES ('18330_26', 0, 1, 'False.');
INSERT INTO `card` (id, type, title, header, content, option) VALUES ('18330_29', 0, 'One day Magozwe found a story book in dustbin.', NULL, NULL, 'oneAtATime');
INSERT INTO `cardExtra` (cardId, type, serial, content) VALUES ('18330_29', 1, 1, 'True.');
INSERT INTO `cardExtra` (cardId, type, serial, content) VALUES ('18330_29', 0, 1, 'False.');
INSERT INTO `card` (id, type, title, header, content, option) VALUES ('18330_32', 0, 'Thomas was kind and gave food to boys.', NULL, NULL, 'oneAtATime');
INSERT INTO `cardExtra` (cardId, type, serial, content) VALUES ('18330_32', 1, 1, 'True.');
INSERT INTO `cardExtra` (cardId, type, serial, content) VALUES ('18330_32', 0, 1, 'False.');
INSERT INTO `card` (id, type, title, header, content, option) VALUES ('18330_35', 0, 'How would you help homeless guys?', NULL, NULL, 'open');
INSERT INTO `cardExtra` (cardId, type, serial, content) VALUES ('18330_35', 0, 1, 'Provide food');
INSERT INTO `cardExtra` (cardId, type, serial, content) VALUES ('18330_35', 0, 2, 'Give alms');
INSERT INTO `cardExtra` (cardId, type, serial, content) VALUES ('18330_35', 0, 3, 'Be kind and listen to their story.');
INSERT INTO `cardExtra` (cardId, type, serial, content) VALUES ('18330_35', 0, 4, 'Show them an orphanage.');
INSERT INTO `card` (id, type, title, header, content, option) VALUES ('14412', 2, 'Maguru gives legs', 'assets/topic/asb/13910.png', 'Mutugi Kamundi
Wiehan de Jager', 'FFF4E1B5');
INSERT INTO `card` (id, type, title, header, content, option) VALUES ('14412_3', 3, NULL, 'assets/topic/asb/13904.png', 'Long time ago, animals had no legs.
They all used to crawl.', NULL);
INSERT INTO `card` (id, type, title, header, content, option) VALUES ('14412_4', 3, NULL, 'assets/topic/asb/13905.png', 'Only people had legs, which Maguru gave to them.', NULL);
INSERT INTO `card` (id, type, title, header, content, option) VALUES ('14412_5', 3, NULL, 'assets/topic/asb/13906.png', 'One day, Maguru decided to give legs to every animal. He wanted them to walk.
He told them about it.', NULL);
INSERT INTO `card` (id, type, title, header, content, option) VALUES ('14412_6', 3, NULL, 'assets/topic/asb/13907.png', 'The animals said, "It will be very nice to have legs."
They sang and danced.', NULL);
INSERT INTO `card` (id, type, title, header, content, option) VALUES ('14412_7', 3, NULL, 'assets/topic/asb/13908.png', 'The animals said it was hard to crawl.
They felt pain.', NULL);
INSERT INTO `card` (id, type, title, header, content, option) VALUES ('14412_8', 3, NULL, 'assets/topic/asb/13909.png', 'When the day came, many animals went to Maguru''s house.
Giraffes, lions, elephants, rabbits, crocodiles and birds stood in a line.', NULL);
INSERT INTO `card` (id, type, title, header, content, option) VALUES ('14412_9', 3, NULL, 'assets/topic/asb/13910.png', 'Each animal was given four legs.
Birds were given two legs each.', NULL);
INSERT INTO `card` (id, type, title, header, content, option) VALUES ('14412_10', 3, NULL, 'assets/topic/asb/13911.png', 'Everything was different after they got legs.
Some danced for joy. Others fell down.', NULL);
INSERT INTO `card` (id, type, title, header, content, option) VALUES ('14412_11', 3, NULL, 'assets/topic/asb/13912.png', 'They went to show people.
The animals said, "We will never crawl again."', NULL);
INSERT INTO `card` (id, type, title, header, content, option) VALUES ('14412_12', 3, NULL, 'assets/topic/asb/13913.png', 'The last one in the line was Millipede. Maguru asked,  "Is there anyone else after you?"
Millipede answered, "No, I am the last one."', NULL);
INSERT INTO `card` (id, type, title, header, content, option) VALUES ('14412_13', 3, NULL, 'assets/topic/asb/13914.png', 'Maguru thought, "He is the last one. What will I do with the rest of the legs?"
Maguru gave Millipede all the remaining legs.', NULL);
INSERT INTO `card` (id, type, title, header, content, option) VALUES ('14412_14', 3, NULL, 'assets/topic/asb/13915.png', 'Millipede was very happy. He said, "I will move faster than others."', NULL);
INSERT INTO `card` (id, type, title, header, content, option) VALUES ('14412_15', 3, NULL, 'assets/topic/asb/13916.png', 'After Millipede left, Snake came to Maguru''s house. He said to Maguru, "Please give me some legs."', NULL);
INSERT INTO `card` (id, type, title, header, content, option) VALUES ('14412_16', 3, NULL, 'assets/topic/asb/13917.png', 'Maguru said, "I have given out all the legs. Where were you?"
Snake answered, "I over-slept."', NULL);
INSERT INTO `card` (id, type, title, header, content, option) VALUES ('14412_17', 3, NULL, 'assets/topic/asb/13918.png', 'Maguru looked to see if there were legs remaining.
He did not find any.', NULL);
INSERT INTO `card` (id, type, title, header, content, option) VALUES ('14412_18', 3, NULL, 'assets/topic/asb/13919.png', 'Maguru said to Snake, "Sorry. There are no legs left." Snake crawled home without legs.
From that day, Snake does not sleep much. He is waiting to be first in line to get legs.', NULL);
INSERT INTO `card` (id, type, title, header, content, option) VALUES ('14412_19', 3, NULL, NULL, 'You are free to download, copy, translate or adapt this story and use the illustrations as long as you attribute in the following way:
Maguru gives legs
Author -
Mutugi Kamundi
Illustration -
Wiehan de Jager
Language -
English
Level -
First paragraphs
© African Storybook Initiative 2015
Creative Commons: Attribution 4.0
Source
www.africanstorybook.org', NULL);
INSERT INTO `card` (id, type, title, header, content, option) VALUES ('14412_20', 1, 'Paint millipede and decorate it.', 'assets/topic/14412.svg', NULL, NULL);
INSERT INTO `cardExtra` (cardId, type, serial, content) VALUES ('14412_20', 2, 1, 'assets/topic/14412.svg');
INSERT INTO `card` (id, type, title, header, content, option) VALUES ('14412_21', 0, 'Long long ago what did animals not have?', NULL, NULL, 'oneAtATime');
INSERT INTO `cardExtra` (cardId, type, serial, content) VALUES ('14412_21', 1, 1, 'Legs');
INSERT INTO `cardExtra` (cardId, type, serial, content) VALUES ('14412_21', 0, 1, 'Ears');
INSERT INTO `cardExtra` (cardId, type, serial, content) VALUES ('14412_21', 0, 2, 'Eyes');
INSERT INTO `cardExtra` (cardId, type, serial, content) VALUES ('14412_21', 0, 3, 'Tail');
INSERT INTO `card` (id, type, title, header, content, option) VALUES ('14412_26', 0, 'Millipede got many legs from Maguru.', NULL, NULL, 'oneAtATime');
INSERT INTO `cardExtra` (cardId, type, serial, content) VALUES ('14412_26', 1, 1, 'True.');
INSERT INTO `cardExtra` (cardId, type, serial, content) VALUES ('14412_26', 0, 1, 'False.');
INSERT INTO `card` (id, type, title, header, content, option) VALUES ('14412_29', 0, 'Snake did not get legs from maguru because of over sleeeping.', NULL, NULL, 'oneAtATime');
INSERT INTO `cardExtra` (cardId, type, serial, content) VALUES ('14412_29', 1, 1, 'True.');
INSERT INTO `cardExtra` (cardId, type, serial, content) VALUES ('14412_29', 0, 1, 'False.');
INSERT INTO `card` (id, type, title, header, content, option) VALUES ('14412_32', 0, 'What did you miss because of over sleeping?', NULL, NULL, 'open');
INSERT INTO `cardExtra` (cardId, type, serial, content) VALUES ('14412_32', 0, 1, 'Sweets');
INSERT INTO `cardExtra` (cardId, type, serial, content) VALUES ('14412_32', 0, 2, 'Studying');
INSERT INTO `cardExtra` (cardId, type, serial, content) VALUES ('14412_32', 0, 3, 'Fun with friends');
INSERT INTO `cardExtra` (cardId, type, serial, content) VALUES ('14412_32', 0, 4, 'Food');
INSERT INTO `card` (id, type, title, header, content, option) VALUES ('2405', 2, 'The sprouting bean', 'assets/topic/asb/1824.png', 'Clare Verbeek
Mlungisi Dlamini', 'FF9DEDE3');
INSERT INTO `card` (id, type, title, header, content, option) VALUES ('2405_3', 3, NULL, 'assets/topic/asb/1826.png', 'The root grows first.', NULL);
INSERT INTO `card` (id, type, title, header, content, option) VALUES ('2405_4', 3, NULL, 'assets/topic/asb/1827.png', 'It grows down into the soil.', NULL);
INSERT INTO `card` (id, type, title, header, content, option) VALUES ('2405_5', 3, NULL, 'assets/topic/asb/1828.png', 'Then the stem grows. It grows up towards the sun.', NULL);
INSERT INTO `card` (id, type, title, header, content, option) VALUES ('2405_6', 3, NULL, 'assets/topic/asb/1829.png', 'The first leaves come out.', NULL);
INSERT INTO `card` (id, type, title, header, content, option) VALUES ('2405_7', 3, NULL, 'assets/topic/asb/1824.png', 'The bean plant grows tall.', NULL);
INSERT INTO `card` (id, type, title, header, content, option) VALUES ('2405_8', 3, NULL, 'assets/topic/asb/1832.png', 'Then the flowers come out. The flowers turn into beans.', NULL);
INSERT INTO `card` (id, type, title, header, content, option) VALUES ('2405_9', 3, NULL, 'assets/topic/asb/1833.png', 'There are lots of seeds in the bean.', NULL);
INSERT INTO `card` (id, type, title, header, content, option) VALUES ('2405_10', 3, NULL, NULL, 'You are free to download, copy, translate or adapt this story and use the illustrations as long as you attribute in the following way:
The sprouting bean
Author -
Clare Verbeek, Thembani Dladla and Zanele Buthelezi
Illustration -
Mlungisi Dlamini
Language -
English
Level -
First words
© School of Education and Development (Centre for Adult Education), University of Kwazulu-Natal, 2007 2014
Creative Commons: Attribution-Non Commercial 3.0
Source
www.africanstorybook.org
Original source
http://cae.ukzn.ac.za/resources/seedbooks.aspx.', NULL);
INSERT INTO `card` (id, type, title, header, content, option) VALUES ('2405_11', 1, 'Draw a sprouting bean.', 'assets/topic/2405.svg', NULL, NULL);
INSERT INTO `cardExtra` (cardId, type, serial, content) VALUES ('2405_11', 2, 1, 'assets/topic/2405.svg');
INSERT INTO `card` (id, type, title, header, content, option) VALUES ('2405_12', 0, 'Root grows first from a bean moves downward.', NULL, NULL, 'oneAtATime');
INSERT INTO `cardExtra` (cardId, type, serial, content) VALUES ('2405_12', 1, 1, 'True.');
INSERT INTO `cardExtra` (cardId, type, serial, content) VALUES ('2405_12', 0, 1, 'False.');
INSERT INTO `card` (id, type, title, header, content, option) VALUES ('2405_15', 0, 'The stem grows up towards the sun.', NULL, NULL, 'oneAtATime');
INSERT INTO `cardExtra` (cardId, type, serial, content) VALUES ('2405_15', 1, 1, 'True.');
INSERT INTO `cardExtra` (cardId, type, serial, content) VALUES ('2405_15', 0, 1, 'False.');
INSERT INTO `card` (id, type, title, header, content, option) VALUES ('2405_18', 0, 'What do flowers turn in to?', NULL, NULL, 'oneAtATime');
INSERT INTO `cardExtra` (cardId, type, serial, content) VALUES ('2405_18', 1, 1, 'Beans');
INSERT INTO `cardExtra` (cardId, type, serial, content) VALUES ('2405_18', 0, 1, 'Plant');
INSERT INTO `cardExtra` (cardId, type, serial, content) VALUES ('2405_18', 0, 2, 'Stem');
INSERT INTO `cardExtra` (cardId, type, serial, content) VALUES ('2405_18', 0, 3, 'Root');
INSERT INTO `card` (id, type, title, header, content, option) VALUES ('2405_23', 0, 'What type of bean would you like to grow?', NULL, NULL, 'open');
INSERT INTO `cardExtra` (cardId, type, serial, content) VALUES ('2405_23', 0, 1, 'Green bean');
INSERT INTO `cardExtra` (cardId, type, serial, content) VALUES ('2405_23', 0, 2, 'Kidney bean');
INSERT INTO `cardExtra` (cardId, type, serial, content) VALUES ('2405_23', 0, 3, 'Pinto bean');
INSERT INTO `cardExtra` (cardId, type, serial, content) VALUES ('2405_23', 0, 4, 'Black beans');
INSERT INTO `card` (id, type, title, header, content, option) VALUES ('21126', 2, 'An egg for bride wealth', 'assets/topic/asb/6733.png', 'Cornelius Wambi Gulere
Wiehan de Jager', 'FFCFB5DD');
INSERT INTO `card` (id, type, title, header, content, option) VALUES ('21126_3', 3, NULL, 'assets/topic/asb/6733.png', 'Once upon a time,  there was an old woman who loved her grandson very much. She gave him an egg as a gift. She said,  "From this egg you will get bride wealth for your marriage when you are of age."  And the boy went on his way.', NULL);
INSERT INTO `card` (id, type, title, header, content, option) VALUES ('21126_4', 3, NULL, 'assets/topic/asb/6732.png', 'First he met some blackberry gatherers who asked him for the egg. They used it to shoot at the berries and it broke.', NULL);
INSERT INTO `card` (id, type, title, header, content, option) VALUES ('21126_5', 3, NULL, 'assets/topic/asb/6731.png', 'The boy cried,  "EiEiEi! You have caused trouble for me! The egg was not mine. It belonged to my grandmother. And grandmother didn''t give it to me for nothing. She gave it to me to get bride wealth."', NULL);
INSERT INTO `card` (id, type, title, header, content, option) VALUES ('21126_6', 3, NULL, 'assets/topic/asb/6734.png', 'So the berry gatherers gave him the stick they used to bring down the berries. And the boy walked on.', NULL);
INSERT INTO `card` (id, type, title, header, content, option) VALUES ('21126_7', 3, NULL, 'assets/topic/asb/6735.png', 'Next the boy met some builders who asked him for his stick. They used it to build a house and it broke into pieces.', NULL);
INSERT INTO `card` (id, type, title, header, content, option) VALUES ('21126_8', 3, NULL, 'assets/topic/asb/6742.png', 'The boy cried,  "HeeHeeHee! You have caused trouble for me! The stick was not mine,  it belonged to the berry gatherers. And they didn''t give it to me for nothing. They gave it to me in place of my egg. The egg was not mine. It belonged to my grandmother. And grandmother didn''t give it to me for nothing,  She gave it to me to get bride wealth."', NULL);
INSERT INTO `card` (id, type, title, header, content, option) VALUES ('21126_9', 3, NULL, 'assets/topic/asb/6737.png', 'So the builders gave him a bundle of grass for thatching. And the boy walked on.', NULL);
INSERT INTO `card` (id, type, title, header, content, option) VALUES ('21126_10', 3, NULL, 'assets/topic/asb/6736.png', 'Next the boy found a herdsman who asked for the boy''s bundle of grass. The herdsman gave it to the cow and the cow ate it all up.', NULL);
INSERT INTO `card` (id, type, title, header, content, option) VALUES ('21126_11', 3, NULL, 'assets/topic/asb/6738.png', 'The boy cried,  "EEE! You have caused trouble for me! The grass was not mine. It belonged to the builders. The builders did not give it to me for nothing. They broke my stick. The stick was not mine. It belonged to the berry gatherers. And they didn''t give it to me for nothing. They gave it to me in place of my egg. The egg was not mine. It belonged to my grandmother. And grandmother did not give it to me for nothing. She gave it to me to get bride wealth."', NULL);
INSERT INTO `card` (id, type, title, header, content, option) VALUES ('21126_12', 3, NULL, 'assets/topic/asb/6739.png', 'So the herdsman gave the boy his cow. And the boy walked on.', NULL);
INSERT INTO `card` (id, type, title, header, content, option) VALUES ('21126_13', 3, NULL, 'assets/topic/asb/6743.png', 'While on his way home,  the boy came across a marriage celebration. The bride''s family asked him for his cow. He gave it to them. And they slaughtered it and ate it all.', NULL);
INSERT INTO `card` (id, type, title, header, content, option) VALUES ('21126_14', 3, NULL, 'assets/topic/asb/6740.png', 'The boy cried,  "EiEiEi! You have caused trouble for me! The cow was not mine. It belonged to the herdsman. The herdsman didn''t give it to me for nothing. He gave it to me in place of my bundle of grass. The grass was not mine. It belonged to the builders. The builders didn''t give it to me for nothing. They broke my stick. The stick was not mine. It belonged to the berry gatherers. They didn''t give it to me for nothing. They gave it to me in place of my egg. The egg was not mine. It belonged to my grandmother. And grandmother didn''t give it to me for nothing,  She gave it to me to get bride wealth."', NULL);
INSERT INTO `card` (id, type, title, header, content, option) VALUES ('21126_15', 3, NULL, 'assets/topic/asb/6741.png', 'Then the bride''s family said,  "We have nothing left to pay you. But let us give you the bride." And so,  the saying came to pass that,  "What goes round comes around!"', NULL);
INSERT INTO `card` (id, type, title, header, content, option) VALUES ('21126_16', 3, NULL, NULL, 'You are free to download, copy, translate or adapt this story and use the illustrations as long as you attribute in the following way:
An egg for bride wealth
Author -
Nambi  Sseppuuya Community Resource Centre
Translation -
Cornelius Wambi Gulere
Illustration -
Wiehan de Jager
Language -
English
Level -
Read aloud
© Text: Ugandan Community Libraries Association; Illustration: African Storybook Initiative 2014
Creative Commons: Attribution 4.0
Source
www.africanstorybook.org
Original source
http://ugcla.org', NULL);
INSERT INTO `card` (id, type, title, header, content, option) VALUES ('21126_17', 1, 'Draw different sized eggs and decorate it.', 'assets/topic/21126.svg', NULL, NULL);
INSERT INTO `cardExtra` (cardId, type, serial, content) VALUES ('21126_17', 2, 1, 'assets/topic/21126.svg');
INSERT INTO `card` (id, type, title, header, content, option) VALUES ('21126_18', 0, 'What did the old woman gift her grandson?', NULL, NULL, 'oneAtATime');
INSERT INTO `cardExtra` (cardId, type, serial, content) VALUES ('21126_18', 1, 1, 'Egg');
INSERT INTO `cardExtra` (cardId, type, serial, content) VALUES ('21126_18', 0, 1, 'Gold');
INSERT INTO `cardExtra` (cardId, type, serial, content) VALUES ('21126_18', 0, 2, 'Apple');
INSERT INTO `cardExtra` (cardId, type, serial, content) VALUES ('21126_18', 0, 3, 'Money');
INSERT INTO `card` (id, type, title, header, content, option) VALUES ('21126_23', 0, 'Choose all the things that boy got in order.', NULL, NULL, 'many');
INSERT INTO `cardExtra` (cardId, type, serial, content) VALUES ('21126_23', 1, 1, 'Egg');
INSERT INTO `cardExtra` (cardId, type, serial, content) VALUES ('21126_23', 1, 2, 'Stick');
INSERT INTO `cardExtra` (cardId, type, serial, content) VALUES ('21126_23', 1, 3, 'Bundle of grass');
INSERT INTO `cardExtra` (cardId, type, serial, content) VALUES ('21126_23', 1, 4, 'Cow');
INSERT INTO `cardExtra` (cardId, type, serial, content) VALUES ('21126_23', 1, 5, 'Bride');
INSERT INTO `card` (id, type, title, header, content, option) VALUES ('21126_29', 0, 'What will you do if get an egg?', NULL, NULL, 'open');
INSERT INTO `cardExtra` (cardId, type, serial, content) VALUES ('21126_29', 0, 1, 'Make omlet.');
INSERT INTO `cardExtra` (cardId, type, serial, content) VALUES ('21126_29', 0, 2, 'Exchange it with someone.');
INSERT INTO `cardExtra` (cardId, type, serial, content) VALUES ('21126_29', 0, 3, 'Hit someone');
INSERT INTO `cardExtra` (cardId, type, serial, content) VALUES ('21126_29', 0, 4, 'Play with it.');
INSERT INTO `card` (id, type, title, header, content, option) VALUES ('12652', 2, 'My mother planted', 'assets/topic/asb/9002.png', 'Cornelius Wambi Gulere
Jonathan Field', 'FF9DEDE3');
INSERT INTO `card` (id, type, title, header, content, option) VALUES ('12652_3', 3, NULL, 'assets/topic/asb/8998.png', 'My mother planted. She planted a small garden. She planted a small garden of peas.', NULL);
INSERT INTO `card` (id, type, title, header, content, option) VALUES ('12652_4', 3, NULL, 'assets/topic/asb/8999.png', 'My father planted. He planted a small garden. He planted a small garden of flowers.', NULL);
INSERT INTO `card` (id, type, title, header, content, option) VALUES ('12652_5', 3, NULL, 'assets/topic/asb/9000.png', 'My mother weeded in both gardens.', NULL);
INSERT INTO `card` (id, type, title, header, content, option) VALUES ('12652_6', 3, NULL, 'assets/topic/asb/9001.png', 'My father watered in both gardens.', NULL);
INSERT INTO `card` (id, type, title, header, content, option) VALUES ('12652_7', 3, NULL, 'assets/topic/asb/9002.png', 'My parents and I worked in the small gardens. My sister and I harvested the flowers and peas.', NULL);
INSERT INTO `card` (id, type, title, header, content, option) VALUES ('12652_8', 3, NULL, 'assets/topic/asb/9003.png', 'The small garden of peas yielded sacks of peas. The small garden of flowers yielded sacks of flowers.', NULL);
INSERT INTO `card` (id, type, title, header, content, option) VALUES ('12652_9', 3, NULL, 'assets/topic/asb/9004.png', 'My mother planted. She planted a large garden. She planted a large garden of peas.', NULL);
INSERT INTO `card` (id, type, title, header, content, option) VALUES ('12652_10', 3, NULL, 'assets/topic/asb/9005.png', 'My father planted. He planted a large garden. He planted a large garden of flowers.', NULL);
INSERT INTO `card` (id, type, title, header, content, option) VALUES ('12652_11', 3, NULL, NULL, 'You are free to download, copy, translate or adapt this story and use the illustrations as long as you attribute in the following way:
My mother planted
Author -
Tom Sabwa
Translation -
Cornelius Wambi Gulere
Illustration -
Jonathan Field
Language -
English
Level -
First sentences
© Text: Ugandan Community Libraries Association (Ugcla) Artwork: African Storybook Initiative 2014
Creative Commons: Attribution 4.0
Source
www.africanstorybook.org', NULL);
INSERT INTO `card` (id, type, title, header, content, option) VALUES ('12652_12', 1, 'Decorate the field with flowers.', 'assets/topic/12652.svg', NULL, NULL);
INSERT INTO `cardExtra` (cardId, type, serial, content) VALUES ('12652_12', 2, 1, 'assets/topic/12652.svg');
INSERT INTO `card` (id, type, title, header, content, option) VALUES ('12652_13', 0, 'What did the father plant in his small garden?', NULL, NULL, 'oneAtATime');
INSERT INTO `cardExtra` (cardId, type, serial, content) VALUES ('12652_13', 1, 1, 'Flowers');
INSERT INTO `cardExtra` (cardId, type, serial, content) VALUES ('12652_13', 0, 1, 'Peas');
INSERT INTO `cardExtra` (cardId, type, serial, content) VALUES ('12652_13', 0, 2, 'Fruit');
INSERT INTO `cardExtra` (cardId, type, serial, content) VALUES ('12652_13', 0, 3, 'Tree');
INSERT INTO `card` (id, type, title, header, content, option) VALUES ('12652_18', 0, 'Mother weeded in both gardens.', NULL, NULL, 'oneAtATime');
INSERT INTO `cardExtra` (cardId, type, serial, content) VALUES ('12652_18', 1, 1, 'True.');
INSERT INTO `cardExtra` (cardId, type, serial, content) VALUES ('12652_18', 0, 1, 'False.');
INSERT INTO `card` (id, type, title, header, content, option) VALUES ('12652_21', 0, 'What will you plant if you had a small garden?', NULL, NULL, 'open');
INSERT INTO `cardExtra` (cardId, type, serial, content) VALUES ('12652_21', 0, 1, 'Mango tree');
INSERT INTO `cardExtra` (cardId, type, serial, content) VALUES ('12652_21', 0, 2, 'Papaya tree');
INSERT INTO `cardExtra` (cardId, type, serial, content) VALUES ('12652_21', 0, 3, 'Green vegetables');
INSERT INTO `cardExtra` (cardId, type, serial, content) VALUES ('12652_21', 0, 4, 'Sugarcane');
INSERT INTO `card` (id, type, title, header, content, option) VALUES ('15746', 2, 'Crocodile in my body', 'assets/topic/asb/6105.png', 'Val Morris
Felicity Bell', 'FFF4E1B5');
INSERT INTO `card` (id, type, title, header, content, option) VALUES ('15746_3', 3, NULL, 'assets/topic/asb/6093.png', 'Hello,  I''m Ntombi. I''m a little girl like other little girls,  except I have a crocodile in my body. You can''t see him,  but I know he is there. His name is Horrible InVader. He hides in my body and doesn''t do any harm to my friends.', NULL);
INSERT INTO `card` (id, type, title, header, content, option) VALUES ('15746_4', 3, NULL, 'assets/topic/asb/6094.png', 'He won''t leave my body and go into yours if you sit next to me,  or hold my hand.', NULL);
INSERT INTO `card` (id, type, title, header, content, option) VALUES ('15746_5', 3, NULL, 'assets/topic/asb/6092.png', 'He won''t leave my body and jump into yours even if you share your lunch with me,  or lie down on the floor together when we have a rest.', NULL);
INSERT INTO `card` (id, type, title, header, content, option) VALUES ('15746_6', 3, NULL, 'assets/topic/asb/6095.png', 'My crocodile,  Horrible InVader,  has been with me since I was born. He likes eating all the soldiers in my body that fight germs and stop me from getting sick. When he eats too many of my soldiers,  I get very sick. Then I cannot go to school and play with my friends.', NULL);
INSERT INTO `card` (id, type, title, header, content, option) VALUES ('15746_7', 3, NULL, 'assets/topic/asb/6097.png', 'I have to take my medicine every day at the same time. Otherwise my crocodile wakes up in a bad mood and eats my soldiers again. I don''t want him to do that,  so I remind my Gogo to give me my special medicine right on time.', NULL);
INSERT INTO `card` (id, type, title, header, content, option) VALUES ('15746_8', 3, NULL, 'assets/topic/asb/6099.png', 'If I eat good food like vegetables and fruit,  my soldiers in my body get stronger and don''t let my crocodile catch them. I think he goes to sleep for a while,  because then I am well and strong and able to play with my friends again. I am so happy when he goes to sleep and I am able to play.', NULL);
INSERT INTO `card` (id, type, title, header, content, option) VALUES ('15746_9', 3, NULL, 'assets/topic/asb/6139.png', 'My Gogo took me to the clinic a while ago and got something special to feed my crocodile. It makes him go to sleep,  and he doesn''t eat my soldiers. Then I am able to do all the fun things that other children do,  like run and climb and dance.', NULL);
INSERT INTO `card` (id, type, title, header, content, option) VALUES ('15746_10', 3, NULL, 'assets/topic/asb/6102.png', 'I love my Gogo very much. She is good and kind to me. She gives me good food to eat and sees that I take extra vitamins as well to keep my soldiers strong,  so that I don''t get sick. If I do get sick she takes me to the clinic straight away,  so that I can get medicine to make me better. I love it when she puts me on her lap and reads stories to me before I go to bed.', NULL);
INSERT INTO `card` (id, type, title, header, content, option) VALUES ('15746_11', 3, NULL, 'assets/topic/asb/6103.png', 'After Gogo has put me to bed,  I think of many things. I think about learning to read at big school. If I keep taking my special medicine that puts my crocodile to sleep,  I will look after my Gogo and read her stories when she is very old and can''t see so well anymore. When I am a grown woman,  I would like to study. I want to help to find a medicine that will put all the crocodiles in other peoples'' bodies,  to sleep forever.', NULL);
INSERT INTO `card` (id, type, title, header, content, option) VALUES ('15746_12', 3, NULL, 'assets/topic/asb/6104.png', 'I will learn to live with my crocodile and keep him asleep as much as I can. I will have as many friends as I can. And have as much fun as I can every day.', NULL);
INSERT INTO `card` (id, type, title, header, content, option) VALUES ('15746_13', 3, NULL, 'assets/topic/asb/6105.png', 'My Gogo,  my aunts and uncles,  and friends love me,  even though I have a crocodile called Horrible InVader living in my body.', NULL);
INSERT INTO `card` (id, type, title, header, content, option) VALUES ('15746_14', 3, NULL, NULL, 'You are free to download, copy, translate or adapt this story and use the illustrations as long as you attribute in the following way:
Crocodile in my body
Author -
Val Morris
Illustration -
Felicity Bell
Language -
English
Level -
Read aloud
© Books In Homes 2013
Creative Commons: Attribution 4.0
Source
www.africanstorybook.org', NULL);
INSERT INTO `card` (id, type, title, header, content, option) VALUES ('15746_15', 1, 'Paint a little girl.', 'assets/topic/15746.svg', NULL, NULL);
INSERT INTO `cardExtra` (cardId, type, serial, content) VALUES ('15746_15', 2, 1, 'assets/topic/15746.svg');
INSERT INTO `card` (id, type, title, header, content, option) VALUES ('15746_16', 0, 'What was in the body of little girl?', NULL, NULL, 'oneAtATime');
INSERT INTO `cardExtra` (cardId, type, serial, content) VALUES ('15746_16', 1, 1, 'Crocodile');
INSERT INTO `cardExtra` (cardId, type, serial, content) VALUES ('15746_16', 0, 1, 'Elephant');
INSERT INTO `cardExtra` (cardId, type, serial, content) VALUES ('15746_16', 0, 2, 'Monkey');
INSERT INTO `cardExtra` (cardId, type, serial, content) VALUES ('15746_16', 0, 3, 'Rat');
INSERT INTO `card` (id, type, title, header, content, option) VALUES ('15746_21', 0, 'If little girl takes medicine then crcodile sleeps.', NULL, NULL, 'oneAtATime');
INSERT INTO `cardExtra` (cardId, type, serial, content) VALUES ('15746_21', 1, 1, 'True.');
INSERT INTO `cardExtra` (cardId, type, serial, content) VALUES ('15746_21', 0, 1, 'False.');
INSERT INTO `card` (id, type, title, header, content, option) VALUES ('15746_24', 0, 'According to story crocodile is fever.', NULL, NULL, 'oneAtATime');
INSERT INTO `cardExtra` (cardId, type, serial, content) VALUES ('15746_24', 1, 1, 'True.');
INSERT INTO `cardExtra` (cardId, type, serial, content) VALUES ('15746_24', 0, 1, 'False.');
INSERT INTO `card` (id, type, title, header, content, option) VALUES ('15746_27', 0, 'What will you do to keep your crocodile sleeping?', NULL, NULL, 'open');
INSERT INTO `cardExtra` (cardId, type, serial, content) VALUES ('15746_27', 0, 1, 'Eat healthy food.');
INSERT INTO `cardExtra` (cardId, type, serial, content) VALUES ('15746_27', 0, 2, 'Eat fruit.');
INSERT INTO `cardExtra` (cardId, type, serial, content) VALUES ('15746_27', 0, 3, 'Do exercise.');
INSERT INTO `cardExtra` (cardId, type, serial, content) VALUES ('15746_27', 0, 4, 'Take medicine if needed.');
INSERT INTO `card` (id, type, title, header, content, option) VALUES ('12602', 2, 'The hungry crocodile', 'assets/topic/asb/5948.png', 'Christian G.
Wiehan de Jager', 'FFB3C8FF');
INSERT INTO `card` (id, type, title, header, content, option) VALUES ('12602_3', 3, NULL, 'assets/topic/asb/5948.png', 'Once there was a very hungry crocodile.', NULL);
INSERT INTO `card` (id, type, title, header, content, option) VALUES ('12602_4', 3, NULL, 'assets/topic/asb/5949.png', 'He searched for food slowly and quietly.', NULL);
INSERT INTO `card` (id, type, title, header, content, option) VALUES ('12602_5', 3, NULL, NULL, 'And then.', NULL);
INSERT INTO `card` (id, type, title, header, content, option) VALUES ('12602_6', 3, NULL, 'assets/topic/asb/5950.png', 'POW! The crocodile strikes!', NULL);
INSERT INTO `card` (id, type, title, header, content, option) VALUES ('12602_7', 3, NULL, 'assets/topic/asb/5947.png', 'After that he is no longer hungry,  and he is happy.', NULL);
INSERT INTO `card` (id, type, title, header, content, option) VALUES ('12602_8', 3, NULL, 'assets/topic/asb/5951.png', 'Until he gets hungry again.', NULL);
INSERT INTO `card` (id, type, title, header, content, option) VALUES ('12602_9', 3, NULL, NULL, 'You are free to download, copy, translate or adapt this story and use the illustrations as long as you attribute in the following way:
The hungry crocodile
Author -
Christian G.
Illustration -
Wiehan de Jager
Language -
English
Level -
First sentences
© Christian G. 2014
Creative Commons: Attribution 4.0
Source
www.africanstorybook.org', NULL);
INSERT INTO `card` (id, type, title, header, content, option) VALUES ('12602_10', 1, 'Paint crcodile and decorate it.', 'assets/topic/12602.svg', NULL, NULL);
INSERT INTO `cardExtra` (cardId, type, serial, content) VALUES ('12602_10', 2, 1, 'assets/topic/12602.svg');
INSERT INTO `card` (id, type, title, header, content, option) VALUES ('12602_11', 0, 'Crocodile searched for food slowly and quietly.', NULL, NULL, 'oneAtATime');
INSERT INTO `cardExtra` (cardId, type, serial, content) VALUES ('12602_11', 1, 1, 'True.');
INSERT INTO `cardExtra` (cardId, type, serial, content) VALUES ('12602_11', 0, 1, 'False.');
INSERT INTO `card` (id, type, title, header, content, option) VALUES ('12602_14', 0, 'After eating crocodile is happy.', NULL, NULL, 'oneAtATime');
INSERT INTO `cardExtra` (cardId, type, serial, content) VALUES ('12602_14', 1, 1, 'True.');
INSERT INTO `cardExtra` (cardId, type, serial, content) VALUES ('12602_14', 0, 1, 'False.');
INSERT INTO `card` (id, type, title, header, content, option) VALUES ('12602_17', 0, 'What do you feel when you get your favourite thing to eat?', NULL, NULL, 'open');
INSERT INTO `cardExtra` (cardId, type, serial, content) VALUES ('12602_17', 0, 1, 'Happy');
INSERT INTO `cardExtra` (cardId, type, serial, content) VALUES ('12602_17', 0, 2, 'Excited');
INSERT INTO `cardExtra` (cardId, type, serial, content) VALUES ('12602_17', 0, 3, 'Wanting more');
INSERT INTO `cardExtra` (cardId, type, serial, content) VALUES ('12602_17', 0, 4, 'Share with family');
INSERT INTO `card` (id, type, title, header, content, option) VALUES ('22087', 2, 'Crocodile waits for brains', 'assets/topic/asb/25465.png', 'Northern Cape Teacher''s Workshop 2016
Tawanda Mhandu', 'FF9DEDE3');
INSERT INTO `card` (id, type, title, header, content, option) VALUES ('22087_3', 3, NULL, 'assets/topic/asb/25460.png', 'Once upon a time, there was a crocodile living at a river with her young ones.', NULL);
INSERT INTO `card` (id, type, title, header, content, option) VALUES ('22087_4', 3, NULL, 'assets/topic/asb/25462.png', 'The crocodile taught her young ones not to trust humans.
This is because humans have brains.', NULL);
INSERT INTO `card` (id, type, title, header, content, option) VALUES ('22087_5', 3, NULL, 'assets/topic/asb/25461.png', 'One day a certain man crossed the river.', NULL);
INSERT INTO `card` (id, type, title, header, content, option) VALUES ('22087_6', 3, NULL, 'assets/topic/asb/25463.png', 'The man met the crocodile in the middle of the river and she attacked him.', NULL);
INSERT INTO `card` (id, type, title, header, content, option) VALUES ('22087_7', 3, NULL, 'assets/topic/asb/25464.png', 'Just as the crocodile was about to kill him, she remembered her father''s words.
He always told her that people have brains.', NULL);
INSERT INTO `card` (id, type, title, header, content, option) VALUES ('22087_8', 3, NULL, 'assets/topic/asb/25467.png', 'The man promised the crocodile that he could bring her human brains.
So the crocodile released him.', NULL);
INSERT INTO `card` (id, type, title, header, content, option) VALUES ('22087_9', 3, NULL, 'assets/topic/asb/25465.png', 'The crocodile and her young ones are still waiting on the riverbank to receive those brains.', NULL);
INSERT INTO `card` (id, type, title, header, content, option) VALUES ('22087_10', 3, NULL, 'assets/topic/asb/25466.png', 'Crocodiles are angry to this day because they never received the brains that were promised to them.', NULL);
INSERT INTO `card` (id, type, title, header, content, option) VALUES ('22087_11', 3, NULL, NULL, 'You are free to download, copy, translate or adapt this story and use the illustrations as long as you attribute in the following way:
Crocodile waits for brains
Author -
Northern Cape Teacher''s Workshop 2016
Translation -
Northern Cape Teacher''s Workshop 2016
Illustration -
Tawanda Mhandu
Language -
English
Level -
First sentences
© African Storybook Initiative 2017
Creative Commons: Attribution 4.0
Source
www.africanstorybook.org', NULL);
INSERT INTO `card` (id, type, title, header, content, option) VALUES ('22087_12', 1, 'Paint crocodile and its babies.', 'assets/topic/22087.svg', NULL, NULL);
INSERT INTO `cardExtra` (cardId, type, serial, content) VALUES ('22087_12', 2, 1, 'assets/topic/22087.svg');
INSERT INTO `card` (id, type, title, header, content, option) VALUES ('22087_13', 0, 'Whom did crocodile tell not to trust?', NULL, NULL, 'oneAtATime');
INSERT INTO `cardExtra` (cardId, type, serial, content) VALUES ('22087_13', 1, 1, 'Humans');
INSERT INTO `cardExtra` (cardId, type, serial, content) VALUES ('22087_13', 0, 1, 'Elephant');
INSERT INTO `cardExtra` (cardId, type, serial, content) VALUES ('22087_13', 0, 2, 'Ant');
INSERT INTO `cardExtra` (cardId, type, serial, content) VALUES ('22087_13', 0, 3, 'Grass hopper');
INSERT INTO `card` (id, type, title, header, content, option) VALUES ('22087_18', 0, 'What did the man promise to bring?', NULL, NULL, 'oneAtATime');
INSERT INTO `cardExtra` (cardId, type, serial, content) VALUES ('22087_18', 1, 1, 'Brain');
INSERT INTO `cardExtra` (cardId, type, serial, content) VALUES ('22087_18', 0, 1, 'Hand');
INSERT INTO `cardExtra` (cardId, type, serial, content) VALUES ('22087_18', 0, 2, 'Meat');
INSERT INTO `cardExtra` (cardId, type, serial, content) VALUES ('22087_18', 0, 3, 'Grass');
INSERT INTO `card` (id, type, title, header, content, option) VALUES ('22087_23', 0, 'If you were in place of man what would you do?', NULL, NULL, 'open');
INSERT INTO `cardExtra` (cardId, type, serial, content) VALUES ('22087_23', 0, 1, 'Never go near crocodile');
INSERT INTO `cardExtra` (cardId, type, serial, content) VALUES ('22087_23', 0, 2, 'Be calm and try to escape');
INSERT INTO `cardExtra` (cardId, type, serial, content) VALUES ('22087_23', 0, 3, 'Make a deal with crocodile');
INSERT INTO `cardExtra` (cardId, type, serial, content) VALUES ('22087_23', 0, 4, 'Cry for help');
INSERT INTO `card` (id, type, title, header, content, option) VALUES ('21151', 2, 'Dog and Crocodile', 'assets/topic/asb/17149.png', 'Candiru Enzikuru Mary
 Rob Owen', 'FF9DEDE3');
INSERT INTO `card` (id, type, title, header, content, option) VALUES ('21151_3', 3, NULL, 'assets/topic/asb/17139.png', 'One day at the river,  Dog came across some eggs in the sand. He asked himself,  "Which animal left these eggs here?"', NULL);
INSERT INTO `card` (id, type, title, header, content, option) VALUES ('21151_4', 3, NULL, 'assets/topic/asb/17140.png', 'He counted ten eggs and thought they might belong to Duck. He put them in his bag.', NULL);
INSERT INTO `card` (id, type, title, header, content, option) VALUES ('21151_5', 3, NULL, 'assets/topic/asb/17141.png', 'He took the eggs home and put them in a warm place.', NULL);
INSERT INTO `card` (id, type, title, header, content, option) VALUES ('21151_6', 3, NULL, 'assets/topic/asb/17142.png', 'When Dog returned to the river,  he met Crocodile. She asked,  "Have you seen my eggs?" "I don''t know anything about your eggs," he replied.', NULL);
INSERT INTO `card` (id, type, title, header, content, option) VALUES ('21151_7', 3, NULL, 'assets/topic/asb/17143.png', 'Crocodile started visiting all the animals asking about her eggs.', NULL);
INSERT INTO `card` (id, type, title, header, content, option) VALUES ('21151_8', 3, NULL, 'assets/topic/asb/17144.png', 'Meanwhile,  the eggs hatched one by one.', NULL);
INSERT INTO `card` (id, type, title, header, content, option) VALUES ('21151_9', 3, NULL, 'assets/topic/asb/17145.png', 'Dog did his best to look after the baby crocodiles,  but there was never enough food. The young crocodiles were always hungry.', NULL);
INSERT INTO `card` (id, type, title, header, content, option) VALUES ('21151_10', 3, NULL, 'assets/topic/asb/17146.png', 'One day Crocodile went to Dog''s house looking for her eggs. As she stood outside,  she heard the rumbling of little crocodile bellies!', NULL);
INSERT INTO `card` (id, type, title, header, content, option) VALUES ('21151_11', 3, NULL, 'assets/topic/asb/17147.png', 'Crocodile stormed inside and hit Dog with her tail. Dog yelped and jumped through the window.', NULL);
INSERT INTO `card` (id, type, title, header, content, option) VALUES ('21151_12', 3, NULL, 'assets/topic/asb/17148.png', 'Crocodile chased Dog all the way to the river.', NULL);
INSERT INTO `card` (id, type, title, header, content, option) VALUES ('21151_13', 3, NULL, 'assets/topic/asb/17149.png', 'Dog cried,  "I''m sorry,  I didn''t know they were your eggs!"', NULL);
INSERT INTO `card` (id, type, title, header, content, option) VALUES ('21151_14', 3, NULL, 'assets/topic/asb/17150.png', 'Crocodile believed him and forgave him. She took her offspring for their first swimming lesson.', NULL);
INSERT INTO `card` (id, type, title, header, content, option) VALUES ('21151_15', 3, NULL, NULL, 'You are free to download, copy, translate or adapt this story and use the illustrations as long as you attribute in the following way:
Dog and Crocodile
Author -
Candiru Enzikuru Mary
Illustration -
Rob Owen
Language -
English
Level -
First sentences
© African Storybook Initiative 2016
Creative Commons: Attribution 4.0
Source
www.africanstorybook.org', NULL);
INSERT INTO `card` (id, type, title, header, content, option) VALUES ('21151_16', 1, 'Paint a dog and decorate it.', 'assets/topic/21151.svg', NULL, NULL);
INSERT INTO `cardExtra` (cardId, type, serial, content) VALUES ('21151_16', 2, 1, 'assets/topic/21151.svg');
INSERT INTO `card` (id, type, title, header, content, option) VALUES ('21151_17', 0, 'What did the dog see in the sand?', NULL, NULL, 'oneAtATime');
INSERT INTO `cardExtra` (cardId, type, serial, content) VALUES ('21151_17', 1, 1, 'Eggs');
INSERT INTO `cardExtra` (cardId, type, serial, content) VALUES ('21151_17', 0, 1, 'Water');
INSERT INTO `cardExtra` (cardId, type, serial, content) VALUES ('21151_17', 0, 2, 'Bush');
INSERT INTO `cardExtra` (cardId, type, serial, content) VALUES ('21151_17', 0, 3, 'Stick');
INSERT INTO `card` (id, type, title, header, content, option) VALUES ('21151_22', 0, 'Dog unknowingly stole eggs of crocodile.', NULL, NULL, 'oneAtATime');
INSERT INTO `cardExtra` (cardId, type, serial, content) VALUES ('21151_22', 1, 1, 'True.');
INSERT INTO `cardExtra` (cardId, type, serial, content) VALUES ('21151_22', 0, 1, 'False.');
INSERT INTO `card` (id, type, title, header, content, option) VALUES ('21151_25', 0, 'In whose house did crocodile find its eggs?', NULL, NULL, 'oneAtATime');
INSERT INTO `cardExtra` (cardId, type, serial, content) VALUES ('21151_25', 1, 1, 'Dog');
INSERT INTO `cardExtra` (cardId, type, serial, content) VALUES ('21151_25', 0, 1, 'Antelope');
INSERT INTO `cardExtra` (cardId, type, serial, content) VALUES ('21151_25', 0, 2, 'Tiger');
INSERT INTO `cardExtra` (cardId, type, serial, content) VALUES ('21151_25', 0, 3, 'Fox');
INSERT INTO `card` (id, type, title, header, content, option) VALUES ('21151_30', 0, 'What will you do if someone steals your eggs?', NULL, NULL, 'oneAtATime');
INSERT INTO `cardExtra` (cardId, type, serial, content) VALUES ('21151_30', 0, 1, 'Look clearly where I kept.');
INSERT INTO `cardExtra` (cardId, type, serial, content) VALUES ('21151_30', 0, 2, 'Ask others.');
INSERT INTO `cardExtra` (cardId, type, serial, content) VALUES ('21151_30', 0, 3, 'Bring another dozen eggs.');
INSERT INTO `cardExtra` (cardId, type, serial, content) VALUES ('21151_30', 0, 4, 'Complain to elders.');
INSERT INTO `card` (id, type, title, header, content, option) VALUES ('16742', 2, 'Look at the animals', 'assets/topic/asb/1747.png', 'Jenny Katz
 Sandy Campbell', 'FFCFB5DD');
INSERT INTO `card` (id, type, title, header, content, option) VALUES ('16742_3', 3, NULL, 'assets/topic/asb/1749.png', 'Look at the animals.', NULL);
INSERT INTO `card` (id, type, title, header, content, option) VALUES ('16742_4', 3, NULL, 'assets/topic/asb/1750.png', 'The cow says, "Moo."', NULL);
INSERT INTO `card` (id, type, title, header, content, option) VALUES ('16742_5', 3, NULL, 'assets/topic/asb/1751.png', 'The goat says, "Meh,  meh."', NULL);
INSERT INTO `card` (id, type, title, header, content, option) VALUES ('16742_6', 3, NULL, 'assets/topic/asb/1752.png', 'The horse says, "Neigh."', NULL);
INSERT INTO `card` (id, type, title, header, content, option) VALUES ('16742_7', 3, NULL, 'assets/topic/asb/1753.png', 'The pig says, "Grunt."', NULL);
INSERT INTO `card` (id, type, title, header, content, option) VALUES ('16742_8', 3, NULL, 'assets/topic/asb/1754.png', 'The chicken says, "Cluck."', NULL);
INSERT INTO `card` (id, type, title, header, content, option) VALUES ('16742_9', 3, NULL, 'assets/topic/asb/1755.png', 'The dog says, "Woof."', NULL);
INSERT INTO `card` (id, type, title, header, content, option) VALUES ('16742_10', 3, NULL, 'assets/topic/asb/1757.png', 'The farmer says, "Shhh!"', NULL);
INSERT INTO `card` (id, type, title, header, content, option) VALUES ('16742_11', 3, NULL, NULL, 'You are free to download, copy, translate or adapt this story and use the illustrations as long as you attribute in the following way:
Look at the animals
Author -
Jenny Katz
Illustration -
Sandy Campbell
Language -
English
Level -
First words
© African Reading Matters 2003
Creative Commons: Attribution-Non Commercial 3.0
Source
www.africanstorybook.org
Original source
www.read.org.za', NULL);
INSERT INTO `card` (id, type, title, header, content, option) VALUES ('16742_12', 1, 'Paint animals which are in farm.', 'assets/topic/16742.svg', NULL, NULL);
INSERT INTO `cardExtra` (cardId, type, serial, content) VALUES ('16742_12', 2, 1, 'assets/topic/16742.svg');
INSERT INTO `card` (id, type, title, header, content, option) VALUES ('16742_13', 0, 'The cow says Moo', NULL, NULL, 'oneAtATime');
INSERT INTO `cardExtra` (cardId, type, serial, content) VALUES ('16742_13', 1, 1, 'True.');
INSERT INTO `cardExtra` (cardId, type, serial, content) VALUES ('16742_13', 0, 1, 'False.');
INSERT INTO `card` (id, type, title, header, content, option) VALUES ('16742_16', 0, 'The goat says Meh Meh', NULL, NULL, 'oneAtATime');
INSERT INTO `cardExtra` (cardId, type, serial, content) VALUES ('16742_16', 1, 1, 'True.');
INSERT INTO `cardExtra` (cardId, type, serial, content) VALUES ('16742_16', 0, 1, 'False.');
INSERT INTO `card` (id, type, title, header, content, option) VALUES ('16742_19', 0, 'Select all the animals you read in the story.', NULL, NULL, 'many');
INSERT INTO `cardExtra` (cardId, type, serial, content) VALUES ('16742_19', 1, 1, 'Cow');
INSERT INTO `cardExtra` (cardId, type, serial, content) VALUES ('16742_19', 1, 2, 'Goat');
INSERT INTO `cardExtra` (cardId, type, serial, content) VALUES ('16742_19', 1, 3, 'Horse');
INSERT INTO `cardExtra` (cardId, type, serial, content) VALUES ('16742_19', 1, 4, 'Pig');
INSERT INTO `cardExtra` (cardId, type, serial, content) VALUES ('16742_19', 1, 5, 'Chicken');
INSERT INTO `cardExtra` (cardId, type, serial, content) VALUES ('16742_19', 1, 6, 'Dog');
INSERT INTO `cardExtra` (cardId, type, serial, content) VALUES ('16742_19', 0, 1, 'Donkey');
INSERT INTO `cardExtra` (cardId, type, serial, content) VALUES ('16742_19', 0, 2, 'Monkey');
INSERT INTO `cardExtra` (cardId, type, serial, content) VALUES ('16742_19', 0, 3, 'Cat');
INSERT INTO `card` (id, type, title, header, content, option) VALUES ('16742_29', 0, 'What is the use of goat?', NULL, NULL, 'open');
INSERT INTO `cardExtra` (cardId, type, serial, content) VALUES ('16742_29', 0, 1, 'Gives milk');
INSERT INTO `cardExtra` (cardId, type, serial, content) VALUES ('16742_29', 0, 2, 'Gives sweater');
INSERT INTO `cardExtra` (cardId, type, serial, content) VALUES ('16742_29', 0, 3, 'Becomes friend');
INSERT INTO `cardExtra` (cardId, type, serial, content) VALUES ('16742_29', 0, 4, 'Gives small goats');
INSERT INTO `card` (id, type, title, header, content, option) VALUES ('16084', 2, 'Friends', 'assets/topic/asb/8601.png', 'Hlengiwe Zondi and Zimbili Dlamini
Catherine Groenewald', 'FFB3C8FF');
INSERT INTO `card` (id, type, title, header, content, option) VALUES ('16084_3', 3, NULL, 'assets/topic/asb/8600.png', 'My name is Simo.', NULL);
INSERT INTO `card` (id, type, title, header, content, option) VALUES ('16084_4', 3, NULL, 'assets/topic/asb/8601.png', 'I have four friends.', NULL);
INSERT INTO `card` (id, type, title, header, content, option) VALUES ('16084_5', 3, NULL, 'assets/topic/asb/8602.png', 'Their names are Zizo, Lele, Sisa and Ayanda.', NULL);
INSERT INTO `card` (id, type, title, header, content, option) VALUES ('16084_6', 3, NULL, 'assets/topic/asb/8603.png', 'My friend Zizo likes to play soccer.', NULL);
INSERT INTO `card` (id, type, title, header, content, option) VALUES ('16084_7', 3, NULL, 'assets/topic/asb/8604.png', 'My friend Lele likes to swim.', NULL);
INSERT INTO `card` (id, type, title, header, content, option) VALUES ('16084_8', 3, NULL, 'assets/topic/asb/8605.png', 'My friend Sisa likes to play hide-and-seek.', NULL);
INSERT INTO `card` (id, type, title, header, content, option) VALUES ('16084_9', 3, NULL, 'assets/topic/asb/8606.png', 'My friend Ayanda likes to read.', NULL);
INSERT INTO `card` (id, type, title, header, content, option) VALUES ('16084_10', 3, NULL, 'assets/topic/asb/9857.png', 'Me? I like to do the things they like to do.', NULL);
INSERT INTO `card` (id, type, title, header, content, option) VALUES ('16084_11', 3, NULL, 'assets/topic/asb/8608.png', 'I play soccer with Zizo.', NULL);
INSERT INTO `card` (id, type, title, header, content, option) VALUES ('16084_12', 3, NULL, 'assets/topic/asb/8609.png', 'I swim with Lele.', NULL);
INSERT INTO `card` (id, type, title, header, content, option) VALUES ('16084_13', 3, NULL, 'assets/topic/asb/8610.png', 'I play hide-and-seek with Sisa.', NULL);
INSERT INTO `card` (id, type, title, header, content, option) VALUES ('16084_14', 3, NULL, 'assets/topic/asb/8607.png', 'Come, friend, what do you like?', NULL);
INSERT INTO `card` (id, type, title, header, content, option) VALUES ('16084_15', 3, NULL, 'assets/topic/asb/9845.png', 'Come, play soccer with us.', NULL);
INSERT INTO `card` (id, type, title, header, content, option) VALUES ('16084_16', 3, NULL, 'assets/topic/asb/9848.png', 'Come, swim with us.', NULL);
INSERT INTO `card` (id, type, title, header, content, option) VALUES ('16084_17', 3, NULL, 'assets/topic/asb/9858.png', 'Come, play hide-and-seek with us.', NULL);
INSERT INTO `card` (id, type, title, header, content, option) VALUES ('16084_18', 3, NULL, 'assets/topic/asb/9855.png', 'Come, read with us!', NULL);
INSERT INTO `card` (id, type, title, header, content, option) VALUES ('16084_19', 3, NULL, NULL, 'You are free to download, copy, translate or adapt this story and use the illustrations as long as you attribute in the following way:
Friends
Author -
Zimbili Dlamini and Hlengiwe Zondi
Translation -
Hlengiwe Zondi and Zimbili Dlamini
Illustration -
Catherine Groenewald
Language -
English
Level -
First words
© African Storybook Initiative and Molteno Institute 2014
Creative Commons: Attribution 4.0
Source
www.africanstorybook.org', NULL);
INSERT INTO `card` (id, type, title, header, content, option) VALUES ('16084_20', 1, 'Color football with different colors.', 'assets/topic/16084.svg', NULL, NULL);
INSERT INTO `cardExtra` (cardId, type, serial, content) VALUES ('16084_20', 2, 1, 'assets/topic/16084.svg');
INSERT INTO `card` (id, type, title, header, content, option) VALUES ('16084_21', 0, 'How many friends were there for Simon?', NULL, NULL, 'oneAtATime');
INSERT INTO `cardExtra` (cardId, type, serial, content) VALUES ('16084_21', 1, 1, 'Four');
INSERT INTO `cardExtra` (cardId, type, serial, content) VALUES ('16084_21', 0, 1, 'Three');
INSERT INTO `cardExtra` (cardId, type, serial, content) VALUES ('16084_21', 0, 2, 'Two');
INSERT INTO `cardExtra` (cardId, type, serial, content) VALUES ('16084_21', 0, 3, 'One');
INSERT INTO `card` (id, type, title, header, content, option) VALUES ('16084_26', 0, 'Simon''s friend Lele likes to swim.', NULL, NULL, 'oneAtATime');
INSERT INTO `cardExtra` (cardId, type, serial, content) VALUES ('16084_26', 1, 1, 'True.');
INSERT INTO `cardExtra` (cardId, type, serial, content) VALUES ('16084_26', 0, 1, 'False.');
INSERT INTO `card` (id, type, title, header, content, option) VALUES ('16084_29', 0, 'Simon''s friend Ayanda likes to read.', NULL, NULL, 'oneAtATime');
INSERT INTO `cardExtra` (cardId, type, serial, content) VALUES ('16084_29', 1, 1, 'True.');
INSERT INTO `cardExtra` (cardId, type, serial, content) VALUES ('16084_29', 0, 1, 'False.');
INSERT INTO `card` (id, type, title, header, content, option) VALUES ('16084_32', 0, 'What do you like to do in your free time?', NULL, NULL, 'open');
INSERT INTO `cardExtra` (cardId, type, serial, content) VALUES ('16084_32', 0, 1, 'Swim');
INSERT INTO `cardExtra` (cardId, type, serial, content) VALUES ('16084_32', 0, 2, 'Dance');
INSERT INTO `cardExtra` (cardId, type, serial, content) VALUES ('16084_32', 0, 3, 'Read');
INSERT INTO `cardExtra` (cardId, type, serial, content) VALUES ('16084_32', 0, 4, 'Play');
INSERT INTO `card` (id, type, title, header, content, option) VALUES ('19404', 2, 'Two little friends', 'assets/topic/asb/18402.png', 'Belainesh Woubishet
Jesse Pietersen', 'FFB3C8FF');
INSERT INTO `card` (id, type, title, header, content, option) VALUES ('19404_3', 3, NULL, 'assets/topic/asb/18401.png', 'There was Little Goat and Little Leopard. They became friends.', NULL);
INSERT INTO `card` (id, type, title, header, content, option) VALUES ('19404_4', 3, NULL, 'assets/topic/asb/18402.png', 'They went to a field together to play.', NULL);
INSERT INTO `card` (id, type, title, header, content, option) VALUES ('19404_5', 3, NULL, 'assets/topic/asb/18403.png', 'They returned home very late.', NULL);
INSERT INTO `card` (id, type, title, header, content, option) VALUES ('19404_6', 3, NULL, 'assets/topic/asb/18404.png', 'Little Goat said to his mama,  "I met a beautiful friend. I am so happy. We will meet again tomorrow."', NULL);
INSERT INTO `card` (id, type, title, header, content, option) VALUES ('19404_7', 3, NULL, 'assets/topic/asb/18405.png', 'Mama Goat answered,  "Oh my child. I am glad you are back safely. He is not our friend. Do not meet him tomorrow."', NULL);
INSERT INTO `card` (id, type, title, header, content, option) VALUES ('19404_8', 3, NULL, 'assets/topic/asb/18406.png', 'At the same time,  Little Leopard told his mother,  "I met a beautiful friend. I am happy. We will meet tomorrow."', NULL);
INSERT INTO `card` (id, type, title, header, content, option) VALUES ('19404_9', 3, NULL, 'assets/topic/asb/18407.png', 'Mama Leopard answered,  "Oh my son,  I am sorry you did not eat Little Goat. When you meet him tomorrow,  kill him and eat him."', NULL);
INSERT INTO `card` (id, type, title, header, content, option) VALUES ('19404_10', 3, NULL, 'assets/topic/asb/18408.png', 'The next day,  Little Leopard went to the Little Goat''s village.', NULL);
INSERT INTO `card` (id, type, title, header, content, option) VALUES ('19404_11', 3, NULL, 'assets/topic/asb/18409.png', 'Little Goat was not outside. He was hiding inside with his mother.', NULL);
INSERT INTO `card` (id, type, title, header, content, option) VALUES ('19404_12', 3, NULL, 'assets/topic/asb/18410.png', 'Little Leopard shouted,  "Let us go to the field to play."', NULL);
INSERT INTO `card` (id, type, title, header, content, option) VALUES ('19404_13', 3, NULL, 'assets/topic/asb/18411.png', 'Little Goat said,  "We are not friends anymore. I listen to my mama. Good children listen to their mamas."', NULL);
INSERT INTO `card` (id, type, title, header, content, option) VALUES ('19404_14', 3, NULL, 'assets/topic/asb/18412.png', 'Little Leopard was sad. He went back to his mama.', NULL);
INSERT INTO `card` (id, type, title, header, content, option) VALUES ('19404_15', 3, NULL, NULL, 'You are free to download, copy, translate or adapt this story and use the illustrations as long as you attribute in the following way:
Two little friends
Author -
Belainesh Woubishet
Illustration -
Jesse Pietersen
Language -
English
Level -
First sentences
© African Storybook Initiative 2016
Creative Commons: Attribution 4.0
Source
www.africanstorybook.org', NULL);
INSERT INTO `card` (id, type, title, header, content, option) VALUES ('19404_16', 1, 'Paint little goat and little leopard.', 'assets/topic/19404.svg', NULL, NULL);
INSERT INTO `cardExtra` (cardId, type, serial, content) VALUES ('19404_16', 2, 1, 'assets/topic/19404.svg');
INSERT INTO `card` (id, type, title, header, content, option) VALUES ('19404_17', 0, 'Whom did the little goat meet and became friends?', NULL, NULL, 'oneAtATime');
INSERT INTO `cardExtra` (cardId, type, serial, content) VALUES ('19404_17', 1, 1, 'Leopard');
INSERT INTO `cardExtra` (cardId, type, serial, content) VALUES ('19404_17', 0, 1, 'Tiger');
INSERT INTO `cardExtra` (cardId, type, serial, content) VALUES ('19404_17', 0, 2, 'Ant');
INSERT INTO `cardExtra` (cardId, type, serial, content) VALUES ('19404_17', 0, 3, 'Fox');
INSERT INTO `card` (id, type, title, header, content, option) VALUES ('19404_22', 0, 'Little leopard wanted to eat little goat.', NULL, NULL, 'oneAtATime');
INSERT INTO `cardExtra` (cardId, type, serial, content) VALUES ('19404_22', 1, 1, 'True.');
INSERT INTO `cardExtra` (cardId, type, serial, content) VALUES ('19404_22', 0, 1, 'False.');
INSERT INTO `card` (id, type, title, header, content, option) VALUES ('19404_25', 0, 'Little goat listened its mother and got saved.', NULL, NULL, 'oneAtATime');
INSERT INTO `cardExtra` (cardId, type, serial, content) VALUES ('19404_25', 1, 1, 'True.');
INSERT INTO `cardExtra` (cardId, type, serial, content) VALUES ('19404_25', 0, 1, 'false.');
INSERT INTO `card` (id, type, title, header, content, option) VALUES ('19404_28', 0, 'Who in your family always listens to the mother?', NULL, NULL, 'open');
INSERT INTO `cardExtra` (cardId, type, serial, content) VALUES ('19404_28', 0, 1, 'Me');
INSERT INTO `cardExtra` (cardId, type, serial, content) VALUES ('19404_28', 0, 2, 'Brother');
INSERT INTO `cardExtra` (cardId, type, serial, content) VALUES ('19404_28', 0, 3, 'Sister');
INSERT INTO `cardExtra` (cardId, type, serial, content) VALUES ('19404_28', 0, 4, 'Father');
INSERT INTO `card` (id, type, title, header, content, option) VALUES ('22462', 2, 'Three boxes of wealth', 'assets/topic/asb/26153.png', 'Angesom Abadi
Adonay  Gebru', 'FF9DEDE3');
INSERT INTO `card` (id, type, title, header, content, option) VALUES ('22462_3', 3, NULL, 'assets/topic/asb/26150.png', 'There lived an old man called Hagos. He lived with his three sons.
Hagos wanted his sons to have wealth after his death. He prepared three boxes for them.', NULL);
INSERT INTO `card` (id, type, title, header, content, option) VALUES ('22462_4', 3, NULL, 'assets/topic/asb/26151.png', 'Hagos went to his neighbour Haile and said, "I want my sons to have wealth. I have prepared three boxes. I want you to give them the boxes after I die."', NULL);
INSERT INTO `card` (id, type, title, header, content, option) VALUES ('22462_5', 3, NULL, 'assets/topic/asb/26152.png', 'After Hagos died, Haile called the sons together.
He told them, "Your father gave me these boxes before he died. You will each find your name on one of them. Take yours please."', NULL);
INSERT INTO `card` (id, type, title, header, content, option) VALUES ('22462_6', 3, NULL, 'assets/topic/asb/26153.png', 'The sons took the boxes and opened them.
The first box had gold in it. The second box had soil. The third box had animal dung in it.', NULL);
INSERT INTO `card` (id, type, title, header, content, option) VALUES ('22462_7', 3, NULL, 'assets/topic/asb/26154.png', 'The one who found gold was very happy. The other two were not happy. They started quarrelling with him.', NULL);
INSERT INTO `card` (id, type, title, header, content, option) VALUES ('22462_8', 3, NULL, 'assets/topic/asb/26155.png', '"You are brothers, you should not quarrel. Let me take you to a wise old man to advise you," said Haile to the three brothers.', NULL);
INSERT INTO `card` (id, type, title, header, content, option) VALUES ('22462_9', 3, NULL, 'assets/topic/asb/26156.png', 'Haile took the brothers to the wise old man.
"Good morning, we have come to ask advice about inheritance," said Haile to the old man.', NULL);
INSERT INTO `card` (id, type, title, header, content, option) VALUES ('22462_10', 3, NULL, 'assets/topic/asb/26157.png', 'Haile told the wise old man about the three boxes that Hagos had left for his sons.
"Now they are quarrelling because only one received gold," explained Haile.', NULL);
INSERT INTO `card` (id, type, title, header, content, option) VALUES ('22462_11', 3, NULL, 'assets/topic/asb/26158.png', 'The wise old man asserted, "Your father had a reason for giving each of you a particular box."', NULL);
INSERT INTO `card` (id, type, title, header, content, option) VALUES ('22462_12', 3, NULL, 'assets/topic/asb/26159.png', 'He continued, "The one who received gold, your father wants you to be a merchant. The one who received soil, your father wants you to be a farmer."', NULL);
INSERT INTO `card` (id, type, title, header, content, option) VALUES ('22462_13', 3, NULL, 'assets/topic/asb/26160.png', '"The one who received animal dung, your father wants you to be a cowboy. Your father wanted you each to have his own profession," the old man concluded.', NULL);
INSERT INTO `card` (id, type, title, header, content, option) VALUES ('22462_14', 3, NULL, 'assets/topic/asb/26161.png', 'After they listened to the old man''s advice the three brothers agreed. They worked in their professions and lived happily.', NULL);
INSERT INTO `card` (id, type, title, header, content, option) VALUES ('22462_15', 3, NULL, NULL, 'You are free to download, copy, translate or adapt this story and use the illustrations as long as you attribute in the following way:
Three boxes of wealth
Author -
ሰለሙን and ተኹሉ ይግዛው
Translation -
Angesom Abadi
Illustration -
Adonay  Gebru
Language -
English
Level -
First paragraphs
© African Storybook Initiative 2018
Creative Commons: Attribution 4.0
Source
www.africanstorybook.org', NULL);
INSERT INTO `card` (id, type, title, header, content, option) VALUES ('22462_16', 1, 'Paint different sized boxes.', 'assets/topic/22462.svg', NULL, NULL);
INSERT INTO `cardExtra` (cardId, type, serial, content) VALUES ('22462_16', 2, 1, 'assets/topic/22462.svg');
INSERT INTO `card` (id, type, title, header, content, option) VALUES ('22462_17', 0, 'How many sons did the old man have?', NULL, NULL, 'oneAtATime');
INSERT INTO `cardExtra` (cardId, type, serial, content) VALUES ('22462_17', 1, 1, 'Three');
INSERT INTO `cardExtra` (cardId, type, serial, content) VALUES ('22462_17', 0, 1, 'Two');
INSERT INTO `cardExtra` (cardId, type, serial, content) VALUES ('22462_17', 0, 2, 'One');
INSERT INTO `cardExtra` (cardId, type, serial, content) VALUES ('22462_17', 0, 3, 'Four');
INSERT INTO `card` (id, type, title, header, content, option) VALUES ('22462_22', 0, 'Father wanted person getting animal dung to become cowboy.', NULL, NULL, 'oneAtATime');
INSERT INTO `cardExtra` (cardId, type, serial, content) VALUES ('22462_22', 1, 1, 'True.');
INSERT INTO `cardExtra` (cardId, type, serial, content) VALUES ('22462_22', 0, 1, 'False.');
INSERT INTO `card` (id, type, title, header, content, option) VALUES ('22462_25', 0, 'If you were a farmer what will you do?', NULL, NULL, 'open');
INSERT INTO `cardExtra` (cardId, type, serial, content) VALUES ('22462_25', 0, 1, 'Till the land.');
INSERT INTO `cardExtra` (cardId, type, serial, content) VALUES ('22462_25', 0, 2, 'Sow seeds.');
INSERT INTO `cardExtra` (cardId, type, serial, content) VALUES ('22462_25', 0, 3, 'Feed cattle.');
INSERT INTO `cardExtra` (cardId, type, serial, content) VALUES ('22462_25', 0, 4, 'Grow my favourite crop.');
INSERT INTO `card` (id, type, title, header, content, option) VALUES ('22582', 2, 'Kariza''s questions', 'assets/topic/asb/25965.png', 'Aloysie Uwizeyemariya
Rob Owen', 'FF9DEDE3');
INSERT INTO `card` (id, type, title, header, content, option) VALUES ('22582_3', 3, NULL, 'assets/topic/asb/25964.png', 'Kariza loved to ask questions. She got this habit from her parents. They used to tell her, "If you don''t ask questions when you are young, you will grow up to be an ignorant adult!"', NULL);
INSERT INTO `card` (id, type, title, header, content, option) VALUES ('22582_4', 3, NULL, 'assets/topic/asb/25965.png', 'One day, Kariza asked her teacher, "Why do our parents always tell us to wash our hands before eating, even when our hands look clean?"
Her classmates liked her question. They didn''t like being told to wash their hands either.', NULL);
INSERT INTO `card` (id, type, title, header, content, option) VALUES ('22582_5', 3, NULL, 'assets/topic/asb/25966.png', 'The teacher answered, "That''s a good question, Kariza. Even when our hands look clean, they can still have germs on them."
She explained, "Germs cause illness. We cannot see germs using only our eyes, we need something more powerful to see germs."', NULL);
INSERT INTO `card` (id, type, title, header, content, option) VALUES ('22582_6', 3, NULL, 'assets/topic/asb/25967.png', 'The teacher got a microscope from the cupboard. "A microscope is a tool we use to see things that are too tiny for the human eye to see," she said.
The teacher gently scraped Kariza''s hands with a stick and then wiped it on a microscope slide.', NULL);
INSERT INTO `card` (id, type, title, header, content, option) VALUES ('22582_7', 3, NULL, 'assets/topic/asb/25968.png', 'The teacher put the slide on the microscope and this is what they saw through the viewer.
Even though Kariza''s hands did not look dirty, there were germs on them', NULL);
INSERT INTO `card` (id, type, title, header, content, option) VALUES ('22582_8', 3, NULL, 'assets/topic/asb/25969.png', '"There are germs all around us, on the things we touch in our classroom, playground or at home. These germs can make us very sick," warned their teacher.', NULL);
INSERT INTO `card` (id, type, title, header, content, option) VALUES ('22582_9', 3, NULL, 'assets/topic/asb/25970.png', 'She continued, "To kill these germs, we need to wash our hands with clean water and soap, especially before eating. Also, when we are sick we must wash our hands so that we don''t spread the germs."', NULL);
INSERT INTO `card` (id, type, title, header, content, option) VALUES ('22582_10', 3, NULL, 'assets/topic/asb/25971.png', 'When she got home, Kariza found her father making an interesting tool. "What are you making?" she asked.
"This is called a ''kandagirukarabe'' (step up and wash)," her father said. "You use it to wash your hands after using the toilet, and before each meal."', NULL);
INSERT INTO `card` (id, type, title, header, content, option) VALUES ('22582_11', 3, NULL, 'assets/topic/asb/25972.png', 'Kariza was surprised and said, "Oh yes! Our teacher has told us about this tool, but most of us do not know how to use it. How does it work?"
He laughed and told her, "Come closer and I will show you, my daughter."', NULL);
INSERT INTO `card` (id, type, title, header, content, option) VALUES ('22582_12', 3, NULL, 'assets/topic/asb/25973.png', '"First, step on this piece of wood on the floor," said father.', NULL);
INSERT INTO `card` (id, type, title, header, content, option) VALUES ('22582_13', 3, NULL, 'assets/topic/asb/25974.png', '"Then the water container will tilt and pour water onto your hands. Remember to wash with soap," he told Kariza.', NULL);
INSERT INTO `card` (id, type, title, header, content, option) VALUES ('22582_14', 3, NULL, 'assets/topic/asb/25975.png', 'Kariza was happy and said, "How would I know this without asking questions? It''s true that questions lead to knowledge."', NULL);
INSERT INTO `card` (id, type, title, header, content, option) VALUES ('22582_15', 3, NULL, NULL, 'You are free to download, copy, translate or adapt this story and use the illustrations as long as you attribute in the following way:
Kariza''s questions
Author -
Jean de Dieu Bavugempore
Translation -
Aloysie Uwizeyemariya
Illustration -
Rob Owen
Language -
English
Level -
Longer paragraphs
© African Storybook Initiative 2017
Creative Commons: Attribution 4.0
Source
www.africanstorybook.org', NULL);
INSERT INTO `card` (id, type, title, header, content, option) VALUES ('22582_16', 1, 'Paint Washing hands under tap.', 'assets/topic/22582.svg', NULL, NULL);
INSERT INTO `cardExtra` (cardId, type, serial, content) VALUES ('22582_16', 2, 1, 'assets/topic/22582.svg');
INSERT INTO `card` (id, type, title, header, content, option) VALUES ('22582_17', 0, 'What do Kariza likes to ask?', NULL, NULL, 'oneAtATime');
INSERT INTO `cardExtra` (cardId, type, serial, content) VALUES ('22582_17', 1, 1, 'Questions');
INSERT INTO `cardExtra` (cardId, type, serial, content) VALUES ('22582_17', 0, 1, 'Ball');
INSERT INTO `cardExtra` (cardId, type, serial, content) VALUES ('22582_17', 0, 2, 'Duster');
INSERT INTO `cardExtra` (cardId, type, serial, content) VALUES ('22582_17', 0, 3, 'Pen');
INSERT INTO `card` (id, type, title, header, content, option) VALUES ('22582_22', 0, 'Germs can make us sick if we dont clean our hands.', NULL, NULL, 'oneAtATime');
INSERT INTO `cardExtra` (cardId, type, serial, content) VALUES ('22582_22', 1, 1, 'True.');
INSERT INTO `cardExtra` (cardId, type, serial, content) VALUES ('22582_22', 0, 1, 'False.');
INSERT INTO `card` (id, type, title, header, content, option) VALUES ('22582_25', 0, 'How will you keep yourself healthy?', NULL, NULL, 'open');
INSERT INTO `cardExtra` (cardId, type, serial, content) VALUES ('22582_25', 0, 1, 'Eating healthy food');
INSERT INTO `cardExtra` (cardId, type, serial, content) VALUES ('22582_25', 0, 2, 'Keeping hands clean');
INSERT INTO `cardExtra` (cardId, type, serial, content) VALUES ('22582_25', 0, 3, 'Doing exercise');
INSERT INTO `cardExtra` (cardId, type, serial, content) VALUES ('22582_25', 0, 4, 'Wash hands before eating');
INSERT INTO `card` (id, type, title, header, content, option) VALUES ('19403', 2, 'Father''s advice', 'assets/topic/asb/17114.png', 'Mohammed Kuyu
Jacob Kono', 'FFCFB5DD');
INSERT INTO `card` (id, type, title, header, content, option) VALUES ('19403_3', 3, NULL, 'assets/topic/asb/17103.png', 'Once upon a time,  there was a father who had two sons.', NULL);
INSERT INTO `card` (id, type, title, header, content, option) VALUES ('19403_4', 3, NULL, 'assets/topic/asb/17104.png', 'One day,  he called his sons and said,  "I am old and will die soon. But before I die,  I want to see you in your own homes. You have one month to each make your own home. I want to see you back here after the month."', NULL);
INSERT INTO `card` (id, type, title, header, content, option) VALUES ('19403_5', 3, NULL, 'assets/topic/asb/17105.png', 'The two sons rushed out. The first one went to the roadside. He cut down trees and began to build a big compound for himself.', NULL);
INSERT INTO `card` (id, type, title, header, content, option) VALUES ('19403_6', 3, NULL, 'assets/topic/asb/17106.png', 'The second one,  however,  went out and started forming special relationships with other families. He went to different people,  and he became like their foster child.', NULL);
INSERT INTO `card` (id, type, title, header, content, option) VALUES ('19403_7', 3, NULL, 'assets/topic/asb/17107.png', 'After a month,  the two brothers came back to their father. The father said,  "Well,  have you built your homes?" And both of the brothers said,  "Yes."', NULL);
INSERT INTO `card` (id, type, title, header, content, option) VALUES ('19403_8', 3, NULL, 'assets/topic/asb/17108.png', 'The father went with his eldest son. He saw that the son had built many huts. As he walked by each hut,  he asked,  "Is there anybody in this hut?" Each time,  the son replied,  "No."', NULL);
INSERT INTO `card` (id, type, title, header, content, option) VALUES ('19403_9', 3, NULL, 'assets/topic/asb/17109.png', 'The father would ask,  "Is there anybody in this hut?" And the son would reply,  "No."', NULL);
INSERT INTO `card` (id, type, title, header, content, option) VALUES ('19403_10', 3, NULL, 'assets/topic/asb/17110.png', 'The father became hungry,  but there was no one to serve food to him. He said,  "Let''s go home." So they went home.', NULL);
INSERT INTO `card` (id, type, title, header, content, option) VALUES ('19403_11', 3, NULL, 'assets/topic/asb/17111.png', 'The second brother took them to the first family he had adopted. He introduced them,  "Here is my father and my brother." The family welcomed the men. They slaughtered a sheep and gave them a big feast.', NULL);
INSERT INTO `card` (id, type, title, header, content, option) VALUES ('19403_12', 3, NULL, 'assets/topic/asb/17112.png', 'They went to the second family the younger son had adopted. He introduced his father and brother and they were given another feast.', NULL);
INSERT INTO `card` (id, type, title, header, content, option) VALUES ('19403_13', 3, NULL, 'assets/topic/asb/17113.png', 'Father and brother were welcomed in all the places where the younger son was adopted. They ate and were satisfied. Then they left for home.', NULL);
INSERT INTO `card` (id, type, title, header, content, option) VALUES ('19403_14', 3, NULL, 'assets/topic/asb/17114.png', 'The father said,  "This is what I meant when I said you should make yourself a home. A home is more than many huts or a big expensive house. It is love,  warmth and friendship with other people."', NULL);
INSERT INTO `card` (id, type, title, header, content, option) VALUES ('19403_15', 3, NULL, NULL, 'You are free to download, copy, translate or adapt this story and use the illustrations as long as you attribute in the following way:
Father''s advice
Author -
Mohammed Kuyu and Elizabeth Laird
Illustration -
Jacob Kono
Language -
English
Level -
First paragraphs
© African Storybook Initiative 2016
Creative Commons: Attribution 4.0
Source
www.africanstorybook.org
Original source
www.ethiopianfolktales.com', NULL);
INSERT INTO `card` (id, type, title, header, content, option) VALUES ('19403_16', 1, 'Paint house and decorate it.', 'assets/topic/19403.svg', NULL, NULL);
INSERT INTO `cardExtra` (cardId, type, serial, content) VALUES ('19403_16', 2, 1, 'assets/topic/19403.svg');
INSERT INTO `card` (id, type, title, header, content, option) VALUES ('19403_17', 0, 'What did the father ask his sons to make?', NULL, NULL, 'oneAtATime');
INSERT INTO `cardExtra` (cardId, type, serial, content) VALUES ('19403_17', 1, 1, 'Home');
INSERT INTO `cardExtra` (cardId, type, serial, content) VALUES ('19403_17', 0, 1, 'Farm');
INSERT INTO `cardExtra` (cardId, type, serial, content) VALUES ('19403_17', 0, 2, 'money');
INSERT INTO `cardExtra` (cardId, type, serial, content) VALUES ('19403_17', 0, 3, 'Land');
INSERT INTO `card` (id, type, title, header, content, option) VALUES ('19403_22', 0, 'Home means love,  warmth and friendship with other people.', NULL, NULL, 'oneAtATime');
INSERT INTO `cardExtra` (cardId, type, serial, content) VALUES ('19403_22', 1, 1, 'True.');
INSERT INTO `cardExtra` (cardId, type, serial, content) VALUES ('19403_22', 0, 1, 'False.');
INSERT INTO `card` (id, type, title, header, content, option) VALUES ('19403_25', 0, 'What do understand from above story?', NULL, NULL, 'open');
INSERT INTO `cardExtra` (cardId, type, serial, content) VALUES ('19403_25', 0, 1, 'Be friendly');
INSERT INTO `cardExtra` (cardId, type, serial, content) VALUES ('19403_25', 0, 2, 'Be kind');
INSERT INTO `cardExtra` (cardId, type, serial, content) VALUES ('19403_25', 0, 3, 'Love one another');
INSERT INTO `cardExtra` (cardId, type, serial, content) VALUES ('19403_25', 0, 4, 'Turn house into home');
INSERT INTO `card` (id, type, title, header, content, option) VALUES ('22043', 2, 'The Hyena''s funeral', 'assets/topic/asb/25123.png', 'Daniel  Ewoi
Jacob Kono', 'FF9DEDE3');
INSERT INTO `card` (id, type, title, header, content, option) VALUES ('22043_3', 3, NULL, 'assets/topic/asb/25123.png', 'One day, the hyena''s son died.', NULL);
INSERT INTO `card` (id, type, title, header, content, option) VALUES ('22043_4', 3, NULL, 'assets/topic/asb/25124.png', 'A donkey heard the news.
He ran to his relatives and said, "The hyena''s son is dead." All the other donkeys said, "The hyena''s son? That''s good news. All the hyenas are our enemies."', NULL);
INSERT INTO `card` (id, type, title, header, content, option) VALUES ('22043_5', 3, NULL, 'assets/topic/asb/25125.png', 'One old donkey said, "Brothers, we must go to the hyena''s funeral and show respect."
"What? Go to the hyena''s funeral?" The other donkeys said. "We don''t want to go. We''re frightened. The hyenas will eat us."', NULL);
INSERT INTO `card` (id, type, title, header, content, option) VALUES ('22043_6', 3, NULL, 'assets/topic/asb/25126.png', '"Listen," said the old donkey. "If we don''t go, the hyenas will be angry with us. They will have a reason to eat us."
"You are right," said all the other donkeys. "We must go to the hyena''s funeral. If we go, the hyenas will be happy with us. Perhaps they will become our friends."', NULL);
INSERT INTO `card` (id, type, title, header, content, option) VALUES ('22043_7', 3, NULL, 'assets/topic/asb/25127.png', 'The hyenas saw the donkeys outside their house.
"Why are the donkeys here? Have they come to laugh at us?" The hyenas wondered.
The donkeys heard the hyenas. They were frightened and they began to sing.', NULL);
INSERT INTO `card` (id, type, title, header, content, option) VALUES ('22043_8', 3, NULL, 'assets/topic/asb/25128.png', 'This was the donkeys’ song:
"Great hyenas, you hunt all night.  And we hear you sing in the cold moonlight."
"Your teeth are long. Your eyes are bright. Though your food is black, your dung is white."
"But now your son lies on his bed. And he is dead! Our lord is dead!"', NULL);
INSERT INTO `card` (id, type, title, header, content, option) VALUES ('22043_9', 3, NULL, 'assets/topic/asb/25129.png', 'The dead hyena''s uncle answered them with another song: "Your song is good. Your words are sweet. Come in, dear donkeys. Take a seat!"
"But what did you bring for us to eat?
Hyenas are hungry. Hyenas want meat!"', NULL);
INSERT INTO `card` (id, type, title, header, content, option) VALUES ('22043_10', 3, NULL, 'assets/topic/asb/25130.png', 'The donkeys were very frightened now.
"Let''s run away," said one. "We can''t. The hyenas will chase us," said another.', NULL);
INSERT INTO `card` (id, type, title, header, content, option) VALUES ('22043_11', 3, NULL, 'assets/topic/asb/25131.png', 'The oldest donkey said, "My lords, we came to show respect to you. We are sorry that your son is dead. We will pray to God to comfort you. Now we must go back to our home."', NULL);
INSERT INTO `card` (id, type, title, header, content, option) VALUES ('22043_12', 3, NULL, 'assets/topic/asb/25132.png', 'The donkeys began to go.
"Wait!" the hyenas said. "You cannot leave. You must give us something to eat. Cut off your lips and give them to us."', NULL);
INSERT INTO `card` (id, type, title, header, content, option) VALUES ('22043_13', 3, NULL, 'assets/topic/asb/25133.png', 'The donkeys looked at each other.
"If we give them our lips, perhaps they will let us go," they thought.', NULL);
INSERT INTO `card` (id, type, title, header, content, option) VALUES ('22043_14', 3, NULL, 'assets/topic/asb/25134.png', 'The hyenas cut off the donkeys'' lips, and ate them.', NULL);
INSERT INTO `card` (id, type, title, header, content, option) VALUES ('22043_15', 3, NULL, 'assets/topic/asb/25135.png', 'Again, the donkeys tried to go.', NULL);
INSERT INTO `card` (id, type, title, header, content, option) VALUES ('22043_16', 3, NULL, 'assets/topic/asb/25136.png', '"Stop!" Cried the dead hyena''s uncle. "My brothers, will you let these donkeys go? Look at them! We can see their teeth! They are laughing at us!"
"They are laughing! They are laughing!" said all the hyenas.', NULL);
INSERT INTO `card` (id, type, title, header, content, option) VALUES ('22043_17', 3, NULL, 'assets/topic/asb/25137.png', 'They jumped on the donkeys. They killed them, and began to eat them.', NULL);
INSERT INTO `card` (id, type, title, header, content, option) VALUES ('22043_18', 3, NULL, 'assets/topic/asb/25138.png', 'Before the oldest donkey died, he looked at the hyenas and said, "Wicked hyenas, we came with our song to comfort you but we were wrong! Next time you are hungry, don''t pretend that you need a reason to eat your friend!"', NULL);
INSERT INTO `card` (id, type, title, header, content, option) VALUES ('22043_19', 3, NULL, NULL, 'You are free to download, copy, translate or adapt this story and use the illustrations as long as you attribute in the following way:
The Hyena''s funeral
Author -
Elizabeth  Laird and Yirga  Ejigu
Translation -
Daniel  Ewoi, James  Ebulon, James  Eipa, Johnstone  Ekadeli, Magdaline  Naumo, Roselyne  Arot and Roselyne Wasike
Illustration -
Jacob Kono
Language -
English
Level -
Longer paragraphs
© African Storybook Initiative 2016
Creative Commons: Attribution 4.0
Source
www.africanstorybook.org', NULL);
INSERT INTO `card` (id, type, title, header, content, option) VALUES ('22043_20', 1, 'Paint donkey and decorate it.', 'assets/topic/22043.svg', NULL, NULL);
INSERT INTO `cardExtra` (cardId, type, serial, content) VALUES ('22043_20', 2, 1, 'assets/topic/22043.svg');
INSERT INTO `card` (id, type, title, header, content, option) VALUES ('22043_21', 0, 'Donkey were kind and went to comfort hyenas.', NULL, NULL, 'oneAtATime');
INSERT INTO `cardExtra` (cardId, type, serial, content) VALUES ('22043_21', 1, 1, 'True.');
INSERT INTO `cardExtra` (cardId, type, serial, content) VALUES ('22043_21', 0, 1, 'False.');
INSERT INTO `card` (id, type, title, header, content, option) VALUES ('22043_24', 0, 'Hyenas were cunning and wanted to eat donkey.', NULL, NULL, 'oneAtATime');
INSERT INTO `cardExtra` (cardId, type, serial, content) VALUES ('22043_24', 1, 1, 'True.');
INSERT INTO `cardExtra` (cardId, type, serial, content) VALUES ('22043_24', 0, 1, 'False.');
INSERT INTO `card` (id, type, title, header, content, option) VALUES ('22043_27', 0, 'What will you do if you see your enemy suffering?', NULL, NULL, 'open');
INSERT INTO `cardExtra` (cardId, type, serial, content) VALUES ('22043_27', 0, 1, 'Help him');
INSERT INTO `cardExtra` (cardId, type, serial, content) VALUES ('22043_27', 0, 2, 'Avoid Him');
INSERT INTO `cardExtra` (cardId, type, serial, content) VALUES ('22043_27', 0, 3, 'Inform his side people');
INSERT INTO `cardExtra` (cardId, type, serial, content) VALUES ('22043_27', 0, 4, 'Take suggestion of my elders');
INSERT INTO `card` (id, type, title, header, content, option) VALUES ('3101', 2, 'Two', 'assets/topic/asb/3062.png', 'Carole Bloch
 Richard MacIntosh', 'FF9DEDE3');
INSERT INTO `card` (id, type, title, header, content, option) VALUES ('3101_3', 3, NULL, 'assets/topic/asb/3061.png', NULL, NULL);
INSERT INTO `card` (id, type, title, header, content, option) VALUES ('3101_4', 3, NULL, 'assets/topic/asb/3063.png', 'Two little hands to hold.', NULL);
INSERT INTO `card` (id, type, title, header, content, option) VALUES ('3101_5', 3, NULL, 'assets/topic/asb/3064.png', NULL, NULL);
INSERT INTO `card` (id, type, title, header, content, option) VALUES ('3101_6', 3, NULL, 'assets/topic/asb/3065.png', 'Two little feet to kick.', NULL);
INSERT INTO `card` (id, type, title, header, content, option) VALUES ('3101_7', 3, NULL, 'assets/topic/asb/3066.png', NULL, NULL);
INSERT INTO `card` (id, type, title, header, content, option) VALUES ('3101_8', 3, NULL, 'assets/topic/asb/3067.png', 'Two little eyes to see.', NULL);
INSERT INTO `card` (id, type, title, header, content, option) VALUES ('3101_9', 3, NULL, 'assets/topic/asb/3068.png', NULL, NULL);
INSERT INTO `card` (id, type, title, header, content, option) VALUES ('3101_10', 3, NULL, 'assets/topic/asb/3069.png', 'Two little ears to hear.', NULL);
INSERT INTO `card` (id, type, title, header, content, option) VALUES ('3101_11', 3, NULL, 'assets/topic/asb/3070.png', 'And two loving arms to HUG!', NULL);
INSERT INTO `card` (id, type, title, header, content, option) VALUES ('3101_12', 3, NULL, 'assets/topic/asb/3071.png', 'And two loving arms to HUG!', NULL);
INSERT INTO `card` (id, type, title, header, content, option) VALUES ('3101_13', 3, NULL, NULL, 'You are free to download, copy, translate or adapt this story and use the illustrations as long as you attribute in the following way:
Two
Author -
Carole Bloch
Illustration -
Richard MacIntosh
Language -
English
Level -
First words
© Carole Bloch, Richard Macintosh and Praesa, 2002
Creative Commons: Attribution-Non Commercial 3.0
Source
www.africanstorybook.org
Original source
http://www.littlehandstrust.com/books.html', NULL);
INSERT INTO `card` (id, type, title, header, content, option) VALUES ('3101_14', 1, 'Draw two little hands.', 'assets/topic/3101.svg', NULL, NULL);
INSERT INTO `cardExtra` (cardId, type, serial, content) VALUES ('3101_14', 2, 1, 'assets/topic/3101.svg');
INSERT INTO `card` (id, type, title, header, content, option) VALUES ('3101_15', 0, 'Two lilttle hands are to hold', NULL, NULL, 'oneAtATime');
INSERT INTO `cardExtra` (cardId, type, serial, content) VALUES ('3101_15', 1, 1, 'True.');
INSERT INTO `cardExtra` (cardId, type, serial, content) VALUES ('3101_15', 0, 1, 'False.');
INSERT INTO `card` (id, type, title, header, content, option) VALUES ('3101_18', 0, 'Two little ears to hear.', NULL, NULL, 'oneAtATime');
INSERT INTO `cardExtra` (cardId, type, serial, content) VALUES ('3101_18', 1, 1, 'True.');
INSERT INTO `cardExtra` (cardId, type, serial, content) VALUES ('3101_18', 0, 1, 'False.');
INSERT INTO `card` (id, type, title, header, content, option) VALUES ('3101_21', 0, 'There is always loving arms to hug.', NULL, NULL, 'oneAtATime');
INSERT INTO `cardExtra` (cardId, type, serial, content) VALUES ('3101_21', 1, 1, 'True.');
INSERT INTO `cardExtra` (cardId, type, serial, content) VALUES ('3101_21', 0, 1, 'False.');
INSERT INTO `card` (id, type, title, header, content, option) VALUES ('3101_24', 0, 'Who have you hugged with your loving arms?', NULL, NULL, 'open');
INSERT INTO `cardExtra` (cardId, type, serial, content) VALUES ('3101_24', 0, 1, 'Mother');
INSERT INTO `cardExtra` (cardId, type, serial, content) VALUES ('3101_24', 0, 2, 'Father');
INSERT INTO `cardExtra` (cardId, type, serial, content) VALUES ('3101_24', 0, 3, 'Sister');
INSERT INTO `cardExtra` (cardId, type, serial, content) VALUES ('3101_24', 0, 4, 'Friend');
INSERT INTO `card` (id, type, title, header, content, option) VALUES ('19877', 2, 'Africa unity race', 'assets/topic/asb/19868.png', 'Nina Orange
Brian Wambi', 'FF9DEDE3');
INSERT INTO `card` (id, type, title, header, content, option) VALUES ('19877_3', 3, NULL, 'assets/topic/asb/19860.png', 'Kadogo and Juma are friends who love running. They run together every day.', NULL);
INSERT INTO `card` (id, type, title, header, content, option) VALUES ('19877_4', 3, NULL, 'assets/topic/asb/19861.png', 'One day, Juma said, "Let''s run across our continent. Let''s race to support the idea of African unity!"
"Let''s go!" cheered Kadogo.', NULL);
INSERT INTO `card` (id, type, title, header, content, option) VALUES ('19877_5', 3, NULL, 'assets/topic/asb/19862.png', 'They decided to carry a unity torch on their journey.
They started the race in the far south, in Cape Town.', NULL);
INSERT INTO `card` (id, type, title, header, content, option) VALUES ('19877_6', 3, NULL, 'assets/topic/asb/19863.png', 'From South Africa they headed along the west coast. They ran through Namibia, Angola, DRC, Congo and Cameroon. They rested in Abuja.', NULL);
INSERT INTO `card` (id, type, title, header, content, option) VALUES ('19877_7', 3, NULL, 'assets/topic/asb/19864.png', 'West African runners joined the friends in Nigeria. They continued together, following the River Niger further west.', NULL);
INSERT INTO `card` (id, type, title, header, content, option) VALUES ('19877_8', 3, NULL, 'assets/topic/asb/19865.png', 'A sandstorm in Mali made it difficult to run. Juma was the strongest of all of them. He led the way safely.', NULL);
INSERT INTO `card` (id, type, title, header, content, option) VALUES ('19877_9', 3, NULL, 'assets/topic/asb/19866.png', 'At Guinea''s coast in Conakry the dusty runners washed in the sea. Then they decided to race to Morocco through Senegal and Mauritania.', NULL);
INSERT INTO `card` (id, type, title, header, content, option) VALUES ('19877_10', 3, NULL, 'assets/topic/asb/19867.png', 'At Casablanca the runners played with other young people on the beaches.
Next, they set off across north Africa.', NULL);
INSERT INTO `card` (id, type, title, header, content, option) VALUES ('19877_11', 3, NULL, 'assets/topic/asb/19868.png', 'They ran through Algeria and Libya, and stopped in Egypt to visit the pyramids. Then they headed east,  following the River Nile to Uganda.', NULL);
INSERT INTO `card` (id, type, title, header, content, option) VALUES ('19877_12', 3, NULL, 'assets/topic/asb/19869.png', 'They ran through deserts and national parks. More young people joined them in Kampala. The group headed for Kenya''s coast.', NULL);
INSERT INTO `card` (id, type, title, header, content, option) VALUES ('19877_13', 3, NULL, 'assets/topic/asb/19870.png', 'In Mombasa they sat on the beach and ate coconut rice with fish.
Juma said, "Let''s take the unity torch to Mount Kilimanjaro."', NULL);
INSERT INTO `card` (id, type, title, header, content, option) VALUES ('19877_14', 3, NULL, 'assets/topic/asb/19871.png', 'But Juma was tired. On the way to Tanzania, he fell down.
All the runners stopped and turned back to help Juma.', NULL);
INSERT INTO `card` (id, type, title, header, content, option) VALUES ('19877_15', 3, NULL, 'assets/topic/asb/19872.png', 'Juma passed on the torch to Kadogo. He said, "You carry the torch to Mount Kilimanjaro. Light a flame for African unity."', NULL);
INSERT INTO `card` (id, type, title, header, content, option) VALUES ('19877_16', 3, NULL, 'assets/topic/asb/19873.png', 'People cheered the runners saying, "You are our heroes."
After lighting a unity flame high on Kilimanjaro, they continued back into southern Africa.', NULL);
INSERT INTO `card` (id, type, title, header, content, option) VALUES ('19877_17', 3, NULL, 'assets/topic/asb/19874.png', 'They stopped to swim in Lake Malawi. Kadogo said to Juma, "We''ve run south to north and back again. Our journey is ending."', NULL);
INSERT INTO `card` (id, type, title, header, content, option) VALUES ('19877_18', 3, NULL, 'assets/topic/asb/19875.png', 'The unity runners finally carried the torch to Great Zimbabwe. Crowds gathered at this important place.
"What a race!" smiled Juma.', NULL);
INSERT INTO `card` (id, type, title, header, content, option) VALUES ('19877_19', 3, NULL, NULL, 'You are free to download, copy, translate or adapt this story and use the illustrations as long as you attribute in the following way:
Africa unity race
Author -
Nina Orange and Ursula Nafula
Illustration -
Brian Wambi
Language -
English
Level -
First sentences
© African Storybook Initiative 2016
Creative Commons: Attribution 4.0
Source
www.africanstorybook.org', NULL);
INSERT INTO `card` (id, type, title, header, content, option) VALUES ('19877_20', 1, 'Paint people running.', 'assets/topic/19877.svg', NULL, NULL);
INSERT INTO `cardExtra` (cardId, type, serial, content) VALUES ('19877_20', 2, 1, 'assets/topic/19877.svg');
INSERT INTO `card` (id, type, title, header, content, option) VALUES ('19877_21', 0, 'Where did Juma and kadogo wanted to run across?', NULL, NULL, 'oneAtATime');
INSERT INTO `cardExtra` (cardId, type, serial, content) VALUES ('19877_21', 1, 1, 'Continent');
INSERT INTO `cardExtra` (cardId, type, serial, content) VALUES ('19877_21', 0, 1, 'City');
INSERT INTO `cardExtra` (cardId, type, serial, content) VALUES ('19877_21', 0, 2, 'Village');
INSERT INTO `cardExtra` (cardId, type, serial, content) VALUES ('19877_21', 0, 3, 'State');
INSERT INTO `card` (id, type, title, header, content, option) VALUES ('19877_26', 0, 'They decided to carry unity torch on their journey.', NULL, NULL, 'oneAtATime');
INSERT INTO `cardExtra` (cardId, type, serial, content) VALUES ('19877_26', 1, 1, 'True.');
INSERT INTO `cardExtra` (cardId, type, serial, content) VALUES ('19877_26', 0, 1, 'False.');
INSERT INTO `card` (id, type, title, header, content, option) VALUES ('19877_29', 0, 'Kadogo carried light to kilimanjaro and light the flame.', NULL, NULL, 'oneAtATime');
INSERT INTO `cardExtra` (cardId, type, serial, content) VALUES ('19877_29', 1, 1, 'True.');
INSERT INTO `cardExtra` (cardId, type, serial, content) VALUES ('19877_29', 0, 1, 'false.');
INSERT INTO `card` (id, type, title, header, content, option) VALUES ('19877_32', 0, 'What do you feel about running for unity?', NULL, NULL, 'open');
INSERT INTO `cardExtra` (cardId, type, serial, content) VALUES ('19877_32', 0, 1, 'Exciting');
INSERT INTO `cardExtra` (cardId, type, serial, content) VALUES ('19877_32', 0, 2, 'Having fun');
INSERT INTO `cardExtra` (cardId, type, serial, content) VALUES ('19877_32', 0, 3, 'Representing unity');
INSERT INTO `cardExtra` (cardId, type, serial, content) VALUES ('19877_32', 0, 4, 'Meet new people');
INSERT INTO `card` (id, type, title, header, content, option) VALUES ('21635', 2, 'Annoying mosquito', 'assets/topic/asb/14756.png', 'Ursula Nafula
Magriet Brink', 'FFF4E1B5');
INSERT INTO `card` (id, type, title, header, content, option) VALUES ('21635_3', 3, NULL, 'assets/topic/asb/14755.png', 'Knock! Knock!', NULL);
INSERT INTO `card` (id, type, title, header, content, option) VALUES ('21635_4', 3, NULL, 'assets/topic/asb/14756.png', '"Who is there?" I ask sleepily.', NULL);
INSERT INTO `card` (id, type, title, header, content, option) VALUES ('21635_5', 3, NULL, 'assets/topic/asb/14757.png', '"It is me," a shrill voice says.', NULL);
INSERT INTO `card` (id, type, title, header, content, option) VALUES ('21635_6', 3, NULL, 'assets/topic/asb/14758.png', '"Who is ''me''?" I ask.', NULL);
INSERT INTO `card` (id, type, title, header, content, option) VALUES ('21635_7', 3, NULL, 'assets/topic/asb/14759.png', '"I told you,  it is o-n-l-y m-e," the same voice says.', NULL);
INSERT INTO `card` (id, type, title, header, content, option) VALUES ('21635_8', 3, NULL, 'assets/topic/asb/14760.png', '"I don''t know anyone called,  ''o-n-l-y m-e''," I reply. I check that my mosquito net is tucked in around my bed.', NULL);
INSERT INTO `card` (id, type, title, header, content, option) VALUES ('21635_9', 3, NULL, 'assets/topic/asb/14761.png', '"Well,  my name is Amos." The voice sounds more shrill than before. It is very close to my ear.', NULL);
INSERT INTO `card` (id, type, title, header, content, option) VALUES ('21635_10', 3, NULL, 'assets/topic/asb/14762.png', '"Amos who?" I ask as I look under the net.', NULL);
INSERT INTO `card` (id, type, title, header, content, option) VALUES ('21635_11', 3, NULL, 'assets/topic/asb/14763.png', '"Amos Quito," the voice finally says. I feel a bite on my ear.', NULL);
INSERT INTO `card` (id, type, title, header, content, option) VALUES ('21635_12', 3, NULL, 'assets/topic/asb/14764.png', '"Ouch!" I jump up and begin to search. "You will pay for this!" I shout.', NULL);
INSERT INTO `card` (id, type, title, header, content, option) VALUES ('21635_13', 3, NULL, 'assets/topic/asb/14766.png', 'Angrily,  I get out of bed and switch on the light.', NULL);
INSERT INTO `card` (id, type, title, header, content, option) VALUES ('21635_14', 3, NULL, 'assets/topic/asb/14765.png', 'I declare war on the annoying Amos Quito!', NULL);
INSERT INTO `card` (id, type, title, header, content, option) VALUES ('21635_15', 3, NULL, NULL, 'You are free to download, copy, translate or adapt this story and use the illustrations as long as you attribute in the following way:
Annoying mosquito
Author -
Ursula Nafula
Illustration -
Magriet Brink
Language -
English
Level -
First sentences
© African Storybook Initiative 2016
Creative Commons: Attribution 4.0
Source
www.africanstorybook.org', NULL);
INSERT INTO `card` (id, type, title, header, content, option) VALUES ('21635_16', 1, 'Paint a mosquito and decorate it.', 'assets/topic/21635.svg', NULL, NULL);
INSERT INTO `cardExtra` (cardId, type, serial, content) VALUES ('21635_16', 2, 1, 'assets/topic/21635.svg');
INSERT INTO `card` (id, type, title, header, content, option) VALUES ('21635_17', 0, 'Who replied in a shrill voice?', NULL, NULL, 'oneAtATime');
INSERT INTO `cardExtra` (cardId, type, serial, content) VALUES ('21635_17', 1, 1, 'Mosquito');
INSERT INTO `cardExtra` (cardId, type, serial, content) VALUES ('21635_17', 0, 1, 'Fly');
INSERT INTO `cardExtra` (cardId, type, serial, content) VALUES ('21635_17', 0, 2, 'Grass hopper');
INSERT INTO `cardExtra` (cardId, type, serial, content) VALUES ('21635_17', 0, 3, 'Bed bug');
INSERT INTO `card` (id, type, title, header, content, option) VALUES ('21635_22', 0, 'When he did not find mosquito he switched on lights.', NULL, NULL, 'oneAtATime');
INSERT INTO `cardExtra` (cardId, type, serial, content) VALUES ('21635_22', 1, 1, 'True.');
INSERT INTO `cardExtra` (cardId, type, serial, content) VALUES ('21635_22', 0, 1, 'False.');
INSERT INTO `card` (id, type, title, header, content, option) VALUES ('21635_25', 0, 'How will you fight a mosquito?', NULL, NULL, 'open');
INSERT INTO `cardExtra` (cardId, type, serial, content) VALUES ('21635_25', 0, 1, 'Hit with hand');
INSERT INTO `cardExtra` (cardId, type, serial, content) VALUES ('21635_25', 0, 2, 'Use Spray');
INSERT INTO `cardExtra` (cardId, type, serial, content) VALUES ('21635_25', 0, 3, 'Mosquito bat');
INSERT INTO `cardExtra` (cardId, type, serial, content) VALUES ('21635_25', 0, 4, 'Lit a mosquito coil.');
INSERT INTO `card` (id, type, title, header, content, option) VALUES ('19401', 2, 'Ostrich and Lioness', 'assets/topic/asb/19205.png', 'Turkana ECD Teachers
 Brian Wambi', 'FFB3C8FF');
INSERT INTO `card` (id, type, title, header, content, option) VALUES ('19401_3', 3, NULL, 'assets/topic/asb/19195.png', 'Ostrich and Lioness were great friends. Both of them had young ones.', NULL);
INSERT INTO `card` (id, type, title, header, content, option) VALUES ('19401_4', 3, NULL, 'assets/topic/asb/19196.png', 'Ostrich fed her chicks well.', NULL);
INSERT INTO `card` (id, type, title, header, content, option) VALUES ('19401_5', 3, NULL, 'assets/topic/asb/19197.png', 'The cubs had little food to eat.', NULL);
INSERT INTO `card` (id, type, title, header, content, option) VALUES ('19401_6', 3, NULL, 'assets/topic/asb/19198.png', 'Lioness looked at the chicks and thought,  "They are beautiful! I wish they were mine."', NULL);
INSERT INTO `card` (id, type, title, header, content, option) VALUES ('19401_7', 3, NULL, 'assets/topic/asb/19199.png', 'When Ostrich was away,  Lioness took the chicks to her home.', NULL);
INSERT INTO `card` (id, type, title, header, content, option) VALUES ('19401_8', 3, NULL, 'assets/topic/asb/19200.png', 'Ostrich returned and found the cubs in her home. She cried,  "Where are my children?"', NULL);
INSERT INTO `card` (id, type, title, header, content, option) VALUES ('19401_9', 3, NULL, 'assets/topic/asb/19201.png', 'Ostrich ran to Lioness'' hut and saw her chicks with Lioness.', NULL);
INSERT INTO `card` (id, type, title, header, content, option) VALUES ('19401_10', 3, NULL, 'assets/topic/asb/19202.png', 'Lioness refused to let Ostrich take her chicks. She said,  "They are mine now. You can have the cubs."', NULL);
INSERT INTO `card` (id, type, title, header, content, option) VALUES ('19401_11', 3, NULL, 'assets/topic/asb/19203.png', 'Ostrich was angry and upset. "What can I do to get back my children?" she wondered to herself.', NULL);
INSERT INTO `card` (id, type, title, header, content, option) VALUES ('19401_12', 3, NULL, 'assets/topic/asb/19204.png', 'Then she thought,  "I know what to do. I will call all the animals for a meeting."', NULL);
INSERT INTO `card` (id, type, title, header, content, option) VALUES ('19401_13', 3, NULL, 'assets/topic/asb/19205.png', 'The animals gathered together.', NULL);
INSERT INTO `card` (id, type, title, header, content, option) VALUES ('19401_14', 3, NULL, 'assets/topic/asb/19206.png', 'Elephant asked Ostrich and Lioness to speak.', NULL);
INSERT INTO `card` (id, type, title, header, content, option) VALUES ('19401_15', 3, NULL, 'assets/topic/asb/19207.png', 'Most of the animals were afraid to blame Lioness.', NULL);
INSERT INTO `card` (id, type, title, header, content, option) VALUES ('19401_16', 3, NULL, 'assets/topic/asb/19208.png', 'Finally,  Squirrel stood up and said,  "Children that look like birds,  belong to Ostrich. Those with tails,  belong to Lioness."', NULL);
INSERT INTO `card` (id, type, title, header, content, option) VALUES ('19401_17', 3, NULL, 'assets/topic/asb/19209.png', 'Then Squirrel disappeared into a hole. All the animals cheered.', NULL);
INSERT INTO `card` (id, type, title, header, content, option) VALUES ('19401_18', 3, NULL, 'assets/topic/asb/19210.png', 'Lioness was very annoyed. She went home with her cubs.', NULL);
INSERT INTO `card` (id, type, title, header, content, option) VALUES ('19401_19', 3, NULL, NULL, 'You are free to download, copy, translate or adapt this story and use the illustrations as long as you attribute in the following way:
Ostrich and Lioness
Author -
Daniel Nanok
Translation -
Turkana ECD Teachers
Illustration -
Brian Wambi
Language -
English
Level -
First sentences
© African Storybook Initiative 2016
Creative Commons: Attribution 4.0
Source
www.africanstorybook.org', NULL);
INSERT INTO `card` (id, type, title, header, content, option) VALUES ('19401_20', 1, 'Paint any animal and it young ones.', 'assets/topic/19401.svg', NULL, NULL);
INSERT INTO `cardExtra` (cardId, type, serial, content) VALUES ('19401_20', 2, 1, 'assets/topic/19401.svg');
INSERT INTO `card` (id, type, title, header, content, option) VALUES ('19401_21', 0, 'Ostrich fed her chicks well.', NULL, NULL, 'oneAtATime');
INSERT INTO `cardExtra` (cardId, type, serial, content) VALUES ('19401_21', 1, 1, 'True.');
INSERT INTO `cardExtra` (cardId, type, serial, content) VALUES ('19401_21', 0, 1, 'False.');
INSERT INTO `card` (id, type, title, header, content, option) VALUES ('19401_24', 0, 'The cubs had little food to eat.', NULL, NULL, 'oneAtATime');
INSERT INTO `cardExtra` (cardId, type, serial, content) VALUES ('19401_24', 1, 1, 'True.');
INSERT INTO `cardExtra` (cardId, type, serial, content) VALUES ('19401_24', 0, 1, 'False.');
INSERT INTO `card` (id, type, title, header, content, option) VALUES ('19401_27', 0, 'Which animal judged properly and ran in to hole?', NULL, NULL, 'oneAtATime');
INSERT INTO `cardExtra` (cardId, type, serial, content) VALUES ('19401_27', 1, 1, 'Squirrel');
INSERT INTO `cardExtra` (cardId, type, serial, content) VALUES ('19401_27', 0, 1, 'Elephant');
INSERT INTO `cardExtra` (cardId, type, serial, content) VALUES ('19401_27', 0, 2, 'Tortoise');
INSERT INTO `cardExtra` (cardId, type, serial, content) VALUES ('19401_27', 0, 3, 'Chimpanzee');
INSERT INTO `card` (id, type, title, header, content, option) VALUES ('19401_32', 0, 'Why do you think lioness changed her cubs with chicks?', NULL, NULL, 'open');
INSERT INTO `cardExtra` (cardId, type, serial, content) VALUES ('19401_32', 0, 1, 'She found chicks cute');
INSERT INTO `cardExtra` (cardId, type, serial, content) VALUES ('19401_32', 0, 2, 'Chicks had little food');
INSERT INTO `cardExtra` (cardId, type, serial, content) VALUES ('19401_32', 0, 3, 'She wanted to eat them');
INSERT INTO `cardExtra` (cardId, type, serial, content) VALUES ('19401_32', 0, 4, 'She did not remember her cubs');
INSERT INTO `card` (id, type, title, header, content, option) VALUES ('15611', 2, 'Goat and Hyena''s knife', 'assets/topic/asb/13567.png', 'Cornelius Wekunya
Wiehan de Jager', 'FF9DEDE3');
INSERT INTO `card` (id, type, title, header, content, option) VALUES ('15611_3', 3, NULL, 'assets/topic/asb/13550.png', 'Once upon a time,  there was a long dry spell. The animals ate all the grass in the country. Only the imbowa plants on the big trees survived.', NULL);
INSERT INTO `card` (id, type, title, header, content, option) VALUES ('15611_4', 3, NULL, 'assets/topic/asb/13552.png', 'One day Goat saw Hyena pass by with a knife. Goat asked for the knife so that she could cut imbowa plants to eat.', NULL);
INSERT INTO `card` (id, type, title, header, content, option) VALUES ('15611_5', 3, NULL, 'assets/topic/asb/13551.png', 'Hyena gave the knife to Goat. She cut down the climbing plant,  and ate until she was full. Goat forgot all about the knife she had used.', NULL);
INSERT INTO `card` (id, type, title, header, content, option) VALUES ('15611_6', 3, NULL, 'assets/topic/asb/13566.png', 'When Hyena returned to ask for the knife,  Goat was at a loss. She could not remember where she had dropped it.', NULL);
INSERT INTO `card` (id, type, title, header, content, option) VALUES ('15611_7', 3, NULL, 'assets/topic/asb/13567.png', 'Goat scratched here and there in search of the knife. Up to today Goat is still looking for that knife.', NULL);
INSERT INTO `card` (id, type, title, header, content, option) VALUES ('15611_8', 3, NULL, 'assets/topic/asb/13568.png', 'Hyena told Goat,  "Since you have lost my knife,  which was the source of my livelihood,  I will eat you. Then I will eat your offspring!"', NULL);
INSERT INTO `card` (id, type, title, header, content, option) VALUES ('15611_9', 3, NULL, 'assets/topic/asb/13569.png', 'From that time,  Hyena has never spared Goat.', NULL);
INSERT INTO `card` (id, type, title, header, content, option) VALUES ('15611_10', 3, NULL, 'assets/topic/asb/13570.png', 'Meanwhile,  Goat continues to search for Hyena''s knife.', NULL);
INSERT INTO `card` (id, type, title, header, content, option) VALUES ('15611_11', 3, NULL, NULL, 'You are free to download, copy, translate or adapt this story and use the illustrations as long as you attribute in the following way:
Goat and Hyena''s knife
Author -
Wekunya Cornelius
Translation -
Cornelius Wekunya
Illustration -
Wiehan de Jager
Language -
English
Level -
First paragraphs
© African Storybook Initiative 2015
Creative Commons: Attribution 4.0
Source
www.africanstorybook.org', NULL);
INSERT INTO `card` (id, type, title, header, content, option) VALUES ('15611_12', 1, 'Paint Goat and decorate it.', 'assets/topic/15611.svg', NULL, NULL);
INSERT INTO `cardExtra` (cardId, type, serial, content) VALUES ('15611_12', 2, 1, 'assets/topic/15611.svg');
INSERT INTO `card` (id, type, title, header, content, option) VALUES ('15611_13', 0, 'From whom did goat take the knife?', NULL, NULL, 'oneAtATime');
INSERT INTO `cardExtra` (cardId, type, serial, content) VALUES ('15611_13', 1, 1, 'Hyena');
INSERT INTO `cardExtra` (cardId, type, serial, content) VALUES ('15611_13', 0, 1, 'Monkey');
INSERT INTO `cardExtra` (cardId, type, serial, content) VALUES ('15611_13', 0, 2, 'Donkey');
INSERT INTO `cardExtra` (cardId, type, serial, content) VALUES ('15611_13', 0, 3, 'Fox');
INSERT INTO `card` (id, type, title, header, content, option) VALUES ('15611_18', 0, 'Goat could not remember where she dropped the knife.', NULL, NULL, 'oneAtATime');
INSERT INTO `cardExtra` (cardId, type, serial, content) VALUES ('15611_18', 1, 1, 'True.');
INSERT INTO `cardExtra` (cardId, type, serial, content) VALUES ('15611_18', 0, 1, 'False.');
INSERT INTO `card` (id, type, title, header, content, option) VALUES ('15611_21', 0, 'What will do after having eating a lot?', NULL, NULL, 'open');
INSERT INTO `cardExtra` (cardId, type, serial, content) VALUES ('15611_21', 0, 1, 'Sleep');
INSERT INTO `cardExtra` (cardId, type, serial, content) VALUES ('15611_21', 0, 2, 'Go for walk');
INSERT INTO `cardExtra` (cardId, type, serial, content) VALUES ('15611_21', 0, 3, 'Have fruits');
INSERT INTO `cardExtra` (cardId, type, serial, content) VALUES ('15611_21', 0, 4, 'Go to play');
INSERT INTO `card` (id, type, title, header, content, option) VALUES ('7868', 2, '(Colour-in) Goat, Dog and Cow', 'assets/topic/asb/6372.png', 'Marleen Visser', 'FFF4E1B5');
INSERT INTO `card` (id, type, title, header, content, option) VALUES ('7868_3', 3, NULL, 'assets/topic/asb/6371.png', 'Goat, Dog and Cow were great friends. One day they went on a journey in a taxi.', NULL);
INSERT INTO `card` (id, type, title, header, content, option) VALUES ('7868_4', 3, NULL, 'assets/topic/asb/6373.png', 'They reached the end of their journey. The driver asked them to pay their fares. Cow paid her fare.', NULL);
INSERT INTO `card` (id, type, title, header, content, option) VALUES ('7868_5', 3, NULL, 'assets/topic/asb/6374.png', 'Dog paid extra, because he did not have the correct money.', NULL);
INSERT INTO `card` (id, type, title, header, content, option) VALUES ('7868_6', 3, NULL, 'assets/topic/asb/6375.png', 'The driver was about to give Dog his change. Suddenly, Goat ran away without paying.', NULL);
INSERT INTO `card` (id, type, title, header, content, option) VALUES ('7868_7', 3, NULL, 'assets/topic/asb/6376.png', 'The driver was very annoyed. He drove away without giving Dog his change.', NULL);
INSERT INTO `card` (id, type, title, header, content, option) VALUES ('7868_8', 3, NULL, 'assets/topic/asb/6377.png', 'That is why, even today, Dog runs towards a car to peep inside. He is looking for the driver who owes him change.', NULL);
INSERT INTO `card` (id, type, title, header, content, option) VALUES ('7868_9', 3, NULL, 'assets/topic/asb/6378.png', 'Goat runs away from the sound of a car. She is afraid she will be arrested for not paying her fare.', NULL);
INSERT INTO `card` (id, type, title, header, content, option) VALUES ('7868_10', 3, NULL, 'assets/topic/asb/6379.png', 'Cow is not bothered by cars. Cow takes her time crossing the road. She knows she paid her fare in full.', NULL);
INSERT INTO `card` (id, type, title, header, content, option) VALUES ('7868_11', 3, NULL, NULL, 'You are free to download, copy, translate or adapt this story and use the illustrations as long as you attribute in the following way:
(Colour-in) Goat, Dog and Cow
Author -
Fabian Wakholi
Translation -
Illustration -
Marleen Visser
Language -
English
Level -
First sentences
© African Storybook Initiative 2014
Creative Commons: Attribution 4.0
Source
www.africanstorybook.org', NULL);
INSERT INTO `card` (id, type, title, header, content, option) VALUES ('7868_12', 1, 'Paint goat, dog and cow and decorate it.', 'assets/topic/7868.svg', NULL, NULL);
INSERT INTO `cardExtra` (cardId, type, serial, content) VALUES ('7868_12', 2, 1, 'assets/topic/7868.svg');
INSERT INTO `card` (id, type, title, header, content, option) VALUES ('7868_13', 0, 'Who did not pay money to taxi driver?', NULL, NULL, 'oneAtATime');
INSERT INTO `cardExtra` (cardId, type, serial, content) VALUES ('7868_13', 1, 1, 'Goat');
INSERT INTO `cardExtra` (cardId, type, serial, content) VALUES ('7868_13', 0, 1, 'Cow');
INSERT INTO `cardExtra` (cardId, type, serial, content) VALUES ('7868_13', 0, 2, 'Dog');
INSERT INTO `cardExtra` (cardId, type, serial, content) VALUES ('7868_13', 0, 3, 'All paid');
INSERT INTO `card` (id, type, title, header, content, option) VALUES ('7868_18', 0, 'Dog is looking for the driver who owes him change.', NULL, NULL, 'oneAtATime');
INSERT INTO `cardExtra` (cardId, type, serial, content) VALUES ('7868_18', 1, 1, 'True.');
INSERT INTO `cardExtra` (cardId, type, serial, content) VALUES ('7868_18', 0, 1, 'False.');
INSERT INTO `card` (id, type, title, header, content, option) VALUES ('7868_21', 0, 'What will you do if you do not find change to give driver?', NULL, NULL, 'open');
INSERT INTO `cardExtra` (cardId, type, serial, content) VALUES ('7868_21', 0, 1, 'Run from there');
INSERT INTO `cardExtra` (cardId, type, serial, content) VALUES ('7868_21', 0, 2, 'Get change from any person');
INSERT INTO `cardExtra` (cardId, type, serial, content) VALUES ('7868_21', 0, 3, 'Ask driver to look for change');
INSERT INTO `cardExtra` (cardId, type, serial, content) VALUES ('7868_21', 0, 4, 'Ask him to take next time');
INSERT INTO `card` (id, type, title, header, content, option) VALUES ('22059', 2, 'Goat, the false king', 'assets/topic/asb/13362.png', 'Cornelius Wambi Gulere
Marleen Visser', 'FFB3C8FF');
INSERT INTO `card` (id, type, title, header, content, option) VALUES ('22059_3', 3, NULL, 'assets/topic/asb/13351.png', 'Once upon a time,  there was a goat called Igodhoobe. Igodhoobe the goat was the king of farm animals and birds. He lived a good life. One day,  Igodhoobe the goat called all the animals and birds to a meeting.', NULL);
INSERT INTO `card` (id, type, title, header, content, option) VALUES ('22059_4', 3, NULL, 'assets/topic/asb/13350.png', '"My friends,  I have called you because I had a dream," said the goat. All the animals and birds kept quiet. They listened to their king carefully.', NULL);
INSERT INTO `card` (id, type, title, header, content, option) VALUES ('22059_5', 3, NULL, 'assets/topic/asb/13352.png', '"I dreamed that there was no food or water left in the land. Many of our relatives died!" said the king. When the animals and the birds heard the dream,  they were worried. "What shall we do?" asked the cat.', NULL);
INSERT INTO `card` (id, type, title, header, content, option) VALUES ('22059_6', 3, NULL, 'assets/topic/asb/13353.png', 'The hen and the duck had an idea. They said,  "Let each one of us bring food and put it in the king''s store." All the animals agreed with this idea.', NULL);
INSERT INTO `card` (id, type, title, header, content, option) VALUES ('22059_7', 3, NULL, 'assets/topic/asb/13362.png', 'The king made a rule. He said,  "Get ropes. Tie up anyone who does not bring food to my store. Then carry him to me."', NULL);
INSERT INTO `card` (id, type, title, header, content, option) VALUES ('22059_8', 3, NULL, 'assets/topic/asb/13354.png', 'But, soon after this, it was time for a new king to rule over the farm. All the animals and birds met and elected the cat as their new king.', NULL);
INSERT INTO `card` (id, type, title, header, content, option) VALUES ('22059_9', 3, NULL, 'assets/topic/asb/13363.png', 'But the goat refused to agree that the cat was king. "I''m the king. There is no other king. I can''t obey any other animal," said the goat.', NULL);
INSERT INTO `card` (id, type, title, header, content, option) VALUES ('22059_10', 3, NULL, 'assets/topic/asb/13355.png', 'The animals took food to the new king''s store. But the goat did not take anything. "When the goat was king,  we all obeyed him. Now he does not want to obey our new king. What shall we do?" asked the cow.', NULL);
INSERT INTO `card` (id, type, title, header, content, option) VALUES ('22059_11', 3, NULL, 'assets/topic/asb/13357.png', 'All the domestic animals and birds were angry. "He thinks he is different to us," they all muttered.', NULL);
INSERT INTO `card` (id, type, title, header, content, option) VALUES ('22059_12', 3, NULL, 'assets/topic/asb/13356.png', 'The dog said,  "I helped him when he was king. I did not sleep at night. I was always with him,  ready to help."', NULL);
INSERT INTO `card` (id, type, title, header, content, option) VALUES ('22059_13', 3, NULL, 'assets/topic/asb/13358.png', 'The sheep said,  "I gave him my wool to cover his children."', NULL);
INSERT INTO `card` (id, type, title, header, content, option) VALUES ('22059_14', 3, NULL, 'assets/topic/asb/13359.png', 'The pig said,  "When he was king,  he told his friends that I eat a lot. But I was often in his garden digging and weeding his maize and millet."', NULL);
INSERT INTO `card` (id, type, title, header, content, option) VALUES ('22059_15', 3, NULL, 'assets/topic/asb/13360.png', 'The sheep asked,  "What did he say? That you eat a lot? Did he think that he will be king forever?" Then the sheep added,  "Let him understand that he is not king any more. I don''t know why he thinks he is so important."', NULL);
INSERT INTO `card` (id, type, title, header, content, option) VALUES ('22059_16', 3, NULL, 'assets/topic/asb/13361.png', 'All the animals laughed and agreed that the goat must take food to the new king. King Cat ordered the goat to come to him.', NULL);
INSERT INTO `card` (id, type, title, header, content, option) VALUES ('22059_17', 3, NULL, 'assets/topic/asb/13364.png', 'When the animals went to fetch the goat, he was sitting on a chair with his legs crossed. "I shall not go to the cat. There is no other king except me. When you become a king,  you are always a king," said the goat.', NULL);
INSERT INTO `card` (id, type, title, header, content, option) VALUES ('22059_18', 3, NULL, 'assets/topic/asb/13365.png', '"We will tie you with ropes and take you to the new king," said the sheep.', NULL);
INSERT INTO `card` (id, type, title, header, content, option) VALUES ('22059_19', 3, NULL, 'assets/topic/asb/13366.png', 'So the cow tied the goat to her tail. She then pulled him to the king. The sheep,  the duck,  the dog,  the pig,  and the cock cheered as the cow pulled the goat. They all shouted,  "Take this stubborn goat to our new king!"', NULL);
INSERT INTO `card` (id, type, title, header, content, option) VALUES ('22059_20', 3, NULL, 'assets/topic/asb/13367.png', 'From that time,  every goat refuses to move when it is pulled. It thinks that you are taking it to the king''s court.', NULL);
INSERT INTO `card` (id, type, title, header, content, option) VALUES ('22059_21', 3, NULL, NULL, 'You are free to download, copy, translate or adapt this story and use the illustrations as long as you attribute in the following way:
Goat, the false king
Author -
Alice Nakasango
Translation -
Cornelius Wambi Gulere
Illustration -
Marleen Visser
Language -
English
Level -
Longer paragraphs
© Text: Uganda Community Libraries Association (Ugcla) Artwork: African Storybook Initiative 2015
Creative Commons: Attribution 4.0
Source
www.africanstorybook.org
Original source
http://ugcla.org', NULL);
INSERT INTO `card` (id, type, title, header, content, option) VALUES ('22059_22', 1, 'Paint cat and decorate it with crown.', 'assets/topic/22059.svg', NULL, NULL);
INSERT INTO `cardExtra` (cardId, type, serial, content) VALUES ('22059_22', 2, 1, 'assets/topic/22059.svg');
INSERT INTO `card` (id, type, title, header, content, option) VALUES ('22059_23', 0, 'Who was elected as new king?', NULL, NULL, 'oneAtATime');
INSERT INTO `cardExtra` (cardId, type, serial, content) VALUES ('22059_23', 0, 1, 'Cat');
INSERT INTO `cardExtra` (cardId, type, serial, content) VALUES ('22059_23', 0, 2, 'Cow');
INSERT INTO `cardExtra` (cardId, type, serial, content) VALUES ('22059_23', 0, 3, 'Pig');
INSERT INTO `cardExtra` (cardId, type, serial, content) VALUES ('22059_23', 0, 4, 'Chicken');
INSERT INTO `card` (id, type, title, header, content, option) VALUES ('22059_28', 0, 'Sheep gave wool to goat for covering its children.', NULL, NULL, 'oneAtATime');
INSERT INTO `cardExtra` (cardId, type, serial, content) VALUES ('22059_28', 1, 1, 'Ture.');
INSERT INTO `cardExtra` (cardId, type, serial, content) VALUES ('22059_28', 0, 1, 'False.');
INSERT INTO `card` (id, type, title, header, content, option) VALUES ('22059_31', 0, 'How will you punish goat for his disobedience?', NULL, NULL, 'open');
INSERT INTO `cardExtra` (cardId, type, serial, content) VALUES ('22059_31', 0, 1, 'Tie him');
INSERT INTO `cardExtra` (cardId, type, serial, content) VALUES ('22059_31', 0, 2, 'Do not give him food');
INSERT INTO `cardExtra` (cardId, type, serial, content) VALUES ('22059_31', 0, 3, 'Hit him');
INSERT INTO `cardExtra` (cardId, type, serial, content) VALUES ('22059_31', 0, 4, 'Put him in prision');
INSERT INTO `card` (id, type, title, header, content, option) VALUES ('23851', 2, 'A Dog', 'assets/topic/asb/5927.png', 'Ritah Katetemera and Cissy Namugerwa
Catherine Groenewald, Jean Fullalove, Sandy Campbell, Ursula Nafula and Wiehan de Jager', 'FFB3C8FF');
INSERT INTO `card` (id, type, title, header, content, option) VALUES ('23851_3', 3, NULL, 'assets/topic/asb/1393.png', 'There was a man with his one dog.', NULL);
INSERT INTO `card` (id, type, title, header, content, option) VALUES ('23851_4', 3, NULL, 'assets/topic/asb/5926.png', 'He loved his dog so much.', NULL);
INSERT INTO `card` (id, type, title, header, content, option) VALUES ('23851_5', 3, NULL, 'assets/topic/asb/3033.png', 'It was hard working and it used to go to the market to buy meat.', NULL);
INSERT INTO `card` (id, type, title, header, content, option) VALUES ('23851_6', 3, NULL, 'assets/topic/asb/2494.png', 'Fetching water from the well.', NULL);
INSERT INTO `card` (id, type, title, header, content, option) VALUES ('23851_7', 3, NULL, 'assets/topic/asb/2492.png', 'Guarding every thing at home.', NULL);
INSERT INTO `card` (id, type, title, header, content, option) VALUES ('23851_8', 3, NULL, 'assets/topic/asb/1757.png', 'One day the man thanked his dog in a special way for being faithful.', NULL);
INSERT INTO `card` (id, type, title, header, content, option) VALUES ('23851_9', 3, NULL, 'assets/topic/asb/2490.png', 'The dog became so happy and it continued working hard.', NULL);
INSERT INTO `card` (id, type, title, header, content, option) VALUES ('23851_10', 3, NULL, NULL, 'You are free to download, copy, translate or adapt this story and use the illustrations as long as you attribute in the following way:
A Dog
Author -
Ritah Katetemera
Translation -
Ritah Katetemera and Cissy Namugerwa
Illustration -
Catherine Groenewald, Jean Fullalove, Sandy Campbell, Ursula Nafula and Wiehan de Jager
Language -
English
Level -
First paragraphs
© Ritah Katetemera and Cissy Namugerwa 2014
Creative Commons: Attribution 4.0
Source
www.africanstorybook.org', NULL);
INSERT INTO `card` (id, type, title, header, content, option) VALUES ('23851_11', 1, 'Paint man and dog.', 'assets/topic/23851.svg', NULL, NULL);
INSERT INTO `cardExtra` (cardId, type, serial, content) VALUES ('23851_11', 2, 1, 'assets/topic/23851.svg');
INSERT INTO `card` (id, type, title, header, content, option) VALUES ('23851_12', 0, 'Who was very faithful to man?', NULL, NULL, 'oneAtATime');
INSERT INTO `cardExtra` (cardId, type, serial, content) VALUES ('23851_12', 1, 1, 'Dog');
INSERT INTO `cardExtra` (cardId, type, serial, content) VALUES ('23851_12', 0, 1, 'Cat');
INSERT INTO `cardExtra` (cardId, type, serial, content) VALUES ('23851_12', 0, 2, 'Buffalo');
INSERT INTO `cardExtra` (cardId, type, serial, content) VALUES ('23851_12', 0, 3, 'Donkey');
INSERT INTO `card` (id, type, title, header, content, option) VALUES ('23851_17', 0, 'Man''s dog was guarding everything at home.', NULL, NULL, 'oneAtATime');
INSERT INTO `cardExtra` (cardId, type, serial, content) VALUES ('23851_17', 1, 1, 'True.');
INSERT INTO `cardExtra` (cardId, type, serial, content) VALUES ('23851_17', 0, 1, 'False.');
INSERT INTO `card` (id, type, title, header, content, option) VALUES ('23851_20', 0, 'What gift would you give to dog if you had one?', NULL, NULL, 'open');
INSERT INTO `cardExtra` (cardId, type, serial, content) VALUES ('23851_20', 0, 1, 'Meat');
INSERT INTO `cardExtra` (cardId, type, serial, content) VALUES ('23851_20', 0, 2, 'Sweet');
INSERT INTO `cardExtra` (cardId, type, serial, content) VALUES ('23851_20', 0, 3, 'Dress');
INSERT INTO `cardExtra` (cardId, type, serial, content) VALUES ('23851_20', 0, 4, 'Goggles');
INSERT INTO `card` (id, type, title, header, content, option) VALUES ('21124', 2, 'Jackal and Rabbit', 'assets/topic/asb/18475.png', 'Mohammed Kuyu
 Jacob Kono', 'FF9DEDE3');
INSERT INTO `card` (id, type, title, header, content, option) VALUES ('21124_3', 3, NULL, 'assets/topic/asb/18468.png', 'Once upon a time,  there was a hungry Jackal. He tried to catch a bush rat,  but the rat ran away.', NULL);
INSERT INTO `card` (id, type, title, header, content, option) VALUES ('21124_4', 3, NULL, 'assets/topic/asb/18469.png', 'He tried to catch a squirrel,  but the squirrel ran up a tree. Then Jackal saw a fat little mouse. "That mouse looks delicious to eat," he thought. The mouse saw Jackal. It ran under a big rock,  and jumped into its hole. "I must dig the mouse out of its hole," thought Jackal.', NULL);
INSERT INTO `card` (id, type, title, header, content, option) VALUES ('21124_5', 3, NULL, 'assets/topic/asb/18470.png', 'Jackal began to dig. But he dug too far and too deep. The rock fell down on Jackal''s paw. He couldn''t pull his paw out from under the rock. "I''m trapped! Help! Help!" Jackal shouted.', NULL);
INSERT INTO `card` (id, type, title, header, content, option) VALUES ('21124_6', 3, NULL, 'assets/topic/asb/18471.png', 'Rabbit heard Jackal and ran up to him. "What happened to you?" she asked. "I was hunting a mouse and this rock fell on my paw. Please,  kind Rabbit,  help me!" cried Jackal.', NULL);
INSERT INTO `card` (id, type, title, header, content, option) VALUES ('21124_7', 3, NULL, 'assets/topic/asb/18472.png', '"I''d like to help you," said Rabbit. "But I''m small and weak and this rock is big and heavy. It will be hard work. What will you give me if I help you?" "Oh,  I''ll make all your favourite dishes for dinner," replied Jackal.  So Rabbit agreed to help Jackal.', NULL);
INSERT INTO `card` (id, type, title, header, content, option) VALUES ('21124_8', 3, NULL, 'assets/topic/asb/18473.png', 'Rabbit pushed the rock. It didn''t move. She pushed again and again and again. At last the rock rolled off Jackal''s paw. Rabbit smiled.', NULL);
INSERT INTO `card` (id, type, title, header, content, option) VALUES ('21124_9', 3, NULL, 'assets/topic/asb/18474.png', '"Where''s my reward?" asked Rabbit. "There''s no reward. I''m going to eat you," snarled Jackal. "But I helped you! You promised a reward!" shouted Rabbit. "I''m a jackal and you''re a rabbit. Jackals eat rabbits," snapped Jackal. "Wait! We must find elders and ask advice," begged Rabbit.', NULL);
INSERT INTO `card` (id, type, title, header, content, option) VALUES ('21124_10', 3, NULL, 'assets/topic/asb/18475.png', 'Jackal and Rabbit found an old man. "Please help us," Rabbit said. "Jackal wants to eat me but I saved his life. A rock was on his paw and he couldn''t escape. He promised to reward me. I pushed the rock off his paw. He has forgotten his promise."', NULL);
INSERT INTO `card` (id, type, title, header, content, option) VALUES ('21124_11', 3, NULL, 'assets/topic/asb/18476.png', '"That''s not right," the old man said. "Jackal,  you are ungrateful." Jackal opened his mouth. He showed the old man his sharp teeth. "No," he said. "Don''t try to stop me eating the rabbit,  old man,  or I''ll eat you too." The old man looked frightened.', NULL);
INSERT INTO `card` (id, type, title, header, content, option) VALUES ('21124_12', 3, NULL, 'assets/topic/asb/18477.png', '"Please don''t eat me," the old man said. "Perhaps I was wrong. Perhaps you are right after all. I can''t decide until I have seen the rock. What happened exactly?"', NULL);
INSERT INTO `card` (id, type, title, header, content, option) VALUES ('21124_13', 3, NULL, 'assets/topic/asb/18478.png', '"Oh,  that''s easy," Jackal said. "Come,  let me show you." So the old man went back to the rock with Jackal and Rabbit. "What were you doing?" he asked Jackal.', NULL);
INSERT INTO `card` (id, type, title, header, content, option) VALUES ('21124_14', 3, NULL, 'assets/topic/asb/18479.png', '"The mouse I was hunting ran into its hole,  so I was digging it out. The rock fell on to my paw," said Jackal. "Which rock?" asked the old man. "This one," answered Jackal. "And where were you?" asked the old man. "I was here," Jackal replied.', NULL);
INSERT INTO `card` (id, type, title, header, content, option) VALUES ('21124_15', 3, NULL, 'assets/topic/asb/18481.png', 'The old man looked at Rabbit. "You''re only a little rabbit,  small and weak. I don''t believe you could move that big rock," the man said. "But I did! I did!" cried Rabbit. "Show me then," the old man said.', NULL);
INSERT INTO `card` (id, type, title, header, content, option) VALUES ('21124_16', 3, NULL, 'assets/topic/asb/18482.png', 'Rabbit pushed and pushed. The rock fell back on to Jackal''s paw. "Did you find Jackal like this?" asked the old man. Rabbit nodded.', NULL);
INSERT INTO `card` (id, type, title, header, content, option) VALUES ('21124_17', 3, NULL, 'assets/topic/asb/18483.png', '"Good," said the old man. "Then it''s all fair now. Run away Rabbit and go home. I''m going home too."', NULL);
INSERT INTO `card` (id, type, title, header, content, option) VALUES ('21124_18', 3, NULL, 'assets/topic/asb/18484.png', 'And so,  the old man and Rabbit went away. They left the ungrateful Jackal trapped by the rock.', NULL);
INSERT INTO `card` (id, type, title, header, content, option) VALUES ('21124_19', 3, NULL, NULL, 'You are free to download, copy, translate or adapt this story and use the illustrations as long as you attribute in the following way:
Jackal and Rabbit
Author -
Mohammed Kuyu and Elizabeth Laird
Illustration -
Jacob Kono
Language -
English
Level -
First paragraphs
© African Storybook Initiative 2016
Creative Commons: Attribution 4.0
Source
www.africanstorybook.org
Original source
www.ethiopianfolktales.com', NULL);
INSERT INTO `card` (id, type, title, header, content, option) VALUES ('21124_20', 1, 'Paint rabbit and decorate it.', 'assets/topic/21124.svg', NULL, NULL);
INSERT INTO `cardExtra` (cardId, type, serial, content) VALUES ('21124_20', 2, 1, 'assets/topic/21124.svg');
INSERT INTO `card` (id, type, title, header, content, option) VALUES ('21124_21', 0, 'Who helped jackal by rolling the stone?', NULL, NULL, 'oneAtATime');
INSERT INTO `cardExtra` (cardId, type, serial, content) VALUES ('21124_21', 1, 1, 'Rabbit');
INSERT INTO `cardExtra` (cardId, type, serial, content) VALUES ('21124_21', 0, 1, 'Rat');
INSERT INTO `cardExtra` (cardId, type, serial, content) VALUES ('21124_21', 0, 2, 'Mouse');
INSERT INTO `cardExtra` (cardId, type, serial, content) VALUES ('21124_21', 0, 3, 'Squirrel');
INSERT INTO `card` (id, type, title, header, content, option) VALUES ('21124_26', 0, 'Old man tricked Jackal and rescued rabbit.', NULL, NULL, 'oneAtATime');
INSERT INTO `cardExtra` (cardId, type, serial, content) VALUES ('21124_26', 1, 1, 'True.');
INSERT INTO `cardExtra` (cardId, type, serial, content) VALUES ('21124_26', 0, 1, 'False.');
INSERT INTO `card` (id, type, title, header, content, option) VALUES ('21124_29', 0, 'What you think about jackal''s nature?', NULL, NULL, 'open');
INSERT INTO `cardExtra` (cardId, type, serial, content) VALUES ('21124_29', 0, 1, 'Cunning');
INSERT INTO `cardExtra` (cardId, type, serial, content) VALUES ('21124_29', 0, 2, 'Unworthy');
INSERT INTO `cardExtra` (cardId, type, serial, content) VALUES ('21124_29', 0, 3, 'Not trustable');
INSERT INTO `cardExtra` (cardId, type, serial, content) VALUES ('21124_29', 0, 4, 'Cruel');
INSERT INTO `card` (id, type, title, header, content, option) VALUES ('7881', 2, 'Jackal and the sun', 'assets/topic/asb/5253.png', 'Traditional San story
Manyeka Arts Trust', 'FFF4E1B5');
INSERT INTO `card` (id, type, title, header, content, option) VALUES ('7881_3', 3, NULL, 'assets/topic/asb/5246.png', 'Long ago,  there was a foolish lazy jackal. He lived with his old father in the Kalahari bush.', NULL);
INSERT INTO `card` (id, type, title, header, content, option) VALUES ('7881_4', 3, NULL, 'assets/topic/asb/5247.png', 'One morning Old Jackal woke up to find his son sleeping in the sun. The food was not ready and the goats were still in the kraal! "Young man,  you are so lazy! Go and find a wife. I am too old to look after you," said Jackal''s father. So Jackal jumped up and took the goats out to graze.', NULL);
INSERT INTO `card` (id, type, title, header, content, option) VALUES ('7881_5', 3, NULL, 'assets/topic/asb/5250.png', 'In the bush,  he saw something shining on a rock. He went closer and closer to the rock. The closer he got,  the more beautiful the shine was. Perhaps this was the wife for him!', NULL);
INSERT INTO `card` (id, type, title, header, content, option) VALUES ('7881_6', 3, NULL, 'assets/topic/asb/5251.png', '"You are beautiful," said Jackal to the shine. "But who are you? Why are you alone?" "I am the sun," the shine answered. "My family left me here when they moved on. They did not want to carry me. I am too hot."', NULL);
INSERT INTO `card` (id, type, title, header, content, option) VALUES ('7881_7', 3, NULL, 'assets/topic/asb/5252.png', 'The jackal said,  "But you are so beautiful! I will carry you. I will take you home to meet my father." "All right,  you can carry me. But do not complain when I get too hot for you," said the sun.', NULL);
INSERT INTO `card` (id, type, title, header, content, option) VALUES ('7881_8', 3, NULL, 'assets/topic/asb/5253.png', 'So Jackal put the sun on his back and started the journey home. Before long,  the sun was burning Jackal''s fur. "Will you please come down from my back? I need to rest," said Jackal. His back was so sore that he could hardly walk. "Just carry on!" said the sun. "I told you not to complain!"', NULL);
INSERT INTO `card` (id, type, title, header, content, option) VALUES ('7881_9', 3, NULL, 'assets/topic/asb/5255.png', 'Then Jackal saw a log across the path. He crawled under the log so that the sun would fall off.', NULL);
INSERT INTO `card` (id, type, title, header, content, option) VALUES ('7881_10', 3, NULL, 'assets/topic/asb/5256.png', 'But the log also scraped the skin and fur from his back and they were left behind with the sun.', NULL);
INSERT INTO `card` (id, type, title, header, content, option) VALUES ('7881_11', 3, NULL, 'assets/topic/asb/5258.png', 'The new fur was a different colour to the fur on the rest of his body. The different colours always reminded Jackal not to be so foolish again.', NULL);
INSERT INTO `card` (id, type, title, header, content, option) VALUES ('7881_12', 3, NULL, NULL, 'Story notes In 2005,  Naro storyteller Bega Cgase from the Kalahari Desert in Botswana told this story to Marlene Winberg,  who retells it here. The story appears in different versions in many southern African San communities. It warns foolish young men not to be confused by the outside appearance of a girl,  and tells parents not to force their children to marry for the sake of domestic help. It also provokes the powerful presence of the hot sun in the desert and does what stories do – give everything in nature a personality. The illustrations in this story are from story boards by Marlene Winberg,  interpreted digitally by Satsiri Winberg through manipulations of the Manyeka Art Collection of paintings made by San artists /Thaalu Rumao,  /Tuoi Samcuia and Joao Wenne Dikuango,  who have all passed away since.', NULL);
INSERT INTO `card` (id, type, title, header, content, option) VALUES ('7881_13', 3, NULL, NULL, 'You are free to download, copy, translate or adapt this story and use the illustrations as long as you attribute in the following way:
Jackal and the sun
Author -
Traditional San story
Illustration -
Manyeka Arts Trust
Language -
English
Level -
Longer paragraphs
© Manyeka Arts Trust 2014
Creative Commons: Attribution 4.0
Source
www.africanstorybook.org
Original source
www.manyeka.co.za', NULL);
INSERT INTO `card` (id, type, title, header, content, option) VALUES ('7881_14', 1, 'Paint Jackal and decorate it.', 'assets/topic/7881.svg', NULL, NULL);
INSERT INTO `cardExtra` (cardId, type, serial, content) VALUES ('7881_14', 2, 1, 'assets/topic/7881.svg');
INSERT INTO `card` (id, type, title, header, content, option) VALUES ('7881_15', 0, 'Old jackal asked his son to find wife for himself.', NULL, NULL, 'oneAtATime');
INSERT INTO `cardExtra` (cardId, type, serial, content) VALUES ('7881_15', 1, 1, 'True.');
INSERT INTO `cardExtra` (cardId, type, serial, content) VALUES ('7881_15', 0, 1, 'False.');
INSERT INTO `card` (id, type, title, header, content, option) VALUES ('7881_18', 0, 'Whom did the jackal carry?', NULL, NULL, 'oneAtATime');
INSERT INTO `cardExtra` (cardId, type, serial, content) VALUES ('7881_18', 1, 1, 'Sun');
INSERT INTO `cardExtra` (cardId, type, serial, content) VALUES ('7881_18', 0, 1, 'Tree');
INSERT INTO `cardExtra` (cardId, type, serial, content) VALUES ('7881_18', 0, 2, 'Moon');
INSERT INTO `cardExtra` (cardId, type, serial, content) VALUES ('7881_18', 0, 3, 'Stone');
INSERT INTO `card` (id, type, title, header, content, option) VALUES ('7881_23', 0, 'What would you to like dry in hot sun?', NULL, NULL, 'open');
INSERT INTO `cardExtra` (cardId, type, serial, content) VALUES ('7881_23', 0, 1, 'Clothes');
INSERT INTO `cardExtra` (cardId, type, serial, content) VALUES ('7881_23', 0, 2, 'Fish');
INSERT INTO `cardExtra` (cardId, type, serial, content) VALUES ('7881_23', 0, 3, 'Seeds');
INSERT INTO `cardExtra` (cardId, type, serial, content) VALUES ('7881_23', 0, 4, 'Red chiily');
INSERT INTO `card` (id, type, title, header, content, option) VALUES ('7865', 2, 'Hungry Jackal and the sour grapes', 'assets/topic/asb/1775.png', 'Kholeka Mabeta
Benjamin Mitchley', 'FF9DEDE3');
INSERT INTO `card` (id, type, title, header, content, option) VALUES ('7865_3', 3, NULL, 'assets/topic/asb/1776.png', 'Once upon a time, there was a hungry jackal. He was walking around the bush looking for food.', NULL);
INSERT INTO `card` (id, type, title, header, content, option) VALUES ('7865_4', 3, NULL, 'assets/topic/asb/1775.png', 'He came across a grapevine. He spotted a bunch of juicy ripe grapes hanging from a high branch.', NULL);
INSERT INTO `card` (id, type, title, header, content, option) VALUES ('7865_5', 3, NULL, 'assets/topic/asb/1777.png', '"Those look really delicious," he thought. He took a few steps back so that he could make his highest jump.', NULL);
INSERT INTO `card` (id, type, title, header, content, option) VALUES ('7865_6', 3, NULL, 'assets/topic/asb/1778.png', 'The grapes were too high. Jackal fell on his back without even touching the bunch.', NULL);
INSERT INTO `card` (id, type, title, header, content, option) VALUES ('7865_7', 3, NULL, 'assets/topic/asb/1779.png', 'Jackal got up and went further back from his starting spot. He ran, and almost got high enough. But he fell even harder.', NULL);
INSERT INTO `card` (id, type, title, header, content, option) VALUES ('7865_8', 3, NULL, 'assets/topic/asb/1780.png', 'He tried again and again. But he couldn''t get to the grapes. He kept falling until his back was very sore.', NULL);
INSERT INTO `card` (id, type, title, header, content, option) VALUES ('7865_9', 3, NULL, 'assets/topic/asb/1781.png', 'Finally, he gave up and walked away.', NULL);
INSERT INTO `card` (id, type, title, header, content, option) VALUES ('7865_10', 3, NULL, 'assets/topic/asb/1782.png', 'He stopped and looked back at the grapes. He was hungrier than ever. "Those grapes look really sour anyway," he thought.', NULL);
INSERT INTO `card` (id, type, title, header, content, option) VALUES ('7865_11', 3, NULL, NULL, 'You are free to download, copy, translate or adapt this story and use the illustrations as long as you attribute in the following way:
Hungry Jackal and the sour grapes
Author -
Kholeka Mabeta
Illustration -
Benjamin Mitchley
Language -
English
Level -
First sentences
© African Storybook Initiative 2014
Creative Commons: Attribution 4.0
Source
www.africanstorybook.org', NULL);
INSERT INTO `card` (id, type, title, header, content, option) VALUES ('7865_12', 1, 'Draw grapes and decorate it.', 'assets/topic/7865.svg', NULL, NULL);
INSERT INTO `cardExtra` (cardId, type, serial, content) VALUES ('7865_12', 2, 1, 'assets/topic/7865.svg');
INSERT INTO `card` (id, type, title, header, content, option) VALUES ('7865_13', 0, 'What did the hungry jackal spot?', NULL, NULL, 'oneAtATime');
INSERT INTO `cardExtra` (cardId, type, serial, content) VALUES ('7865_13', 1, 1, 'Grapes');
INSERT INTO `cardExtra` (cardId, type, serial, content) VALUES ('7865_13', 0, 1, 'Mango');
INSERT INTO `cardExtra` (cardId, type, serial, content) VALUES ('7865_13', 0, 2, 'Banana');
INSERT INTO `cardExtra` (cardId, type, serial, content) VALUES ('7865_13', 0, 3, 'Pineapple');
INSERT INTO `card` (id, type, title, header, content, option) VALUES ('7865_18', 0, 'Hungry jackal could not reach the grapes and gave up.', NULL, NULL, 'oneAtATime');
INSERT INTO `cardExtra` (cardId, type, serial, content) VALUES ('7865_18', 1, 1, 'True.');
INSERT INTO `cardExtra` (cardId, type, serial, content) VALUES ('7865_18', 0, 1, 'False.');
INSERT INTO `card` (id, type, title, header, content, option) VALUES ('7865_21', 0, 'Why do you think jackal gave up?', NULL, NULL, 'open');
INSERT INTO `cardExtra` (cardId, type, serial, content) VALUES ('7865_21', 0, 1, 'He could not reach grapes');
INSERT INTO `cardExtra` (cardId, type, serial, content) VALUES ('7865_21', 0, 2, 'He was lazy');
INSERT INTO `cardExtra` (cardId, type, serial, content) VALUES ('7865_21', 0, 3, 'He did not plant properly');
INSERT INTO `cardExtra` (cardId, type, serial, content) VALUES ('7865_21', 0, 4, 'There was no strength in him');
INSERT INTO `card` (id, type, title, header, content, option) VALUES ('22085', 2, 'Teret', 'assets/topic/asb/19575.png', 'Beza', 'FFCFB5DD');
INSERT INTO `card` (id, type, title, header, content, option) VALUES ('22085_3', 3, NULL, 'assets/topic/asb/19569.png', 'There was a shepherd who had no grass to feed his pig, sheep and goat and no grains for his hen. He had no barn to keep them warm.', NULL);
INSERT INTO `card` (id, type, title, header, content, option) VALUES ('22085_4', 3, NULL, 'assets/topic/asb/19572.png', 'He decided to take them where they could get food and shelter.', NULL);
INSERT INTO `card` (id, type, title, header, content, option) VALUES ('22085_5', 3, NULL, 'assets/topic/asb/19573.png', 'The shepherd said, "I could sell them for a quarter each." But the man was negotiating for a lower price.', NULL);
INSERT INTO `card` (id, type, title, header, content, option) VALUES ('22085_6', 3, NULL, 'assets/topic/asb/19574.png', 'The man said, "I only want the goat." But the shepherd said, "These animals are friends. I want all of them to be together."', NULL);
INSERT INTO `card` (id, type, title, header, content, option) VALUES ('22085_7', 3, NULL, 'assets/topic/asb/19575.png', 'The shepherd sold the sheep, the goat and the pig for a quarter each. He gave the hen for free. He was sad as he headed home.', NULL);
INSERT INTO `card` (id, type, title, header, content, option) VALUES ('22085_8', 3, NULL, 'assets/topic/asb/19577.png', 'He realised they weren''t just animals. They were also his friends. So he went back to return the money and take his friends home.', NULL);
INSERT INTO `card` (id, type, title, header, content, option) VALUES ('22085_9', 3, NULL, 'assets/topic/asb/19578.png', '"They are mine now," the man said. "I won''t give them back." But the shepherd kept begging.', NULL);
INSERT INTO `card` (id, type, title, header, content, option) VALUES ('22085_10', 3, NULL, 'assets/topic/asb/19581.png', '"I realised they are not just animals but also my friends," said the shepherd. The man asked, "Why did you sell them in the first place?"', NULL);
INSERT INTO `card` (id, type, title, header, content, option) VALUES ('22085_11', 3, NULL, 'assets/topic/asb/19582.png', 'A neighbour heard the argument and said, "Make a barn, provide grass and grains. Then you can get your animals back."', NULL);
INSERT INTO `card` (id, type, title, header, content, option) VALUES ('22085_12', 3, NULL, 'assets/topic/asb/19572.png', 'The shepherd loved his animals. He gave back the money and took home his friends to a perfect barn and plenty of grass and grains.', NULL);
INSERT INTO `card` (id, type, title, header, content, option) VALUES ('22085_13', 3, NULL, NULL, 'You are free to download, copy, translate or adapt this story and use the illustrations as long as you attribute in the following way:
Teret
Author -
Beza
Illustration -
Language -
English
Level -
First sentences
© Bezawork Lindlöf 2017
Creative Commons: Attribution 4.0
Source
www.africanstorybook.org', NULL);
INSERT INTO `card` (id, type, title, header, content, option) VALUES ('22085_14', 1, 'Paint a shepherd and sheep.', 'assets/topic/22085.svg', NULL, NULL);
INSERT INTO `cardExtra` (cardId, type, serial, content) VALUES ('22085_14', 2, 1, 'assets/topic/22085.svg');
INSERT INTO `card` (id, type, title, header, content, option) VALUES ('22085_15', 0, 'Select all the animals shepherd had.', NULL, NULL, 'many');
INSERT INTO `cardExtra` (cardId, type, serial, content) VALUES ('22085_15', 1, 1, 'Pig');
INSERT INTO `cardExtra` (cardId, type, serial, content) VALUES ('22085_15', 1, 2, 'Goat');
INSERT INTO `cardExtra` (cardId, type, serial, content) VALUES ('22085_15', 1, 3, 'sheep');
INSERT INTO `cardExtra` (cardId, type, serial, content) VALUES ('22085_15', 1, 4, 'Hen');
INSERT INTO `cardExtra` (cardId, type, serial, content) VALUES ('22085_15', 0, 1, 'Donkey');
INSERT INTO `cardExtra` (cardId, type, serial, content) VALUES ('22085_15', 0, 2, 'Cow');
INSERT INTO `card` (id, type, title, header, content, option) VALUES ('22085_22', 0, 'Shepherd got his animals back after making barn.', NULL, NULL, 'oneAtATime');
INSERT INTO `cardExtra` (cardId, type, serial, content) VALUES ('22085_22', 1, 1, 'True.');
INSERT INTO `cardExtra` (cardId, type, serial, content) VALUES ('22085_22', 0, 1, 'False.');
INSERT INTO `card` (id, type, title, header, content, option) VALUES ('22085_25', 0, 'Which animal is your best friend?', NULL, NULL, 'open');
INSERT INTO `cardExtra` (cardId, type, serial, content) VALUES ('22085_25', 0, 1, 'Dog');
INSERT INTO `cardExtra` (cardId, type, serial, content) VALUES ('22085_25', 0, 2, 'Cat');
INSERT INTO `cardExtra` (cardId, type, serial, content) VALUES ('22085_25', 0, 3, 'Sheep');
INSERT INTO `cardExtra` (cardId, type, serial, content) VALUES ('22085_25', 0, 4, 'Cow');
INSERT INTO `card` (id, type, title, header, content, option) VALUES ('24750', 2, 'The kingfisher and the sea', 'assets/topic/asb/26594.png', 'Peter Omoko
Idowu Abayomi Oluwasegun', 'FF9DEDE3');
INSERT INTO `card` (id, type, title, header, content, option) VALUES ('24750_3', 3, NULL, 'assets/topic/asb/26584.png', 'There once lived a king in the southern part of Okugbe Island. This king had not known pain in his life.
Not even for a minute.', NULL);
INSERT INTO `card` (id, type, title, header, content, option) VALUES ('24750_4', 3, NULL, 'assets/topic/asb/26585.png', 'One morning he was imagining what pain would be like. His head was bowed, "There are so many poor people in my land. How can I feel their pain?" he asked himself.', NULL);
INSERT INTO `card` (id, type, title, header, content, option) VALUES ('24750_5', 3, NULL, 'assets/topic/asb/26586.png', 'Day and night, he wished he could experience pain just once.
Then one night, he dreamed and heard a voice. "I have heard your wishes. You will experience pain," said the voice.', NULL);
INSERT INTO `card` (id, type, title, header, content, option) VALUES ('24750_6', 3, NULL, 'assets/topic/asb/26587.png', 'The voice continued, "Build seven large boats that can contain all your wealth and family. Then sail away to the northern part of Okugbe Island."
The king was very happy.', NULL);
INSERT INTO `card` (id, type, title, header, content, option) VALUES ('24750_7', 3, NULL, 'assets/topic/asb/26588.png', 'Soon, the seven boats were built and ready to sail. The king loaded them with his wealth.', NULL);
INSERT INTO `card` (id, type, title, header, content, option) VALUES ('24750_8', 3, NULL, 'assets/topic/asb/26589.png', 'The day before the king and his family left, he held a feast. Everyone attended. Leopards, snakes, rabbits, snails, birds and even ants came to the feast.', NULL);
INSERT INTO `card` (id, type, title, header, content, option) VALUES ('24750_9', 3, NULL, 'assets/topic/asb/26590.png', 'The king addressed the people, "My family and I are going away to the other part of Okugbe Island. We want to feel the pain that other people feel."', NULL);
INSERT INTO `card` (id, type, title, header, content, option) VALUES ('24750_10', 3, NULL, 'assets/topic/asb/26591.png', 'People whispered amongst themselves. The elders did not believe him.
But who could question the king? So everyone drank and feasted.', NULL);
INSERT INTO `card` (id, type, title, header, content, option) VALUES ('24750_11', 3, NULL, 'assets/topic/asb/26592.png', 'The next day, the king and his family sailed away.
For the first two days, the boats rolled through the waters. The sky was clear, the sea was calm and the trip was a happy one.', NULL);
INSERT INTO `card` (id, type, title, header, content, option) VALUES ('24750_12', 3, NULL, 'assets/topic/asb/26593.png', 'On the third day, the sea became rough. The sky became cloudy. A great storm came upon them.
The boats were overturned. The king was helpless as his wealth and family were lost to the sea.', NULL);
INSERT INTO `card` (id, type, title, header, content, option) VALUES ('24750_13', 3, NULL, 'assets/topic/asb/26594.png', 'The king alone survived. But he was now a kingfisher bird.
Kingfisher flew to the shore. He still hoped to get his family and wealth back from the sea.', NULL);
INSERT INTO `card` (id, type, title, header, content, option) VALUES ('24750_14', 3, NULL, 'assets/topic/asb/26595.png', 'Kingfisher dived into the sea many times. He was not able to rescue his family or even part of his wealth.
"If only I had known, I would have been happy with my life," he cried silently.', NULL);
INSERT INTO `card` (id, type, title, header, content, option) VALUES ('24750_15', 3, NULL, NULL, 'You are free to download, copy, translate or adapt this story and use the illustrations as long as you attribute in the following way:
The kingfisher and the sea
Author -
Peter Omoko
Translation -
Peter Omoko
Illustration -
Idowu Abayomi Oluwasegun
Language -
English
Level -
First paragraphs
© African Storybook Initiative 2018
Creative Commons: Attribution 4.0
Source
www.africanstorybook.org', NULL);
INSERT INTO `card` (id, type, title, header, content, option) VALUES ('24750_16', 1, 'Paint king and decorate him.', 'assets/topic/24750.svg', NULL, NULL);
INSERT INTO `cardExtra` (cardId, type, serial, content) VALUES ('24750_16', 2, 1, 'assets/topic/24750.svg');
INSERT INTO `card` (id, type, title, header, content, option) VALUES ('24750_17', 0, 'The king of southern part of Okugbe island never felt pain.', NULL, NULL, 'oneAtATime');
INSERT INTO `cardExtra` (cardId, type, serial, content) VALUES ('24750_17', 1, 1, 'True.');
INSERT INTO `cardExtra` (cardId, type, serial, content) VALUES ('24750_17', 0, 1, 'False.');
INSERT INTO `card` (id, type, title, header, content, option) VALUES ('24750_20', 0, 'How many large boats did king built?', NULL, NULL, 'oneAtATime');
INSERT INTO `cardExtra` (cardId, type, serial, content) VALUES ('24750_20', 1, 1, 'Seven');
INSERT INTO `cardExtra` (cardId, type, serial, content) VALUES ('24750_20', 0, 1, 'Five');
INSERT INTO `cardExtra` (cardId, type, serial, content) VALUES ('24750_20', 0, 2, 'Four');
INSERT INTO `cardExtra` (cardId, type, serial, content) VALUES ('24750_20', 0, 3, 'Eight');
INSERT INTO `card` (id, type, title, header, content, option) VALUES ('24750_25', 0, 'King became kingfisher.', NULL, NULL, 'oneAtATime');
INSERT INTO `cardExtra` (cardId, type, serial, content) VALUES ('24750_25', 1, 1, 'True.');
INSERT INTO `cardExtra` (cardId, type, serial, content) VALUES ('24750_25', 0, 1, 'False.');
INSERT INTO `card` (id, type, title, header, content, option) VALUES ('24750_28', 0, 'When did you last feel pain?', NULL, NULL, 'open');
INSERT INTO `cardExtra` (cardId, type, serial, content) VALUES ('24750_28', 0, 1, 'I got wounded');
INSERT INTO `cardExtra` (cardId, type, serial, content) VALUES ('24750_28', 0, 2, 'My father hit me for my mistake');
INSERT INTO `cardExtra` (cardId, type, serial, content) VALUES ('24750_28', 0, 3, 'There was nothing to eat at home');
INSERT INTO `cardExtra` (cardId, type, serial, content) VALUES ('24750_28', 0, 4, 'I was alone');
INSERT INTO `card` (id, type, title, header, content, option) VALUES ('10152', 2, 'Teeth', 'assets/topic/asb/1701.png', 'Clare Verbeek
 Kathy Arbuckle', 'FFCFB5DD');
INSERT INTO `card` (id, type, title, header, content, option) VALUES ('10152_3', 3, NULL, 'assets/topic/asb/1701.png', 'A crocodile has big teeth.', NULL);
INSERT INTO `card` (id, type, title, header, content, option) VALUES ('10152_4', 3, NULL, 'assets/topic/asb/1702.png', 'A lion has big teeth as well.', NULL);
INSERT INTO `card` (id, type, title, header, content, option) VALUES ('10152_5', 3, NULL, 'assets/topic/asb/1703.png', 'A cow has strong teeth.', NULL);
INSERT INTO `card` (id, type, title, header, content, option) VALUES ('10152_6', 3, NULL, 'assets/topic/asb/1704.png', 'Birds do not have teeth.', NULL);
INSERT INTO `card` (id, type, title, header, content, option) VALUES ('10152_7', 3, NULL, 'assets/topic/asb/1705.png', 'Rats have big front teeth.', NULL);
INSERT INTO `card` (id, type, title, header, content, option) VALUES ('10152_8', 3, NULL, 'assets/topic/asb/1706.png', 'Sharks have sharp teeth.', NULL);
INSERT INTO `card` (id, type, title, header, content, option) VALUES ('10152_9', 3, NULL, 'assets/topic/asb/1707.png', 'I used to have a lot of teeth.', NULL);
INSERT INTO `card` (id, type, title, header, content, option) VALUES ('10152_10', 3, NULL, 'assets/topic/asb/1708.png', 'But now I don''t have many.', NULL);
INSERT INTO `card` (id, type, title, header, content, option) VALUES ('10152_11', 3, NULL, NULL, 'You are free to download, copy, translate or adapt this story and use the illustrations as long as you attribute in the following way:
Teeth
Author -
Clare Verbeek, Thembani Dladla and Zanele Buthelezi
Illustration -
Kathy Arbuckle
Language -
English
Level -
First words
© School of Education and Development (Centre for Adult Education), University of Kwazulu-Natal, 2007 2014
Creative Commons: Attribution-Non Commercial 3.0
Source
www.africanstorybook.org
Original source
http://cae.ukzn.ac.za/resources/seedbooks.aspx', NULL);
INSERT INTO `card` (id, type, title, header, content, option) VALUES ('10152_12', 1, 'Paint a roaring lion.', 'assets/topic/10152.svg', NULL, NULL);
INSERT INTO `cardExtra` (cardId, type, serial, content) VALUES ('10152_12', 2, 1, 'assets/topic/10152.svg');
INSERT INTO `card` (id, type, title, header, content, option) VALUES ('10152_13', 0, 'A lion has a big teeth.', NULL, NULL, 'oneAtATime');
INSERT INTO `cardExtra` (cardId, type, serial, content) VALUES ('10152_13', 1, 1, 'True.');
INSERT INTO `cardExtra` (cardId, type, serial, content) VALUES ('10152_13', 0, 1, 'False.');
INSERT INTO `card` (id, type, title, header, content, option) VALUES ('10152_16', 0, 'Birds do not have teeth.', NULL, NULL, 'oneAtATime');
INSERT INTO `cardExtra` (cardId, type, serial, content) VALUES ('10152_16', 1, 1, 'True.');
INSERT INTO `cardExtra` (cardId, type, serial, content) VALUES ('10152_16', 0, 1, 'False.');
INSERT INTO `card` (id, type, title, header, content, option) VALUES ('10152_19', 0, 'Sharks have sharp teeth.', NULL, NULL, 'oneAtATime');
INSERT INTO `cardExtra` (cardId, type, serial, content) VALUES ('10152_19', 1, 1, 'True.');
INSERT INTO `cardExtra` (cardId, type, serial, content) VALUES ('10152_19', 0, 1, 'false.');
INSERT INTO `card` (id, type, title, header, content, option) VALUES ('10152_22', 0, 'In your home who has less teeth?', NULL, NULL, 'open');
INSERT INTO `cardExtra` (cardId, type, serial, content) VALUES ('10152_22', 0, 1, 'Grandmother');
INSERT INTO `cardExtra` (cardId, type, serial, content) VALUES ('10152_22', 0, 2, 'Grandfather');
INSERT INTO `cardExtra` (cardId, type, serial, content) VALUES ('10152_22', 0, 3, 'Small baby boy');
INSERT INTO `cardExtra` (cardId, type, serial, content) VALUES ('10152_22', 0, 4, 'Small baby girl');
INSERT INTO `card` (id, type, title, header, content, option) VALUES ('22469', 2, 'Cassava and Palm', 'assets/topic/asb/25923.png', 'Divine  Apedo
Brian Wambi', 'FF9DEDE3');
INSERT INTO `card` (id, type, title, header, content, option) VALUES ('22469_3', 3, NULL, 'assets/topic/asb/25919.png', 'Long time ago, Cassava and Palm lived in a village called Koowa. They were very good friends. They visited each other every day. They were farmers. They worked very hard on their farms.', NULL);
INSERT INTO `card` (id, type, title, header, content, option) VALUES ('22469_4', 3, NULL, 'assets/topic/asb/25920.png', 'In a certain year, there was no rain. The crops did not grow well. All the plants dried up. People did not have any food to eat.
Cassava and Palm decided to travel to another village to look for work.', NULL);
INSERT INTO `card` (id, type, title, header, content, option) VALUES ('22469_5', 3, NULL, 'assets/topic/asb/25921.png', 'On their way, they met a woman. "Good afternoon," they greeted her.
She responded and asked, "Where are you going?" "We are going to the next village to look for work," said Palm.', NULL);
INSERT INTO `card` (id, type, title, header, content, option) VALUES ('22469_6', 3, NULL, 'assets/topic/asb/25922.png', '"What work can you do?" the woman asked. The friends responded, "We can provide food for your family and animals."
The woman asked, "What do you need to provide the food?" "Give us land, water and good care," they replied.', NULL);
INSERT INTO `card` (id, type, title, header, content, option) VALUES ('22469_7', 3, NULL, 'assets/topic/asb/25923.png', 'The woman took them home with her.', NULL);
INSERT INTO `card` (id, type, title, header, content, option) VALUES ('22469_8', 3, NULL, 'assets/topic/asb/25924.png', 'One afternoon, Palm tree and Cassava had an argument. Cassava said he was more important than Palm.
Palm said he was more important than Cassava.', NULL);
INSERT INTO `card` (id, type, title, header, content, option) VALUES ('22469_9', 3, NULL, 'assets/topic/asb/25925.png', 'The woman heard them from her room. She came out and asked "Why are you fighting?"', NULL);
INSERT INTO `card` (id, type, title, header, content, option) VALUES ('22469_10', 3, NULL, 'assets/topic/asb/25926.png', 'Cassava spoke first. "I am more important than Palm tree. I provide tubers for your fufu, gari, boiled cassava and cassava dough."', NULL);
INSERT INTO `card` (id, type, title, header, content, option) VALUES ('22469_11', 3, NULL, 'assets/topic/asb/25927.png', '"My stems are used for planting. My leaves and peels feed your animals. What does Palm tree do?" asked Cassava.', NULL);
INSERT INTO `card` (id, type, title, header, content, option) VALUES ('22469_12', 3, NULL, 'assets/topic/asb/25928.png', 'Palm tree laughed, shook his head and said, "Woman, do you remember the palm soup you enjoy so much? I provide it."', NULL);
INSERT INTO `card` (id, type, title, header, content, option) VALUES ('22469_13', 3, NULL, 'assets/topic/asb/25929.png', '"I provide the palm oil for preparing kpokpoi and the palm kernel oil for frying fish and meat. How would you prepare stews and gravies without oil?"', NULL);
INSERT INTO `card` (id, type, title, header, content, option) VALUES ('22469_14', 3, NULL, 'assets/topic/asb/25930.png', '"In addition, my fronds provide shade for your huts. You cool your heart with my sweet, rich, foamy palm wine after your hard day''s work."', NULL);
INSERT INTO `card` (id, type, title, header, content, option) VALUES ('22469_15', 3, NULL, 'assets/topic/asb/25931.png', '"Above all, the brooms that are used to sweep the rooms and compounds come from me," concluded Palm.', NULL);
INSERT INTO `card` (id, type, title, header, content, option) VALUES ('22469_16', 3, NULL, 'assets/topic/asb/25932.png', '"Hmmm!" sighed the woman. "Alright friends, I have heard you. I will settle this problem."', NULL);
INSERT INTO `card` (id, type, title, header, content, option) VALUES ('22469_17', 3, NULL, 'assets/topic/asb/25933.png', '"Both of you are very important to me. The two of you together make a delicious meal, fufu and palm-nut soup!" said the woman.', NULL);
INSERT INTO `card` (id, type, title, header, content, option) VALUES ('22469_18', 3, NULL, 'assets/topic/asb/25934.png', 'The woman prepared palm nut soup with fufu from cassavas. She invited her friends to eat with her. They enjoyed the meal very much.
Since then, Cassava and Palm tree have remained good friends.', NULL);
INSERT INTO `card` (id, type, title, header, content, option) VALUES ('22469_19', 3, NULL, NULL, 'You are free to download, copy, translate or adapt this story and use the illustrations as long as you attribute in the following way:
Cassava and Palm
Author -
Divine  Apedo, Elizabeth  Nkrumah and Georgina  Abbey
Translation -
Divine  Apedo, Elizabeth  Nkrumah and Georgina  Abbey
Illustration -
Brian Wambi
Language -
English
Level -
First paragraphs
© African Storybook Initiative 2017
Creative Commons: Attribution 4.0
Source
www.africanstorybook.org', NULL);
INSERT INTO `card` (id, type, title, header, content, option) VALUES ('22469_20', 1, 'Paint a palm tree.', 'assets/topic/22469.svg', NULL, NULL);
INSERT INTO `cardExtra` (cardId, type, serial, content) VALUES ('22469_20', 2, 1, 'assets/topic/22469.svg');
INSERT INTO `card` (id, type, title, header, content, option) VALUES ('22469_21', 0, 'In which village did cassava and palm tree live?', NULL, NULL, 'oneAtATime');
INSERT INTO `cardExtra` (cardId, type, serial, content) VALUES ('22469_21', 1, 1, 'Koowa');
INSERT INTO `cardExtra` (cardId, type, serial, content) VALUES ('22469_21', 0, 1, 'Boowa');
INSERT INTO `cardExtra` (cardId, type, serial, content) VALUES ('22469_21', 0, 2, 'Noowa');
INSERT INTO `cardExtra` (cardId, type, serial, content) VALUES ('22469_21', 0, 3, 'Doowa');
INSERT INTO `card` (id, type, title, header, content, option) VALUES ('22469_26', 0, 'Brooms that  are used come from palm tree.', NULL, NULL, 'oneAtATime');
INSERT INTO `cardExtra` (cardId, type, serial, content) VALUES ('22469_26', 1, 1, 'True.');
INSERT INTO `cardExtra` (cardId, type, serial, content) VALUES ('22469_26', 0, 1, 'False.');
INSERT INTO `card` (id, type, title, header, content, option) VALUES ('22469_29', 0, 'Over what did you and your friend fight?', NULL, NULL, 'open');
INSERT INTO `cardExtra` (cardId, type, serial, content) VALUES ('22469_29', 0, 1, 'Playing best');
INSERT INTO `cardExtra` (cardId, type, serial, content) VALUES ('22469_29', 0, 2, 'studying best');
INSERT INTO `cardExtra` (cardId, type, serial, content) VALUES ('22469_29', 0, 3, 'Cooking best');
INSERT INTO `cardExtra` (cardId, type, serial, content) VALUES ('22469_29', 0, 4, 'Working best');
INSERT INTO `card` (id, type, title, header, content, option) VALUES ('7871', 2, 'My family and I', 'assets/topic/asb/5216.png', 'Cornelius Wambi Gulere
Wiehan de Jager', 'FF9DEDE3');
INSERT INTO `card` (id, type, title, header, content, option) VALUES ('7871_3', 3, NULL, 'assets/topic/asb/5217.png', 'My dinosaur and I look at my birds in the sky.', NULL);
INSERT INTO `card` (id, type, title, header, content, option) VALUES ('7871_4', 3, NULL, 'assets/topic/asb/5218.png', 'My birds and I meet Chimpanzee in the tree.', NULL);
INSERT INTO `card` (id, type, title, header, content, option) VALUES ('7871_5', 3, NULL, 'assets/topic/asb/5219.png', 'My chimpanzee and I play with my giraffes on the hill.', NULL);
INSERT INTO `card` (id, type, title, header, content, option) VALUES ('7871_6', 3, NULL, 'assets/topic/asb/5232.png', 'My giraffes and I make monkey balls from clay.', NULL);
INSERT INTO `card` (id, type, title, header, content, option) VALUES ('7871_7', 3, NULL, 'assets/topic/asb/5221.png', 'My monkey and I eat bananas with Gorilla every day.', NULL);
INSERT INTO `card` (id, type, title, header, content, option) VALUES ('7871_8', 3, NULL, 'assets/topic/asb/5220.png', 'My gorilla and monkey fear Tortoise in every way.', NULL);
INSERT INTO `card` (id, type, title, header, content, option) VALUES ('7871_9', 3, NULL, 'assets/topic/asb/5222.png', 'Tortoise and I go home very slowly with Snake.', NULL);
INSERT INTO `card` (id, type, title, header, content, option) VALUES ('7871_10', 3, NULL, 'assets/topic/asb/5223.png', 'Snake and I love to hiss and sing songs by the lake.', NULL);
INSERT INTO `card` (id, type, title, header, content, option) VALUES ('7871_11', 3, NULL, 'assets/topic/asb/5224.png', 'My entire family and I live together in great happiness!', NULL);
INSERT INTO `card` (id, type, title, header, content, option) VALUES ('7871_12', 3, NULL, NULL, 'You are free to download, copy, translate or adapt this story and use the illustrations as long as you attribute in the following way:
My family and I
Author -
Cornelius Wambi Gulere and Waako Joshua
Illustration -
Wiehan de Jager
Language -
English
Level -
First sentences
© Ugandan Community Libraries Association 2014
Creative Commons: Attribution 4.0
Source
www.africanstorybook.org', NULL);
INSERT INTO `card` (id, type, title, header, content, option) VALUES ('7871_13', 1, 'Paint dinosaur and decorate it.', 'assets/topic/7871.svg', NULL, NULL);
INSERT INTO `cardExtra` (cardId, type, serial, content) VALUES ('7871_13', 2, 1, 'assets/topic/7871.svg');
INSERT INTO `card` (id, type, title, header, content, option) VALUES ('7871_14', 0, 'The boy and his dinosaur were looking at birds.', NULL, NULL, 'oneAtATime');
INSERT INTO `cardExtra` (cardId, type, serial, content) VALUES ('7871_14', 1, 1, 'True.');
INSERT INTO `cardExtra` (cardId, type, serial, content) VALUES ('7871_14', 0, 1, 'False.');
INSERT INTO `card` (id, type, title, header, content, option) VALUES ('7871_17', 0, 'The boy, monkey and Gorilla eat banana together.', NULL, NULL, 'oneAtATime');
INSERT INTO `cardExtra` (cardId, type, serial, content) VALUES ('7871_17', 1, 1, 'True.');
INSERT INTO `cardExtra` (cardId, type, serial, content) VALUES ('7871_17', 0, 1, 'False.');
INSERT INTO `card` (id, type, title, header, content, option) VALUES ('7871_20', 0, 'What do you do with your family?', NULL, NULL, 'open');
INSERT INTO `cardExtra` (cardId, type, serial, content) VALUES ('7871_20', 1, 1, 'Eat together');
INSERT INTO `cardExtra` (cardId, type, serial, content) VALUES ('7871_20', 0, 1, 'Play');
INSERT INTO `cardExtra` (cardId, type, serial, content) VALUES ('7871_20', 0, 2, 'Dance');
INSERT INTO `cardExtra` (cardId, type, serial, content) VALUES ('7871_20', 0, 3, 'Cook');
INSERT INTO `card` (id, type, title, header, content, option) VALUES ('22082', 2, 'Fire''s story', 'assets/topic/asb/8558.png', 'African Storybook and Lisa Treffry-Goatley
Rob Owen', 'FFB3C8FF');
INSERT INTO `card` (id, type, title, header, content, option) VALUES ('22082_3', 3, NULL, 'assets/topic/asb/8555.png', 'Let me tell you my story. I start as a small spark.', NULL);
INSERT INTO `card` (id, type, title, header, content, option) VALUES ('22082_4', 3, NULL, 'assets/topic/asb/8556.png', 'I run wild when the wind carries me.', NULL);
INSERT INTO `card` (id, type, title, header, content, option) VALUES ('22082_5', 3, NULL, 'assets/topic/asb/8558.png', 'We are good friends,  you and I.', NULL);
INSERT INTO `card` (id, type, title, header, content, option) VALUES ('22082_6', 3, NULL, 'assets/topic/asb/8557.png', 'I cook your food.', NULL);
INSERT INTO `card` (id, type, title, header, content, option) VALUES ('22082_7', 3, NULL, 'assets/topic/asb/8559.png', 'I light your night.', NULL);
INSERT INTO `card` (id, type, title, header, content, option) VALUES ('22082_8', 3, NULL, 'assets/topic/asb/8560.png', 'I have many tricks.', NULL);
INSERT INTO `card` (id, type, title, header, content, option) VALUES ('22082_9', 3, NULL, 'assets/topic/asb/8561.png', 'I am part of your family.', NULL);
INSERT INTO `card` (id, type, title, header, content, option) VALUES ('22082_10', 3, NULL, 'assets/topic/asb/8562.png', 'But be careful when you invite me to your home. I don''t like to be left alone.', NULL);
INSERT INTO `card` (id, type, title, header, content, option) VALUES ('22082_11', 3, NULL, NULL, 'You are free to download, copy, translate or adapt this story and use the illustrations as long as you attribute in the following way:
Fire''s story
Author -
Deborah Namugosa, Beatres Nabune, Alison Tukei and Rose Sabano
Adaptation -
African Storybook and Lisa Treffry-Goatley
Illustration -
Rob Owen
Language -
English
Level -
First sentences
© African Storybook Initiative 2014
Creative Commons: Attribution 4.0
Source
www.africanstorybook.org', NULL);
INSERT INTO `card` (id, type, title, header, content, option) VALUES ('22082_12', 1, 'Draw matchstick', 'assets/topic/22082.svg', NULL, NULL);
INSERT INTO `cardExtra` (cardId, type, serial, content) VALUES ('22082_12', 2, 1, 'assets/topic/22082.svg');
INSERT INTO `card` (id, type, title, header, content, option) VALUES ('22082_13', 0, 'Fire starts as a small spark.', NULL, NULL, 'oneAtATime');
INSERT INTO `cardExtra` (cardId, type, serial, content) VALUES ('22082_13', 1, 1, 'True.');
INSERT INTO `cardExtra` (cardId, type, serial, content) VALUES ('22082_13', 0, 1, 'False.');
INSERT INTO `card` (id, type, title, header, content, option) VALUES ('22082_16', 0, 'Fire says it is part of our family.', NULL, NULL, 'oneAtATime');
INSERT INTO `cardExtra` (cardId, type, serial, content) VALUES ('22082_16', 1, 1, 'True.');
INSERT INTO `cardExtra` (cardId, type, serial, content) VALUES ('22082_16', 0, 1, 'False.');
INSERT INTO `card` (id, type, title, header, content, option) VALUES ('22082_19', 0, 'If there was no fire what problems would we face?', NULL, NULL, 'open');
INSERT INTO `cardExtra` (cardId, type, serial, content) VALUES ('22082_19', 0, 1, 'Cooking would be difficult');
INSERT INTO `cardExtra` (cardId, type, serial, content) VALUES ('22082_19', 0, 2, 'No light in house');
INSERT INTO `cardExtra` (cardId, type, serial, content) VALUES ('22082_19', 0, 3, 'Shiver in winter');
INSERT INTO `cardExtra` (cardId, type, serial, content) VALUES ('22082_19', 0, 4, 'Difficult to walk at night');
INSERT INTO `card` (id, type, title, header, content, option) VALUES ('3140', 2, 'The tree wife', 'assets/topic/asb/2580.png', 'Southern African Folktale
Jemma Kahn', 'FF9DEDE3');
INSERT INTO `card` (id, type, title, header, content, option) VALUES ('3140_3', 3, NULL, 'assets/topic/asb/2584.png', 'Once upon a time,  there lived a man who had plenty of everything – a large fertile farm,  with cattle,  sheep,  and goats. But,  as he grew old,  he grew sad,  because one thing was missing. He did not have a wife.', NULL);
INSERT INTO `card` (id, type, title, header, content, option) VALUES ('3140_4', 3, NULL, 'assets/topic/asb/2585.png', 'Standing under a tree one day,  he had a brilliant idea. If he couldn''t find a wife,  perhaps he could make one?', NULL);
INSERT INTO `card` (id, type, title, header, content, option) VALUES ('3140_5', 3, NULL, 'assets/topic/asb/2583.png', 'So he set to work to shape a beautiful woman from a strong branch of the tree. When he had finished making the statue,  he touched her eyes,  and they opened. He blew gently on her,  and she came alive.', NULL);
INSERT INTO `card` (id, type, title, header, content, option) VALUES ('3140_6', 3, NULL, 'assets/topic/asb/2586.png', 'She was truly the most beautiful woman he had ever seen. He knelt before her,  and asked her to be his wife.', NULL);
INSERT INTO `card` (id, type, title, header, content, option) VALUES ('3140_7', 3, NULL, 'assets/topic/asb/2587.png', 'He gave her a colourful apron,  beads,  and a head ring,  the sign of a married woman. And he built her a house with the mud and grass that used to lie at the foot of her trunk. "Only one thing I beg of you," he said to his wife. "Never tell anyone where you come from."', NULL);
INSERT INTO `card` (id, type, title, header, content, option) VALUES ('3140_8', 3, NULL, 'assets/topic/asb/2588.png', 'But before long,  the young men from a neighbouring village began talking among themselves. "How can such an old man have such a beautiful young wife?" So they decided to steal her and take her to their own kraal.', NULL);
INSERT INTO `card` (id, type, title, header, content, option) VALUES ('3140_9', 3, NULL, 'assets/topic/asb/2589.png', 'The old man was heartbroken. He felt he could not live without her. But then he thought,  "Perhaps if I have something of hers,  I would not feel so sad?" So he sent his doves to find her,  to sing to her,  and to bring back something of hers to him.', NULL);
INSERT INTO `card` (id, type, title, header, content, option) VALUES ('3140_10', 3, NULL, 'assets/topic/asb/2590.png', 'When they found her,  they sang to her in the language of birds. "Tree woman,  tree woman. More beautiful than any other. Your husband has sent us. To bring back your apron!"', NULL);
INSERT INTO `card` (id, type, title, header, content, option) VALUES ('3140_11', 3, NULL, 'assets/topic/asb/2591.png', 'She gave them her apron,  and they flew over the hill,  over the river,  back to her husband. He held the apron to his face,  and was comforted for a little while.', NULL);
INSERT INTO `card` (id, type, title, header, content, option) VALUES ('3140_12', 3, NULL, 'assets/topic/asb/2592.png', 'But his longing did not go away. So again he sent his doves to sing to her: Tree woman,  tree woman More beautiful than any other Your husband has sent us To bring back your head ring! And back they flew with the head ring,  the sign of a married woman.', NULL);
INSERT INTO `card` (id, type, title, header, content, option) VALUES ('3140_13', 3, NULL, 'assets/topic/asb/2581.png', 'He held the head ring and sighed for his wife,  far away in the kraal of other people. After a while,  he called his doves again. He told them to go to her and sing: Tree woman,  tree woman More beautiful than any other Your husband has sent us To bring back your life!', NULL);
INSERT INTO `card` (id, type, title, header, content, option) VALUES ('3140_14', 3, NULL, 'assets/topic/asb/2582.png', 'So away they went the third time. They perched on her shoulders. As they sang,  each bird pecked out an eye. Immediately she turned again into a statue. Her feet and arms fell away. Then her head. And she fell to the ground.', NULL);
INSERT INTO `card` (id, type, title, header, content, option) VALUES ('3140_15', 3, NULL, 'assets/topic/asb/2593.png', 'Her husband slowly rolled her wooden trunk to the river. He stood her up with her roots in the water. Nourished by sun and soil,  she grew leaves again.', NULL);
INSERT INTO `card` (id, type, title, header, content, option) VALUES ('3140_16', 3, NULL, 'assets/topic/asb/2580.png', 'And when the wind blows,  the leaves sigh. Just as a woman does when she longs for her husband.', NULL);
INSERT INTO `card` (id, type, title, header, content, option) VALUES ('3140_17', 3, NULL, NULL, 'You are free to download, copy, translate or adapt this story and use the illustrations as long as you attribute in the following way:
The tree wife
Author -
Southern African Folktale
Illustration -
Jemma Kahn
Language -
English
Level -
Longer paragraphs
© African Storybook Initiative 2014
Creative Commons: Attribution 4.0
Source
www.africanstorybook.org
Original source
http://www.youtube.com/watch?v=li8tkliflms', NULL);
INSERT INTO `card` (id, type, title, header, content, option) VALUES ('3140_18', 1, 'Paint a tree woman', 'assets/topic/3140.svg', NULL, NULL);
INSERT INTO `cardExtra` (cardId, type, serial, content) VALUES ('3140_18', 2, 1, 'assets/topic/3140.svg');
INSERT INTO `card` (id, type, title, header, content, option) VALUES ('3140_19', 0, 'Old man made a woman out of tree and married her.', NULL, NULL, 'oneAtATime');
INSERT INTO `cardExtra` (cardId, type, serial, content) VALUES ('3140_19', 1, 1, 'True.');
INSERT INTO `cardExtra` (cardId, type, serial, content) VALUES ('3140_19', 0, 1, 'False.');
INSERT INTO `card` (id, type, title, header, content, option) VALUES ('3140_22', 0, 'Which bird did the old man send to the woman?', NULL, NULL, 'oneAtATime');
INSERT INTO `cardExtra` (cardId, type, serial, content) VALUES ('3140_22', 1, 1, 'Dove');
INSERT INTO `cardExtra` (cardId, type, serial, content) VALUES ('3140_22', 0, 1, 'Crow');
INSERT INTO `cardExtra` (cardId, type, serial, content) VALUES ('3140_22', 0, 2, 'Eagle');
INSERT INTO `cardExtra` (cardId, type, serial, content) VALUES ('3140_22', 0, 3, 'Parrot');
INSERT INTO `card` (id, type, title, header, content, option) VALUES ('3140_27', 0, 'Whom do you love the most?', NULL, NULL, 'open');
INSERT INTO `cardExtra` (cardId, type, serial, content) VALUES ('3140_27', 0, 1, 'Friend');
INSERT INTO `cardExtra` (cardId, type, serial, content) VALUES ('3140_27', 0, 2, 'Dog');
INSERT INTO `cardExtra` (cardId, type, serial, content) VALUES ('3140_27', 0, 3, 'Brother');
INSERT INTO `cardExtra` (cardId, type, serial, content) VALUES ('3140_27', 0, 4, 'Sister');
INSERT INTO `card` (id, type, title, header, content, option) VALUES ('22079', 2, 'Jealous co-wife', 'assets/topic/asb/25521.png', 'Mary Narebon
Jacob Kono', 'FFB3C8FF');
INSERT INTO `card` (id, type, title, header, content, option) VALUES ('22079_3', 3, NULL, 'assets/topic/asb/25510.png', 'There lived two co-wives.
They shared the same hut with their husband.', NULL);
INSERT INTO `card` (id, type, title, header, content, option) VALUES ('22079_4', 3, NULL, 'assets/topic/asb/25511.png', 'For a long time, neither wife had a child. Then, the first wife became pregnant.
She gave birth at a time when the husband was not at home.', NULL);
INSERT INTO `card` (id, type, title, header, content, option) VALUES ('22079_5', 3, NULL, 'assets/topic/asb/25512.png', 'The second wife felt jealous towards the first wife and her baby.
She began to think of ways of killing her co-wife so that she could have the husband alone.', NULL);
INSERT INTO `card` (id, type, title, header, content, option) VALUES ('22079_6', 3, NULL, 'assets/topic/asb/25513.png', 'During that time, people did not cook food. They ate it raw.', NULL);
INSERT INTO `card` (id, type, title, header, content, option) VALUES ('22079_7', 3, NULL, 'assets/topic/asb/25514.png', 'The second wife said, "I will cook the food so that I poison my co-wife."
She believed that cooked food could kill a person.', NULL);
INSERT INTO `card` (id, type, title, header, content, option) VALUES ('22079_8', 3, NULL, 'assets/topic/asb/25515.png', 'She cooked food for her co-wife for many days.
However, instead of dying, the first wife became healthier and healthier because of cooked food.', NULL);
INSERT INTO `card` (id, type, title, header, content, option) VALUES ('22079_9', 3, NULL, 'assets/topic/asb/25516.png', 'When the husband returned home, he found a new baby, the first wife healthier and the food being cooked.', NULL);
INSERT INTO `card` (id, type, title, header, content, option) VALUES ('22079_10', 3, NULL, 'assets/topic/asb/25517.png', 'The husband was amazed by the cooking of food and he asked, "Who taught you to cook!"
The second wife whispered to the husband and said, "I am cooking so that I poison my co-wife."', NULL);
INSERT INTO `card` (id, type, title, header, content, option) VALUES ('22079_11', 3, NULL, 'assets/topic/asb/25518.png', '"I am jealous of her for having had a baby while I have not. I feel you will chase me away."', NULL);
INSERT INTO `card` (id, type, title, header, content, option) VALUES ('22079_12', 3, NULL, 'assets/topic/asb/25519.png', 'The husband was angry and warned her, "Stop being evil minded."', NULL);
INSERT INTO `card` (id, type, title, header, content, option) VALUES ('22079_13', 3, NULL, 'assets/topic/asb/25520.png', 'The husband gathered his wives and made peace between them.', NULL);
INSERT INTO `card` (id, type, title, header, content, option) VALUES ('22079_14', 3, NULL, 'assets/topic/asb/25521.png', 'They all agreed to cook food because it made them healthier.
That is how the cooking of food began!', NULL);
INSERT INTO `card` (id, type, title, header, content, option) VALUES ('22079_15', 3, NULL, NULL, 'You are free to download, copy, translate or adapt this story and use the illustrations as long as you attribute in the following way:
Jealous co-wife
Author -
Mary Narebon
Illustration -
Jacob Kono
Language -
English
Level -
First paragraphs
© African Storybook Initiative 2017
Creative Commons: Attribution 4.0
Source
www.africanstorybook.org', NULL);
INSERT INTO `card` (id, type, title, header, content, option) VALUES ('7860', 2, 'Akai''s special mat', 'assets/topic/asb/6007.png', 'Ursula Nafula
Catherine Groenewald', 'FFB3C8FF');
INSERT INTO `card` (id, type, title, header, content, option) VALUES ('7860_3', 3, NULL, 'assets/topic/asb/5845.png', 'When Akai was a little girl,  her mother used to put her to sleep on a beautiful mat. Akai''s aunt made this special mat from palm leaves.', NULL);
INSERT INTO `card` (id, type, title, header, content, option) VALUES ('7860_4', 3, NULL, 'assets/topic/asb/5846.png', 'The mat had bright pink,  blue and green colours. It was different from other mats that Akai''s mother had in the hut.', NULL);
INSERT INTO `card` (id, type, title, header, content, option) VALUES ('7860_5', 3, NULL, 'assets/topic/asb/5847.png', 'The land around Akai''s home was very dry,  hot and full of stones. There were many scorpions,  spiders and snakes too. But Akai was never in danger of being bitten by these dangerous creatures.', NULL);
INSERT INTO `card` (id, type, title, header, content, option) VALUES ('7860_6', 3, NULL, 'assets/topic/asb/5848.png', 'Her mother said,  "Her special mat protects Akai from any harm."', NULL);
INSERT INTO `card` (id, type, title, header, content, option) VALUES ('7860_7', 3, NULL, 'assets/topic/asb/5996.png', 'Akai was a clever child. She discovered where the nearest shallow well was.', NULL);
INSERT INTO `card` (id, type, title, header, content, option) VALUES ('7860_8', 3, NULL, 'assets/topic/asb/5997.png', 'Akai also knew where her grandmother''s manyatta was located. She often went to drink camel milk with her grandmother.', NULL);
INSERT INTO `card` (id, type, title, header, content, option) VALUES ('7860_9', 3, NULL, 'assets/topic/asb/5999.png', 'One day,  Akai was not so lucky. She left to go to her grandmother''s manyatta,  but she got lost in the hills. Akai was afraid.', NULL);
INSERT INTO `card` (id, type, title, header, content, option) VALUES ('7860_10', 3, NULL, 'assets/topic/asb/6000.png', 'She sat under an edome tree and waited for help. Soon she fell asleep and had a dream.', NULL);
INSERT INTO `card` (id, type, title, header, content, option) VALUES ('7860_11', 3, NULL, 'assets/topic/asb/6001.png', 'This is what Akai dreamed. She was lying on her special mat. A woman who looked like her grandmother was watching over her. The old woman smiled and gave her a bowl of camel milk. Just when Akai stretched out her hand to take the milk,  she woke up.', NULL);
INSERT INTO `card` (id, type, title, header, content, option) VALUES ('7860_12', 3, NULL, 'assets/topic/asb/6002.png', 'Akai opened her eyes slowly. When she looked up,  she saw a small blue bird on a branch above her.', NULL);
INSERT INTO `card` (id, type, title, header, content, option) VALUES ('7860_13', 3, NULL, 'assets/topic/asb/6003.png', 'When Akai got up,  the small blue bird flapped its wings and led the way for Akai. She followed the bird.', NULL);
INSERT INTO `card` (id, type, title, header, content, option) VALUES ('7860_14', 3, NULL, 'assets/topic/asb/6004.png', 'Akai came to a place where the path went in two different directions. The blue bird dropped a piece of a mat that was like Akai''s own mat.', NULL);
INSERT INTO `card` (id, type, title, header, content, option) VALUES ('7860_15', 3, NULL, 'assets/topic/asb/6005.png', 'Picking up the piece of mat,  Akai saw footprints that she knew were her mother''s. Soon she saw the shallow well from where they fetched water.', NULL);
INSERT INTO `card` (id, type, title, header, content, option) VALUES ('7860_16', 3, NULL, 'assets/topic/asb/6006.png', 'Akai''s family sang and danced to welcome her home. They slaughtered a goat,  roasted the meat and celebrated their child''s safe return.', NULL);
INSERT INTO `card` (id, type, title, header, content, option) VALUES ('7860_17', 3, NULL, 'assets/topic/asb/6007.png', 'Akai sat on her special mat and enjoyed eating a big piece of roast meat.', NULL);
INSERT INTO `card` (id, type, title, header, content, option) VALUES ('7860_18', 3, NULL, NULL, 'You are free to download, copy, translate or adapt this story and use the illustrations as long as you attribute in the following way:
Akai''s special mat
Author -
Ursula Nafula
Illustration -
Catherine Groenewald
Language -
English
Level -
First paragraphs
© African Storybook Initiative 2014
Creative Commons: Attribution 4.0
Source
www.africanstorybook.org', NULL);
INSERT INTO `card` (id, type, title, header, content, option) VALUES ('2530', 2, 'The talking bag', 'assets/topic/asb/1461.png', 'Caroline Lentupuru
Wiehan de Jager', 'FF9DEDE3');
INSERT INTO `card` (id, type, title, header, content, option) VALUES ('2530_3', 3, NULL, 'assets/topic/asb/1461.png', 'Once upon a time there was a female giant. As she was walking near the lake one day,  she met three little girls.    The giant asked the girls,  "Who among you is loved by both parents?"', NULL);
INSERT INTO `card` (id, type, title, header, content, option) VALUES ('2530_4', 3, NULL, 'assets/topic/asb/1462.png', 'One of the girls said,  "My mother loves me most." Another said,  "My father loves me most." But the third one said,  "I am loved by both parents."', NULL);
INSERT INTO `card` (id, type, title, header, content, option) VALUES ('2530_5', 3, NULL, 'assets/topic/asb/1463.png', 'The giant asked the girl loved by both parents to help her carry firewood. So the girl followed the giant.', NULL);
INSERT INTO `card` (id, type, title, header, content, option) VALUES ('2530_6', 3, NULL, 'assets/topic/asb/1465.png', 'They walked for some distance. The girl asked the giant,  "Where is your firewood?" The giant replied,  "It is near those trees over there!"', NULL);
INSERT INTO `card` (id, type, title, header, content, option) VALUES ('2530_7', 3, NULL, 'assets/topic/asb/1466.png', 'When they reached the trees,  the girl asked again,  "Where is your firewood?" The giant answered,  "Not far now!"', NULL);
INSERT INTO `card` (id, type, title, header, content, option) VALUES ('2530_8', 3, NULL, 'assets/topic/asb/1467.png', 'They met a man along the way. He asked the giant,  "What is the name of your child?" The giant replied,  "She is called the talking bag."', NULL);
INSERT INTO `card` (id, type, title, header, content, option) VALUES ('2530_9', 3, NULL, 'assets/topic/asb/1468.png', 'The girl burst out singing. She sang,  "I am not called the talking bag. My name is Kaamungei! Oh! My mother,  whom I love. Oh! My father,  whom I love. Oh! My calabash,  which I use to drink milk!"', NULL);
INSERT INTO `card` (id, type, title, header, content, option) VALUES ('2530_10', 3, NULL, 'assets/topic/asb/1469.png', 'When the man heard what the girl sang,  he rescued her and took her back to her parents.   The story ends there!', NULL);
INSERT INTO `card` (id, type, title, header, content, option) VALUES ('2530_11', 3, NULL, NULL, 'You are free to download, copy, translate or adapt this story and use the illustrations as long as you attribute in the following way:
The talking bag
Author -
Caroline Lentupuru
Illustration -
Wiehan de Jager
Language -
English
Level -
First paragraphs
© African Storybook Initiative 2014
Creative Commons: Attribution 4.0
Source
www.africanstorybook.org', NULL);
INSERT INTO `card` (id, type, title, header, content, option) VALUES ('13026', 2, 'Keeper and his nursery', 'assets/topic/asb/12997.png', 'Nina Orange
Magriet Brink', 'FFB3C8FF');
INSERT INTO `card` (id, type, title, header, content, option) VALUES ('13026_3', 3, NULL, 'assets/topic/asb/12979.png', 'This is the story of Keeper and his nursery for orphaned animals.', NULL);
INSERT INTO `card` (id, type, title, header, content, option) VALUES ('13026_4', 3, NULL, 'assets/topic/asb/12980.png', 'August was a busy month for Keeper and his helpers at the nursery.', NULL);
INSERT INTO `card` (id, type, title, header, content, option) VALUES ('13026_5', 3, NULL, 'assets/topic/asb/12981.png', 'One year old Mkite arrived first. She came in an old green truck.', NULL);
INSERT INTO `card` (id, type, title, header, content, option) VALUES ('13026_6', 3, NULL, 'assets/topic/asb/12982.png', 'Keeper and his helpers were very sorry for Mkite. She was so thin and sad.', NULL);
INSERT INTO `card` (id, type, title, header, content, option) VALUES ('13026_7', 3, NULL, 'assets/topic/asb/12983.png', 'But soon,  Mkite got stronger. She began to play with the other animals at the nursery.', NULL);
INSERT INTO `card` (id, type, title, header, content, option) VALUES ('13026_8', 3, NULL, 'assets/topic/asb/12984.png', 'On another day in August,  a helicopter landed at the nursery.', NULL);
INSERT INTO `card` (id, type, title, header, content, option) VALUES ('13026_9', 3, NULL, 'assets/topic/asb/12985.png', 'Keeper and his helpers rushed outside. In the helicopter was a small elephant covered with a blanket.', NULL);
INSERT INTO `card` (id, type, title, header, content, option) VALUES ('13026_10', 3, NULL, 'assets/topic/asb/12986.png', 'It was Ndiwa. He was five days'' old. Keeper fed Ndiwa with a bottle.', NULL);
INSERT INTO `card` (id, type, title, header, content, option) VALUES ('13026_11', 3, NULL, 'assets/topic/asb/12987.png', 'The third orphan that month was Malea. She arrived at the nursery on a red tractor. She was six months'' old.', NULL);
INSERT INTO `card` (id, type, title, header, content, option) VALUES ('13026_12', 3, NULL, 'assets/topic/asb/12988.png', 'Malea the rhinoceros soon became close friends with Enkare,  a baby buffalo. They went everywhere together.', NULL);
INSERT INTO `card` (id, type, title, header, content, option) VALUES ('13026_13', 3, NULL, 'assets/topic/asb/12989.png', 'One night,  everybody was woken up by the arrival of Ambia.', NULL);
INSERT INTO `card` (id, type, title, header, content, option) VALUES ('13026_14', 3, NULL, 'assets/topic/asb/12990.png', 'Ambia was five months'' old. She was weak after her long journey.', NULL);
INSERT INTO `card` (id, type, title, header, content, option) VALUES ('13026_15', 3, NULL, 'assets/topic/asb/12991.png', 'Because of her long neck,  Keeper held the bottle high to feed Ambia.', NULL);
INSERT INTO `card` (id, type, title, header, content, option) VALUES ('13026_16', 3, NULL, 'assets/topic/asb/12992.png', 'Tiny twins Abei and Moit arrived in the middle of August. These antelopes were only a few hours'' old. They were very sick.', NULL);
INSERT INTO `card` (id, type, title, header, content, option) VALUES ('13026_17', 3, NULL, 'assets/topic/asb/12994.png', 'Everyone was sad when Abei died a week after he arrived at the nursery. But Keeper and his helpers saved Moit.', NULL);
INSERT INTO `card` (id, type, title, header, content, option) VALUES ('13026_18', 3, NULL, 'assets/topic/asb/12997.png', 'The last orphans to arrive in August were Kopi,  Kepi and Keji. These cubs were two weeks'' old. They were very hungry when they arrived.', NULL);
INSERT INTO `card` (id, type, title, header, content, option) VALUES ('13026_19', 3, NULL, 'assets/topic/asb/12995.png', 'Keeper and his helpers love all of the animals,  even the naughty ones.', NULL);
INSERT INTO `card` (id, type, title, header, content, option) VALUES ('13026_20', 3, NULL, 'assets/topic/asb/12996.png', 'The naughtiest baby was Lobolia. Lobolia liked to hide Keeper''s glasses.', NULL);
INSERT INTO `card` (id, type, title, header, content, option) VALUES ('13026_21', 3, NULL, 'assets/topic/asb/12998.png', 'The people at the nursery work hard to look after the baby animals. They hope that one day the orphans can look after themselves. Then they can return to the wild.', NULL);
INSERT INTO `card` (id, type, title, header, content, option) VALUES ('13026_22', 3, NULL, NULL, 'How old and how many? Read the story again and then answer these questions. 1. How many animals arrived at the nursery in the month of August? 2. Who arrived first that month? 3. How old was this animal? 4. Who arrived last? How old were these animals? 5. Who were the youngest animals to arrive in August? 6. How old were they? 7. Who was the oldest animal to arrive in August?', NULL);
INSERT INTO `card` (id, type, title, header, content, option) VALUES ('13026_23', 3, NULL, NULL, 'You are free to download, copy, translate or adapt this story and use the illustrations as long as you attribute in the following way:
Keeper and his nursery
Author -
Nina Orange
Illustration -
Magriet Brink
Language -
English
Level -
First paragraphs
© African Storybook Initiative 2015
Creative Commons: Attribution 4.0
Source
www.africanstorybook.org', NULL);
INSERT INTO `card` (id, type, title, header, content, option) VALUES ('24771', 2, 'Mojo and Tortiose', 'assets/topic/asb/26787.png', 'Monica Oyovwevotu Dale
Edwin  Irabor', 'FFF4E1B5');
INSERT INTO `card` (id, type, title, header, content, option) VALUES ('24771_3', 3, NULL, 'assets/topic/asb/26785.png', 'Long time ago, Mojo the bird lived in a kingdom called Baro. Tortoise was his friend.
Mojo was a messenger and travelled far to deliver messages.', NULL);
INSERT INTO `card` (id, type, title, header, content, option) VALUES ('24771_4', 3, NULL, 'assets/topic/asb/26786.png', 'One day the lion king called for Mojo.
The king wanted him to deliver an important message to another kingdom. His relative Tiger was the king there.', NULL);
INSERT INTO `card` (id, type, title, header, content, option) VALUES ('24771_5', 3, NULL, 'assets/topic/asb/26787.png', 'When Tortoise heard about this he felt jealous.
He advised Mojo, "Do not go. It is a trap. Lion wants to send you as a sacrifice."', NULL);
INSERT INTO `card` (id, type, title, header, content, option) VALUES ('24771_6', 3, NULL, 'assets/topic/asb/26788.png', 'Mojo felt scared. The next day, he went to his relative Cock. Mojo told him what Tortoise had said.
Cock did not trust Tortoise.', NULL);
INSERT INTO `card` (id, type, title, header, content, option) VALUES ('24771_7', 3, NULL, 'assets/topic/asb/26789.png', '"I will make you a delicious meal tonight," offered Tortoise when he met Mojo later.
Mojo happily went to Tortoise''s house for dinner.', NULL);
INSERT INTO `card` (id, type, title, header, content, option) VALUES ('24771_8', 3, NULL, 'assets/topic/asb/26790.png', 'As Mojo was relaxing, Tortoise threw a net over him! Then he went out to fetch firewood.
Mojo could not move. "Help me, help me!" he cried.', NULL);
INSERT INTO `card` (id, type, title, header, content, option) VALUES ('24771_9', 3, NULL, 'assets/topic/asb/26791.png', 'Cock was near Tortoise''s house. He heard Mojo shouting. He called "Mojo? Mojo?"
"Cock! Come and rescue me! responded Mojo.
Cock hurried to where Mojo was trapped.', NULL);
INSERT INTO `card` (id, type, title, header, content, option) VALUES ('24771_10', 3, NULL, 'assets/topic/asb/26792.png', 'Cock freed Mojo from the net.
Mojo thanked Cock and they ran away.
Mojo told Lion about this. The king banished Tortoise from the kingdom.', NULL);
INSERT INTO `card` (id, type, title, header, content, option) VALUES ('24771_11', 3, NULL, NULL, 'You are free to download, copy, translate or adapt this story and use the illustrations as long as you attribute in the following way:
Mojo and Tortiose
Author -
Monica Oyovwevotu Dale
Translation -
Monica Oyovwevotu Dale
Illustration -
Edwin  Irabor
Language -
English
Level -
First paragraphs
© African Storybook Initiative 2018
Creative Commons: Attribution 4.0
Source
www.africanstorybook.org', NULL);
INSERT INTO `card` (id, type, title, header, content, option) VALUES ('18419', 2, 'Fire, Water, Truth and Lies', 'assets/topic/asb/18348.png', 'Merga Debelo
 Marion Drew', 'FF9DEDE3');
INSERT INTO `card` (id, type, title, header, content, option) VALUES ('18419_3', 3, NULL, 'assets/topic/asb/18347.png', 'Fire,  Water,  Truth and Lies were friends.', NULL);
INSERT INTO `card` (id, type, title, header, content, option) VALUES ('18419_4', 3, NULL, 'assets/topic/asb/18348.png', 'But Lies was not happy and wanted to destroy their friendship.', NULL);
INSERT INTO `card` (id, type, title, header, content, option) VALUES ('18419_5', 3, NULL, 'assets/topic/asb/18349.png', 'One day Lies said,  "Why don''t we all go and look for free land. Then each one of us can have a kingdom?" They agreed and started walking.', NULL);
INSERT INTO `card` (id, type, title, header, content, option) VALUES ('18419_6', 3, NULL, 'assets/topic/asb/18350.png', 'Lies went to Water and said,  "Fire is our worst enemy. She burns everything. We need to find a kingdom without her around."', NULL);
INSERT INTO `card` (id, type, title, header, content, option) VALUES ('18419_7', 3, NULL, 'assets/topic/asb/18351.png', 'Water said,  "What should we do?" Lies replied,  "Obviously we''ll have to kill her. You are the only one with the power to do that. When she is sitting down,  splash on her and destroy her!"', NULL);
INSERT INTO `card` (id, type, title, header, content, option) VALUES ('18419_8', 3, NULL, 'assets/topic/asb/18352.png', 'Water said,  "If I do that I''ll spill on the earth and won''t be able to become one again." But Lies said,  "No problem,  I''ll put some stones down,  so you won''t spill away. I will collect you again." Lies put down stones to collect Water.', NULL);
INSERT INTO `card` (id, type, title, header, content, option) VALUES ('18419_9', 3, NULL, 'assets/topic/asb/18353.png', 'When the unsuspecting Fire sat down,  Water poured all over her. This way,  Lies got rid of Fire and they went on their way.', NULL);
INSERT INTO `card` (id, type, title, header, content, option) VALUES ('18419_10', 3, NULL, 'assets/topic/asb/18354.png', 'After some time,  Lies said to Water,  "Look,  why don''t you sit at the top of this cliff to enjoy the scenery?"', NULL);
INSERT INTO `card` (id, type, title, header, content, option) VALUES ('18419_11', 3, NULL, 'assets/topic/asb/18355.png', 'When Water sat down,  Lies sneaked up and pulled the stones from under her. She spilled away,  and that was the end of her.', NULL);
INSERT INTO `card` (id, type, title, header, content, option) VALUES ('18419_12', 3, NULL, 'assets/topic/asb/18356.png', 'Now,  Lies had to get rid of Truth. When they came to a big mountain,  Lies told Truth to wait at the bottom of the mountain.', NULL);
INSERT INTO `card` (id, type, title, header, content, option) VALUES ('18419_13', 3, NULL, 'assets/topic/asb/18357.png', 'He pushed down a big stone to crush Truth.', NULL);
INSERT INTO `card` (id, type, title, header, content, option) VALUES ('18419_14', 3, NULL, 'assets/topic/asb/18358.png', 'When the stone crashed down,  diamonds and gold and all sorts of valuable things fell out. Truth managed to crawl out from the broken stone.', NULL);
INSERT INTO `card` (id, type, title, header, content, option) VALUES ('18419_15', 3, NULL, 'assets/topic/asb/18359.png', 'Lies came down to look at the body of Truth. Instead,  he saw all the valuable things. He asked,  "Where did these come from?"', NULL);
INSERT INTO `card` (id, type, title, header, content, option) VALUES ('18419_16', 3, NULL, 'assets/topic/asb/18360.png', 'Truth said,  "When the stone landed on me,  this is what came out." Lies wanted these valuable things too. He said,  "I''ll go down to the bottom of the mountain. You go up and push down another big stone."', NULL);
INSERT INTO `card` (id, type, title, header, content, option) VALUES ('18419_17', 3, NULL, 'assets/topic/asb/18361.png', 'So,  Truth went up and pushed down a big stone.', NULL);
INSERT INTO `card` (id, type, title, header, content, option) VALUES ('18419_18', 3, NULL, 'assets/topic/asb/18362.png', 'The stone landed on Lies'' head and crushed him to death.', NULL);
INSERT INTO `card` (id, type, title, header, content, option) VALUES ('18419_19', 3, NULL, NULL, 'You are free to download, copy, translate or adapt this story and use the illustrations as long as you attribute in the following way:
Fire, Water, Truth and Lies
Author -
Merga Debelo and Elizabeth Laird
Illustration -
Marion Drew
Language -
English
Level -
First paragraphs
© African Storybook Initiative 2016
Creative Commons: Attribution 4.0
Source
www.africanstorybook.org
Original source
www.ethiopianfolktales.com', NULL);
INSERT INTO `card` (id, type, title, header, content, option) VALUES ('2994', 2, 'The girl with one breast', 'assets/topic/asb/2673.png', 'Cornelius Wekunya
Rachael Napagi', 'FFB3C8FF');
INSERT INTO `card` (id, type, title, header, content, option) VALUES ('2994_3', 3, NULL, 'assets/topic/asb/2673.png', 'A long time ago,  there was a man who lived with his wife whom he loved very much. One day he took a walk to the forest. Along the way,  he met a tall,  slender,  and very beautiful girl. He fell in love with her at first sight. The girl too readily accepted him. But she told him that she had only one breast.', NULL);
INSERT INTO `card` (id, type, title, header, content, option) VALUES ('2994_4', 3, NULL, 'assets/topic/asb/2674.png', 'So she told him to go home,  cut off one of his wife''s breasts and bring it to her. Then she would have two breasts,  and they could marry. The man ran very fast back home,  picked a knife,  pounced on his dear wife,  and the breast was off instantly.', NULL);
INSERT INTO `card` (id, type, title, header, content, option) VALUES ('2994_5', 3, NULL, 'assets/topic/asb/2675.png', 'He hurried back to the forest to where he had left his newfound darling. But she was nowhere to be seen. He called her name very loudly,  but there was complete silence. Then he heard a voice saying,  "Why are you calling? Don''t you know that you are in the forest area of Musambwa kwa Libeeletwela?"', NULL);
INSERT INTO `card` (id, type, title, header, content, option) VALUES ('2994_6', 3, NULL, 'assets/topic/asb/2676.png', 'When the man heard that,  he ran home as fast as a bullet only to find his wife had just died. He was so grief stricken because of what he had done that he too died.', NULL);
INSERT INTO `card` (id, type, title, header, content, option) VALUES ('2994_7', 3, NULL, NULL, 'You are free to download, copy, translate or adapt this story and use the illustrations as long as you attribute in the following way:
The girl with one breast
Author -
Cornelius Wekunya
Illustration -
Rachael Napagi
Language -
English
Level -
Longer paragraphs
© African Storybook Initiative 2014
Creative Commons: Attribution 4.0
Source
www.africanstorybook.org', NULL);
INSERT INTO `card` (id, type, title, header, content, option) VALUES ('13309', 2, 'Forest of snakes', 'assets/topic/asb/10763.png', 'Joseph Sanchez Nadimo
Rob Owen', 'FFB3C8FF');
INSERT INTO `card` (id, type, title, header, content, option) VALUES ('13309_3', 3, NULL, 'assets/topic/asb/10763.png', 'Sinyaire village was surrounded by hills. Many snakes lived in the forest on those hills. The biggest snake was called Unyalego by the villagers. Unyalego scared many people. It swallowed whole goats and sheep.', NULL);
INSERT INTO `card` (id, type, title, header, content, option) VALUES ('13309_4', 3, NULL, 'assets/topic/asb/10765.png', 'One day, three sisters, Apiyo, Ajoh and Atieno went to the forest to fetch firewood. The girls'' grandmother warned, "Beware of Unyalego the big snake. Do not take anything from the forest except the wood."  Only Ajoh did not pay attention to her grandmother.', NULL);
INSERT INTO `card` (id, type, title, header, content, option) VALUES ('13309_5', 3, NULL, 'assets/topic/asb/10766.png', 'The girls packed milk, bananas, sweet potatoes and water. They took ropes for tying firewood and a sharp machete for chopping the wood. Then they left for the forest.', NULL);
INSERT INTO `card` (id, type, title, header, content, option) VALUES ('13309_6', 3, NULL, 'assets/topic/asb/10767.png', 'On the way, the sisters chatted and laughed. Suddenly,  Apiyo, the eldest of them, said, "Be quiet. We are coming to where Unyalego the snake lives."', NULL);
INSERT INTO `card` (id, type, title, header, content, option) VALUES ('13309_7', 3, NULL, 'assets/topic/asb/10769.png', 'Atieno called to the others, "Look, here are Unyalego''s golden teeth. Let us take them."  Apiyo reminded them, "Don''t forget grandmother''s warning. We must not take anything from the forest except firewood."', NULL);
INSERT INTO `card` (id, type, title, header, content, option) VALUES ('13309_8', 3, NULL, 'assets/topic/asb/10770.png', 'Ajoh said, "I don''t trust grandmother. She said that to stop us having what we want. I want the golden teeth." Her sisters were worried, but Ajoh did not care.', NULL);
INSERT INTO `card` (id, type, title, header, content, option) VALUES ('13309_9', 3, NULL, 'assets/topic/asb/10771.png', 'At that moment Unyalego came looking for his golden teeth. He was furious when he could not find the teeth. Then Unyalego heard the girls chatting and laughing. He hid under a rock next to the road where the girls would pass on their way back.', NULL);
INSERT INTO `card` (id, type, title, header, content, option) VALUES ('13309_10', 3, NULL, 'assets/topic/asb/10772.png', 'The sisters were going home carrying their firewood. Suddenly, they heard, "Hssssss!" There was Unyalego with his mouth wide open, ready to bite. The girls were terrified.', NULL);
INSERT INTO `card` (id, type, title, header, content, option) VALUES ('13309_11', 3, NULL, 'assets/topic/asb/10773.png', 'Unyalego asked the girls, "Who took my golden teeth?" No one answered. Unyalego decided to test the girls. "Whoever is innocent,  will be able to sing well. She will go home with her wood. But the guilty one will sing badly. And I will eat her!"', NULL);
INSERT INTO `card` (id, type, title, header, content, option) VALUES ('13309_12', 3, NULL, 'assets/topic/asb/10774.png', 'Apiyo started to sing with a clear voice, "It was not me,  it was not me who took the teeth. The one who took is still behind." Then Atieno sang the song. She also sang well.', NULL);
INSERT INTO `card` (id, type, title, header, content, option) VALUES ('13309_13', 3, NULL, 'assets/topic/asb/10775.png', 'Lastly, it was Ajoh''s turn. She was scared. She started singing. It  sounded terrible and the words were wrong. Unyalego shouted, "Can''t you sing properly like the others?" Unyalego knew that Ajoh took his golden teeth.', NULL);
INSERT INTO `card` (id, type, title, header, content, option) VALUES ('13309_14', 3, NULL, 'assets/topic/asb/10776.png', 'Unyalego opened his huge jaws and swallowed Ajoh. Her sisters ran back to the village. They told everyone the story of what happened. "I warned her, if only she had listened," the girls'' grandmother said sadly.', NULL);
INSERT INTO `card` (id, type, title, header, content, option) VALUES ('13309_15', 3, NULL, NULL, 'You are free to download, copy, translate or adapt this story and use the illustrations as long as you attribute in the following way:
Forest of snakes
Author -
Joseph Sanchez Nadimo
Illustration -
Rob Owen
Language -
English
Level -
Longer paragraphs
© African Storybook Initiative 2015
Creative Commons: Attribution 4.0
Source
www.africanstorybook.org', NULL);
INSERT INTO `card` (id, type, title, header, content, option) VALUES ('15861', 2, 'Child as a peacemaker', 'assets/topic/asb/14590.png', 'John Nga''sike
Jacob Kono', 'FFB3C8FF');
INSERT INTO `card` (id, type, title, header, content, option) VALUES ('15861_3', 3, NULL, 'assets/topic/asb/14580.png', 'A woman with her baby went into the forest. She went to pick fruit.', NULL);
INSERT INTO `card` (id, type, title, header, content, option) VALUES ('15861_4', 3, NULL, 'assets/topic/asb/14581.png', 'In the forest she found a tree with ripe fruit.', NULL);
INSERT INTO `card` (id, type, title, header, content, option) VALUES ('15861_5', 3, NULL, 'assets/topic/asb/14582.png', 'She put down her sleeping baby and climbed the tree.', NULL);
INSERT INTO `card` (id, type, title, header, content, option) VALUES ('15861_6', 3, NULL, 'assets/topic/asb/14583.png', 'An erotot from another community came by. He saw the baby. He was surprised. He asked himself, "Where is the mother?"', NULL);
INSERT INTO `card` (id, type, title, header, content, option) VALUES ('15861_7', 3, NULL, 'assets/topic/asb/14584.png', 'He bent down. The sound of the chains on his neck woke the baby.', NULL);
INSERT INTO `card` (id, type, title, header, content, option) VALUES ('15861_8', 3, NULL, 'assets/topic/asb/14585.png', 'He let the baby play with his chains. The baby laughed as he played.', NULL);
INSERT INTO `card` (id, type, title, header, content, option) VALUES ('15861_9', 3, NULL, 'assets/topic/asb/14586.png', 'The woman looked down to see why the baby was laughing. She saw the stranger.', NULL);
INSERT INTO `card` (id, type, title, header, content, option) VALUES ('15861_10', 3, NULL, 'assets/topic/asb/14587.png', 'She was so afraid that she dropped her bag of fruit.', NULL);
INSERT INTO `card` (id, type, title, header, content, option) VALUES ('15861_11', 3, NULL, 'assets/topic/asb/14588.png', 'The erotot looked up. He said,  "Don''t be afraid. I''m only playing with your beautiful baby."', NULL);
INSERT INTO `card` (id, type, title, header, content, option) VALUES ('15861_12', 3, NULL, 'assets/topic/asb/14589.png', 'So the woman came down from the tree.', NULL);
INSERT INTO `card` (id, type, title, header, content, option) VALUES ('15861_13', 3, NULL, 'assets/topic/asb/14590.png', 'The erotot took off one of his chains. He gave it to the baby. "Here is a gift for you," he said.', NULL);
INSERT INTO `card` (id, type, title, header, content, option) VALUES ('15861_14', 3, NULL, 'assets/topic/asb/14591.png', '"Go home with your baby. Tell your husband to move to a more peaceful village. Your baby has given me peace," said the erotot.', NULL);
INSERT INTO `card` (id, type, title, header, content, option) VALUES ('15861_15', 3, NULL, NULL, 'You are free to download, copy, translate or adapt this story and use the illustrations as long as you attribute in the following way:
Child as a peacemaker
Author -
John Nga''sike
Translation -
John Nga''sike
Illustration -
Jacob Kono
Language -
English
Level -
First sentences
© African Storybook Initiative 2015
Creative Commons: Attribution 4.0
Source
www.africanstorybook.org', NULL);
INSERT INTO `card` (id, type, title, header, content, option) VALUES ('23300', 2, 'Baby snatched by cranes', 'assets/topic/asb/8485.png', 'South African Folktale
Emily Berg', 'FFB3C8FF');
INSERT INTO `card` (id, type, title, header, content, option) VALUES ('23300_3', 3, NULL, 'assets/topic/asb/8479.png', 'Once upon a time there was a family who lived in a village. The parents in this family woke up early every morning to work in the fields. They left the baby with their elder son,  Sipho who was ten years old,  and their eldest daughter Bulelwa,  who was twelve years old.', NULL);
INSERT INTO `card` (id, type, title, header, content, option) VALUES ('23300_4', 3, NULL, 'assets/topic/asb/8482.png', 'The older children loved playing outside during the day and they forgot about doing their household chores. They called their friends to come and play with them. The boys loved playing soccer. The girls loved playing with dolls around the yard. They forgot about looking after the baby when their friends arrived. The baby cried and cried and nobody heard.', NULL);
INSERT INTO `card` (id, type, title, header, content, option) VALUES ('23300_5', 3, NULL, 'assets/topic/asb/8154.png', 'One day the children put the baby under a tree in the shade on a bright red blanket. They went to play. The baby began crying as usual. A group of cranes flew above the playground and felt sorry for the crying baby. They tried to get the children to notice that the baby was crying but the children kept on playing. The cranes decided to take the baby and raise it themselves.', NULL);
INSERT INTO `card` (id, type, title, header, content, option) VALUES ('23300_6', 3, NULL, 'assets/topic/asb/8156.png', 'Four cranes came to pick up the baby from under the tree. Each crane took a corner of the baby''s blanket,  lifted the baby up and flew away. The children did not notice anything because they were busy playing. The children''s parents were working hard in the hot sun.', NULL);
INSERT INTO `card` (id, type, title, header, content, option) VALUES ('23300_7', 3, NULL, 'assets/topic/asb/8485.png', 'It was so hot that the mother decided to rest under a tree. While she was resting she heard her baby crying. She looked around and she could not see anything. Then she looked up and she saw four cranes flying away with her baby in the bright red blanket. She screamed and chased after the cranes. When the woman told her husband what she saw he did not believe her.', NULL);
INSERT INTO `card` (id, type, title, header, content, option) VALUES ('23300_8', 3, NULL, 'assets/topic/asb/8484.png', 'The cranes hid the baby between the reeds to protect it. They wanted to find a new family that would care for the baby. They fed it and put it to sleep. Then they flew away to look for more food. The baby slept for a long time without crying. When the baby woke up it started crying because it was hungry.', NULL);
INSERT INTO `card` (id, type, title, header, content, option) VALUES ('23300_9', 3, NULL, 'assets/topic/asb/8483.png', 'A big frog heard the baby''s cry. It came closer and saw the baby wrapped in the blanket. The frog thought the cranes had stolen the baby,  and decided to hide the baby from the cranes. Suddenly the frog heard the voices of the cranes. There was no time to hide. The frog swallowed the baby and hid behind a big rock. When the cranes arrived they could not find the baby and they flew off to look for it. The frog hopped back to the baby''s family home.', NULL);
INSERT INTO `card` (id, type, title, header, content, option) VALUES ('23300_10', 3, NULL, 'assets/topic/asb/8486.png', 'The baby''s family was sitting in the evening feeling very sad. Suddenly,  a big frog jumped through the door. The frog told them about how it swallowed their baby. They begged the frog to give them the baby. "Give me three flies to eat then I will give you the baby," said the frog." The father caught three flies and fed them to the frog. The frog coughed and the baby popped out. The family and the frog jumped and danced with joy."', NULL);
INSERT INTO `card` (id, type, title, header, content, option) VALUES ('23300_11', 3, NULL, NULL, 'You are free to download, copy, translate or adapt this story and use the illustrations as long as you attribute in the following way:
Baby snatched by cranes
Author -
South African Folktale
Illustration -
Emily Berg
Language -
English
Level -
Read aloud
© African Storybook Initiative 2014
Creative Commons: Attribution 4.0
Source
www.africanstorybook.org', NULL);
INSERT INTO `card` (id, type, title, header, content, option) VALUES ('15865', 2, 'Donkey child', 'assets/topic/asb/14980.png', 'Lindiwe Matshikiza
 Meghan Judge', 'FF9DEDE3');
INSERT INTO `card` (id, type, title, header, content, option) VALUES ('15865_3', 3, NULL, 'assets/topic/asb/14972.png', 'It was a little girl who first saw the mysterious shape in the distance.', NULL);
INSERT INTO `card` (id, type, title, header, content, option) VALUES ('15865_4', 3, NULL, 'assets/topic/asb/14973.png', 'As the shape moved closer, the girl saw that it was a heavily pregnant woman.', NULL);
INSERT INTO `card` (id, type, title, header, content, option) VALUES ('15865_5', 3, NULL, 'assets/topic/asb/14974.png', 'Shy but brave, the little girl moved nearer to the woman. "We must keep her with us," the little girl''s people decided. "We''ll keep her and her child safe."', NULL);
INSERT INTO `card` (id, type, title, header, content, option) VALUES ('15865_6', 3, NULL, 'assets/topic/asb/14976.png', 'The child was soon on its way. Everyone wanted to help. "Push!" "Bring blankets!" "Water!" "Puuuuussssshhh!"', NULL);
INSERT INTO `card` (id, type, title, header, content, option) VALUES ('15865_7', 3, NULL, 'assets/topic/asb/14977.png', 'But when they saw the baby, everyone jumped back in shock. "A donkey!"', NULL);
INSERT INTO `card` (id, type, title, header, content, option) VALUES ('15865_8', 3, NULL, 'assets/topic/asb/14978.png', 'Everyone began to argue. "We said we would keep mother and child safe, and that''s what we''ll do," said some. "But they will bring us bad luck!" said others.', NULL);
INSERT INTO `card` (id, type, title, header, content, option) VALUES ('15865_9', 3, NULL, 'assets/topic/asb/14979.png', 'And so the woman found herself alone again. She wondered what to do with this awkward child. She wondered what to do with herself.', NULL);
INSERT INTO `card` (id, type, title, header, content, option) VALUES ('15865_10', 3, NULL, 'assets/topic/asb/14980.png', 'But finally she had to accept that he was her child and she was his mother. Now, if the child had stayed that same, small size, everything might have been different.', NULL);
INSERT INTO `card` (id, type, title, header, content, option) VALUES ('15865_11', 3, NULL, 'assets/topic/asb/14981.png', 'But the donkey child grew and grew until he could no longer fit on his mother''s back. And no matter how hard he tried, he could not behave like a human being. His mother was often tired and frustrated. Sometimes she made him do work meant for animals.', NULL);
INSERT INTO `card` (id, type, title, header, content, option) VALUES ('15865_12', 3, NULL, 'assets/topic/asb/14982.png', 'Confusion and anger built up inside Donkey. He couldn''t do this and he couldn''t do that. He couldn''t be like this and he couldn''t be like that. He became so angry that, one day, he kicked his mother to the ground.', NULL);
INSERT INTO `card` (id, type, title, header, content, option) VALUES ('15865_13', 3, NULL, 'assets/topic/asb/14983.png', 'Donkey was filled with shame. He ran away as far and as fast as he could.', NULL);
INSERT INTO `card` (id, type, title, header, content, option) VALUES ('15865_14', 3, NULL, 'assets/topic/asb/14984.png', 'By the time he stopped running, it was night, and Donkey was lost. "Hee haw?" he whispered to the darkness. "Hee Haw?" it echoed back. He was all alone. Curling himself into a tight ball, he fell into a deep and troubled sleep.', NULL);
INSERT INTO `card` (id, type, title, header, content, option) VALUES ('15865_15', 3, NULL, 'assets/topic/asb/14985.png', 'Donkey woke up to find a strange old man staring down at him. He looked into the old man''s eyes and started to feel a twinkle of hope.', NULL);
INSERT INTO `card` (id, type, title, header, content, option) VALUES ('15865_16', 3, NULL, 'assets/topic/asb/14986.png', 'Donkey went to stay with the old man, who taught him many different ways to survive. Donkey listened and learned, and so did the old man. They helped each other, and they laughed together.', NULL);
INSERT INTO `card` (id, type, title, header, content, option) VALUES ('15865_17', 3, NULL, 'assets/topic/asb/14987.png', 'One morning, the old man asked Donkey to carry him to the top of a mountain.', NULL);
INSERT INTO `card` (id, type, title, header, content, option) VALUES ('15865_18', 3, NULL, 'assets/topic/asb/14988.png', 'High up amongst the clouds they fell asleep. Donkey dreamed that his mother was sick and calling to him.', NULL);
INSERT INTO `card` (id, type, title, header, content, option) VALUES ('15865_19', 3, NULL, 'assets/topic/asb/14989.png', 'When Donkey woke up, the clouds had disappeared along with his friend, the old man.', NULL);
INSERT INTO `card` (id, type, title, header, content, option) VALUES ('15865_20', 3, NULL, 'assets/topic/asb/14990.png', 'Donkey finally knew what to do.', NULL);
INSERT INTO `card` (id, type, title, header, content, option) VALUES ('15865_21', 3, NULL, 'assets/topic/asb/14991.png', 'Donkey found his mother, alone and mourning her lost child. They stared at each other for a long time. And then hugged each other very hard.', NULL);
INSERT INTO `card` (id, type, title, header, content, option) VALUES ('15865_22', 3, NULL, 'assets/topic/asb/14992.png', 'The donkey child and his mother have grown together and found many ways of living together. Slowly,  all around them, other families have started to settle.', NULL);
INSERT INTO `card` (id, type, title, header, content, option) VALUES ('15865_23', 3, NULL, NULL, 'You are free to download, copy, translate or adapt this story and use the illustrations as long as you attribute in the following way:
Donkey child
Author -
Lindiwe Matshikiza
Illustration -
Meghan Judge
Language -
English
Level -
First paragraphs
© Text: Lindiwe Matshikiza, Artwork: African Storybook Initiative 2015
Creative Commons: Attribution 4.0
Source
www.africanstorybook.org
Original source
www.donkeychildprojects.org', NULL);
INSERT INTO `card` (id, type, title, header, content, option) VALUES ('12915', 2, '(Colour-in) Monkey and the hunter''s wife', 'assets/topic/asb/9057.png', 'Wesley Kipkorir Rop
Jesse Breytenbach', 'FF9DEDE3');
INSERT INTO `card` (id, type, title, header, content, option) VALUES ('12915_3', 3, NULL, 'assets/topic/asb/9042.png', 'In Miwa Forest,  there lived a monkey who was always sad. This was because every time she had a baby,  it died.', NULL);
INSERT INTO `card` (id, type, title, header, content, option) VALUES ('12915_4', 3, NULL, 'assets/topic/asb/9043.png', 'The pain of losing her babies made Monkey jump up and down. She would jump to one branch,  then to another,  and cry out,  "Kwi! Kwi! Kwi!"', NULL);
INSERT INTO `card` (id, type, title, header, content, option) VALUES ('12915_5', 3, NULL, 'assets/topic/asb/9044.png', 'Monkey was always sad. She was sadder when she saw other monkeys with their babies.', NULL);
INSERT INTO `card` (id, type, title, header, content, option) VALUES ('12915_6', 3, NULL, 'assets/topic/asb/9045.png', 'The sad monkey sat on a branch.  Days passed and she cried more and more.', NULL);
INSERT INTO `card` (id, type, title, header, content, option) VALUES ('12915_7', 3, NULL, 'assets/topic/asb/9046.png', 'Then she gave birth again. She decided to take the baby to the path so that people passing would see the baby and wish it well.', NULL);
INSERT INTO `card` (id, type, title, header, content, option) VALUES ('12915_8', 3, NULL, 'assets/topic/asb/9047.png', 'Monkey climbed down from the branch and put her baby on the path. At that time,  a hunter was returning home. He saw the baby monkey lying on the side of the path.', NULL);
INSERT INTO `card` (id, type, title, header, content, option) VALUES ('12915_9', 3, NULL, 'assets/topic/asb/9048.png', 'The hunter carried the baby monkey to his house. When the hunter reached home,  his three sons wanted to hold the baby monkey.', NULL);
INSERT INTO `card` (id, type, title, header, content, option) VALUES ('12915_10', 3, NULL, 'assets/topic/asb/9054.png', 'The three boys played singing,  "Throw it up! Throw it down! Throw it to me! Throw it to him!" The baby monkey was thrown from one child to the other.', NULL);
INSERT INTO `card` (id, type, title, header, content, option) VALUES ('12915_11', 3, NULL, 'assets/topic/asb/9058.png', 'As the three boys played with the baby monkey,  mother Monkey was hiding in a tree. She was watching them. She was afraid that this baby would also die,  like the others.', NULL);
INSERT INTO `card` (id, type, title, header, content, option) VALUES ('12915_12', 3, NULL, 'assets/topic/asb/9059.png', 'Then the hunter''s wife came and saw her children playing with the little monkey. She said,  "Be careful! Bring it here. You will drop it!"', NULL);
INSERT INTO `card` (id, type, title, header, content, option) VALUES ('12915_13', 3, NULL, 'assets/topic/asb/9057.png', 'She took the baby monkey in her arms,  and blessed it.', NULL);
INSERT INTO `card` (id, type, title, header, content, option) VALUES ('12915_14', 3, NULL, 'assets/topic/asb/9060.png', 'The hunter''s wife put the baby monkey down. Mother Monkey picked up her baby. She disappeared into the forest. From then on,  all her babies survived.', NULL);
INSERT INTO `card` (id, type, title, header, content, option) VALUES ('12915_15', 3, NULL, NULL, 'You are free to download, copy, translate or adapt this story and use the illustrations as long as you attribute in the following way:
(Colour-in) Monkey and the hunter''s wife
Author -
Wesley Kipkorir Rop
Illustration -
Jesse Breytenbach
Language -
English
Level -
First paragraphs
© African Storybook Initiative 2014
Creative Commons: Attribution 4.0
Source
www.africanstorybook.org', NULL);
INSERT INTO `card` (id, type, title, header, content, option) VALUES ('14812', 2, 'Magic baby', 'assets/topic/asb/14779.png', 'Simon Ipoo
Wiehan de Jager', 'FFCFB5DD');
INSERT INTO `card` (id, type, title, header, content, option) VALUES ('14812_3', 3, NULL, 'assets/topic/asb/14777.png', 'There once lived a man with a lot of livestock. He kept goats,  camels,  cows and donkeys. The man was married to a beautiful woman.', NULL);
INSERT INTO `card` (id, type, title, header, content, option) VALUES ('14812_4', 3, NULL, 'assets/topic/asb/14778.png', 'For a long time,  the man and his wife did not have a baby. Then the woman gave birth to a beautiful girl. They named the baby Muurui. The man was happy and proud.', NULL);
INSERT INTO `card` (id, type, title, header, content, option) VALUES ('14812_5', 3, NULL, 'assets/topic/asb/14779.png', 'The woman was very busy. She left her baby alone in the hut and went to milk cows. The baby''s gourd of milk was also in the hut.', NULL);
INSERT INTO `card` (id, type, title, header, content, option) VALUES ('14812_6', 3, NULL, 'assets/topic/asb/14780.png', 'When the baby was alone in the hut,  she would wake up. She would drink all of the milk,  and begin to cry. Her mother would run home to nurse her.', NULL);
INSERT INTO `card` (id, type, title, header, content, option) VALUES ('14812_7', 3, NULL, 'assets/topic/asb/14781.png', 'The woman always found the gourd empty. This was surprising! Who drank the milk?', NULL);
INSERT INTO `card` (id, type, title, header, content, option) VALUES ('14812_8', 3, NULL, 'assets/topic/asb/14782.png', 'The woman shared this problem with her husband. He decided to find out what happened to the milk.', NULL);
INSERT INTO `card` (id, type, title, header, content, option) VALUES ('14812_9', 3, NULL, 'assets/topic/asb/14783.png', 'The man hid in the hut when his wife went out. To his surprise,  the baby got up and drank the milk!  It was unbelievable.', NULL);
INSERT INTO `card` (id, type, title, header, content, option) VALUES ('14812_10', 3, NULL, 'assets/topic/asb/14784.png', 'The man told his wife what he saw and they decided to leave. They went at night,  when the baby was asleep. They left their home.', NULL);
INSERT INTO `card` (id, type, title, header, content, option) VALUES ('14812_11', 3, NULL, 'assets/topic/asb/14785.png', 'And so,  the magic baby was abandoned by her parents. They left her a goat,  a cow and a camel. When Muurui awoke,  she found the compound was quiet. She was all alone.', NULL);
INSERT INTO `card` (id, type, title, header, content, option) VALUES ('14812_12', 3, NULL, 'assets/topic/asb/14786.png', 'She felt angry. She killed the goat and the camel. Then she decided to hide inside the cow''s stomach.', NULL);
INSERT INTO `card` (id, type, title, header, content, option) VALUES ('14812_13', 3, NULL, 'assets/topic/asb/14787.png', 'While Muurui''s cow was grazing,  a man passed by and saw it. He said,  "I will slaughter this cow for beef." He speared the cow.', NULL);
INSERT INTO `card` (id, type, title, header, content, option) VALUES ('14812_14', 3, NULL, 'assets/topic/asb/14788.png', 'As this man was skinning the cow,  he heard a voice say,  "Do not harm me,  I am in the cow''s stomach!"', NULL);
INSERT INTO `card` (id, type, title, header, content, option) VALUES ('14812_15', 3, NULL, 'assets/topic/asb/14789.png', 'Muurui then grabbed the man''s head. He got such a fright that he ran away. He left the cow.', NULL);
INSERT INTO `card` (id, type, title, header, content, option) VALUES ('14812_16', 3, NULL, 'assets/topic/asb/14790.png', 'When the man got home,  he slaughtered a fat ram. He cooked the meat and took it to the magic baby.', NULL);
INSERT INTO `card` (id, type, title, header, content, option) VALUES ('14812_17', 3, NULL, 'assets/topic/asb/14791.png', 'Muurui ate and was happy. The magic baby disappeared into the night.', NULL);
INSERT INTO `card` (id, type, title, header, content, option) VALUES ('14812_18', 3, NULL, NULL, 'You are free to download, copy, translate or adapt this story and use the illustrations as long as you attribute in the following way:
Magic baby
Author -
Simon Ipoo and Jackline Akute
Translation -
Simon Ipoo
Illustration -
Wiehan de Jager
Language -
English
Level -
First paragraphs
© African Storybook Initiative 2015
Creative Commons: Attribution 4.0
Source
www.africanstorybook.org', NULL);
INSERT INTO `card` (id, type, title, header, content, option) VALUES ('24769', 2, 'A very tall man', 'assets/topic/asb/309.png', 'Cornelius Wambi Gulere
Catherine Groenewald', 'FF9DEDE3');
INSERT INTO `card` (id, type, title, header, content, option) VALUES ('24769_3', 3, NULL, 'assets/topic/asb/309.png', 'His hoe was too short.', NULL);
INSERT INTO `card` (id, type, title, header, content, option) VALUES ('24769_4', 3, NULL, 'assets/topic/asb/310.png', 'His doorway was too low.', NULL);
INSERT INTO `card` (id, type, title, header, content, option) VALUES ('24769_5', 3, NULL, 'assets/topic/asb/311.png', 'His bed was too short.', NULL);
INSERT INTO `card` (id, type, title, header, content, option) VALUES ('24769_6', 3, NULL, 'assets/topic/asb/314.png', 'His bicycle was too short.', NULL);
INSERT INTO `card` (id, type, title, header, content, option) VALUES ('24769_7', 3, NULL, 'assets/topic/asb/313.png', 'This man was too tall!', NULL);
INSERT INTO `card` (id, type, title, header, content, option) VALUES ('24769_8', 3, NULL, 'assets/topic/asb/316.png', 'He made a very long hoe handle.', NULL);
INSERT INTO `card` (id, type, title, header, content, option) VALUES ('24769_9', 3, NULL, 'assets/topic/asb/315.png', 'He made very high door frames.', NULL);
INSERT INTO `card` (id, type, title, header, content, option) VALUES ('24769_10', 3, NULL, 'assets/topic/asb/317.png', 'He made a very long bed.', NULL);
INSERT INTO `card` (id, type, title, header, content, option) VALUES ('24769_11', 3, NULL, 'assets/topic/asb/318.png', 'He bought a very high bicycle.', NULL);
INSERT INTO `card` (id, type, title, header, content, option) VALUES ('24769_12', 3, NULL, 'assets/topic/asb/319.png', 'He sat on a very high chair. He ate with a very long fork.', NULL);
INSERT INTO `card` (id, type, title, header, content, option) VALUES ('24769_13', 3, NULL, 'assets/topic/asb/320.png', 'He left his house and lived in a big forest. He lived for many years.', NULL);
INSERT INTO `card` (id, type, title, header, content, option) VALUES ('24769_14', 3, NULL, NULL, 'You are free to download, copy, translate or adapt this story and use the illustrations as long as you attribute in the following way:
A very tall man
Author -
Cornelius Wambi Gulere
Illustration -
Catherine Groenewald
Language -
English
Level -
First words
© Text: Ugandan Community Libraries Association; Illustration: African Storybook Initiative 2014
Creative Commons: Attribution 4.0
Source
www.africanstorybook.org
Original source
www.ugcla.org', NULL);
INSERT INTO `card` (id, type, title, header, content, option) VALUES ('12689', 2, 'Man and Lion', 'assets/topic/asb/8180.png', 'Mozambican folktale
Hélder de Paz Alexandre', 'FF9DEDE3');
INSERT INTO `card` (id, type, title, header, content, option) VALUES ('12689_3', 3, NULL, 'assets/topic/asb/8180.png', 'Once upon a time,  Man was walking in the bush. Suddenly,  he met Lion!', NULL);
INSERT INTO `card` (id, type, title, header, content, option) VALUES ('12689_4', 3, NULL, 'assets/topic/asb/8181.png', 'Lion was resting in the short grass.', NULL);
INSERT INTO `card` (id, type, title, header, content, option) VALUES ('12689_5', 3, NULL, 'assets/topic/asb/8182.png', 'The meeting was so sudden that Man did not know what to do. He was full of fear.', NULL);
INSERT INTO `card` (id, type, title, header, content, option) VALUES ('12689_6', 3, NULL, 'assets/topic/asb/8184.png', 'At first,  Lion was surprised too,  and a little afraid. But there was a low rumble in his stomach,  because he was hungry.', NULL);
INSERT INTO `card` (id, type, title, header, content, option) VALUES ('12689_7', 3, NULL, 'assets/topic/asb/8188.png', 'Man suddenly found himself up a tall tree. He began to shout at Lion.', NULL);
INSERT INTO `card` (id, type, title, header, content, option) VALUES ('12689_8', 3, NULL, 'assets/topic/asb/8189.png', 'Lion lay down under the tree,  waiting for his meal. As time went on,  Lion fell asleep,  or so it seemed.', NULL);
INSERT INTO `card` (id, type, title, header, content, option) VALUES ('12689_9', 3, NULL, 'assets/topic/asb/8190.png', 'Soon Man fell asleep. Then he woke up again. Finally he dozed off and went fast asleep.', NULL);
INSERT INTO `card` (id, type, title, header, content, option) VALUES ('12689_10', 3, NULL, 'assets/topic/asb/8191.png', 'But then he crashed down on the sleeping Lion!', NULL);
INSERT INTO `card` (id, type, title, header, content, option) VALUES ('12689_11', 3, NULL, 'assets/topic/asb/8192.png', 'They both woke up confused and frightened. Lion forgot his meal and ran for his life.', NULL);
INSERT INTO `card` (id, type, title, header, content, option) VALUES ('12689_12', 3, NULL, 'assets/topic/asb/8193.png', 'Man began to run in the same direction as Lion. Then he realized that he was running behind Lion!', NULL);
INSERT INTO `card` (id, type, title, header, content, option) VALUES ('12689_13', 3, NULL, 'assets/topic/asb/8194.png', 'So he changed direction and escaped. He was not eaten by Lion!', NULL);
INSERT INTO `card` (id, type, title, header, content, option) VALUES ('12689_14', 3, NULL, NULL, 'You are free to download, copy, translate or adapt this story and use the illustrations as long as you attribute in the following way:
Man and Lion
Author -
Mozambican folktale
Illustration -
Hélder de Paz Alexandre
Language -
English
Level -
First sentences
© Mozambican Folktale 2014
Creative Commons: Attribution 4.0
Source
www.africanstorybook.org', NULL);
INSERT INTO `card` (id, type, title, header, content, option) VALUES ('2340', 2, 'Mulongo and the Hyenas', 'assets/topic/asb/1419.png', 'Sarah Nangobi
 Wiehan de Jager', 'FFB3C8FF');
INSERT INTO `card` (id, type, title, header, content, option) VALUES ('2340_3', 3, NULL, 'assets/topic/asb/1420.png', 'There was once a girl called Mulongo who lived with her parents near the village of Budongo. One day Mulongo''s mother sent her to fetch water at the well.', NULL);
INSERT INTO `card` (id, type, title, header, content, option) VALUES ('2340_4', 3, NULL, 'assets/topic/asb/1421.png', 'On the way,  she met her friends. They were going to the forest to get firewood. Mulongo wanted to go with them. "Please wait for me under this muvule tree!" she said,  "I have to fetch water for my mother." But her friends didn''t want to wait.', NULL);
INSERT INTO `card` (id, type, title, header, content, option) VALUES ('2340_5', 3, NULL, 'assets/topic/asb/1422.png', '"All right,  I''ll catch up with you in the forest!" said Mulongo. She ran off to fetch water and take it to her mother. Then she went to the forest to look for her friends.', NULL);
INSERT INTO `card` (id, type, title, header, content, option) VALUES ('2340_6', 3, NULL, 'assets/topic/asb/1423.png', 'She followed a path that led to a stream. On the other side of the stream were many tiny paths each one,  leading in a different direction. "Which path had her friends taken?" she wondered.', NULL);
INSERT INTO `card` (id, type, title, header, content, option) VALUES ('2340_7', 3, NULL, 'assets/topic/asb/1424.png', 'She chose the biggest path,  and walked and walked,  but she could not find her friends. She was so tired that when she sat under a tree to rest,  she fell fast asleep.', NULL);
INSERT INTO `card` (id, type, title, header, content, option) VALUES ('2340_8', 3, NULL, 'assets/topic/asb/1425.png', 'When Mulongo woke up,  it was dark. In the darkness,  yellow eyes were gleaming. She was surrounded by hyenas! She was too terrified even to cry out. She tried running,  but the hyenas circled her hungrily.', NULL);
INSERT INTO `card` (id, type, title, header, content, option) VALUES ('2340_9', 3, NULL, 'assets/topic/asb/1426.png', '"Don''t move," said the gruff voice of the biggest hyena. "If you run,  we''ll eat you!" "Please let me go home!" Mulongo pleaded.', NULL);
INSERT INTO `card` (id, type, title, header, content, option) VALUES ('2340_10', 3, NULL, 'assets/topic/asb/1427.png', 'But instead the hyenas took Mulongo to their house in the forest. It was a dirty hut full of bones and buzzing flies. She lay down and pretended to go to sleep.', NULL);
INSERT INTO `card` (id, type, title, header, content, option) VALUES ('2340_11', 3, NULL, 'assets/topic/asb/1428.png', 'In the darkness,  she heard the hyenas talking to each other. "How is the fire doing?" one hyena asked. "Is the water boiling?" "Everything is ready," was the reply. "Should I bring her?" "Yes,  yes!" growled the other hyenas. "We''re hungry!" They were ready to drag Mulongo out of the hut.', NULL);
INSERT INTO `card` (id, type, title, header, content, option) VALUES ('2340_12', 3, NULL, 'assets/topic/asb/1419.png', 'But the big hyena spoke,  "Hyenas,  wait. Remember the rule of the village. No hyena may eat alone. We have to invite the whole family to share a meal." "I''ll go and call the in-laws," said his wife. "I''ll go and fetch my cousins," said the small hyena. "I''ll fetch our brothers and sisters," said another. "And I will remain here with our food," said the big hyena.', NULL);
INSERT INTO `card` (id, type, title, header, content, option) VALUES ('2340_13', 3, NULL, 'assets/topic/asb/1429.png', 'The big hyena sat in the doorway of the hut and the others went off in different directions. They took a long time,  and the big hyena began to doze in front of the warm fire. Soon he was snoring. This was Mulongo''s chance! But how was she going to get past the hyena? He was so big he filled the whole doorway.', NULL);
INSERT INTO `card` (id, type, title, header, content, option) VALUES ('2340_14', 3, NULL, 'assets/topic/asb/1430.png', 'There was only one way. She took a flying leap right over the hyena''s back,  and ran as fast as her legs could carry her.', NULL);
INSERT INTO `card` (id, type, title, header, content, option) VALUES ('2340_15', 3, NULL, 'assets/topic/asb/1431.png', 'Just then the other hyenas returned,  and saw what had happened. They ran after her,  howling with anger and disappointment. But it was too late.', NULL);
INSERT INTO `card` (id, type, title, header, content, option) VALUES ('2340_16', 3, NULL, 'assets/topic/asb/1432.png', 'As she came to her village,  one of the villagers recognised her and shouted,  "Mulongo,  Mulongo is coming,  Mulongo is coming." Her father and mother ran out to meet her. They hugged her,  while thanking God for saving their child,  "Mulongo,  Mulongo,  we thought you had died!"', NULL);
INSERT INTO `card` (id, type, title, header, content, option) VALUES ('2340_17', 3, NULL, 'assets/topic/asb/2135.png', 'From that day,  Mulongo and the other children never again went back to the forest alone.', NULL);
INSERT INTO `card` (id, type, title, header, content, option) VALUES ('2340_18', 3, NULL, NULL, 'You are free to download, copy, translate or adapt this story and use the illustrations as long as you attribute in the following way:
Mulongo and the Hyenas
Author -
Sarah Nangobi
Illustration -
Wiehan de Jager
Language -
English
Level -
First paragraphs
© African Storybook Initiative, 2014
Creative Commons: Attribution 4.0
Source
www.africanstorybook.org', NULL);
INSERT INTO `card` (id, type, title, header, content, option) VALUES ('22352', 2, 'Musa and the cat', 'assets/topic/asb/26349.png', 'TDP  Nigeria
Tawanda Mhandu', 'FFCFB5DD');
INSERT INTO `card` (id, type, title, header, content, option) VALUES ('22352_3', 3, NULL, 'assets/topic/asb/26346.png', 'Musa lives with his parents in the village of Kagadama, in Nigeria.
He is an intelligent boy, but he is stubborn.', NULL);
INSERT INTO `card` (id, type, title, header, content, option) VALUES ('22352_4', 3, NULL, 'assets/topic/asb/26347.png', 'Musa is also a bully. He always beats his friends.
Whenever he comes across animals he also beats them.', NULL);
INSERT INTO `card` (id, type, title, header, content, option) VALUES ('22352_5', 3, NULL, 'assets/topic/asb/26348.png', 'One day on his way back from school, he sees a cat.
He picks up the cat and goes home with it.', NULL);
INSERT INTO `card` (id, type, title, header, content, option) VALUES ('22352_6', 3, NULL, 'assets/topic/asb/26349.png', 'When his father sees him, he says "Musa stop abusing that cat! Take it back to where you found it."', NULL);
INSERT INTO `card` (id, type, title, header, content, option) VALUES ('22352_7', 3, NULL, 'assets/topic/asb/26350.png', 'Musa refuses to return the cat and locks it in a cage.', NULL);
INSERT INTO `card` (id, type, title, header, content, option) VALUES ('22352_8', 3, NULL, 'assets/topic/asb/26351.png', 'As he is sleeping in his room that night, Musa has a dream.
Musa sees the cat growing bigger and running towards him. Its mouth is open, with sharp teeth. It wants to eat him!', NULL);
INSERT INTO `card` (id, type, title, header, content, option) VALUES ('22352_9', 3, NULL, 'assets/topic/asb/26352.png', 'The cat starts to swallow his feet. It eats half way up to Musa''s knees.
Then he wakes up.', NULL);
INSERT INTO `card` (id, type, title, header, content, option) VALUES ('22352_10', 3, NULL, 'assets/topic/asb/26353.png', 'The next day Musa returns the cat to where he found it.
From then, he promises to be a good boy.', NULL);
INSERT INTO `card` (id, type, title, header, content, option) VALUES ('22352_11', 3, NULL, NULL, 'You are free to download, copy, translate or adapt this story and use the illustrations as long as you attribute in the following way:
Musa and the cat
Author -
Zainab Muhd Kazaure
Translation -
TDP  Nigeria
Illustration -
Tawanda Mhandu
Language -
English
Level -
First paragraphs
© African Storybook Initiative 2018
Creative Commons: Attribution 4.0
Source
www.africanstorybook.org', NULL);
INSERT INTO `card` (id, type, title, header, content, option) VALUES ('12600', 2, 'The boy who nobody loved', 'assets/topic/asb/7991.png', 'Phumy Zikode
Wiehan de Jager', 'FF9DEDE3');
INSERT INTO `card` (id, type, title, header, content, option) VALUES ('12600_3', 3, NULL, 'assets/topic/asb/9191.png', 'Once upon a time, there was a boy who was so ugly that nobody loved him. Not even his parents. At home,  he would sit alone while his family watched television.', NULL);
INSERT INTO `card` (id, type, title, header, content, option) VALUES ('12600_4', 3, NULL, 'assets/topic/asb/7987.png', 'At school, he would sit alone while other children were playing.', NULL);
INSERT INTO `card` (id, type, title, header, content, option) VALUES ('12600_5', 3, NULL, 'assets/topic/asb/7988.png', 'He would walk alone behind the other boys when they went to fetch the cattle. They didn''t want to walk with him.', NULL);
INSERT INTO `card` (id, type, title, header, content, option) VALUES ('12600_6', 3, NULL, 'assets/topic/asb/7989.png', 'One day he decided to leave home. He walked until he got to an indigenous forest. He started to feel scared, but was comforted by the thought that nobody would speak to him. Because nobody loved him.', NULL);
INSERT INTO `card` (id, type, title, header, content, option) VALUES ('12600_7', 3, NULL, 'assets/topic/asb/7990.png', 'He was about to enter the forest when an old, dirty,  ugly woman came up to him. She greeted him and asked why he was going into the scary forest. The boy was shocked to hear someone speaking to him. He told the old woman that he wasn''t going anywhere. Because no one loved him.', NULL);
INSERT INTO `card` (id, type, title, header, content, option) VALUES ('12600_8', 3, NULL, 'assets/topic/asb/7991.png', 'The old woman asked if he needed help. He quickly said, "Yes." The old woman said that before she helped him, she wanted him to lick her face until she was clean and beautiful.', NULL);
INSERT INTO `card` (id, type, title, header, content, option) VALUES ('12600_9', 3, NULL, 'assets/topic/asb/7992.png', 'The boy didn''t have any other choice in order to get the help he needed. He licked the sleep from her eyes,  the snot from her nose, and the wax from her ears. He licked her face until she was clean and beautiful.', NULL);
INSERT INTO `card` (id, type, title, header, content, option) VALUES ('12600_10', 3, NULL, 'assets/topic/asb/7993.png', 'The old woman thanked him. She said, "You will find many wonderful things in the forest, but don''t take any of these things. Only bring back the root that you find."', NULL);
INSERT INTO `card` (id, type, title, header, content, option) VALUES ('12600_11', 3, NULL, 'assets/topic/asb/7994.png', 'The boy ran, wanting to see all of the things in the forest. Before he could enter the forest, the old woman called him. She said, "Boy! Come back here!" He ran back to her. She repeated, "Don''t take any of the wonderful things in the forest. Only bring back the root that you find." The boy nodded and ran off.', NULL);
INSERT INTO `card` (id, type, title, header, content, option) VALUES ('12600_12', 3, NULL, 'assets/topic/asb/7995.png', 'Before he could enter the forest, he heard a voice saying, "Boy! Come back here!" He started to feel confused about what the old woman wanted. He ran back to her again. She said, "You will find many wonderful things in the forest. But only bring back the root that you find." The boy nodded and ran off.', NULL);
INSERT INTO `card` (id, type, title, header, content, option) VALUES ('12600_13', 3, NULL, 'assets/topic/asb/7996.png', 'Just after he had entered the forest, he heard a voice saying, "Boy! Come back here!" He again went back to the old woman. She said, "Listen to me. Only bring back the root that you find. Don''t take anything else from the forest." The boy was annoyed with the repetition. He ran into the forest.', NULL);
INSERT INTO `card` (id, type, title, header, content, option) VALUES ('12600_14', 3, NULL, 'assets/topic/asb/7997.png', 'Once he was in the forest, he saw a bowl filled with money. He took the money and put it in his pocket. All of a sudden, he thought about what the old woman said. He took the money out of his pocket and put it back in the bowl.', NULL);
INSERT INTO `card` (id, type, title, header, content, option) VALUES ('12600_15', 3, NULL, 'assets/topic/asb/7998.png', 'He continued walking. He saw some splendid new clothes. He took off his clothes and put on the new ones. Then he thought about what the old woman had said. He took off the new clothes and put his old ones back on.', NULL);
INSERT INTO `card` (id, type, title, header, content, option) VALUES ('12600_16', 3, NULL, 'assets/topic/asb/7999.png', 'Next he saw the root. It was withered from the sun. He asked himself what the old woman thought he would do with the root. Next to the root, there was a bowl of food. The food smelled delicious and the boy was hungry. He couldn''t stop himself from eating.', NULL);
INSERT INTO `card` (id, type, title, header, content, option) VALUES ('12600_17', 3, NULL, 'assets/topic/asb/8000.png', 'When he had finished,  he remembered what the old woman had told him. The old woman had said he must only take the root. He looked around for the root, but he couldn''t see it anymore.', NULL);
INSERT INTO `card` (id, type, title, header, content, option) VALUES ('12600_18', 3, NULL, 'assets/topic/asb/8001.png', 'The boy left the forest feeling disappointed. He went back to tell the old woman what had happened. But the old woman was gone.', NULL);
INSERT INTO `card` (id, type, title, header, content, option) VALUES ('12600_19', 3, NULL, NULL, 'You are free to download, copy, translate or adapt this story and use the illustrations as long as you attribute in the following way:
The boy who nobody loved
Author -
Phumy Zikode
Translation -
Phumy Zikode
Illustration -
Wiehan de Jager
Language -
English
Level -
First paragraphs
© African Storybook Initiative 2015
Creative Commons: Attribution 4.0
Source
www.africanstorybook.org', NULL);
INSERT INTO `card` (id, type, title, header, content, option) VALUES ('15609', 2, 'My teacher', 'assets/topic/asb/8513.png', 'Hlengiwe Zondi
Jesse Pietersen', 'FF9DEDE3');
INSERT INTO `card` (id, type, title, header, content, option) VALUES ('15609_3', 3, NULL, 'assets/topic/asb/8509.png', 'I love my teacher.', NULL);
INSERT INTO `card` (id, type, title, header, content, option) VALUES ('15609_4', 3, NULL, 'assets/topic/asb/8510.png', 'She is a good teacher. She is kind and patient.', NULL);
INSERT INTO `card` (id, type, title, header, content, option) VALUES ('15609_5', 3, NULL, 'assets/topic/asb/8511.png', 'She has braided her hair so nicely.', NULL);
INSERT INTO `card` (id, type, title, header, content, option) VALUES ('15609_6', 3, NULL, 'assets/topic/asb/8512.png', 'She has put colourful beads in her hair.', NULL);
INSERT INTO `card` (id, type, title, header, content, option) VALUES ('15609_7', 3, NULL, 'assets/topic/asb/8513.png', 'Her beads are green,  white,  red,  and yellow.', NULL);
INSERT INTO `card` (id, type, title, header, content, option) VALUES ('15609_8', 3, NULL, 'assets/topic/asb/8514.png', 'Mom,  please would you braid my hair like my teacher''s?', NULL);
INSERT INTO `card` (id, type, title, header, content, option) VALUES ('15609_9', 3, NULL, 'assets/topic/asb/8515.png', 'When I am older I will put beads in my hair.', NULL);
INSERT INTO `card` (id, type, title, header, content, option) VALUES ('15609_10', 3, NULL, 'assets/topic/asb/8516.png', 'I will grow up to be just like my teacher!', NULL);
INSERT INTO `card` (id, type, title, header, content, option) VALUES ('15609_11', 3, NULL, NULL, 'You are free to download, copy, translate or adapt this story and use the illustrations as long as you attribute in the following way:
My teacher
Author -
Hlengiwe Zondi and Zimbili Dlamini
Illustration -
Jesse Pietersen
Language -
English
Level -
First words
© African Storybook Initiative 2014
Creative Commons: Attribution 4.0
Source
www.africanstorybook.org', NULL);
INSERT INTO `card` (id, type, title, header, content, option) VALUES ('10166', 2, '(Colour-in) Monkey and the hunter''s wife', 'assets/topic/asb/9057.png', 'Wesley Kipkorir Rop
Jesse Breytenbach', 'FFB3C8FF');
INSERT INTO `card` (id, type, title, header, content, option) VALUES ('10166_3', 3, NULL, 'assets/topic/asb/9042.png', 'In Miwa Forest,  there lived a monkey who was always sad. This was because every time she had a baby,  it died.', NULL);
INSERT INTO `card` (id, type, title, header, content, option) VALUES ('10166_4', 3, NULL, 'assets/topic/asb/9043.png', 'The pain of losing her babies made Monkey jump up and down. She would jump to one branch,  then to another,  and cry out,  "Kwi! Kwi! Kwi!"', NULL);
INSERT INTO `card` (id, type, title, header, content, option) VALUES ('10166_5', 3, NULL, 'assets/topic/asb/9044.png', 'Monkey was always sad. She was sadder when she saw other monkeys with their babies.', NULL);
INSERT INTO `card` (id, type, title, header, content, option) VALUES ('10166_6', 3, NULL, 'assets/topic/asb/9045.png', 'The sad monkey sat on a branch.  Days passed and she cried more and more.', NULL);
INSERT INTO `card` (id, type, title, header, content, option) VALUES ('10166_7', 3, NULL, 'assets/topic/asb/9046.png', 'Then she gave birth again. She decided to take the baby to the path so that people passing would see the baby and wish it well.', NULL);
INSERT INTO `card` (id, type, title, header, content, option) VALUES ('10166_8', 3, NULL, 'assets/topic/asb/9047.png', 'Monkey climbed down from the branch and put her baby on the path. At that time,  a hunter was returning home. He saw the baby monkey lying on the side of the path.', NULL);
INSERT INTO `card` (id, type, title, header, content, option) VALUES ('10166_9', 3, NULL, 'assets/topic/asb/9048.png', 'The hunter carried the baby monkey to his house. When the hunter reached home,  his three sons wanted to hold the baby monkey.', NULL);
INSERT INTO `card` (id, type, title, header, content, option) VALUES ('10166_10', 3, NULL, 'assets/topic/asb/9054.png', 'The three boys played singing,  "Throw it up! Throw it down! Throw it to me! Throw it to him!" The baby monkey was thrown from one child to the other.', NULL);
INSERT INTO `card` (id, type, title, header, content, option) VALUES ('10166_11', 3, NULL, 'assets/topic/asb/9058.png', 'As the three boys played with the baby monkey,  mother Monkey was hiding in a tree. She was watching them. She was afraid that this baby would also die,  like the others.', NULL);
INSERT INTO `card` (id, type, title, header, content, option) VALUES ('10166_12', 3, NULL, 'assets/topic/asb/9059.png', 'Then the hunter''s wife came and saw her children playing with the little monkey. She said,  "Be careful! Bring it here. You will drop it!"', NULL);
INSERT INTO `card` (id, type, title, header, content, option) VALUES ('10166_13', 3, NULL, 'assets/topic/asb/9057.png', 'She took the baby monkey in her arms,  and blessed it.', NULL);
INSERT INTO `card` (id, type, title, header, content, option) VALUES ('10166_14', 3, NULL, 'assets/topic/asb/9060.png', 'The hunter''s wife put the baby monkey down. Mother Monkey picked up her baby. She disappeared into the forest. From then on,  all her babies survived.', NULL);
INSERT INTO `card` (id, type, title, header, content, option) VALUES ('10166_15', 3, NULL, NULL, 'You are free to download, copy, translate or adapt this story and use the illustrations as long as you attribute in the following way:
(Colour-in) Monkey and the hunter''s wife
Author -
Wesley Kipkorir Rop
Illustration -
Jesse Breytenbach
Language -
English
Level -
First paragraphs
© African Storybook Initiative 2014
Creative Commons: Attribution 4.0
Source
www.africanstorybook.org', NULL);
INSERT INTO `card` (id, type, title, header, content, option) VALUES ('22068', 2, 'Greedy woman', 'assets/topic/asb/19126.png', 'Annet Ssebaggala and Ritah Katetemera
Abraham Muzee', 'FF9DEDE3');
INSERT INTO `card` (id, type, title, header, content, option) VALUES ('22068_3', 3, NULL, 'assets/topic/asb/19113.png', 'Long time ago,  there was a man called Kato. He lived in Kabuusu town. He stayed with his dog in a small house.', NULL);
INSERT INTO `card` (id, type, title, header, content, option) VALUES ('22068_4', 3, NULL, 'assets/topic/asb/19114.png', 'One day Kato was very sick. He had no one to help him. When he recovered,  he decided he would marry a woman who lived nearby.', NULL);
INSERT INTO `card` (id, type, title, header, content, option) VALUES ('22068_5', 3, NULL, 'assets/topic/asb/19115.png', 'He invited friends and relatives to attend the marriage ceremony. Kato was very excited because he thought he was getting a helper.', NULL);
INSERT INTO `card` (id, type, title, header, content, option) VALUES ('22068_6', 3, NULL, 'assets/topic/asb/19116.png', 'Many things were brought for the bride and her groom. These were baskets of millet,  mats,  bananas,  groundnuts,  and other gifts for the home.', NULL);
INSERT INTO `card` (id, type, title, header, content, option) VALUES ('22068_7', 3, NULL, 'assets/topic/asb/19117.png', 'The wedding function ended and all the visitors left for their homes. Kato was ready to start a new life with his wife and the dog.', NULL);
INSERT INTO `card` (id, type, title, header, content, option) VALUES ('22068_8', 3, NULL, 'assets/topic/asb/19118.png', 'The next day,  Kato served sweet banana to his wife,  but she refused to eat.', NULL);
INSERT INTO `card` (id, type, title, header, content, option) VALUES ('22068_9', 3, NULL, 'assets/topic/asb/19119.png', 'When Kato went out to hunt,  the woman ate all the sweet bananas.', NULL);
INSERT INTO `card` (id, type, title, header, content, option) VALUES ('22068_10', 3, NULL, 'assets/topic/asb/19120.png', 'Kato came back from hunting and he was hungry. He asked for sweet bananas. His wife said that the dog had eaten them all!', NULL);
INSERT INTO `card` (id, type, title, header, content, option) VALUES ('22068_11', 3, NULL, 'assets/topic/asb/19121.png', 'The following day,  Kato went to his farm. When he came home,  he found that his wife had eaten all the meat. She did not even share with the dog.', NULL);
INSERT INTO `card` (id, type, title, header, content, option) VALUES ('22068_12', 3, NULL, 'assets/topic/asb/19123.png', 'Another day,  Kato went to visit his friend and when he came back,  the woman had eaten all the groundnuts. The basket was completely empty. Kato was annoyed with his new wife.', NULL);
INSERT INTO `card` (id, type, title, header, content, option) VALUES ('22068_13', 3, NULL, 'assets/topic/asb/19124.png', 'Kato thought,  "Something is wrong with this woman." He decided to apply magic. He put milk in a magic pot,  put the pot under the bed,  and went out hunting.', NULL);
INSERT INTO `card` (id, type, title, header, content, option) VALUES ('22068_14', 3, NULL, 'assets/topic/asb/19125.png', 'The woman saw the pot,  and that it was full of milk. At once,  she picked up the pot and put it to her mouth. She drank all the milk while the dog watched her.', NULL);
INSERT INTO `card` (id, type, title, header, content, option) VALUES ('22068_15', 3, NULL, 'assets/topic/asb/19126.png', 'Unfortunately,  the pot got stuck to her mouth. She tried to remove the pot but all in vain. She shouted,  and jumped up and down. But the pot stayed stuck. The dog watched all this.', NULL);
INSERT INTO `card` (id, type, title, header, content, option) VALUES ('22068_16', 3, NULL, 'assets/topic/asb/19127.png', 'Then the dog ran off to find Kato. The dog barked and barked,  and jumped up and down. Kato realised that something was wrong at home.', NULL);
INSERT INTO `card` (id, type, title, header, content, option) VALUES ('22068_17', 3, NULL, 'assets/topic/asb/19128.png', 'They ran home together. Kato was very surprised to find his wife with a pot stuck to her mouth. He looked at her and wondered.', NULL);
INSERT INTO `card` (id, type, title, header, content, option) VALUES ('22068_18', 3, NULL, 'assets/topic/asb/19129.png', 'Kato touched his wife''s cheek and the pot dropped down at once. The woman was very ashamed. She decided to go back to her parents'' home.', NULL);
INSERT INTO `card` (id, type, title, header, content, option) VALUES ('22068_19', 3, NULL, NULL, 'You are free to download, copy, translate or adapt this story and use the illustrations as long as you attribute in the following way:
Greedy woman
Author -
Alungho Rose and Annet Ssebaggala
Translation -
Annet Ssebaggala and Ritah Katetemera
Illustration -
Abraham Muzee
Language -
English
Level -
First paragraphs
© African Storybook Initiative 2016
Creative Commons: Attribution 4.0
Source
www.africanstorybook.org', NULL);
INSERT INTO `card` (id, type, title, header, content, option) VALUES ('1176', 2, 'A very tall man', 'assets/topic/asb/309.png', 'Cornelius Wambi Gulere
Catherine Groenewald', 'FFB3C8FF');
INSERT INTO `card` (id, type, title, header, content, option) VALUES ('1176_3', 3, NULL, 'assets/topic/asb/309.png', 'His hoe was too short.', NULL);
INSERT INTO `card` (id, type, title, header, content, option) VALUES ('1176_4', 3, NULL, 'assets/topic/asb/310.png', 'His doorway was too low.', NULL);
INSERT INTO `card` (id, type, title, header, content, option) VALUES ('1176_5', 3, NULL, 'assets/topic/asb/311.png', 'His bed was too short.', NULL);
INSERT INTO `card` (id, type, title, header, content, option) VALUES ('1176_6', 3, NULL, 'assets/topic/asb/314.png', 'His bicycle was too short.', NULL);
INSERT INTO `card` (id, type, title, header, content, option) VALUES ('1176_7', 3, NULL, 'assets/topic/asb/313.png', 'This man was too tall!', NULL);
INSERT INTO `card` (id, type, title, header, content, option) VALUES ('1176_8', 3, NULL, 'assets/topic/asb/316.png', 'He made a very long hoe handle.', NULL);
INSERT INTO `card` (id, type, title, header, content, option) VALUES ('1176_9', 3, NULL, 'assets/topic/asb/315.png', 'He made very high door frames.', NULL);
INSERT INTO `card` (id, type, title, header, content, option) VALUES ('1176_10', 3, NULL, 'assets/topic/asb/317.png', 'He made a very long bed.', NULL);
INSERT INTO `card` (id, type, title, header, content, option) VALUES ('1176_11', 3, NULL, 'assets/topic/asb/318.png', 'He bought a very high bicycle.', NULL);
INSERT INTO `card` (id, type, title, header, content, option) VALUES ('1176_12', 3, NULL, 'assets/topic/asb/319.png', 'He sat on a very high chair. He ate with a very long fork.', NULL);
INSERT INTO `card` (id, type, title, header, content, option) VALUES ('1176_13', 3, NULL, 'assets/topic/asb/320.png', 'He left his house and lived in a big forest. He lived for many years.', NULL);
INSERT INTO `card` (id, type, title, header, content, option) VALUES ('1176_14', 3, NULL, NULL, 'You are free to download, copy, translate or adapt this story and use the illustrations as long as you attribute in the following way:
A very tall man
Author -
Cornelius Wambi Gulere
Illustration -
Catherine Groenewald
Language -
English
Level -
First words
© Text: Ugandan Community Libraries Association; Illustration: African Storybook Initiative 2014
Creative Commons: Attribution 4.0
Source
www.africanstorybook.org
Original source
www.ugcla.org', NULL);
INSERT INTO `card` (id, type, title, header, content, option) VALUES ('19600', 2, 'Man with a serious problem', 'assets/topic/asb/19570.png', 'Ursula Nafula
Abraham Muzee', 'FFF4E1B5');
INSERT INTO `card` (id, type, title, header, content, option) VALUES ('19600_3', 3, NULL, 'assets/topic/asb/19567.png', 'Muniafu lived with his grandparents,  his aunt,  an uncle,  a hen,  a goat,  a sheep and a pig. The hen stayed in a small cage. The goat,  sheep and pig were each tied on the side of the wall. The grandparents were still well,  and the aunt and uncle helped with the work.', NULL);
INSERT INTO `card` (id, type, title, header, content, option) VALUES ('19600_4', 3, NULL, 'assets/topic/asb/19568.png', 'This changed few years later. Muniafu''s grandparents aged and could not hear or see well. His aunt became sickly and could not help clean the house. His uncle slept all the time and did not help to feed the animals.', NULL);
INSERT INTO `card` (id, type, title, header, content, option) VALUES ('19600_5', 3, NULL, 'assets/topic/asb/19569.png', 'The animals made so much noise because they were hungry. The house was so dirty because the aunt did not clean it. Muniafu was tired all the time because he went out every day to look for food for them all.', NULL);
INSERT INTO `card` (id, type, title, header, content, option) VALUES ('19600_6', 3, NULL, 'assets/topic/asb/19570.png', 'Muniafu could not cope with the situation anymore. He went to ask his elderly grandparents for a solution. He was unhappy because his grandparents did not hear him. His sick aunt said,  "All I want is to be able to sleep at night and wake up in the morning."', NULL);
INSERT INTO `card` (id, type, title, header, content, option) VALUES ('19600_7', 3, NULL, 'assets/topic/asb/19571.png', 'His lazy uncle said,  "Sell the animals and buy alcohol for your grandparents. They will sleep and won''t bother you." Muniafu was angry. He said,  "Uncle,  you know that I cannot sell the animals. They are the only wealth I have."', NULL);
INSERT INTO `card` (id, type, title, header, content, option) VALUES ('19600_8', 3, NULL, 'assets/topic/asb/19572.png', 'One night Muniafu lay awake. He remembered a wise man who was believed to have solutions to all problems. Muniafu took his animals and visited the wise man. He kept a rope on the goat,  sheep and pig and carried the hen.', NULL);
INSERT INTO `card` (id, type, title, header, content, option) VALUES ('19600_9', 3, NULL, 'assets/topic/asb/19573.png', 'Muniafu arrived at the wise man''s home,  tired and hungry. After explaining his problem to the wise man,  the wise man said,  "I will help you but you must do as I say." Muniafu replied,  "I will do anything to solve my problem."', NULL);
INSERT INTO `card` (id, type, title, header, content, option) VALUES ('19600_10', 3, NULL, 'assets/topic/asb/19574.png', 'The wise man said,  "Leave the animals here and go back to your house." Muniafu said,  "But I have lived with my animals for a long time. They are the only wealth I have."', NULL);
INSERT INTO `card` (id, type, title, header, content, option) VALUES ('19600_11', 3, NULL, 'assets/topic/asb/19575.png', 'The wise man said,  "I told you I would help you but you must do as I say." Muniafu needed a solution to his problem so much that he left his animals and returned home.', NULL);
INSERT INTO `card` (id, type, title, header, content, option) VALUES ('19600_12', 3, NULL, 'assets/topic/asb/19576.png', 'His house was too quiet and empty. Everybody missed the animals. Muniafu''s grandparents complained because they had no milk from the goat. The uncle said,  "We are so poor,  everyone is laughing at us."', NULL);
INSERT INTO `card` (id, type, title, header, content, option) VALUES ('19600_13', 3, NULL, 'assets/topic/asb/19577.png', 'Muniafu could not cope with the complaints anymore. Besides,  he missed his animals. He returned to the wise man to ask for advice. "Life is very different without my animals in the house. My relatives are complaining so much."', NULL);
INSERT INTO `card` (id, type, title, header, content, option) VALUES ('19600_14', 3, NULL, 'assets/topic/asb/19578.png', 'The wise man said,  "I will help you but you must do as I tell you. Go home and take your grandparents out of the house." Muniafu said,  "How can I do that? They are my grandparents and they depend on me."', NULL);
INSERT INTO `card` (id, type, title, header, content, option) VALUES ('19600_15', 3, NULL, 'assets/topic/asb/19579.png', 'In the end,  Muniafu went home and did as he was told. He did not have any peace of mind. His grandparents had nowhere to go. They wandered around,  trying not to bump into things. They felt the heat during the day and the cold at night.', NULL);
INSERT INTO `card` (id, type, title, header, content, option) VALUES ('19600_16', 3, NULL, 'assets/topic/asb/19580.png', 'His sick aunt cried,  "Don''t throw me out!" His lazy uncle cried,  "Don''t throw me out either!"', NULL);
INSERT INTO `card` (id, type, title, header, content, option) VALUES ('19600_17', 3, NULL, 'assets/topic/asb/19581.png', 'Muniafu could not take it anymore. He returned to the wise man confused and angry. He cried saying,  "This is too much for one person. Give me a better solution."', NULL);
INSERT INTO `card` (id, type, title, header, content, option) VALUES ('19600_18', 3, NULL, 'assets/topic/asb/19582.png', 'The wise man said,  "Here,  take your animals home and return your grandparents in the house."  Muniafu did as he was told. His aunt said,  "I will clean the house." His uncle stopped being lazy and helped Muniafu with work. They were all happy once more.', NULL);
INSERT INTO `card` (id, type, title, header, content, option) VALUES ('19600_19', 3, NULL, NULL, 'You are free to download, copy, translate or adapt this story and use the illustrations as long as you attribute in the following way:
Man with a serious problem
Author -
Ursula Nafula
Illustration -
Abraham Muzee
Language -
English
Level -
Longer paragraphs
© African Storybook Initiative 2016
Creative Commons: Attribution 4.0
Source
www.africanstorybook.org', NULL);
INSERT INTO `card` (id, type, title, header, content, option) VALUES ('19400', 2, 'Man who grew feathers', 'assets/topic/asb/18142.png', 'Worku Debele
 Tadesse Teshome', 'FF9DEDE3');
INSERT INTO `card` (id, type, title, header, content, option) VALUES ('19400_3', 3, NULL, 'assets/topic/asb/17994.png', 'Once upon a time,  there was a rich man who had two sons. The rich man wrote in his will that the first son should get all his cows. And only one rooster should go to his second son.', NULL);
INSERT INTO `card` (id, type, title, header, content, option) VALUES ('19400_4', 3, NULL, 'assets/topic/asb/17995.png', 'So,  after the man died,  his first son got all the cows. The second son was only given one rooster.', NULL);
INSERT INTO `card` (id, type, title, header, content, option) VALUES ('19400_5', 3, NULL, 'assets/topic/asb/17997.png', 'After some time,  the rich son became sick. He went to the healer to ask what he should do to get better. The healer said,  "You should slaughter a rooster of a special colour."', NULL);
INSERT INTO `card` (id, type, title, header, content, option) VALUES ('19400_6', 3, NULL, 'assets/topic/asb/18138.png', 'The rich son did not know where to get the rooster of the special colour. Then he remembered his brother''s rooster. He sent some people to his brother.', NULL);
INSERT INTO `card` (id, type, title, header, content, option) VALUES ('19400_7', 3, NULL, 'assets/topic/asb/18139.png', 'The brother said to them,  "All that I have is this rooster. But if it can make my brother better,  I would rather lose the rooster." He generously gave the rooster.', NULL);
INSERT INTO `card` (id, type, title, header, content, option) VALUES ('19400_8', 3, NULL, 'assets/topic/asb/18140.png', 'The people slaughtered it and fed it to the sick brother. The brother recovered from his sickness.', NULL);
INSERT INTO `card` (id, type, title, header, content, option) VALUES ('19400_9', 3, NULL, 'assets/topic/asb/18141.png', 'After some time a most unusual thing happened. The rich brother''s body began growing feathers.', NULL);
INSERT INTO `card` (id, type, title, header, content, option) VALUES ('19400_10', 3, NULL, 'assets/topic/asb/18142.png', 'He could not believe his eyes.', NULL);
INSERT INTO `card` (id, type, title, header, content, option) VALUES ('19400_11', 3, NULL, 'assets/topic/asb/18143.png', 'He went to the elders. They said,  "This is the result of being unfair to your brother. You have taken all the cows,  and the rooster that your father left him."  The elders told the rich brother,  "To get better,  your brother must forgive you."', NULL);
INSERT INTO `card` (id, type, title, header, content, option) VALUES ('19400_12', 3, NULL, 'assets/topic/asb/18144.png', 'The elders continued,  "We will take this bracelet as a sign of forgiveness and give it to your brother. If he spits on it,  you''ll be cured."', NULL);
INSERT INTO `card` (id, type, title, header, content, option) VALUES ('19400_13', 3, NULL, 'assets/topic/asb/18145.png', 'The elders took the bracelet to the brother and said,  "Spit on it and forgive your brother." The brother spat on it.', NULL);
INSERT INTO `card` (id, type, title, header, content, option) VALUES ('19400_14', 3, NULL, 'assets/topic/asb/18146.png', 'As a result,  the elders decided to give the poor brother half of the rich brother''s cows.', NULL);
INSERT INTO `card` (id, type, title, header, content, option) VALUES ('19400_15', 3, NULL, NULL, 'You are free to download, copy, translate or adapt this story and use the illustrations as long as you attribute in the following way:
Man who grew feathers
Author -
Worku Debele and Elizabeth Laird
Illustration -
Tadesse Teshome
Language -
English
Level -
First paragraphs
© African Storybook Initiative 2016
Creative Commons: Attribution 4.0
Source
www.africanstorybook.org
Original source
www.ethiopianfolktales.com', NULL);
INSERT INTO `card` (id, type, title, header, content, option) VALUES ('2229', 2, 'The moon and the cap', 'assets/topic/asb/2137.png', 'Noni
 Angie & Upesh', 'FF9DEDE3');
INSERT INTO `card` (id, type, title, header, content, option) VALUES ('2229_3', 3, NULL, 'assets/topic/asb/2138.png', 'All of us went to the fun fair.', NULL);
INSERT INTO `card` (id, type, title, header, content, option) VALUES ('2229_4', 3, NULL, 'assets/topic/asb/2139.png', 'Father bought brother fancy glasses. Mother bought me a bright blue cap. The baby got sugar candy.', NULL);
INSERT INTO `card` (id, type, title, header, content, option) VALUES ('2229_5', 3, NULL, 'assets/topic/asb/2141.png', 'On the way home,  a very strong wind came. It blew my cap away.', NULL);
INSERT INTO `card` (id, type, title, header, content, option) VALUES ('2229_6', 3, NULL, 'assets/topic/asb/2142.png', 'My cap got stuck on a branch of a big old tree.', NULL);
INSERT INTO `card` (id, type, title, header, content, option) VALUES ('2229_7', 3, NULL, 'assets/topic/asb/2143.png', 'I cried a lot. And I did not eat my dinner.', NULL);
INSERT INTO `card` (id, type, title, header, content, option) VALUES ('2229_8', 3, NULL, 'assets/topic/asb/2144.png', 'Later that night,  the moon came up. It looked at my cap in the big old tree.', NULL);
INSERT INTO `card` (id, type, title, header, content, option) VALUES ('2229_9', 3, NULL, 'assets/topic/asb/2145.png', 'The moon tried on my cap. It smiled happily. I had to smile too.', NULL);
INSERT INTO `card` (id, type, title, header, content, option) VALUES ('2229_10', 3, NULL, 'assets/topic/asb/2146.png', 'After school the next day,  my mother gave me a shiny new red cap. "The moon sent it," she said.', NULL);
INSERT INTO `card` (id, type, title, header, content, option) VALUES ('2229_11', 3, NULL, 'assets/topic/asb/2147.png', 'That night,  both the moon and I wore our caps and smiled. We were happy.', NULL);
INSERT INTO `card` (id, type, title, header, content, option) VALUES ('2229_12', 3, NULL, 'assets/topic/asb/2148.png', 'Do you think the sun needs a hat?', NULL);
INSERT INTO `card` (id, type, title, header, content, option) VALUES ('2229_13', 3, NULL, 'assets/topic/asb/2150.png', 'Guess which cap I am wearing today!', NULL);
INSERT INTO `card` (id, type, title, header, content, option) VALUES ('2229_14', 3, NULL, NULL, 'You are free to download, copy, translate or adapt this story and use the illustrations as long as you attribute in the following way:
The moon and the cap
Author -
Noni
Illustration -
Angie & Upesh
Language -
English
Level -
First words
© Pratham Books 2014
Creative Commons: Attribution 4.0
Source
www.africanstorybook.org
Original source
www.prathambooks.org', NULL);
INSERT INTO `card` (id, type, title, header, content, option) VALUES ('31282', 2, 'Body', 'assets/topic/asb/26739.png', 'Little Zebra Books
Sue  Beattie', 'FFCFB5DD');
INSERT INTO `card` (id, type, title, header, content, option) VALUES ('31282_3', 3, NULL, 'assets/topic/asb/26749.png', 'Feet', NULL);
INSERT INTO `card` (id, type, title, header, content, option) VALUES ('31282_4', 3, NULL, 'assets/topic/asb/26744.png', 'Legs', NULL);
INSERT INTO `card` (id, type, title, header, content, option) VALUES ('31282_5', 3, NULL, 'assets/topic/asb/26741.png', 'Knees', NULL);
INSERT INTO `card` (id, type, title, header, content, option) VALUES ('31282_6', 3, NULL, 'assets/topic/asb/26747.png', 'Waist', NULL);
INSERT INTO `card` (id, type, title, header, content, option) VALUES ('31282_7', 3, NULL, 'assets/topic/asb/26740.png', 'Belly', NULL);
INSERT INTO `card` (id, type, title, header, content, option) VALUES ('31282_8', 3, NULL, 'assets/topic/asb/26748.png', 'Chest', NULL);
INSERT INTO `card` (id, type, title, header, content, option) VALUES ('31282_9', 3, NULL, 'assets/topic/asb/26742.png', 'Hands', NULL);
INSERT INTO `card` (id, type, title, header, content, option) VALUES ('31282_10', 3, NULL, 'assets/topic/asb/26745.png', 'Arms', NULL);
INSERT INTO `card` (id, type, title, header, content, option) VALUES ('31282_11', 3, NULL, 'assets/topic/asb/26746.png', 'Elbows', NULL);
INSERT INTO `card` (id, type, title, header, content, option) VALUES ('31282_12', 3, NULL, 'assets/topic/asb/26743.png', 'Head', NULL);
INSERT INTO `card` (id, type, title, header, content, option) VALUES ('31282_13', 3, NULL, NULL, 'You are free to download, copy, translate or adapt this story and use the illustrations as long as you attribute in the following way:
Body
Author -
Little Zebra Books
Illustration -
Sue  Beattie
Language -
English
Level -
First words
© African Storybook Initiative 2018
Creative Commons: Attribution 4.0
Source
www.africanstorybook.org', NULL);
INSERT INTO `card` (id, type, title, header, content, option) VALUES ('12632', 2, 'My body', 'assets/topic/asb/1622.png', 'Clare Verbeek
Mlungisi Dlamini', 'FF9DEDE3');
INSERT INTO `card` (id, type, title, header, content, option) VALUES ('12632_3', 3, NULL, 'assets/topic/asb/1623.png', 'I can run with it.', NULL);
INSERT INTO `card` (id, type, title, header, content, option) VALUES ('12632_4', 3, NULL, 'assets/topic/asb/1624.png', 'I can jump with it.', NULL);
INSERT INTO `card` (id, type, title, header, content, option) VALUES ('12632_5', 3, NULL, 'assets/topic/asb/1625.png', 'I can dance with it.', NULL);
INSERT INTO `card` (id, type, title, header, content, option) VALUES ('12632_6', 3, NULL, 'assets/topic/asb/1626.png', 'I can swim with it.', NULL);
INSERT INTO `card` (id, type, title, header, content, option) VALUES ('12632_7', 3, NULL, 'assets/topic/asb/1627.png', 'I can skip with it.', NULL);
INSERT INTO `card` (id, type, title, header, content, option) VALUES ('12632_8', 3, NULL, 'assets/topic/asb/1622.png', 'I can kick with it.', NULL);
INSERT INTO `card` (id, type, title, header, content, option) VALUES ('12632_9', 3, NULL, 'assets/topic/asb/1628.png', 'I can escape with it.', NULL);
INSERT INTO `card` (id, type, title, header, content, option) VALUES ('12632_10', 3, NULL, 'assets/topic/asb/1629.png', 'But I can never fly with it.', NULL);
INSERT INTO `card` (id, type, title, header, content, option) VALUES ('12632_11', 3, NULL, NULL, 'You are free to download, copy, translate or adapt this story and use the illustrations as long as you attribute in the following way:
My body
Author -
Clare Verbeek, Thembani Dladla and Zanele Buthelezi
Illustration -
Mlungisi Dlamini
Language -
English
Level -
First words
© School of Education and Development (Centre for Adult Education), University of Kwazulu-Natal 2007
Creative Commons: Attribution-Non Commercial 3.0
Source
www.africanstorybook.org
Original source
http://cae.ukzn.ac.za/resources/seedbooks.aspx', NULL);
INSERT INTO `card` (id, type, title, header, content, option) VALUES ('22061', 2, 'Hyena and Monkey', 'assets/topic/asb/18699.png', 'Elizabeth  Laird
Salim Kasamba', 'FF9DEDE3');
INSERT INTO `card` (id, type, title, header, content, option) VALUES ('22061_3', 3, NULL, 'assets/topic/asb/18696.png', 'Once upon a time there was a hyena and a monkey.
The hyena and the monkey had an argument. They went to a judge to settle their differences.', NULL);
INSERT INTO `card` (id, type, title, header, content, option) VALUES ('22061_4', 3, NULL, 'assets/topic/asb/18697.png', 'After the judge listened to their case he was afraid to pass judgement on their case.
He thought to himself, "If I condemn the hyena, it will eat all my cattle. And if I condemn the monkey, he will eat all my corn! So, what am I to do?"', NULL);
INSERT INTO `card` (id, type, title, header, content, option) VALUES ('22061_5', 3, NULL, 'assets/topic/asb/18698.png', 'The judge thought for a while, and said, "The case is too difficult for me to judge alone. You should go to the elders of the village."
So the hyena and monkey went to the elders.', NULL);
INSERT INTO `card` (id, type, title, header, content, option) VALUES ('22061_6', 3, NULL, 'assets/topic/asb/18699.png', 'They told the elders about their disagreement.
After the elders listened to their case, they were also afraid to pass judgement.', NULL);
INSERT INTO `card` (id, type, title, header, content, option) VALUES ('22061_7', 3, NULL, 'assets/topic/asb/18708.png', 'If they supported the monkey, the hyena might eat their cattle. If they supported the hyena, the monkey might eat their corn. The elders told Hyena and Monkey that their case was very difficult.', NULL);
INSERT INTO `card` (id, type, title, header, content, option) VALUES ('22061_8', 3, NULL, 'assets/topic/asb/18701.png', 'Suddenly, the elders remembered a poor woman in the town. She had nothing to lose, neither cattle nor corn.
"She can pass the judgement without any fear," said the elders to one another. They told the two animals to go to her.', NULL);
INSERT INTO `card` (id, type, title, header, content, option) VALUES ('22061_9', 3, NULL, 'assets/topic/asb/18702.png', 'They arrived at the poor woman’s house and asked her to give them judgement. She agreed.
But, she told them to speak to her separately, one by one.', NULL);
INSERT INTO `card` (id, type, title, header, content, option) VALUES ('22061_10', 3, NULL, 'assets/topic/asb/18703.png', 'First the poor woman called Hyena and said, "You are respected, a big animal, and a hero. How could you quarrel with this small and miserable monkey?"', NULL);
INSERT INTO `card` (id, type, title, header, content, option) VALUES ('22061_11', 3, NULL, 'assets/topic/asb/18704.png', 'The poor woman said to Hyena, "If people heard about this disagreement, they would look down on you. Stop the quarrel with Monkey."
"Of course you are right,” said Hyena. “I will drop this case. I will end the argument."', NULL);
INSERT INTO `card` (id, type, title, header, content, option) VALUES ('22061_12', 3, NULL, 'assets/topic/asb/18705.png', 'Then the poor woman called the monkey and she said, "You are smart and pretty. Why do you argue with this dirty, smelly animal who eats rotten things? What will people think of you when they hear about your argument with this ugly creature?"
After a while Monkey said, "You are right! I will drop this case."', NULL);
INSERT INTO `card` (id, type, title, header, content, option) VALUES ('22061_13', 3, NULL, 'assets/topic/asb/18706.png', 'After that, the poor woman called both of them and said, "You both agreed to drop this case. So, you should forgive each other."', NULL);
INSERT INTO `card` (id, type, title, header, content, option) VALUES ('22061_14', 3, NULL, 'assets/topic/asb/18707.png', 'Both animals apologised to each other and settled their dispute.
When people from the town heard this story, they were surprised. The poor woman solved the problem that the judge and the elders failed to solve.', NULL);
INSERT INTO `card` (id, type, title, header, content, option) VALUES ('22061_15', 3, NULL, NULL, 'You are free to download, copy, translate or adapt this story and use the illustrations as long as you attribute in the following way:
Hyena and Monkey
Author -
Mulualem  Daba
Translation -
Elizabeth  Laird
Illustration -
Salim Kasamba
Language -
English
Level -
Longer paragraphs
© African Storybook Initiative 2017
Creative Commons: Attribution 4.0
Source
www.africanstorybook.org', NULL);
INSERT INTO `card` (id, type, title, header, content, option) VALUES ('15863', 2, 'Namorutunga', 'assets/topic/asb/11754.png', 'Simon Ipoo
Zablon Alex Nguku', 'FFB3C8FF');
INSERT INTO `card` (id, type, title, header, content, option) VALUES ('15863_3', 3, NULL, 'assets/topic/asb/11743.png', 'Long time ago, in a Turkana village, people loved to dance edonga, the traditional dance.', NULL);
INSERT INTO `card` (id, type, title, header, content, option) VALUES ('15863_4', 3, NULL, 'assets/topic/asb/11747.png', 'Every evening they gathered together and danced edonga. The whole region came to know of this village and its dancers.', NULL);
INSERT INTO `card` (id, type, title, header, content, option) VALUES ('15863_5', 3, NULL, 'assets/topic/asb/11748.png', 'People from nearby villages also came to this village to dance.', NULL);
INSERT INTO `card` (id, type, title, header, content, option) VALUES ('15863_6', 3, NULL, 'assets/topic/asb/11749.png', 'A stranger heard of the famous village. He sent his messenger to go there before him.', NULL);
INSERT INTO `card` (id, type, title, header, content, option) VALUES ('15863_7', 3, NULL, 'assets/topic/asb/11750.png', 'When the messenger arrived,  the villagers were afraid. They wondered who the stranger was,  and why he had sent his messenger. The villagers prepared food and animals to be slaughtered.', NULL);
INSERT INTO `card` (id, type, title, header, content, option) VALUES ('15863_8', 3, NULL, 'assets/topic/asb/11751.png', 'The villagers gathered and waited. They sat the whole day until evening. But the stranger did not arrive.', NULL);
INSERT INTO `card` (id, type, title, header, content, option) VALUES ('15863_9', 3, NULL, 'assets/topic/asb/11752.png', 'That night,  the villagers danced as usual until midnight. That night there were many dancers. Everybody in the village was excited.', NULL);
INSERT INTO `card` (id, type, title, header, content, option) VALUES ('15863_10', 3, NULL, 'assets/topic/asb/11753.png', 'While they were dancing,  the stranger arrived. Although he was a stranger, he looked just like the other villagers. They did not notice him at first.', NULL);
INSERT INTO `card` (id, type, title, header, content, option) VALUES ('15863_11', 3, NULL, 'assets/topic/asb/11754.png', 'When it was the stranger''s turn to dance, he joined the men. But his dancing was strange and different from the others.', NULL);
INSERT INTO `card` (id, type, title, header, content, option) VALUES ('15863_12', 3, NULL, 'assets/topic/asb/11755.png', 'People were amused and began to laugh at the stranger. Some dancers fell down laughing. Some sat down, and others knelt laughing.', NULL);
INSERT INTO `card` (id, type, title, header, content, option) VALUES ('15863_13', 3, NULL, 'assets/topic/asb/11756.png', 'The stranger did not like people laughing at him. He decided to curse them. He stopped dancing and everyone became a stone in the position they were in. Some were lying down, others standing, others sitting and kneeling. Then the stranger left the village.', NULL);
INSERT INTO `card` (id, type, title, header, content, option) VALUES ('15863_14', 3, NULL, NULL, 'Since then, those stones remained there. At night they can be heard singing and dancing edonga.
That is how we have the site of Namoratunga.', NULL);
INSERT INTO `card` (id, type, title, header, content, option) VALUES ('15863_15', 3, NULL, NULL, 'You are free to download, copy, translate or adapt this story and use the illustrations as long as you attribute in the following way:
Namorutunga
Author -
Simon Ipoo
Translation -
Simon Ipoo
Illustration -
Zablon Alex Nguku
Language -
English
Level -
First paragraphs
© African Storybook Initiative 2015
Creative Commons: Attribution 4.0
Source
www.africanstorybook.org', NULL);
INSERT INTO `card` (id, type, title, header, content, option) VALUES ('7874', 2, 'Namukhaywa', 'assets/topic/asb/5807.png', 'Matthews M Wanga
 Wiehan de Jager', 'FFCFB5DD');
INSERT INTO `card` (id, type, title, header, content, option) VALUES ('7874_3', 3, NULL, 'assets/topic/asb/5806.png', 'Long time ago,  in the village of Elunyiko,  there lived a man called Ndong''a and his wife called Namukhaywa. They had six children. All of them were girls.', NULL);
INSERT INTO `card` (id, type, title, header, content, option) VALUES ('7874_4', 3, NULL, 'assets/topic/asb/5807.png', 'When Namukhaywa was pregnant with her seventh child,  Ndong''a warned her,  "If you give birth to another girl,  I will leave you. But if you give me a baby boy,  I will hold a big party for you!"', NULL);
INSERT INTO `card` (id, type, title, header, content, option) VALUES ('7874_5', 3, NULL, 'assets/topic/asb/5808.png', 'When it was time to give birth,  Namukhaywa went to the traditional midwife. Would the child be a girl or a boy?', NULL);
INSERT INTO `card` (id, type, title, header, content, option) VALUES ('7874_6', 3, NULL, 'assets/topic/asb/5809.png', 'It was a boy AND a girl – twins! She called the boy Mukhwana,  and the girl she called Mulongo. As she looked at Mukhwana,  she was very happy. But as she looked at Mulongo,  she felt sad. She felt that there was only one thing she could do.', NULL);
INSERT INTO `card` (id, type, title, header, content, option) VALUES ('7874_7', 3, NULL, 'assets/topic/asb/5810.png', 'Namukhaywa left Mulongo in the care of the midwife and took Mukhwana home to her husband.', NULL);
INSERT INTO `card` (id, type, title, header, content, option) VALUES ('7874_8', 3, NULL, 'assets/topic/asb/5812.png', 'She proudly showed Ndong''a the baby boy. He was very happy and called all the villagers to celebrate the birth of his son.', NULL);
INSERT INTO `card` (id, type, title, header, content, option) VALUES ('7874_9', 3, NULL, 'assets/topic/asb/5813.png', 'Mukhwana grew up to be a fine young man. And Mulongo grew up to be a fine young woman.', NULL);
INSERT INTO `card` (id, type, title, header, content, option) VALUES ('7874_10', 3, NULL, 'assets/topic/asb/5814.png', 'One day,  while minding his father''s cattle,  Mukhwana saw a very beautiful girl. "This is the girl I want to marry," he said to himself.', NULL);
INSERT INTO `card` (id, type, title, header, content, option) VALUES ('7874_11', 3, NULL, 'assets/topic/asb/5815.png', 'But when he asked her to marry him,  she sang this song: "Mukhwana wefwe,  Mukhwana. So yakhupa omunwa,  Mukhwana. Nebebula omukhana,  Mukhwana. Barulaka khulwanda,  Mukhwana. Nebebula omusiani,  Mukhwana. Barera mungo muno,  Mukhwana. Iyeyi yakwa,  Mukhwana. Iyindi yakwa,  Mukhwana."', NULL);
INSERT INTO `card` (id, type, title, header, content, option) VALUES ('7874_12', 3, NULL, 'assets/topic/asb/5817.png', 'This happened again and again. Mukhwana did not know what to do. So he went to his mother,  Namukhaywa. "I have found a beautiful girl," he said. "And I want to marry her. But every time I ask her,  she sings the same song."', NULL);
INSERT INTO `card` (id, type, title, header, content, option) VALUES ('7874_13', 3, NULL, 'assets/topic/asb/5818.png', 'To his surprise,  Namukhaywa said,  "What the girl is singing about is true. That is your sister. You were born twins. Your father wanted a son,  not a daughter. So I left your baby sister with the midwife,  and brought you home to your father."', NULL);
INSERT INTO `card` (id, type, title, header, content, option) VALUES ('7874_14', 3, NULL, 'assets/topic/asb/5820.png', 'When Mukhwana told his father the story,  he saw that he had been wrong. He called Namukhaywa and together they went to the midwife to fetch Mulongo.', NULL);
INSERT INTO `card` (id, type, title, header, content, option) VALUES ('7874_15', 3, NULL, 'assets/topic/asb/5822.png', 'When Mulongo arrived home,  her father and the village elders slaughtered a goat and performed the traditional ceremony for re-uniting Mulongo and her seven siblings.', NULL);
INSERT INTO `card` (id, type, title, header, content, option) VALUES ('7874_16', 3, NULL, 'assets/topic/asb/5824.png', 'A year later,  Mulongo was married to the son of the rich king of that village. She brought a lot of wealth and happiness to her family.', NULL);
INSERT INTO `card` (id, type, title, header, content, option) VALUES ('7874_17', 3, NULL, NULL, 'You are free to download, copy, translate or adapt this story and use the illustrations as long as you attribute in the following way:
Namukhaywa
Author -
Matthews M Wanga
Illustration -
Wiehan de Jager
Language -
English
Level -
First paragraphs
© African Storybook Initiative 2014
Creative Commons: Attribution 4.0
Source
www.africanstorybook.org', NULL);
INSERT INTO `card` (id, type, title, header, content, option) VALUES ('22049', 2, 'Who can count to ten?', 'assets/topic/asb/25319.png', 'Athieno Gertrude and Owino Ogot
Salim Kasamba', 'FF9DEDE3');
INSERT INTO `card` (id, type, title, header, content, option) VALUES ('22049_3', 3, NULL, 'assets/topic/asb/25317.png', 'A long time ago, deep in the forests, King Leopard began to think about the future.
He thought, "I''m getting old and one day, I''m going to die. A wise ruler should pick a successor while still young and healthy."
But how could King Leopard choose? He loved all the members of the animal kingdom the same!', NULL);
INSERT INTO `card` (id, type, title, header, content, option) VALUES ('22049_4', 3, NULL, 'assets/topic/asb/25318.png', 'King Leopard had an idea. He sent his messengers out into the forests. He told them to ask all the animals of the kingdom to come to the palace.
He was going to have a big party and he was going to make an important announcement.
Away the messengers ran, to all four corners of the forest.', NULL);
INSERT INTO `card` (id, type, title, header, content, option) VALUES ('22049_5', 3, NULL, 'assets/topic/asb/25319.png', 'On the night of the party, all the animals were at the palace. They sang and they danced and had a great time.
After the moon had risen above the trees, King Leopard came and stood in the middle of the clearing. The animals stopped their singing and dancing. They listened quietly as their king began to speak.', NULL);
INSERT INTO `card` (id, type, title, header, content, option) VALUES ('22049_6', 3, NULL, 'assets/topic/asb/25320.png', 'He cleared his throat and said, "I''ve been thinking that it''s time for me to pick a successor. But because I love all of you equally, I can''t decide who among you is most worthy. So, I have decided to let a contest decide for me."', NULL);
INSERT INTO `card` (id, type, title, header, content, option) VALUES ('22049_7', 3, NULL, 'assets/topic/asb/25321.png', 'King Leopard held up a spear. He said, "The first one among you who can throw this spear up into the sky and count to ten before it touches the ground, will be my successor."', NULL);
INSERT INTO `card` (id, type, title, header, content, option) VALUES ('22049_8', 3, NULL, 'assets/topic/asb/25322.png', 'As King Leopard finished talking, the animals heard a loud noise from behind them. They turned around and saw Elephant stomping through the crowd to the front.
"Move out of my way. I''m the biggest, I should be king," said Elephant.', NULL);
INSERT INTO `card` (id, type, title, header, content, option) VALUES ('22049_9', 3, NULL, 'assets/topic/asb/25323.png', 'Elephant took the spear and held it up with his trunk. He put his head back and threw the spear up into the sky. "One! Two! Three! Oh!" Elephant cried.
The spear hit the ground on the count of four. Elephant was angry and started stomping. King Leopard told him, "You''ve had your chance."
And so Elephant had to leave.', NULL);
INSERT INTO `card` (id, type, title, header, content, option) VALUES ('22049_10', 3, NULL, 'assets/topic/asb/25324.png', 'After Elephant left, the animals started to talk excitedly amongst themselves. They were again disturbed by a loud noise coming from the back of the crowd.
Boar came charging through saying, "Get out of my way. Get out of my way. I''m going to be king. I''ve got the biggest muscles. I''m the strongest. I should be king."', NULL);
INSERT INTO `card` (id, type, title, header, content, option) VALUES ('22049_11', 3, NULL, 'assets/topic/asb/25325.png', 'Boar leaned back, clenched the spear, and threw it into the sky. "One! Two! Three! Four! Five! Oh!" he shouted.
The spear dropped on the count of six. He was so angry. He fumed and threw clods of dirt into the air.
Leopard told him "Boar, you only throw once and you''ve had your chance." Boar had to leave.', NULL);
INSERT INTO `card` (id, type, title, header, content, option) VALUES ('22049_12', 3, NULL, 'assets/topic/asb/25326.png', 'After that, the animals started to say things like, "This contest is difficult! Elephant couldn''t do it, and he''s really big. Boar couldn''t do it either, and he''s really strong.  No one can win this contest!"
Right about then, they heard another sound coming from the back of crowd. When the animals looked around, they couldn''t believe their eyes.', NULL);
INSERT INTO `card` (id, type, title, header, content, option) VALUES ('22049_13', 3, NULL, 'assets/topic/asb/25327.png', 'They saw a big ape coming forward. As Ape moved, he chanted "I can do it. I know I can do it. I can do it."
Ape took the spear and he backed way up. He pulled his arm back, charged forward, leapt into the air and threw the spear into the sky.
"One! Two! Three! Four! Five! Six! Seven! Oh!" cried Ape', NULL);
INSERT INTO `card` (id, type, title, header, content, option) VALUES ('22049_14', 3, NULL, 'assets/topic/asb/25328.png', 'The spear hit the ground on the count of eight.
Ape was upset. He was so angry that he started turning round, complaining and making all sorts of excuses.
But King Leopard told him "No, Ape, you only get one chance." And so the ape had to leave.', NULL);
INSERT INTO `card` (id, type, title, header, content, option) VALUES ('22049_15', 3, NULL, 'assets/topic/asb/25329.png', 'Some of the animals turned and started to leave for home. As they were leaving, they saw a little antelope coming through the crowd. As she trotted, she said, "Wait, wait. Let me try. I can do it. I can do it. Let me try."
When the animals heard her words, they all started laughing.', NULL);
INSERT INTO `card` (id, type, title, header, content, option) VALUES ('22049_16', 3, NULL, 'assets/topic/asb/25330.png', 'King Leopard jumped up and shouted angrily, "Stop it! Do not make fun of Antelope! Who is to say that small animals can''t do things that big animals can do? If Antelope wants to have a chance, she will be given the same chance that all the other animals had. So stand back and let Antelope throw the spear."', NULL);
INSERT INTO `card` (id, type, title, header, content, option) VALUES ('22049_17', 3, NULL, 'assets/topic/asb/25331.png', 'Antelope bowed to her king, turned and took the spear in her mouth. She backed up, and with all the strength in her tiny body she started running. When she reached the centre of the clearing, she jumped high.
She took a deep breath, released the spear and shouted, "Five and five is ten." The spear hit the ground.', NULL);
INSERT INTO `card` (id, type, title, header, content, option) VALUES ('22049_18', 3, NULL, 'assets/topic/asb/25332.png', 'All the animals were quiet. They were confused.
King Leopard explained, "Yes, Antelope! Five plus five is another way to get to ten. There is more than one way to count to ten."
The contest was not to find the biggest or the strongest animal. It was a contest to find the smartest animal! That is how Antelope became queen when leopard died.', NULL);
INSERT INTO `card` (id, type, title, header, content, option) VALUES ('22049_19', 3, NULL, NULL, 'You are free to download, copy, translate or adapt this story and use the illustrations as long as you attribute in the following way:
Who can count to ten?
Author -
Athieno Gertrude and Owino Ogot
Translation -
Athieno Gertrude and Owino Ogot
Illustration -
Salim Kasamba
Language -
English
Level -
Longer paragraphs
© African Storybook Initiative 2017
Creative Commons: Attribution 4.0
Source
www.africanstorybook.org', NULL);
INSERT INTO `card` (id, type, title, header, content, option) VALUES ('23747', 2, 'I Can Do This!', 'assets/topic/asb/13814.png', 'Isabelle Duston
 Silva Afonso', 'FFB3C8FF');
INSERT INTO `card` (id, type, title, header, content, option) VALUES ('23747_3', 3, NULL, 'assets/topic/asb/13815.png', NULL, NULL);
INSERT INTO `card` (id, type, title, header, content, option) VALUES ('23747_4', 3, NULL, NULL, 'Amelia wakes up and thinks,  "Today is my first day of school."  .', NULL);
INSERT INTO `card` (id, type, title, header, content, option) VALUES ('23747_5', 3, NULL, 'assets/topic/asb/13816.png', NULL, NULL);
INSERT INTO `card` (id, type, title, header, content, option) VALUES ('23747_6', 3, NULL, NULL, '"Carlos,  what do I have to do?" asks Amelia. "I will tell you," replies Carlos. .', NULL);
INSERT INTO `card` (id, type, title, header, content, option) VALUES ('23747_7', 3, NULL, 'assets/topic/asb/13819.png', NULL, NULL);
INSERT INTO `card` (id, type, title, header, content, option) VALUES ('23747_8', 3, NULL, NULL, 'Carlos tells Amelia to wash her face. Amelia says,  "I can wash my face. And then?" .', NULL);
INSERT INTO `card` (id, type, title, header, content, option) VALUES ('23747_9', 3, NULL, 'assets/topic/asb/13817.png', NULL, NULL);
INSERT INTO `card` (id, type, title, header, content, option) VALUES ('23747_10', 3, NULL, NULL, 'Carlos tells Amelia to brush her teeth. Amelia says,  "I can brush my teeth. And then?" .', NULL);
INSERT INTO `card` (id, type, title, header, content, option) VALUES ('23747_11', 3, NULL, 'assets/topic/asb/13820.png', NULL, NULL);
INSERT INTO `card` (id, type, title, header, content, option) VALUES ('23747_12', 3, NULL, NULL, 'Carlos tells Amelia that she must eat. Amelia says,  "I know how to eat. And then?" .', NULL);
INSERT INTO `card` (id, type, title, header, content, option) VALUES ('23747_13', 3, NULL, 'assets/topic/asb/13821.png', NULL, NULL);
INSERT INTO `card` (id, type, title, header, content, option) VALUES ('23747_14', 3, NULL, NULL, 'Carlos tells Amelia to put on her uniform. Amelia says,  "I can put on my uniform. And then?" .', NULL);
INSERT INTO `card` (id, type, title, header, content, option) VALUES ('23747_15', 3, NULL, 'assets/topic/asb/13822.png', NULL, NULL);
INSERT INTO `card` (id, type, title, header, content, option) VALUES ('23747_16', 3, NULL, NULL, 'Carlos tells Amelia to pick up her bag. Amelia says,  "I can pick up my bag. And then?"     .', NULL);
INSERT INTO `card` (id, type, title, header, content, option) VALUES ('23747_17', 3, NULL, 'assets/topic/asb/13823.png', NULL, NULL);
INSERT INTO `card` (id, type, title, header, content, option) VALUES ('23747_18', 3, NULL, NULL, 'Carlos says,  "You must go to school." Amelia says,  "I can go to school. And then?" .', NULL);
INSERT INTO `card` (id, type, title, header, content, option) VALUES ('23747_19', 3, NULL, 'assets/topic/asb/13824.png', NULL, NULL);
INSERT INTO `card` (id, type, title, header, content, option) VALUES ('23747_20', 3, NULL, NULL, 'Carlos says,  "You must enter the classroom."Amelia replies,  "I can enter the classroom. And then?" .', NULL);
INSERT INTO `card` (id, type, title, header, content, option) VALUES ('23747_21', 3, NULL, 'assets/topic/asb/14003.png', NULL, NULL);
INSERT INTO `card` (id, type, title, header, content, option) VALUES ('23747_22', 3, NULL, 'assets/topic/asb/14005.png', NULL, NULL);
INSERT INTO `card` (id, type, title, header, content, option) VALUES ('23747_23', 3, NULL, 'assets/topic/asb/14006.png', NULL, NULL);
INSERT INTO `card` (id, type, title, header, content, option) VALUES ('23747_24', 3, NULL, NULL, 'You are free to download, copy, translate or adapt this story and use the illustrations as long as you attribute in the following way:
I Can Do This!
Author -
World Education
Translation -
Isabelle Duston
Illustration -
Silva Afonso
Language -
English
Level -
First sentences
© World Education, Inc. 2015
Creative Commons: Attribution 4.0
Source
www.africanstorybook.org', NULL);
INSERT INTO `card` (id, type, title, header, content, option) VALUES ('22750', 2, 'Pendo our cow', 'assets/topic/asb/7945.png', 'Ruth Odondi
Rob Owen', 'FFF4E1B5');
INSERT INTO `card` (id, type, title, header, content, option) VALUES ('22750_3', 3, NULL, 'assets/topic/asb/11992.png', 'This is Ndalo.', NULL);
INSERT INTO `card` (id, type, title, header, content, option) VALUES ('22750_4', 3, NULL, 'assets/topic/asb/7944.png', 'Ndalo likes to read books.', NULL);
INSERT INTO `card` (id, type, title, header, content, option) VALUES ('22750_5', 3, NULL, 'assets/topic/asb/11993.png', 'This is Pendo.', NULL);
INSERT INTO `card` (id, type, title, header, content, option) VALUES ('22750_6', 3, NULL, 'assets/topic/asb/7939.png', 'Pendo likes to eat carrots.', NULL);
INSERT INTO `card` (id, type, title, header, content, option) VALUES ('22750_7', 3, NULL, 'assets/topic/asb/11994.png', 'Ndalo grazes Pendo after school.', NULL);
INSERT INTO `card` (id, type, title, header, content, option) VALUES ('22750_8', 3, NULL, 'assets/topic/asb/7938.png', 'He gives fresh water to Pendo.', NULL);
INSERT INTO `card` (id, type, title, header, content, option) VALUES ('22750_9', 3, NULL, 'assets/topic/asb/11995.png', 'Father gives grain to Pendo.', NULL);
INSERT INTO `card` (id, type, title, header, content, option) VALUES ('22750_10', 3, NULL, 'assets/topic/asb/11996.png', 'He milks Pendo every day.', NULL);
INSERT INTO `card` (id, type, title, header, content, option) VALUES ('22750_11', 3, NULL, 'assets/topic/asb/7941.png', 'Pendo gives a lot of milk.', NULL);
INSERT INTO `card` (id, type, title, header, content, option) VALUES ('22750_12', 3, NULL, 'assets/topic/asb/7943.png', 'Father sells Pendo''s milk.', NULL);
INSERT INTO `card` (id, type, title, header, content, option) VALUES ('22750_13', 3, NULL, 'assets/topic/asb/11997.png', 'Ndalo drinks fresh milk every day.', NULL);
INSERT INTO `card` (id, type, title, header, content, option) VALUES ('22750_14', 3, NULL, 'assets/topic/asb/7945.png', 'He says,  "Thank you Pendo!"', NULL);
INSERT INTO `card` (id, type, title, header, content, option) VALUES ('22750_15', 3, NULL, NULL, 'You are free to download, copy, translate or adapt this story and use the illustrations as long as you attribute in the following way:
Pendo our cow
Author -
Ruth Odondi
Adaptation -
Ruth Odondi
Illustration -
Rob Owen
Language -
English
Level -
First words
© African Storybook Initiative and Molteno Institute, 2014
Creative Commons: Attribution 4.0
Source
www.africanstorybook.org', NULL);
INSERT INTO `card` (id, type, title, header, content, option) VALUES ('21747', 2, 'Parna''s calf', 'assets/topic/asb/25507.png', 'Soila Murianka
Jacob Kono', 'FF9DEDE3');
INSERT INTO `card` (id, type, title, header, content, option) VALUES ('21747_3', 3, NULL, 'assets/topic/asb/25498.png', 'Parna was a tall, slender boy who was in Grade 3.
He liked to wear the long black coat that his Uncle Teteyo gave him.', NULL);
INSERT INTO `card` (id, type, title, header, content, option) VALUES ('21747_4', 3, NULL, 'assets/topic/asb/25499.png', 'During holiday time, Parna looked after his parents'' cows.', NULL);
INSERT INTO `card` (id, type, title, header, content, option) VALUES ('21747_5', 3, NULL, 'assets/topic/asb/25500.png', 'One day, as Parna looked after the cows, it suddenly started raining.', NULL);
INSERT INTO `card` (id, type, title, header, content, option) VALUES ('21747_6', 3, NULL, 'assets/topic/asb/25501.png', 'Just at that time, his father''s favourite cow, Blackie, gave birth.
The calf was the most beautiful calf that Parna had ever seen.', NULL);
INSERT INTO `card` (id, type, title, header, content, option) VALUES ('21747_7', 3, NULL, 'assets/topic/asb/25502.png', 'Parna was so happy caring for Blackie and the calf that he forgot about the rest of the cows.', NULL);
INSERT INTO `card` (id, type, title, header, content, option) VALUES ('21747_8', 3, NULL, 'assets/topic/asb/25503.png', 'He thought, "Father promised to give the calf to me if it is female."', NULL);
INSERT INTO `card` (id, type, title, header, content, option) VALUES ('21747_9', 3, NULL, 'assets/topic/asb/25504.png', 'As he daydreamed, a strong hand pulled him up.
Parna saw Uncle Teteyo and remembered, "Uncle, where are the cows?"', NULL);
INSERT INTO `card` (id, type, title, header, content, option) VALUES ('21747_10', 3, NULL, 'assets/topic/asb/25505.png', 'Uncle Teteyo replied, "Your mother found all the cows in the shed, except Blackie, and you.
She was afraid so she sent me to fetch you."', NULL);
INSERT INTO `card` (id, type, title, header, content, option) VALUES ('21747_11', 3, NULL, 'assets/topic/asb/25506.png', 'Parna excitedly told his uncle how Blackie gave birth to the beautiful calf.
Uncle Teteyo said, "I''ll carry the calf as you and Blackie follow."', NULL);
INSERT INTO `card` (id, type, title, header, content, option) VALUES ('21747_12', 3, NULL, 'assets/topic/asb/25507.png', 'Everyone was happy to see Parna, Blackie and the calf safe.', NULL);
INSERT INTO `card` (id, type, title, header, content, option) VALUES ('21747_13', 3, NULL, 'assets/topic/asb/25508.png', 'Parna asked his father, "Will you let me have the calf as you promised?"', NULL);
INSERT INTO `card` (id, type, title, header, content, option) VALUES ('21747_14', 3, NULL, 'assets/topic/asb/25509.png', '"Yes, my son, she is all yours. A promise is a promise."', NULL);
INSERT INTO `card` (id, type, title, header, content, option) VALUES ('21747_15', 3, NULL, NULL, 'You are free to download, copy, translate or adapt this story and use the illustrations as long as you attribute in the following way:
Parna''s calf
Author -
Soila Murianka
Illustration -
Jacob Kono
Language -
English
Level -
First sentences
© African Storybook Initiative 2017
Creative Commons: Attribution 4.0
Source
www.africanstorybook.org', NULL);
INSERT INTO `card` (id, type, title, header, content, option) VALUES ('2344', 2, 'The Honeyguide''s revenge', 'assets/topic/asb/1865.png', 'Zulu folktale
Wiehan de Jager', 'FFB3C8FF');
INSERT INTO `card` (id, type, title, header, content, option) VALUES ('2344_3', 3, NULL, NULL, 'This is the story of Ngede, the Honeyguide,  and a greedy young man named Gingile. One day while Gingile was out hunting he heard the call of Ngede. Gingile''s mouth began to water at the thought of honey. He stopped and listened carefully,  searching until he saw the bird in the branches above his head. "Chitik-chitik-chitik," the little bird rattled,  as he flew to the next tree,  and the next. "Chitik,  chitik,  chitik," he called,  stopping from time to time to be sure that Gingile followed.', NULL);
INSERT INTO `card` (id, type, title, header, content, option) VALUES ('2344_4', 3, NULL, 'assets/topic/asb/1866.png', 'After half an hour,  they reached a huge wild fig tree. Ngede hopped about madly among the branches. He then settled on one branch and cocked his head at Gingile as if to say,  "Here it is! Come now! What is taking you so long?" Gingile couldn''t see any bees from under the tree,  but he trusted Ngede.', NULL);
INSERT INTO `card` (id, type, title, header, content, option) VALUES ('2344_5', 3, NULL, 'assets/topic/asb/1867.png', 'After half an hour,  they reached a huge wild fig tree. Ngede hopped about madly among the branches. He then settled on one branch and cocked his head at Gingile as if to say,  "Here it is! Come now! What is taking you so long?" Gingile couldn''t see any bees from under the tree,  but he trusted Ngede.', NULL);
INSERT INTO `card` (id, type, title, header, content, option) VALUES ('2344_6', 3, NULL, 'assets/topic/asb/1588.png', 'So Gingile put down his hunting spear under the tree,  gathered some dry twigs and made a small fire. When the fire was burning well,  he put a long dry stick into the heart of the fire. This wood was especially known to make lots of smoke while it burned. He began climbing,  holding the cool end of the smoking stick in his teeth.', NULL);
INSERT INTO `card` (id, type, title, header, content, option) VALUES ('2344_7', 3, NULL, 'assets/topic/asb/1869.png', 'Soon he could hear the loud buzzing of the busy bees. They were coming in and out of a hollow in the tree trunk – their hive. When Gingile reached the hive he pushed the smoking end of the stick into the hollow. The bees came rushing out,  angry and mean. They flew away because they didn''t like the smoke – but not before they had given Gingile some painful stings!', NULL);
INSERT INTO `card` (id, type, title, header, content, option) VALUES ('2344_8', 3, NULL, 'assets/topic/asb/1870.png', 'When the bees were out,  Gingile pushed his hands into the nest. He took out handfuls of the heavy comb,  dripping with rich honey and full of fat,  white grubs. He put the comb carefully in the pouch he carried on his shoulder,  and started to climb down the tree.', NULL);
INSERT INTO `card` (id, type, title, header, content, option) VALUES ('2344_9', 3, NULL, 'assets/topic/asb/1871.png', 'Ngede eagerly watched everything that Gingile was doing. He was waiting for him to leave a fat piece of honeycomb as a thank-you offering to the Honeyguide. Ngede flittered from branch to branch,  closer and closer to the ground. Finally Gingile reached the bottom of the tree. Ngede perched on a rock near the boy and waited for his reward.', NULL);
INSERT INTO `card` (id, type, title, header, content, option) VALUES ('2344_10', 3, NULL, NULL, 'But,  Gingile put out the fire,  picked up his spear and started walking home,  ignoring the bird. Ngede called out angrily,  "VIC-torr! VIC-torrr!" Gingile stopped,  stared at the little bird and laughed aloud. "You want some honey,  do you,  my friend? Ha! But I did all the work,  and got all the stings. Why should I share any of this lovely honey with you?" Then he walked off. Ngede was furious! This was no way to treat him! But he would get his revenge.', NULL);
INSERT INTO `card` (id, type, title, header, content, option) VALUES ('2344_11', 3, NULL, 'assets/topic/asb/1872.png', NULL, NULL);
INSERT INTO `card` (id, type, title, header, content, option) VALUES ('2344_12', 3, NULL, NULL, 'One day several weeks later Gingile again heard the honey call of the Ngede. He remembered the delicious honey,  and eagerly followed the bird once again. After leading Gingile along the edge of the forest,  Ngede stopped to rest in a great umbrella thorn. "Ahh," thought Gingile. "The hive must be in this tree." He quickly made his small fire and began to climb,  the smoking branch in his teeth. Ngede sat and watched.', NULL);
INSERT INTO `card` (id, type, title, header, content, option) VALUES ('2344_13', 3, NULL, 'assets/topic/asb/1873.png', NULL, NULL);
INSERT INTO `card` (id, type, title, header, content, option) VALUES ('2344_14', 3, NULL, NULL, 'Gingile climbed,  wondering why he didn''t hear the usual buzzing. "Perhaps the hive is deep in the tree," he thought to himself. He pulled himself up another branch. But instead of the hive,  he was staring into the face of a leopard! Leopard was very angry at having her sleep so rudely interrupted. She narrowed her eyes,  opened her mouth to reveal her very large and very sharp teeth.', NULL);
INSERT INTO `card` (id, type, title, header, content, option) VALUES ('2344_15', 3, NULL, 'assets/topic/asb/1875.png', NULL, NULL);
INSERT INTO `card` (id, type, title, header, content, option) VALUES ('2344_16', 3, NULL, 'assets/topic/asb/1865.png', 'Before Leopard could take a swipe at Gingile,  he rushed down the tree. In his hurry he missed a branch,  and landed with a heavy thud on the ground twisting his ankle. He hobbled off as fast as he could. Luckily for him,  Leopard was still too sleepy to chase him. Ngede,  the Honeyguide,  had his revenge. And Gingile learned his lesson.', NULL);
INSERT INTO `card` (id, type, title, header, content, option) VALUES ('2344_17', 3, NULL, 'assets/topic/asb/1865.png', 'And so,  when the children of Gingile hear the story of Ngede they have respect for the little bird. Whenever they harvest honey,  they make sure to leave the biggest part of the comb for Honeyguide!', NULL);
INSERT INTO `card` (id, type, title, header, content, option) VALUES ('2344_18', 3, NULL, NULL, 'You are free to download, copy, translate or adapt this story and use the illustrations as long as you attribute in the following way:
The Honeyguide''s revenge
Author -
Zulu folktale
Illustration -
Wiehan de Jager
Language -
English
Level -
Read aloud
© African Storybook Initiative 2014
Creative Commons: Attribution 4.0
Source
www.africanstorybook.org', NULL);
INSERT INTO `card` (id, type, title, header, content, option) VALUES ('15942', 2, 'Grandma''s bananas', 'assets/topic/asb/1360.png', 'Ursula Nafula
Catherine Groenewald', 'FF9DEDE3');
INSERT INTO `card` (id, type, title, header, content, option) VALUES ('15942_3', 3, NULL, 'assets/topic/asb/1361.png', 'Grandma''s garden was wonderful. It was full of sorghum, millet, and cassava. But best of all were the bananas. Although Grandma had many grandchildren, I secretly knew that I was her favourite. She invited me often to her house. She also told me little secrets. But there was one secret she did not share with me. Where she ripened bananas.', NULL);
INSERT INTO `card` (id, type, title, header, content, option) VALUES ('15942_4', 3, NULL, 'assets/topic/asb/1360.png', 'One day I saw a big straw basket placed in the sun outside Grandma''s house. When I asked what it was for, the only answer I got was, "It''s my magic basket." Next to the basket, there were several banana leaves that Grandma turned from time to time. I was curious. "What are the leaves for, Grandma?" I asked. The only answer I got was, "They are my magic leaves."', NULL);
INSERT INTO `card` (id, type, title, header, content, option) VALUES ('15942_5', 3, NULL, 'assets/topic/asb/1362.png', 'It was so interesting watching Grandma, the bananas, the banana leaves and the big straw basket. But Grandma sent me off to my mother on an errand. "Grandma, please, let me watch as you prepare." "Don''t be stubborn, child, do as you are told," she insisted. I took off running.', NULL);
INSERT INTO `card` (id, type, title, header, content, option) VALUES ('15942_6', 3, NULL, 'assets/topic/asb/1363.png', 'When I returned, Grandma was sitting outside but with neither the basket nor the bananas. "Grandma,  where is the basket, where are all the bananas, and where..." But the only answer I got was, "They are in my magic place." It was so disappointing!', NULL);
INSERT INTO `card` (id, type, title, header, content, option) VALUES ('15942_7', 3, NULL, 'assets/topic/asb/1364.png', 'Two days later, Grandma sent me to fetch her walking stick from her bedroom. As soon as I opened the door, I was welcomed by the strong smell of ripening bananas. In the inner room was grandma''s big magic straw basket. It was well hidden by an old blanket. I lifted it and sniffed that glorious smell.', NULL);
INSERT INTO `card` (id, type, title, header, content, option) VALUES ('15942_8', 3, NULL, 'assets/topic/asb/1366.png', 'Grandma''s voice startled me when she called, "What are you doing? Hurry up and bring me the stick." I hurried out with her walking stick. "What are you smiling about?" Grandma asked. Her question made me realise that I was still smiling at the discovery of her magic place.', NULL);
INSERT INTO `card` (id, type, title, header, content, option) VALUES ('15942_9', 3, NULL, 'assets/topic/asb/1368.png', 'The following day when Grandma came to visit my mother, I rushed to her house to check the bananas once more. There was a bunch of very ripe ones. I picked one and hid it in my dress. After covering the basket again, I went behind the house and quickly ate the banana. It was the sweetest banana I had ever tasted.', NULL);
INSERT INTO `card` (id, type, title, header, content, option) VALUES ('15942_10', 3, NULL, 'assets/topic/asb/1369.png', 'The following day, when Grandma was in the garden picking vegetables, I sneaked in and peered at the bananas. Nearly all were ripe. I couldn''t help taking a bunch of four. As I tiptoed towards the door, I heard Grandma coughing outside. I just managed to hide the bananas under my dress and walked past her.', NULL);
INSERT INTO `card` (id, type, title, header, content, option) VALUES ('15942_11', 3, NULL, 'assets/topic/asb/1370.png', 'The following day was market day. Grandma woke up early. She always took ripe bananas and cassava to sell at the market. I did not hurry to visit her that day. But I could not avoid her for long.', NULL);
INSERT INTO `card` (id, type, title, header, content, option) VALUES ('15942_12', 3, NULL, 'assets/topic/asb/1371.png', 'Later that evening I was called by my mother and father, and Grandma. I knew why. That night as I lay down to sleep, I knew I could never steal again. Not from grandma, not from my parents, and certainly not from anyone else.', NULL);
INSERT INTO `card` (id, type, title, header, content, option) VALUES ('15942_13', 3, NULL, NULL, 'You are free to download, copy, translate or adapt this story and use the illustrations as long as you attribute in the following way:
Grandma''s bananas
Author -
Ursula Nafula
Illustration -
Catherine Groenewald
Language -
English
Level -
Longer paragraphs
© African Storybook Initiative 2014
Creative Commons: Attribution 4.0
Source
www.africanstorybook.org', NULL);
INSERT INTO `card` (id, type, title, header, content, option) VALUES ('7877', 2, 'Too small', 'assets/topic/asb/2282.png', 'Media Matters
Sandy Lightly', 'FFB3C8FF');
INSERT INTO `card` (id, type, title, header, content, option) VALUES ('7877_3', 3, NULL, 'assets/topic/asb/2283.png', '"Mom," calls Lebo. "Come and look. These clothes are all too small for me!" "Let me see," says Mom.', NULL);
INSERT INTO `card` (id, type, title, header, content, option) VALUES ('7877_4', 3, NULL, 'assets/topic/asb/2284.png', '"Look at my skirt. It''s too small," says Lebo. "Yes,  it is," says Mom. "Nomsa can have your skirt."', NULL);
INSERT INTO `card` (id, type, title, header, content, option) VALUES ('7877_5', 3, NULL, 'assets/topic/asb/2285.png', '"Look at my jeans. They''re too small," says Lebo. "Yes,  they are," says Mom.  "Nomsa can have your jeans."', NULL);
INSERT INTO `card` (id, type, title, header, content, option) VALUES ('7877_6', 3, NULL, 'assets/topic/asb/2286.png', '"Look at my T-shirt. It''s too small," says Lebo. "Yes,  it is," says Mom. "Nomsa can have your T-shirt."', NULL);
INSERT INTO `card` (id, type, title, header, content, option) VALUES ('7877_7', 3, NULL, 'assets/topic/asb/2287.png', '"Look at my jersey. It''s too small," says Lebo. "Yes,  it is," says Mom. "Nomsa can have your jersey."', NULL);
INSERT INTO `card` (id, type, title, header, content, option) VALUES ('7877_8', 3, NULL, 'assets/topic/asb/2288.png', '"Look at my raincoat. It''s too small," says Lebo. "Yes,  it is," says Mom. "Nomsa can have your raincoat."', NULL);
INSERT INTO `card` (id, type, title, header, content, option) VALUES ('7877_9', 3, NULL, 'assets/topic/asb/2289.png', '"Look at my socks. They''re too small," says Lebo. "Yes,  they are," says Mom. "Nomsa can have your socks."', NULL);
INSERT INTO `card` (id, type, title, header, content, option) VALUES ('7877_10', 3, NULL, 'assets/topic/asb/2290.png', '"Look at my shoes. They''re too small," says Lebo. "Yes,  they are," says Mom. "Nomsa can have your shoes."', NULL);
INSERT INTO `card` (id, type, title, header, content, option) VALUES ('7877_11', 3, NULL, 'assets/topic/asb/2291.png', '"Now you have lots of clothes," says Lebo. "Oh no I don''t," says Nomsa. "These clothes are all too big for me!"', NULL);
INSERT INTO `card` (id, type, title, header, content, option) VALUES ('7877_12', 3, NULL, NULL, 'You are free to download, copy, translate or adapt this story and use the illustrations as long as you attribute in the following way:
Too small
Author -
Media Matters
Illustration -
Sandy Lightly
Language -
English
Level -
First sentences
© African Reading Matters 2003
Creative Commons: Attribution-Non Commercial 3.0
Source
www.africanstorybook.org
Original source
www.read.org.za', NULL);
INSERT INTO `card` (id, type, title, header, content, option) VALUES ('9684', 2, 'Graca''s dream', 'assets/topic/asb/8850.png', 'Melissa Fagan
Karlien de Villiers and Marike le Roux', 'FFB3C8FF');
INSERT INTO `card` (id, type, title, header, content, option) VALUES ('9684_3', 3, NULL, 'assets/topic/asb/8852.png', 'Graça was about to be born in a small village in Mozambique. The country was poor and the people did not yet rule themselves. Children didn''t have good schools and many couldn''t read. Graça''s mother dreamed of giving her children better opportunities. But without education there was little hope.', NULL);
INSERT INTO `card` (id, type, title, header, content, option) VALUES ('9684_4', 3, NULL, 'assets/topic/asb/8853.png', 'Baby Graça would be the sixth child. But with this joyous event there was great sadness. Their beloved father was dying. He dreamed that his youngest daughter would go to a good school. He knew that education would give her opportunities he never had. His family promised to make their dad''s dream come true.', NULL);
INSERT INTO `card` (id, type, title, header, content, option) VALUES ('9684_5', 3, NULL, 'assets/topic/asb/8854.png', 'Just weeks after their dad died,  the new baby was born. She was given a name to match the beauty and blessing that she was – Graça. As the years passed,  Graça brought much joy to her family and they kept the promise made to their father. Graça would have a good education.', NULL);
INSERT INTO `card` (id, type, title, header, content, option) VALUES ('9684_6', 3, NULL, 'assets/topic/asb/8855.png', 'Graça worked hard at school and as a teenager she received a gift that would change her life. It was a scholarship to attend a rich city school.   She dreamed of becoming a teacher and using her education to educate others. She wanted the children of her beloved Mozambique to know reading and learning. She dreamed of a time when all children would go to school.', NULL);
INSERT INTO `card` (id, type, title, header, content, option) VALUES ('9684_7', 3, NULL, 'assets/topic/asb/8856.png', 'Graça did her best in that city school and years later she was blessed again. It was another scholarship to attend a university in faraway Portugal. She met new friends,  learned new languages and read a bounty of books. She realised her dream of becoming a teacher.   All this made Graça very happy. There was only one thing that still made her sad.', NULL);
INSERT INTO `card` (id, type, title, header, content, option) VALUES ('9684_8', 3, NULL, 'assets/topic/asb/8857.png', 'Back at home people were still not free. But now Graça had an education,  skills,  and hope. She also had friends who felt as she did about children''s right to learn. She would use her knowledge and work with her friends. Together they would bring change to Mozambique.', NULL);
INSERT INTO `card` (id, type, title, header, content, option) VALUES ('9684_9', 3, NULL, 'assets/topic/asb/8858.png', 'Finally with the help of all her friends,  Mozambique was free!', NULL);
INSERT INTO `card` (id, type, title, header, content, option) VALUES ('9684_10', 3, NULL, 'assets/topic/asb/8859.png', 'The man chosen to lead the country was Graça''s friend,  Samora Machel. They fell in love and got married.', NULL);
INSERT INTO `card` (id, type, title, header, content, option) VALUES ('9684_11', 3, NULL, 'assets/topic/asb/8860.png', 'Graça was given the important job of making sure that all children in Mozambique got a good education. It was a hard job because there were so many children in Mozambique who couldn''t read. She knew that they needed education and wanted to make real change in her country. She started with primary schools and getting boys and girls into classrooms. Literacy was her focus and putting books into children''s hands.', NULL);
INSERT INTO `card` (id, type, title, header, content, option) VALUES ('9684_12', 3, NULL, 'assets/topic/asb/8861.png', 'Graça and Samora had two children. They shared a dream to create good lives for their own family and for the Mozambican people. They were happy and hopeful.   Then one terrible day,  Samora died in an aeroplane crash.', NULL);
INSERT INTO `card` (id, type, title, header, content, option) VALUES ('9684_13', 3, NULL, 'assets/topic/asb/8862.png', 'Graça mourned Samora for many years,  but she found love again. She met a man who had also spent his life dreaming of bringing freedom,  hope and education to his people.   Graça married Nelson Mandela and together they worked to help Africa''s children.', NULL);
INSERT INTO `card` (id, type, title, header, content, option) VALUES ('9684_14', 3, NULL, 'assets/topic/asb/8863.png', NULL, NULL);
INSERT INTO `card` (id, type, title, header, content, option) VALUES ('9684_15', 3, NULL, NULL, 'You are free to download, copy, translate or adapt this story and use the illustrations as long as you attribute in the following way:
Graca''s dream
Author -
Melissa Fagan
Illustration -
Karlien de Villiers and Marike le Roux
Language -
English
Level -
Read aloud
© Melissa Fagan, Karlien De Villiers, Marike Le Roux and Bookdash.org 2014
Creative Commons: Attribution 4.0
Source
www.africanstorybook.org
Original source
www.bookdash.org', NULL);
INSERT INTO `card` (id, type, title, header, content, option) VALUES ('15616', 2, 'Elephant and Chameleon', 'assets/topic/asb/9461.png', 'Stella Badaru
 Wiehan de Jager', 'FFB3C8FF');
INSERT INTO `card` (id, type, title, header, content, option) VALUES ('15616_3', 3, NULL, 'assets/topic/asb/9457.png', 'Once upon a time in a big palace,  there lived a king and his beautiful daughter,  the princess.', NULL);
INSERT INTO `card` (id, type, title, header, content, option) VALUES ('15616_4', 3, NULL, 'assets/topic/asb/9458.png', 'Elephant lived in a house on one side of the palace. Chameleon lived on the other side.', NULL);
INSERT INTO `card` (id, type, title, header, content, option) VALUES ('15616_5', 3, NULL, 'assets/topic/asb/9459.png', 'At this time,  there was a terrible drought across the land. The king had an idea and called his two neighbours to the palace.', NULL);
INSERT INTO `card` (id, type, title, header, content, option) VALUES ('15616_6', 3, NULL, 'assets/topic/asb/9460.png', 'The kind said to Elephant and Chameleon,  "I want you to stomp on the ground with your feet until water comes out." The king promised the princess in marriage to the one who succeeded.', NULL);
INSERT INTO `card` (id, type, title, header, content, option) VALUES ('15616_7', 3, NULL, 'assets/topic/asb/9461.png', 'Chameleon had no hope since he was very small. Elephant was extremely happy since he was so big and powerful. Elephant went to the field and started stomping on the ground.', NULL);
INSERT INTO `card` (id, type, title, header, content, option) VALUES ('15616_8', 3, NULL, 'assets/topic/asb/9462.png', 'A lot of dust came,  but no water. Elephant stomped on the ground until water was almost coming out,  but he was too tired. He gave Chameleon a chance to try.', NULL);
INSERT INTO `card` (id, type, title, header, content, option) VALUES ('15616_9', 3, NULL, 'assets/topic/asb/9463.png', 'Chameleon started stomping on the ground. After a short while,  water came out. People could not believe their eyes!', NULL);
INSERT INTO `card` (id, type, title, header, content, option) VALUES ('15616_10', 3, NULL, 'assets/topic/asb/9464.png', 'So the King gave the beautiful princess to Chameleon. Elephant went home annoyed.', NULL);
INSERT INTO `card` (id, type, title, header, content, option) VALUES ('15616_11', 3, NULL, NULL, 'You are free to download, copy, translate or adapt this story and use the illustrations as long as you attribute in the following way:
Elephant and Chameleon
Author -
Stella Badaru
Illustration -
Wiehan de Jager
Language -
English
Level -
First paragraphs
© African Storybook Initiative 2015
Creative Commons: Attribution 4.0
Source
www.africanstorybook.org', NULL);
INSERT INTO `card` (id, type, title, header, content, option) VALUES ('9480', 2, 'The Elephant and the Frogs', 'assets/topic/asb/8197.png', 'Mozambican folktale
Amir Bachir António Necas', 'FF9DEDE3');
INSERT INTO `card` (id, type, title, header, content, option) VALUES ('9480_3', 3, NULL, 'assets/topic/asb/8195.png', 'A long time ago,  the king of the bush was Mr Lion.', NULL);
INSERT INTO `card` (id, type, title, header, content, option) VALUES ('9480_4', 3, NULL, 'assets/topic/asb/8196.png', 'He sent his animals to stop the noise coming from a small lake in the bush. But they did not succeed!', NULL);
INSERT INTO `card` (id, type, title, header, content, option) VALUES ('9480_5', 3, NULL, 'assets/topic/asb/8197.png', 'An elephant volunteered to stop it. The elephant was sent out as a guard.', NULL);
INSERT INTO `card` (id, type, title, header, content, option) VALUES ('9480_6', 3, NULL, 'assets/topic/asb/8198.png', 'At midnight the noise began and the elephant started killing the frogs. He did the same thing the next day.', NULL);
INSERT INTO `card` (id, type, title, header, content, option) VALUES ('9480_7', 3, NULL, 'assets/topic/asb/8199.png', 'After a couple of weeks,  King Lion was happy because the elephant had stopped the noise.', NULL);
INSERT INTO `card` (id, type, title, header, content, option) VALUES ('9480_8', 3, NULL, 'assets/topic/asb/8200.png', 'But about a month later,  they saw a lot of insects on their farm.', NULL);
INSERT INTO `card` (id, type, title, header, content, option) VALUES ('9480_9', 3, NULL, 'assets/topic/asb/8201.png', 'King Lion asked the elephant to call the frogs to come and eat the insects.', NULL);
INSERT INTO `card` (id, type, title, header, content, option) VALUES ('9480_10', 3, NULL, 'assets/topic/asb/8202.png', 'The elephant was very nervous because he had killed all of them. He said,  "Sorry,  sorry,  I k- k- k- killed them!"', NULL);
INSERT INTO `card` (id, type, title, header, content, option) VALUES ('9480_11', 3, NULL, 'assets/topic/asb/8203.png', 'Then King Lion said: Elephant,  I asked you to stop the noise,  not to kill the frogs. And the elephant was put in prison for many years!', NULL);
INSERT INTO `card` (id, type, title, header, content, option) VALUES ('9480_12', 3, NULL, 'assets/topic/asb/8195.png', 'And the king told all the animals to always do exactly what he said.', NULL);
INSERT INTO `card` (id, type, title, header, content, option) VALUES ('9480_13', 3, NULL, NULL, 'You are free to download, copy, translate or adapt this story and use the illustrations as long as you attribute in the following way:
The Elephant and the Frogs
Author -
Mozambican folktale
Illustration -
Amir Bachir António Necas
Language -
English
Level -
First sentences
© Mozambican Writers 2014
Creative Commons: Attribution 4.0
Source
www.africanstorybook.org', NULL);
INSERT INTO `card` (id, type, title, header, content, option) VALUES ('21621', 2, 'Clever brother', 'assets/topic/asb/19342.png', 'Mulualem Daba and Elizabeth Laird
Tadesse Teshome', 'FFF4E1B5');
INSERT INTO `card` (id, type, title, header, content, option) VALUES ('21621_3', 3, NULL, 'assets/topic/asb/19349.png', 'Once upon a time,  there was a man who had three sons. The youngest son was the cleverest and his father liked him the most. Then the man realised that his two other sons were jealous. So when the father died,  he left all his cattle to his two elder sons. He only left one ox for the youngest son. But the brothers were still jealous of him.', NULL);
INSERT INTO `card` (id, type, title, header, content, option) VALUES ('21621_4', 3, NULL, 'assets/topic/asb/19340.png', 'One day they said,  "We''ve got to slaughter your ox." He was the youngest so he couldn''t protest. He said,  "If that must be so,  there''s nothing I can do. But please give me the hide." When they slaughtered the ox,  he took the hide. After drying it,  he climbed a tree with it.', NULL);
INSERT INTO `card` (id, type, title, header, content, option) VALUES ('21621_5', 3, NULL, 'assets/topic/asb/19351.png', 'As it got darker,  a group of merchants came to sleep under the tree. In the middle of the night,  the young man started beating the hide with a stick. When the stick hit the hide it sounded like thunder. The merchants thought that a storm was coming. They ran off leaving their goods behind.', NULL);
INSERT INTO `card` (id, type, title, header, content, option) VALUES ('21621_6', 3, NULL, 'assets/topic/asb/19345.png', 'The young man picked up the goods and took them home to his brothers. They asked,  "Where did you get all these things?"  He said,  "The price of hides is so expensive that I got all this for my one hide."', NULL);
INSERT INTO `card` (id, type, title, header, content, option) VALUES ('21621_7', 3, NULL, 'assets/topic/asb/19348.png', 'The brothers quickly slaughtered their cattle. They went to the market and called,  "Hides for sale! Hides for sale!"  The people at the market said,  "We don''t want your hides!" They were very angry and said to their brother,  "You fooled us,  so as a punishment,  we''re going to burn your hut."', NULL);
INSERT INTO `card` (id, type, title, header, content, option) VALUES ('21621_8', 3, NULL, 'assets/topic/asb/19342.png', 'The smart brother said,  "There''s nothing I can do,  but please give me the ashes." They burnt his hut. He took the ashes in a bag and went away to a rich man''s hut. The rich man gave him permission to sleep in his hut. When he was going to eat,  he said to the rich man,  "Look after this bag,  it has got a lot of valuables."', NULL);
INSERT INTO `card` (id, type, title, header, content, option) VALUES ('21621_9', 3, NULL, 'assets/topic/asb/19341.png', 'In the morning he started shouting. The rich man went to ask him what was wrong. "Someone has taken all my valuables and replaced them with ashes!" moaned the young man. The rich man didn''t want his reputation to be ruined. So he said,  "I''ll fill it up with anything you want." He filled it with wheat,  teff and all sorts of seeds.', NULL);
INSERT INTO `card` (id, type, title, header, content, option) VALUES ('21621_10', 3, NULL, 'assets/topic/asb/19347.png', 'The brother went home and said,  "Look,  ashes have become very expensive. See what I managed to buy from selling those ashes." The brothers went and burnt their huts as well. They took the ashes to the market and shouted,  "Ashes for sale! Ashes for sale!"  Everybody said,  "How stupid you are,  who''ll buy ashes?"', NULL);
INSERT INTO `card` (id, type, title, header, content, option) VALUES ('21621_11', 3, NULL, 'assets/topic/asb/19344.png', 'The brothers were very angry and decided to kill their younger brother. They tied him up and put him in a basket so that they could throw him over a cliff. While they were carrying the basket to the cliff,  they met an old man. He said to them,  "My cattle have run away,  will you bring them back for me?" The brothers put down the basket and ran off.', NULL);
INSERT INTO `card` (id, type, title, header, content, option) VALUES ('21621_12', 3, NULL, 'assets/topic/asb/19350.png', 'The young man called from inside the basket to the old man. He asked,  "What''s wrong with you?" The young man replied,  "They want me to become a king but I don''t want to be one." The old man said,  "If I get into the basket will I become king?" And the young man answered,  "Yes."', NULL);
INSERT INTO `card` (id, type, title, header, content, option) VALUES ('21621_13', 3, NULL, 'assets/topic/asb/19343.png', 'The old man let the young man out of the basket and he got inside. After the brothers returned with the cattle,  they picked up the basket and threw it over the cliff. The young brother took the old man''s cattle back to his hut. His brothers were amazed that he was still alive,  but all they said was,  "Where did you get these cattle?"', NULL);
INSERT INTO `card` (id, type, title, header, content, option) VALUES ('21621_14', 3, NULL, 'assets/topic/asb/19346.png', 'He said,  "There are many cattle at the bottom of the cliffs. If you jump off the cliffs in baskets,  you will find some too." The older brothers got into baskets. The clever brother threw the baskets over the cliffs. He lived happily ever after.', NULL);
INSERT INTO `card` (id, type, title, header, content, option) VALUES ('21621_15', 3, NULL, NULL, 'You are free to download, copy, translate or adapt this story and use the illustrations as long as you attribute in the following way:
Clever brother
Author -
Merga Debelo and Elizabeth Laird
Translation -
Mulualem Daba and Elizabeth Laird
Illustration -
Tadesse Teshome
Language -
English
Level -
Longer paragraphs
© African Storybook Initiative 2016
Creative Commons: Attribution 4.0
Source
www.africanstorybook.org
Original source
www.ethiopianfolktales.com', NULL);
INSERT INTO `card` (id, type, title, header, content, option) VALUES ('12687', 2, 'The girl who got rich', 'assets/topic/asb/9239.png', 'Salaama Wanale
Mango Tree', 'FFCFB5DD');
INSERT INTO `card` (id, type, title, header, content, option) VALUES ('12687_3', 3, NULL, 'assets/topic/asb/9230.png', 'Once upon a time, there lived two sisters, Nelima and Nambuya. Their parents were dead. They lived on bare land. There was neither rain nor crops. Whoever wanted food had to go a long distance to find it.', NULL);
INSERT INTO `card` (id, type, title, header, content, option) VALUES ('12687_4', 3, NULL, 'assets/topic/asb/9231.png', 'Nelima was a humble, quiet and helpful girl. Her sister Nambuya was proud and did not listen to advice. She did not care about other people.', NULL);
INSERT INTO `card` (id, type, title, header, content, option) VALUES ('12687_5', 3, NULL, 'assets/topic/asb/9232.png', 'One day, the two sisters had nothing to eat. They would have to look for food. So Nelima and Nambuya went off in different directions.', NULL);
INSERT INTO `card` (id, type, title, header, content, option) VALUES ('12687_6', 3, NULL, 'assets/topic/asb/9233.png', 'Meanwhile, there lived an old woman called Netasile. She was believed to be a giver of riches. Netasile had leprosy and her body was full of sores.', NULL);
INSERT INTO `card` (id, type, title, header, content, option) VALUES ('12687_7', 3, NULL, 'assets/topic/asb/9234.png', 'Nambuya came across Netasile. Netasile called the Nambuya, "My daughter, how are you? Where do you come from? Where are you going?"', NULL);
INSERT INTO `card` (id, type, title, header, content, option) VALUES ('12687_8', 3, NULL, 'assets/topic/asb/9235.png', 'Nambuya answered all the questions. Then the Netasile said, "Come help me to go to my house and I will tell you what to do."', NULL);
INSERT INTO `card` (id, type, title, header, content, option) VALUES ('12687_9', 3, NULL, 'assets/topic/asb/9237.png', 'Nambuya was rude to the woman. She said, "I would rather die than touch those sores of yours." Netasile kept quiet and wished Nambuya a safe journey.', NULL);
INSERT INTO `card` (id, type, title, header, content, option) VALUES ('12687_10', 3, NULL, 'assets/topic/asb/9236.png', 'Nambuya walked for a long time. She reached a place where there were snakes, millipedes, caterpillars and other insects. She was very tired and weak from hunger. When she sat down to rest, she fell asleep. The insects began to bite her.', NULL);
INSERT INTO `card` (id, type, title, header, content, option) VALUES ('12687_11', 3, NULL, 'assets/topic/asb/9238.png', 'On her journey, Nelima came to the same old woman. She was happy to see Netasile, who was the first person she met since starting her journey. Netasile asked the same questions as she asked Nambuya.', NULL);
INSERT INTO `card` (id, type, title, header, content, option) VALUES ('12687_12', 3, NULL, 'assets/topic/asb/9239.png', 'Nelima agreed to help Netasile. "You have done what others failed to do," said the old woman. She told Nelima to go back home. There she would find everything she wanted.', NULL);
INSERT INTO `card` (id, type, title, header, content, option) VALUES ('12687_13', 3, NULL, 'assets/topic/asb/9240.png', 'Nelima was very grateful and thanked the old woman. She ran back home and found a new house with everything in it, and a lot of food. She was now rich.', NULL);
INSERT INTO `card` (id, type, title, header, content, option) VALUES ('12687_14', 3, NULL, 'assets/topic/asb/9241.png', 'But Nelima mourned the loss of her sister, Nambuya.
She said to herself, "One who did not listen to advice ended up in an elephant''s mouth."', NULL);
INSERT INTO `card` (id, type, title, header, content, option) VALUES ('12687_15', 3, NULL, NULL, 'You are free to download, copy, translate or adapt this story and use the illustrations as long as you attribute in the following way:
The girl who got rich
Author -
Salaama Wanale
Translation -
Salaama Wanale
Illustration -
Mango Tree
Language -
English
Level -
First paragraphs
© African Storybook Initiative 2015
Creative Commons: Attribution 4.0
Source
www.africanstorybook.org', NULL);
INSERT INTO `card` (id, type, title, header, content, option) VALUES ('15712', 2, 'Cow with one horn', 'assets/topic/asb/9612.png', 'Khothatso Ranoosi and Marion Drew
Marion Drew', 'FFCFB5DD');
INSERT INTO `card` (id, type, title, header, content, option) VALUES ('15712_3', 3, NULL, 'assets/topic/asb/9613.png', 'Heeeee! There is a beautiful cow at home.', NULL);
INSERT INTO `card` (id, type, title, header, content, option) VALUES ('15712_4', 3, NULL, 'assets/topic/asb/9614.png', 'It has only one horn,  and no tail.', NULL);
INSERT INTO `card` (id, type, title, header, content, option) VALUES ('15712_5', 3, NULL, 'assets/topic/asb/9615.png', 'It is fat,  with a big stomach.', NULL);
INSERT INTO `card` (id, type, title, header, content, option) VALUES ('15712_6', 3, NULL, 'assets/topic/asb/9616.png', 'It is a powerful cow.', NULL);
INSERT INTO `card` (id, type, title, header, content, option) VALUES ('15712_7', 3, NULL, 'assets/topic/asb/9617.png', 'The shepherd loves this cow the most.', NULL);
INSERT INTO `card` (id, type, title, header, content, option) VALUES ('15712_8', 3, NULL, 'assets/topic/asb/9618.png', 'When the other cattle graze,  this one eats alone.', NULL);
INSERT INTO `card` (id, type, title, header, content, option) VALUES ('15712_9', 3, NULL, 'assets/topic/asb/9619.png', 'This cow is a fighter. Other cows leave it alone.', NULL);
INSERT INTO `card` (id, type, title, header, content, option) VALUES ('15712_10', 3, NULL, 'assets/topic/asb/9620.png', 'If you met such a cow,  what would you do?', NULL);
INSERT INTO `card` (id, type, title, header, content, option) VALUES ('15712_11', 3, NULL, NULL, 'You are free to download, copy, translate or adapt this story and use the illustrations as long as you attribute in the following way:
Cow with one horn
Author -
Sebongile Daniel, Mpho Ntlhanngoe and Khothatso Ranoosi
Translation -
Khothatso Ranoosi and Marion Drew
Illustration -
Marion Drew
Language -
English
Level -
First words
© African Storybook Initiative 2014
Creative Commons: Attribution 4.0
Source
www.africanstorybook.org
Original source
http://paleng.weebly.com/,', NULL);
INSERT INTO `card` (id, type, title, header, content, option) VALUES ('24042', 2, 'A Cow is my Friend', 'assets/topic/asb/6379.png', 'Frista and Fatima
Felicity Bell and Marleen Visser', 'FF9DEDE3');
INSERT INTO `card` (id, type, title, header, content, option) VALUES ('24042_3', 3, NULL, 'assets/topic/asb/6373.png', 'Mother cow cow,  I like you cow.', NULL);
INSERT INTO `card` (id, type, title, header, content, option) VALUES ('24042_4', 3, NULL, 'assets/topic/asb/6376.png', 'Yesterday you gave me milk.', NULL);
INSERT INTO `card` (id, type, title, header, content, option) VALUES ('24042_5', 3, NULL, NULL, 'My father buys meat every Saturday.', NULL);
INSERT INTO `card` (id, type, title, header, content, option) VALUES ('24042_6', 3, NULL, 'assets/topic/asb/6105.png', 'Mummy has a nice bag, and I have very good shoes.', NULL);
INSERT INTO `card` (id, type, title, header, content, option) VALUES ('24042_7', 3, NULL, NULL, 'You are free to download, copy, translate or adapt this story and use the illustrations as long as you attribute in the following way:
A Cow is my Friend
Author -
Frista and Fatima
Illustration -
Felicity Bell and Marleen Visser
Language -
English
Level -
First words
© Frista and Fatima 2014
Creative Commons: Attribution 4.0
Source
www.africanstorybook.org', NULL);
INSERT INTO `card` (id, type, title, header, content, option) VALUES ('3003', 2, 'Market cows', 'assets/topic/asb/1607.png', 'Ursula Nafula
Catherine Groenewald', 'FF9DEDE3');
INSERT INTO `card` (id, type, title, header, content, option) VALUES ('3003_3', 3, NULL, 'assets/topic/asb/1608.png', 'Everybody knew that Mama Schola liked to shout a lot.', NULL);
INSERT INTO `card` (id, type, title, header, content, option) VALUES ('3003_4', 3, NULL, 'assets/topic/asb/1609.png', 'That day,  it was about cows at the market. "Push these silly cows away," she said. "They are eating my vegetables."', NULL);
INSERT INTO `card` (id, type, title, header, content, option) VALUES ('3003_5', 3, NULL, 'assets/topic/asb/1609.png', '"Hey you there! Push these silly cows away from here," she insisted. "They are eating my clothes."', NULL);
INSERT INTO `card` (id, type, title, header, content, option) VALUES ('3003_6', 3, NULL, 'assets/topic/asb/1610.png', '"Where is the owner of these silly cows?" she shouted. "They are eating my grains."', NULL);
INSERT INTO `card` (id, type, title, header, content, option) VALUES ('3003_7', 3, NULL, 'assets/topic/asb/1611.png', 'Sorimpan,  the herd boy,  had just gone to drink water at a tap when his cows wandered off to the market. He hid away,  squatting in fear,  when he heard the shouting woman.', NULL);
INSERT INTO `card` (id, type, title, header, content, option) VALUES ('3003_8', 3, NULL, 'assets/topic/asb/1612.png', '"Now look what these silly cows have done!" she continued to shout. "They have broken my beautiful pots."', NULL);
INSERT INTO `card` (id, type, title, header, content, option) VALUES ('3003_9', 3, NULL, 'assets/topic/asb/1613.png', 'A short time later,  "Aah! Not again!" she was heard saying. "I will report this matter to the police. These silly cows have knocked down my fruit stand."', NULL);
INSERT INTO `card` (id, type, title, header, content, option) VALUES ('3003_10', 3, NULL, 'assets/topic/asb/1614.png', 'Sorimpan finally came out stick in hand,  dodged between the gathering crowds and managed to get a clear view of his cows. Sorimpan''s cows knew him well so they turned and looked up at him as he appeared!', NULL);
INSERT INTO `card` (id, type, title, header, content, option) VALUES ('3003_11', 3, NULL, 'assets/topic/asb/1617.png', 'At this point,  the big crowd of onlookers of men,  women and even children all stared at the cows which paid attention only to Sorimpan.', NULL);
INSERT INTO `card` (id, type, title, header, content, option) VALUES ('3003_12', 3, NULL, 'assets/topic/asb/1607.png', 'Suddenly,  the cows broke their silence! They began to talk all at the same time,  criticising the people!', NULL);
INSERT INTO `card` (id, type, title, header, content, option) VALUES ('3003_13', 3, NULL, 'assets/topic/asb/1608.png', 'The crowds were shocked and stepped back one by one,  afraid of the cows. Then the cows stopped talking and watched the crowd in amazement! But Mama Schola was heard saying,  "Since when did cows meddle in our market businesses?"', NULL);
INSERT INTO `card` (id, type, title, header, content, option) VALUES ('3003_14', 3, NULL, 'assets/topic/asb/1617.png', 'It was Mama Schola''s turn to be criticised by the cows! All the other women selling moved to stand with Mama Schola out of fear.', NULL);
INSERT INTO `card` (id, type, title, header, content, option) VALUES ('3003_15', 3, NULL, 'assets/topic/asb/1618.png', 'The cows criticised the women,  commenting on the state of their vegetables,  saying,  "What kind of vegetables are these? They are all old and drying up!"', NULL);
INSERT INTO `card` (id, type, title, header, content, option) VALUES ('3003_16', 3, NULL, 'assets/topic/asb/1619.png', 'It was clear that the cows were not yet done! They turned round and faced the cloth-stand and shouted,  "You say we eat your clothes,  what clothes? You mean these old rugs! Who will buy them?"', NULL);
INSERT INTO `card` (id, type, title, header, content, option) VALUES ('3003_17', 3, NULL, 'assets/topic/asb/1620.png', 'The cows then moved to the next stand and everybody followed them with their eyes. "Your grains are full of weevils. Who wants to eat that! We only tasted to see if this is a place to come more often!" the cows sneered.', NULL);
INSERT INTO `card` (id, type, title, header, content, option) VALUES ('3003_18', 3, NULL, 'assets/topic/asb/1621.png', '"And you Mama Schola," the cows continued,  "stop making noise. You talk of these cracked pots?" The cows turned their heads towards Mama Schola''s pots. "They are no good,  they break so easily,  so don''t blame us." With that,  the cows turned and left,  followed closely by Sorimpan.', NULL);
INSERT INTO `card` (id, type, title, header, content, option) VALUES ('3003_19', 3, NULL, NULL, 'You are free to download, copy, translate or adapt this story and use the illustrations as long as you attribute in the following way:
Market cows
Author -
Ursula Nafula
Illustration -
Catherine Groenewald
Language -
English
Level -
Longer paragraphs
© African Storybook Initiative, 2014  2014
Creative Commons: Attribution 4.0
Source
www.africanstorybook.org', NULL);
INSERT INTO `card` (id, type, title, header, content, option) VALUES ('22531', 2, 'Drum', 'assets/topic/asb/25948.png', 'Owino Ogot
Salim Kasamba', 'FFF4E1B5');
INSERT INTO `card` (id, type, title, header, content, option) VALUES ('22531_3', 3, NULL, 'assets/topic/asb/25947.png', 'The drum has always been an important musical instrument in our community. We love drums!
We have drums of different sizes: big, medium-sized and small.', NULL);
INSERT INTO `card` (id, type, title, header, content, option) VALUES ('22531_4', 3, NULL, 'assets/topic/asb/25948.png', 'We play drums using beaters, or with our fingers.
We play drums for various reasons. We play drums with songs and dances, for feasts and in bad times.', NULL);
INSERT INTO `card` (id, type, title, header, content, option) VALUES ('22531_5', 3, NULL, 'assets/topic/asb/25949.png', 'Drums enrich songs and make people want to dance. Drums make ceremonies colourful.
We play drums during ceremonies for marriage and child naming. We play drums when celebrating a new harvest or a twin birth.', NULL);
INSERT INTO `card` (id, type, title, header, content, option) VALUES ('22531_6', 3, NULL, 'assets/topic/asb/25950.png', 'We sound drums to announce grief and call people when death occurs.', NULL);
INSERT INTO `card` (id, type, title, header, content, option) VALUES ('22531_7', 3, NULL, 'assets/topic/asb/25951.png', 'We sound drums to call people to clean wells, clear roads, or to build a hut for a needy old person.
We sound drums to call people when cattle are stolen in our village.', NULL);
INSERT INTO `card` (id, type, title, header, content, option) VALUES ('22531_8', 3, NULL, 'assets/topic/asb/25952.png', 'We sound drums to gather people for meetings at our chief''s palace.', NULL);
INSERT INTO `card` (id, type, title, header, content, option) VALUES ('22531_9', 3, NULL, 'assets/topic/asb/25953.png', 'Drums call people to go to church for prayers on Sundays, and other prayer days.
We also play drums to enrich songs when singing in churches.', NULL);
INSERT INTO `card` (id, type, title, header, content, option) VALUES ('22531_10', 3, NULL, 'assets/topic/asb/25954.png', 'The big drum sounds, "An a bul mba, an a bul mba, an a bul mba-mba-mba-mba bul."
The small drums sing in their high pitches, "Tindiri, tindiri tindiri ti."
Together they chorus, "Tindiri mba, tindiri mba, tindiri mba-mba-mba-mba, tindiri ti!"', NULL);
INSERT INTO `card` (id, type, title, header, content, option) VALUES ('22531_11', 3, NULL, NULL, 'You are free to download, copy, translate or adapt this story and use the illustrations as long as you attribute in the following way:
Drum
Author -
Athieno Gertrude
Translation -
Owino Ogot
Illustration -
Salim Kasamba
Language -
English
Level -
First paragraphs
© African Storybook Initiative 2017
Creative Commons: Attribution 4.0
Source
www.africanstorybook.org', NULL);
INSERT INTO `card` (id, type, title, header, content, option) VALUES ('21141', 2, 'Thunder and Lightning', 'assets/topic/asb/19056.png', 'Athieno Gertrude and Owino Ogot
Jesse Breytenbach', 'FF9DEDE3');
INSERT INTO `card` (id, type, title, header, content, option) VALUES ('21141_3', 3, NULL, 'assets/topic/asb/19042.png', 'In the olden days,  Thunder and Lightning lived on earth amongst people.', NULL);
INSERT INTO `card` (id, type, title, header, content, option) VALUES ('21141_4', 3, NULL, 'assets/topic/asb/19044.png', 'Thunder was the mother of Lightning.', NULL);
INSERT INTO `card` (id, type, title, header, content, option) VALUES ('21141_5', 3, NULL, 'assets/topic/asb/19046.png', 'Lightning was hot tempered and he often got into arguments.', NULL);
INSERT INTO `card` (id, type, title, header, content, option) VALUES ('21141_6', 3, NULL, 'assets/topic/asb/19047.png', 'Whenever Lightning was angry he used to go around burning houses and knocking down trees. He made a frightening noise,  "Pia-la-la-la,  pia-la-la-la!" He damaged farms,  and even sometimes killed people.', NULL);
INSERT INTO `card` (id, type, title, header, content, option) VALUES ('21141_7', 3, NULL, 'assets/topic/asb/19048.png', 'Whenever Lightning did these things,  his mother would call out to him in a very loud voice,  "Bum-rambo-la-la-la,  la-bum!" She tried to make him stop causing damage.', NULL);
INSERT INTO `card` (id, type, title, header, content, option) VALUES ('21141_8', 3, NULL, 'assets/topic/asb/19050.png', 'But Lightning did not care about what his mother said. He would instead cause problems for everyone when he was in a bad temper.', NULL);
INSERT INTO `card` (id, type, title, header, content, option) VALUES ('21141_9', 3, NULL, 'assets/topic/asb/19051.png', 'At last,  people complained to the king.', NULL);
INSERT INTO `card` (id, type, title, header, content, option) VALUES ('21141_10', 3, NULL, 'assets/topic/asb/19052.png', 'So the king ordered that Thunder and her son should leave the village. He sent them to live far away from people''s houses.', NULL);
INSERT INTO `card` (id, type, title, header, content, option) VALUES ('21141_11', 3, NULL, 'assets/topic/asb/19053.png', 'This did not do much good. When Lightning was angry he still burnt forests,  "Pia-la-la-la,  pia-la-la-la!" The flames sometimes spread to farms and burned them.', NULL);
INSERT INTO `card` (id, type, title, header, content, option) VALUES ('21141_12', 3, NULL, 'assets/topic/asb/19054.png', 'So people complained to the king again.', NULL);
INSERT INTO `card` (id, type, title, header, content, option) VALUES ('21141_13', 3, NULL, 'assets/topic/asb/19055.png', 'This time,  the king told Lightning and Thunder that they could no longer live on earth. He sent them to live in the sky,  where they could not cause as much damage.', NULL);
INSERT INTO `card` (id, type, title, header, content, option) VALUES ('21141_14', 3, NULL, 'assets/topic/asb/19056.png', 'Ever since then,  when Lightning is angry,  he still manages to burn and destroy,  "Pia-la-la-la,  pia-la-la-la!" And we still hear his mother,  Thunder,  scolding him,  "Bum-rambo-la-la-la,  la-bum!"', NULL);
INSERT INTO `card` (id, type, title, header, content, option) VALUES ('21141_15', 3, NULL, NULL, 'You are free to download, copy, translate or adapt this story and use the illustrations as long as you attribute in the following way:
Thunder and Lightning
Author -
Ogot  Owino
Translation -
Athieno Gertrude and Owino Ogot
Illustration -
Jesse Breytenbach
Language -
English
Level -
First paragraphs
© African Storybook Initiative 2016
Creative Commons: Attribution 4.0
Source
www.africanstorybook.org', NULL);
INSERT INTO `card` (id, type, title, header, content, option) VALUES ('12653', 2, 'No pigs allowed', 'assets/topic/asb/6814.png', 'Little Zebra Books
Laura Libertore and Little Zebra Books', 'FFF4E1B5');
INSERT INTO `card` (id, type, title, header, content, option) VALUES ('12653_3', 3, NULL, 'assets/topic/asb/6805.png', 'Years ago,  a group of horned animals decided to have a big party high up in the mountains. They only invited other animals with horns. No one else.', NULL);
INSERT INTO `card` (id, type, title, header, content, option) VALUES ('12653_4', 3, NULL, 'assets/topic/asb/6806.png', 'When the pig heard about the party,  he thought,  "I don''t have horns. What am I going to do?"', NULL);
INSERT INTO `card` (id, type, title, header, content, option) VALUES ('12653_5', 3, NULL, 'assets/topic/asb/6807.png', 'The next day,  he had an idea. He stuck some horns to his head with wax!', NULL);
INSERT INTO `card` (id, type, title, header, content, option) VALUES ('12653_6', 3, NULL, 'assets/topic/asb/6809.png', 'It worked and the pig felt very clever when he was allowed into the party. The problem was that the party was taking place close to the sun.', NULL);
INSERT INTO `card` (id, type, title, header, content, option) VALUES ('12653_7', 3, NULL, 'assets/topic/asb/6808.png', 'When the party started heating up,  the wax began to melt. Pig''s horns fell off. The horned animals were shocked. "Who''s that one with no horns? Why did he come here?" they asked.', NULL);
INSERT INTO `card` (id, type, title, header, content, option) VALUES ('12653_8', 3, NULL, 'assets/topic/asb/6810.png', 'The king of the animals commanded,  "Grab that pig and throw him down to earth." They grabbed the pig and threw him down to earth.', NULL);
INSERT INTO `card` (id, type, title, header, content, option) VALUES ('12653_9', 3, NULL, 'assets/topic/asb/6811.png', 'Poor pig! When he fell,  he landed on his nose. And his nose was flattened into a snout.', NULL);
INSERT INTO `card` (id, type, title, header, content, option) VALUES ('12653_10', 3, NULL, 'assets/topic/asb/6813.png', 'Ever since then,  the pig has had a flat snout for a nose.', NULL);
INSERT INTO `card` (id, type, title, header, content, option) VALUES ('12653_11', 3, NULL, NULL, 'You are free to download, copy, translate or adapt this story and use the illustrations as long as you attribute in the following way:
No pigs allowed
Author -
Basilio Gimo
Translation -
Little Zebra Books
Illustration -
Laura Libertore and Little Zebra Books
Language -
English
Level -
First paragraphs
© Little Zebra Books 2014
Creative Commons: Attribution 4.0
Source
www.africanstorybook.org
Original source
http://littlezebrabooks.com', NULL);
INSERT INTO `card` (id, type, title, header, content, option) VALUES ('20433', 2, 'Disagreement among occupations', 'assets/topic/asb/10274.png', 'Beatrice Inzikuru
Wiehan de Jager', 'FFCFB5DD');
INSERT INTO `card` (id, type, title, header, content, option) VALUES ('20433_3', 3, NULL, 'assets/topic/asb/10274.png', 'In a village there was a disagreement among people of different occupations. Everyone thought their work was the most important!', NULL);
INSERT INTO `card` (id, type, title, header, content, option) VALUES ('20433_4', 3, NULL, 'assets/topic/asb/10278.png', 'The teacher said that he had the most important occupation. "Without teachers you could not go to school and learn."', NULL);
INSERT INTO `card` (id, type, title, header, content, option) VALUES ('20433_5', 3, NULL, 'assets/topic/asb/10276.png', 'The builder said that he had the most important occupation. "Without builders you would not have schools to learn in or houses to sleep in."', NULL);
INSERT INTO `card` (id, type, title, header, content, option) VALUES ('20433_6', 3, NULL, 'assets/topic/asb/10279.png', 'The carpenter said that he had the most important occupation. "Without carpenters you would have no furniture for your houses and schools."', NULL);
INSERT INTO `card` (id, type, title, header, content, option) VALUES ('20433_7', 3, NULL, 'assets/topic/asb/10277.png', 'The doctor claimed that he had the most important occupation. "Without doctors and nurses you could get sick and die."', NULL);
INSERT INTO `card` (id, type, title, header, content, option) VALUES ('20433_8', 3, NULL, 'assets/topic/asb/10275.png', 'The farmer said that she had the most important occupation. "Without farmers you would not have food to eat."', NULL);
INSERT INTO `card` (id, type, title, header, content, option) VALUES ('20433_9', 3, NULL, 'assets/topic/asb/10280.png', 'The student argued that students had the most important work. "Without students,  there would be no teachers,  builders,  doctors,  farmers,  or carpenters."', NULL);
INSERT INTO `card` (id, type, title, header, content, option) VALUES ('20433_10', 3, NULL, 'assets/topic/asb/10281.png', 'Eventually everyone agreed that all the occupations are important. We need teachers,  builders,  doctors,  farmers,  and carpenters. But everyone has to be a student first!', NULL);
INSERT INTO `card` (id, type, title, header, content, option) VALUES ('20433_11', 3, NULL, NULL, 'You are free to download, copy, translate or adapt this story and use the illustrations as long as you attribute in the following way:
Disagreement among occupations
Author -
Beatrice Inzikuru
Illustration -
Wiehan de Jager
Language -
English
Level -
First paragraphs
© African Storybook Initiative 2015
Creative Commons: Attribution 4.0
Source
www.africanstorybook.org', NULL);
INSERT INTO `card` (id, type, title, header, content, option) VALUES ('21842', 2, 'Who can count to ten?', 'assets/topic/asb/25319.png', 'Athieno Gertrude and Owino Ogot
Salim Kasamba', 'FFB3C8FF');
INSERT INTO `card` (id, type, title, header, content, option) VALUES ('21842_3', 3, NULL, 'assets/topic/asb/25317.png', 'A long time ago, deep in the forests, King Leopard began to think about the future.
He thought, "I''m getting old and one day, I''m going to die. A wise ruler should pick a successor while still young and healthy."
But how could King Leopard choose? He loved all the members of the animal kingdom the same!', NULL);
INSERT INTO `card` (id, type, title, header, content, option) VALUES ('21842_4', 3, NULL, 'assets/topic/asb/25318.png', 'King Leopard had an idea. He sent his messengers out into the forests. He told them to ask all the animals of the kingdom to come to the palace.
He was going to have a big party and he was going to make an important announcement.
Away the messengers ran, to all four corners of the forest.', NULL);
INSERT INTO `card` (id, type, title, header, content, option) VALUES ('21842_5', 3, NULL, 'assets/topic/asb/25319.png', 'On the night of the party, all the animals were at the palace. They sang and they danced and had a great time.
After the moon had risen above the trees, King Leopard came and stood in the middle of the clearing. The animals stopped their singing and dancing. They listened quietly as their king began to speak.', NULL);
INSERT INTO `card` (id, type, title, header, content, option) VALUES ('21842_6', 3, NULL, 'assets/topic/asb/25320.png', 'He cleared his throat and said, "I''ve been thinking that it''s time for me to pick a successor. But because I love all of you equally, I can''t decide who among you is most worthy. So, I have decided to let a contest decide for me."', NULL);
INSERT INTO `card` (id, type, title, header, content, option) VALUES ('21842_7', 3, NULL, 'assets/topic/asb/25321.png', 'King Leopard held up a spear. He said, "The first one among you who can throw this spear up into the sky and count to ten before it touches the ground, will be my successor."', NULL);
INSERT INTO `card` (id, type, title, header, content, option) VALUES ('21842_8', 3, NULL, 'assets/topic/asb/25322.png', 'As King Leopard finished talking, the animals heard a loud noise from behind them. They turned around and saw Elephant stomping through the crowd to the front.
"Move out of my way. I''m the biggest, I should be king," said Elephant.', NULL);
INSERT INTO `card` (id, type, title, header, content, option) VALUES ('21842_9', 3, NULL, 'assets/topic/asb/25323.png', 'Elephant took the spear and held it up with his trunk. He put his head back and threw the spear up into the sky. "One! Two! Three! Oh!" Elephant cried.
The spear hit the ground on the count of four. Elephant was angry and started stomping. King Leopard told him, "You''ve had your chance."
And so Elephant had to leave.', NULL);
INSERT INTO `card` (id, type, title, header, content, option) VALUES ('21842_10', 3, NULL, 'assets/topic/asb/25324.png', 'After Elephant left, the animals started to talk excitedly amongst themselves. They were again disturbed by a loud noise coming from the back of the crowd.
Boar came charging through saying, "Get out of my way. Get out of my way. I''m going to be king. I''ve got the biggest muscles. I''m the strongest. I should be king."', NULL);
INSERT INTO `card` (id, type, title, header, content, option) VALUES ('21842_11', 3, NULL, 'assets/topic/asb/25325.png', 'Boar leaned back, clenched the spear, and threw it into the sky. "One! Two! Three! Four! Five! Oh!" he shouted.
The spear dropped on the count of six. He was so angry. He fumed and threw clods of dirt into the air.
Leopard told him "Boar, you only throw once and you''ve had your chance." Boar had to leave.', NULL);
INSERT INTO `card` (id, type, title, header, content, option) VALUES ('21842_12', 3, NULL, 'assets/topic/asb/25326.png', 'After that, the animals started to say things like, "This contest is difficult! Elephant couldn''t do it, and he''s really big. Boar couldn''t do it either, and he''s really strong.  No one can win this contest!"
Right about then, they heard another sound coming from the back of crowd. When the animals looked around, they couldn''t believe their eyes.', NULL);
INSERT INTO `card` (id, type, title, header, content, option) VALUES ('21842_13', 3, NULL, 'assets/topic/asb/25327.png', 'They saw a big ape coming forward. As Ape moved, he chanted "I can do it. I know I can do it. I can do it."
Ape took the spear and he backed way up. He pulled his arm back, charged forward, leapt into the air and threw the spear into the sky.
"One! Two! Three! Four! Five! Six! Seven! Oh!" cried Ape', NULL);
INSERT INTO `card` (id, type, title, header, content, option) VALUES ('21842_14', 3, NULL, 'assets/topic/asb/25328.png', 'The spear hit the ground on the count of eight.
Ape was upset. He was so angry that he started turning round, complaining and making all sorts of excuses.
But King Leopard told him "No, Ape, you only get one chance." And so the ape had to leave.', NULL);
INSERT INTO `card` (id, type, title, header, content, option) VALUES ('21842_15', 3, NULL, 'assets/topic/asb/25329.png', 'Some of the animals turned and started to leave for home. As they were leaving, they saw a little antelope coming through the crowd. As she trotted, she said, "Wait, wait. Let me try. I can do it. I can do it. Let me try."
When the animals heard her words, they all started laughing.', NULL);
INSERT INTO `card` (id, type, title, header, content, option) VALUES ('21842_16', 3, NULL, 'assets/topic/asb/25330.png', 'King Leopard jumped up and shouted angrily, "Stop it! Do not make fun of Antelope! Who is to say that small animals can''t do things that big animals can do? If Antelope wants to have a chance, she will be given the same chance that all the other animals had. So stand back and let Antelope throw the spear."', NULL);
INSERT INTO `card` (id, type, title, header, content, option) VALUES ('21842_17', 3, NULL, 'assets/topic/asb/25331.png', 'Antelope bowed to her king, turned and took the spear in her mouth. She backed up, and with all the strength in her tiny body she started running. When she reached the centre of the clearing, she jumped high.
She took a deep breath, released the spear and shouted, "Five and five is ten." The spear hit the ground.', NULL);
INSERT INTO `card` (id, type, title, header, content, option) VALUES ('21842_18', 3, NULL, 'assets/topic/asb/25332.png', 'All the animals were quiet. They were confused.
King Leopard explained, "Yes, Antelope! Five plus five is another way to get to ten. There is more than one way to count to ten."
The contest was not to find the biggest or the strongest animal. It was a contest to find the smartest animal! That is how Antelope became queen when leopard died.', NULL);
INSERT INTO `card` (id, type, title, header, content, option) VALUES ('21842_19', 3, NULL, NULL, 'You are free to download, copy, translate or adapt this story and use the illustrations as long as you attribute in the following way:
Who can count to ten?
Author -
Athieno Gertrude and Owino Ogot
Translation -
Athieno Gertrude and Owino Ogot
Illustration -
Salim Kasamba
Language -
English
Level -
Longer paragraphs
© African Storybook Initiative 2017
Creative Commons: Attribution 4.0
Source
www.africanstorybook.org', NULL);
INSERT INTO `card` (id, type, title, header, content, option) VALUES ('9529', 2, 'How many?', 'assets/topic/asb/1786.png', 'Clare Verbeek
Sandra McDougall', 'FF9DEDE3');
INSERT INTO `card` (id, type, title, header, content, option) VALUES ('9529_3', 3, NULL, 'assets/topic/asb/1600.png', 'How many legs do two ladybirds have?', NULL);
INSERT INTO `card` (id, type, title, header, content, option) VALUES ('9529_4', 3, NULL, 'assets/topic/asb/1599.png', 'How many wings do four birds have?', NULL);
INSERT INTO `card` (id, type, title, header, content, option) VALUES ('9529_5', 3, NULL, 'assets/topic/asb/1601.png', 'How many horns do three rhinos have?', NULL);
INSERT INTO `card` (id, type, title, header, content, option) VALUES ('9529_6', 3, NULL, 'assets/topic/asb/1602.png', 'How many trunks do five elephants have?', NULL);
INSERT INTO `card` (id, type, title, header, content, option) VALUES ('9529_7', 3, NULL, 'assets/topic/asb/1603.png', 'How many ears do seven dogs have?', NULL);
INSERT INTO `card` (id, type, title, header, content, option) VALUES ('9529_8', 3, NULL, 'assets/topic/asb/1604.png', 'How many tails do three monkeys have?', NULL);
INSERT INTO `card` (id, type, title, header, content, option) VALUES ('9529_9', 3, NULL, 'assets/topic/asb/1605.png', 'How many eyes do six cats have?', NULL);
INSERT INTO `card` (id, type, title, header, content, option) VALUES ('9529_10', 3, NULL, 'assets/topic/asb/1606.png', 'How many legs does one worm have?', NULL);
INSERT INTO `card` (id, type, title, header, content, option) VALUES ('9529_11', 3, NULL, NULL, 'You are free to download, copy, translate or adapt this story and use the illustrations as long as you attribute in the following way:
How many?
Author -
Clare Verbeek, Thembani Dladla and Zanele Buthelezi
Illustration -
Sandra McDougall
Language -
English
Level -
First words
© School of Education and Development (Centre for Adult Education), University of Kwazulu-Natal 2007
Creative Commons: Attribution-Non Commercial 3.0
Source
www.africanstorybook.org
Original source
http://cae.ukzn.ac.za/resources/seedbooks.aspx', NULL);
INSERT INTO `card` (id, type, title, header, content, option) VALUES ('21836', 2, 'Grandma''s bananas', 'assets/topic/asb/1360.png', 'Ursula Nafula
Catherine Groenewald', 'FFCFB5DD');
INSERT INTO `card` (id, type, title, header, content, option) VALUES ('21836_3', 3, NULL, 'assets/topic/asb/1361.png', 'Grandma''s garden was wonderful. It was full of sorghum, millet, and cassava. But best of all were the bananas. Although Grandma had many grandchildren, I secretly knew that I was her favourite. She invited me often to her house. She also told me little secrets. But there was one secret she did not share with me. Where she ripened bananas.', NULL);
INSERT INTO `card` (id, type, title, header, content, option) VALUES ('21836_4', 3, NULL, 'assets/topic/asb/1360.png', 'One day I saw a big straw basket placed in the sun outside Grandma''s house. When I asked what it was for, the only answer I got was, "It''s my magic basket." Next to the basket, there were several banana leaves that Grandma turned from time to time. I was curious. "What are the leaves for, Grandma?" I asked. The only answer I got was, "They are my magic leaves."', NULL);
INSERT INTO `card` (id, type, title, header, content, option) VALUES ('21836_5', 3, NULL, 'assets/topic/asb/1362.png', 'It was so interesting watching Grandma, the bananas, the banana leaves and the big straw basket. But Grandma sent me off to my mother on an errand. "Grandma, please, let me watch as you prepare." "Don''t be stubborn, child, do as you are told," she insisted. I took off running.', NULL);
INSERT INTO `card` (id, type, title, header, content, option) VALUES ('21836_6', 3, NULL, 'assets/topic/asb/1363.png', 'When I returned, Grandma was sitting outside but with neither the basket nor the bananas. "Grandma,  where is the basket, where are all the bananas, and where..." But the only answer I got was, "They are in my magic place." It was so disappointing!', NULL);
INSERT INTO `card` (id, type, title, header, content, option) VALUES ('21836_7', 3, NULL, 'assets/topic/asb/1364.png', 'Two days later, Grandma sent me to fetch her walking stick from her bedroom. As soon as I opened the door, I was welcomed by the strong smell of ripening bananas. In the inner room was grandma''s big magic straw basket. It was well hidden by an old blanket. I lifted it and sniffed that glorious smell.', NULL);
INSERT INTO `card` (id, type, title, header, content, option) VALUES ('21836_8', 3, NULL, 'assets/topic/asb/1366.png', 'Grandma''s voice startled me when she called, "What are you doing? Hurry up and bring me the stick." I hurried out with her walking stick. "What are you smiling about?" Grandma asked. Her question made me realise that I was still smiling at the discovery of her magic place.', NULL);
INSERT INTO `card` (id, type, title, header, content, option) VALUES ('21836_9', 3, NULL, 'assets/topic/asb/1368.png', 'The following day when Grandma came to visit my mother, I rushed to her house to check the bananas once more. There was a bunch of very ripe ones. I picked one and hid it in my dress. After covering the basket again, I went behind the house and quickly ate the banana. It was the sweetest banana I had ever tasted.', NULL);
INSERT INTO `card` (id, type, title, header, content, option) VALUES ('21836_10', 3, NULL, 'assets/topic/asb/1369.png', 'The following day, when Grandma was in the garden picking vegetables, I sneaked in and peered at the bananas. Nearly all were ripe. I couldn''t help taking a bunch of four. As I tiptoed towards the door, I heard Grandma coughing outside. I just managed to hide the bananas under my dress and walked past her.', NULL);
INSERT INTO `card` (id, type, title, header, content, option) VALUES ('21836_11', 3, NULL, 'assets/topic/asb/1370.png', 'The following day was market day. Grandma woke up early. She always took ripe bananas and cassava to sell at the market. I did not hurry to visit her that day. But I could not avoid her for long.', NULL);
INSERT INTO `card` (id, type, title, header, content, option) VALUES ('21836_12', 3, NULL, 'assets/topic/asb/1371.png', 'Later that evening I was called by my mother and father, and Grandma. I knew why. That night as I lay down to sleep, I knew I could never steal again. Not from grandma, not from my parents, and certainly not from anyone else.', NULL);
INSERT INTO `card` (id, type, title, header, content, option) VALUES ('21836_13', 3, NULL, NULL, 'You are free to download, copy, translate or adapt this story and use the illustrations as long as you attribute in the following way:
Grandma''s bananas
Author -
Ursula Nafula
Illustration -
Catherine Groenewald
Language -
English
Level -
Longer paragraphs
© African Storybook Initiative 2014
Creative Commons: Attribution 4.0
Source
www.africanstorybook.org', NULL);
INSERT INTO `card` (id, type, title, header, content, option) VALUES ('2106', 2, 'Ndikonda', 'assets/topic/asb/1492.png', 'Richard Ndazye and Mutinta Mwanamoonga
 Wiehan de Jager', 'FF9DEDE3');
INSERT INTO `card` (id, type, title, header, content, option) VALUES ('2106_3', 3, NULL, 'assets/topic/asb/1493.png', 'Ndimakonda masewero nthambo.
I enjoy skipping.', NULL);
INSERT INTO `card` (id, type, title, header, content, option) VALUES ('2106_4', 3, NULL, 'assets/topic/asb/1494.png', 'Ine ndili ndekha.
On my own.', NULL);
INSERT INTO `card` (id, type, title, header, content, option) VALUES ('2106_5', 3, NULL, 'assets/topic/asb/1495.png', 'Ndimakondanso masewero a nthambo ndi anzanga.
I enjoy skipping with my friend too.', NULL);
INSERT INTO `card` (id, type, title, header, content, option) VALUES ('2106_6', 3, NULL, 'assets/topic/asb/1496.png', 'Ndimakonda kuwerenga nthano zabwino.
I enjoy reading interesting stories.', NULL);
INSERT INTO `card` (id, type, title, header, content, option) VALUES ('2106_7', 3, NULL, 'assets/topic/asb/1497.png', 'Ndimakonda kuyenda mu dambo ndi anzanga.
I enjoy walking in the field with my friends.', NULL);
INSERT INTO `card` (id, type, title, header, content, option) VALUES ('2106_8', 3, NULL, 'assets/topic/asb/1498.png', 'Ndimakonda kutsuka mbale za amai.
I enjoy washing dishes for my mother.', NULL);
INSERT INTO `card` (id, type, title, header, content, option) VALUES ('2106_9', 3, NULL, 'assets/topic/asb/1499.png', 'Ndimakonda kulemba malembo akulu akulu amene sabvuta kuwerenga.
I enjoy writing big letters which I can read easily.', NULL);
INSERT INTO `card` (id, type, title, header, content, option) VALUES ('2106_10', 3, NULL, 'assets/topic/asb/1500.png', 'Ndimakonda kudya zipatso zosiyana siyana.
I enjoy eating different fruit.', NULL);
INSERT INTO `card` (id, type, title, header, content, option) VALUES ('2106_11', 3, NULL, 'assets/topic/asb/1501.png', 'Ndimakonda kugona pa bedi lalikulu.
I enjoy sleeping on a big bed.', NULL);
INSERT INTO `card` (id, type, title, header, content, option) VALUES ('2106_12', 3, NULL, 'assets/topic/asb/1492.png', 'Ndimakonda kumvetsera ku nthano zabwino za amai.
I enjoy listening to my mother''s interesting stories.', NULL);
INSERT INTO `card` (id, type, title, header, content, option) VALUES ('2106_13', 3, NULL, 'assets/topic/asb/1502.png', 'Ndimakonda kucita zonse izi.
I enjoy all these things.', NULL);
INSERT INTO `card` (id, type, title, header, content, option) VALUES ('2106_14', 3, NULL, NULL, 'You are free to download, copy, translate or adapt this story and use the illustrations as long as you attribute in the following way:
Ndikonda
Author -
Ursula Nafula
Translation -
Richard Ndazye and Mutinta Mwanamoonga
Illustration -
Wiehan de Jager
Language -
English Chinyanja
Level -
First sentences
© African Storybook Initiative 2014
Creative Commons: Attribution 4.0
Source
www.africanstorybook.org', NULL);
INSERT INTO `card` (id, type, title, header, content, option) VALUES ('31301', 2, 'I enjoy doing', 'assets/topic/asb/1496.png', 'Ursula Nafula
Wiehan de Jager', 'FFCFB5DD');
INSERT INTO `card` (id, type, title, header, content, option) VALUES ('31301_3', 3, NULL, 'assets/topic/asb/1495.png', 'I enjoy skipping with my friend.', NULL);
INSERT INTO `card` (id, type, title, header, content, option) VALUES ('31301_4', 3, NULL, 'assets/topic/asb/1499.png', 'I enjoy writing letters on the board.', NULL);
INSERT INTO `card` (id, type, title, header, content, option) VALUES ('31301_5', 3, NULL, 'assets/topic/asb/1496.png', 'I enjoy reading picture books.', NULL);
INSERT INTO `card` (id, type, title, header, content, option) VALUES ('31301_6', 3, NULL, 'assets/topic/asb/1500.png', 'I enjoy eating fruit.', NULL);
INSERT INTO `card` (id, type, title, header, content, option) VALUES ('31301_7', 3, NULL, 'assets/topic/asb/1498.png', 'I enjoy helping at home.', NULL);
INSERT INTO `card` (id, type, title, header, content, option) VALUES ('31301_8', 3, NULL, 'assets/topic/asb/1492.png', 'I enjoy listening to my mother''s stories.', NULL);
INSERT INTO `card` (id, type, title, header, content, option) VALUES ('31301_9', 3, NULL, 'assets/topic/asb/1501.png', 'I enjoy sleeping on a big bed.', NULL);
INSERT INTO `card` (id, type, title, header, content, option) VALUES ('31301_10', 3, NULL, 'assets/topic/asb/1502.png', 'I enjoy doing these things.
What do you enjoy doing?', NULL);
INSERT INTO `card` (id, type, title, header, content, option) VALUES ('31301_11', 3, NULL, NULL, 'You are free to download, copy, translate or adapt this story and use the illustrations as long as you attribute in the following way:
I enjoy doing
Author -
Ursula Nafula
Illustration -
Wiehan de Jager
Language -
English
Level -
First words
© African Storybook Initiative 2015
Creative Commons: Attribution 4.0
Source
www.africanstorybook.org', NULL);
INSERT INTO `card` (id, type, title, header, content, option) VALUES ('2878', 2, 'I can do this', 'assets/topic/asb/1372.png', 'Clare Verbeek
Cathy Feek', 'FF9DEDE3');
INSERT INTO `card` (id, type, title, header, content, option) VALUES ('2878_3', 3, NULL, 'assets/topic/asb/1373.png', NULL, NULL);
INSERT INTO `card` (id, type, title, header, content, option) VALUES ('2878_4', 3, NULL, 'assets/topic/asb/1374.png', NULL, NULL);
INSERT INTO `card` (id, type, title, header, content, option) VALUES ('2878_5', 3, NULL, 'assets/topic/asb/1372.png', NULL, NULL);
INSERT INTO `card` (id, type, title, header, content, option) VALUES ('2878_6', 3, NULL, 'assets/topic/asb/1375.png', NULL, NULL);
INSERT INTO `card` (id, type, title, header, content, option) VALUES ('2878_7', 3, NULL, 'assets/topic/asb/1376.png', NULL, NULL);
INSERT INTO `card` (id, type, title, header, content, option) VALUES ('2878_8', 3, NULL, 'assets/topic/asb/1377.png', NULL, NULL);
INSERT INTO `card` (id, type, title, header, content, option) VALUES ('2878_9', 3, NULL, 'assets/topic/asb/1379.png', NULL, NULL);
INSERT INTO `card` (id, type, title, header, content, option) VALUES ('2878_10', 3, NULL, 'assets/topic/asb/1378.png', 'I can read.', NULL);
INSERT INTO `card` (id, type, title, header, content, option) VALUES ('2878_11', 3, NULL, NULL, 'You are free to download, copy, translate or adapt this story and use the illustrations as long as you attribute in the following way:
I can do this
Author -
Clare Verbeek, Thembani Dladla and Zanele Buthelezi
Illustration -
Cathy Feek
Language -
English
Level -
First words
© School of Education and Development (Centre for Adult Education), University of Kwazulu-Natal 2007
Creative Commons: Attribution-Non Commercial 3.0
Source
www.africanstorybook.org
Original source
http://cae.ukzn.ac.za/resources/seedbooks.aspx', NULL);
INSERT INTO `card` (id, type, title, header, content, option) VALUES ('3159', 2, 'Nozibele and the three hairs', 'assets/topic/asb/1196.png', 'Tessa Welch
Wiehan de Jager', 'FFB3C8FF');
INSERT INTO `card` (id, type, title, header, content, option) VALUES ('3159_3', 3, NULL, 'assets/topic/asb/1197.png', 'A long time ago,  three girls went out to collect wood.', NULL);
INSERT INTO `card` (id, type, title, header, content, option) VALUES ('3159_4', 3, NULL, 'assets/topic/asb/1198.png', 'It was a hot day so they went down to the river to swim. They played and splashed and swam in the water.', NULL);
INSERT INTO `card` (id, type, title, header, content, option) VALUES ('3159_5', 3, NULL, 'assets/topic/asb/1196.png', 'Suddenly,  they realised that it was late. They hurried back to the village.', NULL);
INSERT INTO `card` (id, type, title, header, content, option) VALUES ('3159_6', 3, NULL, 'assets/topic/asb/1199.png', 'When they were nearly home,  Nozibele put her hand to her neck. She had forgotten her necklace! "Please come back with me!" she begged her friends. But her friends said it was too late.', NULL);
INSERT INTO `card` (id, type, title, header, content, option) VALUES ('3159_7', 3, NULL, 'assets/topic/asb/1200.png', 'Nozibele went back to the river alone. She found her necklace and began hurrying home. But,  she got lost in the dark.', NULL);
INSERT INTO `card` (id, type, title, header, content, option) VALUES ('3159_8', 3, NULL, 'assets/topic/asb/1201.png', 'In the distance she saw light coming from a hut. She walked quickly towards it and knocked at the door.', NULL);
INSERT INTO `card` (id, type, title, header, content, option) VALUES ('3159_9', 3, NULL, 'assets/topic/asb/1202.png', 'To her surprise,  a dog opened the door and said,  "What do you want?" "I''m lost and I need a place to sleep," said Nozibele. "Come in,  or I''ll bite you!" said the dog. Nozibele went in.', NULL);
INSERT INTO `card` (id, type, title, header, content, option) VALUES ('3159_10', 3, NULL, 'assets/topic/asb/1203.png', 'The dog said,  "Cook for me!" "But I''ve never cooked for a dog before," Nozibele answered. "Cook,  or I''ll bite you!" said the dog. Nozibele cooked some food for the dog.', NULL);
INSERT INTO `card` (id, type, title, header, content, option) VALUES ('3159_11', 3, NULL, 'assets/topic/asb/1204.png', 'Then the dog said,  "Make the bed for me!" Nozibele answered,  "I''ve never made a bed for a dog." "Make the bed,  or I''ll bite you!" the dog said. Nozibele made the bed.', NULL);
INSERT INTO `card` (id, type, title, header, content, option) VALUES ('3159_12', 3, NULL, 'assets/topic/asb/1207.png', 'Every day she had to cook and sweep and wash for the dog. Then one day the dog said,  "Nozibele,  today I have to visit some friends. Sweep the house,  cook the food and wash my things before I come back."', NULL);
INSERT INTO `card` (id, type, title, header, content, option) VALUES ('3159_13', 3, NULL, 'assets/topic/asb/1208.png', 'As soon as the dog had gone,  Nozibele took three hairs from her head. She put one hair under the bed,  one behind the door,  and one in the kraal. Then she ran home as fast as she could.', NULL);
INSERT INTO `card` (id, type, title, header, content, option) VALUES ('3159_14', 3, NULL, 'assets/topic/asb/1209.png', 'When the dog came back,  he looked for Nozibele. "Nozibele,  where are you?" he shouted. "I''m here,  under the bed," said the first hair. "I''m here,  behind the door," said the second hair. "I''m here,  in the kraal," said the third hair.', NULL);
INSERT INTO `card` (id, type, title, header, content, option) VALUES ('3159_15', 3, NULL, 'assets/topic/asb/1210.png', 'The dog knew that Nozibele had tricked him. He ran and ran all the way to the village. But Nozibele''s brothers were waiting there with big sticks. The dog turned and ran away and has never been seen since.', NULL);
INSERT INTO `card` (id, type, title, header, content, option) VALUES ('3159_16', 3, NULL, NULL, 'You are free to download, copy, translate or adapt this story and use the illustrations as long as you attribute in the following way:
Nozibele and the three hairs
Author -
Tessa Welch
Illustration -
Wiehan de Jager
Language -
English
Level -
Longer paragraphs
© African Storybook Initiative, 2014
Creative Commons: Attribution 4.0
Source
www.africanstorybook.org', NULL);
INSERT INTO `card` (id, type, title, header, content, option) VALUES ('21994', 2, 'Baboon chief', 'assets/topic/asb/18900.png', 'Bonsamo Miesso
Isaac Okwir', 'FFCFB5DD');
INSERT INTO `card` (id, type, title, header, content, option) VALUES ('21994_3', 3, NULL, 'assets/topic/asb/18894.png', 'There was a huge baboon with a large troop of baboons that followed him. He was a real dictator!', NULL);
INSERT INTO `card` (id, type, title, header, content, option) VALUES ('21994_4', 3, NULL, 'assets/topic/asb/18895.png', 'But there were many huge baboons in the troop,  and the herd was often not sure which one was giving the orders.', NULL);
INSERT INTO `card` (id, type, title, header, content, option) VALUES ('21994_5', 3, NULL, 'assets/topic/asb/18896.png', 'So the other baboons said to the chief,  "You need a special mark,  so that we can be sure who you are. Then we''ll be able to follow your orders."', NULL);
INSERT INTO `card` (id, type, title, header, content, option) VALUES ('21994_6', 3, NULL, 'assets/topic/asb/18897.png', '"All right," said the chief. "I''ll wear a band round my head. But if I do that you must make sure that you follow my instructions exactly." They all agreed.', NULL);
INSERT INTO `card` (id, type, title, header, content, option) VALUES ('21994_7', 3, NULL, 'assets/topic/asb/18898.png', 'So a big baboon tied a head band round the chief''s head. The chief said,  "From today,  whatever I tell you to do you must do. I don''t want any disobedience."', NULL);
INSERT INTO `card` (id, type, title, header, content, option) VALUES ('21994_8', 3, NULL, 'assets/topic/asb/18899.png', 'When the chief jumped the others jumped,  when he sat down the others sat down. When he screamed,  the others would scream.', NULL);
INSERT INTO `card` (id, type, title, header, content, option) VALUES ('21994_9', 3, NULL, 'assets/topic/asb/18900.png', 'As time went by the head band became tighter and tighter.', NULL);
INSERT INTO `card` (id, type, title, header, content, option) VALUES ('21994_10', 3, NULL, 'assets/topic/asb/18901.png', 'One day the chief sat down and said,  "This head band is hurting me." And he put his head in his hands.', NULL);
INSERT INTO `card` (id, type, title, header, content, option) VALUES ('21994_11', 3, NULL, 'assets/topic/asb/18902.png', 'And all the baboons sat down,  and they put their heads in their hands,  and they said,  "This head band is hurting me."', NULL);
INSERT INTO `card` (id, type, title, header, content, option) VALUES ('21994_12', 3, NULL, 'assets/topic/asb/18903.png', 'He said,  "No,  I''m serious." And they all said,  "No,  I''m serious." The chief said,  "This thing''s killing me." And they all said,  "This thing''s killing me."', NULL);
INSERT INTO `card` (id, type, title, header, content, option) VALUES ('21994_13', 3, NULL, 'assets/topic/asb/18904.png', 'And then he fell off the rock. And they all imitated him and fell off the rock. Then he began struggling and they began struggling.', NULL);
INSERT INTO `card` (id, type, title, header, content, option) VALUES ('21994_14', 3, NULL, 'assets/topic/asb/18905.png', 'Although the rest of the troop survived,  the chief died from his injuries.', NULL);
INSERT INTO `card` (id, type, title, header, content, option) VALUES ('21994_15', 3, NULL, NULL, 'You are free to download, copy, translate or adapt this story and use the illustrations as long as you attribute in the following way:
Baboon chief
Author -
Bonsamo Miesso and Elizabeth Laird
Illustration -
Isaac Okwir
Language -
English
Level -
First paragraphs
© African Storybook Initiative 2016
Creative Commons: Attribution 4.0
Source
www.africanstorybook.org
Original source
www.ethiopianfolktales.com', NULL);
INSERT INTO `card` (id, type, title, header, content, option) VALUES ('2987', 2, 'The baboons that went this way and that', 'assets/topic/asb/1160.png', 'Southern African Folktale
Benjamin Mitchley', 'FFB3C8FF');
INSERT INTO `card` (id, type, title, header, content, option) VALUES ('2987_3', 3, NULL, 'assets/topic/asb/1161.png', 'The people in a village of small huts were becoming unhappy. Wild animals began to come and frighten them.', NULL);
INSERT INTO `card` (id, type, title, header, content, option) VALUES ('2987_4', 3, NULL, 'assets/topic/asb/1162.png', 'These animals ate all their crops and even carried children away. It was not a good place to live any longer,  but where could the people go?', NULL);
INSERT INTO `card` (id, type, title, header, content, option) VALUES ('2987_5', 3, NULL, 'assets/topic/asb/1163.png', 'One family found the answer. It was not hard to find food up in the hills.', NULL);
INSERT INTO `card` (id, type, title, header, content, option) VALUES ('2987_6', 3, NULL, 'assets/topic/asb/1164.png', 'Bushes grew in the cracks between rocks. Trees grew on the slopes of the hills. The parents trapped rock rabbits and the children caught birds.', NULL);
INSERT INTO `card` (id, type, title, header, content, option) VALUES ('2987_7', 3, NULL, 'assets/topic/asb/1165.png', 'Other families noticed how well the hill family lived. "It is a good life up in the hills," said the husband. "You should come there too."', NULL);
INSERT INTO `card` (id, type, title, header, content, option) VALUES ('2987_8', 3, NULL, 'assets/topic/asb/1166.png', 'Soon the other families left the flat land and went up to the hills. Each family found a cave to live in,  and felt warm and secure.', NULL);
INSERT INTO `card` (id, type, title, header, content, option) VALUES ('2987_9', 3, NULL, 'assets/topic/asb/1160.png', 'Soon the children became very quick at climbing rocks,  and finding fruit in the trees. They could swing in the branches almost as well as any monkey.', NULL);
INSERT INTO `card` (id, type, title, header, content, option) VALUES ('2987_10', 3, NULL, 'assets/topic/asb/1167.png', 'Slowly,  things began to change. The children talked less,  and grunted more. Then the adults noticed that their noses were getting bigger and that they were growing more hair.', NULL);
INSERT INTO `card` (id, type, title, header, content, option) VALUES ('2987_11', 3, NULL, 'assets/topic/asb/1169.png', 'Every time they looked at one another they saw that their teeth were longer. They started to walk on four legs.', NULL);
INSERT INTO `card` (id, type, title, header, content, option) VALUES ('2987_12', 3, NULL, 'assets/topic/asb/1175.png', 'They became a new creature that no-one had seen before in that place. This was the creature which people now call the baboon.', NULL);
INSERT INTO `card` (id, type, title, header, content, option) VALUES ('2987_13', 3, NULL, 'assets/topic/asb/1168.png', 'For a time,  the baboons lived happily. They stopped chasing the rock rabbits and ate grubs from the ground.', NULL);
INSERT INTO `card` (id, type, title, header, content, option) VALUES ('2987_14', 3, NULL, NULL, 'They forgot how to talk. They took off their clothes because their legs and arms were covered with dark hair.', NULL);
INSERT INTO `card` (id, type, title, header, content, option) VALUES ('2987_15', 3, NULL, 'assets/topic/asb/1170.png', 'They still remembered that they had been people. They looked at each other''s big noses and laughed at each other.', NULL);
INSERT INTO `card` (id, type, title, header, content, option) VALUES ('2987_16', 3, NULL, 'assets/topic/asb/1171.png', 'But they did not like the laughing. They jumped up and down in anger. Soon the baboons could not be together because of the laughing and the anger. Each family went off and lived by itself.', NULL);
INSERT INTO `card` (id, type, title, header, content, option) VALUES ('2987_17', 3, NULL, 'assets/topic/asb/1173.png', 'That is why baboons live in small groups today and do not live as a baboon nation.', NULL);
INSERT INTO `card` (id, type, title, header, content, option) VALUES ('2987_18', 3, NULL, NULL, 'You are free to download, copy, translate or adapt this story and use the illustrations as long as you attribute in the following way:
The baboons that went this way and that
Author -
Southern African Folktale
Illustration -
Benjamin Mitchley
Language -
English
Level -
First paragraphs
© African Storybook Initiative 2014
Creative Commons: Attribution 4.0
Source
www.africanstorybook.org', NULL);
INSERT INTO `card` (id, type, title, header, content, option) VALUES ('12692', 2, 'Tortoise finds his house', 'assets/topic/asb/9213.png', 'Maya Fowler
Katrien Coetzer', 'FF9DEDE3');
INSERT INTO `card` (id, type, title, header, content, option) VALUES ('12692_3', 3, NULL, 'assets/topic/asb/9214.png', 'One day Tortoise was walking through the veld. He was looking for something. He gazed into the distance and squinted at the grass. Then he walked past Snail.', NULL);
INSERT INTO `card` (id, type, title, header, content, option) VALUES ('12692_4', 3, NULL, NULL, '"Are you looking for something?" Snail asked. "Yes,  Snail,  I''m looking for my house. Have you seen it,  by any chance?"', NULL);
INSERT INTO `card` (id, type, title, header, content, option) VALUES ('12692_5', 3, NULL, 'assets/topic/asb/9215.png', 'Snail said,  "No,  I haven''t,  but I''ll help you look!" She climbed onto Tortoise''s shell. Tortoise walked on with Snail on his back. They looked and looked,  but there was no sign of a house. The sun was high in the sky.', NULL);
INSERT INTO `card` (id, type, title, header, content, option) VALUES ('12692_6', 3, NULL, 'assets/topic/asb/9216.png', 'A little later they passed Sparrow. "Are you looking for something?" asked Sparrow. "Yes,  Sparrow,  I''m looking for my house. Have you seen it,  by any chance?" Sparrow said,  "No,  I haven''t,  but I''ll help you look!"', NULL);
INSERT INTO `card` (id, type, title, header, content, option) VALUES ('12692_7', 3, NULL, 'assets/topic/asb/9213.png', 'He flapped his wings and he whizzed away. "But you''re going too fast for me," complained Tortoise. Sparrow came back. "Alright,  then I''ll hop on too."', NULL);
INSERT INTO `card` (id, type, title, header, content, option) VALUES ('12692_8', 3, NULL, 'assets/topic/asb/9223.png', 'Tortoise carried on,  with Snail and Sparrow perched on his shell. They looked and looked,  but there was no sign of a house. The sun had inched lower in the sky.', NULL);
INSERT INTO `card` (id, type, title, header, content, option) VALUES ('12692_9', 3, NULL, 'assets/topic/asb/9218.png', 'A little later they passed Ladybird. "Are you looking for something?" asked Ladybird. "Yes,  Ladybird,  I''m looking for my house. Have you seen it,  by any chance?"', NULL);
INSERT INTO `card` (id, type, title, header, content, option) VALUES ('12692_10', 3, NULL, 'assets/topic/asb/9219.png', 'Ladybird said,  "No,  I haven''t,  but I''ll help you look!" She hopped onto Tortoise''s back and on he went,  with Snail and Sparrow and Ladybird on his back. They looked and looked,  but there was no sign of a house. A breeze started to blow.', NULL);
INSERT INTO `card` (id, type, title, header, content, option) VALUES ('12692_11', 3, NULL, 'assets/topic/asb/9220.png', 'A little later they passed Mouse. He was making a garland of daisies. "Are you looking for something?" asked Mouse. "Yes,  Mouse,  I''m looking for my house. Have you seen it,  by any chance?"', NULL);
INSERT INTO `card` (id, type, title, header, content, option) VALUES ('12692_12', 3, NULL, 'assets/topic/asb/9221.png', 'Mouse said: "No,  I haven''t,  but I''ll help you look!" She hopped onto Tortoise''s back. "Wait,  I can''t leave my flowers behind." Tortoise waited. Mouse stretched and stretched and scooped up her daisies.', NULL);
INSERT INTO `card` (id, type, title, header, content, option) VALUES ('12692_13', 3, NULL, 'assets/topic/asb/9222.png', 'Tortoise walked on,  with Snail and Sparrow and Ladybird and Mouse on his back. They looked and looked,  but there was no sign of a house. The wind swept leaves off the ground and swirled them around Tortoise''s feet. He was tired. "You lot are heavy," he sighed.', NULL);
INSERT INTO `card` (id, type, title, header, content, option) VALUES ('12692_14', 3, NULL, 'assets/topic/asb/9224.png', 'The wind got stronger. The sky turned dark. "Oh,  where is my house?" asked Tortoise. Thunder roared in the hills. Lightning flashed in the distance. Drip-drip came the rain.', NULL);
INSERT INTO `card` (id, type, title, header, content, option) VALUES ('12692_15', 3, NULL, 'assets/topic/asb/9227.png', 'The wind whirled and whipped. It blew Snail and Sparrow and Ladybird and Mouse right off Tortoise''s back.', NULL);
INSERT INTO `card` (id, type, title, header, content, option) VALUES ('12692_16', 3, NULL, 'assets/topic/asb/9226.png', 'And then came the hail,  tip-tip-tip. Tortoise got such a fright he shrank into his shell. It was warm and cosy in there. "Oh,  here is my house!" smiled Tortoise.', NULL);
INSERT INTO `card` (id, type, title, header, content, option) VALUES ('12692_17', 3, NULL, 'assets/topic/asb/9225.png', '"Oh,  here is Tortoise''s house!" said Snail and Robin and Mouse.', NULL);
INSERT INTO `card` (id, type, title, header, content, option) VALUES ('12692_18', 3, NULL, NULL, 'You are free to download, copy, translate or adapt this story and use the illustrations as long as you attribute in the following way:
Tortoise finds his house
Author -
Maya Fowler
Translation -
Maya Fowler
Illustration -
Katrien Coetzer
Language -
English
Level -
First paragraphs
© Katrien Coetzer, Maya Fowler, Damian Gibbs, Bookdash.org and African Storybook Initiative 2014
Creative Commons: Attribution 4.0
Source
www.africanstorybook.org
Original source
www.bookdash.org', NULL);
INSERT INTO `card` (id, type, title, header, content, option) VALUES ('21073', 2, 'Wardit, the mule', 'assets/topic/asb/17977.png', 'Mesfin Habte-Mariam
Marleen Visser', 'FFB3C8FF');
INSERT INTO `card` (id, type, title, header, content, option) VALUES ('21073_3', 3, NULL, 'assets/topic/asb/17968.png', 'Once upon a time,  there was a young mule called Wardit. She was clever,  and beautiful. She was also very proud. One day,  Wardit was going to the river to drink some water.', NULL);
INSERT INTO `card` (id, type, title, header, content, option) VALUES ('21073_4', 3, NULL, 'assets/topic/asb/17969.png', 'A handsome young horse was walking along the same road. The horse saw Wardit and thought,  "Here is the most beautiful mule in the world! I must marry her."', NULL);
INSERT INTO `card` (id, type, title, header, content, option) VALUES ('21073_5', 3, NULL, 'assets/topic/asb/17970.png', '"Where are you going?" the horse asked Wardit. "I''m going to the river to drink water," she replied. "Let me come with you," the horse said.', NULL);
INSERT INTO `card` (id, type, title, header, content, option) VALUES ('21073_6', 3, NULL, 'assets/topic/asb/17971.png', 'The horse said,  "Wardit,  you are the most beautiful mule in the world! Please,  be my wife!" Wardit looked at the horse. She thought,  "He is young,  handsome,  and strong. Yes,  I will marry him!"', NULL);
INSERT INTO `card` (id, type, title, header, content, option) VALUES ('21073_7', 3, NULL, 'assets/topic/asb/17972.png', 'The horse wanted to know everything about his future wife. He asked,  "Who is your father? Who is your mother?" Wardit turned her head away. She didn''t answer him. The horse said,  "My dear,  I must know the family of my bride."', NULL);
INSERT INTO `card` (id, type, title, header, content, option) VALUES ('21073_8', 3, NULL, 'assets/topic/asb/17973.png', 'Wardit laughed. She said,  "You can see my mother every day. She lives in the palace. The governor rides her each morning." "But who is your father?" the horse asked.', NULL);
INSERT INTO `card` (id, type, title, header, content, option) VALUES ('21073_9', 3, NULL, 'assets/topic/asb/17974.png', 'Wardit said,  "My sister belongs to the priest. Don''t you know her? He rides her to the church." "Yes,  but who is your father? Where is he?" the horse asked again.', NULL);
INSERT INTO `card` (id, type, title, header, content, option) VALUES ('21073_10', 3, NULL, 'assets/topic/asb/17975.png', 'Wardit went on,  "And my aunt is so beautiful! She lives with the headman of the village. He loves her like his daughter." "That''s very good,  but please,  tell me about your father," the horse said.', NULL);
INSERT INTO `card` (id, type, title, header, content, option) VALUES ('21073_11', 3, NULL, 'assets/topic/asb/17976.png', 'Just then,  an old donkey came down the road. It was Wardit''s father. She looked at him,  and she was ashamed. "My father is only a donkey. The horse will not want a donkey to be his father-in-law," thought Wardit.', NULL);
INSERT INTO `card` (id, type, title, header, content, option) VALUES ('21073_12', 3, NULL, 'assets/topic/asb/17977.png', 'The donkey was near Wardit now. She did not greet him. She did not even look at him.', NULL);
INSERT INTO `card` (id, type, title, header, content, option) VALUES ('21073_13', 3, NULL, 'assets/topic/asb/17978.png', '"Wardit!" exclaimed the old donkey. "What''s the matter,  my girl?" he asked. "Why don''t you speak to me?" The donkey became angry with his daughter. Wardit said nothing. She looked away.', NULL);
INSERT INTO `card` (id, type, title, header, content, option) VALUES ('21073_14', 3, NULL, 'assets/topic/asb/17979.png', 'Then the horse became angry. He said to Wardit,  "Who is this foolish old donkey? Why is he speaking to you?" "I don''t know him," said Wardit.', NULL);
INSERT INTO `card` (id, type, title, header, content, option) VALUES ('21073_15', 3, NULL, 'assets/topic/asb/17980.png', '"You don''t know me? Wardit,  I am your" cried the old donkey. But the horse wasn''t listening.', NULL);
INSERT INTO `card` (id, type, title, header, content, option) VALUES ('21073_16', 3, NULL, 'assets/topic/asb/17981.png', '"Go away!" shouted the horse. "You foolish old donkey. Leave us alone!" The old donkey didn''t move. The horse kicked him. The donkey fell down.', NULL);
INSERT INTO `card` (id, type, title, header, content, option) VALUES ('21073_17', 3, NULL, 'assets/topic/asb/17982.png', 'The donkey looked up to the sky. "Oh God," he cried. "Did you see this?" The poor old donkey''s heart broke,  and he died.', NULL);
INSERT INTO `card` (id, type, title, header, content, option) VALUES ('21073_18', 3, NULL, 'assets/topic/asb/17984.png', 'God heard the donkey''s words. God said to Wardit,  "Your father is dead,  and now I will punish you. Horses will have children,  and donkeys will have children. But you,  the mule,  will never have a child. This is your punishment because you did not respect your father."', NULL);
INSERT INTO `card` (id, type, title, header, content, option) VALUES ('21073_19', 3, NULL, NULL, 'You are free to download, copy, translate or adapt this story and use the illustrations as long as you attribute in the following way:
Wardit, the mule
Author -
Mesfin Habte-Mariam and Elizabeth Laird
Illustration -
Marleen Visser
Language -
English
Level -
First paragraphs
© African Storybook Initiative 2016
Creative Commons: Attribution 4.0
Source
www.africanstorybook.org
Original source
www.ethiopianfolktales.com', NULL);
INSERT INTO `card` (id, type, title, header, content, option) VALUES ('30270', 2, 'Face', 'assets/topic/asb/26803.png', 'Little Zebra Books
Sue  Beattie', 'FFB3C8FF');
INSERT INTO `card` (id, type, title, header, content, option) VALUES ('30270_3', 3, NULL, 'assets/topic/asb/26807.png', 'Eyes', NULL);
INSERT INTO `card` (id, type, title, header, content, option) VALUES ('30270_4', 3, NULL, 'assets/topic/asb/26808.png', 'Ears', NULL);
INSERT INTO `card` (id, type, title, header, content, option) VALUES ('30270_5', 3, NULL, 'assets/topic/asb/26802.png', 'Mouth', NULL);
INSERT INTO `card` (id, type, title, header, content, option) VALUES ('30270_6', 3, NULL, 'assets/topic/asb/26800.png', 'Nose', NULL);
INSERT INTO `card` (id, type, title, header, content, option) VALUES ('30270_7', 3, NULL, 'assets/topic/asb/26801.png', 'Chin', NULL);
INSERT INTO `card` (id, type, title, header, content, option) VALUES ('30270_8', 3, NULL, 'assets/topic/asb/26755.png', 'Teeth', NULL);
INSERT INTO `card` (id, type, title, header, content, option) VALUES ('30270_9', 3, NULL, 'assets/topic/asb/26810.png', 'Tongue', NULL);
INSERT INTO `card` (id, type, title, header, content, option) VALUES ('30270_10', 3, NULL, 'assets/topic/asb/26809.png', 'Cheeks', NULL);
INSERT INTO `card` (id, type, title, header, content, option) VALUES ('30270_11', 3, NULL, 'assets/topic/asb/26804.png', 'Eyebrows', NULL);
INSERT INTO `card` (id, type, title, header, content, option) VALUES ('30270_12', 3, NULL, 'assets/topic/asb/26806.png', 'Hair', NULL);
INSERT INTO `card` (id, type, title, header, content, option) VALUES ('30270_13', 3, NULL, NULL, 'You are free to download, copy, translate or adapt this story and use the illustrations as long as you attribute in the following way:
Face
Author -
Little Zebra Books
Illustration -
Sue  Beattie
Language -
English
Level -
First words
© African Storybook Initiative 2018
Creative Commons: Attribution 4.0
Source
www.africanstorybook.org', NULL);
INSERT INTO `card` (id, type, title, header, content, option) VALUES ('23775', 2, 'A Naughty Girl', 'assets/topic/asb/8665.png', 'Bathokwa book club
 Catherine Groenewald, Vusi Malindi, Rob Owen, Natalie Propa, Ingrid Schechter and Melany Pietersen', 'FFB3C8FF');
INSERT INTO `card` (id, type, title, header, content, option) VALUES ('23775_3', 3, NULL, 'assets/topic/asb/8661.png', 'Once upon a time the was a girl by the name of Emily Emily was very naughty.', NULL);
INSERT INTO `card` (id, type, title, header, content, option) VALUES ('23775_4', 3, NULL, 'assets/topic/asb/7518.png', 'Whenever her mother asked her to do anything she would refuse.', NULL);
INSERT INTO `card` (id, type, title, header, content, option) VALUES ('23775_5', 3, NULL, 'assets/topic/asb/8630.png', 'One day her mother was sick. She asked her to go her grandma and ask for some special medicine,  so that she can drink and get better. Because Emily was naughty,  she decided to go and have a swim on her way to grand ma.', NULL);
INSERT INTO `card` (id, type, title, header, content, option) VALUES ('23775_6', 3, NULL, 'assets/topic/asb/8559.png', 'It became late,  her mother started to worry.', NULL);
INSERT INTO `card` (id, type, title, header, content, option) VALUES ('23775_7', 3, NULL, 'assets/topic/asb/8558.png', 'Her mother called the people of the village to help her look for Emily.', NULL);
INSERT INTO `card` (id, type, title, header, content, option) VALUES ('23775_8', 3, NULL, 'assets/topic/asb/8115.png', 'She was very worried because there was a monster who eats little girls at night.', NULL);
INSERT INTO `card` (id, type, title, header, content, option) VALUES ('23775_9', 3, NULL, 'assets/topic/asb/8643.png', 'While the people were looking for Emily,  she was still having fun in the pond. She was not aware of the darkness.', NULL);
INSERT INTO `card` (id, type, title, header, content, option) VALUES ('23775_10', 3, NULL, 'assets/topic/asb/8114.png', 'It was time for dinner for the monster and he started looking for food. As he was walking he started to smell a little girl. The village people were getting closer and closer to the pond.', NULL);
INSERT INTO `card` (id, type, title, header, content, option) VALUES ('23775_11', 3, NULL, 'assets/topic/asb/7584.png', 'Emily saw the monster coming and she started to scream. The people of the village heard a little girl''s scream and they started to run towards the voice.', NULL);
INSERT INTO `card` (id, type, title, header, content, option) VALUES ('23775_12', 3, NULL, 'assets/topic/asb/8025.png', 'The people of the village found emily still in the pond,  she was very scared. And from that day she learned to listen and to respect her mother.', NULL);
INSERT INTO `card` (id, type, title, header, content, option) VALUES ('23775_13', 3, NULL, NULL, 'You are free to download, copy, translate or adapt this story and use the illustrations as long as you attribute in the following way:
A Naughty Girl
Author -
Bathokwa book club
Illustration -
Catherine Groenewald, Vusi Malindi, Rob Owen, Natalie Propa, Ingrid Schechter and Melany Pietersen
Language -
English
Level -
First paragraphs
© Bathokwa Book Club 2014
Creative Commons: Attribution 4.0
Source
www.africanstorybook.org', NULL);
INSERT INTO `card` (id, type, title, header, content, option) VALUES ('22530', 2, 'Pa Nase the spider and the village women', 'assets/topic/asb/26450.png', 'Abdul  Koroma
Kenneth Boyowa Okitikpi', 'FF9DEDE3');
INSERT INTO `card` (id, type, title, header, content, option) VALUES ('22530_3', 3, NULL, 'assets/topic/asb/26446.png', 'Once upon a time, Pa Nase the spider felt very hungry. He decided to go in search of food. He visited his friend''s place where he usually got help.
But his friend was not at home.', NULL);
INSERT INTO `card` (id, type, title, header, content, option) VALUES ('22530_4', 3, NULL, 'assets/topic/asb/26447.png', 'Hungry Pa Nase thought of an idea for getting food. He remembered the store where the village women usually kept food.', NULL);
INSERT INTO `card` (id, type, title, header, content, option) VALUES ('22530_5', 3, NULL, 'assets/topic/asb/26448.png', 'He sneaked into the store and stole some fish and bananas.', NULL);
INSERT INTO `card` (id, type, title, header, content, option) VALUES ('22530_6', 3, NULL, 'assets/topic/asb/26449.png', 'On his way out, the little children noticed his unusual movements. They called on one of the women.
The women rushed at Pa Nase.', NULL);
INSERT INTO `card` (id, type, title, header, content, option) VALUES ('22530_7', 3, NULL, 'assets/topic/asb/26450.png', 'With loaded pockets, Pa Nase was very afraid and wanted to run.
The women caught him and decided to punish him.', NULL);
INSERT INTO `card` (id, type, title, header, content, option) VALUES ('22530_8', 3, NULL, 'assets/topic/asb/26451.png', '"Let us grind him on the village stone," Yalol, one of the women suggested.', NULL);
INSERT INTO `card` (id, type, title, header, content, option) VALUES ('22530_9', 3, NULL, 'assets/topic/asb/26452.png', 'Pa Nase laughed out loud and said, "My grandfather lives in this rock. Grinding me on it is like sending me home. Thank you!"
The women decided not to grind him.', NULL);
INSERT INTO `card` (id, type, title, header, content, option) VALUES ('22530_10', 3, NULL, 'assets/topic/asb/26453.png', '"Let us throw him in the fire," said Yangbet.
Again, Pa Nase laughed and said, "My grandmother, who loved me so much, is the owner of all fires. Throwing me into fire is like sending me home. Thank you!" The women felt disappointed.', NULL);
INSERT INTO `card` (id, type, title, header, content, option) VALUES ('22530_11', 3, NULL, 'assets/topic/asb/26454.png', '"Let us fill a basket with fruit, put him inside and throw it into the river" Yabana suggested. At this, Pa Nase cried, "You have finally killed me!"
The women were happy. They filled a basket with fruit, put him inside and threw it into the river.', NULL);
INSERT INTO `card` (id, type, title, header, content, option) VALUES ('22530_12', 3, NULL, 'assets/topic/asb/26455.png', 'Once in the middle of the river, Pa Nase celebrated. He took some fruit and ate as he laughed at the women.', NULL);
INSERT INTO `card` (id, type, title, header, content, option) VALUES ('22530_13', 3, NULL, 'assets/topic/asb/26456.png', 'The women felt tricked and tried to hook Pa Nase.
But the fast flowing river did not allow them to catch him.', NULL);
INSERT INTO `card` (id, type, title, header, content, option) VALUES ('22530_14', 3, NULL, 'assets/topic/asb/26457.png', 'Pa Nase forgot that there was fishing net down the river. He was caught in the net and got trapped.
Nobody came to help him.', NULL);
INSERT INTO `card` (id, type, title, header, content, option) VALUES ('22530_15', 3, NULL, NULL, 'You are free to download, copy, translate or adapt this story and use the illustrations as long as you attribute in the following way:
Pa Nase the spider and the village women
Author -
Abdul  Koroma
Translation -
Abdul  Koroma
Illustration -
Kenneth Boyowa Okitikpi
Language -
English
Level -
First paragraphs
© African Storybook Initiative 2018
Creative Commons: Attribution 4.0
Source
www.africanstorybook.org', NULL);
INSERT INTO `card` (id, type, title, header, content, option) VALUES ('8877', 2, 'Clever cat', 'assets/topic/asb/8876.png', 'Ursula Nafula
Catherine Groenewald', 'FF9DEDE3');
INSERT INTO `card` (id, type, title, header, content, option) VALUES ('8877_3', 3, NULL, 'assets/topic/asb/8864.png', 'In my village,  lives Mister Kio. Mister Kio has a cat called Safi.', NULL);
INSERT INTO `card` (id, type, title, header, content, option) VALUES ('8877_4', 3, NULL, 'assets/topic/asb/8865.png', 'When Mister Kio goes to work,  he leaves the door open.', NULL);
INSERT INTO `card` (id, type, title, header, content, option) VALUES ('8877_5', 3, NULL, 'assets/topic/asb/8866.png', 'Safi sits in the doorway to watch over the house.', NULL);
INSERT INTO `card` (id, type, title, header, content, option) VALUES ('8877_6', 3, NULL, 'assets/topic/asb/8867.png', 'When the neighbour''s dog comes close,  Safi scares him away.', NULL);
INSERT INTO `card` (id, type, title, header, content, option) VALUES ('8877_7', 3, NULL, 'assets/topic/asb/8868.png', 'The dog runs away.', NULL);
INSERT INTO `card` (id, type, title, header, content, option) VALUES ('8877_8', 3, NULL, 'assets/topic/asb/8870.png', 'When a neighbour knocks at the door,  Safi is ready to scratch.', NULL);
INSERT INTO `card` (id, type, title, header, content, option) VALUES ('8877_9', 3, NULL, 'assets/topic/asb/8873.png', 'The neighbour turns and runs away.', NULL);
INSERT INTO `card` (id, type, title, header, content, option) VALUES ('8877_10', 3, NULL, 'assets/topic/asb/8871.png', 'When Safi is hungry,  she closes the door.', NULL);
INSERT INTO `card` (id, type, title, header, content, option) VALUES ('8877_11', 3, NULL, 'assets/topic/asb/8872.png', 'Safi eats her food.', NULL);
INSERT INTO `card` (id, type, title, header, content, option) VALUES ('8877_12', 3, NULL, 'assets/topic/asb/8874.png', 'Afterwards,  Safi jumps onto the sofa and sleeps,  "Purr! Purr! Purr!"', NULL);
INSERT INTO `card` (id, type, title, header, content, option) VALUES ('8877_13', 3, NULL, 'assets/topic/asb/8876.png', 'When Mister Kio returns,  Safi stretches happily and welcomes him home.', NULL);
INSERT INTO `card` (id, type, title, header, content, option) VALUES ('8877_14', 3, NULL, 'assets/topic/asb/8875.png', 'Mister Kio and Safi sit down,  and each of them reads the newspaper.', NULL);
INSERT INTO `card` (id, type, title, header, content, option) VALUES ('8877_15', 3, NULL, NULL, 'You are free to download, copy, translate or adapt this story and use the illustrations as long as you attribute in the following way:
Clever cat
Author -
Ursula Nafula
Translation -
Ursula Nafula
Illustration -
Catherine Groenewald
Language -
English
Level -
First sentences
© African Storybook Initiative 2014
Creative Commons: Attribution 4.0
Source
www.africanstorybook.org', NULL);
INSERT INTO `card` (id, type, title, header, content, option) VALUES ('22065', 2, 'Clever cat and foolish dog', 'assets/topic/asb/25483.png', 'Angesom Abadi
Salim Kasamba', 'FFB3C8FF');
INSERT INTO `card` (id, type, title, header, content, option) VALUES ('22065_3', 3, NULL, 'assets/topic/asb/25473.png', 'Long ago, there was a clever cat and a foolish dog.
The clever cat lived well in a wealthy family''s house. The foolish dog starved on the street.', NULL);
INSERT INTO `card` (id, type, title, header, content, option) VALUES ('22065_4', 3, NULL, 'assets/topic/asb/25474.png', '"How is it that a wealthy family allows you to live in their house?" the foolish dog angrily asked the clever cat.', NULL);
INSERT INTO `card` (id, type, title, header, content, option) VALUES ('22065_5', 3, NULL, 'assets/topic/asb/25475.png', 'The clever cat replied, "I live with people because I''m neat and I bury my waste. I ask for food saying, meow."', NULL);
INSERT INTO `card` (id, type, title, header, content, option) VALUES ('22065_6', 3, NULL, 'assets/topic/asb/25476.png', '"If I do the same, will they allow me to live in a house?" asked the dog.
The cat replied, "Yes, do what I have told you and they will allow you. They will give you food."', NULL);
INSERT INTO `card` (id, type, title, header, content, option) VALUES ('22065_7', 3, NULL, 'assets/topic/asb/25477.png', 'The foolish dog said, "Today, I will not hurt you."
"He almost got me this time. I don''t want to meet him again," said the cat, jumping away.', NULL);
INSERT INTO `card` (id, type, title, header, content, option) VALUES ('22065_8', 3, NULL, 'assets/topic/asb/25478.png', 'Based on the cat''s advice, the foolish dog barked loudly at the door of a house.', NULL);
INSERT INTO `card` (id, type, title, header, content, option) VALUES ('22065_9', 3, NULL, 'assets/topic/asb/25479.png', 'The owners of the house beat him with a stick.
"The cat fooled me. I will eat her when I get her," shouted the foolish dog.', NULL);
INSERT INTO `card` (id, type, title, header, content, option) VALUES ('22065_10', 3, NULL, 'assets/topic/asb/25480.png', 'While the cat was playing outside her house, the dog grabbed her.
He said, "Last time you fooled me. You told me to bark at the gate of a house. The owners beat me. Now I will eat you."', NULL);
INSERT INTO `card` (id, type, title, header, content, option) VALUES ('22065_11', 3, NULL, 'assets/topic/asb/25481.png', '"Listen dog, you can eat me, but let me play a little first. Just as I allow a rat to play before I eat her," replied the clever cat.', NULL);
INSERT INTO `card` (id, type, title, header, content, option) VALUES ('22065_12', 3, NULL, 'assets/topic/asb/25482.png', 'The dog asked, "How does the rat play?"
The cat replied, "I let it go a little, and I tell it to count to three. While the rat is counting, I grab it."', NULL);
INSERT INTO `card` (id, type, title, header, content, option) VALUES ('22065_13', 3, NULL, 'assets/topic/asb/25483.png', 'The foolish dog let the cat go free and told her to count to three.
The clever cat escaped and climbed up a tree.
"Come down from the tree and count to three," asked the dog.', NULL);
INSERT INTO `card` (id, type, title, header, content, option) VALUES ('22065_14', 3, NULL, 'assets/topic/asb/25484.png', 'The clever cat answered, "Listen dog, you will never get me again. I''m not a fool.
You can count to a hundred, a thousand or a million but you will never get me again!"', NULL);
INSERT INTO `card` (id, type, title, header, content, option) VALUES ('22065_15', 3, NULL, NULL, 'You are free to download, copy, translate or adapt this story and use the illustrations as long as you attribute in the following way:
Clever cat and foolish dog
Author -
Solomon Abreha and Teki''a Gebrehiwot
Translation -
Angesom Abadi
Illustration -
Salim Kasamba
Language -
English
Level -
First paragraphs
© African Storybook Initiative 2017
Creative Commons: Attribution 4.0
Source
www.africanstorybook.org', NULL);
INSERT INTO `card` (id, type, title, header, content, option) VALUES ('19402', 2, 'Cats and mice', 'assets/topic/asb/18908.png', 'Merga Debelo
Jacob Kono', 'FFF4E1B5');
INSERT INTO `card` (id, type, title, header, content, option) VALUES ('19402_3', 3, NULL, 'assets/topic/asb/18908.png', 'A long time ago,  the cats and the mice were friends. They worked together and played together. Cats married mice and mice married cats and they were happy.', NULL);
INSERT INTO `card` (id, type, title, header, content, option) VALUES ('19402_4', 3, NULL, 'assets/topic/asb/18909.png', 'But over time,  the mice became worried. "Some of our relatives have disappeared," they said. "Where are they?" "I haven''t seen my uncle for a long time," one mouse said. "And I haven''t seen my aunt," said another mouse. "My sister isn''t here anymore," a third mouse said. "And where''s my brother?" said a fourth mouse.', NULL);
INSERT INTO `card` (id, type, title, header, content, option) VALUES ('19402_5', 3, NULL, 'assets/topic/asb/18910.png', 'An old mouse shook his head. He looked sad. "I have bad news for you,  my friends," he said. "The cats are eating us. We must be very careful. Soon they will eat us all."', NULL);
INSERT INTO `card` (id, type, title, header, content, option) VALUES ('19402_6', 3, NULL, 'assets/topic/asb/18911.png', 'The mice were very frightened. The mothers said to their children,  "Don''t go outside. Be careful. The cats will catch you."', NULL);
INSERT INTO `card` (id, type, title, header, content, option) VALUES ('19402_7', 3, NULL, 'assets/topic/asb/18912.png', 'All the mice were careful now. They stayed inside their holes. They did not like to go outside.', NULL);
INSERT INTO `card` (id, type, title, header, content, option) VALUES ('19402_8', 3, NULL, 'assets/topic/asb/18913.png', 'Now,  the cats were worried too. "Where have all the mice gone?" they said. "We''re hungry. We haven''t got anything to eat." "They''re hiding from us," a big cat said. "How can we catch them?"', NULL);
INSERT INTO `card` (id, type, title, header, content, option) VALUES ('19402_9', 3, NULL, 'assets/topic/asb/18932.png', '"I''ve got an idea," another cat said. "Let''s go and visit the mice and arrange a wedding. We''ll ask for one of their daughters to marry one of our sons. There''ll be a feast and they''ll all be together in one place. We can catch them all at the same time. It will be a great feast for us!" "That''s a very good idea," said all the other cats.', NULL);
INSERT INTO `card` (id, type, title, header, content, option) VALUES ('19402_10', 3, NULL, 'assets/topic/asb/18933.png', 'So,  the cats sent their elders to the mice. "Give us one of your daughters," they said. "We want a wife for one of our sons."', NULL);
INSERT INTO `card` (id, type, title, header, content, option) VALUES ('19402_11', 3, NULL, 'assets/topic/asb/18934.png', 'The mice were very surprised. "We don''t trust you," they said. "You only want to eat us." "No! No!" answered the cats. "We''re very honest and sincere and want to be your friends. It''s true,  a long time ago some of us ate some of you. But we must forget that now. We''ll never eat you again."', NULL);
INSERT INTO `card` (id, type, title, header, content, option) VALUES ('19402_12', 3, NULL, 'assets/topic/asb/18935.png', 'The mice looked at the cats. The cats were all smiling. "All right," the mice said. "We agree. We will give one of our daughters to one of your sons."', NULL);
INSERT INTO `card` (id, type, title, header, content, option) VALUES ('19402_13', 3, NULL, 'assets/topic/asb/18936.png', 'The cats went home happily. "The wedding day will be wonderful," they said,  licking their lips.', NULL);
INSERT INTO `card` (id, type, title, header, content, option) VALUES ('19402_14', 3, NULL, 'assets/topic/asb/18937.png', 'The wedding day came. The mice were still very worried. "Stay near your holes," they said to their children. "Look,  the cats are coming. If they''re nice to us,  we''ll be nice to them. But if they try to eat us,  we''ll be ready."', NULL);
INSERT INTO `card` (id, type, title, header, content, option) VALUES ('19402_15', 3, NULL, 'assets/topic/asb/18938.png', 'The cats came down the road. They were singing a wedding song.', NULL);
INSERT INTO `card` (id, type, title, header, content, option) VALUES ('19402_16', 3, NULL, 'assets/topic/asb/18939.png', '"Can you hear the words of the song?" an old mouse asked a young one. "Yes," the young mouse said. "Catch them and eat them. Catch them and eat them!"', NULL);
INSERT INTO `card` (id, type, title, header, content, option) VALUES ('19402_17', 3, NULL, 'assets/topic/asb/18940.png', '"Then we must sing too," said the old mouse. He began to sing,  "Run,  mice,  run. Run,  mice,  run!" All the mice jumped into their holes and escaped.', NULL);
INSERT INTO `card` (id, type, title, header, content, option) VALUES ('19402_18', 3, NULL, 'assets/topic/asb/18941.png', 'The cats arrived and asked each other,  "Where is the bride for our son?" The old mouse put his head out of his hole. "We''ve learned our lesson," he said. "When your enemies pretend to be your friends,  you must be ready to run away."', NULL);
INSERT INTO `card` (id, type, title, header, content, option) VALUES ('19402_19', 3, NULL, NULL, 'You are free to download, copy, translate or adapt this story and use the illustrations as long as you attribute in the following way:
Cats and mice
Author -
Merga Debelo and Elizabeth Laird
Illustration -
Jacob Kono
Language -
English
Level -
First paragraphs
© African Storybook Initiative 2016
Creative Commons: Attribution 4.0
Source
www.africanstorybook.org
Original source
www.ethiopianfolktales.com', NULL);
INSERT INTO `card` (id, type, title, header, content, option) VALUES ('15558', 2, 'Selemeng''s cats', 'assets/topic/asb/12005.png', 'Khothatso Ranoosi and Marion Drew
Marleen Visser and Wiehan de Jager', 'FF9DEDE3');
INSERT INTO `card` (id, type, title, header, content, option) VALUES ('15558_3', 3, NULL, 'assets/topic/asb/12005.png', 'Selemeng loves cats. There are many cats at her house.', NULL);
INSERT INTO `card` (id, type, title, header, content, option) VALUES ('15558_4', 3, NULL, 'assets/topic/asb/12006.png', 'Selemeng has one black cat. This cat eats a lot of meat.', NULL);
INSERT INTO `card` (id, type, title, header, content, option) VALUES ('15558_5', 3, NULL, 'assets/topic/asb/12007.png', 'Selemeng has one fat cat. This cat eats everything.', NULL);
INSERT INTO `card` (id, type, title, header, content, option) VALUES ('15558_6', 3, NULL, 'assets/topic/asb/12008.png', 'Cat number three,  runs up a tree. This cat gets stuck in the tree.', NULL);
INSERT INTO `card` (id, type, title, header, content, option) VALUES ('15558_7', 3, NULL, 'assets/topic/asb/12028.png', 'Selemeng climbs the tree. She gets stuck with cat three. Selemeng''s mother has to help them get down.', NULL);
INSERT INTO `card` (id, type, title, header, content, option) VALUES ('15558_8', 3, NULL, 'assets/topic/asb/12009.png', 'Selemeng has two lazy cats. They lie outside in the sun all day.', NULL);
INSERT INTO `card` (id, type, title, header, content, option) VALUES ('15558_9', 3, NULL, 'assets/topic/asb/12019.png', 'Selemeng has three busy cats. They catch rats in the kitchen at night.', NULL);
INSERT INTO `card` (id, type, title, header, content, option) VALUES ('15558_10', 3, NULL, 'assets/topic/asb/12020.png', 'Selemeng has one dog. His name is Lirafi. Lirafi has no friends. He is sad.', NULL);
INSERT INTO `card` (id, type, title, header, content, option) VALUES ('15558_11', 3, NULL, 'assets/topic/asb/12021.png', 'Selemeng''s cats do not like Lirafi. They chase him out of the house. Lirafi runs away.', NULL);
INSERT INTO `card` (id, type, title, header, content, option) VALUES ('15558_12', 3, NULL, 'assets/topic/asb/12022.png', 'Selmeng finds Lirafi and brings him home. The cats are not happy. They do not want to see Lirafi again.', NULL);
INSERT INTO `card` (id, type, title, header, content, option) VALUES ('15558_13', 3, NULL, 'assets/topic/asb/12024.png', 'How many cats does Selemeng have? She has eight cats.', NULL);
INSERT INTO `card` (id, type, title, header, content, option) VALUES ('15558_14', 3, NULL, 'assets/topic/asb/12023.png', 'How many dogs does Selemeng have? She has one dog. Where is Lirafi now?', NULL);
INSERT INTO `card` (id, type, title, header, content, option) VALUES ('15558_15', 3, NULL, NULL, 'How many cats do you have at home? How many dogs do you have at home?', NULL);
INSERT INTO `card` (id, type, title, header, content, option) VALUES ('15558_16', 3, NULL, NULL, 'You are free to download, copy, translate or adapt this story and use the illustrations as long as you attribute in the following way:
Selemeng''s cats
Author -
Khothatso Ranoosi and Marion Drew
Translation -
Khothatso Ranoosi and Marion Drew
Illustration -
Marleen Visser and Wiehan de Jager
Language -
English
Level -
First sentences
© African Storybook Initiative 2015
Creative Commons: Attribution 4.0
Source
www.africanstorybook.org
Original source
http://paleng.weebly.com/.', NULL);
INSERT INTO `card` (id, type, title, header, content, option) VALUES ('22083', 2, 'The rat', 'assets/topic/asb/7506.png', 'Cornelius Wambi Gulere
Zablon Alex Nguku', 'FF9DEDE3');
INSERT INTO `card` (id, type, title, header, content, option) VALUES ('22083_3', 3, NULL, 'assets/topic/asb/7496.png', 'Once upon a time,  there lived two rats. One rat lived in the bush.', NULL);
INSERT INTO `card` (id, type, title, header, content, option) VALUES ('22083_4', 3, NULL, 'assets/topic/asb/7497.png', 'The other rat lived in a house.', NULL);
INSERT INTO `card` (id, type, title, header, content, option) VALUES ('22083_5', 3, NULL, 'assets/topic/asb/7498.png', 'One day,  the rat that lived in the house said to the rat that lived in the bush,  "You eat badly,  sleep badly,  and it rains on you."', NULL);
INSERT INTO `card` (id, type, title, header, content, option) VALUES ('22083_6', 3, NULL, 'assets/topic/asb/7499.png', '"But us,  we sleep in chief''s houses. We eat many different kinds of food. One day come and visit me and see," said the house rat. "I will come this very night," said the bush rat. "I''m ready like a straw for taking soda."', NULL);
INSERT INTO `card` (id, type, title, header, content, option) VALUES ('22083_7', 3, NULL, 'assets/topic/asb/7500.png', 'Meanwhile the owner of the house was furious. He cursed,  "These rats that eat my food,  they will see!" This time,  he set a trap with sugar.', NULL);
INSERT INTO `card` (id, type, title, header, content, option) VALUES ('22083_8', 3, NULL, 'assets/topic/asb/7501.png', 'The rats came in to eat the goodies in the house. They came laughing,  "Chuchuchichicheche!"', NULL);
INSERT INTO `card` (id, type, title, header, content, option) VALUES ('22083_9', 3, NULL, 'assets/topic/asb/7502.png', 'When they reached the trap the house rat said,  "Let me taste this sugar. You see the goodies we eat here."', NULL);
INSERT INTO `card` (id, type, title, header, content, option) VALUES ('22083_10', 3, NULL, 'assets/topic/asb/7503.png', 'But before the rat could take the sugar,  the trap snapped,  PA! The trap caught the rat''s head,  and his eyes bulged like eggplants.', NULL);
INSERT INTO `card` (id, type, title, header, content, option) VALUES ('22083_11', 3, NULL, 'assets/topic/asb/7504.png', 'The bush rat just looked,  amazed. He said,  "E. Heee! My friend,  which goodies did you eat that made your eyes bulge?"', NULL);
INSERT INTO `card` (id, type, title, header, content, option) VALUES ('22083_12', 3, NULL, 'assets/topic/asb/7505.png', 'But the house rat could not reply.', NULL);
INSERT INTO `card` (id, type, title, header, content, option) VALUES ('22083_13', 3, NULL, 'assets/topic/asb/7505.png', 'The bush rat left the house saying,  "Haa! I will not manage these goodies you praise."', NULL);
INSERT INTO `card` (id, type, title, header, content, option) VALUES ('22083_14', 3, NULL, 'assets/topic/asb/7506.png', 'Your worst home is better than your neighbour''s best home.', NULL);
INSERT INTO `card` (id, type, title, header, content, option) VALUES ('22083_15', 3, NULL, NULL, 'You are free to download, copy, translate or adapt this story and use the illustrations as long as you attribute in the following way:
The rat
Author -
Nambi  Sseppuuya Community Resource Centre
Translation -
Cornelius Wambi Gulere
Illustration -
Zablon Alex Nguku
Language -
English
Level -
First sentences
© Text: Ugandan Community Libraries Association (Ugcla; Illusrations: African Storybook Initiative 2014
Creative Commons: Attribution 4.0
Source
www.africanstorybook.org
Original source
http://ugcla.org', NULL);
INSERT INTO `card` (id, type, title, header, content, option) VALUES ('21127', 2, 'Cats and mice', 'assets/topic/asb/18908.png', 'Merga Debelo
Jacob Kono', 'FFB3C8FF');
INSERT INTO `card` (id, type, title, header, content, option) VALUES ('21127_3', 3, NULL, 'assets/topic/asb/18908.png', 'A long time ago,  the cats and the mice were friends. They worked together and played together. Cats married mice and mice married cats and they were happy.', NULL);
INSERT INTO `card` (id, type, title, header, content, option) VALUES ('21127_4', 3, NULL, 'assets/topic/asb/18909.png', 'But over time,  the mice became worried. "Some of our relatives have disappeared," they said. "Where are they?" "I haven''t seen my uncle for a long time," one mouse said. "And I haven''t seen my aunt," said another mouse. "My sister isn''t here anymore," a third mouse said. "And where''s my brother?" said a fourth mouse.', NULL);
INSERT INTO `card` (id, type, title, header, content, option) VALUES ('21127_5', 3, NULL, 'assets/topic/asb/18910.png', 'An old mouse shook his head. He looked sad. "I have bad news for you,  my friends," he said. "The cats are eating us. We must be very careful. Soon they will eat us all."', NULL);
INSERT INTO `card` (id, type, title, header, content, option) VALUES ('21127_6', 3, NULL, 'assets/topic/asb/18911.png', 'The mice were very frightened. The mothers said to their children,  "Don''t go outside. Be careful. The cats will catch you."', NULL);
INSERT INTO `card` (id, type, title, header, content, option) VALUES ('21127_7', 3, NULL, 'assets/topic/asb/18912.png', 'All the mice were careful now. They stayed inside their holes. They did not like to go outside.', NULL);
INSERT INTO `card` (id, type, title, header, content, option) VALUES ('21127_8', 3, NULL, 'assets/topic/asb/18913.png', 'Now,  the cats were worried too. "Where have all the mice gone?" they said. "We''re hungry. We haven''t got anything to eat." "They''re hiding from us," a big cat said. "How can we catch them?"', NULL);
INSERT INTO `card` (id, type, title, header, content, option) VALUES ('21127_9', 3, NULL, 'assets/topic/asb/18932.png', '"I''ve got an idea," another cat said. "Let''s go and visit the mice and arrange a wedding. We''ll ask for one of their daughters to marry one of our sons. There''ll be a feast and they''ll all be together in one place. We can catch them all at the same time. It will be a great feast for us!" "That''s a very good idea," said all the other cats.', NULL);
INSERT INTO `card` (id, type, title, header, content, option) VALUES ('21127_10', 3, NULL, 'assets/topic/asb/18933.png', 'So,  the cats sent their elders to the mice. "Give us one of your daughters," they said. "We want a wife for one of our sons."', NULL);
INSERT INTO `card` (id, type, title, header, content, option) VALUES ('21127_11', 3, NULL, 'assets/topic/asb/18934.png', 'The mice were very surprised. "We don''t trust you," they said. "You only want to eat us." "No! No!" answered the cats. "We''re very honest and sincere and want to be your friends. It''s true,  a long time ago some of us ate some of you. But we must forget that now. We''ll never eat you again."', NULL);
INSERT INTO `card` (id, type, title, header, content, option) VALUES ('21127_12', 3, NULL, 'assets/topic/asb/18935.png', 'The mice looked at the cats. The cats were all smiling. "All right," the mice said. "We agree. We will give one of our daughters to one of your sons."', NULL);
INSERT INTO `card` (id, type, title, header, content, option) VALUES ('21127_13', 3, NULL, 'assets/topic/asb/18936.png', 'The cats went home happily. "The wedding day will be wonderful," they said,  licking their lips.', NULL);
INSERT INTO `card` (id, type, title, header, content, option) VALUES ('21127_14', 3, NULL, 'assets/topic/asb/18937.png', 'The wedding day came. The mice were still very worried. "Stay near your holes," they said to their children. "Look,  the cats are coming. If they''re nice to us,  we''ll be nice to them. But if they try to eat us,  we''ll be ready."', NULL);
INSERT INTO `card` (id, type, title, header, content, option) VALUES ('21127_15', 3, NULL, 'assets/topic/asb/18938.png', 'The cats came down the road. They were singing a wedding song.', NULL);
INSERT INTO `card` (id, type, title, header, content, option) VALUES ('21127_16', 3, NULL, 'assets/topic/asb/18939.png', '"Can you hear the words of the song?" an old mouse asked a young one. "Yes," the young mouse said. "Catch them and eat them. Catch them and eat them!"', NULL);
INSERT INTO `card` (id, type, title, header, content, option) VALUES ('21127_17', 3, NULL, 'assets/topic/asb/18940.png', '"Then we must sing too," said the old mouse. He began to sing,  "Run,  mice,  run. Run,  mice,  run!" All the mice jumped into their holes and escaped.', NULL);
INSERT INTO `card` (id, type, title, header, content, option) VALUES ('21127_18', 3, NULL, 'assets/topic/asb/18941.png', 'The cats arrived and asked each other,  "Where is the bride for our son?" The old mouse put his head out of his hole. "We''ve learned our lesson," he said. "When your enemies pretend to be your friends,  you must be ready to run away."', NULL);
INSERT INTO `card` (id, type, title, header, content, option) VALUES ('21127_19', 3, NULL, NULL, 'You are free to download, copy, translate or adapt this story and use the illustrations as long as you attribute in the following way:
Cats and mice
Author -
Merga Debelo and Elizabeth Laird
Illustration -
Jacob Kono
Language -
English
Level -
First paragraphs
© African Storybook Initiative 2016
Creative Commons: Attribution 4.0
Source
www.africanstorybook.org
Original source
www.ethiopianfolktales.com', NULL);
INSERT INTO `card` (id, type, title, header, content, option) VALUES ('31418', 2, 'Petros and his dog', 'assets/topic/asb/25201.png', 'Bethelihem Waltenegus
Brian Wambi', 'FF9DEDE3');
INSERT INTO `card` (id, type, title, header, content, option) VALUES ('31418_3', 3, NULL, 'assets/topic/asb/25198.png', 'Once upon a time, there was a boy called Petros. He was a very clever student. He came first in his class and his parents were proud of him. But Petros wished he had a brother, a sister, or a pet to play with.', NULL);
INSERT INTO `card` (id, type, title, header, content, option) VALUES ('31418_4', 3, NULL, 'assets/topic/asb/25199.png', 'One day he asked his mom, "Can I play outside? I have studied all morning and I want to play with my friends now." His mom replied, "All right! Go, but don''t be late!"', NULL);
INSERT INTO `card` (id, type, title, header, content, option) VALUES ('31418_5', 3, NULL, 'assets/topic/asb/25200.png', 'On the way to the playground, Petros saw something unusual. It was a little dog with white and brown spots. The dog was stuck in a hole and he was scared. "Don''t worry, I won''t hurt you. I will help you," said Petros.', NULL);
INSERT INTO `card` (id, type, title, header, content, option) VALUES ('31418_6', 3, NULL, 'assets/topic/asb/25201.png', 'Petros helped the dog out of the hole. He barked with joy, dancing around the boy and licking him. "You are going to be my dog," said Petros happily as they continued to the playground.', NULL);
INSERT INTO `card` (id, type, title, header, content, option) VALUES ('31418_7', 3, NULL, 'assets/topic/asb/25197.png', 'The dog ran far ahead. When Petros'' friends saw the dog running towards them, they said, "This dog might be dangerous. It might bite us." They picked up stones and threw them at the little dog. Petros was running and shouting for his friends to stop.', NULL);
INSERT INTO `card` (id, type, title, header, content, option) VALUES ('31418_8', 3, NULL, 'assets/topic/asb/25202.png', 'The friends did not hear Petros. The small dog ran as fast as he could to save his life. Then he hid from the boys who were chasing him. They did not find him.', NULL);
INSERT INTO `card` (id, type, title, header, content, option) VALUES ('31418_9', 3, NULL, 'assets/topic/asb/25203.png', 'Petros'' friends went back to the playground and found Petros crying. "What is wrong?" asked one of them. "You chased my dog!" cried Petros. They were shocked and said, "We didn''t know it was your dog. We''re sorry. Let''s find him."', NULL);
INSERT INTO `card` (id, type, title, header, content, option) VALUES ('31418_10', 3, NULL, 'assets/topic/asb/25204.png', '"It''s no use. We will never find my dog," said Petros in a hopeless voice. "Yes, we will find him. Get up Petros, we will find your dog. We must not lose hope," his friends said, consoling him.', NULL);
INSERT INTO `card` (id, type, title, header, content, option) VALUES ('31418_11', 3, NULL, 'assets/topic/asb/25205.png', 'Petros and his friends searched for the dog all afternoon until they got tired. Finally, Petros said, "There is one last place where the dog could be. If we don''t find him there, I will search no more. Let''s go to the river."', NULL);
INSERT INTO `card` (id, type, title, header, content, option) VALUES ('31418_12', 3, NULL, 'assets/topic/asb/25206.png', 'When the dog saw the boys coming, he was scared. He tried to cross the river but he was scared of the water. He was about to jump into the river, when he heard Petros calling, "Stop, don''t jump!"', NULL);
INSERT INTO `card` (id, type, title, header, content, option) VALUES ('31418_13', 3, NULL, 'assets/topic/asb/25207.png', 'The dog turned around, saw Petros and ran to him. Petros hugged the dog and the dog licked Petros''s face. "My friend! I thought you were gone forever!" cried Petros.', NULL);
INSERT INTO `card` (id, type, title, header, content, option) VALUES ('31418_14', 3, NULL, 'assets/topic/asb/25208.png', 'Back at the playground, Petros gave his friends some advice. "Before you make decisions, think about what could happen as a result. Be careful of hurting others." His friends thought about his words and said, "We are sorry. The dog will be our friend too."', NULL);
INSERT INTO `card` (id, type, title, header, content, option) VALUES ('31418_15', 3, NULL, NULL, 'You are free to download, copy, translate or adapt this story and use the illustrations as long as you attribute in the following way:
Petros and his dog
Author -
Bethelihem Waltenegus
Illustration -
Brian Wambi
Language -
English
Level -
First paragraphs
© African Storybook Initiative 2017
Creative Commons: Attribution 4.0
Source
www.africanstorybook.org', NULL);
INSERT INTO `card` (id, type, title, header, content, option) VALUES ('21809', 2, 'Petros and his dog', 'assets/topic/asb/25201.png', 'Bethelihem Waltenegus
Brian Wambi', 'FFB3C8FF');
INSERT INTO `card` (id, type, title, header, content, option) VALUES ('21809_3', 3, NULL, 'assets/topic/asb/25198.png', 'Once upon a time, there was a boy called Petros. He was a very clever student. He came first in his class and his parents were proud of him. But Petros wished he had a brother, a sister, or a pet to play with.', NULL);
INSERT INTO `card` (id, type, title, header, content, option) VALUES ('21809_4', 3, NULL, 'assets/topic/asb/25199.png', 'One day he asked his mom, "Can I play outside? I have studied all morning and I want to play with my friends now." His mom replied, "All right! Go, but don''t be late!"', NULL);
INSERT INTO `card` (id, type, title, header, content, option) VALUES ('21809_5', 3, NULL, 'assets/topic/asb/25200.png', 'On the way to the playground, Petros saw something unusual. It was a little dog with white and brown spots. The dog was stuck in a hole and he was scared. "Don''t worry, I won''t hurt you. I will help you," said Petros.', NULL);
INSERT INTO `card` (id, type, title, header, content, option) VALUES ('21809_6', 3, NULL, 'assets/topic/asb/25201.png', 'Petros helped the dog out of the hole. He barked with joy, dancing around the boy and licking him. "You are going to be my dog," said Petros happily as they continued to the playground.', NULL);
INSERT INTO `card` (id, type, title, header, content, option) VALUES ('21809_7', 3, NULL, 'assets/topic/asb/25197.png', 'The dog ran far ahead. When Petros'' friends saw the dog running towards them, they said, "This dog might be dangerous. It might bite us." They picked up stones and threw them at the little dog. Petros was running and shouting for his friends to stop.', NULL);
INSERT INTO `card` (id, type, title, header, content, option) VALUES ('21809_8', 3, NULL, 'assets/topic/asb/25202.png', 'The friends did not hear Petros. The small dog ran as fast as he could to save his life. Then he hid from the boys who were chasing him. They did not find him.', NULL);
INSERT INTO `card` (id, type, title, header, content, option) VALUES ('21809_9', 3, NULL, 'assets/topic/asb/25203.png', 'Petros'' friends went back to the playground and found Petros crying. "What is wrong?" asked one of them. "You chased my dog!" cried Petros. They were shocked and said, "We didn''t know it was your dog. We''re sorry. Let''s find him."', NULL);
INSERT INTO `card` (id, type, title, header, content, option) VALUES ('21809_10', 3, NULL, 'assets/topic/asb/25204.png', '"It''s no use. We will never find my dog," said Petros in a hopeless voice. "Yes, we will find him. Get up Petros, we will find your dog. We must not lose hope," his friends said, consoling him.', NULL);
INSERT INTO `card` (id, type, title, header, content, option) VALUES ('21809_11', 3, NULL, 'assets/topic/asb/25205.png', 'Petros and his friends searched for the dog all afternoon until they got tired. Finally, Petros said, "There is one last place where the dog could be. If we don''t find him there, I will search no more. Let''s go to the river."', NULL);
INSERT INTO `card` (id, type, title, header, content, option) VALUES ('21809_12', 3, NULL, 'assets/topic/asb/25206.png', 'When the dog saw the boys coming, he was scared. He tried to cross the river but he was scared of the water. He was about to jump into the river, when he heard Petros calling, "Stop, don''t jump!"', NULL);
INSERT INTO `card` (id, type, title, header, content, option) VALUES ('21809_13', 3, NULL, 'assets/topic/asb/25207.png', 'The dog turned around, saw Petros and ran to him. Petros hugged the dog and the dog licked Petros''s face. "My friend! I thought you were gone forever!" cried Petros.', NULL);
INSERT INTO `card` (id, type, title, header, content, option) VALUES ('21809_14', 3, NULL, 'assets/topic/asb/25208.png', 'Back at the playground, Petros gave his friends some advice. "Before you make decisions, think about what could happen as a result. Be careful of hurting others." His friends thought about his words and said, "We are sorry. The dog will be our friend too."', NULL);
INSERT INTO `card` (id, type, title, header, content, option) VALUES ('21809_15', 3, NULL, NULL, 'You are free to download, copy, translate or adapt this story and use the illustrations as long as you attribute in the following way:
Petros and his dog
Author -
Bethelihem Waltenegus
Illustration -
Brian Wambi
Language -
English
Level -
First paragraphs
© African Storybook Initiative 2017
Creative Commons: Attribution 4.0
Source
www.africanstorybook.org', NULL);
INSERT INTO `card` (id, type, title, header, content, option) VALUES ('29688', 2, 'Donkey', 'assets/topic/asb/26642.png', 'Little Zebra Books
Marleen Visser', 'FFF4E1B5');
INSERT INTO `card` (id, type, title, header, content, option) VALUES ('29688_3', 3, NULL, 'assets/topic/asb/26643.png', 'Dog', NULL);
INSERT INTO `card` (id, type, title, header, content, option) VALUES ('29688_4', 3, NULL, 'assets/topic/asb/26644.png', 'Duck', NULL);
INSERT INTO `card` (id, type, title, header, content, option) VALUES ('29688_5', 3, NULL, 'assets/topic/asb/26645.png', 'Cow', NULL);
INSERT INTO `card` (id, type, title, header, content, option) VALUES ('29688_6', 3, NULL, 'assets/topic/asb/26642.png', 'Donkey', NULL);
INSERT INTO `card` (id, type, title, header, content, option) VALUES ('29688_7', 3, NULL, 'assets/topic/asb/26647.png', 'Mouse', NULL);
INSERT INTO `card` (id, type, title, header, content, option) VALUES ('29688_8', 3, NULL, 'assets/topic/asb/26648.png', 'Cat', NULL);
INSERT INTO `card` (id, type, title, header, content, option) VALUES ('29688_9', 3, NULL, 'assets/topic/asb/26649.png', 'Sheep', NULL);
INSERT INTO `card` (id, type, title, header, content, option) VALUES ('29688_10', 3, NULL, 'assets/topic/asb/26687.png', 'Goat', NULL);
INSERT INTO `card` (id, type, title, header, content, option) VALUES ('29688_11', 3, NULL, 'assets/topic/asb/26652.png', 'Pig', NULL);
INSERT INTO `card` (id, type, title, header, content, option) VALUES ('29688_12', 3, NULL, 'assets/topic/asb/26651.png', 'Chicken', NULL);
INSERT INTO `card` (id, type, title, header, content, option) VALUES ('29688_13', 3, NULL, 'assets/topic/asb/26647.png', NULL, NULL);
INSERT INTO `card` (id, type, title, header, content, option) VALUES ('29688_14', 3, NULL, NULL, 'You are free to download, copy, translate or adapt this story and use the illustrations as long as you attribute in the following way:
Donkey
Author -
Little Zebra Books
Illustration -
Marleen Visser
Language -
English
Level -
First words
© African Storybook Initiative 2018
Creative Commons: Attribution 4.0
Source
www.africanstorybook.org', NULL);
INSERT INTO `card` (id, type, title, header, content, option) VALUES ('24422', 2, 'Three Best Friends', 'assets/topic/asb/25842.png', 'Catherine  Amia
Wiehan de Jager, Idowu Abayomi Oluwasegun, Andrews Opoku Antwi, Michelangelo Quaye Anang and Rob Owen', 'FF9DEDE3');
INSERT INTO `card` (id, type, title, header, content, option) VALUES ('24422_3', 3, NULL, 'assets/topic/asb/1497.png', 'Once upon a time, there lived three best friends; Jude, Becky and Rachael.', NULL);
INSERT INTO `card` (id, type, title, header, content, option) VALUES ('24422_4', 3, NULL, 'assets/topic/asb/19328.png', 'They always did their house chores together; they actually went to each other''s homes and helped each other.', NULL);
INSERT INTO `card` (id, type, title, header, content, option) VALUES ('24422_5', 3, NULL, 'assets/topic/asb/19336.png', 'Their parents were so pleased with them.
Each time they finished their chores, they gave them nice things to eat such as very good food, fruits, biscuits and other nice things.', NULL);
INSERT INTO `card` (id, type, title, header, content, option) VALUES ('24422_6', 3, NULL, 'assets/topic/asb/13497.png', 'One day, they went to the well, and spent a very long time there. They forgot that it was getting late. The games they were playing were just to nice  to help them remember that they had to go home.', NULL);
INSERT INTO `card` (id, type, title, header, content, option) VALUES ('24422_7', 3, NULL, NULL, 'They even forgot about the warning they had been given about what always happened when one left the well late... Can you guess what the warning was?', NULL);
INSERT INTO `card` (id, type, title, header, content, option) VALUES ('24422_8', 3, NULL, NULL, 'It''s only when people started to leave the well one by one, that they remembered that it was getting late and they needed to go home as well.', NULL);
INSERT INTO `card` (id, type, title, header, content, option) VALUES ('24422_9', 3, NULL, 'assets/topic/asb/931.png', 'However, on their way home, grass covered them up!', NULL);
INSERT INTO `card` (id, type, title, header, content, option) VALUES ('24422_10', 3, NULL, NULL, 'As they were still struggling to get out, it completely engulfed them! And they  totally disappeared!
Their parents looked for them in vain. They all gathered together at the village local council... and sought for help. Most of the villagers helped them search for the missing children, but their search was in vain.', NULL);
INSERT INTO `card` (id, type, title, header, content, option) VALUES ('24422_11', 3, NULL, 'assets/topic/asb/25390.png', 'Early in the morning, one of the village women went to  the well to fetch water.
She was shocked to find the missing children struggling to get out of the grass...', NULL);
INSERT INTO `card` (id, type, title, header, content, option) VALUES ('24422_12', 3, NULL, 'assets/topic/asb/26427.png', 'She helped them get out of the entangled grass. And immediately took them to the village local council. And everyone was excited to see them.
They told them everything that had happened to them. And this was a lesson for everyone to learn... including the grown ups.', NULL);
INSERT INTO `card` (id, type, title, header, content, option) VALUES ('24422_13', 3, NULL, NULL, 'You are free to download, copy, translate or adapt this story and use the illustrations as long as you attribute in the following way:
Three Best Friends
Author -
Catherine  Amia
Illustration -
Wiehan de Jager, Idowu Abayomi Oluwasegun, Andrews Opoku Antwi, Michelangelo Quaye Anang and Rob Owen
Language -
English
Level -
First paragraphs
© African Storybook Initiative 2018
Creative Commons: Attribution 4.0
Source
www.africanstorybook.org', NULL);
INSERT INTO `card` (id, type, title, header, content, option) VALUES ('9527', 2, 'The friend I miss', 'assets/topic/asb/8658.png', 'Ursula Nafula
Benjamin Mitchley, Catherine Groenewald, Rijuta Ghate and Wiehan de Jager', 'FF9DEDE3');
INSERT INTO `card` (id, type, title, header, content, option) VALUES ('9527_3', 3, NULL, 'assets/topic/asb/2444.png', 'Every morning when I woke up I hurried to eat my breakfast.', NULL);
INSERT INTO `card` (id, type, title, header, content, option) VALUES ('9527_4', 3, NULL, 'assets/topic/asb/2450.png', 'Then I would take my blue blouse and run out of the house to find my friend Muthoni.', NULL);
INSERT INTO `card` (id, type, title, header, content, option) VALUES ('9527_5', 3, NULL, 'assets/topic/asb/2452.png', 'Once I found Muthoni,  we would forget everything else.', NULL);
INSERT INTO `card` (id, type, title, header, content, option) VALUES ('9527_6', 3, NULL, 'assets/topic/asb/1191.png', 'Muthoni and I would play hide and seek. I hid in big trees,  while Muthoni went behind huts.', NULL);
INSERT INTO `card` (id, type, title, header, content, option) VALUES ('9527_7', 3, NULL, NULL, 'Muthoni and I went to the village well together. We went to fetch firewood together. We went to school together.', NULL);
INSERT INTO `card` (id, type, title, header, content, option) VALUES ('9527_8', 3, NULL, 'assets/topic/asb/1514.png', 'We promised each other that we would work hard in school and graduate.', NULL);
INSERT INTO `card` (id, type, title, header, content, option) VALUES ('9527_9', 3, NULL, 'assets/topic/asb/1517.png', 'But one day,  Muthoni did not come to school. I stood at the door to our class and waited for her to arrive. But she did not come.', NULL);
INSERT INTO `card` (id, type, title, header, content, option) VALUES ('9527_10', 3, NULL, 'assets/topic/asb/2481.png', 'When I returned home that day,  I told my mother about my friend Muthoni.', NULL);
INSERT INTO `card` (id, type, title, header, content, option) VALUES ('9527_11', 3, NULL, 'assets/topic/asb/8666.png', 'I continued with school,  but I missed Muthoni very much.', NULL);
INSERT INTO `card` (id, type, title, header, content, option) VALUES ('9527_12', 3, NULL, 'assets/topic/asb/8641.png', 'But every day I went to school,  I looked for Muthoni everywhere.', NULL);
INSERT INTO `card` (id, type, title, header, content, option) VALUES ('9527_13', 3, NULL, 'assets/topic/asb/1812.png', 'Now I am a lady,  but I still miss my friend Muthoni.', NULL);
INSERT INTO `card` (id, type, title, header, content, option) VALUES ('9527_14', 3, NULL, NULL, 'You are free to download, copy, translate or adapt this story and use the illustrations as long as you attribute in the following way:
The friend I miss
Author -
Ursula Nafula
Illustration -
Benjamin Mitchley, Catherine Groenewald, Rijuta Ghate and Wiehan de Jager
Language -
English
Level -
First sentences
© African Storybook Initiative 2014
Creative Commons: Attribution 4.0
Source
www.africanstorybook.org', NULL);
INSERT INTO `card` (id, type, title, header, content, option) VALUES ('31547', 2, 'Aku the Sun Maker', 'assets/topic/asb/26422.png', 'Aisha  Nelson
Idowu Abayomi Oluwasegun', 'FF9DEDE3');
INSERT INTO `card` (id, type, title, header, content, option) VALUES ('31547_3', 3, NULL, 'assets/topic/asb/26422.png', 'Long ago in a town called Sunland lived a girl with very long legs. Aku was her name.', NULL);
INSERT INTO `card` (id, type, title, header, content, option) VALUES ('31547_4', 3, NULL, 'assets/topic/asb/26423.png', 'Aku wondered about a lot of things.
Sometimes Aku''s father, Ataa Ankra, a fisherman let her go to the river with him to fish in his canoe. While Aku fished with her father, she wondered why the sun always looked at her from the sky.
Sometimes Aku helped her mother, A''anua to cook. Aku wondered why palm oil looked red in calabash but yellow in yam pottage.', NULL);
INSERT INTO `card` (id, type, title, header, content, option) VALUES ('31547_5', 3, NULL, 'assets/topic/asb/26424.png', 'And Aku wondered why Oti, her brother, and the other boys would not let her play football with them. Once, Aku asked the boys why. They only laughed and told her to go and play with the girls.
The girls too would not play with Aku. "Your legs are too long," they always said.
Aku was left lonely. She had no one to share her many thoughts with.', NULL);
INSERT INTO `card` (id, type, title, header, content, option) VALUES ('31547_6', 3, NULL, 'assets/topic/asb/26425.png', 'But Aku soon became friends with the sun.
She looked forward to seeing the sun every morning when she woke up. The cocks crowed to announce sunrise. Aku loved to dance in the early morning sun, her shadow dancing with her. The tweeting of birds made the cock crow music sweeter.
The sun filled Aku with happiness. The sun made Aku smile a lot.', NULL);
INSERT INTO `card` (id, type, title, header, content, option) VALUES ('31547_7', 3, NULL, 'assets/topic/asb/26426.png', 'But one day, the sun did not rise. Aku waited for the cocks to crow. They did not. The birds too did not tweet.
And without the sun in Sunland, people could not go about their daily activities. Farmers  could not go to tend their crops. And the sky was grey and sad. Ataa Ankra could not go fishing. Children too could not prepare for school. And women could not go to the market to haggle over the prices of soap and kerosene.
Aku missed all these. She missed the cock crows and bird tweets too. And she missed the sunrise more.', NULL);
INSERT INTO `card` (id, type, title, header, content, option) VALUES ('31547_8', 3, NULL, 'assets/topic/asb/26427.png', 'Everyone wanted to know where the sun went. "Maybe the sun is dead," some people said. "The sun has travelled," said others.
Aku disagreed, "No, the sun is not dead. And the sun has not travelled. Or it would have first told me."
Some people chuckled at what Aku said. She continued anyway, "I tell the truth. The sun is my friend. The sun is not dead. It is only –". But no one would hear anymore. Everyone forgot about the sun. They laughed hard at Aku. The children laughed too.
The children''s laughter pained Aku the most.', NULL);
INSERT INTO `card` (id, type, title, header, content, option) VALUES ('31547_9', 3, NULL, 'assets/topic/asb/26428.png', 'Sad like the sky, Aku hastened into her house.
On the way, she accidentally kicked her brother''s football. The ball rolled into the kitchen. There was a calabash of palm oil in a corner of the kitchen. The ball hit the calabash. The calabash toppled.
The palm oil in it spilled. The palm oil soiled the ball.', NULL);
INSERT INTO `card` (id, type, title, header, content, option) VALUES ('31547_10', 3, NULL, 'assets/topic/asb/26429.png', 'Oti came into the house with one of his friends to fetch his ball. He saw the toppled calabash, the spilled palm oil. He saw his soiled ball too.
Before he could run out to tell A''nua what Aku had done, Aku picked up the ball and ran off. The boys followed Aku. They all met A''anua outside the house. A''anua saw Aku holding the ball. Before she could call Aku and scold her, Aku ran past her.
Oti, A''anua and all the people of Sunland watched Aku run away. They wondered what she would do with a soiled ball.', NULL);
INSERT INTO `card` (id, type, title, header, content, option) VALUES ('31547_11', 3, NULL, 'assets/topic/asb/26430.png', 'Aku stopped when she got to the middle of the town square. She put the ball on the ground.
With a mighty swing of her hands and a swift pull of one long leg behind the other, Aku kicked the ball. The ball turned round on the ground, spinning towards the edge of the town square. It hit the roots of the palm tree at one end of the town square.', NULL);
INSERT INTO `card` (id, type, title, header, content, option) VALUES ('31547_12', 3, NULL, 'assets/topic/asb/26431.png', 'Then the ball shot into the sad sky. With mouths opened wide, the people of Sunland gazed after the flying ball. The ball flew beyond the clouds, beyond the gaze of the eyes.
Everything was still. All was quiet.
Suddenly, the sky cleared. The clouds became white, round and fluffy. Then a big ball came from behind the clouds. The ball was bright. And it was red and yellow like palm oil. The ball was the sun. Aku''s sun.
Everything stirred. The quietness left.', NULL);
INSERT INTO `card` (id, type, title, header, content, option) VALUES ('31547_13', 3, NULL, 'assets/topic/asb/26432.png', 'Soon, everyone was rushing home to prepare for their daily activities.
Ataa Ankra looked for his fish bucket. Farmers took their hoes. Children bathed and dressed, ready to go to school. Women tied monies at the ends of their cover cloths. They carried their basins and baskets and hurried to the market.', NULL);
INSERT INTO `card` (id, type, title, header, content, option) VALUES ('31547_14', 3, NULL, 'assets/topic/asb/26433.png', 'The sun returned to Sunland. Aku made it. A new day began...', NULL);
INSERT INTO `card` (id, type, title, header, content, option) VALUES ('31547_15', 3, NULL, NULL, 'You are free to download, copy, translate or adapt this story and use the illustrations as long as you attribute in the following way:
Aku the Sun Maker
Author -
Aisha  Nelson
Translation -
Aisha  Nelson
Illustration -
Idowu Abayomi Oluwasegun
Language -
English
Level -
Read aloud
© African Storybook Initiative 2018
Creative Commons: Attribution 4.0
Source
www.africanstorybook.org', NULL);
INSERT INTO `card` (id, type, title, header, content, option) VALUES ('6718', 2, 'My friend Coco', 'assets/topic/asb/2485.png', 'Ursula Nafula
Ursula Nafula', 'FF9DEDE3');
INSERT INTO `card` (id, type, title, header, content, option) VALUES ('6718_3', 3, NULL, 'assets/topic/asb/2486.png', 'When I was five years old,  my uncle gave me a wonderful present. It was a three-week-old puppy! The day my uncle brought the puppy home,  I was very happy. I knew I had a friend.', NULL);
INSERT INTO `card` (id, type, title, header, content, option) VALUES ('6718_4', 3, NULL, 'assets/topic/asb/2487.png', 'After putting him down,  my uncle turned to me and asked,  "What name will you give him?" I looked at my puppy,  and said,  "Coco." My uncle was surprised. He asked,  "Why do you call him Coco?" I said,  "Because he looks like cocoa."', NULL);
INSERT INTO `card` (id, type, title, header, content, option) VALUES ('6718_5', 3, NULL, 'assets/topic/asb/2488.png', 'I asked my uncle if Coco was born alone. My uncle said that there was another puppy,  exactly like Coco. I went to see Coco''s brother.', NULL);
INSERT INTO `card` (id, type, title, header, content, option) VALUES ('6718_6', 3, NULL, 'assets/topic/asb/2485.png', 'When Coco saw his brother,  he was very excited. The two of them put their heads together as if they were talking.', NULL);
INSERT INTO `card` (id, type, title, header, content, option) VALUES ('6718_7', 3, NULL, 'assets/topic/asb/2491.png', 'I asked my uncle if I could keep both Coco and his brother. "All right," he said. "But you must look after them." So every evening,  I played with them and took them for exercise.', NULL);
INSERT INTO `card` (id, type, title, header, content, option) VALUES ('6718_8', 3, NULL, 'assets/topic/asb/2490.png', 'A few months later,  Coco and his brother were big,  strong and healthy. They were too big for me to look after on my own.', NULL);
INSERT INTO `card` (id, type, title, header, content, option) VALUES ('6718_9', 3, NULL, 'assets/topic/asb/2492.png', 'So I asked my uncle to take back Coco''s brother. But when Coco was left alone,  he looked very sad. It felt as if he was asking me,  "Why did you do that?"', NULL);
INSERT INTO `card` (id, type, title, header, content, option) VALUES ('6718_10', 3, NULL, 'assets/topic/asb/2489.png', 'He stopped playing. Sometimes he refused to go for a walk with me. There were times when Coco ate very little. I was worried. I asked myself,  "What can I do to help Coco?"', NULL);
INSERT INTO `card` (id, type, title, header, content, option) VALUES ('6718_11', 3, NULL, NULL, 'Then one day my uncle came to visit. When I heard his voice,  I rushed out of the house. Before I could see him,  I heard the barking of dogs.', NULL);
INSERT INTO `card` (id, type, title, header, content, option) VALUES ('6718_12', 3, NULL, 'assets/topic/asb/2493.png', 'Behind the kitchen,  dancing happily before me were Coco and his brother!', NULL);
INSERT INTO `card` (id, type, title, header, content, option) VALUES ('6718_13', 3, NULL, 'assets/topic/asb/2494.png', 'I was so happy that I did not know who to hug first,  Coco or my uncle. I knew Coco would go back to his old self now that his brother was back. We would go running in the fields again!', NULL);
INSERT INTO `card` (id, type, title, header, content, option) VALUES ('6718_14', 3, NULL, NULL, 'You are free to download, copy, translate or adapt this story and use the illustrations as long as you attribute in the following way:
My friend Coco
Author -
Ursula Nafula
Illustration -
Ursula Nafula
Language -
English
Level -
First paragraphs
© African Storybook Initiative 2014
Creative Commons: Attribution 4.0
Source
www.africanstorybook.org', NULL);
INSERT INTO `card` (id, type, title, header, content, option) VALUES ('22078', 2, 'My friend, my enemy', 'assets/topic/asb/25536.png', 'Lorato Trok
Thulani Mhlanga', 'FFF4E1B5');
INSERT INTO `card` (id, type, title, header, content, option) VALUES ('22078_3', 3, NULL, 'assets/topic/asb/25535.png', 'Once upon a time, in the village of Mphahlele, there was a young man who lived with his parents.', NULL);
INSERT INTO `card` (id, type, title, header, content, option) VALUES ('22078_4', 3, NULL, 'assets/topic/asb/25536.png', 'This young man was very respectful to his parents and to all the other people in the village. His name was Thabo Maloba.', NULL);
INSERT INTO `card` (id, type, title, header, content, option) VALUES ('22078_5', 3, NULL, 'assets/topic/asb/25537.png', 'Mondays are a busy day in the village as the children get ready for school after the weekend.
One day, on his way to school, Thabo met a boy called Sparks. They chatted along the way and became friends.', NULL);
INSERT INTO `card` (id, type, title, header, content, option) VALUES ('22078_6', 3, NULL, 'assets/topic/asb/25538.png', 'Sparks was always fighting, bullying others and bunking school. He was a bad person who gambled and enjoyed the company of other bad people. Slowly but surely Sparks influenced Thabo. Thabo did not want to be seen as uncool and he started behaving as badly as Sparks.', NULL);
INSERT INTO `card` (id, type, title, header, content, option) VALUES ('22078_7', 3, NULL, 'assets/topic/asb/25539.png', 'Thabo became a bully and disrespected his parents and people he used to respect. He became a drunkard and was unable to look after himself.', NULL);
INSERT INTO `card` (id, type, title, header, content, option) VALUES ('22078_8', 3, NULL, 'assets/topic/asb/25540.png', 'Thabo became reckless and got sexually transmitted infections. He became so thin that Sparks made jokes and didn''t want to be his friend any more. Thabo''s parents encouraged him to visit a local clinic to get medication. After taking medication he became better.', NULL);
INSERT INTO `card` (id, type, title, header, content, option) VALUES ('22078_9', 3, NULL, 'assets/topic/asb/25541.png', 'Thabo reflected on his life. He realised that he had befriended an enemy. He started working at school and apologised to his parents and teachers.', NULL);
INSERT INTO `card` (id, type, title, header, content, option) VALUES ('22078_10', 3, NULL, 'assets/topic/asb/25542.png', 'Sparks was disappointed by Thabo''s good behaviour. But he was embarrassed by his own behaviour and decided to change and became a better person.', NULL);
INSERT INTO `card` (id, type, title, header, content, option) VALUES ('22078_11', 3, NULL, NULL, 'You are free to download, copy, translate or adapt this story and use the illustrations as long as you attribute in the following way:
My friend, my enemy
Author -
Smangaliso Molebale
Translation -
Lorato Trok
Illustration -
Thulani Mhlanga
Language -
English
Level -
Longer paragraphs
© African Storybook Initiative 2017
Creative Commons: Attribution 4.0
Source
www.africanstorybook.org
Original source
This story was selected as one of the 7 winning stories from the Writing in your mother tongue writing competition partnership between Saulsville Library and the African Storybook Initiative.', NULL);
INSERT INTO `card` (id, type, title, header, content, option) VALUES ('10202', 2, 'The lady in orange', 'assets/topic/asb/9474.png', 'Ursula Nafula
Catherine Groenewald', 'FFB3C8FF');
INSERT INTO `card` (id, type, title, header, content, option) VALUES ('10202_3', 3, NULL, 'assets/topic/asb/9465.png', 'My father took me to town in our old blue car. We stopped at a big roundabout to wait for the lights to turn green.', NULL);
INSERT INTO `card` (id, type, title, header, content, option) VALUES ('10202_4', 3, NULL, 'assets/topic/asb/9466.png', 'I saw a lady walking on the side of the road. She was wearing a beautiful bright orange dress.', NULL);
INSERT INTO `card` (id, type, title, header, content, option) VALUES ('10202_5', 3, NULL, 'assets/topic/asb/9469.png', 'She had a big red belt around her waist.', NULL);
INSERT INTO `card` (id, type, title, header, content, option) VALUES ('10202_6', 3, NULL, 'assets/topic/asb/9470.png', 'In her hand,  she carried a shiny little orange handbag.', NULL);
INSERT INTO `card` (id, type, title, header, content, option) VALUES ('10202_7', 3, NULL, 'assets/topic/asb/9939.png', 'She wore a pair of shiny orange high-heeled shoes.', NULL);
INSERT INTO `card` (id, type, title, header, content, option) VALUES ('10202_8', 3, NULL, 'assets/topic/asb/9940.png', 'She stopped and touched her long hair,  which was held together in the middle with a hairpin.', NULL);
INSERT INTO `card` (id, type, title, header, content, option) VALUES ('10202_9', 3, NULL, 'assets/topic/asb/9474.png', 'As she fixed her hairpin,  her handbag fell down. "Ouch," I said feeling bad for her.', NULL);
INSERT INTO `card` (id, type, title, header, content, option) VALUES ('10202_10', 3, NULL, 'assets/topic/asb/9942.png', 'The lady bent to pick up her handbag.', NULL);
INSERT INTO `card` (id, type, title, header, content, option) VALUES ('10202_11', 3, NULL, 'assets/topic/asb/9475.png', 'I saw long orange earrings as she cleaned the dust off her handbag.', NULL);
INSERT INTO `card` (id, type, title, header, content, option) VALUES ('10202_12', 3, NULL, 'assets/topic/asb/9476.png', 'The lights changed green,  and our car drove off,  but I kept looking behind.', NULL);
INSERT INTO `card` (id, type, title, header, content, option) VALUES ('10202_13', 3, NULL, 'assets/topic/asb/9477.png', '"What are you looking at?" my father asked.', NULL);
INSERT INTO `card` (id, type, title, header, content, option) VALUES ('10202_14', 3, NULL, 'assets/topic/asb/9478.png', '"At the lady in orange," I said. I thought of the colour orange all day.', NULL);
INSERT INTO `card` (id, type, title, header, content, option) VALUES ('10202_15', 3, NULL, NULL, 'You are free to download, copy, translate or adapt this story and use the illustrations as long as you attribute in the following way:
The lady in orange
Author -
Ursula Nafula
Translation -
Ursula Nafula
Illustration -
Catherine Groenewald
Language -
English
Level -
First sentences
© African Storybook Initiative 2014
Creative Commons: Attribution 4.0
Source
www.africanstorybook.org', NULL);
INSERT INTO `card` (id, type, title, header, content, option) VALUES ('10442', 2, 'Colours of a rainbow', 'assets/topic/asb/9838.png', 'Caren Echesa
 Jesse Breytenbach', 'FFB3C8FF');
INSERT INTO `card` (id, type, title, header, content, option) VALUES ('10442_3', 3, NULL, 'assets/topic/asb/9838.png', 'A rainbow has seven colours.', NULL);
INSERT INTO `card` (id, type, title, header, content, option) VALUES ('10442_4', 3, NULL, 'assets/topic/asb/9839.png', 'The first colour is red.', NULL);
INSERT INTO `card` (id, type, title, header, content, option) VALUES ('10442_5', 3, NULL, 'assets/topic/asb/9840.png', 'Kewyu is wearing a red shirt.', NULL);
INSERT INTO `card` (id, type, title, header, content, option) VALUES ('10442_6', 3, NULL, 'assets/topic/asb/9841.png', 'The second colour is orange.', NULL);
INSERT INTO `card` (id, type, title, header, content, option) VALUES ('10442_7', 3, NULL, 'assets/topic/asb/9842.png', 'This is an orange. What else can you see that is the colour orange?', NULL);
INSERT INTO `card` (id, type, title, header, content, option) VALUES ('10442_8', 3, NULL, 'assets/topic/asb/9843.png', 'The third colour is yellow.', NULL);
INSERT INTO `card` (id, type, title, header, content, option) VALUES ('10442_9', 3, NULL, 'assets/topic/asb/9844.png', 'The yolk of an egg is yellow. What else can you see that is the colour yellow?', NULL);
INSERT INTO `card` (id, type, title, header, content, option) VALUES ('10442_10', 3, NULL, 'assets/topic/asb/9846.png', 'The fourth colour is green.', NULL);
INSERT INTO `card` (id, type, title, header, content, option) VALUES ('10442_11', 3, NULL, 'assets/topic/asb/9847.png', 'Our banana garden is green.', NULL);
INSERT INTO `card` (id, type, title, header, content, option) VALUES ('10442_12', 3, NULL, 'assets/topic/asb/9849.png', 'The fifth colour is blue.', NULL);
INSERT INTO `card` (id, type, title, header, content, option) VALUES ('10442_13', 3, NULL, 'assets/topic/asb/9850.png', 'The sky is blue.', NULL);
INSERT INTO `card` (id, type, title, header, content, option) VALUES ('10442_14', 3, NULL, 'assets/topic/asb/9851.png', 'The sixth colour is indigo.', NULL);
INSERT INTO `card` (id, type, title, header, content, option) VALUES ('10442_15', 3, NULL, 'assets/topic/asb/9852.png', 'These berries are the colour indigo.', NULL);
INSERT INTO `card` (id, type, title, header, content, option) VALUES ('10442_16', 3, NULL, 'assets/topic/asb/9854.png', 'The seventh colour is violet.', NULL);
INSERT INTO `card` (id, type, title, header, content, option) VALUES ('10442_17', 3, NULL, 'assets/topic/asb/9853.png', 'My dress is violet. Violet is my favourite colour! What is your favourite colour?', NULL);
INSERT INTO `card` (id, type, title, header, content, option) VALUES ('10442_18', 3, NULL, 'assets/topic/asb/9856.png', 'Do you know the seven colours of the rainbow?', NULL);
INSERT INTO `card` (id, type, title, header, content, option) VALUES ('10442_19', 3, NULL, NULL, 'You are free to download, copy, translate or adapt this story and use the illustrations as long as you attribute in the following way:
Colours of a rainbow
Author -
Caren Echesa
Translation -
Caren Echesa
Illustration -
Jesse Breytenbach
Language -
English
Level -
First words
© African Storybook Initiative 2015
Creative Commons: Attribution 4.0
Source
www.africanstorybook.org', NULL);
INSERT INTO `card` (id, type, title, header, content, option) VALUES ('2574', 2, 'Refiloe and the washed chickens', 'assets/topic/asb/986.png', 'Marion Drew
Wiehan de Jager', 'FF9DEDE3');
INSERT INTO `card` (id, type, title, header, content, option) VALUES ('2574_3', 3, NULL, 'assets/topic/asb/1003.png', 'It was the first wedding in the Tenane family,  and Refiloe had never been so excited in her life. "I''m going to be Palesa''s bridesmaid,  with a new dress and shoes!" she said to her chickens. Refiloe told her chickens everything. Her father had given the chickens to her as a birthday present,  and she loved them very much.', NULL);
INSERT INTO `card` (id, type, title, header, content, option) VALUES ('2574_4', 3, NULL, 'assets/topic/asb/1011.png', '"Take those dirty scruffy chickens out of here Refiloe!" shouted her mother,  "I don''t want them anywhere near this wedding tent."', NULL);
INSERT INTO `card` (id, type, title, header, content, option) VALUES ('2574_5', 3, NULL, 'assets/topic/asb/989.png', 'Refiloe shooed her chickens out of the tent. "Run away you silly things." she said,  "I don''t want you to be eaten at Palesa''s wedding!"', NULL);
INSERT INTO `card` (id, type, title, header, content, option) VALUES ('2574_6', 3, NULL, 'assets/topic/asb/1013.png', '"Mme says that this is going to be the best wedding ever seen in Malealea," Refiloe told her chickens,  "and she says that I can help all the older girls with the cooking." The chickens paid no attention to her. "Refiloe!" called her mother from inside,  "leave those chickens of yours and come and help me with these pots please!"', NULL);
INSERT INTO `card` (id, type, title, header, content, option) VALUES ('2574_7', 3, NULL, 'assets/topic/asb/992.png', NULL, NULL);
INSERT INTO `card` (id, type, title, header, content, option) VALUES ('2574_8', 3, NULL, NULL, 'Refiloe''s mother was very proud of her house,  and wanted it to be perfect for the wedding. She cleaned and washed and scrubbed and scoured and polished everything in sight. When she had finished,  there was not a single speck of dust anywhere. The chickens poked their heads inside the front door. "Out!" shouted Refiloe''s mother,  "out you scruffy things with your dirty feet and beaks!"', NULL);
INSERT INTO `card` (id, type, title, header, content, option) VALUES ('2574_9', 3, NULL, 'assets/topic/asb/1018.png', 'Refiloe followed her chickens out into the yard. "Mme is right,  you are a disgrace," she scolded them So Refiloe thought for a while. Suddenly she smiled and said to herself,  "I have an excellent idea." She went and filled a bucket with water from the spring. Refiloe had a lot of trouble catching her chickens. They did not think that a bath was such a good idea.', NULL);
INSERT INTO `card` (id, type, title, header, content, option) VALUES ('2574_10', 3, NULL, 'assets/topic/asb/993.png', 'Refiloe put the first chicken into the bucket of water. It clucked at the top of its voice and flapped its wings like crazy. "Hold still you silly thing," Refiloe shouted,  "this won''t take long!" When Refiloe wiped the chicken''s nose and eyes it suddenly went limp and flopped over the side of the bucket.', NULL);
INSERT INTO `card` (id, type, title, header, content, option) VALUES ('2574_11', 3, NULL, 'assets/topic/asb/1000.png', '"This is no time to sleep," said Refiloe. She gave it a good shake to get all the water out. "If you are not going to wake up now,  I''ll have to put you somewhere to dry nicely," she said. She laid the chicken out on the grass to dry. The chicken lay completely still.', NULL);
INSERT INTO `card` (id, type, title, header, content, option) VALUES ('2574_12', 3, NULL, 'assets/topic/asb/994.png', 'Refiloe washed each and every one of her chickens. Each and every one of them went limp and floppy before she was finished with it. She put all those eight chickens in a row on the grass to dry. Not one of them moved a single feather. "I''ll leave them to sleep a little," Refiloe thought to herself,  and off she went to check on the moroho.', NULL);
INSERT INTO `card` (id, type, title, header, content, option) VALUES ('2574_13', 3, NULL, 'assets/topic/asb/990.png', 'Mme Ngwe and Mme Pedi were Refiloe''s aunts. They did not like each other at all. The aunts had been preparing for months for Palesa''s wedding,  but they would not even think about riding together in the same taxi.', NULL);
INSERT INTO `card` (id, type, title, header, content, option) VALUES ('2574_14', 3, NULL, 'assets/topic/asb/995.png', 'Mme Ngwe spotted Refiloe''s chickens laid out to dry. "What a nice little snack for me to take home!" she said to herself. She took off her chale and carefully wrapped all those chickens up in it. Not a single chicken moved. "Perfect!" she smiled,  "now I shall put them somewhere where Mme Pedi will not ever find them," and she put the bundle around the corner among the pumpkin vines.', NULL);
INSERT INTO `card` (id, type, title, header, content, option) VALUES ('2574_15', 3, NULL, NULL, 'Mme Pedi decided to make her famous pumpkin dish. She took her big bowl and went off to the vegetable garden. In the vegetable garden she saw Mme Ngwe''s bundle under the pumpkin vine. She undid the bundle. Out fell all eight chickens. "Eish!" she cried jumping back in surprise. "Oh,  you are the cleanest,  prettiest chickens! Just ready for my pot," she crooned. "Now,  where shall I hide you my darlings?" Mme Pedi chuckled,  "I''ll have to find a very good place," she said walking round the house. "I know," she said at last,  "I''ll put you on the roof!" Mme Pedi climbed up onto the garden wall and put the chickens in a row on the thatched roof.', NULL);
INSERT INTO `card` (id, type, title, header, content, option) VALUES ('2574_16', 3, NULL, 'assets/topic/asb/997.png', NULL, NULL);
INSERT INTO `card` (id, type, title, header, content, option) VALUES ('2574_17', 3, NULL, NULL, 'The next day the sun rose in good time for the wedding. Refiloe was up first and went to see her chickens. She saw that they were no longer lying on the grass. "They must be nicely dry by now. I''m sure they have gone to look for their breakfast," she said.', NULL);
INSERT INTO `card` (id, type, title, header, content, option) VALUES ('2574_18', 3, NULL, 'assets/topic/asb/1047.png', 'Palesa''s wedding was wonderful. Those chickens did not get up off the roof to join in when all the bridesmaid ladies danced into the yard. Not one of the chickens stirred when the church choir sang in their loudest,  sweetest voices. The chickens were still lying on the roof when the priest gave his sermon. They did not even twitch a feather when the pigs and Refiloe''s grandfather all snored loudly in the middle of the sermon. Not one foot of those chickens trembled when sheep wandered into the tent,  nearly knocking over the wedding cake.', NULL);
INSERT INTO `card` (id, type, title, header, content, option) VALUES ('2574_19', 3, NULL, 'assets/topic/asb/999.png', 'It was only when the groom''s father was halfway through his speech that things started to change on that roof.', NULL);
INSERT INTO `card` (id, type, title, header, content, option) VALUES ('2574_20', 3, NULL, NULL, 'The first chicken spread its wings and flew onto Mme Ngwe''s bosom. Mme Pedi next to her started giggling. Another chicken flew up onto Mme Ngwe''s new duku. The people at the next table tried not to laugh. The lady next to Mme Ngwe put her head down onto the table,  "Ai,  aai,  aaaaii,  he,  he,  heeeeeeee!" she cackled. All the other chickens decided to join the first two. You couldn''t see Mme Ngwe for all those chickens!', NULL);
INSERT INTO `card` (id, type, title, header, content, option) VALUES ('2574_21', 3, NULL, 'assets/topic/asb/1002.png', NULL, NULL);
INSERT INTO `card` (id, type, title, header, content, option) VALUES ('2574_22', 3, NULL, NULL, 'The guests screamed with laughter. The men had to hold onto their bellies. The women rolled around in their chairs. The boys and girls were hanging onto each other. The grandmothers could hardly breathe for laughing. The grandfathers stamped their walking sticks. Then the two aunts looked at each other and started giggling. Mme Pedi opened her mouth wide with laughter. Mme Ngwe threw back her head and laughed until all her chins shook. Refiloe couldn''t believe it!', NULL);
INSERT INTO `card` (id, type, title, header, content, option) VALUES ('2574_23', 3, NULL, 'assets/topic/asb/1046.png', NULL, NULL);
INSERT INTO `card` (id, type, title, header, content, option) VALUES ('2574_24', 3, NULL, NULL, 'All the guests agreed that it was the best wedding entertainment ever known in Malealea. "Oh you are so lucky!" Refiloe said to her chickens as she put them into their coop for the night,  "Mme says that she will never put you in the supper pot." "But look how dirty you are again," she told them,  "I think I''ll have to give you another wash tomorrow!"', NULL);
INSERT INTO `card` (id, type, title, header, content, option) VALUES ('2574_25', 3, NULL, 'assets/topic/asb/1048.png', NULL, NULL);
INSERT INTO `card` (id, type, title, header, content, option) VALUES ('2574_26', 3, NULL, NULL, 'You are free to download, copy, translate or adapt this story and use the illustrations as long as you attribute in the following way:
Refiloe and the washed chickens
Author -
Marion Drew
Illustration -
Wiehan de Jager
Language -
English
Level -
Read aloud
© African Storybook Initiative 2014
Creative Commons: Attribution 4.0
Source
www.africanstorybook.org', NULL);
INSERT INTO `card` (id, type, title, header, content, option) VALUES ('22747', 2, 'Mr Mkhize''s quarters', 'assets/topic/asb/15721.png', 'Lorato Trok
Marleen Visser', 'FF9DEDE3');
INSERT INTO `card` (id, type, title, header, content, option) VALUES ('22747_3', 3, NULL, 'assets/topic/asb/15714.png', 'It is nearly break time at Siyafunda Primary School. The two spaza shop owners at the school are preparing lunch to sell to hungry children.', NULL);
INSERT INTO `card` (id, type, title, header, content, option) VALUES ('22747_4', 3, NULL, 'assets/topic/asb/15715.png', 'In Mr Motaung''s shop,  the bread is cut and ready for making kotas. He carefully cuts out the soft middle of each quarter loaf. Then he puts polony and chips in the space inside. Motaung puts two spoonfuls of his wife''s homemade atchar in each kota. He likes to boast that his kotas have atchar inside and atchar on top!', NULL);
INSERT INTO `card` (id, type, title, header, content, option) VALUES ('22747_5', 3, NULL, 'assets/topic/asb/15716.png', 'In Mr Mkhize''s shop,  the chips are nearly ready,  but he is still cutting his bread for kotas. He is worried because things are not going well with his shop. "It started well," thinks Mkhize. "But now I get fewer and fewer customers. At least I''m reducing some of my costs by cutting five kotas from a loaf."', NULL);
INSERT INTO `card` (id, type, title, header, content, option) VALUES ('22747_6', 3, NULL, 'assets/topic/asb/15717.png', 'Jabu and Zodwa are buying lunch. Zodwa buys from Mr Mkhize. Jabu buys from Mr Motaung. He believes that Motaung''s kota has got more chips and atchar than Mkhize''s kota.', NULL);
INSERT INTO `card` (id, type, title, header, content, option) VALUES ('22747_7', 3, NULL, 'assets/topic/asb/15718.png', 'The queue at Mr Motaung''s shop is always longer. Zodwa waits for Jabu. Then the friends sit together in the shade to enjoy their kotas.', NULL);
INSERT INTO `card` (id, type, title, header, content, option) VALUES ('22747_8', 3, NULL, 'assets/topic/asb/15719.png', 'Zodwa notices something that makes her stare and frown. "What are you staring at?" asks Jabu. "Your kota! It looks bigger than mine," says Zodwa.', NULL);
INSERT INTO `card` (id, type, title, header, content, option) VALUES ('22747_9', 3, NULL, 'assets/topic/asb/15720.png', 'They both look very closely at their kotas. Sure enough,  Jabu''s is bigger. "Something is not right here," says Zodwa. "I wonder if this is the reason Mr Mkhize''s shop is not busy anymore." Jabu thinks for a while and then he replies,  "Well,  I heard that some kids saw Mkhize cutting his bread into five pieces for kotas!"', NULL);
INSERT INTO `card` (id, type, title, header, content, option) VALUES ('22747_10', 3, NULL, 'assets/topic/asb/15721.png', 'Nomsa overhears Jabu and Zodwa talking and she''s curious. She asks them what''s wrong with cutting the loaf into five pieces for kotas. Zodwa and Jabu reply together,  "A kota is a quarter of a loaf!" Nomsa still looks confused,  so Zodwa explains,  "The loaf must be cut into four equal pieces. Otherwise,  they are not quarters."', NULL);
INSERT INTO `card` (id, type, title, header, content, option) VALUES ('22747_11', 3, NULL, 'assets/topic/asb/15722.png', 'Nomsa is cross because she also buys from Mr Mkhize. "So,  he is stealing bread from us!" she says in a loud voice. Zodwa decides to go back to Mkhize''s shop to complain. She marches off,  holding her kota up in the air. Nomsa hurries behind her. Jabu sighs and gets up to follow his friends.', NULL);
INSERT INTO `card` (id, type, title, header, content, option) VALUES ('22747_12', 3, NULL, 'assets/topic/asb/15723.png', 'Mr Mkhize is disappointed when he sees that the children aren''t new customers. "Oh,  hello again kids," he mutters,  "how can I help you?"
"Mr Mkhize,  I asked you for a quarter and I paid you for a quarter. But this is not a quarter," says Zodwa,  pointing at her kota. "I want a quarter kota or my money back," she adds firmly.', NULL);
INSERT INTO `card` (id, type, title, header, content, option) VALUES ('22747_13', 3, NULL, 'assets/topic/asb/15724.png', '"Is it true Mr Mkhize? You''ve been cheating us!" cries Nomsa. A few children have followed them to the shop and are now listening to the fierce accusations. Mkhize waves his hands wildly. "What are you saying about me?" he protests. "I''m not like that! I want you to get out of my shop now!"', NULL);
INSERT INTO `card` (id, type, title, header, content, option) VALUES ('22747_14', 3, NULL, 'assets/topic/asb/15725.png', 'Then Zodwa says quietly,  "We will tell everyone what you are doing. It will spread like wildfire throughout the school. You will have to close your shop. No one will come and buy from you!" Mr Mkhize looks at the three children standing in front of him. Then he looks at the growing crowd outside his shop.', NULL);
INSERT INTO `card` (id, type, title, header, content, option) VALUES ('22747_15', 3, NULL, 'assets/topic/asb/15726.png', '"OK," he says eventually,  "I will give you your money back. "And also promise that you will cut each loaf into quarters for your kotas," speaks up Jabu. Mr Mkhize promises that he will. Then he clears his throat and says loud enough for everyone to hear,  "I also promise that I will add more atchar and more chips to my kotas."', NULL);
INSERT INTO `card` (id, type, title, header, content, option) VALUES ('22747_16', 3, NULL, 'assets/topic/asb/15727.png', 'Mr Mkhize did indeed add extra chips and atchaar to his kotas. Soon more children were buying from him,  and his shop started doing well. He was even able to hire someone to help him.', NULL);
INSERT INTO `card` (id, type, title, header, content, option) VALUES ('22747_17', 3, NULL, 'assets/topic/asb/15728.png', 'Now there is a healthy competition between Mr Mkhize and Mr Motaung,  and everyone is happy.', NULL);
INSERT INTO `card` (id, type, title, header, content, option) VALUES ('22747_18', 3, NULL, 'assets/topic/asb/15729.png', NULL, NULL);
INSERT INTO `card` (id, type, title, header, content, option) VALUES ('22747_19', 3, NULL, NULL, 'You are free to download, copy, translate or adapt this story and use the illustrations as long as you attribute in the following way:
Mr Mkhize''s quarters
Author -
Lorato Trok
Illustration -
Marleen Visser
Language -
English
Level -
Longer paragraphs
© African Storybook Initiative 2016
Creative Commons: Attribution 4.0
Source
www.africanstorybook.org', NULL);
INSERT INTO `card` (id, type, title, header, content, option) VALUES ('8712', 2, 'Why Frog is so ugly', 'assets/topic/asb/7077.png', 'Mozambican folktale
Hélder de Paz Alexandre', 'FFB3C8FF');
INSERT INTO `card` (id, type, title, header, content, option) VALUES ('8712_3', 3, NULL, 'assets/topic/asb/7069.png', 'Many years ago,  the Lizard and the Frog were friends. One day they decided to look for girlfriends in the city.', NULL);
INSERT INTO `card` (id, type, title, header, content, option) VALUES ('8712_4', 3, NULL, 'assets/topic/asb/7070.png', 'The Frog was jealous of the Lizard''s shining and brilliant skin.', NULL);
INSERT INTO `card` (id, type, title, header, content, option) VALUES ('8712_5', 3, NULL, 'assets/topic/asb/7071.png', 'He said,  "What did you do to look so beautiful? Look at me,  I am so ugly. What can I do about my skin?"', NULL);
INSERT INTO `card` (id, type, title, header, content, option) VALUES ('8712_6', 3, NULL, 'assets/topic/asb/7072.png', 'The Lizard said,  "Listen! Put some water in a pot and put it on the fire. Next you."', NULL);
INSERT INTO `card` (id, type, title, header, content, option) VALUES ('8712_7', 3, NULL, 'assets/topic/asb/7073.png', 'But the Frog said,  "I know already,  I know. Shut up,  my friend." And he left.', NULL);
INSERT INTO `card` (id, type, title, header, content, option) VALUES ('8712_8', 3, NULL, 'assets/topic/asb/7074.png', 'So he arrived home and put some water in a pot.', NULL);
INSERT INTO `card` (id, type, title, header, content, option) VALUES ('8712_9', 3, NULL, 'assets/topic/asb/7075.png', 'When the water began to boil,  he threw himself into it.', NULL);
INSERT INTO `card` (id, type, title, header, content, option) VALUES ('8712_10', 3, NULL, 'assets/topic/asb/7076.png', 'His skin was burnt and his tail came off!', NULL);
INSERT INTO `card` (id, type, title, header, content, option) VALUES ('8712_11', 3, NULL, 'assets/topic/asb/7077.png', 'And instead of being brilliant and beautiful like the Lizard,  he was even more ugly!', NULL);
INSERT INTO `card` (id, type, title, header, content, option) VALUES ('8712_12', 3, NULL, NULL, 'You are free to download, copy, translate or adapt this story and use the illustrations as long as you attribute in the following way:
Why Frog is so ugly
Author -
Mozambican folktale
Illustration -
Hélder de Paz Alexandre
Language -
English
Level -
First sentences
© Mozambican Writers 2014
Creative Commons: Attribution 4.0
Source
www.africanstorybook.org', NULL);
INSERT INTO `card` (id, type, title, header, content, option) VALUES ('2197', 2, 'The generous fish', 'assets/topic/asb/1840.png', 'Kholeka Mabeta
Jemma Kahn and Wiehan de Jager', 'FF9DEDE3');
INSERT INTO `card` (id, type, title, header, content, option) VALUES ('2197_3', 3, NULL, 'assets/topic/asb/1841.png', 'Once upon a time there was a very rich man called Mpunzi. He had a wife and one daughter called Nosisa. Mpunzi wanted a son,  but he and his wife could not have any more children. Mpunzi blamed his wife for not giving him a son. He bullied his wife and treated her like a child.', NULL);
INSERT INTO `card` (id, type, title, header, content, option) VALUES ('2197_4', 3, NULL, 'assets/topic/asb/1843.png', 'One day Mpunzi was very angry and he hit his wife with a stick. She ran away back to her family. She left with a sad heart because Mpunzi did not let her take Nosisa with her. Mpunzi bullied his daughter in the same way he bullied his wife. Nosisa lived a very sad life.', NULL);
INSERT INTO `card` (id, type, title, header, content, option) VALUES ('2197_5', 3, NULL, 'assets/topic/asb/1844.png', 'Mpunzi decided to marry another wife. He hoped that the new wife would give him a baby boy. Nosisa''s life became even more difficult when her father married again. Mpunzi scolded her all the time and made her serve the new wife. Nosisa worked like a slave.', NULL);
INSERT INTO `card` (id, type, title, header, content, option) VALUES ('2197_6', 3, NULL, NULL, 'Mpunzi was very proud of his cattle. He used to sit outside his homestead and watch his cattle grazing in the field. He felt very satisfied with his wealth. Mpunzi''s many servants cleaned around the homestead,  and looked after his goats,  cattle and sheep. They milked the cows for fresh milk that Mpunzi sold to other villagers.', NULL);
INSERT INTO `card` (id, type, title, header, content, option) VALUES ('2197_7', 3, NULL, 'assets/topic/asb/1845.png', NULL, NULL);
INSERT INTO `card` (id, type, title, header, content, option) VALUES ('2197_8', 3, NULL, 'assets/topic/asb/1848.png', 'Mpunzi loved his new wife very much. He treated her like a queen. She sat inside her hut all day and gave orders to Nosisa and the servants. Nosisa woke up early every day to make tea for her stepmother. She cleaned her hut and cooked for her,  but her stepmother always complained that her food was cold,  her tea was weak,  and her hut was not clean.', NULL);
INSERT INTO `card` (id, type, title, header, content, option) VALUES ('2197_9', 3, NULL, 'assets/topic/asb/1846.png', 'One day Mpunzi became very angry at Nosisa. He scolded her and hit her with a stick. Nosisa ran off to the river where she sat and cried the whole afternoon. Suddenly she heard a voice coming out of the river. She looked up and saw a big fish. The voice was coming from the fish. Nosisa was so shocked she almost ran away,  but the fish stopped her. "Please don''t run away my daughter,  I am your mother. I have changed myself into a fish so that your father does not know it''s me."', NULL);
INSERT INTO `card` (id, type, title, header, content, option) VALUES ('2197_10', 3, NULL, 'assets/topic/asb/1849.png', '"What is the matter?" asked the fish. Nosisa told the fish everything about her sad life. "Don''t worry my girl. I will bring you food every day," said the fish. The fish gave fresh vegetables to Nosisa. She had a feast. When she looked up the fish was gone. That day Nosisa went home smiling. She would not have to go to bed without food as usual.', NULL);
INSERT INTO `card` (id, type, title, header, content, option) VALUES ('2197_11', 3, NULL, 'assets/topic/asb/1857.png', 'Nosisa went to the river every day. In the morning she woke up as usual and did her chores around the house. At midday,  she went to the river. She called out every time,  and every time the fish would appear with delicious food. Nosisa became happier and happier. She could talk to the fish about anything. She started to regain her health. Her skin was glowing and she was a happy child.', NULL);
INSERT INTO `card` (id, type, title, header, content, option) VALUES ('2197_12', 3, NULL, 'assets/topic/asb/1850.png', 'Nosisa visited the fish every day until her stepmother became suspicious. Nosisa had gained weight and she was glowing. "Something is going on at the river,  I must find out what it is," thought the stepmother. One afternoon she followed Nosisa to the river. She saw Nosisa talking to the fish,  and getting delicious food. Nosisa''s secret was out. "I have to do something about this fish," said the stepmother.', NULL);
INSERT INTO `card` (id, type, title, header, content, option) VALUES ('2197_13', 3, NULL, 'assets/topic/asb/1851.png', 'In the evening,  Mpunzi came back from the fields. He found his new wife crying in her hut. "What is wrong my lovely wife," asked Mpunzi. "I went to a traditional doctor," said the wife. "He told me that the only way for me to give you a son is to eat the biggest fish that lives in this nearby river," she said. "Will you catch the fish for me tonight?" pleaded the woman. "I will do anything for you my beautiful wife," said Mpunzi.', NULL);
INSERT INTO `card` (id, type, title, header, content, option) VALUES ('2197_14', 3, NULL, 'assets/topic/asb/1852.png', 'Mpunzi set off to the river before it was too dark. He took his servants to help him find the biggest fish in that river. They searched and searched and eventually Mpunzi caught the biggest fish. He put it in a bag and went home with it. When he got to the house,  there was a good hot fire ready to cook the fish. "I will make the best meal ever for us," said the woman to Mpunzi. "You are the bravest and strongest man I know." Mpunzi was very pleased with himself.', NULL);
INSERT INTO `card` (id, type, title, header, content, option) VALUES ('2197_15', 3, NULL, 'assets/topic/asb/1853.png', 'That night Mpunzi and his wife went to bed happy after their delicious meal. They left the bones on the table for Nosisa to clean in the morning. When Nosisa brought coffee into their hut in the morning they were still sleeping. "This is very strange," she thought to herself. "My father usually wakes up very early in the morning to go to the fields. I wonder why he is still sleeping."', NULL);
INSERT INTO `card` (id, type, title, header, content, option) VALUES ('2197_16', 3, NULL, 'assets/topic/asb/1854.png', '"Anyway,  now I can run to the river for a nice breakfast," she thought. Nosisa ran to the river. When she got there she called out to the fish,  and she called again and again. The fish never came. Nosisa started to cry. She did not know what had happened to the fish. While she was crying a bird came to sit next to her and told her what had happened. She cried harder thinking that her mother had been caught and eaten.', NULL);
INSERT INTO `card` (id, type, title, header, content, option) VALUES ('2197_17', 3, NULL, 'assets/topic/asb/1855.png', 'The bird told her to collect the fish bones from the table and throw them back into the river. If she did that the fish would come back to life. The bird also told her to let her father and stepmother sleep and wake them up only at midday. Nosisa did as she was told. She ran back home and walked quietly into her father''s hut. They were still fast asleep. She took the bones,  put them inside a bag and threw them back into the river.', NULL);
INSERT INTO `card` (id, type, title, header, content, option) VALUES ('2197_18', 3, NULL, 'assets/topic/asb/1856.png', 'Nosisa ran back home and just before midday she woke her father and stepmother. She could hardly recognise them. They looked old and grey and frail. They were too old to scold her. They were too weak to hit her. They were too tired to look after the homestead. So,  Nosisa took over the homestead and her father''s wealth. She called all the servants and told them what had happened. They prepared a feast and there was peace at the homestead from that day on.', NULL);
INSERT INTO `card` (id, type, title, header, content, option) VALUES ('2197_19', 3, NULL, NULL, 'You are free to download, copy, translate or adapt this story and use the illustrations as long as you attribute in the following way:
The generous fish
Author -
Kholeka Mabeta
Illustration -
Jemma Kahn and Wiehan de Jager
Language -
English
Level -
Read aloud
© African Storybook Initiative 2014
Creative Commons: Attribution 4.0
Source
www.africanstorybook.org', NULL);
INSERT INTO `card` (id, type, title, header, content, option) VALUES ('2974', 2, 'School clothes', 'assets/topic/asb/954.png', 'Clare Verbeek
Mlungisi Dlamini', 'FFCFB5DD');
INSERT INTO `card` (id, type, title, header, content, option) VALUES ('2974_3', 3, NULL, 'assets/topic/asb/955.png', 'This dress is long.', NULL);
INSERT INTO `card` (id, type, title, header, content, option) VALUES ('2974_4', 3, NULL, 'assets/topic/asb/956.png', 'This jersey is big.', NULL);
INSERT INTO `card` (id, type, title, header, content, option) VALUES ('2974_5', 3, NULL, 'assets/topic/asb/957.png', 'This bag is big.', NULL);
INSERT INTO `card` (id, type, title, header, content, option) VALUES ('2974_6', 3, NULL, 'assets/topic/asb/958.png', 'This belt is.', NULL);
INSERT INTO `card` (id, type, title, header, content, option) VALUES ('2974_7', 3, NULL, 'assets/topic/asb/959.png', 'This hat is small.', NULL);
INSERT INTO `card` (id, type, title, header, content, option) VALUES ('2974_8', 3, NULL, 'assets/topic/asb/960.png', 'The socks are short.', NULL);
INSERT INTO `card` (id, type, title, header, content, option) VALUES ('2974_9', 3, NULL, 'assets/topic/asb/961.png', 'But these shoes are new.', NULL);
INSERT INTO `card` (id, type, title, header, content, option) VALUES ('2974_10', 3, NULL, 'assets/topic/asb/954.png', 'They fit well.', NULL);
INSERT INTO `card` (id, type, title, header, content, option) VALUES ('2974_11', 3, NULL, NULL, 'You are free to download, copy, translate or adapt this story and use the illustrations as long as you attribute in the following way:
School clothes
Author -
Clare Verbeek, Thembani Dladla and Zanele Buthelezi
Illustration -
Mlungisi Dlamini
Language -
English
Level -
First words
© School of Education and Development (Centre for Adult Education), University of Kwazulu-Natal 2014
Creative Commons: Attribution-Non Commercial 3.0
Source
www.africanstorybook.org
Original source
http://cae.ukzn.ac.za/resources/seedbooks.aspx', NULL);
INSERT INTO `card` (id, type, title, header, content, option) VALUES ('2397', 2, 'The Seventh Sun: A Tribal Tale From Odisha, India', 'assets/topic/asb/2316.png', 'Indian Folktale
Pratham Books', 'FF9DEDE3');
INSERT INTO `card` (id, type, title, header, content, option) VALUES ('2397_3', 3, NULL, 'assets/topic/asb/2317.png', 'Long,  long ago there were seven suns in the sky. Their rays made the earth so hot that human beings could not bear it.', NULL);
INSERT INTO `card` (id, type, title, header, content, option) VALUES ('2397_4', 3, NULL, 'assets/topic/asb/2318.png', 'So,  the seven brothers belonging to a tribe called the Munda decided to kill the suns. They shot arrows at them and were able to kill six of the suns.', NULL);
INSERT INTO `card` (id, type, title, header, content, option) VALUES ('2397_5', 3, NULL, 'assets/topic/asb/2319.png', 'The seventh sun hid behind a hill.', NULL);
INSERT INTO `card` (id, type, title, header, content, option) VALUES ('2397_6', 3, NULL, 'assets/topic/asb/2320.png', 'Now,  with the suns gone,  there was darkness everywhere. The deer could not see the tigers. The elephants bumped into trees. The rabbits walked over the lions and there was confusion all around.', NULL);
INSERT INTO `card` (id, type, title, header, content, option) VALUES ('2397_7', 3, NULL, 'assets/topic/asb/2328.png', 'To find a solution,  the animals decided to have a meeting. A rabbit told them about one of the seven suns who was still alive and hiding behind a hill. But who would be the best one to call back the sun?', NULL);
INSERT INTO `card` (id, type, title, header, content, option) VALUES ('2397_8', 3, NULL, 'assets/topic/asb/2321.png', '"I will call out to the sun," said the lion, for he was the king of the forest. "Sun, sun, please do not run away. Come back and shine on us," roared the lion. But the sun did not listen to him.', NULL);
INSERT INTO `card` (id, type, title, header, content, option) VALUES ('2397_9', 3, NULL, 'assets/topic/asb/2322.png', 'The elephant called out next. He raised his trunk and trumpeted, "Sun, sun, please come back." But the sun did not listen to him.', NULL);
INSERT INTO `card` (id, type, title, header, content, option) VALUES ('2397_10', 3, NULL, 'assets/topic/asb/2323.png', 'The peacock danced and pleaded, "Sun, sun, please come back." But the sun refused to come out. One after the other, all the animals called out to the sun. But he did not listen to any of them. Finally, a rooster offered to call the sun. Everybody laughed.', NULL);
INSERT INTO `card` (id, type, title, header, content, option) VALUES ('2397_11', 3, NULL, 'assets/topic/asb/2324.png', 'The lion said, "The rooster should be allowed to try." Rooster stepped forward and gently crowed,  "Kookoodokoo, koo." To everyone''s surprise,  the sun peeped out a little from behind the hill.', NULL);
INSERT INTO `card` (id, type, title, header, content, option) VALUES ('2397_12', 3, NULL, 'assets/topic/asb/2325.png', 'The rooster crowed again, this time more boldly,  "KookoodoKOO-KOO." The sun came up a little higher. The rooster crowed a third time, even louder and bolder, "KOOKOODOKOO-KOO." The sun rose high and bright. There was light everywhere. The animals were delighted and the humans felt relieved.', NULL);
INSERT INTO `card` (id, type, title, header, content, option) VALUES ('2397_13', 3, NULL, 'assets/topic/asb/2326.png', 'Ever since that day, when the rooster crows in the morning, the sun rises and shines in the sky.', NULL);
INSERT INTO `card` (id, type, title, header, content, option) VALUES ('2397_14', 3, NULL, NULL, 'You are free to download, copy, translate or adapt this story and use the illustrations as long as you attribute in the following way:
The Seventh Sun: A Tribal Tale From Odisha, India
Author -
Indian Folktale
Illustration -
Pratham Books
Language -
English
Level -
First paragraphs
© Pratham Books 2014
Creative Commons: Attribution 4.0
Source
www.africanstorybook.org
Original source
www.prathambooks.org', NULL);
INSERT INTO `card` (id, type, title, header, content, option) VALUES ('23109', 2, 'Lynne''s birthday surprise', 'assets/topic/asb/18612.png', 'Leo Daly
Marleen Visser', 'FFCFB5DD');
INSERT INTO `card` (id, type, title, header, content, option) VALUES ('23109_3', 3, NULL, 'assets/topic/asb/18613.png', '"The house looks beautiful," said Oupa Karel, as Lynne put up the last of her birthday decorations.  "Your guests will be very impressed." Getting things ready for the party had been hard work. Lynne and Anton had to do most of it themselves as Oupa Karel was too old to climb up ladders. But Oupa Karel did what he could by blowing up the balloons.
"Now we only have to bake the cake!" said Lynne.', NULL);
INSERT INTO `card` (id, type, title, header, content, option) VALUES ('23109_4', 3, NULL, 'assets/topic/asb/18599.png', 'Oupa Karel sighed as he turned the pages of his recipe book.  "I''m not going to be much help," he said, shaking his head. "I''ve never been good at cooking."
"That''s okay, Oupa," said Lynne with a smile. "Anton and I can do it.  We just need to follow the recipe.  How much of these ingredients should we use?"', NULL);
INSERT INTO `card` (id, type, title, header, content, option) VALUES ('23109_5', 3, NULL, 'assets/topic/asb/18600.png', '"We need 150 grams of flour," said Oupa Karel, running a finger down the list of ingredients. "Fifty grams of cocoa, 220 grams of sugar, 80 grams of butter, two eggs and half a cup of milk.  That''s 125 millilitres of milk."
"Let''s mix everything together in the big bowl," said Lynne.', NULL);
INSERT INTO `card` (id, type, title, header, content, option) VALUES ('23109_6', 3, NULL, 'assets/topic/asb/18601.png', 'Anton took the wooden spoon and began to mix the ingredients together.
"Be careful," said Lynne. "Don''t make a mess." "But going slow is so boring," said Anton, as he stirred the ingredients as quickly as he could.  Soon he was covered in the cake mix.
"Oh goodness," laughed Oupa Karel. "What a mess!"', NULL);
INSERT INTO `card` (id, type, title, header, content, option) VALUES ('23109_7', 3, NULL, 'assets/topic/asb/18602.png', '"Let''s work out how much this weighs," said Oupa. "We used 150 grams of flour and 50 grams of cocoa. That''s 200 grams. We added 220 grams sugar and 80 grams butter. So add 300 grams to 200 grams. That''s 500 grams. We used 125 millilitres of milk. That weighs the same as 125 grams. An egg weighs about 50 grams and two are about 100 grams. That''s 225 grams added to 500 grams. That''s 725 grams."', NULL);
INSERT INTO `card` (id, type, title, header, content, option) VALUES ('23109_8', 3, NULL, 'assets/topic/asb/18603.png', '"We were just in time," said Oupa Karel with a smile. "Look Lynne! Your friends have arrived. And look at all the presents they''ve brought for you."
"I bet that green one is heavy!" said Lynne excitedly.
"Yes," said Anton. "But that red one looks even heavier. Look at how big it is. Wow!  I wonder what''s inside?"', NULL);
INSERT INTO `card` (id, type, title, header, content, option) VALUES ('23109_9', 3, NULL, 'assets/topic/asb/18604.png', '"Thank you very much for my present, Cedric," said Lynne. It was the biggest present she had ever seen. "I can''t wait to open it."
"That must weigh as much as Cedric weighs," said Anton with a smile. "Look!  It''s bigger than him. I bet that present weighs as much as two Cedrics."', NULL);
INSERT INTO `card` (id, type, title, header, content, option) VALUES ('23109_10', 3, NULL, 'assets/topic/asb/18605.png', '"It''s a large pillow for your bed," said Cedric with a smile. "It''s full of feathers!"
"Wow," gasped Lynne. "This weighs almost nothing at all.  It''s as light as air!"
Anton let out a long sigh. "I thought it was going to be very heavy because it was so big," he said disappointedly.', NULL);
INSERT INTO `card` (id, type, title, header, content, option) VALUES ('23109_11', 3, NULL, 'assets/topic/asb/18606.png', 'Lynne was busy thanking her friend Annette for coming to her birthday party when she was interrupted by a voice.  It was Anton again.
"I''m not going to be fooled this time," said Anton.  "That present must be even lighter than the pillow.  Just look how small it is. I''d say it weighs even less than a feather. It''s probably as light as a cloud!"', NULL);
INSERT INTO `card` (id, type, title, header, content, option) VALUES ('23109_12', 3, NULL, 'assets/topic/asb/18607.png', '"I painted a rock for you to use as a paperweight," said Annette. "It''s heavy so that it will keep things from blowing away when you put them under it."
"That''s great," said Lynne. "Do you see my cool paperweight, Anton?  It''s pretty heavy."
Anton scratched his head and sighed. "But that present was so small. I really thought it was going to be light."', NULL);
INSERT INTO `card` (id, type, title, header, content, option) VALUES ('23109_13', 3, NULL, 'assets/topic/asb/18608.png', '"What weighs more," asked Annette, "a kilogram of rocks or a kilogram of feathers?"
"Rocks are heavier than feathers," said Anton. "So a kilogram of rocks weighs more."
"No silly," laughed Cedric. "They both weigh the same amount: one kilogram!"
Just then Oupa Karel smelt a burning smell coming from the house.', NULL);
INSERT INTO `card` (id, type, title, header, content, option) VALUES ('23109_14', 3, NULL, 'assets/topic/asb/18609.png', 'Oupa Karel jumped up from his chair and rushed inside to the kitchen. There was smoke everywhere. He asked the birthday guests to wait outside until he was sure everything was safe.
"Oh no, Lynne," said Anton, as Oupa Karel took the cake pan out of the oven. "We got too excited about opening your presents and forgot about the cake.  It''s completely burnt!"', NULL);
INSERT INTO `card` (id, type, title, header, content, option) VALUES ('23109_15', 3, NULL, 'assets/topic/asb/18610.png', 'Poor Lynne had worked so hard to get things ready for her party and now there was no cake for her friends to eat. She sat down on the kitchen floor and burst into tears.
"It''s all my fault," she said sadly. "I should have remembered about the cake."
"No, it''s not your fault, Lynne," said Oupa Karel. "It was just an accident!"', NULL);
INSERT INTO `card` (id, type, title, header, content, option) VALUES ('23109_16', 3, NULL, 'assets/topic/asb/18611.png', 'Auntie Mavis cleared her throat and said in a friendly voice: "But there is still my present to open up. It might not be as big as Cedric''s present or weigh as much as Annette''s present but it is a very special present. Why don''t you guess how much this weighs, Anton. Go on, it will cheer Lynne up!"', NULL);
INSERT INTO `card` (id, type, title, header, content, option) VALUES ('23109_17', 3, NULL, 'assets/topic/asb/18598.png', '"Mmm," said Anton. "This is heavier than a pillow but lighter than a rock."
"How many grams do you think it weighs? "asked Lynne curiously.
"I know that a kilogram is 1000 grams," said Anton thoughtfully. "This is a bit less than that. I''d say around 700 grams, about the same as our cake." Then there was an excited look on Anton''s face. "I think I know what this is. Open it up quickly, Lynne."', NULL);
INSERT INTO `card` (id, type, title, header, content, option) VALUES ('23109_18', 3, NULL, 'assets/topic/asb/18612.png', '"It''s a birthday cake," gasped Lynne. She couldn''t believe her eyes. "It''s a beautiful birthday cake!  Is that what you thought it was Anton?"
Anton nodded his head happily.
Oupa Karel took out some plates and a knife to cut the cake. "Happy birthday, Lynne," he said, “and I hope that all your wishes come true."', NULL);
INSERT INTO `card` (id, type, title, header, content, option) VALUES ('23109_19', 3, NULL, NULL, 'You are free to download, copy, translate or adapt this story and use the illustrations as long as you attribute in the following way:
Lynne''s birthday surprise
Author -
Leo Daly
Illustration -
Marleen Visser
Language -
English
Level -
Longer paragraphs
© African Storybook Initiative 2017
Creative Commons: Attribution 4.0
Source
www.africanstorybook.org', NULL);
INSERT INTO `card` (id, type, title, header, content, option) VALUES ('8707', 2, 'How Ant saved Dove', 'assets/topic/asb/788.png', 'Judith Baker
Wiehan de Jager', 'FFF4E1B5');
INSERT INTO `card` (id, type, title, header, content, option) VALUES ('8707_3', 3, NULL, 'assets/topic/asb/784.png', 'It was a hot summer day in the dry forest.', NULL);
INSERT INTO `card` (id, type, title, header, content, option) VALUES ('8707_4', 3, NULL, 'assets/topic/asb/785.png', 'Little Ant had no water for many days.', NULL);
INSERT INTO `card` (id, type, title, header, content, option) VALUES ('8707_5', 3, NULL, 'assets/topic/asb/786.png', '"I need a drop of water, even if it falls from a leaf," cried Little Ant.', NULL);
INSERT INTO `card` (id, type, title, header, content, option) VALUES ('8707_6', 3, NULL, 'assets/topic/asb/787.png', 'But even the dew had dried up.', NULL);
INSERT INTO `card` (id, type, title, header, content, option) VALUES ('8707_7', 3, NULL, 'assets/topic/asb/789.png', '"If I do not have water, I will die," cried Little Ant. "I must go to the river I heard about."', NULL);
INSERT INTO `card` (id, type, title, header, content, option) VALUES ('8707_8', 3, NULL, 'assets/topic/asb/790.png', '"The river is full and strong. It will sweep you away," warned a wise squirrel.', NULL);
INSERT INTO `card` (id, type, title, header, content, option) VALUES ('8707_9', 3, NULL, 'assets/topic/asb/791.png', 'But Little Ant was extremely thirsty. "I will die if I don''t drink some water." So, he went to look for the river.', NULL);
INSERT INTO `card` (id, type, title, header, content, option) VALUES ('8707_10', 3, NULL, 'assets/topic/asb/870.png', NULL, NULL);
INSERT INTO `card` (id, type, title, header, content, option) VALUES ('8707_11', 3, NULL, 'assets/topic/asb/871.png', 'He walked past tufts of grass and over dry branches.', NULL);
INSERT INTO `card` (id, type, title, header, content, option) VALUES ('8707_12', 3, NULL, 'assets/topic/asb/872.png', 'He walked until he heard water splashing. It was the river! He could hear waves.', NULL);
INSERT INTO `card` (id, type, title, header, content, option) VALUES ('8707_13', 3, NULL, 'assets/topic/asb/873.png', 'Little Ant took a long sip of cool water.', NULL);
INSERT INTO `card` (id, type, title, header, content, option) VALUES ('8707_14', 3, NULL, 'assets/topic/asb/874.png', 'He was so happy he did not see a wave coming.', NULL);
INSERT INTO `card` (id, type, title, header, content, option) VALUES ('8707_15', 3, NULL, 'assets/topic/asb/875.png', 'Little Ant tried to grab some grass floating past him. But he was swept away by the water.', NULL);
INSERT INTO `card` (id, type, title, header, content, option) VALUES ('8707_16', 3, NULL, 'assets/topic/asb/876.png', '"Help me someone. Help me please!" he called.', NULL);
INSERT INTO `card` (id, type, title, header, content, option) VALUES ('8707_17', 3, NULL, 'assets/topic/asb/877.png', '"Quick, climb on," said White Dove, holding a branch in her beak.', NULL);
INSERT INTO `card` (id, type, title, header, content, option) VALUES ('8707_18', 3, NULL, 'assets/topic/asb/878.png', NULL, NULL);
INSERT INTO `card` (id, type, title, header, content, option) VALUES ('8707_19', 3, NULL, 'assets/topic/asb/879.png', '"I will stay here until I can thank the dove," decided Little Ant. "I will wait until she comes back to drink."', NULL);
INSERT INTO `card` (id, type, title, header, content, option) VALUES ('8707_20', 3, NULL, 'assets/topic/asb/880.png', 'One day as he waited, two boys came to the river. They had their slingshots.', NULL);
INSERT INTO `card` (id, type, title, header, content, option) VALUES ('8707_21', 3, NULL, 'assets/topic/asb/881.png', '"There is a big white dove that comes here to drink," said one boy. "We will have it for supper tonight."', NULL);
INSERT INTO `card` (id, type, title, header, content, option) VALUES ('8707_22', 3, NULL, 'assets/topic/asb/882.png', NULL, NULL);
INSERT INTO `card` (id, type, title, header, content, option) VALUES ('8707_23', 3, NULL, 'assets/topic/asb/883.png', '"I cannot let the boys kill White Dove," thought Little Ant. "But I am so tiny, what can I do?"', NULL);
INSERT INTO `card` (id, type, title, header, content, option) VALUES ('8707_24', 3, NULL, 'assets/topic/asb/884.png', 'Just then White Dove flew down from the tree to drink.', NULL);
INSERT INTO `card` (id, type, title, header, content, option) VALUES ('8707_25', 3, NULL, 'assets/topic/asb/885.png', NULL, NULL);
INSERT INTO `card` (id, type, title, header, content, option) VALUES ('8707_26', 3, NULL, 'assets/topic/asb/886.png', 'Little Ant had an idea.', NULL);
INSERT INTO `card` (id, type, title, header, content, option) VALUES ('8707_27', 3, NULL, 'assets/topic/asb/887.png', 'He jumped onto one boy''s foot. Little Ant bit that boy as hard as he could.', NULL);
INSERT INTO `card` (id, type, title, header, content, option) VALUES ('8707_28', 3, NULL, 'assets/topic/asb/904.png', 'The boy jumped. "Ouch!" he shouted.', NULL);
INSERT INTO `card` (id, type, title, header, content, option) VALUES ('8707_29', 3, NULL, 'assets/topic/asb/888.png', 'White Dove was startled and flew away to safety.', NULL);
INSERT INTO `card` (id, type, title, header, content, option) VALUES ('8707_30', 3, NULL, 'assets/topic/asb/889.png', 'That was how Little Ant thanked White Dove for saving him.', NULL);
INSERT INTO `card` (id, type, title, header, content, option) VALUES ('8707_31', 3, NULL, NULL, 'You are free to download, copy, translate or adapt this story and use the illustrations as long as you attribute in the following way:
How Ant saved Dove
Author -
Judith Baker and Kholeka Mabeta
Illustration -
Wiehan de Jager
Language -
English
Level -
First sentences
© African Storybook Initiative 2014
Creative Commons: Attribution 4.0
Source
www.africanstorybook.org', NULL);
INSERT INTO `card` (id, type, title, header, content, option) VALUES ('15615', 2, 'The day the Sun went away', 'assets/topic/asb/14611.png', 'Khothatso Ranoosi and Marion Drew
Jesse Breytenbach', 'FFB3C8FF');
INSERT INTO `card` (id, type, title, header, content, option) VALUES ('15615_3', 3, NULL, 'assets/topic/asb/14612.png', 'Mother Sun decided to visit her sister,  the moon. Sister Moon lives on the  other side of the sky. "I will be back soon," said Sun to the clouds.', NULL);
INSERT INTO `card` (id, type, title, header, content, option) VALUES ('15615_4', 3, NULL, 'assets/topic/asb/14598.png', 'When Sun left,  the mountains put on their white scarves.', NULL);
INSERT INTO `card` (id, type, title, header, content, option) VALUES ('15615_5', 3, NULL, 'assets/topic/asb/14600.png', 'Wind had an argument with the trees. The trees became angry. They threw their leaves  all over the place.', NULL);
INSERT INTO `card` (id, type, title, header, content, option) VALUES ('15615_6', 3, NULL, 'assets/topic/asb/14602.png', 'The sky started to grumble. She turned grey.', NULL);
INSERT INTO `card` (id, type, title, header, content, option) VALUES ('15615_7', 3, NULL, 'assets/topic/asb/14604.png', 'The clouds were sad to see all this. They started crying. There were many tears.', NULL);
INSERT INTO `card` (id, type, title, header, content, option) VALUES ('15615_8', 3, NULL, 'assets/topic/asb/14605.png', 'The whole world began to sink under water.', NULL);
INSERT INTO `card` (id, type, title, header, content, option) VALUES ('15615_9', 3, NULL, 'assets/topic/asb/14606.png', 'Meanwhile,  on the other side of the sky,  Sun was ready to leave her sister. She kissed the moon goodbye and went home.', NULL);
INSERT INTO `card` (id, type, title, header, content, option) VALUES ('15615_10', 3, NULL, 'assets/topic/asb/14607.png', 'Sky was so happy to see Sun that she turned bright blue. The mountains put on their pretty green dresses.', NULL);
INSERT INTO `card` (id, type, title, header, content, option) VALUES ('15615_11', 3, NULL, 'assets/topic/asb/14608.png', 'The wind went to sleep. The trees stretched their branches and smiled.', NULL);
INSERT INTO `card` (id, type, title, header, content, option) VALUES ('15615_12', 3, NULL, 'assets/topic/asb/14609.png', 'The clouds were very happy to see mother Sun again. They went away to play.', NULL);
INSERT INTO `card` (id, type, title, header, content, option) VALUES ('15615_13', 3, NULL, 'assets/topic/asb/14610.png', 'Lots of little plants popped out of the earth to say,  "Hello." The whole world  sparkled.', NULL);
INSERT INTO `card` (id, type, title, header, content, option) VALUES ('15615_14', 3, NULL, 'assets/topic/asb/14611.png', 'Mother Sun shone her light everywhere. "I told you I would be back, " she beamed.', NULL);
INSERT INTO `card` (id, type, title, header, content, option) VALUES ('15615_15', 3, NULL, NULL, 'You are free to download, copy, translate or adapt this story and use the illustrations as long as you attribute in the following way:
The day the Sun went away
Author -
Khothatso Ranoosi and Marion Drew
Translation -
Khothatso Ranoosi and Marion Drew
Illustration -
Jesse Breytenbach
Language -
English
Level -
First sentences
© African Storybook Initiative 2015
Creative Commons: Attribution 4.0
Source
www.africanstorybook.org
Original source
http://paleng.weebly.com/.', NULL);
INSERT INTO `card` (id, type, title, header, content, option) VALUES ('15032', 2, 'Day I left home for the city', 'assets/topic/asb/15008.png', 'Lesley Koyi
Brian Wambi', 'FF9DEDE3');
INSERT INTO `card` (id, type, title, header, content, option) VALUES ('15032_3', 3, NULL, 'assets/topic/asb/14993.png', 'The small bus stop in my village was busy with people and overloaded buses. On the ground were even more things to load. Touts were shouting the names where the buses were going.', NULL);
INSERT INTO `card` (id, type, title, header, content, option) VALUES ('15032_4', 3, NULL, 'assets/topic/asb/14994.png', '"City! City! Going west!" I heard a tout shouting. That was the bus I needed to catch.', NULL);
INSERT INTO `card` (id, type, title, header, content, option) VALUES ('15032_5', 3, NULL, 'assets/topic/asb/14995.png', 'The city bus was almost full,  but more people were still pushing to get on. Some packed their luggage under the bus. Others put their things on the racks inside.', NULL);
INSERT INTO `card` (id, type, title, header, content, option) VALUES ('15032_6', 3, NULL, 'assets/topic/asb/14997.png', 'New passengers clutched their tickets as they looked for somewhere to sit in the crowded bus. Women with young children made them comfortable for the long journey.', NULL);
INSERT INTO `card` (id, type, title, header, content, option) VALUES ('15032_7', 3, NULL, 'assets/topic/asb/14996.png', 'I squeezed in next to a window. The person sitting next to me was holding tightly to a green plastic bag. He wore old sandals,  a worn out coat,  and he looked nervous.', NULL);
INSERT INTO `card` (id, type, title, header, content, option) VALUES ('15032_8', 3, NULL, 'assets/topic/asb/14998.png', 'I looked outside the bus and realised that I was leaving my village,  the place where I had grown up. I was going to the big city.', NULL);
INSERT INTO `card` (id, type, title, header, content, option) VALUES ('15032_9', 3, NULL, 'assets/topic/asb/14999.png', 'The loading was completed and all passengers were seated. Hawkers still pushed their way into the bus to sell their goods to the passengers. Each one was shouting the names of what was available for sale. The words sounded funny to me.', NULL);
INSERT INTO `card` (id, type, title, header, content, option) VALUES ('15032_10', 3, NULL, 'assets/topic/asb/15000.png', 'A few passengers bought drinks,  others bought small snacks and began to chew. Those who did not have any money,  like me,  just watched.', NULL);
INSERT INTO `card` (id, type, title, header, content, option) VALUES ('15032_11', 3, NULL, 'assets/topic/asb/15001.png', 'These activities were interrupted by the hooting of the bus,  a sign that we were ready to leave. The tout yelled at the hawkers to get out.', NULL);
INSERT INTO `card` (id, type, title, header, content, option) VALUES ('15032_12', 3, NULL, 'assets/topic/asb/15002.png', 'The hawkers pushed each other to make their way out of the bus. Some gave back change to the travelers. Others made last minute attempts to sell more.', NULL);
INSERT INTO `card` (id, type, title, header, content, option) VALUES ('15032_13', 3, NULL, 'assets/topic/asb/15003.png', 'As the bus left the bus stop,  I stared out of the window. I wondered if I would ever go back to my village again.', NULL);
INSERT INTO `card` (id, type, title, header, content, option) VALUES ('15032_14', 3, NULL, 'assets/topic/asb/15004.png', 'As the journey progressed,  the inside of the bus got very hot. I closed my eyes,  hoping to sleep.', NULL);
INSERT INTO `card` (id, type, title, header, content, option) VALUES ('15032_15', 3, NULL, 'assets/topic/asb/15005.png', 'But my mind drifted back home. Will my mother be safe? Will my rabbits fetch any money? Will my brother remember to water my tree seedlings?', NULL);
INSERT INTO `card` (id, type, title, header, content, option) VALUES ('15032_16', 3, NULL, 'assets/topic/asb/15006.png', 'On the way,  I memorised the name of the place where my uncle lived in the big city. I was still mumbling it when I fell asleep.', NULL);
INSERT INTO `card` (id, type, title, header, content, option) VALUES ('15032_17', 3, NULL, 'assets/topic/asb/15007.png', 'Nine hours later,  I woke up with loud banging and calling for passengers going back to my village. I grabbed my small bag and jumped out of the bus.', NULL);
INSERT INTO `card` (id, type, title, header, content, option) VALUES ('15032_18', 3, NULL, 'assets/topic/asb/15008.png', 'The return bus was filling up quickly. Soon it would make its way back east.  The most important thing for me now,  was to start looking for my uncle''s house.', NULL);
INSERT INTO `card` (id, type, title, header, content, option) VALUES ('15032_19', 3, NULL, NULL, 'You are free to download, copy, translate or adapt this story and use the illustrations as long as you attribute in the following way:
Day I left home for the city
Author -
Lesley Koyi and Ursula Nafula
Illustration -
Brian Wambi
Language -
English
Level -
First paragraphs
© African Storybook Initiative 2015
Creative Commons: Attribution 4.0
Source
www.africanstorybook.org', NULL);
INSERT INTO `card` (id, type, title, header, content, option) VALUES ('8433', 2, 'My first day at the market', 'assets/topic/asb/1447.png', 'Timothy Kabare
Catherine Groenewald', 'FFB3C8FF');
INSERT INTO `card` (id, type, title, header, content, option) VALUES ('8433_3', 3, NULL, 'assets/topic/asb/1448.png', 'I live in Kakuma village,  a very hot dry place,  full of thorny trees,  and more goats than people. Even the market place is quiet,  with only a few small shops. Most people use bicycles for transport.', NULL);
INSERT INTO `card` (id, type, title, header, content, option) VALUES ('8433_4', 3, NULL, 'assets/topic/asb/1449.png', 'One morning my mother called me and said,  "Etabo,  today you turn six years old. We have a present for you." "What is it? What is it?" I asked eagerly. "Tomorrow we''re going by bus to the market in Eldoret," she replied,  "And we''re taking you with us!" My first visit to the city! I was so excited that I could hardly sleep that night.', NULL);
INSERT INTO `card` (id, type, title, header, content, option) VALUES ('8433_5', 3, NULL, 'assets/topic/asb/1450.png', 'The next day at the Kakuma bus stop,  I stood between my mother and my aunt. I wore my new pair of blue jeans and a red T-shirt. I felt very small between my tall slender mother and my big round aunt.', NULL);
INSERT INTO `card` (id, type, title, header, content, option) VALUES ('8433_6', 3, NULL, 'assets/topic/asb/1451.png', 'The bus was very full,  so I had to sit on my mother''s lap. Tired from the heat and excitement,  I slept the whole way and saw nothing.', NULL);
INSERT INTO `card` (id, type, title, header, content, option) VALUES ('8433_7', 3, NULL, 'assets/topic/asb/1452.png', 'The sun was just rising when we reached Eldoret market. At the entrance was a woman selling grains. Over in one corner there were two men getting ready to lay out their sweet potatoes. Over in another corner was a woman holding a shiny blue helicopter. "Mother,  mother,  look at that helicopter!" But mother pulled me away.', NULL);
INSERT INTO `card` (id, type, title, header, content, option) VALUES ('8433_8', 3, NULL, 'assets/topic/asb/1453.png', 'In the middle of the market,  there was a large stall that sold different types of fruit. Some of them I had never seen before. "What are the names of these fruits?" I asked my mother. She pointed,  "These are oranges,  and these are guavas." I turned around and said,  "And these?"', NULL);
INSERT INTO `card` (id, type, title, header, content, option) VALUES ('8433_9', 3, NULL, 'assets/topic/asb/1454.png', 'Of all the fruits at the stall,  I liked the apples most. I liked their shape and colour. I wondered how they tasted. I turned to mother and said,  "Could you buy one for me?"', NULL);
INSERT INTO `card` (id, type, title, header, content, option) VALUES ('8433_10', 3, NULL, 'assets/topic/asb/1455.png', 'As soon as she gave me the apple,  I let go of my mother''s hand,  took the fruit with both hands,  and bit into the juicy flesh. I had never enjoyed a fruit the way I enjoyed that apple. All I cared about was my apple.', NULL);
INSERT INTO `card` (id, type, title, header, content, option) VALUES ('8433_11', 3, NULL, 'assets/topic/asb/1456.png', 'When I finished the apple,  I looked up to talk to my mother. But she was not there!  My mother and aunt had gone.  I looked to the right,  then to the left. But they were nowhere to be seen. "Have you seen my mother?" I asked the women selling potatoes nearby. They took no notice. I started to cry.', NULL);
INSERT INTO `card` (id, type, title, header, content, option) VALUES ('8433_12', 3, NULL, 'assets/topic/asb/1457.png', 'A while later,  a woman took me by the hand and led me to a place where there were other children. A big man with a thick beard asked,  "What''s your name,  boy?" "E-ta-bo," I replied through my tears.', NULL);
INSERT INTO `card` (id, type, title, header, content, option) VALUES ('8433_13', 3, NULL, 'assets/topic/asb/1458.png', 'I wondered if children were also sold at the market. I stopped crying and looked around to see if anyone would buy the children in the room. Soon a woman came in and picked up one of the children. "I will be the next one to be taken away," I thought. "And then I''ll never see home again!" I started crying once more.', NULL);
INSERT INTO `card` (id, type, title, header, content, option) VALUES ('8433_14', 3, NULL, 'assets/topic/asb/1459.png', 'When I heard the big man with the thick beard saying,  "Where is Etabo?" I cried even harder. "I do not want to go with you!" I sobbed. I hid away from him.', NULL);
INSERT INTO `card` (id, type, title, header, content, option) VALUES ('8433_15', 3, NULL, 'assets/topic/asb/1460.png', 'When my mother and aunt heard my name,  they rushed to the room. "Etabo,  Etabo!" a familiar voice called. It was my mother.', NULL);
INSERT INTO `card` (id, type, title, header, content, option) VALUES ('8433_16', 3, NULL, 'assets/topic/asb/1460.png', 'As I got up to hug my mother,  my aunt said,  "Etabo,  we were looking for you to give you your birthday present." And from a big bag,  my aunt pulled out a shiny blue helicopter.  "It''s yours!" she said.', NULL);
INSERT INTO `card` (id, type, title, header, content, option) VALUES ('8433_17', 3, NULL, NULL, 'You are free to download, copy, translate or adapt this story and use the illustrations as long as you attribute in the following way:
My first day at the market
Author -
Timothy Kabare and Ursula Nafula
Illustration -
Catherine Groenewald
Language -
English
Level -
Longer paragraphs
© African Storybook Initiative, 2014  2014
Creative Commons: Attribution 4.0
Source
www.africanstorybook.org', NULL);
INSERT INTO `card` (id, type, title, header, content, option) VALUES ('11139', 2, 'Rainbow visits the village', 'assets/topic/asb/10970.png', 'Ursula Nafula
Wiehan de Jager', 'FFF4E1B5');
INSERT INTO `card` (id, type, title, header, content, option) VALUES ('11139_3', 3, NULL, 'assets/topic/asb/10965.png', 'My name is Kobole.   I live in a small village.', NULL);
INSERT INTO `card` (id, type, title, header, content, option) VALUES ('11139_4', 3, NULL, 'assets/topic/asb/10966.png', 'I was out picking fruits when I saw something I had never seen before.', NULL);
INSERT INTO `card` (id, type, title, header, content, option) VALUES ('11139_5', 3, NULL, 'assets/topic/asb/10967.png', 'There were colourful lines in the sky.', NULL);
INSERT INTO `card` (id, type, title, header, content, option) VALUES ('11139_6', 3, NULL, 'assets/topic/asb/10969.png', 'I dropped all the fruit and ran to tell people at home.', NULL);
INSERT INTO `card` (id, type, title, header, content, option) VALUES ('11139_7', 3, NULL, 'assets/topic/asb/10970.png', 'People were standing outside surprised.', NULL);
INSERT INTO `card` (id, type, title, header, content, option) VALUES ('11139_8', 3, NULL, 'assets/topic/asb/10971.png', 'I said happily,  "It is a beautiful sheet hanging from the sky." "No! I think someone is pouring paint from the sky." Neno said.', NULL);
INSERT INTO `card` (id, type, title, header, content, option) VALUES ('11139_9', 3, NULL, 'assets/topic/asb/10973.png', 'Some people agreed with me. Others thought Neno was right. We began to argue.', NULL);
INSERT INTO `card` (id, type, title, header, content, option) VALUES ('11139_10', 3, NULL, 'assets/topic/asb/10975.png', 'A man from a faraway village said,  "You are all wrong."', NULL);
INSERT INTO `card` (id, type, title, header, content, option) VALUES ('11139_11', 3, NULL, 'assets/topic/asb/10976.png', 'We shouted,  "Tell us what it is if we are wrong."', NULL);
INSERT INTO `card` (id, type, title, header, content, option) VALUES ('11139_12', 3, NULL, 'assets/topic/asb/10977.png', 'The stranger said,  "It is the rainbow. Have you never seen the rainbow before?"', NULL);
INSERT INTO `card` (id, type, title, header, content, option) VALUES ('11139_13', 3, NULL, 'assets/topic/asb/10979.png', 'We asked the stranger,  "What is a r-a-i-n-b-o-w?"', NULL);
INSERT INTO `card` (id, type, title, header, content, option) VALUES ('11139_14', 3, NULL, 'assets/topic/asb/10980.png', 'Neno asked,  "Is it ours? Can we keep it here?" We never got answers to our questions because the man had left.', NULL);
INSERT INTO `card` (id, type, title, header, content, option) VALUES ('11139_15', 3, NULL, NULL, 'You are free to download, copy, translate or adapt this story and use the illustrations as long as you attribute in the following way:
Rainbow visits the village
Author -
Ursula Nafula
Translation -
Ursula Nafula
Illustration -
Wiehan de Jager
Language -
English
Level -
First sentences
© African Storybook Initiative 2015
Creative Commons: Attribution 4.0
Source
www.africanstorybook.org', NULL);
INSERT INTO `card` (id, type, title, header, content, option) VALUES ('21059', 2, 'Ostrich and Lioness', 'assets/topic/asb/19205.png', 'Turkana ECD Teachers
 Brian Wambi', 'FF9DEDE3');
INSERT INTO `card` (id, type, title, header, content, option) VALUES ('21059_3', 3, NULL, 'assets/topic/asb/19195.png', 'Ostrich and Lioness were great friends. Both of them had young ones.', NULL);
INSERT INTO `card` (id, type, title, header, content, option) VALUES ('21059_4', 3, NULL, 'assets/topic/asb/19196.png', 'Ostrich fed her chicks well.', NULL);
INSERT INTO `card` (id, type, title, header, content, option) VALUES ('21059_5', 3, NULL, 'assets/topic/asb/19197.png', 'The cubs had little food to eat.', NULL);
INSERT INTO `card` (id, type, title, header, content, option) VALUES ('21059_6', 3, NULL, 'assets/topic/asb/19198.png', 'Lioness looked at the chicks and thought,  "They are beautiful! I wish they were mine."', NULL);
INSERT INTO `card` (id, type, title, header, content, option) VALUES ('21059_7', 3, NULL, 'assets/topic/asb/19199.png', 'When Ostrich was away,  Lioness took the chicks to her home.', NULL);
INSERT INTO `card` (id, type, title, header, content, option) VALUES ('21059_8', 3, NULL, 'assets/topic/asb/19200.png', 'Ostrich returned and found the cubs in her home. She cried,  "Where are my children?"', NULL);
INSERT INTO `card` (id, type, title, header, content, option) VALUES ('21059_9', 3, NULL, 'assets/topic/asb/19201.png', 'Ostrich ran to Lioness'' hut and saw her chicks with Lioness.', NULL);
INSERT INTO `card` (id, type, title, header, content, option) VALUES ('21059_10', 3, NULL, 'assets/topic/asb/19202.png', 'Lioness refused to let Ostrich take her chicks. She said,  "They are mine now. You can have the cubs."', NULL);
INSERT INTO `card` (id, type, title, header, content, option) VALUES ('21059_11', 3, NULL, 'assets/topic/asb/19203.png', 'Ostrich was angry and upset. "What can I do to get back my children?" she wondered to herself.', NULL);
INSERT INTO `card` (id, type, title, header, content, option) VALUES ('21059_12', 3, NULL, 'assets/topic/asb/19204.png', 'Then she thought,  "I know what to do. I will call all the animals for a meeting."', NULL);
INSERT INTO `card` (id, type, title, header, content, option) VALUES ('21059_13', 3, NULL, 'assets/topic/asb/19205.png', 'The animals gathered together.', NULL);
INSERT INTO `card` (id, type, title, header, content, option) VALUES ('21059_14', 3, NULL, 'assets/topic/asb/19206.png', 'Elephant asked Ostrich and Lioness to speak.', NULL);
INSERT INTO `card` (id, type, title, header, content, option) VALUES ('21059_15', 3, NULL, 'assets/topic/asb/19207.png', 'Most of the animals were afraid to blame Lioness.', NULL);
INSERT INTO `card` (id, type, title, header, content, option) VALUES ('21059_16', 3, NULL, 'assets/topic/asb/19208.png', 'Finally,  Squirrel stood up and said,  "Children that look like birds,  belong to Ostrich. Those with tails,  belong to Lioness."', NULL);
INSERT INTO `card` (id, type, title, header, content, option) VALUES ('21059_17', 3, NULL, 'assets/topic/asb/19209.png', 'Then Squirrel disappeared into a hole. All the animals cheered.', NULL);
INSERT INTO `card` (id, type, title, header, content, option) VALUES ('21059_18', 3, NULL, 'assets/topic/asb/19210.png', 'Lioness was very annoyed. She went home with her cubs.', NULL);
INSERT INTO `card` (id, type, title, header, content, option) VALUES ('21059_19', 3, NULL, NULL, 'You are free to download, copy, translate or adapt this story and use the illustrations as long as you attribute in the following way:
Ostrich and Lioness
Author -
Daniel Nanok
Translation -
Turkana ECD Teachers
Illustration -
Brian Wambi
Language -
English
Level -
First sentences
© African Storybook Initiative 2016
Creative Commons: Attribution 4.0
Source
www.africanstorybook.org', NULL);
INSERT INTO `card` (id, type, title, header, content, option) VALUES ('22002', 2, 'Simbegwire', 'assets/topic/asb/1682.png', 'Rukia Nantale
 Benjamin Mitchley', 'FFB3C8FF');
INSERT INTO `card` (id, type, title, header, content, option) VALUES ('22002_3', 3, NULL, 'assets/topic/asb/1675.png', 'When Simbegwire''s mother died,  she was very sad. Simbegwire''s father did his best to take care of his daughter. Slowly,  they learned to feel happy again,  without Simbegwire''s mother. Every morning they sat and talked about the day ahead. Every evening they made dinner together. After they washed the dishes,  Simbegwire''s father helped her with homework.', NULL);
INSERT INTO `card` (id, type, title, header, content, option) VALUES ('22002_4', 3, NULL, 'assets/topic/asb/1676.png', 'One day,  Simbegwire''s father came home later than usual. "Where are you my child?" he called. Simbegwire ran to her father. She stopped still when she saw that he was holding a woman''s hand. "I want you to meet someone special,  my child. This is Anita," he said smiling.', NULL);
INSERT INTO `card` (id, type, title, header, content, option) VALUES ('22002_5', 3, NULL, 'assets/topic/asb/1677.png', '"Hello Simbegwire,  your father told me a lot about you," said Anita. But she did not smile or take the girl''s hand. Simbegwire''s father was happy and excited. He talked about the three of them living together,  and how good their life would be. "My child,  I hope you will accept Anita as your mother," he said.', NULL);
INSERT INTO `card` (id, type, title, header, content, option) VALUES ('22002_6', 3, NULL, 'assets/topic/asb/1678.png', 'Simbegwire''s life changed. She no longer had time to sit with her father in the mornings. Anita gave her so many household chores that she was too tired to do her school work in the evenings. She went straight to bed after dinner. Her only comfort was the colourful blanket her mother gave her. Simbegwire''s father did not seem to notice that his daughter was unhappy.', NULL);
INSERT INTO `card` (id, type, title, header, content, option) VALUES ('22002_7', 3, NULL, 'assets/topic/asb/1679.png', 'After a few months,  Simbegwire''s father told them that he would be away from home for a while. "I have to travel for my job," he said. "But I know you will look after each other." Simbegwire''s face fell,  but her father did not notice. Anita did not say anything. She was not happy either.', NULL);
INSERT INTO `card` (id, type, title, header, content, option) VALUES ('22002_8', 3, NULL, 'assets/topic/asb/1680.png', 'Things got worse for Simbegwire. If she didn''t finish her chores,  or she complained,  Anita hit her. And at dinner,  the woman ate most of the food,  leaving Simbegwire with only a few scraps. Each night Simbegwire cried herself to sleep,  hugging her mother''s blanket.', NULL);
INSERT INTO `card` (id, type, title, header, content, option) VALUES ('22002_9', 3, NULL, 'assets/topic/asb/1681.png', 'One morning,  Simbegwire was late getting out of bed. "You lazy girl!" Anita shouted. She pulled Simbegwire out of bed. The precious blanket caught on a nail,  and tore in two.', NULL);
INSERT INTO `card` (id, type, title, header, content, option) VALUES ('22002_10', 3, NULL, 'assets/topic/asb/1674.png', 'Simbegwire was very upset. She decided to run away from home. She took the pieces of her mother''s blanket,  packed some food,  and left the house. She followed the road her father had taken.', NULL);
INSERT INTO `card` (id, type, title, header, content, option) VALUES ('22002_11', 3, NULL, 'assets/topic/asb/1682.png', 'When it came to evening,  she climbed a tall tree near a stream and made a bed for herself in the branches. As she went to sleep,  she sang: Maama,  maama,  maama,  you left me. You left me and never came back. Father doesn''t love me anymore. Mother,  when are you coming back? You left me.', NULL);
INSERT INTO `card` (id, type, title, header, content, option) VALUES ('22002_12', 3, NULL, 'assets/topic/asb/1683.png', 'The next morning,  Simbegwire sang the song again. When the women came to wash their clothes at the stream,  they heard the sad song coming from the tall tree. They thought it was only the wind rustling the leaves,  and carried on with their work. But one of the women listened very carefully to the song.', NULL);
INSERT INTO `card` (id, type, title, header, content, option) VALUES ('22002_13', 3, NULL, 'assets/topic/asb/1685.png', 'This woman looked up into the tree. When she saw the girl and the pieces of colourful blanket,  she cried,  "Simbegwire,  my brother''s child!" The other women stopped washing and helped Simbegwire to climb down from the tree. Her aunt hugged the little girl and tried to comfort her.', NULL);
INSERT INTO `card` (id, type, title, header, content, option) VALUES ('22002_14', 3, NULL, 'assets/topic/asb/1686.png', 'Simbegwire''s aunt took the child to her own house. She gave Simbegwire warm food,  and tucked her in bed with her mother''s blanket. That night,  Simbegwire cried as she went to sleep. But they were tears of relief. She knew her aunt would look after her.', NULL);
INSERT INTO `card` (id, type, title, header, content, option) VALUES ('22002_15', 3, NULL, 'assets/topic/asb/2483.png', 'When Simbegwire''s father returned home,  he found her room empty. "What happened,  Anita?" he asked with a heavy heart. The woman explained that Simbegwire had run away. "I wanted her to respect me," she said. "But perhaps I was too strict." Simbegwire''s father left the house and went in the direction of the stream. He continued to his sister''s village to find out if she has seen Simbegwire.', NULL);
INSERT INTO `card` (id, type, title, header, content, option) VALUES ('22002_16', 3, NULL, 'assets/topic/asb/1688.png', 'Simbegwire was playing with her cousins when she saw her father from far away. She was scared he might be angry,  so she ran inside the house to hide. But her father went to her and said,  "Simbegwire,  you have found a perfect mother for yourself. One who loves you and understands you. I am proud of you and I love you." They agreed that Simbegwire would stay with her aunt as long as she wanted to.', NULL);
INSERT INTO `card` (id, type, title, header, content, option) VALUES ('22002_17', 3, NULL, 'assets/topic/asb/1690.png', 'Her father visited her every day. Eventually,  he came with Anita. She reached out for Simbegwire''s hand. "I''m so sorry little one,  I was wrong," she cried. "Will you let me try again?" Simbegwire looked at her father and his worried face. Then she stepped forward slowly and put her arms around Anita.', NULL);
INSERT INTO `card` (id, type, title, header, content, option) VALUES ('22002_18', 3, NULL, 'assets/topic/asb/1691.png', 'The next week,  Anita invited Simbegwire,  with her cousins and aunt,  to the house for a meal. What a feast! Anita prepared all of Simbegwire''s favourite foods,  and everyone ate until they were full. Then the children played while the adults talked. Simbegwire felt happy and brave. She decided that soon,  very soon,  she would return home to live with her father and her stepmother.', NULL);
INSERT INTO `card` (id, type, title, header, content, option) VALUES ('22002_19', 3, NULL, NULL, 'You are free to download, copy, translate or adapt this story and use the illustrations as long as you attribute in the following way:
Simbegwire
Author -
Rukia Nantale
Illustration -
Benjamin Mitchley
Language -
English
Level -
Read aloud
© African Storybook Initiative 2014
Creative Commons: Attribution 4.0
Source
www.africanstorybook.org', NULL);
INSERT INTO `card` (id, type, title, header, content, option) VALUES ('20374', 2, 'Ape and Crocodile', 'assets/topic/asb/19079.png', 'Mulualem Daba
 Abraham Muzee', 'FFB3C8FF');
INSERT INTO `card` (id, type, title, header, content, option) VALUES ('20374_3', 3, NULL, 'assets/topic/asb/19075.png', 'Once upon a time,  Crocodile was sitting near a big lake basking in the sun. Ape arrived at the water and they greeted each other.', NULL);
INSERT INTO `card` (id, type, title, header, content, option) VALUES ('20374_4', 3, NULL, 'assets/topic/asb/19076.png', 'Ape asked where Crocodile lived. Crocodile answered,  "I live in the lake."  Ape was amazed. She asked Crocodile,  "How is life in the water? Is it good?"', NULL);
INSERT INTO `card` (id, type, title, header, content, option) VALUES ('20374_5', 3, NULL, 'assets/topic/asb/19077.png', 'Crocodile answered,  "Life in the water is good. Where do you live?" Ape answered,  "I live in the trees. I eat fruits and leaves. What do you eat?"', NULL);
INSERT INTO `card` (id, type, title, header, content, option) VALUES ('20374_6', 3, NULL, 'assets/topic/asb/19078.png', 'Crocodile answered,  "I eat meat." She was already thinking of how to catch Ape and eat her. She asked Ape,  "Can you swim?"', NULL);
INSERT INTO `card` (id, type, title, header, content, option) VALUES ('20374_7', 3, NULL, 'assets/topic/asb/19079.png', 'Ape answered,  "No,  No! I cannot swim." Crocodile said,  "Let me teach you how to swim." Ape answered,  "No,  I am not interested."', NULL);
INSERT INTO `card` (id, type, title, header, content, option) VALUES ('20374_8', 3, NULL, 'assets/topic/asb/19080.png', 'Crocodile lied to Ape saying,  "We have become friends. Do not be afraid of me. Come,  sit on my back." So Ape sat on Crocodile''s back and Crocodile started swimming.', NULL);
INSERT INTO `card` (id, type, title, header, content, option) VALUES ('20374_9', 3, NULL, 'assets/topic/asb/19081.png', 'When they reached in the middle of the lake,  Crocodile asked Ape,  "How do you feel being in the lake? Are you comfortable?"  Ape answered,  "It is interesting and I am happy."', NULL);
INSERT INTO `card` (id, type, title, header, content, option) VALUES ('20374_10', 3, NULL, 'assets/topic/asb/19082.png', 'Crocodile sighed and said to Ape,  "My uncle is very sick. We haven''t found the medicine to treat him."', NULL);
INSERT INTO `card` (id, type, title, header, content, option) VALUES ('20374_11', 3, NULL, 'assets/topic/asb/19083.png', 'Ape was so afraid that she was trembling. She wondered how she would escape from Crocodile.', NULL);
INSERT INTO `card` (id, type, title, header, content, option) VALUES ('20374_12', 3, NULL, 'assets/topic/asb/19084.png', 'Then Ape had an idea. She said to Crocodile,  "Do not worry. I will give my heart for your uncle. Ape meat will cure him."', NULL);
INSERT INTO `card` (id, type, title, header, content, option) VALUES ('20374_13', 3, NULL, 'assets/topic/asb/19085.png', 'Crocodile was impressed. She said,  "Really! Would you be willing to give your heart for my uncle?" Ape answered,  "Yes of course. We are friends!"', NULL);
INSERT INTO `card` (id, type, title, header, content, option) VALUES ('20374_14', 3, NULL, 'assets/topic/asb/19086.png', 'A short while later,  Ape said,  "Oh! I''m really sorry my friend. I forgot my heart in a tree. Let''s go back so I can fetch it."', NULL);
INSERT INTO `card` (id, type, title, header, content, option) VALUES ('20374_15', 3, NULL, 'assets/topic/asb/19087.png', 'Crocodile hesitated and then asked,  "Are you sure? Will you bring your heart from the tree?" Ape answered,  "Yes,  I will bring it. I will even go with you to visit your uncle."', NULL);
INSERT INTO `card` (id, type, title, header, content, option) VALUES ('20374_16', 3, NULL, 'assets/topic/asb/19088.png', 'Crocodile agreed and swam back to the shore of the lake. As soon as they reached land,  Ape jumped from Crocodile''s back.', NULL);
INSERT INTO `card` (id, type, title, header, content, option) VALUES ('20374_17', 3, NULL, 'assets/topic/asb/19089.png', 'From the safety of a tree branch,  Ape called,  "Good bye my friend,  Crocodile. Thank you for the lake tour."', NULL);
INSERT INTO `card` (id, type, title, header, content, option) VALUES ('20374_18', 3, NULL, 'assets/topic/asb/19090.png', 'Crocodile was angry. She hissed,  "So,  did you lie to me? Are you coming back with your heart?"  Ape responded,  "I was able to sit on your back only because my heart was with me!"', NULL);
INSERT INTO `card` (id, type, title, header, content, option) VALUES ('20374_19', 3, NULL, NULL, 'You are free to download, copy, translate or adapt this story and use the illustrations as long as you attribute in the following way:
Ape and Crocodile
Author -
Mulualem Daba
Translation -
Mulualem Daba
Illustration -
Abraham Muzee
Language -
English
Level -
First paragraphs
© African Storybook Initiative 2016
Creative Commons: Attribution 4.0
Source
www.africanstorybook.org', NULL);
INSERT INTO `card` (id, type, title, header, content, option) VALUES ('18342', 2, 'Hare tricks Elephant, again', 'assets/topic/asb/13000.png', 'Ursula Nafula
Wiehan de Jager', 'FF9DEDE3');
INSERT INTO `card` (id, type, title, header, content, option) VALUES ('18342_3', 3, NULL, 'assets/topic/asb/13000.png', 'Elephant and Hare were good friends.', NULL);
INSERT INTO `card` (id, type, title, header, content, option) VALUES ('18342_4', 3, NULL, 'assets/topic/asb/13001.png', 'They found grass and water for their animals.', NULL);
INSERT INTO `card` (id, type, title, header, content, option) VALUES ('18342_5', 3, NULL, 'assets/topic/asb/13002.png', 'They liked to play football.', NULL);
INSERT INTO `card` (id, type, title, header, content, option) VALUES ('18342_6', 3, NULL, 'assets/topic/asb/13003.png', 'Elephant scored more goals.
Hare was not happy.', NULL);
INSERT INTO `card` (id, type, title, header, content, option) VALUES ('18342_7', 3, NULL, 'assets/topic/asb/13004.png', 'Hare asked Elephant, "What makes you a good player?"
"My big legs."', NULL);
INSERT INTO `card` (id, type, title, header, content, option) VALUES ('18342_8', 3, NULL, 'assets/topic/asb/13005.png', 'Hare and Elephant ran a race.
Hare won.', NULL);
INSERT INTO `card` (id, type, title, header, content, option) VALUES ('18342_9', 3, NULL, 'assets/topic/asb/13006.png', 'Elephant asked Hare, "What makes you a good runner?"
"My thin legs."', NULL);
INSERT INTO `card` (id, type, title, header, content, option) VALUES ('18342_10', 3, NULL, 'assets/topic/asb/13007.png', 'Elephant asked, "How can I get thin legs?"
"I will show you how."', NULL);
INSERT INTO `card` (id, type, title, header, content, option) VALUES ('18342_11', 3, NULL, 'assets/topic/asb/13008.png', 'Hare said, "Stand in the fire."
Elephant did. He cried, "I am burning!"', NULL);
INSERT INTO `card` (id, type, title, header, content, option) VALUES ('18342_12', 3, NULL, 'assets/topic/asb/13009.png', 'Hare told Elephant, "This is the only way your legs can become thin."', NULL);
INSERT INTO `card` (id, type, title, header, content, option) VALUES ('18342_13', 3, NULL, 'assets/topic/asb/13010.png', 'Elephant moved out of the fire.
He lay down.', NULL);
INSERT INTO `card` (id, type, title, header, content, option) VALUES ('18342_14', 3, NULL, 'assets/topic/asb/13012.png', 'For many days, Elephant was not able to stand.', NULL);
INSERT INTO `card` (id, type, title, header, content, option) VALUES ('18342_15', 3, NULL, 'assets/topic/asb/13013.png', 'When he was better, he walked home to his family.', NULL);
INSERT INTO `card` (id, type, title, header, content, option) VALUES ('18342_16', 3, NULL, 'assets/topic/asb/13014.png', 'Hare was very sorry. He asked Elephant to forgive him.', NULL);
INSERT INTO `card` (id, type, title, header, content, option) VALUES ('18342_17', 3, NULL, NULL, 'You are free to download, copy, translate or adapt this story and use the illustrations as long as you attribute in the following way:
Hare tricks Elephant, again
Author -
Agnes Gichaba
Translation -
Ursula Nafula
Illustration -
Wiehan de Jager
Language -
English
Level -
First words
© African Storybook Initiative 2015
Creative Commons: Attribution 4.0
Source
www.africanstorybook.org', NULL);
INSERT INTO `card` (id, type, title, header, content, option) VALUES ('8438', 2, 'Rabbit under the tree', 'assets/topic/asb/7610.png', 'Phumy Zikode
Wiehan de Jager', 'FFCFB5DD');
INSERT INTO `card` (id, type, title, header, content, option) VALUES ('8438_3', 3, NULL, 'assets/topic/asb/7595.png', 'Rabbit was sleeping under an apple tree. An apple fell down from a branch.', NULL);
INSERT INTO `card` (id, type, title, header, content, option) VALUES ('8438_4', 3, NULL, 'assets/topic/asb/7596.png', 'A voice said,  "Run Rabbit run!" She woke up quickly and ran away with great speed.', NULL);
INSERT INTO `card` (id, type, title, header, content, option) VALUES ('8438_5', 3, NULL, 'assets/topic/asb/7597.png', 'She met Chicken. "Why are you running?" asked Chicken. Rabbit replied, "I don''t know. I just heard something falling and a voice said,  ''Run Rabbit run!''"', NULL);
INSERT INTO `card` (id, type, title, header, content, option) VALUES ('8438_6', 3, NULL, 'assets/topic/asb/7598.png', 'Chicken was frightened. She started running when she heard what Rabbit said.', NULL);
INSERT INTO `card` (id, type, title, header, content, option) VALUES ('8438_7', 3, NULL, 'assets/topic/asb/7599.png', 'They met Dog. Dog asked,  "Why are you running?" Chicken said,  "I don''t know. I just heard what Rabbit said, and she doesn''t know. She heard something falling and a voice said,  ''Run Rabbit run!''"', NULL);
INSERT INTO `card` (id, type, title, header, content, option) VALUES ('8438_8', 3, NULL, 'assets/topic/asb/7600.png', 'Dog was surprised about what she heard. She started running with Rabbit and Chicken.', NULL);
INSERT INTO `card` (id, type, title, header, content, option) VALUES ('8438_9', 3, NULL, 'assets/topic/asb/7601.png', 'They met Horse. Horse asked Dog, "Why are you running?" Dog said, "I don''t know. I just heard what Chicken said, and she doesn''t know. She heard what Rabbit said and she doesn''t know. She heard something falling and a voice said, ''Run Rabbit run!''"', NULL);
INSERT INTO `card` (id, type, title, header, content, option) VALUES ('8438_10', 3, NULL, 'assets/topic/asb/7602.png', 'Horse started to run with the others.', NULL);
INSERT INTO `card` (id, type, title, header, content, option) VALUES ('8438_11', 3, NULL, 'assets/topic/asb/7603.png', 'They met Donkey. Donkey asked, "Why are you running?" Horse replied, "I don''t know. I just heard what Dog said, and he doesn''t know. He heard what Chicken said and she doesn''t know. She heard what Rabbit said and she doesn''t know. She heard something falling and a voice said, ''Run Rabbit run!''"', NULL);
INSERT INTO `card` (id, type, title, header, content, option) VALUES ('8438_12', 3, NULL, 'assets/topic/asb/7604.png', 'So Donkey starts running too.', NULL);
INSERT INTO `card` (id, type, title, header, content, option) VALUES ('8438_13', 3, NULL, 'assets/topic/asb/7605.png', 'They met Cow. Cow asked, "Why are you running?" Donkey replied, "I don''t know. I just heard what Horse said, and she doesn''t know. She heard what Dog said and he doesn''t know. He heard what Chicken said and she doesn''t know. She heard what Rabbit said and she doesn''t know. She heard something falling and a voice said, ''Run rabbit run!''"', NULL);
INSERT INTO `card` (id, type, title, header, content, option) VALUES ('8438_14', 3, NULL, 'assets/topic/asb/7606.png', 'Cow was worried and starte to run as well.', NULL);
INSERT INTO `card` (id, type, title, header, content, option) VALUES ('8438_15', 3, NULL, 'assets/topic/asb/7607.png', 'They met Cat. Cat asked, "Why are you running?" Cow replied, "I don''t know. I just heard what Donkey said,  and he doesn''t know. He heard what Horse said and she doesn''t know. She heard what Dog said and he doesn''t know. He heard what Chicken said and she doesn''t know. She heard what Rabbit said and she doesn''t know. She heard something falling and a voice said, ''Run rabbit run!''"', NULL);
INSERT INTO `card` (id, type, title, header, content, option) VALUES ('8438_16', 3, NULL, 'assets/topic/asb/7608.png', 'Cat started running with the other animals.', NULL);
INSERT INTO `card` (id, type, title, header, content, option) VALUES ('8438_17', 3, NULL, 'assets/topic/asb/7609.png', 'Then they met the boy riding the bicycle and he asked, "Why are you running?'''' And the animals replied, "We don''t know. We heard what Rabbit said and she doesn''t know. She heard something falling and a voice said, ''Run rabbit run!''"', NULL);
INSERT INTO `card` (id, type, title, header, content, option) VALUES ('8438_18', 3, NULL, 'assets/topic/asb/7610.png', 'The boy laughed and said, "An apple fell off the tree because of the wind. I''m the one who said, ''Run Rabbit run!''"', NULL);
INSERT INTO `card` (id, type, title, header, content, option) VALUES ('8438_19', 3, NULL, NULL, 'You are free to download, copy, translate or adapt this story and use the illustrations as long as you attribute in the following way:
Rabbit under the tree
Author -
Phumy Zikode
Translation -
Phumy Zikode
Illustration -
Wiehan de Jager
Language -
English
Level -
Longer paragraphs
© African Storybook Initiative 2015
Creative Commons: Attribution 4.0
Source
www.africanstorybook.org', NULL);
INSERT INTO `card` (id, type, title, header, content, option) VALUES ('17533', 2, 'Hare the Trickster', 'assets/topic/asb/17187.png', 'Dan Kaasha
 Abraham Muzee', 'FFB3C8FF');
INSERT INTO `card` (id, type, title, header, content, option) VALUES ('17533_3', 3, NULL, 'assets/topic/asb/17185.png', 'One day,  Hare was out looking for food. He met Elephant,  who had a pot of honey. Hare asked Elephant,  "Please be kind and carry me. I am weak."', NULL);
INSERT INTO `card` (id, type, title, header, content, option) VALUES ('17533_4', 3, NULL, 'assets/topic/asb/17186.png', 'Elephant agreed to carry Hare. Hare got onto Elephant''s back and held on tightly. He started eating Elephant''s honey straight away!', NULL);
INSERT INTO `card` (id, type, title, header, content, option) VALUES ('17533_5', 3, NULL, 'assets/topic/asb/17187.png', 'Honey began dripping on Elephant''s back. When Elephant asked what it was,  Hare said that it was from his wound.', NULL);
INSERT INTO `card` (id, type, title, header, content, option) VALUES ('17533_6', 3, NULL, 'assets/topic/asb/17188.png', 'They reached a river and found a large buffalo drinking water.', NULL);
INSERT INTO `card` (id, type, title, header, content, option) VALUES ('17533_7', 3, NULL, 'assets/topic/asb/17189.png', 'Hare wanted to know who was stronger,  Buffalo or Elephant.', NULL);
INSERT INTO `card` (id, type, title, header, content, option) VALUES ('17533_8', 3, NULL, 'assets/topic/asb/17190.png', 'They began arguing. Elephant said she was stronger and Buffalo said she was stronger.', NULL);
INSERT INTO `card` (id, type, title, header, content, option) VALUES ('17533_9', 3, NULL, 'assets/topic/asb/17191.png', 'Hare said he had an idea how to find out who was stronger. He asked them to wait for him there.', NULL);
INSERT INTO `card` (id, type, title, header, content, option) VALUES ('17533_10', 3, NULL, 'assets/topic/asb/17192.png', 'Hare came back with a long rope. He tied the one end around Elephant''s waist and led her away from the river.', NULL);
INSERT INTO `card` (id, type, title, header, content, option) VALUES ('17533_11', 3, NULL, 'assets/topic/asb/17193.png', 'Hare tied the other end of the rope around Buffalo''s waist and left her near the river.', NULL);
INSERT INTO `card` (id, type, title, header, content, option) VALUES ('17533_12', 3, NULL, 'assets/topic/asb/17194.png', 'Hare ran and hid himself in a tree. He shouted,  "Ready! One,  two,  three! Pull!"', NULL);
INSERT INTO `card` (id, type, title, header, content, option) VALUES ('17533_13', 3, NULL, 'assets/topic/asb/17195.png', 'Buffalo and Elephant pulled. Elephant pulled Buffalo.', NULL);
INSERT INTO `card` (id, type, title, header, content, option) VALUES ('17533_14', 3, NULL, 'assets/topic/asb/17196.png', 'Buffalo pulled Elephant. Neither could win.', NULL);
INSERT INTO `card` (id, type, title, header, content, option) VALUES ('17533_15', 3, NULL, 'assets/topic/asb/17198.png', 'From where he was hiding,  Hare continued to eat Elephant''s honey.', NULL);
INSERT INTO `card` (id, type, title, header, content, option) VALUES ('17533_16', 3, NULL, 'assets/topic/asb/17199.png', 'After he had finished the honey,  he cut the rope closer to Buffalo.', NULL);
INSERT INTO `card` (id, type, title, header, content, option) VALUES ('17533_17', 3, NULL, 'assets/topic/asb/17200.png', 'Elephant fell over hard and hit a tree.', NULL);
INSERT INTO `card` (id, type, title, header, content, option) VALUES ('17533_18', 3, NULL, 'assets/topic/asb/17201.png', 'Hare went to Buffalo and praised her,  saying that she was stronger.', NULL);
INSERT INTO `card` (id, type, title, header, content, option) VALUES ('17533_19', 3, NULL, NULL, 'You are free to download, copy, translate or adapt this story and use the illustrations as long as you attribute in the following way:
Hare the Trickster
Author -
Dan Kaasha
Illustration -
Abraham Muzee
Language -
English
Level -
First sentences
© African Storybook Initiative 2016
Creative Commons: Attribution 4.0
Source
www.africanstorybook.org', NULL);
INSERT INTO `card` (id, type, title, header, content, option) VALUES ('21134', 2, 'Hare and Hyena', 'assets/topic/asb/8138.png', 'Mutugi Kamundi
Rob Owen', 'FF9DEDE3');
INSERT INTO `card` (id, type, title, header, content, option) VALUES ('21134_3', 3, NULL, 'assets/topic/asb/8135.png', 'Long time ago Hare and Hyena were great friends. They did many things together. They danced and sang together.', NULL);
INSERT INTO `card` (id, type, title, header, content, option) VALUES ('21134_4', 3, NULL, 'assets/topic/asb/8136.png', 'One day, Hare said, "My friend Hyena, let us start farming together and we will be rich." "Oh yes, we can plant a lot of food, harvest it, and sell it to others," Hyena said. "But what shall we plant?" asked Hare.', NULL);
INSERT INTO `card` (id, type, title, header, content, option) VALUES ('21134_5', 3, NULL, 'assets/topic/asb/8137.png', 'Hyena suggested that it was good to plant maize. Hare agreed. Hare also told Hyena that it was good for them to share duties on the farm. "My work will be guarding the maize from birds," said Hare. Then Hare told Hyena to till the land, plant, and weed.', NULL);
INSERT INTO `card` (id, type, title, header, content, option) VALUES ('21134_6', 3, NULL, 'assets/topic/asb/8138.png', 'Hyena complained that he had been given more work. But Hare said that the work of chasing birds was the most difficult and most important. "My work is not easy. I will be climbing trees and chasing birds away day and night. And you are not able to climb a tree," Hare explained.', NULL);
INSERT INTO `card` (id, type, title, header, content, option) VALUES ('21134_7', 3, NULL, 'assets/topic/asb/8139.png', 'Hyena was convinced by Hare''s words. He agreed to till the land alone. It was a lot of work. Hare did not help at all. After tilling the land, Hyena planted maize in the whole field, alone.', NULL);
INSERT INTO `card` (id, type, title, header, content, option) VALUES ('21134_8', 3, NULL, 'assets/topic/asb/8140.png', 'When weeds grew in the field, Hyena weeded. It was a lot of work. Hare sat on a rock singing: "My friend is a worker, I am his adviser. He works like a tractor,  I am his manager. The soil he toils, The hills he tills,  The seeds he plants, The weeds he cuts, The maize we harvest."', NULL);
INSERT INTO `card` (id, type, title, header, content, option) VALUES ('21134_9', 3, NULL, 'assets/topic/asb/8141.png', 'When the maize was almost ready, Hare enjoyed himself singing in the field to keep birds away. Chasing the birds was not a hard job. He did not sweat at all.', NULL);
INSERT INTO `card` (id, type, title, header, content, option) VALUES ('21134_10', 3, NULL, 'assets/topic/asb/8142.png', 'Finally, the maize was ready to harvest. Hare told Hyena that they would share the harvest between themselves. Hare said, "I will harvest everything that grows above the soil and you will harvest everything that grows below the soil." Hyena thought that it was a good idea.', NULL);
INSERT INTO `card` (id, type, title, header, content, option) VALUES ('21134_11', 3, NULL, 'assets/topic/asb/8143.png', 'Hare said, "I will first get my harvest then you will harvest yours." So Hare harvested all the maize in the field and put it in his store.', NULL);
INSERT INTO `card` (id, type, title, header, content, option) VALUES ('21134_12', 3, NULL, 'assets/topic/asb/8144.png', 'Hyena went to harvest things that grew below the soil. He dug, hoping to get a good harvest. But he only found roots under the soil. He dug everywhere. He did not find anything to harvest.', NULL);
INSERT INTO `card` (id, type, title, header, content, option) VALUES ('21134_13', 3, NULL, 'assets/topic/asb/8145.png', 'Hyena realised that he had been cheated. He was angry. He returned home carrying empty baskets. In the evening he went to Hare''s home very annoyed. He told Hare, "Let us now farm together again my friend."', NULL);
INSERT INTO `card` (id, type, title, header, content, option) VALUES ('21134_14', 3, NULL, 'assets/topic/asb/8146.png', 'Hyena told Hare, "This time I will harvest everything that grows above the ground and you will harvest everything that grows below the soil." Hare accepted. He told Hyena that instead of planting maize it was good to change the crop. They agreed to plant potatoes.', NULL);
INSERT INTO `card` (id, type, title, header, content, option) VALUES ('21134_15', 3, NULL, 'assets/topic/asb/8147.png', 'Hyena also insisted that this time they would both do the digging, planting and weeding. Hare accepted. So they worked on the farm together, singing.', NULL);
INSERT INTO `card` (id, type, title, header, content, option) VALUES ('21134_16', 3, NULL, 'assets/topic/asb/8148.png', 'When the potatoes were ready, Hare told Hyena to harvest what grows above the ground. Hyena went looking for something to harvest. But he did not find anything. He only found potato leaves. He went back home with empty baskets.', NULL);
INSERT INTO `card` (id, type, title, header, content, option) VALUES ('21134_17', 3, NULL, 'assets/topic/asb/8149.png', 'Hare harvested a lot of big potatoes. He put them in his store. When Hyena saw Hare''s harvest, he was annoyed. "Why did you cheat me?" Hyena asked Hare. Hare explained that it was Hyena himself who chose to harvest the things that grew above the soil.', NULL);
INSERT INTO `card` (id, type, title, header, content, option) VALUES ('21134_18', 3, NULL, 'assets/topic/asb/8150.png', 'Hyena was very angry. He chased after Hare in order to get revenge. But Hare ran away fast. Since that day,  Hare and Hyena have not been friends.', NULL);
INSERT INTO `card` (id, type, title, header, content, option) VALUES ('21134_19', 3, NULL, NULL, 'You are free to download, copy, translate or adapt this story and use the illustrations as long as you attribute in the following way:
Hare and Hyena
Author -
Mutugi Kamundi
Illustration -
Rob Owen
Language -
English
Level -
Longer paragraphs
© African Storybook Initiative 2014
Creative Commons: Attribution 4.0
Source
www.africanstorybook.org', NULL);
INSERT INTO `card` (id, type, title, header, content, option) VALUES ('3083', 2, 'Hare and Tortoise (Again!)', 'assets/topic/asb/2036.png', 'Venkatramana Gowda
 Padmanabha', 'FF9DEDE3');
INSERT INTO `card` (id, type, title, header, content, option) VALUES ('3083_3', 3, NULL, 'assets/topic/asb/2037.png', 'Do you remember the Great Race between the hare and the tortoise? For a long time,  no one in the entire animal kingdom could talk about anything but the Great Race and its two contestants.', NULL);
INSERT INTO `card` (id, type, title, header, content, option) VALUES ('3083_4', 3, NULL, 'assets/topic/asb/2038.png', NULL, NULL);
INSERT INTO `card` (id, type, title, header, content, option) VALUES ('3083_5', 3, NULL, 'assets/topic/asb/2039.png', 'We all know that the rabbit was defeated because he was lazy and overconfident. We know that the tortoise won the race because he was slow and steady. The forest animals knew this too,  and continued to respect both creatures equally. Even the two competitors remained friends. The tortoise did not assume airs because he had won,  and the hare,  realising he had been defeated fair and square,  bore the tortoise no grudge.', NULL);
INSERT INTO `card` (id, type, title, header, content, option) VALUES ('3083_6', 3, NULL, 'assets/topic/asb/2040.png', NULL, NULL);
INSERT INTO `card` (id, type, title, header, content, option) VALUES ('3083_7', 3, NULL, 'assets/topic/asb/2042.png', 'Many months passed. The king of the jungle where the hare and the tortoise lived had some important matters to discuss with the king of the neighbouring jungle. But the first king could not leave his jungle just then. He decided,  instead,  to send the hare and tortoise to the neighbouring king,  as his representatives.', NULL);
INSERT INTO `card` (id, type, title, header, content, option) VALUES ('3083_8', 3, NULL, 'assets/topic/asb/2043.png', '"At least one of you must go to the neighbouring kingdom," ordered the king,  when the hare and the tortoise had presented themselves. "I want you to discuss certain important matters with the king there,  and come back to me with his thoughts on those matters." "Now go!" he said,  as he dismissed them. "And mind,  you only have a day to complete the task."', NULL);
INSERT INTO `card` (id, type, title, header, content, option) VALUES ('3083_9', 3, NULL, 'assets/topic/asb/2044.png', NULL, NULL);
INSERT INTO `card` (id, type, title, header, content, option) VALUES ('3083_10', 3, NULL, 'assets/topic/asb/2045.png', 'The road to the neighbouring kingdom was not smooth or easy. It was rocky and full of thorns. There were also two rivers to cross on the way.', NULL);
INSERT INTO `card` (id, type, title, header, content, option) VALUES ('3083_11', 3, NULL, 'assets/topic/asb/2046.png', NULL, NULL);
INSERT INTO `card` (id, type, title, header, content, option) VALUES ('3083_12', 3, NULL, 'assets/topic/asb/2048.png', 'After some thought,  both the hare and the tortoise realised that neither of them could complete the task alone. They had to travel together. The plan was for the hare to carry the tortoise over the thorny parts of the route,  and for the tortoise to carry the hare across the two rivers.', NULL);
INSERT INTO `card` (id, type, title, header, content, option) VALUES ('3083_13', 3, NULL, 'assets/topic/asb/2050.png', 'The next day,  they collected the various messages from their king and were ready to go. The hare made short work of the thorny parts of the route with his giant loping strides,  while the tortoise held on for dear life.', NULL);
INSERT INTO `card` (id, type, title, header, content, option) VALUES ('3083_14', 3, NULL, 'assets/topic/asb/2051.png', 'When they came to a river,  they switched places,  and the hare clambered onto the tortoise''s back. The tortoise swam across the river gracefully. Once both rivers had been crossed,  it did not take them long to arrive at the neighbouring kingdom.', NULL);
INSERT INTO `card` (id, type, title, header, content, option) VALUES ('3083_15', 3, NULL, 'assets/topic/asb/2052.png', NULL, NULL);
INSERT INTO `card` (id, type, title, header, content, option) VALUES ('3083_16', 3, NULL, 'assets/topic/asb/2054.png', 'After long discussions with the neighbouring king on all the matters raised by their own king,  the hare and the tortoise were ready to leave.', NULL);
INSERT INTO `card` (id, type, title, header, content, option) VALUES ('3083_17', 3, NULL, 'assets/topic/asb/2056.png', 'The journey home was even smoother than the outward journey,  since both the hare and the tortoise now knew exactly what to do. The two old rivals had worked so well that they reached the king well ahead of the deadline he had set!', NULL);
INSERT INTO `card` (id, type, title, header, content, option) VALUES ('3083_18', 3, NULL, NULL, 'You are free to download, copy, translate or adapt this story and use the illustrations as long as you attribute in the following way:
Hare and Tortoise (Again!)
Author -
Venkatramana Gowda and Divaspathy Hegde
Illustration -
Padmanabha
Language -
English
Level -
Longer paragraphs
© Pratham Books 2014
Creative Commons: Attribution 4.0
Source
www.africanstorybook.org
Original source
www.prathambooks.org', NULL);
INSERT INTO `card` (id, type, title, header, content, option) VALUES ('13092', 2, 'Hare tricks Elephant, again', 'assets/topic/asb/13000.png', 'Ursula Nafula
Wiehan de Jager', 'FFF4E1B5');
INSERT INTO `card` (id, type, title, header, content, option) VALUES ('13092_3', 3, NULL, 'assets/topic/asb/13000.png', 'Elephant and Hare were good friends.', NULL);
INSERT INTO `card` (id, type, title, header, content, option) VALUES ('13092_4', 3, NULL, 'assets/topic/asb/13001.png', 'They found grass and water for their animals.', NULL);
INSERT INTO `card` (id, type, title, header, content, option) VALUES ('13092_5', 3, NULL, 'assets/topic/asb/13002.png', 'They liked to play football.', NULL);
INSERT INTO `card` (id, type, title, header, content, option) VALUES ('13092_6', 3, NULL, 'assets/topic/asb/13003.png', 'Elephant scored more goals.
Hare was not happy.', NULL);
INSERT INTO `card` (id, type, title, header, content, option) VALUES ('13092_7', 3, NULL, 'assets/topic/asb/13004.png', 'Hare asked Elephant, "What makes you a good player?"
"My big legs."', NULL);
INSERT INTO `card` (id, type, title, header, content, option) VALUES ('13092_8', 3, NULL, 'assets/topic/asb/13005.png', 'Hare and Elephant ran a race.
Hare won.', NULL);
INSERT INTO `card` (id, type, title, header, content, option) VALUES ('13092_9', 3, NULL, 'assets/topic/asb/13006.png', 'Elephant asked Hare, "What makes you a good runner?"
"My thin legs."', NULL);
INSERT INTO `card` (id, type, title, header, content, option) VALUES ('13092_10', 3, NULL, 'assets/topic/asb/13007.png', 'Elephant asked, "How can I get thin legs?"
"I will show you how."', NULL);
INSERT INTO `card` (id, type, title, header, content, option) VALUES ('13092_11', 3, NULL, 'assets/topic/asb/13008.png', 'Hare said, "Stand in the fire."
Elephant did. He cried, "I am burning!"', NULL);
INSERT INTO `card` (id, type, title, header, content, option) VALUES ('13092_12', 3, NULL, 'assets/topic/asb/13009.png', 'Hare told Elephant, "This is the only way your legs can become thin."', NULL);
INSERT INTO `card` (id, type, title, header, content, option) VALUES ('13092_13', 3, NULL, 'assets/topic/asb/13010.png', 'Elephant moved out of the fire.
He lay down.', NULL);
INSERT INTO `card` (id, type, title, header, content, option) VALUES ('13092_14', 3, NULL, 'assets/topic/asb/13012.png', 'For many days, Elephant was not able to stand.', NULL);
INSERT INTO `card` (id, type, title, header, content, option) VALUES ('13092_15', 3, NULL, 'assets/topic/asb/13013.png', 'When he was better, he walked home to his family.', NULL);
INSERT INTO `card` (id, type, title, header, content, option) VALUES ('13092_16', 3, NULL, 'assets/topic/asb/13014.png', 'Hare was very sorry. He asked Elephant to forgive him.', NULL);
INSERT INTO `card` (id, type, title, header, content, option) VALUES ('13092_17', 3, NULL, NULL, 'You are free to download, copy, translate or adapt this story and use the illustrations as long as you attribute in the following way:
Hare tricks Elephant, again
Author -
Agnes Gichaba
Translation -
Ursula Nafula
Illustration -
Wiehan de Jager
Language -
English
Level -
First words
© African Storybook Initiative 2015
Creative Commons: Attribution 4.0
Source
www.africanstorybook.org', NULL);
INSERT INTO `card` (id, type, title, header, content, option) VALUES ('16197', 2, 'Colours', 'assets/topic/asb/1926.png', 'Madhav Chavan
 Rijuta Ghate', 'FFCFB5DD');
INSERT INTO `card` (id, type, title, header, content, option) VALUES ('16197_3', 3, NULL, 'assets/topic/asb/1242.png', 'Why is the sky blue?', NULL);
INSERT INTO `card` (id, type, title, header, content, option) VALUES ('16197_4', 3, NULL, 'assets/topic/asb/1243.png', 'It is not always blue. Is it?', NULL);
INSERT INTO `card` (id, type, title, header, content, option) VALUES ('16197_5', 3, NULL, 'assets/topic/asb/1917.png', 'Why are leaves green?', NULL);
INSERT INTO `card` (id, type, title, header, content, option) VALUES ('16197_6', 3, NULL, 'assets/topic/asb/1054.png', 'They are not always green. Are they?', NULL);
INSERT INTO `card` (id, type, title, header, content, option) VALUES ('16197_7', 3, NULL, 'assets/topic/asb/1918.png', 'Why are bananas yellow?', NULL);
INSERT INTO `card` (id, type, title, header, content, option) VALUES ('16197_8', 3, NULL, 'assets/topic/asb/1919.png', 'Ripe bananas are yellow. Unripe bananas are green.', NULL);
INSERT INTO `card` (id, type, title, header, content, option) VALUES ('16197_9', 3, NULL, 'assets/topic/asb/1920.png', 'Why are umbrellas black?', NULL);
INSERT INTO `card` (id, type, title, header, content, option) VALUES ('16197_10', 3, NULL, 'assets/topic/asb/1922.png', 'Not all umbrellas are black.', NULL);
INSERT INTO `card` (id, type, title, header, content, option) VALUES ('16197_11', 3, NULL, 'assets/topic/asb/1923.png', 'Why is blood red?', NULL);
INSERT INTO `card` (id, type, title, header, content, option) VALUES ('16197_12', 3, NULL, 'assets/topic/asb/1924.png', 'There is iron in the blood. That makes it red.', NULL);
INSERT INTO `card` (id, type, title, header, content, option) VALUES ('16197_13', 3, NULL, 'assets/topic/asb/1925.png', 'Why is salt white?', NULL);
INSERT INTO `card` (id, type, title, header, content, option) VALUES ('16197_14', 3, NULL, 'assets/topic/asb/1928.png', 'I don''t know!', NULL);
INSERT INTO `card` (id, type, title, header, content, option) VALUES ('16197_15', 3, NULL, NULL, 'You are free to download, copy, translate or adapt this story and use the illustrations as long as you attribute in the following way:
Colours
Author -
Madhav Chavan
Illustration -
Rijuta Ghate
Language -
English
Level -
First words
© Pratham Books 2014
Creative Commons: Attribution 4.0
Source
www.africanstorybook.org', NULL);
INSERT INTO `card` (id, type, title, header, content, option) VALUES ('21631', 2, 'Tamara starts school', 'assets/topic/asb/25447.png', 'Soila Murianka
Jacob Kono', 'FF9DEDE3');
INSERT INTO `card` (id, type, title, header, content, option) VALUES ('21631_3', 3, NULL, 'assets/topic/asb/25447.png', 'Tamara was a five-year-old girl who lived with her family.
Their village was near a forest that had wild animals.', NULL);
INSERT INTO `card` (id, type, title, header, content, option) VALUES ('21631_4', 3, NULL, 'assets/topic/asb/25448.png', 'Tamara was obedient to her parents.
She looked after sheep and goats.', NULL);
INSERT INTO `card` (id, type, title, header, content, option) VALUES ('21631_5', 3, NULL, 'assets/topic/asb/25449.png', 'Tamara loved listening to birds singing as she took care of the animals.
As the birds sang, she put her own words to the tune.', NULL);
INSERT INTO `card` (id, type, title, header, content, option) VALUES ('21631_6', 3, NULL, 'assets/topic/asb/25450.png', 'Tamara was too young for school. Her parents only allowed their older children, Nashipae and Tasieku, to go to school. It was 10 kilometres away.', NULL);
INSERT INTO `card` (id, type, title, header, content, option) VALUES ('21631_7', 3, NULL, 'assets/topic/asb/25451.png', 'Nashipae and Tasieku went with other children from the village in the morning and returned in the evening.
They carried food in small containers', NULL);
INSERT INTO `card` (id, type, title, header, content, option) VALUES ('21631_8', 3, NULL, 'assets/topic/asb/25452.png', 'Tamara asked her mother, "When will I go to school?"
Her mother answered, "You go soon, my dear child."', NULL);
INSERT INTO `card` (id, type, title, header, content, option) VALUES ('21631_9', 3, NULL, 'assets/topic/asb/25453.png', 'One day, a car arrived with the chief and two ladies.
The chief made sure that children went to school at the right age.', NULL);
INSERT INTO `card` (id, type, title, header, content, option) VALUES ('21631_10', 3, NULL, 'assets/topic/asb/25454.png', 'People believed that if a child was able to stretch her hand over her head and touch the ear, she was ready to start school.', NULL);
INSERT INTO `card` (id, type, title, header, content, option) VALUES ('21631_11', 3, NULL, 'assets/topic/asb/25455.png', 'The chief asked, "How old are you?" Tamara replied, "I am five years old."
"Let''s see if you can go to school," the chief said.', NULL);
INSERT INTO `card` (id, type, title, header, content, option) VALUES ('21631_12', 3, NULL, 'assets/topic/asb/25456.png', 'One of the ladies took Tamara''s right arm and gently placed it over her head.
Tamara touched her left ear.', NULL);
INSERT INTO `card` (id, type, title, header, content, option) VALUES ('21631_13', 3, NULL, 'assets/topic/asb/25457.png', 'Tamara would go to a different school than Nashipae and Tasieku.
It was new and closer to home.', NULL);
INSERT INTO `card` (id, type, title, header, content, option) VALUES ('21631_14', 3, NULL, 'assets/topic/asb/25458.png', 'Tamara was very happy.
She thought, "I will read and write like Nashipae and Tasieku."', NULL);
INSERT INTO `card` (id, type, title, header, content, option) VALUES ('21631_15', 3, NULL, NULL, 'You are free to download, copy, translate or adapt this story and use the illustrations as long as you attribute in the following way:
Tamara starts school
Author -
Soila Murianka
Illustration -
Jacob Kono
Language -
English
Level -
First sentences
© African Storybook Initiative 2017
Creative Commons: Attribution 4.0
Source
www.africanstorybook.org', NULL);
INSERT INTO `card` (id, type, title, header, content, option) VALUES ('22003', 2, 'Shepherd and his best friend', 'assets/topic/asb/25050.png', 'Biniam  Asfaw
Isaac Okwir', 'FFCFB5DD');
INSERT INTO `card` (id, type, title, header, content, option) VALUES ('22003_3', 3, NULL, 'assets/topic/asb/25047.png', 'Tarik was a Grade 4 student at Elementary School. The school was located in Menz district in the province of North Shoa, Ethiopia.', NULL);
INSERT INTO `card` (id, type, title, header, content, option) VALUES ('22003_4', 3, NULL, 'assets/topic/asb/25048.png', 'Tarik had a dog called Buchie. Where Buchie was, Tarik was there too. When Tarik''s mom gave Tarik food, he shared it with Buchie.', NULL);
INSERT INTO `card` (id, type, title, header, content, option) VALUES ('22003_5', 3, NULL, 'assets/topic/asb/25049.png', 'Tarik and his classmate, Bedilu, were shepherds when they were not at school. One Saturday morning, Tarik and Bedilu were taking their flock to the town''s common grazing land.', NULL);
INSERT INTO `card` (id, type, title, header, content, option) VALUES ('22003_6', 3, NULL, 'assets/topic/asb/25050.png', 'They also carried their school books to study for examinations. On the way, Bedilu said, "Hey! Let us play kisara for few minutes to relax our minds before studying." Tarik replied, "No! We should start studying!"', NULL);
INSERT INTO `card` (id, type, title, header, content, option) VALUES ('22003_7', 3, NULL, 'assets/topic/asb/25051.png', '"Don''t worry, we will study soon. Please play!" Bedilu begged Tarik. In the end, the boys played kisara.
(Kisara is a game in which players take turns throwing flat stones or coins into a small hole, standing about a meter and half from the hole.)', NULL);
INSERT INTO `card` (id, type, title, header, content, option) VALUES ('22003_8', 3, NULL, 'assets/topic/asb/25052.png', 'Without noticing, they played the game for about two hours. Their sheep all disappeared. When they looked, they couldn''t see their sheep anywhere. They ran everywhere searching for the sheep.', NULL);
INSERT INTO `card` (id, type, title, header, content, option) VALUES ('22003_9', 3, NULL, 'assets/topic/asb/25053.png', 'From a distance, they saw a wolf chasing their sheep! When Tarik and Bedilu reached there, they saw that it had killed Tarik''s sheep. Tarik began crying. He knew that his father would punish him severely.', NULL);
INSERT INTO `card` (id, type, title, header, content, option) VALUES ('22003_10', 3, NULL, 'assets/topic/asb/25054.png', 'When Bedilu took his sheep home, Tarik didn''t go home. He decided to spend the night in the big tree not far from his house. He slept on a low branch and Buchie slept below him on the ground.', NULL);
INSERT INTO `card` (id, type, title, header, content, option) VALUES ('22003_11', 3, NULL, 'assets/topic/asb/25055.png', 'At midnight, Tarik was woken by a loud scream of hyenas. He got such a fright that he fell off the branch, down to the ground.', NULL);
INSERT INTO `card` (id, type, title, header, content, option) VALUES ('22003_12', 3, NULL, 'assets/topic/asb/25056.png', 'Tarik heard sounds of animals near him but it was too dark to know what they were. He began sweating thinking it must be the hyenas.', NULL);
INSERT INTO `card` (id, type, title, header, content, option) VALUES ('22003_13', 3, NULL, 'assets/topic/asb/25057.png', 'Suddenly, lightning splashed its light across the sky. Tarik was able to see around him. There was Buchie standing guard and protecting him from two snarling hyenas.', NULL);
INSERT INTO `card` (id, type, title, header, content, option) VALUES ('22003_14', 3, NULL, 'assets/topic/asb/25058.png', 'Buchie saved Tarik from the wild beasts, what a friend he was indeed! The boy scrambled back up into the tree, taking Buchie with him.
Together they would wait for morning and then go home to face Tarik''s father.', NULL);
INSERT INTO `card` (id, type, title, header, content, option) VALUES ('22003_15', 3, NULL, NULL, 'You are free to download, copy, translate or adapt this story and use the illustrations as long as you attribute in the following way:
Shepherd and his best friend
Author -
Biniam  Asfaw
Illustration -
Isaac Okwir
Language -
English
Level -
First paragraphs
© African Storybook Initiative 2017
Creative Commons: Attribution 4.0
Source
www.africanstorybook.org', NULL);
INSERT INTO `card` (id, type, title, header, content, option) VALUES ('8713', 2, 'Nanu''s taxi', 'assets/topic/asb/7576.png', 'Marion Drew
Marion Drew', 'FFF4E1B5');
INSERT INTO `card` (id, type, title, header, content, option) VALUES ('8713_3', 3, NULL, 'assets/topic/asb/7560.png', 'Hello! My name is Nanu. I am waiting with my mother for a taxi. We are going home.', NULL);
INSERT INTO `card` (id, type, title, header, content, option) VALUES ('8713_4', 3, NULL, 'assets/topic/asb/7562.png', 'Here I am standing in line. My mother sings me a song. "Come Mr Taxi can''t you see? We are waiting,  Nanu and me!"', NULL);
INSERT INTO `card` (id, type, title, header, content, option) VALUES ('8713_5', 3, NULL, 'assets/topic/asb/7563.png', 'The lady next to me is taking her chickens home. They will lay eggs for her to eat.', NULL);
INSERT INTO `card` (id, type, title, header, content, option) VALUES ('8713_6', 3, NULL, 'assets/topic/asb/7564.png', 'These men are coming back from work. They smile at me. I hear them sing,  "Hey little Nanu,  don''t you worry. Taxi''s coming in a hurry."', NULL);
INSERT INTO `card` (id, type, title, header, content, option) VALUES ('8713_7', 3, NULL, 'assets/topic/asb/7565.png', 'A lady walks past. She is a very smart lady. Aren''t her shoes beautiful? They go "click,  click,  clickclick,  click,  click" when she walks.', NULL);
INSERT INTO `card` (id, type, title, header, content, option) VALUES ('8713_8', 3, NULL, 'assets/topic/asb/7566.png', 'This man is selling cold drinks. I love cold drinks. They are so cold and sweet. Do you like them?', NULL);
INSERT INTO `card` (id, type, title, header, content, option) VALUES ('8713_9', 3, NULL, 'assets/topic/asb/7571.png', 'Look! There are ladies taking their supper home on their heads. Aren''t they clever?', NULL);
INSERT INTO `card` (id, type, title, header, content, option) VALUES ('8713_10', 3, NULL, 'assets/topic/asb/7568.png', 'That lady is having her hair done. She is going out with her friends tonight.', NULL);
INSERT INTO `card` (id, type, title, header, content, option) VALUES ('8713_11', 3, NULL, 'assets/topic/asb/7569.png', 'I am tired now. My mother puts me on her back where I can rest. She sings,  "Please Mr Taxi,  don''t be late,  Gogo is waiting at our gate."', NULL);
INSERT INTO `card` (id, type, title, header, content, option) VALUES ('8713_12', 3, NULL, 'assets/topic/asb/7570.png', 'There is my friend Tumi. He is also resting. We will be home soon.', NULL);
INSERT INTO `card` (id, type, title, header, content, option) VALUES ('8713_13', 3, NULL, 'assets/topic/asb/7572.png', 'High up there the birds are flying home. They must get home before it is dark.', NULL);
INSERT INTO `card` (id, type, title, header, content, option) VALUES ('8713_14', 3, NULL, 'assets/topic/asb/7573.png', 'This lady has beautiful earrings. I think she bought them in town today. When I grow up I will buy many earrings for me and my mother.', NULL);
INSERT INTO `card` (id, type, title, header, content, option) VALUES ('8713_15', 3, NULL, 'assets/topic/asb/7574.png', 'My mother is getting tired now. I sing her a song,  "Please Mr Taxi,  won''t you come,  we are waiting,  me and mum."', NULL);
INSERT INTO `card` (id, type, title, header, content, option) VALUES ('8713_16', 3, NULL, 'assets/topic/asb/7575.png', 'Wait! I can hear the taxi! Here it comes!', NULL);
INSERT INTO `card` (id, type, title, header, content, option) VALUES ('8713_17', 3, NULL, 'assets/topic/asb/7576.png', 'This is our big red taxi. It has come to take me and my mother home. I am very happy!', NULL);
INSERT INTO `card` (id, type, title, header, content, option) VALUES ('8713_18', 3, NULL, 'assets/topic/asb/7577.png', 'Goodbye!', NULL);
INSERT INTO `card` (id, type, title, header, content, option) VALUES ('8713_19', 3, NULL, NULL, 'You are free to download, copy, translate or adapt this story and use the illustrations as long as you attribute in the following way:
Nanu''s taxi
Author -
Marion Drew
Illustration -
Marion Drew
Language -
English
Level -
First sentences
© Marion Drew 2014
Creative Commons: Attribution 4.0
Source
www.africanstorybook.org', NULL);
INSERT INTO `card` (id, type, title, header, content, option) VALUES ('24748', 2, 'Elephant and Hippo', 'assets/topic/asb/27134.png', 'Terkule Aorabee
Awwalu  Sakiwa and Idowu Abayomi Oluwasegun', 'FF9DEDE3');
INSERT INTO `card` (id, type, title, header, content, option) VALUES ('24748_3', 3, NULL, 'assets/topic/asb/27133.png', 'There lived a set of twin brothers called Elephant and Hippo.
One day, Fate came and gave them two choices. "Choose blindness or leprosy," Fate ordered.
Hippo wanted to be clever. He quickly chose leprosy so as to keep using his eyes. Elephant chose blindness.', NULL);
INSERT INTO `card` (id, type, title, header, content, option) VALUES ('24748_4', 3, NULL, 'assets/topic/asb/27134.png', 'Hippo became an angry boy because of the leprosy. Blindness gave Elephant patience. Elephant needed help but Hippo treated him badly.
Then Elephant found a magical Stick, which helped him to move around. They whispered secrets to each other. Stick helped Elephant to fight enemies.', NULL);
INSERT INTO `card` (id, type, title, header, content, option) VALUES ('24748_5', 3, NULL, 'assets/topic/asb/27135.png', 'Because Hippo lost his fingers and toes he also needed help. Elephant was kind to him.
When food was served, Hippo needed Elephant to cut the food and place it on his fingerless palms. Hippo was very unhappy.', NULL);
INSERT INTO `card` (id, type, title, header, content, option) VALUES ('24748_6', 3, NULL, 'assets/topic/asb/27136.png', 'One morning, their mother served hot yams. Because they were hungry, the boys did not wait for the yams to cool.
Hippo put his palms together and they looked like a plate. He asked, "Put my share here for me."', NULL);
INSERT INTO `card` (id, type, title, header, content, option) VALUES ('24748_7', 3, NULL, 'assets/topic/asb/27137.png', 'The yam was so hot that it burned their palms. Hippo moved his hands up and down, to cool his palms. The yam fell on the sand.
Elephant moved his own yam from one hand to the other without it falling. Hippo was annoyed.', NULL);
INSERT INTO `card` (id, type, title, header, content, option) VALUES ('24748_8', 3, NULL, 'assets/topic/asb/27138.png', '"Help me pick up my yam, please," Hippo asked Elephant.
"You know I cannot see it," Elephant replied.
"Give me your hand, I will show you," Hippo said.
Elephant found the yam, and blew the sand off it. He gave it to Hippo.', NULL);
INSERT INTO `card` (id, type, title, header, content, option) VALUES ('24748_9', 3, NULL, 'assets/topic/asb/27139.png', 'In the evening, their mother gave them pounded yam, and four pieces of meat. Elephant quickly touched the meat and counted the pieces with his fingers.
Hippo did not notice Elephant counting the meat.', NULL);
INSERT INTO `card` (id, type, title, header, content, option) VALUES ('24748_10', 3, NULL, 'assets/topic/asb/27140.png', 'Hippo tried to steal a piece of meat but he dropped it. When it was time to share the meat, Elephant asked, "Were there not four pieces of meat?"
"There were three," Hippo lied. "There were four," Elephant insisted. "Are you really blind?" Hippo asked.', NULL);
INSERT INTO `card` (id, type, title, header, content, option) VALUES ('24748_11', 3, NULL, 'assets/topic/asb/27141.png', 'One day, they were hungry but their mother was away. "Let us go and play to forget our hunger," suggested Hippo.
Elephant agreed, so Hippo said, "Let us swim in the river." He knew Elephant could not swim. He planned to kill his brother!
Elephant and Stick followed Hippo.', NULL);
INSERT INTO `card` (id, type, title, header, content, option) VALUES ('24748_12', 3, NULL, 'assets/topic/asb/27142.png', 'On the way, Hippo went into the forest. He picked up a heavy stone and put it under his arm. He grunted as he picked up the stone. He was still grunting as they walked to the river.
"Why is he grunting like that?" Elephant asked Stick.', NULL);
INSERT INTO `card` (id, type, title, header, content, option) VALUES ('24748_13', 3, NULL, 'assets/topic/asb/27143.png', 'When they reached the river, Hippo said, "I will jump in first and help you to swim."
He moved away from Elephant. He lifted the stone and threw it into the river.
"That sound is too small for the size of Hippo," Stick whispered in Elephant''s ear.', NULL);
INSERT INTO `card` (id, type, title, header, content, option) VALUES ('24748_14', 3, NULL, 'assets/topic/asb/27144.png', 'Elephant asked Stick to find out more. He started swinging Stick round and round. Stick hit Hippo very hard. "Ayei!" Hippo cried and jumped into the river.
The magical Stick turned Hippo into a water animal. He turned Elephant into a land animal and became Elephant''s trunk.', NULL);
INSERT INTO `card` (id, type, title, header, content, option) VALUES ('24748_15', 3, NULL, NULL, 'You are free to download, copy, translate or adapt this story and use the illustrations as long as you attribute in the following way:
Elephant and Hippo
Author -
Terkule Aorabee
Translation -
Terkule Aorabee
Illustration -
Awwalu  Sakiwa and Idowu Abayomi Oluwasegun
Language -
English
Level -
First paragraphs
© African Storybook Initiative 2018
Creative Commons: Attribution 4.0
Source
www.africanstorybook.org', NULL);
INSERT INTO `card` (id, type, title, header, content, option) VALUES ('23143', 2, 'A very tall man', 'assets/topic/asb/309.png', 'Cornelius Wambi Gulere
Catherine Groenewald', 'FF9DEDE3');
INSERT INTO `card` (id, type, title, header, content, option) VALUES ('23143_3', 3, NULL, 'assets/topic/asb/309.png', 'His hoe was too short.', NULL);
INSERT INTO `card` (id, type, title, header, content, option) VALUES ('23143_4', 3, NULL, 'assets/topic/asb/310.png', 'His doorway was too low.', NULL);
INSERT INTO `card` (id, type, title, header, content, option) VALUES ('23143_5', 3, NULL, 'assets/topic/asb/311.png', 'His bed was too short.', NULL);
INSERT INTO `card` (id, type, title, header, content, option) VALUES ('23143_6', 3, NULL, 'assets/topic/asb/314.png', 'His bicycle was too short.', NULL);
INSERT INTO `card` (id, type, title, header, content, option) VALUES ('23143_7', 3, NULL, 'assets/topic/asb/313.png', 'This man was too tall!', NULL);
INSERT INTO `card` (id, type, title, header, content, option) VALUES ('23143_8', 3, NULL, 'assets/topic/asb/316.png', 'He made a very long hoe handle.', NULL);
INSERT INTO `card` (id, type, title, header, content, option) VALUES ('23143_9', 3, NULL, 'assets/topic/asb/315.png', 'He made very high door frames.', NULL);
INSERT INTO `card` (id, type, title, header, content, option) VALUES ('23143_10', 3, NULL, 'assets/topic/asb/317.png', 'He made a very long bed.', NULL);
INSERT INTO `card` (id, type, title, header, content, option) VALUES ('23143_11', 3, NULL, 'assets/topic/asb/318.png', 'He bought a very high bicycle.', NULL);
INSERT INTO `card` (id, type, title, header, content, option) VALUES ('23143_12', 3, NULL, 'assets/topic/asb/319.png', 'He sat on a very high chair. He ate with a very long fork.', NULL);
INSERT INTO `card` (id, type, title, header, content, option) VALUES ('23143_13', 3, NULL, 'assets/topic/asb/320.png', 'He left his house and lived in a big forest. He lived for many years.', NULL);
INSERT INTO `card` (id, type, title, header, content, option) VALUES ('23143_14', 3, NULL, NULL, 'You are free to download, copy, translate or adapt this story and use the illustrations as long as you attribute in the following way:
A very tall man
Author -
Cornelius Wambi Gulere
Illustration -
Catherine Groenewald
Language -
English
Level -
First words
© Text: Ugandan Community Libraries Association; Illustration: African Storybook Initiative 2014
Creative Commons: Attribution 4.0
Source
www.africanstorybook.org
Original source
www.ugcla.org', NULL);
INSERT INTO `card` (id, type, title, header, content, option) VALUES ('3914', 2, 'The happy revival', 'assets/topic/asb/2462.png', 'Rebecca Njuguna
Catherine Groenewald', 'FFB3C8FF');
INSERT INTO `card` (id, type, title, header, content, option) VALUES ('3914_3', 3, NULL, 'assets/topic/asb/2463.png', 'For ages,  Olokwango hill stood smiling at the middle of Kwere plains. From the two dimples on its side came springs which converged downhill to form a river. River Temu meandered silently across the Kwere plains. Its waters were a gift to the sheep and goats of the area as well as the deer that dwelt in the plains.', NULL);
INSERT INTO `card` (id, type, title, header, content, option) VALUES ('3914_4', 3, NULL, 'assets/topic/asb/2464.png', 'Things were all well until Matata became headman. He ordered a path to be cleared from the top of the hill to the foot so that he could climb uphill easily and roll gently down to the foot. Olokwango hill was angry with the damage to his beard,  but he was patient.', NULL);
INSERT INTO `card` (id, type, title, header, content, option) VALUES ('3914_5', 3, NULL, 'assets/topic/asb/2465.png', 'During the weekend,  Matata''s children and their friends would climb uphill to play. They would run all over the place,  breaking twigs and branches,  lighting fires for their games,  which they would later leave burning.', NULL);
INSERT INTO `card` (id, type, title, header, content, option) VALUES ('3914_6', 3, NULL, 'assets/topic/asb/2466.png', 'Over time,  Olokwango lost patience. The dimples became smaller and smaller as his face turned into ugly wrinkles. At last the springs were no more. The deer in the plains migrated because there was no more the tall green grass to play in. The sheep and goats grew thinner and thinner. Everyone felt the sadness of Olokwango hill.', NULL);
INSERT INTO `card` (id, type, title, header, content, option) VALUES ('3914_7', 3, NULL, 'assets/topic/asb/2467.png', 'The people of Kwere realized that something needed to be done. They joined hands and overthrew Matata the headman. In his place they appointed Baraka who immediately ordered everyone to plant a flower to honour Olokwango. Baraka and his people held ceremonies and brought gifts of pine,  cedar,  and cypress for Olokwango.', NULL);
INSERT INTO `card` (id, type, title, header, content, option) VALUES ('3914_8', 3, NULL, 'assets/topic/asb/2468.png', 'No one walked on the hill any longer,  and the grass had a chance to grow tall once again. Gradually the smile on the face of Olokwango hill grew broader and the dimples deeper. Out of the dimples the springs ran again. River Temu was rejuvenated. The plains became greener than ever before. The deer galloped happily once more across the grass.', NULL);
INSERT INTO `card` (id, type, title, header, content, option) VALUES ('3914_9', 3, NULL, 'assets/topic/asb/2469.png', '"Long live Baraka,  long live Baraka," the people of Kwere sang. "Long live,  Olokwango," said Baraka and his people. "May our children and children''s children forever respect you."', NULL);
INSERT INTO `card` (id, type, title, header, content, option) VALUES ('3914_10', 3, NULL, NULL, 'You are free to download, copy, translate or adapt this story and use the illustrations as long as you attribute in the following way:
The happy revival
Author -
Rebecca Njuguna
Illustration -
Catherine Groenewald
Language -
English
Level -
Longer paragraphs
© African Storybook Initiative 2014
Creative Commons: Attribution 4.0
Source
www.africanstorybook.org', NULL);
INSERT INTO `card` (id, type, title, header, content, option) VALUES ('13303', 2, 'Decision', 'assets/topic/asb/10625.png', 'Ursula Nafula
Vusi Malindi', 'FFB3C8FF');
INSERT INTO `card` (id, type, title, header, content, option) VALUES ('13303_3', 3, NULL, 'assets/topic/asb/10609.png', 'My village had many problems. We made a long line to fetch water from one tap.', NULL);
INSERT INTO `card` (id, type, title, header, content, option) VALUES ('13303_4', 3, NULL, 'assets/topic/asb/10616.png', 'We waited for food donated by others.', NULL);
INSERT INTO `card` (id, type, title, header, content, option) VALUES ('13303_5', 3, NULL, 'assets/topic/asb/10614.png', 'We locked our houses early because of thieves.', NULL);
INSERT INTO `card` (id, type, title, header, content, option) VALUES ('13303_6', 3, NULL, 'assets/topic/asb/10611.png', 'Many children dropped out of school.', NULL);
INSERT INTO `card` (id, type, title, header, content, option) VALUES ('13303_7', 3, NULL, 'assets/topic/asb/10613.png', 'Young girls worked as maids in other villages.', NULL);
INSERT INTO `card` (id, type, title, header, content, option) VALUES ('13303_8', 3, NULL, 'assets/topic/asb/10615.png', 'Young boys roamed around the village while others worked on people''s farms.', NULL);
INSERT INTO `card` (id, type, title, header, content, option) VALUES ('13303_9', 3, NULL, 'assets/topic/asb/10617.png', 'When the wind blew,  waste paper hung on trees and fences.', NULL);
INSERT INTO `card` (id, type, title, header, content, option) VALUES ('13303_10', 3, NULL, 'assets/topic/asb/10612.png', 'People were cut by broken glass that was thrown carelessly.', NULL);
INSERT INTO `card` (id, type, title, header, content, option) VALUES ('13303_11', 3, NULL, 'assets/topic/asb/10610.png', 'Then one day,  the tap dried up and our containers were empty.', NULL);
INSERT INTO `card` (id, type, title, header, content, option) VALUES ('13303_12', 3, NULL, 'assets/topic/asb/10618.png', 'My father walked from house to house asking people to attend a village meeting.', NULL);
INSERT INTO `card` (id, type, title, header, content, option) VALUES ('13303_13', 3, NULL, 'assets/topic/asb/10619.png', 'People gathered under a big tree and listened.', NULL);
INSERT INTO `card` (id, type, title, header, content, option) VALUES ('13303_14', 3, NULL, 'assets/topic/asb/10620.png', 'My father stood up and said,  "We need to work together to solve our problems."', NULL);
INSERT INTO `card` (id, type, title, header, content, option) VALUES ('13303_15', 3, NULL, 'assets/topic/asb/10621.png', 'Eight-year-old Juma,  sitting on a tree trunk shouted,  "I can help with cleaning up."', NULL);
INSERT INTO `card` (id, type, title, header, content, option) VALUES ('13303_16', 3, NULL, 'assets/topic/asb/10623.png', 'One woman said,  "The women can join me to grow food."', NULL);
INSERT INTO `card` (id, type, title, header, content, option) VALUES ('13303_17', 3, NULL, 'assets/topic/asb/10624.png', 'Another man stood up and said,  "The men will dig a well."', NULL);
INSERT INTO `card` (id, type, title, header, content, option) VALUES ('13303_18', 3, NULL, 'assets/topic/asb/10625.png', 'We all shouted with one voice,  "We must change our lives." From that day we worked together to solve our problems.', NULL);
INSERT INTO `card` (id, type, title, header, content, option) VALUES ('13303_19', 3, NULL, NULL, 'You are free to download, copy, translate or adapt this story and use the illustrations as long as you attribute in the following way:
Decision
Author -
Ursula Nafula
Translation -
Ursula Nafula
Illustration -
Vusi Malindi
Language -
English
Level -
First paragraphs
© African Storybook Initiative 2015
Creative Commons: Attribution 4.0
Source
www.africanstorybook.org', NULL);
INSERT INTO `card` (id, type, title, header, content, option) VALUES ('30267', 2, 'Face', 'assets/topic/asb/26803.png', 'Little Zebra Books
Sue  Beattie', 'FF9DEDE3');
INSERT INTO `card` (id, type, title, header, content, option) VALUES ('30267_3', 3, NULL, 'assets/topic/asb/26807.png', 'Eyes', NULL);
INSERT INTO `card` (id, type, title, header, content, option) VALUES ('30267_4', 3, NULL, 'assets/topic/asb/26808.png', 'Ears', NULL);
INSERT INTO `card` (id, type, title, header, content, option) VALUES ('30267_5', 3, NULL, 'assets/topic/asb/26802.png', 'Mouth', NULL);
INSERT INTO `card` (id, type, title, header, content, option) VALUES ('30267_6', 3, NULL, 'assets/topic/asb/26800.png', 'Nose', NULL);
INSERT INTO `card` (id, type, title, header, content, option) VALUES ('30267_7', 3, NULL, 'assets/topic/asb/26801.png', 'Chin', NULL);
INSERT INTO `card` (id, type, title, header, content, option) VALUES ('30267_8', 3, NULL, 'assets/topic/asb/26755.png', 'Teeth', NULL);
INSERT INTO `card` (id, type, title, header, content, option) VALUES ('30267_9', 3, NULL, 'assets/topic/asb/26810.png', 'Tongue', NULL);
INSERT INTO `card` (id, type, title, header, content, option) VALUES ('30267_10', 3, NULL, 'assets/topic/asb/26809.png', 'Cheeks', NULL);
INSERT INTO `card` (id, type, title, header, content, option) VALUES ('30267_11', 3, NULL, 'assets/topic/asb/26804.png', 'Eyebrows', NULL);
INSERT INTO `card` (id, type, title, header, content, option) VALUES ('30267_12', 3, NULL, 'assets/topic/asb/26806.png', 'Hair', NULL);
INSERT INTO `card` (id, type, title, header, content, option) VALUES ('30267_13', 3, NULL, NULL, 'You are free to download, copy, translate or adapt this story and use the illustrations as long as you attribute in the following way:
Face
Author -
Little Zebra Books
Illustration -
Sue  Beattie
Language -
English
Level -
First words
© African Storybook Initiative 2018
Creative Commons: Attribution 4.0
Source
www.africanstorybook.org', NULL);
INSERT INTO `card` (id, type, title, header, content, option) VALUES ('23156', 2, 'Ugali and Fish', 'assets/topic/asb/26863.png', 'African Storybook
Ben Terarc', 'FF9DEDE3');
INSERT INTO `card` (id, type, title, header, content, option) VALUES ('23156_3', 3, NULL, 'assets/topic/asb/26864.png', 'Long ago, Ugali and Fish lived together in a village.
They grew to become close friends.', NULL);
INSERT INTO `card` (id, type, title, header, content, option) VALUES ('23156_4', 3, NULL, 'assets/topic/asb/26865.png', 'One day, Fish asked Ugali to accompany him to the lake for a swim.
Together, they headed for the lake.', NULL);
INSERT INTO `card` (id, type, title, header, content, option) VALUES ('23156_5', 3, NULL, 'assets/topic/asb/26866.png', 'When they arrived on the shore of the lake, Fish said to Ugali, "Let me jump in first." He dived into the lake.', NULL);
INSERT INTO `card` (id, type, title, header, content, option) VALUES ('23156_6', 3, NULL, 'assets/topic/asb/26867.png', 'After swimming for a while, Fish said to Ugali, "Now, it is your turn to swim."
Ugali answered, "I cannot swim. If I dive in like you, I will drown and dissolve."', NULL);
INSERT INTO `card` (id, type, title, header, content, option) VALUES ('23156_7', 3, NULL, 'assets/topic/asb/26868.png', 'Fish persuaded Ugali saying, "Please try. You won''t dissolve and if you drown, I''ll rescue you." So, Ugali agreed to try.
Ugali was unable to float. He called Fish, "Please, come and rescue me," but Fish did not rescue him.', NULL);
INSERT INTO `card` (id, type, title, header, content, option) VALUES ('23156_8', 3, NULL, 'assets/topic/asb/26869.png', 'Man heard Fish complaining about not being able to rescue Ugali. Man asked, "What is the problem?"
Fish explained, "This stupid Ugali dived into the water and now he is drowning." Man rescued Ugali.', NULL);
INSERT INTO `card` (id, type, title, header, content, option) VALUES ('23156_9', 3, NULL, 'assets/topic/asb/26870.png', 'When Ugali came out of the water, he said, "Fish is not a good friend. He persuaded me to swim and yet I don''t know how to do so."
Man said, "Let me resolve this problem." He sliced up Ugali and Fish and enjoyed eating them together. And that was the end of their conflict.', NULL);
INSERT INTO `card` (id, type, title, header, content, option) VALUES ('23156_10', 3, NULL, NULL, 'You are free to download, copy, translate or adapt this story and use the illustrations as long as you attribute in the following way:
Ugali and Fish
Author -
Melanie Bulouza
Translation -
African Storybook
Illustration -
Ben Terarc
Language -
English
Level -
Longer paragraphs
© African Storybook Initiative 2018
Creative Commons: Attribution 4.0
Source
www.africanstorybook.org', NULL);
INSERT INTO `card` (id, type, title, header, content, option) VALUES ('16210', 2, 'Nangila''s courage', 'assets/topic/asb/15103.png', 'Violet Otieno
Vusi Malindi', 'FF9DEDE3');
INSERT INTO `card` (id, type, title, header, content, option) VALUES ('16210_3', 3, NULL, 'assets/topic/asb/15103.png', 'Long ago,  there was a man who had a very serious wound on his leg. He could not stand or walk. This man lived in a village with his wife and their children.', NULL);
INSERT INTO `card` (id, type, title, header, content, option) VALUES ('16210_4', 3, NULL, 'assets/topic/asb/15104.png', 'The couple had three sons and one daughter. The daughter''s name was Nangila. Her duty was to take care of her father. The sons worked on the land and grazed animals.', NULL);
INSERT INTO `card` (id, type, title, header, content, option) VALUES ('16210_5', 3, NULL, 'assets/topic/asb/15105.png', 'Nangila was a beautiful girl. All the villagers liked and respected her. Her parents wanted a good husband for Nangila. They set a difficult task in order to find the right man.', NULL);
INSERT INTO `card` (id, type, title, header, content, option) VALUES ('16210_6', 3, NULL, 'assets/topic/asb/15106.png', 'Anyone who wanted to marry Nangila would have to get a herb from a lake near the village. This herb would heal her father''s wound. But the lake was filled with dangerous spirits.', NULL);
INSERT INTO `card` (id, type, title, header, content, option) VALUES ('16210_7', 3, NULL, 'assets/topic/asb/15107.png', 'Some men tried to get the herb but returned without it.
Some men did not return from the lake at all.', NULL);
INSERT INTO `card` (id, type, title, header, content, option) VALUES ('16210_8', 3, NULL, 'assets/topic/asb/15109.png', 'Nangila felt worried. Not even her brothers would go to the lake. One day, she decided to fetch the herb herself. Her mother said,  "My daughter, if strong men have failed, how will you succeed?"
But Nangila had made up her mind.', NULL);
INSERT INTO `card` (id, type, title, header, content, option) VALUES ('16210_9', 3, NULL, 'assets/topic/asb/15110.png', 'On the way to the lake,  Nangila met an old woman carrying wood. She helped the woman to carry her firewood. The old woman was grateful. She said to Nangila,  "I will tell you how to reach the spirit lake and what to do when you get there."', NULL);
INSERT INTO `card` (id, type, title, header, content, option) VALUES ('16210_10', 3, NULL, 'assets/topic/asb/15111.png', 'When she reached the shore of the lake,  Nangila saw the spirit family drinking and dancing. She waited and watched. One by one,  the spirits fell asleep.', NULL);
INSERT INTO `card` (id, type, title, header, content, option) VALUES ('16210_11', 3, NULL, 'assets/topic/asb/15112.png', 'Once the spirits were all sleeping, Nangila dived into the lake. She found the herb and put it in her bag. As she swam back to land,  the waves were rising.', NULL);
INSERT INTO `card` (id, type, title, header, content, option) VALUES ('16210_12', 3, NULL, 'assets/topic/asb/15113.png', 'When Nangila reached the shore the spirits were awake. She was afraid,  but she sang the song the old woman taught her, "I, daughter of Wekesa, am from the lake. I came because men are too scared to come. My father needs this herb to heal his wound. That is why I am here, in the land where many are scared to reach, for you are the rulers."', NULL);
INSERT INTO `card` (id, type, title, header, content, option) VALUES ('16210_13', 3, NULL, 'assets/topic/asb/15114.png', 'Nangila''s voice was so sweet that the spirits asked her to sing for them again and again. Her singing sent the spirits back to sleep.
Then Nangila ran very fast until she got to her village.', NULL);
INSERT INTO `card` (id, type, title, header, content, option) VALUES ('16210_14', 3, NULL, 'assets/topic/asb/15115.png', 'Everyone was waiting for Nangila to return. After treating his wound with the herb her father was able to stand again. The entire village danced and praised Nangila.', NULL);
INSERT INTO `card` (id, type, title, header, content, option) VALUES ('16210_15', 3, NULL, NULL, 'You are free to download, copy, translate or adapt this story and use the illustrations as long as you attribute in the following way:
Nangila''s courage
Author -
Violet Otieno
Illustration -
Vusi Malindi
Language -
English
Level -
Longer paragraphs
© African Storybook Initiative 2015
Creative Commons: Attribution 4.0
Source
www.africanstorybook.org', NULL);
INSERT INTO `card` (id, type, title, header, content, option) VALUES ('15614', 2, 'Porridge', 'assets/topic/asb/13256.png', 'Hlengiwe Zondi and Zimbili Dlamini
Catherine Groenewald', 'FFF4E1B5');
INSERT INTO `card` (id, type, title, header, content, option) VALUES ('15614_3', 3, NULL, 'assets/topic/asb/7923.png', 'Zama is getting ready for school.', NULL);
INSERT INTO `card` (id, type, title, header, content, option) VALUES ('15614_4', 3, NULL, 'assets/topic/asb/7924.png', 'Dad is cooking porridge for breakfast.', NULL);
INSERT INTO `card` (id, type, title, header, content, option) VALUES ('15614_5', 3, NULL, 'assets/topic/asb/7925.png', '"Mom makes the best porridge!" says Zama.', NULL);
INSERT INTO `card` (id, type, title, header, content, option) VALUES ('15614_6', 3, NULL, 'assets/topic/asb/13254.png', 'Porridge gives Zama energy for school.', NULL);
INSERT INTO `card` (id, type, title, header, content, option) VALUES ('15614_7', 3, NULL, 'assets/topic/asb/13255.png', 'The porridge is ready.', NULL);
INSERT INTO `card` (id, type, title, header, content, option) VALUES ('15614_8', 3, NULL, 'assets/topic/asb/13256.png', 'Dad pours the milk,  with love.', NULL);
INSERT INTO `card` (id, type, title, header, content, option) VALUES ('15614_9', 3, NULL, 'assets/topic/asb/13257.png', '"Dad,  I think this porridge needs more sugar," says Zama.', NULL);
INSERT INTO `card` (id, type, title, header, content, option) VALUES ('15614_10', 3, NULL, 'assets/topic/asb/13259.png', '"Mom''s porridge tastes much better than Dad''s porridge," thinks Zama.', NULL);
INSERT INTO `card` (id, type, title, header, content, option) VALUES ('15614_11', 3, NULL, 'assets/topic/asb/13258.png', '"Dad,  please can I have more sugar?" asks Zama.', NULL);
INSERT INTO `card` (id, type, title, header, content, option) VALUES ('15614_12', 3, NULL, 'assets/topic/asb/13260.png', 'Dad gives Zama more sugar.', NULL);
INSERT INTO `card` (id, type, title, header, content, option) VALUES ('15614_13', 3, NULL, 'assets/topic/asb/13261.png', '"Wu! Dad! You put salt on my porridge!"', NULL);
INSERT INTO `card` (id, type, title, header, content, option) VALUES ('15614_14', 3, NULL, 'assets/topic/asb/13262.png', '"Dad,  when will Mom be home?" asks Zama.', NULL);
INSERT INTO `card` (id, type, title, header, content, option) VALUES ('15614_15', 3, NULL, NULL, 'You are free to download, copy, translate or adapt this story and use the illustrations as long as you attribute in the following way:
Porridge
Author -
Zimbili Dlamini and Hlengiwe Zondi
Translation -
Hlengiwe Zondi and Zimbili Dlamini
Illustration -
Catherine Groenewald
Language -
English
Level -
First words
© African Storybook Initiative and Molteno Institute 2014
Creative Commons: Attribution 4.0
Source
www.africanstorybook.org', NULL);
INSERT INTO `card` (id, type, title, header, content, option) VALUES ('21138', 2, 'Mulongo and the Ogre', 'assets/topic/asb/8114.png', 'Fabian Wakholi
 Natalie Propa', 'FF9DEDE3');
INSERT INTO `card` (id, type, title, header, content, option) VALUES ('21138_3', 3, NULL, 'assets/topic/asb/8111.png', 'A long time ago,  there lived a man called Mulongo and his wife Nambuya. They had two children,  Mukhwana and Namono. There was a famine in the land where they lived. All the villagers,  including Mulongo and his family,  would leave their homes early to look for food in the forest.', NULL);
INSERT INTO `card` (id, type, title, header, content, option) VALUES ('21138_4', 3, NULL, 'assets/topic/asb/8112.png', 'One day,  Mulongo,  his wife and children decided to go deep in the forest in search of something to eat. From morning to evening they looked for food but they found nothing. Nambuya urged her husband to go further into the forest. Mulongo led the way as Nambuya and the two children followed.', NULL);
INSERT INTO `card` (id, type, title, header, content, option) VALUES ('21138_5', 3, NULL, 'assets/topic/asb/8113.png', 'Suddenly Mulongo saw a beautiful banana plantation. He called his wife and said,  "Is that not a banana plantation? I can see bananas and other food crops. I wonder whose it is." They moved on and soon saw a house in the middle of the plantation. They stopped,  looked in all directions,  but there was no one around. Because they were hungry and it was nearly night time,  they decided to sit and wait for the owner.', NULL);
INSERT INTO `card` (id, type, title, header, content, option) VALUES ('21138_6', 3, NULL, 'assets/topic/asb/8114.png', 'Suddenly they heard heavy breathing close to the house. They were frightened to see a huge ogre arrive. "Who are you and what do you want?" asked the ogre in a fearful voice. Mulongo in a trembling voice said,  "We came looking for food because there is famine in our place." The ogre gave them food.', NULL);
INSERT INTO `card` (id, type, title, header, content, option) VALUES ('21138_7', 3, NULL, 'assets/topic/asb/8115.png', 'For several days the ogre allowed Mulongo and his family to eat his crops without asking for anything in return. One morning,  however,  the ogre said to Nambuya,  "I want you to cook your son for me to eat when I come back this evening." When the ogre had gone Mulongo went into the bush and killed some small animals,  which he asked his wife to cook for the ogre. Meanwhile he asked Mukhwana to climb up a leafy mango tree and hide.', NULL);
INSERT INTO `card` (id, type, title, header, content, option) VALUES ('21138_8', 3, NULL, 'assets/topic/asb/8116.png', 'In the evening the ogre returned and asked,  "Have you cooked Mukhwana for me?" Mulongo''s wife answered,  "Yes." She gave the ogre the meat and he greedily ate everything. Then he said,  "Tomorrow you cook your daughter."', NULL);
INSERT INTO `card` (id, type, title, header, content, option) VALUES ('21138_9', 3, NULL, 'assets/topic/asb/8117.png', 'The following morning Mulongo and his wife did as they had done on the first day. Namono was hidden up the mango tree. When the ogre returned he said,  "Did you cook Namono?" Again,  Nambuya told the ogre that she had done so.', NULL);
INSERT INTO `card` (id, type, title, header, content, option) VALUES ('21138_10', 3, NULL, 'assets/topic/asb/8118.png', 'After eating,  the ogre instructed Nambuya to cook her husband Mulongo,  the next day. Nambuya was perturbed but Mulongo said he would go out again and catch some animals to cook. He did that and after giving the meat to his wife,  he also climbed up the mango tree to hide.', NULL);
INSERT INTO `card` (id, type, title, header, content, option) VALUES ('21138_11', 3, NULL, 'assets/topic/asb/8119.png', 'At dusk the ogre came back. Nambuya gave the meat to the ogre who enjoyed it very much. He told Nambuya,  "Tomorrow cook yourself." When the ogre had left Nambuya called her husband to advise her. Mulongo said,  "Go and look for some small animals and cook them for the ogre. When everything is ready,  come up the tree where we are."', NULL);
INSERT INTO `card` (id, type, title, header, content, option) VALUES ('21138_12', 3, NULL, 'assets/topic/asb/8120.png', 'The ogre came back in the afternoon and started eating his tasty evening meal of sweet meat. He felt sleepy,  went to lie under the mango tree and began snoring. But not so long after,  the ogre woke up because he heard noises above him. The ogre looked up to the tree and saw Mulongo and his wife and children.', NULL);
INSERT INTO `card` (id, type, title, header, content, option) VALUES ('21138_13', 3, NULL, 'assets/topic/asb/8121.png', 'The ogre was very angry. "So you deceived me? Let me come and get you," he shouted. As the ogre was struggling to climb up the tree,  Mulongo quickly thought of a trick and said,  "It will be easier for you to reach us if you tie a rope around your neck and we help to pull you up."', NULL);
INSERT INTO `card` (id, type, title, header, content, option) VALUES ('21138_14', 3, NULL, 'assets/topic/asb/8122.png', 'The ogre ran into the house,  brought a strong rope and after tying it around his neck he threw the other end of the rope to Mulongo. Mulongo and his wife and children started pulling the ogre up as they twisted the rope. The rope soon tightened around the ogre''s neck until he could not breathe and died. Mulongo and his family came down the tree and took over the ogre''s house and property.', NULL);
INSERT INTO `card` (id, type, title, header, content, option) VALUES ('21138_15', 3, NULL, NULL, 'You are free to download, copy, translate or adapt this story and use the illustrations as long as you attribute in the following way:
Mulongo and the Ogre
Author -
Fabian Wakholi
Translation -
Fabian Wakholi
Illustration -
Natalie Propa
Language -
English
Level -
Longer paragraphs
© African Storybook Initiative 2014
Creative Commons: Attribution 4.0
Source
www.africanstorybook.org', NULL);
INSERT INTO `card` (id, type, title, header, content, option) VALUES ('23033', 2, 'Disability is not inability', 'assets/topic/asb/10424.png', 'Agnes Mabururu
Wiehan de Jager', 'FFCFB5DD');
INSERT INTO `card` (id, type, title, header, content, option) VALUES ('23033_3', 3, NULL, 'assets/topic/asb/10419.png', 'This is Agnes. She is my teacher.', NULL);
INSERT INTO `card` (id, type, title, header, content, option) VALUES ('23033_4', 3, NULL, 'assets/topic/asb/10418.png', 'Agnes uses crutches to walk.', NULL);
INSERT INTO `card` (id, type, title, header, content, option) VALUES ('23033_5', 3, NULL, 'assets/topic/asb/10420.png', 'This is Metobo. He is my favourite radio DJ.', NULL);
INSERT INTO `card` (id, type, title, header, content, option) VALUES ('23033_6', 3, NULL, 'assets/topic/asb/10421.png', 'Metobo has problems with his eyes.', NULL);
INSERT INTO `card` (id, type, title, header, content, option) VALUES ('23033_7', 3, NULL, 'assets/topic/asb/10422.png', 'This is Moraa,  my neighbour. Moraa is a farmer.', NULL);
INSERT INTO `card` (id, type, title, header, content, option) VALUES ('23033_8', 3, NULL, 'assets/topic/asb/10424.png', 'Moraa cannot hear. She speaks using Sign Language.', NULL);
INSERT INTO `card` (id, type, title, header, content, option) VALUES ('23033_9', 3, NULL, 'assets/topic/asb/10425.png', 'This is Osero. He is the best soccer player at my school.', NULL);
INSERT INTO `card` (id, type, title, header, content, option) VALUES ('23033_10', 3, NULL, 'assets/topic/asb/10426.png', 'Osero has no hands. But he scores many goals for our team!', NULL);
INSERT INTO `card` (id, type, title, header, content, option) VALUES ('23033_11', 3, NULL, NULL, 'You are free to download, copy, translate or adapt this story and use the illustrations as long as you attribute in the following way:
Disability is not inability
Author -
Agnes Mabururu
Illustration -
Wiehan de Jager
Language -
English
Level -
First sentences
© African Storybook Initiative 2014
Creative Commons: Attribution 4.0
Source
www.africanstorybook.org', NULL);
INSERT INTO `card` (id, type, title, header, content, option) VALUES ('18344', 2, 'Decision', 'assets/topic/asb/10625.png', 'Ursula Nafula
Vusi Malindi', 'FF9DEDE3');
INSERT INTO `card` (id, type, title, header, content, option) VALUES ('18344_3', 3, NULL, 'assets/topic/asb/10609.png', 'My village had many problems. We made a long line to fetch water from one tap.', NULL);
INSERT INTO `card` (id, type, title, header, content, option) VALUES ('18344_4', 3, NULL, 'assets/topic/asb/10616.png', 'We waited for food donated by others.', NULL);
INSERT INTO `card` (id, type, title, header, content, option) VALUES ('18344_5', 3, NULL, 'assets/topic/asb/10614.png', 'We locked our houses early because of thieves.', NULL);
INSERT INTO `card` (id, type, title, header, content, option) VALUES ('18344_6', 3, NULL, 'assets/topic/asb/10611.png', 'Many children dropped out of school.', NULL);
INSERT INTO `card` (id, type, title, header, content, option) VALUES ('18344_7', 3, NULL, 'assets/topic/asb/10613.png', 'Young girls worked as maids in other villages.', NULL);
INSERT INTO `card` (id, type, title, header, content, option) VALUES ('18344_8', 3, NULL, 'assets/topic/asb/10615.png', 'Young boys roamed around the village while others worked on people''s farms.', NULL);
INSERT INTO `card` (id, type, title, header, content, option) VALUES ('18344_9', 3, NULL, 'assets/topic/asb/10617.png', 'When the wind blew,  waste paper hung on trees and fences.', NULL);
INSERT INTO `card` (id, type, title, header, content, option) VALUES ('18344_10', 3, NULL, 'assets/topic/asb/10612.png', 'People were cut by broken glass that was thrown carelessly.', NULL);
INSERT INTO `card` (id, type, title, header, content, option) VALUES ('18344_11', 3, NULL, 'assets/topic/asb/10610.png', 'Then one day,  the tap dried up and our containers were empty.', NULL);
INSERT INTO `card` (id, type, title, header, content, option) VALUES ('18344_12', 3, NULL, 'assets/topic/asb/10618.png', 'My father walked from house to house asking people to attend a village meeting.', NULL);
INSERT INTO `card` (id, type, title, header, content, option) VALUES ('18344_13', 3, NULL, 'assets/topic/asb/10619.png', 'People gathered under a big tree and listened.', NULL);
INSERT INTO `card` (id, type, title, header, content, option) VALUES ('18344_14', 3, NULL, 'assets/topic/asb/10620.png', 'My father stood up and said,  "We need to work together to solve our problems."', NULL);
INSERT INTO `card` (id, type, title, header, content, option) VALUES ('18344_15', 3, NULL, 'assets/topic/asb/10621.png', 'Eight-year-old Juma,  sitting on a tree trunk shouted,  "I can help with cleaning up."', NULL);
INSERT INTO `card` (id, type, title, header, content, option) VALUES ('18344_16', 3, NULL, 'assets/topic/asb/10623.png', 'One woman said,  "The women can join me to grow food."', NULL);
INSERT INTO `card` (id, type, title, header, content, option) VALUES ('18344_17', 3, NULL, 'assets/topic/asb/10624.png', 'Another man stood up and said,  "The men will dig a well."', NULL);
INSERT INTO `card` (id, type, title, header, content, option) VALUES ('18344_18', 3, NULL, 'assets/topic/asb/10625.png', 'We all shouted with one voice,  "We must change our lives." From that day we worked together to solve our problems.', NULL);
INSERT INTO `card` (id, type, title, header, content, option) VALUES ('18344_19', 3, NULL, NULL, 'You are free to download, copy, translate or adapt this story and use the illustrations as long as you attribute in the following way:
Decision
Author -
Ursula Nafula
Translation -
Ursula Nafula
Illustration -
Vusi Malindi
Language -
English
Level -
First paragraphs
© African Storybook Initiative 2015
Creative Commons: Attribution 4.0
Source
www.africanstorybook.org', NULL);
INSERT INTO `card` (id, type, title, header, content, option) VALUES ('15864', 2, 'Palm tree', 'assets/topic/asb/9607.png', 'Simon Ipoo
Rob Owen', 'FFCFB5DD');
INSERT INTO `card` (id, type, title, header, content, option) VALUES ('15864_3', 3, NULL, 'assets/topic/asb/9604.png', 'Let me tell you about the palm tree.', NULL);
INSERT INTO `card` (id, type, title, header, content, option) VALUES ('15864_4', 3, NULL, 'assets/topic/asb/9605.png', 'This tree lives when everything else is dry.', NULL);
INSERT INTO `card` (id, type, title, header, content, option) VALUES ('15864_5', 3, NULL, 'assets/topic/asb/9606.png', 'The shade from a palm tree is always cool.', NULL);
INSERT INTO `card` (id, type, title, header, content, option) VALUES ('15864_6', 3, NULL, 'assets/topic/asb/9607.png', 'We eat fruit from the palm tree.', NULL);
INSERT INTO `card` (id, type, title, header, content, option) VALUES ('15864_7', 3, NULL, 'assets/topic/asb/9608.png', 'We use palm leaves to thatch our houses.', NULL);
INSERT INTO `card` (id, type, title, header, content, option) VALUES ('15864_8', 3, NULL, 'assets/topic/asb/9609.png', 'We make brooms and mats from palm leaves.', NULL);
INSERT INTO `card` (id, type, title, header, content, option) VALUES ('15864_9', 3, NULL, 'assets/topic/asb/9610.png', 'We use palm tree seeds for fuel.', NULL);
INSERT INTO `card` (id, type, title, header, content, option) VALUES ('15864_10', 3, NULL, 'assets/topic/asb/9611.png', 'Do you see why the palm tree is important?', NULL);
INSERT INTO `card` (id, type, title, header, content, option) VALUES ('15864_11', 3, NULL, NULL, 'You are free to download, copy, translate or adapt this story and use the illustrations as long as you attribute in the following way:
Palm tree
Author -
Simon Ipoo
Translation -
Simon Ipoo
Illustration -
Rob Owen
Language -
English
Level -
First words
© African Storybook Initiative 2015
Creative Commons: Attribution 4.0
Source
www.africanstorybook.org', NULL);
INSERT INTO `card` (id, type, title, header, content, option) VALUES ('18345', 2, 'Wind', 'assets/topic/asb/14101.png', 'Ursula Nafula
 Marion Drew', 'FF9DEDE3');
INSERT INTO `card` (id, type, title, header, content, option) VALUES ('18345_3', 3, NULL, 'assets/topic/asb/14102.png', 'The wind roars. It roars past our home.', NULL);
INSERT INTO `card` (id, type, title, header, content, option) VALUES ('18345_4', 3, NULL, 'assets/topic/asb/14103.png', 'The wind is powerful. It tears my kite from my hand.', NULL);
INSERT INTO `card` (id, type, title, header, content, option) VALUES ('18345_5', 3, NULL, 'assets/topic/asb/14104.png', 'I run after my kite. The wind blows me away from the kite!', NULL);
INSERT INTO `card` (id, type, title, header, content, option) VALUES ('18345_6', 3, NULL, 'assets/topic/asb/14105.png', 'The wind becomes a tornado. It carries my kite higher and higher.', NULL);
INSERT INTO `card` (id, type, title, header, content, option) VALUES ('18345_7', 3, NULL, 'assets/topic/asb/14106.png', 'The tornado swallows me up! I see nothing,  I touch nothing.', NULL);
INSERT INTO `card` (id, type, title, header, content, option) VALUES ('18345_8', 3, NULL, 'assets/topic/asb/14107.png', 'Where is my kite now? Perhaps it is caught in a tree.', NULL);
INSERT INTO `card` (id, type, title, header, content, option) VALUES ('18345_9', 3, NULL, 'assets/topic/asb/14108.png', 'Perhaps my kite is still flying in the sky.', NULL);
INSERT INTO `card` (id, type, title, header, content, option) VALUES ('18345_10', 3, NULL, 'assets/topic/asb/14109.png', 'The wind finally dies down. I am still spinning.', NULL);
INSERT INTO `card` (id, type, title, header, content, option) VALUES ('18345_11', 3, NULL, 'assets/topic/asb/14110.png', 'When I stop spinning I look around. Where did the wind go?', NULL);
INSERT INTO `card` (id, type, title, header, content, option) VALUES ('18345_12', 3, NULL, 'assets/topic/asb/14111.png', 'I cannot see my kite anywhere. I cannot hear the wind anymore.', NULL);
INSERT INTO `card` (id, type, title, header, content, option) VALUES ('18345_13', 3, NULL, 'assets/topic/asb/14112.png', 'Perhaps tomorrow I will find my kite.', NULL);
INSERT INTO `card` (id, type, title, header, content, option) VALUES ('18345_14', 3, NULL, 'assets/topic/asb/14101.png', 'Now,  I must go home,  before the wind starts to roar again.', NULL);
INSERT INTO `card` (id, type, title, header, content, option) VALUES ('18345_15', 3, NULL, NULL, 'You are free to download, copy, translate or adapt this story and use the illustrations as long as you attribute in the following way:
Wind
Author -
Ursula Nafula
Adaptation -
Ursula Nafula
Illustration -
Marion Drew
Language -
English
Level -
First sentences
© African Storybook Initiative 2015
Creative Commons: Attribution 4.0
Source
www.africanstorybook.org', NULL);
INSERT INTO `card` (id, type, title, header, content, option) VALUES ('22572', 2, 'Magical rainbow river', 'assets/topic/asb/26828.png', 'Mimi  Werna
Edwin  Irabor', 'FFF4E1B5');
INSERT INTO `card` (id, type, title, header, content, option) VALUES ('22572_3', 3, NULL, 'assets/topic/asb/26491.png', 'Three siblings, Udoo, Erdoo and Eryum listened to the music of the rain. They wanted to dance in it. They wanted to touch the rainbow that arrived in the sky. Mother said, "No."
They cried, hoping to change her mind. It didn''t work. Eryum even tried to sneak out of the house to visit the rainbow.', NULL);
INSERT INTO `card` (id, type, title, header, content, option) VALUES ('22572_4', 3, NULL, 'assets/topic/asb/26492.png', 'Mother caught him before he could go. She raised her voice so that Eryum and his sisters would hear too.
"You could catch a cold," she said. "You don''t like pepper soup and you would have to eat some, if you caught a cold," she added with a smile.', NULL);
INSERT INTO `card` (id, type, title, header, content, option) VALUES ('22572_5', 3, NULL, 'assets/topic/asb/26493.png', 'Hoping that they would ask for a story, she said, "The rainbow is a magical river with healing powers. But it is so high up in the sky that you can''t reach it. If you catch a cold, the rainbow can''t help you."
The children thought about this.', NULL);
INSERT INTO `card` (id, type, title, header, content, option) VALUES ('22572_6', 3, NULL, 'assets/topic/asb/26494.png', '"Mother, please tell us our rainbow story," said Erdoo. "Yes, please mother, I want to hear it too," Udoo chimed in. "Me three," Eryum begged, lifting up three little fingers.
"Well, let me see, mmmm," she said playfully. "Okay lovelies, gather round. Mother, the storyteller is here!"', NULL);
INSERT INTO `card` (id, type, title, header, content, option) VALUES ('22572_7', 3, NULL, 'assets/topic/asb/26495.png', 'Erdoo ran for the naha, the stirring stick they used as their totem. She handed it over to mother. Eryum got the headgear for mother to wear. It never failed to put her into character.
They all sat quietly to listen to the story they had heard many times. Udoo blew the whistle, telling mother to start. Then the story began.', NULL);
INSERT INTO `card` (id, type, title, header, content, option) VALUES ('22572_8', 3, NULL, 'assets/topic/asb/26496.png', '"Once, the rainbow was a magical river. It was hidden inside the green woods of Mbadede. Because it had healing powers, it was guarded.
If you were sick, you drank the water. The rainbow was always happy to share. But it didn''t like badly behaved people."', NULL);
INSERT INTO `card` (id, type, title, header, content, option) VALUES ('22572_9', 3, NULL, 'assets/topic/asb/26828.png', '"Because of the river''s magic, there was ice cream along the banks! Everyone who came to drink the water also enjoyed the ice cream, especially children.
The ice cream from the river was red, orange, yellow, green, blue, purple and indigo."', NULL);
INSERT INTO `card` (id, type, title, header, content, option) VALUES ('22572_10', 3, NULL, 'assets/topic/asb/26498.png', '"One day, a naughty old woman called Mbom came from the land beyond. On arrival, she met with a guard. He did not know her and he felt a strange feeling. But he did not listen to his feelings.
He pointed the way into the woods and told her to respect the river. Mbom agreed and went to the water."', NULL);
INSERT INTO `card` (id, type, title, header, content, option) VALUES ('22572_11', 3, NULL, 'assets/topic/asb/26499.png', '"She took a drink and was healed. Then she looked around to make sure she wasn''t being watched.
Mbom picked up a stone and threw it in. She watched as it rose, and spread into a ripple. Pleased, she picked up a stick. She threw it in. The same thing happened."', NULL);
INSERT INTO `card` (id, type, title, header, content, option) VALUES ('22572_12', 3, NULL, 'assets/topic/asb/26500.png', '"Mbom jumped right into the water! She hoped to get everlasting life. As soon as she jumped, the river rose up.  It shot high into the sky, never to return to Mbadede. But sometimes the rainbow follows after the rain, to feel like a river again.
And there my story ends," said mother.', NULL);
INSERT INTO `card` (id, type, title, header, content, option) VALUES ('22572_13', 3, NULL, 'assets/topic/asb/26501.png', '"So my lovelies tell me, why do you love this story so much? asked mother. "You often ask me to tell it."
"I love it because it reminds me to pay attention to my feelings," Udoo smiled. "It helps me to remember the colours of the rainbow," added Erdoo.', NULL);
INSERT INTO `card` (id, type, title, header, content, option) VALUES ('22572_14', 3, NULL, 'assets/topic/asb/26502.png', 'Eryum tried to push his luck, "I love it because it reminds me of ice cream! Can I have some now, pleeeaaase?"
"Mmmm. It''s cold now, let''s eat ice cream tomorrow. Shall we?" mother says. Then she adds, "Next time, I will tell the tale of the end of the rainbow."', NULL);
INSERT INTO `card` (id, type, title, header, content, option) VALUES ('22572_15', 3, NULL, NULL, 'You are free to download, copy, translate or adapt this story and use the illustrations as long as you attribute in the following way:
Magical rainbow river
Author -
Mimi  Werna
Translation -
Mimi  Werna
Illustration -
Edwin  Irabor
Language -
English
Level -
Longer paragraphs
© African Storybook Initiative 2018
Creative Commons: Attribution 4.0
Source
www.africanstorybook.org', NULL);
INSERT INTO `card` (id, type, title, header, content, option) VALUES ('23751', 2, 'Frog and Snake', 'assets/topic/asb/18784.png', 'John Emongot
 Rob Owen', 'FF9DEDE3');
INSERT INTO `card` (id, type, title, header, content, option) VALUES ('23751_3', 3, NULL, 'assets/topic/asb/18783.png', 'Once upon a time, Frog and Snake were good friends. Their homes were near each other and their children played together.', NULL);
INSERT INTO `card` (id, type, title, header, content, option) VALUES ('23751_4', 3, NULL, 'assets/topic/asb/18784.png', 'One day,  Frog said to Snake, "My friend I want to visit my mother next week. Would you like to go with me?"', NULL);
INSERT INTO `card` (id, type, title, header, content, option) VALUES ('23751_5', 3, NULL, 'assets/topic/asb/25000.png', '"I would be happy to go," Snake answered.
"Very good,  then let''s prepare for a long journey," replied Frog. "We also need to find someone to look after our homes while we are away," she added.', NULL);
INSERT INTO `card` (id, type, title, header, content, option) VALUES ('23751_6', 3, NULL, 'assets/topic/asb/25001.png', 'They asked Monkey to help since he was good and responsible. Monkey accepted.', NULL);
INSERT INTO `card` (id, type, title, header, content, option) VALUES ('23751_7', 3, NULL, 'assets/topic/asb/25002.png', 'During the next few days, the two friends were busy making arrangements for the journey.
Frog collected white ants and packed them in a big sack. Her mother loved to eat white ants.', NULL);
INSERT INTO `card` (id, type, title, header, content, option) VALUES ('23751_8', 3, NULL, 'assets/topic/asb/25003.png', 'The day arrived and the two friends set off at dawn.
Soon they reached the thick forest. As they entered the forest, a group of angry squirrels gathered to attack them.', NULL);
INSERT INTO `card` (id, type, title, header, content, option) VALUES ('23751_9', 3, NULL, 'assets/topic/asb/25004.png', 'Snake was so afraid that she started shaking. She hissed and hissed but the fierce squirrels kept on coming closer.', NULL);
INSERT INTO `card` (id, type, title, header, content, option) VALUES ('23751_10', 3, NULL, 'assets/topic/asb/25005.png', 'Just as the squirrels were about to attack them, Frog croaked very loudly.
The squirrels got such a fright that they ran away.', NULL);
INSERT INTO `card` (id, type, title, header, content, option) VALUES ('23751_11', 3, NULL, 'assets/topic/asb/25006.png', 'When the two friends finally arrived at Frog''s mother''s place, they were hungry and tired.
Frog''s mother gave them a mat to sit on while she was preparing food.', NULL);
INSERT INTO `card` (id, type, title, header, content, option) VALUES ('23751_12', 3, NULL, 'assets/topic/asb/25007.png', 'When the food was ready, Frog and Snake washed and sat down to eat.', NULL);
INSERT INTO `card` (id, type, title, header, content, option) VALUES ('23751_13', 3, NULL, 'assets/topic/asb/25008.png', 'Before they started eating, Frog said, "Snake you can''t eat while lying down. That is bad manners. Please sit up properly otherwise my mother will be offended."', NULL);
INSERT INTO `card` (id, type, title, header, content, option) VALUES ('23751_14', 3, NULL, 'assets/topic/asb/25009.png', 'Snake tried very hard to sit up like the frogs, but she failed.', NULL);
INSERT INTO `card` (id, type, title, header, content, option) VALUES ('23751_15', 3, NULL, 'assets/topic/asb/25010.png', 'Meanwhile Frog and her mother started eating the food.', NULL);
INSERT INTO `card` (id, type, title, header, content, option) VALUES ('23751_16', 3, NULL, 'assets/topic/asb/25011.png', '"I can''t sit up properly," Snake pleaded with Frog. But Frog would not listen.', NULL);
INSERT INTO `card` (id, type, title, header, content, option) VALUES ('23751_17', 3, NULL, 'assets/topic/asb/25012.png', 'Snake was so upset that she decided to go back to her home. She did not say farewell to the frogs.', NULL);
INSERT INTO `card` (id, type, title, header, content, option) VALUES ('23751_18', 3, NULL, 'assets/topic/asb/25013.png', 'On the way home, she made a plan to teach Frog a lesson!', NULL);
INSERT INTO `card` (id, type, title, header, content, option) VALUES ('23751_19', 3, NULL, NULL, 'You are free to download, copy, translate or adapt this story and use the illustrations as long as you attribute in the following way:
Frog and Snake
Author -
John Emongot
Illustration -
Rob Owen
Language -
English
Level -
First paragraphs
© African Storybook Initiative 2016
Creative Commons: Attribution 4.0
Source
www.africanstorybook.org', NULL);
INSERT INTO `card` (id, type, title, header, content, option) VALUES ('17937', 2, 'Father''s inheritance', 'assets/topic/asb/17228.png', 'Lemu Wachile
Jacob Kono', 'FFB3C8FF');
INSERT INTO `card` (id, type, title, header, content, option) VALUES ('17937_3', 3, NULL, 'assets/topic/asb/17218.png', 'Once upon a time,  there was a hardworking farmer. He had a hardworking wife,  and two sons.', NULL);
INSERT INTO `card` (id, type, title, header, content, option) VALUES ('17937_4', 3, NULL, 'assets/topic/asb/17219.png', 'He had enough food because he and his wife worked very hard. He wanted his children to have a good life. He never let them do any work.', NULL);
INSERT INTO `card` (id, type, title, header, content, option) VALUES ('17937_5', 3, NULL, 'assets/topic/asb/17220.png', 'After some time,  his wife died.', NULL);
INSERT INTO `card` (id, type, title, header, content, option) VALUES ('17937_6', 3, NULL, 'assets/topic/asb/17221.png', 'The man still did not want his children to work. He did the field labour and all the housework too.', NULL);
INSERT INTO `card` (id, type, title, header, content, option) VALUES ('17937_7', 3, NULL, 'assets/topic/asb/17222.png', 'But as time went on,  the man became old and sick. He started to worry about what would become of his children when he died. They would not be able to take care of themselves.', NULL);
INSERT INTO `card` (id, type, title, header, content, option) VALUES ('17937_8', 3, NULL, 'assets/topic/asb/17223.png', 'He called his sons. He said,  "My inheritance to you is a lot of gold hidden in the fields. So,  it''s up to you to plough them and find the gold."', NULL);
INSERT INTO `card` (id, type, title, header, content, option) VALUES ('17937_9', 3, NULL, 'assets/topic/asb/17666.png', 'He also called his neighbours and said,  "I''m going to die soon. My sons do not know how to look after themselves. Please look after them until they can do it for themselves."', NULL);
INSERT INTO `card` (id, type, title, header, content, option) VALUES ('17937_10', 3, NULL, 'assets/topic/asb/17669.png', 'After the man died,  the neighbours provided his sons with food for some time.', NULL);
INSERT INTO `card` (id, type, title, header, content, option) VALUES ('17937_11', 3, NULL, 'assets/topic/asb/17226.png', 'The brothers did not want to be robbed of the gold their father buried. They decided to do the digging themselves.', NULL);
INSERT INTO `card` (id, type, title, header, content, option) VALUES ('17937_12', 3, NULL, 'assets/topic/asb/17227.png', 'They dug one field after another,  but they did not find any gold.', NULL);
INSERT INTO `card` (id, type, title, header, content, option) VALUES ('17937_13', 3, NULL, 'assets/topic/asb/17228.png', 'They sat down and one asked the other,  "Do you think our father cheated us?" The other brother said,  "No,  I think our father was saying that farming is gold. And if we dig the fields,  plant,  and plough we can become rich."', NULL);
INSERT INTO `card` (id, type, title, header, content, option) VALUES ('17937_14', 3, NULL, 'assets/topic/asb/17229.png', 'So,  like all the other farmers,  they dug up the fields. They grew wheat and became very rich.', NULL);
INSERT INTO `card` (id, type, title, header, content, option) VALUES ('17937_15', 3, NULL, NULL, 'You are free to download, copy, translate or adapt this story and use the illustrations as long as you attribute in the following way:
Father''s inheritance
Author -
Lemu Wachile and Elizabeth Laird
Illustration -
Jacob Kono
Language -
English
Level -
First paragraphs
© African Storybook Initiative 2016
Creative Commons: Attribution 4.0
Source
www.africanstorybook.org
Original source
www.ethiopianfolktales.com', NULL);
INSERT INTO `card` (id, type, title, header, content, option) VALUES ('21816', 2, 'Unwise judge', 'assets/topic/asb/17057.png', 'Magabi Eynew Gessesse
Brian Wambi', 'FFB3C8FF');
INSERT INTO `card` (id, type, title, header, content, option) VALUES ('21816_3', 3, NULL, 'assets/topic/asb/17050.png', 'There were two poor neighbours who were friends,  Meseret and Demeke. One day,  Meseret said to Demeke,  "I must take my barley to the market today. The sack is very heavy,  and the market is far away. I wish I had enough money to buy a donkey."', NULL);
INSERT INTO `card` (id, type, title, header, content, option) VALUES ('21816_4', 3, NULL, 'assets/topic/asb/17052.png', 'Demeke nodded and said,  "And I must buy some new pots at the market today. They will be very heavy. I wish I had a donkey,  too. I only have half the money."', NULL);
INSERT INTO `card` (id, type, title, header, content, option) VALUES ('21816_5', 3, NULL, 'assets/topic/asb/17053.png', 'Meseret had an idea. "Let''s buy a donkey together. You can pay half and I will pay half. One week,  I will take the donkey to the market,  and the next week,  you can take it." Meseret and Demeke bought a donkey. For a long time they were both happy.', NULL);
INSERT INTO `card` (id, type, title, header, content, option) VALUES ('21816_6', 3, NULL, 'assets/topic/asb/17054.png', 'But one day,  Meseret''s father died. Meseret took all his father''s fields,  trees,  cows and sheep. He was rich now and didn''t want to work with Demeke anymore. And,  he wanted his half of the donkey.', NULL);
INSERT INTO `card` (id, type, title, header, content, option) VALUES ('21816_7', 3, NULL, 'assets/topic/asb/17055.png', 'Meseret said to Demeke,  "My dogs need meat. I want to kill our donkey. You can have half of it,  and I will have the other half." Demeke cried,  "I don''t need any meat. I need the donkey. If you want to kill it,  give me money for my half." Meseret was angry. "I''m not going to give you any money," he said. "Half of the donkey is mine,  and I want to have it." "Let''s go to the judge," Demeke said. "He can decide between us."', NULL);
INSERT INTO `card` (id, type, title, header, content, option) VALUES ('21816_8', 3, NULL, 'assets/topic/asb/17057.png', 'Meseret and Demeke went to see the judge. The judge was not a wise man. He didn''t listen carefully. "Do you both own the donkey?" he asked. "Yes," Meseret and Demeke agreed. "Then half of it belongs to one of you,  and half of it belongs to the other," the judge said. "If Meseret wants his half,  he can take it. Kill the donkey,  and cut it in half."', NULL);
INSERT INTO `card` (id, type, title, header, content, option) VALUES ('21816_9', 3, NULL, 'assets/topic/asb/17058.png', 'Meseret was happy. He killed the donkey and took half of the meat to give to his dogs. Demeke was unhappy and thought,  "My poor donkey has gone,  and now I must carry everything myself."', NULL);
INSERT INTO `card` (id, type, title, header, content, option) VALUES ('21816_10', 3, NULL, 'assets/topic/asb/17060.png', 'A few months later,  Meseret wanted to build a new hut for himself. He thought,  "I''ll burn down my old hut and build a big new one." Meseret began to carry everything out of his hut. Demeke saw him and asked,  "What are you doing?" Meseret replied,  "I''m going to burn my hut and build a new one." Demeke was worried,  "But your hut is next to mine. If you burn your hut,  you will burn mine,  too."', NULL);
INSERT INTO `card` (id, type, title, header, content, option) VALUES ('21816_11', 3, NULL, 'assets/topic/asb/17061.png', 'Meseret was angry. "Don''t try to stop me! This is my hut,  and I will burn it if I want to," he said. "Stop! Let''s go and ask the judge." cried Demeke. The unwise judge didn''t listen carefully and didn''t try to understand. "Let Meseret burn his hut because it''s his own and no one can stop him," the unwise judge ruled.', NULL);
INSERT INTO `card` (id, type, title, header, content, option) VALUES ('21816_12', 3, NULL, 'assets/topic/asb/17062.png', 'So Meseret burned his hut. The wind carried the fire to the roof of Demeke''s hut and soon it was burning too. They went back to the judge. Demeke cried,  "Look! Meseret has burned my hut! He must pay me." "No,  Meseret burned his own hut. It was the fire that burned your hut. Meseret can keep his money," decided the judge.', NULL);
INSERT INTO `card` (id, type, title, header, content, option) VALUES ('21816_13', 3, NULL, 'assets/topic/asb/17063.png', 'Poor Demeke was very unhappy. He had no donkey and no hut. All he had was his field. Every day,  he worked in his field. Every night he and his family slept under a tree.', NULL);
INSERT INTO `card` (id, type, title, header, content, option) VALUES ('21816_14', 3, NULL, 'assets/topic/asb/17064.png', 'It was nearly harvest time by now. Demeke had worked hard in his field. He pulled out the weeds. He frightened away the birds. There was a good crop of chickpeas in his field.', NULL);
INSERT INTO `card` (id, type, title, header, content, option) VALUES ('21816_15', 3, NULL, 'assets/topic/asb/17066.png', 'One day,  Meseret''s sons came to visit their father. They passed by Demeke''s field. "Chickpeas! They are delicious!" shouted the one son. The boys ran into the field,  and began to eat the chickpeas. Soon,  many of the peas were gone.', NULL);
INSERT INTO `card` (id, type, title, header, content, option) VALUES ('21816_16', 3, NULL, 'assets/topic/asb/17068.png', 'Demeke saw them from far away. He ran quickly to his field. "Give me back all my chickpeas," he demanded. "We can''t give them back to you," the boys replied. "We have eaten them. Ask our father. He will pay you for your chickpeas."', NULL);
INSERT INTO `card` (id, type, title, header, content, option) VALUES ('21816_17', 3, NULL, 'assets/topic/asb/17069.png', 'Demeke went to see Meseret. "Your sons ate all my chickpeas," he said. "I''ll give you some money to pay for them," Meseret said. "I don''t want your money. I''m going to take my chickpeas," Demeke said. "Wait! Let''s go and ask the judge," Meseret cried.', NULL);
INSERT INTO `card` (id, type, title, header, content, option) VALUES ('21816_18', 3, NULL, 'assets/topic/asb/17070.png', 'Meseret and Demeke went to see the judge. As usual,  the judge didn''t listen to them carefully. "Meseret''s sons ate all your chickpeas,  and they must give them back. Cut the boys open,  and take your chickpeas," the judge said to Demeke. Meseret was frightened. "But my sons will die! Please,  Demeke,  let me give you money," he begged. "I wanted money when you killed our donkey," Demeke said. "I don''t want money now. I want my chickpeas."', NULL);
INSERT INTO `card` (id, type, title, header, content, option) VALUES ('21816_19', 3, NULL, 'assets/topic/asb/17071.png', 'Demeke picked up his knife. "I''ll build you a new hut! I''m sorry I burned your old one," cried Meseret. "I don''t want a new hut," Demeke said. "I want my chickpeas." He began to sharpen his knife on a stone. "No! Please,  wait! Let''s go and see the elders. Please,  my old friend,  let the elders decide," cried Meseret.', NULL);
INSERT INTO `card` (id, type, title, header, content, option) VALUES ('21816_20', 3, NULL, 'assets/topic/asb/17073.png', 'So,  Meseret and Demeke went to see the elders. The elders talked for a long time and at last they said to Meseret,  "You were wrong. You refused to pay Demeke for his donkey. You burned his hut,  and your children ate his harvest."', NULL);
INSERT INTO `card` (id, type, title, header, content, option) VALUES ('21816_21', 3, NULL, 'assets/topic/asb/17074.png', 'Then they turned to Demeke. "You want to kill Meseret''s sons. That is wrong too. Here is our decision. Meseret must give to Demeke half of all his trees,  fields,  cows and sheep. Then you can live together in peace."', NULL);
INSERT INTO `card` (id, type, title, header, content, option) VALUES ('21816_22', 3, NULL, 'assets/topic/asb/17075.png', 'So,  Meseret gave Demeke half of all his property. They lived together happily and never quarrelled again.', NULL);
INSERT INTO `card` (id, type, title, header, content, option) VALUES ('21816_23', 3, NULL, NULL, 'You are free to download, copy, translate or adapt this story and use the illustrations as long as you attribute in the following way:
Unwise judge
Author -
Magabi Eynew Gessesse and Elizabeth Laird
Illustration -
Brian Wambi
Language -
English
Level -
Read aloud
© African Storybook Initiative 2016
Creative Commons: Attribution 4.0
Source
www.africanstorybook.org
Original source
www.ethiopianfolktales.com', NULL);
INSERT INTO `card` (id, type, title, header, content, option) VALUES ('8690', 2, 'How night came to Opio''s village', 'assets/topic/asb/1130.png', 'Robert Ekuka
Wiehan de Jager', 'FF9DEDE3');
INSERT INTO `card` (id, type, title, header, content, option) VALUES ('8690_3', 3, NULL, 'assets/topic/asb/1131.png', 'Long ago,  there was no night in Opio''s village. People slept when they were tired and worked when they were awake.', NULL);
INSERT INTO `card` (id, type, title, header, content, option) VALUES ('8690_4', 3, NULL, 'assets/topic/asb/1132.png', 'One day Opio went out hunting with his dogs. After a short time,  his dogs started to chase an antelope. Opio followed them. He ran for many hours. Every time he became tired,  he rested. Then he would run again. But he could not find his dogs.', NULL);
INSERT INTO `card` (id, type, title, header, content, option) VALUES ('8690_5', 3, NULL, 'assets/topic/asb/1133.png', 'After many days,  he came to a village. He went to one of the houses and said to the owner,  "I have chased an antelope for a long time and I am very tired. I want to rest." The man said,  "Sit down and rest. Would you like some beer?" Opio was very thirsty so he drank some. Then he went to sleep.', NULL);
INSERT INTO `card` (id, type, title, header, content, option) VALUES ('8690_6', 3, NULL, 'assets/topic/asb/1134.png', 'When he woke up,  he couldn''t see. He opened and closed his eyes many times. "You have given me something very bad to drink," he said to the man. "I can''t see properly anymore!" "There is nothing wrong with you," the man replied. "It''s night now. Haven''t you ever seen night? When the day leaves,  the night comes."', NULL);
INSERT INTO `card` (id, type, title, header, content, option) VALUES ('8690_7', 3, NULL, 'assets/topic/asb/1135.png', 'Opio asked many questions about the night. He began to like it very much. He and his new friend talked until morning. He stayed for another day so that he could see the night come again.', NULL);
INSERT INTO `card` (id, type, title, header, content, option) VALUES ('8690_8', 3, NULL, 'assets/topic/asb/1136.png', 'The next morning he asked his friend,  "How can I take the night to my own village? I want my people to see the night." The man explained,  "When it starts to get dark this evening,  walk to your village. If you look straight in front,  the night will follow you. If you look back,  the night will go away."', NULL);
INSERT INTO `card` (id, type, title, header, content, option) VALUES ('8690_9', 3, NULL, 'assets/topic/asb/1130.png', 'Opio did as he was told. That evening,  he began to walk towards his village. He felt the dark night behind him as he walked. He was tempted to look back,  but he did not.', NULL);
INSERT INTO `card` (id, type, title, header, content, option) VALUES ('8690_10', 3, NULL, 'assets/topic/asb/1137.png', 'When he came to his village,  the villagers were afraid. They asked Opio,  "What disease have you brought to us? What is this dark thing following you?" Opio said,  "My friends,  this dark thing is called night. You are afraid and I was afraid,  too."', NULL);
INSERT INTO `card` (id, type, title, header, content, option) VALUES ('8690_11', 3, NULL, 'assets/topic/asb/1138.png', 'Opio continued to explain,  "You will learn to like the night. When the light comes we can work and when night comes,  we can rest."', NULL);
INSERT INTO `card` (id, type, title, header, content, option) VALUES ('8690_12', 3, NULL, 'assets/topic/asb/1139.png', 'And that is how night came to Opio''s village.', NULL);
INSERT INTO `card` (id, type, title, header, content, option) VALUES ('8690_13', 3, NULL, NULL, 'You are free to download, copy, translate or adapt this story and use the illustrations as long as you attribute in the following way:
How night came to Opio''s village
Author -
Robert Ekuka
Illustration -
Wiehan de Jager
Language -
English
Level -
First paragraphs
© African Storybook Initiative 2014
Creative Commons: Attribution 4.0
Source
www.africanstorybook.org', NULL);
INSERT INTO `card` (id, type, title, header, content, option) VALUES ('29975', 2, 'Face', 'assets/topic/asb/26803.png', 'Little Zebra Books
Sue  Beattie', 'FF9DEDE3');
INSERT INTO `card` (id, type, title, header, content, option) VALUES ('29975_3', 3, NULL, 'assets/topic/asb/26807.png', 'Eyes', NULL);
INSERT INTO `card` (id, type, title, header, content, option) VALUES ('29975_4', 3, NULL, 'assets/topic/asb/26808.png', 'Ears', NULL);
INSERT INTO `card` (id, type, title, header, content, option) VALUES ('29975_5', 3, NULL, 'assets/topic/asb/26802.png', 'Mouth', NULL);
INSERT INTO `card` (id, type, title, header, content, option) VALUES ('29975_6', 3, NULL, 'assets/topic/asb/26800.png', 'Nose', NULL);
INSERT INTO `card` (id, type, title, header, content, option) VALUES ('29975_7', 3, NULL, 'assets/topic/asb/26801.png', 'Chin', NULL);
INSERT INTO `card` (id, type, title, header, content, option) VALUES ('29975_8', 3, NULL, 'assets/topic/asb/26755.png', 'Teeth', NULL);
INSERT INTO `card` (id, type, title, header, content, option) VALUES ('29975_9', 3, NULL, 'assets/topic/asb/26810.png', 'Tongue', NULL);
INSERT INTO `card` (id, type, title, header, content, option) VALUES ('29975_10', 3, NULL, 'assets/topic/asb/26809.png', 'Cheeks', NULL);
INSERT INTO `card` (id, type, title, header, content, option) VALUES ('29975_11', 3, NULL, 'assets/topic/asb/26804.png', 'Eyebrows', NULL);
INSERT INTO `card` (id, type, title, header, content, option) VALUES ('29975_12', 3, NULL, 'assets/topic/asb/26806.png', 'Hair', NULL);
INSERT INTO `card` (id, type, title, header, content, option) VALUES ('29975_13', 3, NULL, NULL, 'You are free to download, copy, translate or adapt this story and use the illustrations as long as you attribute in the following way:
Face
Author -
Little Zebra Books
Illustration -
Sue  Beattie
Language -
English
Level -
First words
© African Storybook Initiative 2018
Creative Commons: Attribution 4.0
Source
www.africanstorybook.org', NULL);
INSERT INTO `card` (id, type, title, header, content, option) VALUES ('22067', 2, 'Disagreement among occupations', 'assets/topic/asb/10274.png', 'Beatrice Inzikuru
Wiehan de Jager', 'FFB3C8FF');
INSERT INTO `card` (id, type, title, header, content, option) VALUES ('22067_3', 3, NULL, 'assets/topic/asb/10274.png', 'In a village there was a disagreement among people of different occupations. Everyone thought their work was the most important!', NULL);
INSERT INTO `card` (id, type, title, header, content, option) VALUES ('22067_4', 3, NULL, 'assets/topic/asb/10278.png', 'The teacher said that he had the most important occupation. "Without teachers you could not go to school and learn."', NULL);
INSERT INTO `card` (id, type, title, header, content, option) VALUES ('22067_5', 3, NULL, 'assets/topic/asb/10276.png', 'The builder said that he had the most important occupation. "Without builders you would not have schools to learn in or houses to sleep in."', NULL);
INSERT INTO `card` (id, type, title, header, content, option) VALUES ('22067_6', 3, NULL, 'assets/topic/asb/10279.png', 'The carpenter said that he had the most important occupation. "Without carpenters you would have no furniture for your houses and schools."', NULL);
INSERT INTO `card` (id, type, title, header, content, option) VALUES ('22067_7', 3, NULL, 'assets/topic/asb/10277.png', 'The doctor claimed that he had the most important occupation. "Without doctors and nurses you could get sick and die."', NULL);
INSERT INTO `card` (id, type, title, header, content, option) VALUES ('22067_8', 3, NULL, 'assets/topic/asb/10275.png', 'The farmer said that she had the most important occupation. "Without farmers you would not have food to eat."', NULL);
INSERT INTO `card` (id, type, title, header, content, option) VALUES ('22067_9', 3, NULL, 'assets/topic/asb/10280.png', 'The student argued that students had the most important work. "Without students,  there would be no teachers,  builders,  doctors,  farmers,  or carpenters."', NULL);
INSERT INTO `card` (id, type, title, header, content, option) VALUES ('22067_10', 3, NULL, 'assets/topic/asb/10281.png', 'Eventually everyone agreed that all the occupations are important. We need teachers,  builders,  doctors,  farmers,  and carpenters. But everyone has to be a student first!', NULL);
INSERT INTO `card` (id, type, title, header, content, option) VALUES ('22067_11', 3, NULL, NULL, 'You are free to download, copy, translate or adapt this story and use the illustrations as long as you attribute in the following way:
Disagreement among occupations
Author -
Beatrice Inzikuru
Illustration -
Wiehan de Jager
Language -
English
Level -
First paragraphs
© African Storybook Initiative 2015
Creative Commons: Attribution 4.0
Source
www.africanstorybook.org', NULL);
INSERT INTO `card` (id, type, title, header, content, option) VALUES ('2611', 2, 'Vayu, the wind', 'assets/topic/asb/2442.png', 'Madhuri Pai
Rijuta Ghate', 'FF9DEDE3');
INSERT INTO `card` (id, type, title, header, content, option) VALUES ('2611_3', 3, NULL, 'assets/topic/asb/2443.png', 'I finish my hot,  hot bath. My wet body feels so cool,  cool,  cool.  What makes that happen? Vayu,  the wind!', NULL);
INSERT INTO `card` (id, type, title, header, content, option) VALUES ('2611_4', 3, NULL, 'assets/topic/asb/2444.png', 'The milk in my cup is too hot. But soon it is ready for me to sip. Who makes that happen? Vayu,  the wind!', NULL);
INSERT INTO `card` (id, type, title, header, content, option) VALUES ('2611_5', 3, NULL, 'assets/topic/asb/2445.png', 'The window curtains flutter and gently brush my face. Who makes it happen? Vayu,  the wind!', NULL);
INSERT INTO `card` (id, type, title, header, content, option) VALUES ('2611_6', 3, NULL, 'assets/topic/asb/2448.png', 'A bolt of lightning far away. Black clouds moving my way. Who makes that happen? Vayu,  the wind!', NULL);
INSERT INTO `card` (id, type, title, header, content, option) VALUES ('2611_7', 3, NULL, 'assets/topic/asb/2449.png', 'Branches sway and leaves tremble. Flowers gently fall. Who did it all? Vayu,  the wind!', NULL);
INSERT INTO `card` (id, type, title, header, content, option) VALUES ('2611_8', 3, NULL, 'assets/topic/asb/2450.png', 'We are playing far from the house. Yet I can smell the food mother is preparing. Who makes it happen? Vayu,  the wind!', NULL);
INSERT INTO `card` (id, type, title, header, content, option) VALUES ('2611_9', 3, NULL, 'assets/topic/asb/2451.png', 'A glass on a windowsill,  crashes to the ground. I am glad I was not around. Who broke the glass? It was Vayu,  the wind!', NULL);
INSERT INTO `card` (id, type, title, header, content, option) VALUES ('2611_10', 3, NULL, 'assets/topic/asb/2452.png', 'A whistle blows. A train rolls in. I cannot see it,  but I hear its din. Who makes that happen? Vayu,  the wind!', NULL);
INSERT INTO `card` (id, type, title, header, content, option) VALUES ('2611_11', 3, NULL, 'assets/topic/asb/2453.png', 'Cannot be seen. Cannot be heard. Works without saying a word. Who can it be? Of course! The wind.', NULL);
INSERT INTO `card` (id, type, title, header, content, option) VALUES ('2611_12', 3, NULL, 'assets/topic/asb/2455.png', NULL, NULL);
INSERT INTO `card` (id, type, title, header, content, option) VALUES ('2611_13', 3, NULL, NULL, 'You are free to download, copy, translate or adapt this story and use the illustrations as long as you attribute in the following way:
Vayu, the wind
Author -
Madhuri Pai and Rohini Nilekani
Illustration -
Rijuta Ghate
Language -
English
Level -
First sentences
© Pratham Books 2014
Creative Commons: Attribution 4.0
Source
www.africanstorybook.org
Original source
www.prathambooks.org', NULL);
INSERT INTO `card` (id, type, title, header, content, option) VALUES ('10440', 2, 'My first pair of shoes', 'assets/topic/asb/9500.png', 'Ursula Nafula
Rob Owen', 'FFF4E1B5');
INSERT INTO `card` (id, type, title, header, content, option) VALUES ('10440_3', 3, NULL, 'assets/topic/asb/9494.png', 'I had never worn shoes before. When I saw children wearing nice shoes,  I would look at them with longing.', NULL);
INSERT INTO `card` (id, type, title, header, content, option) VALUES ('10440_4', 3, NULL, 'assets/topic/asb/9492.png', 'My mother would say,  "You will have many pairs in the future,  just wait!" Sometimes I did not believe her. "When is the future?" I asked her one day.', NULL);
INSERT INTO `card` (id, type, title, header, content, option) VALUES ('10440_5', 3, NULL, 'assets/topic/asb/9493.png', 'Time passed and it was nearly Christmas. Everybody was busy going to the market and coming back with bags of new things. "Mother,  are we going to the market?" I asked her.', NULL);
INSERT INTO `card` (id, type, title, header, content, option) VALUES ('10440_6', 3, NULL, 'assets/topic/asb/9496.png', 'The day before Christmas,  my mother woke me up earlier than usual. She asked me to fetch the big shopping basket she always carried to the market.', NULL);
INSERT INTO `card` (id, type, title, header, content, option) VALUES ('10440_7', 3, NULL, 'assets/topic/asb/9495.png', 'At the open-air market there were many parents with their children. They were buying new clothes and stocking up on food.', NULL);
INSERT INTO `card` (id, type, title, header, content, option) VALUES ('10440_8', 3, NULL, 'assets/topic/asb/9497.png', 'We went straight to where there were many different types of shoes. My eyes were wide with amazement. I gaped at row after row of neatly arranged shoes.', NULL);
INSERT INTO `card` (id, type, title, header, content, option) VALUES ('10440_9', 3, NULL, 'assets/topic/asb/9499.png', 'After trying on many pairs,  I settled for black lace-up shoes. At home that night,  I couldn''t sleep. I was so excited thinking of how I would wear my new shoes and show off to every child in the village.', NULL);
INSERT INTO `card` (id, type, title, header, content, option) VALUES ('10440_10', 3, NULL, 'assets/topic/asb/10444.png', 'After a while,  I got out of bed and put on the shoes. I walked slowly around the room and then put the shoes back into the box. I lay down again,  but I couldn''t sleep.', NULL);
INSERT INTO `card` (id, type, title, header, content, option) VALUES ('10440_11', 3, NULL, 'assets/topic/asb/9498.png', 'I got up and tried on the shoes a second time. I strutted around the room for a while and then put them back.', NULL);
INSERT INTO `card` (id, type, title, header, content, option) VALUES ('10440_12', 3, NULL, 'assets/topic/asb/9502.png', 'I lay down once more and tried to sleep. But I got up a third time. I put on the shoes and jumped around the room. Then I felt tired. I decided to get back into bed.', NULL);
INSERT INTO `card` (id, type, title, header, content, option) VALUES ('10440_13', 3, NULL, 'assets/topic/asb/9501.png', 'The following morning,  I was woken by my mother. "What is this I see?" she asked.', NULL);
INSERT INTO `card` (id, type, title, header, content, option) VALUES ('10440_14', 3, NULL, 'assets/topic/asb/9500.png', 'I was wearing my new shoes in bed!', NULL);
INSERT INTO `card` (id, type, title, header, content, option) VALUES ('10440_15', 3, NULL, NULL, 'You are free to download, copy, translate or adapt this story and use the illustrations as long as you attribute in the following way:
My first pair of shoes
Author -
Ursula Nafula
Translation -
Ursula Nafula
Illustration -
Rob Owen
Language -
English
Level -
First paragraphs
© African Storybook Initiative 2015
Creative Commons: Attribution 4.0
Source
www.africanstorybook.org', NULL);
INSERT INTO `card` (id, type, title, header, content, option) VALUES ('3135', 2, 'Things I know', 'assets/topic/asb/2550.png', 'Ursula Nafula
Michael Nakuwa', 'FF9DEDE3');
INSERT INTO `card` (id, type, title, header, content, option) VALUES ('3135_3', 3, NULL, 'assets/topic/asb/2551.png', 'This is a manyatta. It is my home. My home is in Turkana County.', NULL);
INSERT INTO `card` (id, type, title, header, content, option) VALUES ('3135_4', 3, NULL, 'assets/topic/asb/2552.png', 'This is a camel. In Turkana County people keep many different animals. But the camel is very important.', NULL);
INSERT INTO `card` (id, type, title, header, content, option) VALUES ('3135_5', 3, NULL, 'assets/topic/asb/2553.png', 'These are my teachers. I like going to school. My school is called Lolupe Primary School. I like my Art teacher very much.', NULL);
INSERT INTO `card` (id, type, title, header, content, option) VALUES ('3135_6', 3, NULL, 'assets/topic/asb/2554.png', 'This is a ship. Ships are big. They are used to transport people and goods on water. If I go to Mombasa,  I can see a ship.', NULL);
INSERT INTO `card` (id, type, title, header, content, option) VALUES ('3135_7', 3, NULL, 'assets/topic/asb/2550.png', 'This is a bed. I like the bed that my father made for me. I share it with my younger brother. It is comfortable.', NULL);
INSERT INTO `card` (id, type, title, header, content, option) VALUES ('3135_8', 3, NULL, 'assets/topic/asb/2555.png', 'This is a cock. At home,  we have two cocks. We also have many chickens. The chickens lay many eggs.', NULL);
INSERT INTO `card` (id, type, title, header, content, option) VALUES ('3135_9', 3, NULL, 'assets/topic/asb/2556.png', 'This is a mouse. Mice are dangerous animals. They eat food. They also destroy clothes. They can cause disease.', NULL);
INSERT INTO `card` (id, type, title, header, content, option) VALUES ('3135_10', 3, NULL, 'assets/topic/asb/2557.png', 'This is a dog. Dogs are domestic animals. Our dog is called Daa. He barks a lot.', NULL);
INSERT INTO `card` (id, type, title, header, content, option) VALUES ('3135_11', 3, NULL, 'assets/topic/asb/2558.png', 'This is an umbrella. My parents have a big umbrella. It has red,  blue,  orange and green colours. When it rains,  we use an umbrella so we do not get wet.', NULL);
INSERT INTO `card` (id, type, title, header, content, option) VALUES ('3135_12', 3, NULL, 'assets/topic/asb/2559.png', 'I am in class two and I know many things. I want to know many more. What I do not know,  I ask my parents or my teacher.', NULL);
INSERT INTO `card` (id, type, title, header, content, option) VALUES ('3135_13', 3, NULL, NULL, 'You are free to download, copy, translate or adapt this story and use the illustrations as long as you attribute in the following way:
Things I know
Author -
Ursula Nafula
Illustration -
Michael Nakuwa
Language -
English
Level -
First sentences
© African Storybook Initiative 2014
Creative Commons: Attribution 4.0
Source
www.africanstorybook.org', NULL);
INSERT INTO `card` (id, type, title, header, content, option) VALUES ('5314', 2, 'The adventures of Supercow', 'assets/topic/asb/858.png', 'Danielle Bruckert
Danielle Bruckert', 'FFB3C8FF');
INSERT INTO `card` (id, type, title, header, content, option) VALUES ('5314_3', 3, NULL, 'assets/topic/asb/859.png', 'This is cow. Cow is cool!', NULL);
INSERT INTO `card` (id, type, title, header, content, option) VALUES ('5314_4', 3, NULL, 'assets/topic/asb/860.png', 'By day,  it is an ordinary cow.', NULL);
INSERT INTO `card` (id, type, title, header, content, option) VALUES ('5314_5', 3, NULL, 'assets/topic/asb/861.png', 'Flying a kite.', NULL);
INSERT INTO `card` (id, type, title, header, content, option) VALUES ('5314_6', 3, NULL, 'assets/topic/asb/862.png', 'Kicking a ball.', NULL);
INSERT INTO `card` (id, type, title, header, content, option) VALUES ('5314_7', 3, NULL, 'assets/topic/asb/863.png', 'By night,  a supercow!', NULL);
INSERT INTO `card` (id, type, title, header, content, option) VALUES ('5314_8', 3, NULL, 'assets/topic/asb/864.png', 'Saving lives.', NULL);
INSERT INTO `card` (id, type, title, header, content, option) VALUES ('5314_9', 3, NULL, 'assets/topic/asb/865.png', 'And fighting crime.', NULL);
INSERT INTO `card` (id, type, title, header, content, option) VALUES ('5314_10', 3, NULL, 'assets/topic/asb/866.png', 'But if you close your eyes really tight,  and make a wish.', NULL);
INSERT INTO `card` (id, type, title, header, content, option) VALUES ('5314_11', 3, NULL, 'assets/topic/asb/867.png', 'Cow might come to visit you too!', NULL);
INSERT INTO `card` (id, type, title, header, content, option) VALUES ('5314_12', 3, NULL, 'assets/topic/asb/868.png', 'The end.', NULL);
INSERT INTO `card` (id, type, title, header, content, option) VALUES ('5314_13', 3, NULL, NULL, 'You are free to download, copy, translate or adapt this story and use the illustrations as long as you attribute in the following way:
The adventures of Supercow
Author -
Danielle Bruckert
Illustration -
Danielle Bruckert
Language -
English
Level -
First words
© Danielle Bruckert 2010
Creative Commons: Attribution-Non Commercial 3.0
Source
www.africanstorybook.org
Original source
http://freekidsbooks.org', NULL);
INSERT INTO `card` (id, type, title, header, content, option) VALUES ('22637', 2, 'Big blue bus', 'assets/topic/asb/11446.png', 'Mecelin Kakoro
Mango Tree', 'FFB3C8FF');
INSERT INTO `card` (id, type, title, header, content, option) VALUES ('22637_3', 3, NULL, 'assets/topic/asb/11446.png', 'There was only one bus in Ebei''s village. It was big and blue. It was very noisy.', NULL);
INSERT INTO `card` (id, type, title, header, content, option) VALUES ('22637_4', 3, NULL, 'assets/topic/asb/11447.png', '"Tomorrow we will go to town," said Ebei''s mother. "We will buy your school uniform."', NULL);
INSERT INTO `card` (id, type, title, header, content, option) VALUES ('22637_5', 3, NULL, 'assets/topic/asb/11448.png', 'Ebei was very excited. They would travel in the big blue bus. He could not sleep that night.', NULL);
INSERT INTO `card` (id, type, title, header, content, option) VALUES ('22637_6', 3, NULL, 'assets/topic/asb/11449.png', 'When his mother came to wake him, Ebei was already dressed.', NULL);
INSERT INTO `card` (id, type, title, header, content, option) VALUES ('22637_7', 3, NULL, 'assets/topic/asb/11450.png', 'Ebei and his mother walked to the bus stop. They waited for the big blue bus. But the bus did not come.', NULL);
INSERT INTO `card` (id, type, title, header, content, option) VALUES ('22637_8', 3, NULL, 'assets/topic/asb/11451.png', 'Other people arrived at the bus stop. They complained because the bus was late. "Where is the bus?" they asked.', NULL);
INSERT INTO `card` (id, type, title, header, content, option) VALUES ('22637_9', 3, NULL, 'assets/topic/asb/11452.png', 'Ebei was worried. "We will not be able to go to town," he thought. "I will not be able to get my uniform."', NULL);
INSERT INTO `card` (id, type, title, header, content, option) VALUES ('22637_10', 3, NULL, 'assets/topic/asb/11453.png', 'Some people gave up and went home. Ebei cried. He did not want to go. "We will wait a bit longer," said his mother.', NULL);
INSERT INTO `card` (id, type, title, header, content, option) VALUES ('22637_11', 3, NULL, 'assets/topic/asb/11454.png', 'Suddenly, they heard a noise. They saw dust in the air. The bus was coming!', NULL);
INSERT INTO `card` (id, type, title, header, content, option) VALUES ('22637_12', 3, NULL, 'assets/topic/asb/11455.png', 'But this bus was not blue. It was not big. It was red and small. The people did not want to get in this bus.', NULL);
INSERT INTO `card` (id, type, title, header, content, option) VALUES ('22637_13', 3, NULL, 'assets/topic/asb/11456.png', '"Get in! Get in!" shouted the driver. "We are very late today," he called.', NULL);
INSERT INTO `card` (id, type, title, header, content, option) VALUES ('22637_14', 3, NULL, 'assets/topic/asb/11457.png', 'Ebei and his mother got in first. Soon everyone else got in the small red bus.', NULL);
INSERT INTO `card` (id, type, title, header, content, option) VALUES ('22637_15', 3, NULL, 'assets/topic/asb/11458.png', 'Ebei looked out the window. He saw more people at the bus stop.', NULL);
INSERT INTO `card` (id, type, title, header, content, option) VALUES ('22637_16', 3, NULL, 'assets/topic/asb/11459.png', 'Even more people were running to catch the bus. But they were too late. The red bus was full. It left for town.', NULL);
INSERT INTO `card` (id, type, title, header, content, option) VALUES ('22637_17', 3, NULL, 'assets/topic/asb/11460.png', '"Where is the big blue bus?" asked Ebei''s mother. "It broke down," replied the driver. "We are fixing it. It will come tomorrow."', NULL);
INSERT INTO `card` (id, type, title, header, content, option) VALUES ('22637_18', 3, NULL, 'assets/topic/asb/11461.png', 'Ebei did not care about the colour of the bus. He did not care about the size. This bus was going to town!', NULL);
INSERT INTO `card` (id, type, title, header, content, option) VALUES ('22637_19', 3, NULL, NULL, 'You are free to download, copy, translate or adapt this story and use the illustrations as long as you attribute in the following way:
Big blue bus
Author -
Mecelin Kakoro
Illustration -
Mango Tree
Language -
English
Level -
First sentences
© African Storybook Initiative 2015
Creative Commons: Attribution 4.0
Source
www.africanstorybook.org', NULL);
INSERT INTO `card` (id, type, title, header, content, option) VALUES ('22533', 2, 'Skillful musicians', 'assets/topic/asb/25963.png', 'Athieno Gertrude and Owino Ogot
Salim Kasamba', 'FFB3C8FF');
INSERT INTO `card` (id, type, title, header, content, option) VALUES ('22533_3', 3, NULL, 'assets/topic/asb/25955.png', 'Bul, Fumbo, Teke, Tongoli, Milege, Sos and Gwara were great friends. They also produced good music. They lived at the foot of faraway hills.
All of them were skilful musicians. Everyone enjoyed listening to their melodies and dancing to their rhythms!
These skillful musicians wanted to choose a leader. The greatest among them would be their king.', NULL);
INSERT INTO `card` (id, type, title, header, content, option) VALUES ('22533_4', 3, NULL, 'assets/topic/asb/25956.png', 'To be chosen as the greatest, the musician had to perform a variety of functions. He had to be loud enough to be heard from near and far.
Tongoli spoke first, "I am the greatest. I sing high and I sing low. I have many strings of different pitches. I can sing alone and in groups. The young and old love dancing to my music. I even lead Fumbo in songs."', NULL);
INSERT INTO `card` (id, type, title, header, content, option) VALUES ('22533_5', 3, NULL, 'assets/topic/asb/25957.png', '"You are right Tongoli," Fumbo agreed. "But, you are not better than me. You are too soft. I am loud and clear. My sound reaches near and far."
Fumbo continued, "People dance to my tunes like their backs are breaking! Whether in times of joy or in times sorrow I make people dance!  Children like imitating my songs like ''Coko ma nyoro no dwoki i dak''."', NULL);
INSERT INTO `card` (id, type, title, header, content, option) VALUES ('22533_6', 3, NULL, 'assets/topic/asb/25958.png', '"You are both great," agreed Milege. Then he continued, "My work is simple. Dancers tie me round their ankles. They stamp their feet rhythmically and I produce melodies. I produce a mix of loud and sharp sounds. Friends, aren''t I great?"', NULL);
INSERT INTO `card` (id, type, title, header, content, option) VALUES ('22533_7', 3, NULL, 'assets/topic/asb/25959.png', '"That is great!" Bul said. "I am made of just a piece of skin stretched over a hollow wooden cylinder. I give rhythm to songs and my sound signals many things. But I cannot change pitches like some of you do. I don''t think I am great."', NULL);
INSERT INTO `card` (id, type, title, header, content, option) VALUES ('22533_8', 3, NULL, 'assets/topic/asb/25960.png', '"Bul, you do great things!" Gwara disagreed. "You call people to meetings, worship, and communal work, also announce deaths and alert people when there is danger. You sound during ceremonies and make people dance in joy and sorrow. To me, you are the greatest."
Gwara gave a loud blast and said, "Am loud and I attract attention. However, I am not better than Bul. So I propose him as our king."', NULL);
INSERT INTO `card` (id, type, title, header, content, option) VALUES ('22533_9', 3, NULL, 'assets/topic/asb/25961.png', 'The skilful musicians looked at one another in disbelief and silence. Then Tongoli said, "Bul is too simple to be our king. I am the greatest because I can play from low to high with ease."
Sos had been quiet all along. Now he spoke, "Comrades, I have always sung with the rest of you. You are all skillful musicians. However, the best choice for our king is Bul."', NULL);
INSERT INTO `card` (id, type, title, header, content, option) VALUES ('22533_10', 3, NULL, 'assets/topic/asb/25963.png', 'Sos continued, "A person who cannot feel music produced by Bul is like dead wood! Bul draws people to him and nurtures them with his music in sorrow and in joy."
Finally, the skilful musicians chose Bul as their king.
Ever since then Bul has been the king of music. That is why Bul is in every home at the foot of the faraway hills.', NULL);
INSERT INTO `card` (id, type, title, header, content, option) VALUES ('22533_11', 3, NULL, NULL, 'You are free to download, copy, translate or adapt this story and use the illustrations as long as you attribute in the following way:
Skillful musicians
Author -
Athieno Gertrude and Owino Ogot
Translation -
Athieno Gertrude and Owino Ogot
Illustration -
Salim Kasamba
Language -
English
Level -
Read aloud
© African Storybook Initiative 2017
Creative Commons: Attribution 4.0
Source
www.africanstorybook.org', NULL);
INSERT INTO `card` (id, type, title, header, content, option) VALUES ('19384', 2, 'Grateful animals', 'assets/topic/asb/17299.png', 'Mariam Mohammed
Rob Owen', 'FF9DEDE3');
INSERT INTO `card` (id, type, title, header, content, option) VALUES ('19384_3', 3, NULL, 'assets/topic/asb/17289.png', 'Once upon a time,  a man and five animals were going to war together. They traveled all day until the sun went down. "Where are we going to sleep?" asked Donkey. "Look,  there''s a hut. We can sleep there," said Puff Adder.', NULL);
INSERT INTO `card` (id, type, title, header, content, option) VALUES ('19384_4', 3, NULL, 'assets/topic/asb/17290.png', 'They went to the hut and called. A man and a woman came out. "You''re welcome to sleep here,  but we don''t have food for you," said the man. "What about the cow outside your house?" asked Dog.  "It''s the only thing we have. If we kill it,  we''ll have nothing." The wife said.  Man said,  "We will all reward you. Please kill the cow for us."', NULL);
INSERT INTO `card` (id, type, title, header, content, option) VALUES ('19384_5', 3, NULL, 'assets/topic/asb/17291.png', '"If you give me its blood,  I''ll repay you," said Lion. "I want the bones," said Dog,  "and I''ll reward you." "Give me the fat,  you won''t be sorry" said Puff Adder. "I want the meat under the skin. I''ll reward you," said Eagle. "Let me have the milk," the man said. "I''ll give you something wonderful one day." "I don''t want meat. Give me some grass from your roof," Donkey said.', NULL);
INSERT INTO `card` (id, type, title, header, content, option) VALUES ('19384_6', 3, NULL, 'assets/topic/asb/17292.png', 'The husband and wife killed their cow. They gave the blood to Lion,  the bones to Dog,  the milk to the man,  the fat to Puff Adder,  and the meat under the skin to Eagle. Donkey got grass from the roof of the hut.', NULL);
INSERT INTO `card` (id, type, title, header, content, option) VALUES ('19384_7', 3, NULL, 'assets/topic/asb/17293.png', 'The travelers slept well that night. The next morning they went away.', NULL);
INSERT INTO `card` (id, type, title, header, content, option) VALUES ('19384_8', 3, NULL, 'assets/topic/asb/17294.png', 'Many weeks passed. Then,  one day,  the man and his wife heard Lion roaring near their hut. They went outside. Lion wasn''t there,  but a big elephant tusk was lying on the ground. "This is very valuable," the woman said to her husband. "Take it into the house," her husband said. "We must be careful. Perhaps thieves will come and steal it."', NULL);
INSERT INTO `card` (id, type, title, header, content, option) VALUES ('19384_9', 3, NULL, 'assets/topic/asb/17295.png', 'Just then,  Dog barked. The husband and wife looked behind them. Dog was lying near the door of the house. "Don''t worry," he said. "I''ll keep the thieves away. You helped me once and now I''ll help you."', NULL);
INSERT INTO `card` (id, type, title, header, content, option) VALUES ('19384_10', 3, NULL, 'assets/topic/asb/17296.png', 'Now,  the husband had a wicked brother. He was rich,  he was cruel,  and everyone hated him. He heard about the elephant tusk. "I want that tusk," he thought. "I''ll kill my brother and take it from him."', NULL);
INSERT INTO `card` (id, type, title, header, content, option) VALUES ('19384_11', 3, NULL, 'assets/topic/asb/17297.png', 'Late at night,  he went to his brother''s house. But Puff Adder was lying on the path,  waiting for him. It bit the wicked brother and he died.', NULL);
INSERT INTO `card` (id, type, title, header, content, option) VALUES ('19384_12', 3, NULL, 'assets/topic/asb/17298.png', 'In that country,  a dead man''s brother takes his wealth. So,  the wicked brother''s cows and sheep belonged to the husband and his wife. "Lion,  Dog and Puff Adder have repaid us well," the man said to his wife. "What will Eagle,  Donkey and the man do?"', NULL);
INSERT INTO `card` (id, type, title, header, content, option) VALUES ('19384_13', 3, NULL, 'assets/topic/asb/17299.png', 'One day,  Eagle was flying high in the sky. He looked down and saw a crowd of elders walking together along the road. Something bright was shining in their hands. "They have money and jewels," thought Eagle. "They are taking presents from a wife to her husband,  or from a husband to his wife,  to end a quarrel. But they will forgive each other anyway."', NULL);
INSERT INTO `card` (id, type, title, header, content, option) VALUES ('19384_14', 3, NULL, 'assets/topic/asb/17300.png', 'Eagle flew down and took the gifts out of the elders'' hands. He dropped them outside the hut of the man and his wife.', NULL);
INSERT INTO `card` (id, type, title, header, content, option) VALUES ('19384_15', 3, NULL, 'assets/topic/asb/17301.png', 'On the same day,  Donkey was in a forest not far away. He had a heavy bag full of money on his back. Donkey''s master beat him saying,  "Go faster,  you stupid,  lazy animal!"  Donkey wanted to punish his cruel master.', NULL);
INSERT INTO `card` (id, type, title, header, content, option) VALUES ('19384_16', 3, NULL, 'assets/topic/asb/17302.png', 'Donkey ran away,  and went to the hut of the husband and wife. "Take the money," he said. "It''s yours." The old man and his wife were rich now.', NULL);
INSERT INTO `card` (id, type, title, header, content, option) VALUES ('19384_17', 3, NULL, 'assets/topic/asb/17303.png', '"Our friends the animals have been very good to us," the man said. "I''m glad we killed our cow for them." "The man has not repaid us yet," his wife said. "The animals have done many things for us,  but the man will certainly do more."', NULL);
INSERT INTO `card` (id, type, title, header, content, option) VALUES ('19384_18', 3, NULL, 'assets/topic/asb/17304.png', 'They waited and waited. Weeks passed,  then months and years,  but the man never came back. Animals keep their promises,  but humans forget theirs.', NULL);
INSERT INTO `card` (id, type, title, header, content, option) VALUES ('19384_19', 3, NULL, NULL, 'You are free to download, copy, translate or adapt this story and use the illustrations as long as you attribute in the following way:
Grateful animals
Author -
Mariam Mohammed and Elizabeth Laird
Illustration -
Rob Owen
Language -
English
Level -
Longer paragraphs
© African Storybook Initiative 2016
Creative Commons: Attribution 4.0
Source
www.africanstorybook.org
Original source
www.ethiopianfolktales.com', NULL);
INSERT INTO `card` (id, type, title, header, content, option) VALUES ('9681', 2, 'Look at the animals', 'assets/topic/asb/1747.png', 'Jenny Katz
 Sandy Campbell', 'FFF4E1B5');
INSERT INTO `card` (id, type, title, header, content, option) VALUES ('9681_3', 3, NULL, 'assets/topic/asb/1749.png', 'Look at the animals.', NULL);
INSERT INTO `card` (id, type, title, header, content, option) VALUES ('9681_4', 3, NULL, 'assets/topic/asb/1750.png', 'The cow says, "Moo."', NULL);
INSERT INTO `card` (id, type, title, header, content, option) VALUES ('9681_5', 3, NULL, 'assets/topic/asb/1751.png', 'The goat says, "Meh,  meh."', NULL);
INSERT INTO `card` (id, type, title, header, content, option) VALUES ('9681_6', 3, NULL, 'assets/topic/asb/1752.png', 'The horse says, "Neigh."', NULL);
INSERT INTO `card` (id, type, title, header, content, option) VALUES ('9681_7', 3, NULL, 'assets/topic/asb/1753.png', 'The pig says, "Grunt."', NULL);
INSERT INTO `card` (id, type, title, header, content, option) VALUES ('9681_8', 3, NULL, 'assets/topic/asb/1754.png', 'The chicken says, "Cluck."', NULL);
INSERT INTO `card` (id, type, title, header, content, option) VALUES ('9681_9', 3, NULL, 'assets/topic/asb/1755.png', 'The dog says, "Woof."', NULL);
INSERT INTO `card` (id, type, title, header, content, option) VALUES ('9681_10', 3, NULL, 'assets/topic/asb/1757.png', 'The farmer says, "Shhh!"', NULL);
INSERT INTO `card` (id, type, title, header, content, option) VALUES ('9681_11', 3, NULL, NULL, 'You are free to download, copy, translate or adapt this story and use the illustrations as long as you attribute in the following way:
Look at the animals
Author -
Jenny Katz
Illustration -
Sandy Campbell
Language -
English
Level -
First words
© African Reading Matters 2003
Creative Commons: Attribution-Non Commercial 3.0
Source
www.africanstorybook.org
Original source
www.read.org.za', NULL);
INSERT INTO `card` (id, type, title, header, content, option) VALUES ('21074', 2, 'Old rooster', 'assets/topic/asb/8524.png', 'Cissy Kiwanuka Luyiga
Magriet Brink', 'FFCFB5DD');
INSERT INTO `card` (id, type, title, header, content, option) VALUES ('21074_3', 3, NULL, 'assets/topic/asb/8517.png', 'Once upon a time there was an old woman who lived alone. She had many chickens. Among them was a rooster that was very old and could no longer crow.', NULL);
INSERT INTO `card` (id, type, title, header, content, option) VALUES ('21074_4', 3, NULL, 'assets/topic/asb/8518.png', 'One day the old woman''s grandson visited. She was very happy to see him. She asked the young man to catch the old rooster so they could cook and eat it.', NULL);
INSERT INTO `card` (id, type, title, header, content, option) VALUES ('21074_5', 3, NULL, 'assets/topic/asb/8519.png', 'The old rooster heard the woman talking and its heart sank. "Aaiii,  you are also very old but I don''t see anyone trying to kill you,  we will see!" So the old rooster sneaked away and decided to head for the big city to start singing.', NULL);
INSERT INTO `card` (id, type, title, header, content, option) VALUES ('21074_6', 3, NULL, 'assets/topic/asb/8520.png', 'As the old rooster walked,  he met the cat. "What has happened?" the cat asked. "My friend,  my boss wants to eat me because I can no longer tell her the time," said the old rooster. "I am going to the big city to sing. Where are you going?" "My friend,  my boss has also decided to kill me because I can no longer catch rats. I am running away," said the cat. "Can I join you?" "Let''s go!" said the old rooster.', NULL);
INSERT INTO `card` (id, type, title, header, content, option) VALUES ('21074_7', 3, NULL, 'assets/topic/asb/8521.png', 'They had walked a short while when they saw a dog running very fast. The old rooster called the dog and asked why he was running so fast. "My friend,  my boss chased me because I can no longer catch thieves," replied the dog while panting. "We have similar problems. We are going to the big city to sing," said the old rooster. "Can I join you?" asked the dog.', NULL);
INSERT INTO `card` (id, type, title, header, content, option) VALUES ('21074_8', 3, NULL, 'assets/topic/asb/8522.png', 'The three animals set off together. As they were walking,  a horse stopped them and asked what was happening. "Our bosses want to kill us because we can no longer do our jobs," they all replied together. "I have the same problem,  where are you going?" asked the horse. "We are going to the big city to sing," they replied. The horse asked to join them and they accepted.', NULL);
INSERT INTO `card` (id, type, title, header, content, option) VALUES ('21074_9', 3, NULL, 'assets/topic/asb/8523.png', 'They all walked until it was dark. They saw a house and when they reached it they heard noises inside. They were afraid and decided to sing a song to chase the people who were in the house. The horse stood on the ground,  the dog climbed onto the horse''s back,  the cat climbed on the dog''s back,  and the rooster climbed on the cat''s back.', NULL);
INSERT INTO `card` (id, type, title, header, content, option) VALUES ('21074_10', 3, NULL, 'assets/topic/asb/8524.png', 'They immediately started singing. "Kookoliookoo," sang the rooster. "Myaaawuu myaaawuu," sang the cat. "Woo woo," sang the dog. "Wuuuu wuuuu," sang the horse. They all sang loudly together. The people inside the house were thieves. The thieves were afraid and ran away.', NULL);
INSERT INTO `card` (id, type, title, header, content, option) VALUES ('21074_11', 3, NULL, 'assets/topic/asb/8525.png', 'The old rooster,  the dog,  the horse and the cat entered the house and found food. When they had finished eating they went to sleep. The rooster slept near the door,  followed by the cat,  the dog,  and lastly the horse.', NULL);
INSERT INTO `card` (id, type, title, header, content, option) VALUES ('21074_12', 3, NULL, 'assets/topic/asb/8526.png', 'It was not too long before the thieves were back. Their boss was the first to go into the house. He had just opened the door when the old rooster pecked him with its beak. Then the cat scratched him with its nails. And then he found the dog,  which bit him.', NULL);
INSERT INTO `card` (id, type, title, header, content, option) VALUES ('21074_13', 3, NULL, 'assets/topic/asb/8527.png', 'The man jumped but continued into the house. He found the horse,  which kicked him to death. The other thieves did not enter the house. They ran away,  never to return.', NULL);
INSERT INTO `card` (id, type, title, header, content, option) VALUES ('21074_14', 3, NULL, 'assets/topic/asb/8528.png', 'The animals lived happily ever after in that house. The old rooster told the time to his friends,  and the dog kept them safe. The cat killed all the rats in the house,  and the horse carried them on its back wherever they wanted to go.', NULL);
INSERT INTO `card` (id, type, title, header, content, option) VALUES ('21074_15', 3, NULL, NULL, 'You are free to download, copy, translate or adapt this story and use the illustrations as long as you attribute in the following way:
Old rooster
Author -
Cissy Kiwanuka Luyiga
Illustration -
Magriet Brink
Language -
English
Level -
Longer paragraphs
© African Storybook Initiative 2014
Creative Commons: Attribution 4.0
Source
www.africanstorybook.org', NULL);
INSERT INTO `card` (id, type, title, header, content, option) VALUES ('21130', 2, 'Maguru gives legs', 'assets/topic/asb/13910.png', 'Mutugi Kamundi
Wiehan de Jager', 'FF9DEDE3');
INSERT INTO `card` (id, type, title, header, content, option) VALUES ('21130_3', 3, NULL, 'assets/topic/asb/13904.png', 'Long time ago, animals had no legs.
They all used to crawl.', NULL);
INSERT INTO `card` (id, type, title, header, content, option) VALUES ('21130_4', 3, NULL, 'assets/topic/asb/13905.png', 'Only people had legs, which Maguru gave to them.', NULL);
INSERT INTO `card` (id, type, title, header, content, option) VALUES ('21130_5', 3, NULL, 'assets/topic/asb/13906.png', 'One day, Maguru decided to give legs to every animal. He wanted them to walk.
He told them about it.', NULL);
INSERT INTO `card` (id, type, title, header, content, option) VALUES ('21130_6', 3, NULL, 'assets/topic/asb/13907.png', 'The animals said, "It will be very nice to have legs."
They sang and danced.', NULL);
INSERT INTO `card` (id, type, title, header, content, option) VALUES ('21130_7', 3, NULL, 'assets/topic/asb/13908.png', 'The animals said it was hard to crawl.
They felt pain.', NULL);
INSERT INTO `card` (id, type, title, header, content, option) VALUES ('21130_8', 3, NULL, 'assets/topic/asb/13909.png', 'When the day came, many animals went to Maguru''s house.
Giraffes, lions, elephants, rabbits, crocodiles and birds stood in a line.', NULL);
INSERT INTO `card` (id, type, title, header, content, option) VALUES ('21130_9', 3, NULL, 'assets/topic/asb/13910.png', 'Each animal was given four legs.
Birds were given two legs each.', NULL);
INSERT INTO `card` (id, type, title, header, content, option) VALUES ('21130_10', 3, NULL, 'assets/topic/asb/13911.png', 'Everything was different after they got legs.
Some danced for joy. Others fell down.', NULL);
INSERT INTO `card` (id, type, title, header, content, option) VALUES ('21130_11', 3, NULL, 'assets/topic/asb/13912.png', 'They went to show people.
The animals said, "We will never crawl again."', NULL);
INSERT INTO `card` (id, type, title, header, content, option) VALUES ('21130_12', 3, NULL, 'assets/topic/asb/13913.png', 'The last one in the line was Millipede. Maguru asked,  "Is there anyone else after you?"
Millipede answered, "No, I am the last one."', NULL);
INSERT INTO `card` (id, type, title, header, content, option) VALUES ('21130_13', 3, NULL, 'assets/topic/asb/13914.png', 'Maguru thought, "He is the last one. What will I do with the rest of the legs?"
Maguru gave Millipede all the remaining legs.', NULL);
INSERT INTO `card` (id, type, title, header, content, option) VALUES ('21130_14', 3, NULL, 'assets/topic/asb/13915.png', 'Millipede was very happy. He said, "I will move faster than others."', NULL);
INSERT INTO `card` (id, type, title, header, content, option) VALUES ('21130_15', 3, NULL, 'assets/topic/asb/13916.png', 'After Millipede left, Snake came to Maguru''s house. He said to Maguru, "Please give me some legs."', NULL);
INSERT INTO `card` (id, type, title, header, content, option) VALUES ('21130_16', 3, NULL, 'assets/topic/asb/13917.png', 'Maguru said, "I have given out all the legs. Where were you?"
Snake answered, "I over-slept."', NULL);
INSERT INTO `card` (id, type, title, header, content, option) VALUES ('21130_17', 3, NULL, 'assets/topic/asb/13918.png', 'Maguru looked to see if there were legs remaining.
He did not find any.', NULL);
INSERT INTO `card` (id, type, title, header, content, option) VALUES ('21130_18', 3, NULL, 'assets/topic/asb/13919.png', 'Maguru said to Snake, "Sorry. There are no legs left." Snake crawled home without legs.
From that day, Snake does not sleep much. He is waiting to be first in line to get legs.', NULL);
INSERT INTO `card` (id, type, title, header, content, option) VALUES ('21130_19', 3, NULL, NULL, 'You are free to download, copy, translate or adapt this story and use the illustrations as long as you attribute in the following way:
Maguru gives legs
Author -
Mutugi Kamundi
Illustration -
Wiehan de Jager
Language -
English
Level -
First paragraphs
© African Storybook Initiative 2015
Creative Commons: Attribution 4.0
Source
www.africanstorybook.org', NULL);
INSERT INTO `card` (id, type, title, header, content, option) VALUES ('23407', 2, 'Old rooster', 'assets/topic/asb/8524.png', 'Cissy Kiwanuka Luyiga
Magriet Brink', 'FFB3C8FF');
INSERT INTO `card` (id, type, title, header, content, option) VALUES ('23407_3', 3, NULL, 'assets/topic/asb/8517.png', 'Once upon a time there was an old woman who lived alone. She had many chickens. Among them was a rooster that was very old and could no longer crow.', NULL);
INSERT INTO `card` (id, type, title, header, content, option) VALUES ('23407_4', 3, NULL, 'assets/topic/asb/8518.png', 'One day the old woman''s grandson visited. She was very happy to see him. She asked the young man to catch the old rooster so they could cook and eat it.', NULL);
INSERT INTO `card` (id, type, title, header, content, option) VALUES ('23407_5', 3, NULL, 'assets/topic/asb/8519.png', 'The old rooster heard the woman talking and its heart sank. "Aaiii,  you are also very old but I don''t see anyone trying to kill you,  we will see!" So the old rooster sneaked away and decided to head for the big city to start singing.', NULL);
INSERT INTO `card` (id, type, title, header, content, option) VALUES ('23407_6', 3, NULL, 'assets/topic/asb/8520.png', 'As the old rooster walked,  he met the cat. "What has happened?" the cat asked. "My friend,  my boss wants to eat me because I can no longer tell her the time," said the old rooster. "I am going to the big city to sing. Where are you going?" "My friend,  my boss has also decided to kill me because I can no longer catch rats. I am running away," said the cat. "Can I join you?" "Let''s go!" said the old rooster.', NULL);
INSERT INTO `card` (id, type, title, header, content, option) VALUES ('23407_7', 3, NULL, 'assets/topic/asb/8521.png', 'They had walked a short while when they saw a dog running very fast. The old rooster called the dog and asked why he was running so fast. "My friend,  my boss chased me because I can no longer catch thieves," replied the dog while panting. "We have similar problems. We are going to the big city to sing," said the old rooster. "Can I join you?" asked the dog.', NULL);
INSERT INTO `card` (id, type, title, header, content, option) VALUES ('23407_8', 3, NULL, 'assets/topic/asb/8522.png', 'The three animals set off together. As they were walking,  a horse stopped them and asked what was happening. "Our bosses want to kill us because we can no longer do our jobs," they all replied together. "I have the same problem,  where are you going?" asked the horse. "We are going to the big city to sing," they replied. The horse asked to join them and they accepted.', NULL);
INSERT INTO `card` (id, type, title, header, content, option) VALUES ('23407_9', 3, NULL, 'assets/topic/asb/8523.png', 'They all walked until it was dark. They saw a house and when they reached it they heard noises inside. They were afraid and decided to sing a song to chase the people who were in the house. The horse stood on the ground,  the dog climbed onto the horse''s back,  the cat climbed on the dog''s back,  and the rooster climbed on the cat''s back.', NULL);
INSERT INTO `card` (id, type, title, header, content, option) VALUES ('23407_10', 3, NULL, 'assets/topic/asb/8524.png', 'They immediately started singing. "Kookoliookoo," sang the rooster. "Myaaawuu myaaawuu," sang the cat. "Woo woo," sang the dog. "Wuuuu wuuuu," sang the horse. They all sang loudly together. The people inside the house were thieves. The thieves were afraid and ran away.', NULL);
INSERT INTO `card` (id, type, title, header, content, option) VALUES ('23407_11', 3, NULL, 'assets/topic/asb/8525.png', 'The old rooster,  the dog,  the horse and the cat entered the house and found food. When they had finished eating they went to sleep. The rooster slept near the door,  followed by the cat,  the dog,  and lastly the horse.', NULL);
INSERT INTO `card` (id, type, title, header, content, option) VALUES ('23407_12', 3, NULL, 'assets/topic/asb/8526.png', 'It was not too long before the thieves were back. Their boss was the first to go into the house. He had just opened the door when the old rooster pecked him with its beak. Then the cat scratched him with its nails. And then he found the dog,  which bit him.', NULL);
INSERT INTO `card` (id, type, title, header, content, option) VALUES ('23407_13', 3, NULL, 'assets/topic/asb/8527.png', 'The man jumped but continued into the house. He found the horse,  which kicked him to death. The other thieves did not enter the house. They ran away,  never to return.', NULL);
INSERT INTO `card` (id, type, title, header, content, option) VALUES ('23407_14', 3, NULL, 'assets/topic/asb/8528.png', 'The animals lived happily ever after in that house. The old rooster told the time to his friends,  and the dog kept them safe. The cat killed all the rats in the house,  and the horse carried them on its back wherever they wanted to go.', NULL);
INSERT INTO `card` (id, type, title, header, content, option) VALUES ('23407_15', 3, NULL, NULL, 'You are free to download, copy, translate or adapt this story and use the illustrations as long as you attribute in the following way:
Old rooster
Author -
Cissy Kiwanuka Luyiga
Illustration -
Magriet Brink
Language -
English
Level -
Longer paragraphs
© African Storybook Initiative 2014
Creative Commons: Attribution 4.0
Source
www.africanstorybook.org', NULL);
INSERT INTO `card` (id, type, title, header, content, option) VALUES ('2758', 2, 'Where is my bat?', 'assets/topic/asb/1556.png', 'Madhav Chavan
Rijuta Ghate', 'FFB3C8FF');
INSERT INTO `card` (id, type, title, header, content, option) VALUES ('2758_3', 3, NULL, 'assets/topic/asb/1557.png', 'I have lost my bat,  and I cannot find it.', NULL);
INSERT INTO `card` (id, type, title, header, content, option) VALUES ('2758_4', 3, NULL, 'assets/topic/asb/1558.png', 'I looked behind the door. It was not there.', NULL);
INSERT INTO `card` (id, type, title, header, content, option) VALUES ('2758_5', 3, NULL, 'assets/topic/asb/1559.png', 'I looked for it on the shelf. I could not find it there.', NULL);
INSERT INTO `card` (id, type, title, header, content, option) VALUES ('2758_6', 3, NULL, 'assets/topic/asb/1560.png', 'I looked for it under the bed. Not there either.', NULL);
INSERT INTO `card` (id, type, title, header, content, option) VALUES ('2758_7', 3, NULL, 'assets/topic/asb/1561.png', 'I searched inside the box. There was no sign of it.', NULL);
INSERT INTO `card` (id, type, title, header, content, option) VALUES ('2758_8', 3, NULL, 'assets/topic/asb/1562.png', 'I searched the attic. It was not there.', NULL);
INSERT INTO `card` (id, type, title, header, content, option) VALUES ('2758_9', 3, NULL, 'assets/topic/asb/1563.png', 'I looked here,  there and everywhere. I could not find it anywhere.', NULL);
INSERT INTO `card` (id, type, title, header, content, option) VALUES ('2758_10', 3, NULL, 'assets/topic/asb/1564.png', NULL, NULL);
INSERT INTO `card` (id, type, title, header, content, option) VALUES ('2758_11', 3, NULL, NULL, 'You are free to download, copy, translate or adapt this story and use the illustrations as long as you attribute in the following way:
Where is my bat?
Author -
Madhav Chavan
Illustration -
Rijuta Ghate
Language -
English
Level -
First sentences
© Pratham Books 2014
Creative Commons: Attribution 4.0
Source
www.africanstorybook.org
Original source
www.prathambooks.org', NULL);
INSERT INTO `card` (id, type, title, header, content, option) VALUES ('1970', 2, 'Where is my cat?', 'assets/topic/asb/1565.png', 'Clare Verbeek
Bronwen Heath', 'FFB3C8FF');
INSERT INTO `card` (id, type, title, header, content, option) VALUES ('1970_3', 3, NULL, 'assets/topic/asb/1565.png', 'Where is my cat?', NULL);
INSERT INTO `card` (id, type, title, header, content, option) VALUES ('1970_4', 3, NULL, 'assets/topic/asb/1822.png', 'Is it under the bed?', NULL);
INSERT INTO `card` (id, type, title, header, content, option) VALUES ('1970_5', 3, NULL, 'assets/topic/asb/1566.png', 'Is it on top of the cupboard?', NULL);
INSERT INTO `card` (id, type, title, header, content, option) VALUES ('1970_6', 3, NULL, 'assets/topic/asb/1567.png', 'Is it behind the couch?', NULL);
INSERT INTO `card` (id, type, title, header, content, option) VALUES ('1970_7', 3, NULL, 'assets/topic/asb/1568.png', 'Is it next to the bin?', NULL);
INSERT INTO `card` (id, type, title, header, content, option) VALUES ('1970_8', 3, NULL, 'assets/topic/asb/1569.png', 'Is it inside the basket?', NULL);
INSERT INTO `card` (id, type, title, header, content, option) VALUES ('1970_9', 3, NULL, 'assets/topic/asb/1570.png', 'Is it outside the house?', NULL);
INSERT INTO `card` (id, type, title, header, content, option) VALUES ('1970_10', 3, NULL, 'assets/topic/asb/1823.png', 'Here it is!', NULL);
INSERT INTO `card` (id, type, title, header, content, option) VALUES ('1970_11', 3, NULL, NULL, 'You are free to download, copy, translate or adapt this story and use the illustrations as long as you attribute in the following way:
Where is my cat?
Author -
Clare Verbeek, Thembani Dladla and Zanele Buthelezi
Illustration -
Bronwen Heath
Language -
English
Level -
First words
© School of Education and Development (Centre for Adult Education), University of Kwazulu-Natal 2007
Creative Commons: Attribution-Non Commercial 3.0
Source
www.africanstorybook.org
Original source
http://cae.ukzn.ac.za/resources/seedbooks.aspx', NULL);
INSERT INTO `card` (id, type, title, header, content, option) VALUES ('9479', 2, 'Look at the animals', 'assets/topic/asb/1747.png', 'Jenny Katz
 Sandy Campbell', 'FF9DEDE3');
INSERT INTO `card` (id, type, title, header, content, option) VALUES ('9479_3', 3, NULL, 'assets/topic/asb/1749.png', 'Look at the animals.', NULL);
INSERT INTO `card` (id, type, title, header, content, option) VALUES ('9479_4', 3, NULL, 'assets/topic/asb/1750.png', 'The cow says, "Moo."', NULL);
INSERT INTO `card` (id, type, title, header, content, option) VALUES ('9479_5', 3, NULL, 'assets/topic/asb/1751.png', 'The goat says, "Meh,  meh."', NULL);
INSERT INTO `card` (id, type, title, header, content, option) VALUES ('9479_6', 3, NULL, 'assets/topic/asb/1752.png', 'The horse says, "Neigh."', NULL);
INSERT INTO `card` (id, type, title, header, content, option) VALUES ('9479_7', 3, NULL, 'assets/topic/asb/1753.png', 'The pig says, "Grunt."', NULL);
INSERT INTO `card` (id, type, title, header, content, option) VALUES ('9479_8', 3, NULL, 'assets/topic/asb/1754.png', 'The chicken says, "Cluck."', NULL);
INSERT INTO `card` (id, type, title, header, content, option) VALUES ('9479_9', 3, NULL, 'assets/topic/asb/1755.png', 'The dog says, "Woof."', NULL);
INSERT INTO `card` (id, type, title, header, content, option) VALUES ('9479_10', 3, NULL, 'assets/topic/asb/1757.png', 'The farmer says, "Shhh!"', NULL);
INSERT INTO `card` (id, type, title, header, content, option) VALUES ('9479_11', 3, NULL, NULL, 'You are free to download, copy, translate or adapt this story and use the illustrations as long as you attribute in the following way:
Look at the animals
Author -
Jenny Katz
Illustration -
Sandy Campbell
Language -
English
Level -
First words
© African Reading Matters 2003
Creative Commons: Attribution-Non Commercial 3.0
Source
www.africanstorybook.org
Original source
www.read.org.za', NULL);
INSERT INTO `card` (id, type, title, header, content, option) VALUES ('2505', 2, 'Children of wax', 'assets/topic/asb/1295.png', 'Southern African Folktale
 Wiehan de Jager', 'FF9DEDE3');
INSERT INTO `card` (id, type, title, header, content, option) VALUES ('2505_3', 3, NULL, 'assets/topic/asb/1296.png', 'Once upon a time, there lived a happy family.', NULL);
INSERT INTO `card` (id, type, title, header, content, option) VALUES ('2505_4', 3, NULL, 'assets/topic/asb/1297.png', 'The children never fought with each other. They helped their parents at home and in the fields.', NULL);
INSERT INTO `card` (id, type, title, header, content, option) VALUES ('2505_5', 3, NULL, 'assets/topic/asb/1298.png', 'But they were not allowed to go near a fire.', NULL);
INSERT INTO `card` (id, type, title, header, content, option) VALUES ('2505_6', 3, NULL, 'assets/topic/asb/1299.png', 'They had to do all their work during the night.', NULL);
INSERT INTO `card` (id, type, title, header, content, option) VALUES ('2505_7', 3, NULL, NULL, 'Because they were made of wax!', NULL);
INSERT INTO `card` (id, type, title, header, content, option) VALUES ('2505_8', 3, NULL, 'assets/topic/asb/1300.png', 'But one of the boys longed to go out in the sunlight.', NULL);
INSERT INTO `card` (id, type, title, header, content, option) VALUES ('2505_9', 3, NULL, 'assets/topic/asb/1301.png', 'One day the longing was too strong. His brother and sister warned him.', NULL);
INSERT INTO `card` (id, type, title, header, content, option) VALUES ('2505_10', 3, NULL, 'assets/topic/asb/1302.png', 'But it was too late! He melted in the hot sun.', NULL);
INSERT INTO `card` (id, type, title, header, content, option) VALUES ('2505_11', 3, NULL, 'assets/topic/asb/1303.png', 'The wax children cried to see their brother melting away.', NULL);
INSERT INTO `card` (id, type, title, header, content, option) VALUES ('2505_12', 3, NULL, 'assets/topic/asb/1304.png', 'But they made a plan. They shaped the lump of melted wax into a bird.', NULL);
INSERT INTO `card` (id, type, title, header, content, option) VALUES ('2505_13', 3, NULL, 'assets/topic/asb/1305.png', 'They took their bird brother up to a high mountain.', NULL);
INSERT INTO `card` (id, type, title, header, content, option) VALUES ('2505_14', 3, NULL, 'assets/topic/asb/1306.png', 'And as the sun rose, he flew away, singing in the morning light.', NULL);
INSERT INTO `card` (id, type, title, header, content, option) VALUES ('2505_15', 3, NULL, NULL, 'You are free to download, copy, translate or adapt this story and use the illustrations as long as you attribute in the following way:
Children of wax
Author -
Southern African Folktale
Illustration -
Wiehan de Jager
Language -
English
Level -
First sentences
© African Storybook Initiative 2014
Creative Commons: Attribution 4.0
Source
www.africanstorybook.org', NULL);
INSERT INTO `card` (id, type, title, header, content, option) VALUES ('24746', 2, 'People who forgot', 'assets/topic/asb/27234.png', 'Edwin  Irabor
Edwin  Irabor', 'FF9DEDE3');
INSERT INTO `card` (id, type, title, header, content, option) VALUES ('24746_3', 3, NULL, 'assets/topic/asb/27230.png', 'Once upon a time, there was a village called Izagodo. All the people in this village were very young.
There was not a single old man or old woman in the village.', NULL);
INSERT INTO `card` (id, type, title, header, content, option) VALUES ('24746_4', 3, NULL, 'assets/topic/asb/27231.png', 'The young men and women of Izagodo danced and had fun. They ate what they liked and drank anything that made them drunk. They had fun all day and all night.
Very soon, they forgot how to work.', NULL);
INSERT INTO `card` (id, type, title, header, content, option) VALUES ('24746_5', 3, NULL, 'assets/topic/asb/27232.png', 'They also forgot anything that happened the day before.
The young men and women of Izagodo woke up one day and all the food was finished. There was not a drop of wine left. The musical instruments were all broken.', NULL);
INSERT INTO `card` (id, type, title, header, content, option) VALUES ('24746_6', 3, NULL, 'assets/topic/asb/27233.png', 'There was no music for dancing. But they couldn''t even dance anymore because they were hungry and weak.
They went to the compound of Oza, the village chief, and cried bitterly.', NULL);
INSERT INTO `card` (id, type, title, header, content, option) VALUES ('24746_7', 3, NULL, 'assets/topic/asb/27234.png', 'They cried and wailed.
The young chief came out of his large hut and pleaded, "Stop! Dear people of Izagodo. Please stop crying. We might die soon, let us save our strength for a few more breaths."', NULL);
INSERT INTO `card` (id, type, title, header, content, option) VALUES ('24746_8', 3, NULL, 'assets/topic/asb/27235.png', 'The people shouted, "You are our chief! You must save us!"
Chief Oza was quiet. Then after a while, he stood up and said, "I am no longer your chief. I shall leave this village and find somewhere peaceful. You can choose another chief."', NULL);
INSERT INTO `card` (id, type, title, header, content, option) VALUES ('24746_9', 3, NULL, 'assets/topic/asb/27236.png', 'So Oza went into his hut, packed his things, and left.
The people did not know who would be their leader. They did not know what to do. They cried so much more.', NULL);
INSERT INTO `card` (id, type, title, header, content, option) VALUES ('24746_10', 3, NULL, 'assets/topic/asb/27237.png', 'Then a small but clear voice said, "I will be your chief!"
Everybody turned to look for the owner of the voice. They all looked to each other. They looked and looked. But they could not tell who had spoken.', NULL);
INSERT INTO `card` (id, type, title, header, content, option) VALUES ('24746_11', 3, NULL, 'assets/topic/asb/27238.png', 'To the surprise of everyone, a little boy stepped out of the crowd.
The boy said, "Yes! I will be chief. I can help you. But you must promise to stop having fun all day and all night. And you must follow my advice."', NULL);
INSERT INTO `card` (id, type, title, header, content, option) VALUES ('24746_12', 3, NULL, 'assets/topic/asb/27239.png', 'The young people were moved by the child''s courage and promised to obey him.
He took them away from the village, to a lush farm. They had food and rested. Then he taught them. He helped them to remember how to farm.', NULL);
INSERT INTO `card` (id, type, title, header, content, option) VALUES ('24746_13', 3, NULL, 'assets/topic/asb/27240.png', 'With the little boy as their chief, the people of Izagodo began a life of hard work. They worked and worked.
Before long, they had more than enough to eat and drink. They were happy again and had fun. But also they continued to work.', NULL);
INSERT INTO `card` (id, type, title, header, content, option) VALUES ('24746_14', 3, NULL, 'assets/topic/asb/27241.png', 'Many nights the little chief would quietly leave the village, to meet with a wise old man.
He told him moonlight tales, and stories of great men and women who solved the problems of their people.
In time, the boy himself became a wise and powerful man.', NULL);
INSERT INTO `card` (id, type, title, header, content, option) VALUES ('24746_15', 3, NULL, NULL, 'You are free to download, copy, translate or adapt this story and use the illustrations as long as you attribute in the following way:
People who forgot
Author -
Edwin  Irabor
Illustration -
Edwin  Irabor
Language -
English
Level -
Longer paragraphs
© African Storybook Initiative 2018
Creative Commons: Attribution 4.0
Source
www.africanstorybook.org', NULL);
INSERT INTO `card` (id, type, title, header, content, option) VALUES ('14814', 2, 'Baby who cried', 'assets/topic/asb/10483.png', 'Ursula Nafula
Wiehan de Jager', 'FFCFB5DD');
INSERT INTO `card` (id, type, title, header, content, option) VALUES ('14814_3', 3, NULL, 'assets/topic/asb/10477.png', NULL, NULL);
INSERT INTO `card` (id, type, title, header, content, option) VALUES ('14814_4', 3, NULL, 'assets/topic/asb/10478.png', NULL, NULL);
INSERT INTO `card` (id, type, title, header, content, option) VALUES ('14814_5', 3, NULL, 'assets/topic/asb/10479.png', NULL, NULL);
INSERT INTO `card` (id, type, title, header, content, option) VALUES ('14814_6', 3, NULL, 'assets/topic/asb/10480.png', NULL, NULL);
INSERT INTO `card` (id, type, title, header, content, option) VALUES ('14814_7', 3, NULL, 'assets/topic/asb/10481.png', NULL, NULL);
INSERT INTO `card` (id, type, title, header, content, option) VALUES ('14814_8', 3, NULL, 'assets/topic/asb/10482.png', NULL, NULL);
INSERT INTO `card` (id, type, title, header, content, option) VALUES ('14814_9', 3, NULL, 'assets/topic/asb/10483.png', NULL, NULL);
INSERT INTO `card` (id, type, title, header, content, option) VALUES ('14814_10', 3, NULL, 'assets/topic/asb/10484.png', NULL, NULL);
INSERT INTO `card` (id, type, title, header, content, option) VALUES ('14814_11', 3, NULL, NULL, 'You are free to download, copy, translate or adapt this story and use the illustrations as long as you attribute in the following way:
Baby who cried
Author -
Ursula Nafula
Illustration -
Wiehan de Jager
Language -
English
Level -
First paragraphs
© African Storybook Initiative 2015
Creative Commons: Attribution 4.0
Source
www.africanstorybook.org', NULL);
INSERT INTO `card` (id, type, title, header, content, option) VALUES ('22111', 2, 'Sisanda''s gift', 'assets/topic/asb/17355.png', 'Gcina Mhlophe
Jiggs Snaddon-Wood', 'FFB3C8FF');
INSERT INTO `card` (id, type, title, header, content, option) VALUES ('22111_3', 3, NULL, 'assets/topic/asb/17354.png', 'Every day when eight-year-old Sisanda gets home from school,  she changes out of her uniform,  eats her lunch and plays a game of umlabalaba with her grandfather. They have so much fun flying their "cows" around the board that she doesn''t want to stop. But then he reminds her that she wants to become a bank manager one day when she grows up.', NULL);
INSERT INTO `card` (id, type, title, header, content, option) VALUES ('22111_4', 3, NULL, NULL, '"How will you do that if you don''t go to high school?" jokes her grandfather. Sisanda just laughs. "I will go to high school and university too. That''s why I work so hard at school!"', NULL);
INSERT INTO `card` (id, type, title, header, content, option) VALUES ('22111_5', 3, NULL, NULL, 'Sisanda is quite tall for her age − she takes after her father. Her round face and beautiful smile are her mother''s. Both her parents get up early each morning to go to work at the game reserve close by. By the time Sisanda and her friends start school,  coachloads of tourists are already arriving to spot Africa''s finest animals.', NULL);
INSERT INTO `card` (id, type, title, header, content, option) VALUES ('22111_6', 3, NULL, 'assets/topic/asb/17355.png', 'For her last birthday,  Sisanda had a special treat – her parents got permission for her to have a party at the game reserve. The giraffes at the reserve were curious about this group of people. They stretched out their long necks for the best view of the party and they even seemed to want some of the birthday cake! Sisanda loved the giraffes. All animals were special to her,  but it was the quiet and gentle giraffes that stole her heart. She could spend all day watching them.', NULL);
INSERT INTO `card` (id, type, title, header, content, option) VALUES ('22111_7', 3, NULL, NULL, 'One Friday,  Sisanda''s father came home from work early. He looked very upset. "What''s wrong,  Baba?" Sisanda asked. "Today a swarm of bees stung a mother giraffe," explained Sisanda''s father. "Her head was so swollen from all the stings that her beautiful eyes were closed. We tried everything to help her,  but it was no use – she died. And the saddest part of all is that she had a young calf that still needs her."', NULL);
INSERT INTO `card` (id, type, title, header, content, option) VALUES ('22111_8', 3, NULL, 'assets/topic/asb/17356.png', '"Oh no!" said Sisanda starting to cry. "I wish there was something I could do. The baby giraffe must be crying just like me." Sisanda cried and cried. Her mother tried to comfort her. She even read Sisanda an extra story at bedtime to help her forget how sorry she felt for that baby giraffe. Eventually,  Sisanda drifted off to sleep to the sound of her mama''s voice.', NULL);
INSERT INTO `card` (id, type, title, header, content, option) VALUES ('22111_9', 3, NULL, NULL, 'The next morning Sisanda woke up with an idea! "Can I go to work with you today?" she asked her baba. "I have a gift for the baby giraffe." Her parents looked at each other,  smiled and said,  "Yes,  of course you can come with us."', NULL);
INSERT INTO `card` (id, type, title, header, content, option) VALUES ('22111_10', 3, NULL, NULL, 'It was a warm but cloudy day. Everything in the reserve seemed unusually quiet. "I think the sun isn''t shining today because it''s sad about the baby giraffe," said Sisanda. A great big elephant gazed at the family walking by. "Maybe he''s wondering why a little girl is going to work with her parents," said Sisanda''s mother. Sisanda nodded. "He''s going to get a surprise when he finds out," she thought.', NULL);
INSERT INTO `card` (id, type, title, header, content, option) VALUES ('22111_11', 3, NULL, 'assets/topic/asb/17357.png', 'They found the baby giraffe standing alone. His willowy neck drooped and his big brown eyes looked dull. Sisanda stood as close to him as she could. She opened her small bag and took out a book. Then,  to her parents'' surprise,  she began to read to the baby giraffe. He turned his head towards her voice and listened as if he could understand every word. At first,  Sisanda''s parents thought reading to a giraffe was a strange thing to do,  but they changed their minds when they saw how peaceful he looked − his gentle eyes looking at Sisanda.', NULL);
INSERT INTO `card` (id, type, title, header, content, option) VALUES ('22111_12', 3, NULL, NULL, '"My story made him feel better," Sisanda told her grandfather when she got home. Sisanda went to visit the little giraffe most afternoons and over weekends. And every time she went,  she took another story to share. The two new friends looked so good together that even passing tourists took photos of them.', NULL);
INSERT INTO `card` (id, type, title, header, content, option) VALUES ('22111_13', 3, NULL, NULL, 'Slowly the little giraffe grew stronger. People at the game reserve were taking really good care of him and all the love from his new friend,  Sisanda,  worked like magic. One day the reserve manager asked Sisanda to give her new friend a name. "I think Thokozani is a good name," said Sisanda.', NULL);
INSERT INTO `card` (id, type, title, header, content, option) VALUES ('22111_14', 3, NULL, NULL, 'The next day the reserve manager phoned Sisanda''s teacher. He invited all Sisanda''s classmates to come and meet Thokozani. The handsome giraffe had grown taller and stronger in the three months since Sisanda''s first visit.', NULL);
INSERT INTO `card` (id, type, title, header, content, option) VALUES ('22111_15', 3, NULL, 'assets/topic/asb/17358.png', 'On the day of the outing,  forty Grade 3 children waited eagerly for the reserve gates to open. Then Sisanda proudly led everyone to Thokozani. Some of the children looked at the tall giraffe in amazement. Others giggled nervously. Their teacher,  Miss Khanyile,  just smiled.', NULL);
INSERT INTO `card` (id, type, title, header, content, option) VALUES ('22111_16', 3, NULL, NULL, '"Your friend is beautiful,  Sisanda. You have been so kind to him," she said gently. "What is his name?" asked one of the boys. "Thokozani," answered Sisanda. "Thokozani means ''rejoice''," explained Miss Khanyile.', NULL);
INSERT INTO `card` (id, type, title, header, content, option) VALUES ('22111_17', 3, NULL, NULL, 'The children sat down and listened while Sisanda read the story she had read to Thokozani on the day they had first met. The reserve manager took photos. Some tourists passing by took photos too. Even a photographer from a local newspaper clicked away. He promised that a photo of them would be in the local newspaper very soon. Everyone cheered.', NULL);
INSERT INTO `card` (id, type, title, header, content, option) VALUES ('22111_18', 3, NULL, NULL, 'What a gift! Reading to heal a friend.', NULL);
INSERT INTO `card` (id, type, title, header, content, option) VALUES ('22111_19', 3, NULL, NULL, 'You are free to download, copy, translate or adapt this story and use the illustrations as long as you attribute in the following way:
Sisanda''s gift
Author -
Gcina Mhlophe
Illustration -
Jiggs Snaddon-Wood
Language -
English
Level -
Read aloud
© Text: Gcina Mhlophe; Illustrations: Jiggs Snaddon-Wood 2015
Creative Commons: Attribution 4.0
Source
www.africanstorybook.org', NULL);
INSERT INTO `card` (id, type, title, header, content, option) VALUES ('story', 2, 'story', NULL, NULL, NULL);
INSERT INTO `collection` (id, serial, cardId) VALUES ('24752', 1, '24752_3');
INSERT INTO `collection` (id, serial, cardId) VALUES ('24752', 2, '24752_4');
INSERT INTO `collection` (id, serial, cardId) VALUES ('24752', 3, '24752_5');
INSERT INTO `collection` (id, serial, cardId) VALUES ('24752', 4, '24752_6');
INSERT INTO `collection` (id, serial, cardId) VALUES ('24752', 5, '24752_7');
INSERT INTO `collection` (id, serial, cardId) VALUES ('24752', 6, '24752_8');
INSERT INTO `collection` (id, serial, cardId) VALUES ('24752', 7, '24752_9');
INSERT INTO `collection` (id, serial, cardId) VALUES ('24752', 8, '24752_10');
INSERT INTO `collection` (id, serial, cardId) VALUES ('24752', 9, '24752_11');
INSERT INTO `collection` (id, serial, cardId) VALUES ('24752', 10, '24752_12');
INSERT INTO `collection` (id, serial, cardId) VALUES ('24752', 11, '24752_13');
INSERT INTO `collection` (id, serial, cardId) VALUES ('24752', 12, '24752_14');
INSERT INTO `collection` (id, serial, cardId) VALUES ('24752', 13, '24752_15');
INSERT INTO `collection` (id, serial, cardId) VALUES ('24752', 14, '24752_20');
INSERT INTO `collection` (id, serial, cardId) VALUES ('24752', 15, '24752_25');
INSERT INTO `collection` (id, serial, cardId) VALUES ('24752', 16, '24752_30');
INSERT INTO `collection` (id, serial, cardId) VALUES ('8074', 1, '8074_3');
INSERT INTO `collection` (id, serial, cardId) VALUES ('8074', 2, '8074_4');
INSERT INTO `collection` (id, serial, cardId) VALUES ('8074', 3, '8074_5');
INSERT INTO `collection` (id, serial, cardId) VALUES ('8074', 4, '8074_6');
INSERT INTO `collection` (id, serial, cardId) VALUES ('8074', 5, '8074_7');
INSERT INTO `collection` (id, serial, cardId) VALUES ('8074', 6, '8074_8');
INSERT INTO `collection` (id, serial, cardId) VALUES ('8074', 7, '8074_9');
INSERT INTO `collection` (id, serial, cardId) VALUES ('8074', 8, '8074_10');
INSERT INTO `collection` (id, serial, cardId) VALUES ('8074', 9, '8074_11');
INSERT INTO `collection` (id, serial, cardId) VALUES ('8074', 10, '8074_12');
INSERT INTO `collection` (id, serial, cardId) VALUES ('8074', 11, '8074_13');
INSERT INTO `collection` (id, serial, cardId) VALUES ('8074', 12, '8074_14');
INSERT INTO `collection` (id, serial, cardId) VALUES ('8074', 13, '8074_15');
INSERT INTO `collection` (id, serial, cardId) VALUES ('8074', 14, '8074_16');
INSERT INTO `collection` (id, serial, cardId) VALUES ('8074', 15, '8074_17');
INSERT INTO `collection` (id, serial, cardId) VALUES ('8074', 16, '8074_22');
INSERT INTO `collection` (id, serial, cardId) VALUES ('8074', 17, '8074_27');
INSERT INTO `collection` (id, serial, cardId) VALUES ('8074', 18, '8074_32');
INSERT INTO `collection` (id, serial, cardId) VALUES ('15403', 1, '15403_3');
INSERT INTO `collection` (id, serial, cardId) VALUES ('15403', 2, '15403_4');
INSERT INTO `collection` (id, serial, cardId) VALUES ('15403', 3, '15403_5');
INSERT INTO `collection` (id, serial, cardId) VALUES ('15403', 4, '15403_6');
INSERT INTO `collection` (id, serial, cardId) VALUES ('15403', 5, '15403_7');
INSERT INTO `collection` (id, serial, cardId) VALUES ('15403', 6, '15403_8');
INSERT INTO `collection` (id, serial, cardId) VALUES ('15403', 7, '15403_9');
INSERT INTO `collection` (id, serial, cardId) VALUES ('15403', 8, '15403_10');
INSERT INTO `collection` (id, serial, cardId) VALUES ('15403', 9, '15403_11');
INSERT INTO `collection` (id, serial, cardId) VALUES ('15403', 10, '15403_12');
INSERT INTO `collection` (id, serial, cardId) VALUES ('15403', 11, '15403_13');
INSERT INTO `collection` (id, serial, cardId) VALUES ('15403', 12, '15403_14');
INSERT INTO `collection` (id, serial, cardId) VALUES ('15403', 13, '15403_15');
INSERT INTO `collection` (id, serial, cardId) VALUES ('15403', 14, '15403_16');
INSERT INTO `collection` (id, serial, cardId) VALUES ('15403', 15, '15403_17');
INSERT INTO `collection` (id, serial, cardId) VALUES ('15403', 16, '15403_22');
INSERT INTO `collection` (id, serial, cardId) VALUES ('15403', 17, '15403_27');
INSERT INTO `collection` (id, serial, cardId) VALUES ('15403', 18, '15403_32');
INSERT INTO `collection` (id, serial, cardId) VALUES ('18218', 1, '18218_3');
INSERT INTO `collection` (id, serial, cardId) VALUES ('18218', 2, '18218_4');
INSERT INTO `collection` (id, serial, cardId) VALUES ('18218', 3, '18218_5');
INSERT INTO `collection` (id, serial, cardId) VALUES ('18218', 4, '18218_6');
INSERT INTO `collection` (id, serial, cardId) VALUES ('18218', 5, '18218_7');
INSERT INTO `collection` (id, serial, cardId) VALUES ('18218', 6, '18218_8');
INSERT INTO `collection` (id, serial, cardId) VALUES ('18218', 7, '18218_9');
INSERT INTO `collection` (id, serial, cardId) VALUES ('18218', 8, '18218_10');
INSERT INTO `collection` (id, serial, cardId) VALUES ('18218', 9, '18218_11');
INSERT INTO `collection` (id, serial, cardId) VALUES ('18218', 10, '18218_12');
INSERT INTO `collection` (id, serial, cardId) VALUES ('18218', 11, '18218_13');
INSERT INTO `collection` (id, serial, cardId) VALUES ('18218', 12, '18218_14');
INSERT INTO `collection` (id, serial, cardId) VALUES ('18218', 13, '18218_15');
INSERT INTO `collection` (id, serial, cardId) VALUES ('18218', 14, '18218_16');
INSERT INTO `collection` (id, serial, cardId) VALUES ('18218', 15, '18218_17');
INSERT INTO `collection` (id, serial, cardId) VALUES ('18218', 16, '18218_18');
INSERT INTO `collection` (id, serial, cardId) VALUES ('18218', 17, '18218_21');
INSERT INTO `collection` (id, serial, cardId) VALUES ('18218', 18, '18218_28');
INSERT INTO `collection` (id, serial, cardId) VALUES ('18218', 19, '18218_33');
INSERT INTO `collection` (id, serial, cardId) VALUES ('12925', 1, '12925_3');
INSERT INTO `collection` (id, serial, cardId) VALUES ('12925', 2, '12925_4');
INSERT INTO `collection` (id, serial, cardId) VALUES ('12925', 3, '12925_5');
INSERT INTO `collection` (id, serial, cardId) VALUES ('12925', 4, '12925_6');
INSERT INTO `collection` (id, serial, cardId) VALUES ('12925', 5, '12925_7');
INSERT INTO `collection` (id, serial, cardId) VALUES ('12925', 6, '12925_8');
INSERT INTO `collection` (id, serial, cardId) VALUES ('12925', 7, '12925_9');
INSERT INTO `collection` (id, serial, cardId) VALUES ('12925', 8, '12925_10');
INSERT INTO `collection` (id, serial, cardId) VALUES ('12925', 9, '12925_11');
INSERT INTO `collection` (id, serial, cardId) VALUES ('12925', 10, '12925_12');
INSERT INTO `collection` (id, serial, cardId) VALUES ('12925', 11, '12925_13');
INSERT INTO `collection` (id, serial, cardId) VALUES ('12925', 12, '12925_14');
INSERT INTO `collection` (id, serial, cardId) VALUES ('12925', 13, '12925_15');
INSERT INTO `collection` (id, serial, cardId) VALUES ('12925', 14, '12925_16');
INSERT INTO `collection` (id, serial, cardId) VALUES ('12925', 15, '12925_17');
INSERT INTO `collection` (id, serial, cardId) VALUES ('12925', 16, '12925_18');
INSERT INTO `collection` (id, serial, cardId) VALUES ('12925', 17, '12925_19');
INSERT INTO `collection` (id, serial, cardId) VALUES ('12925', 18, '12925_20');
INSERT INTO `collection` (id, serial, cardId) VALUES ('12925', 19, '12925_21');
INSERT INTO `collection` (id, serial, cardId) VALUES ('12925', 20, '12925_26');
INSERT INTO `collection` (id, serial, cardId) VALUES ('12925', 21, '12925_29');
INSERT INTO `collection` (id, serial, cardId) VALUES ('12925', 22, '12925_34');
INSERT INTO `collection` (id, serial, cardId) VALUES ('10555', 1, '10555_3');
INSERT INTO `collection` (id, serial, cardId) VALUES ('10555', 2, '10555_4');
INSERT INTO `collection` (id, serial, cardId) VALUES ('10555', 3, '10555_5');
INSERT INTO `collection` (id, serial, cardId) VALUES ('10555', 4, '10555_6');
INSERT INTO `collection` (id, serial, cardId) VALUES ('10555', 5, '10555_7');
INSERT INTO `collection` (id, serial, cardId) VALUES ('10555', 6, '10555_8');
INSERT INTO `collection` (id, serial, cardId) VALUES ('10555', 7, '10555_9');
INSERT INTO `collection` (id, serial, cardId) VALUES ('10555', 8, '10555_10');
INSERT INTO `collection` (id, serial, cardId) VALUES ('10555', 9, '10555_11');
INSERT INTO `collection` (id, serial, cardId) VALUES ('10555', 10, '10555_12');
INSERT INTO `collection` (id, serial, cardId) VALUES ('10555', 11, '10555_13');
INSERT INTO `collection` (id, serial, cardId) VALUES ('10555', 12, '10555_18');
INSERT INTO `collection` (id, serial, cardId) VALUES ('10555', 13, '10555_21');
INSERT INTO `collection` (id, serial, cardId) VALUES ('10555', 14, '10555_26');
INSERT INTO `collection` (id, serial, cardId) VALUES ('19094', 1, '19094_3');
INSERT INTO `collection` (id, serial, cardId) VALUES ('19094', 2, '19094_4');
INSERT INTO `collection` (id, serial, cardId) VALUES ('19094', 3, '19094_5');
INSERT INTO `collection` (id, serial, cardId) VALUES ('19094', 4, '19094_6');
INSERT INTO `collection` (id, serial, cardId) VALUES ('19094', 5, '19094_7');
INSERT INTO `collection` (id, serial, cardId) VALUES ('19094', 6, '19094_8');
INSERT INTO `collection` (id, serial, cardId) VALUES ('19094', 7, '19094_9');
INSERT INTO `collection` (id, serial, cardId) VALUES ('19094', 8, '19094_10');
INSERT INTO `collection` (id, serial, cardId) VALUES ('19094', 9, '19094_11');
INSERT INTO `collection` (id, serial, cardId) VALUES ('19094', 10, '19094_12');
INSERT INTO `collection` (id, serial, cardId) VALUES ('19094', 11, '19094_13');
INSERT INTO `collection` (id, serial, cardId) VALUES ('19094', 12, '19094_14');
INSERT INTO `collection` (id, serial, cardId) VALUES ('19094', 13, '19094_15');
INSERT INTO `collection` (id, serial, cardId) VALUES ('19094', 14, '19094_16');
INSERT INTO `collection` (id, serial, cardId) VALUES ('19094', 15, '19094_17');
INSERT INTO `collection` (id, serial, cardId) VALUES ('19094', 16, '19094_22');
INSERT INTO `collection` (id, serial, cardId) VALUES ('19094', 17, '19094_31');
INSERT INTO `collection` (id, serial, cardId) VALUES ('19094', 18, '19094_36');
INSERT INTO `collection` (id, serial, cardId) VALUES ('15862', 1, '15862_3');
INSERT INTO `collection` (id, serial, cardId) VALUES ('15862', 2, '15862_4');
INSERT INTO `collection` (id, serial, cardId) VALUES ('15862', 3, '15862_5');
INSERT INTO `collection` (id, serial, cardId) VALUES ('15862', 4, '15862_6');
INSERT INTO `collection` (id, serial, cardId) VALUES ('15862', 5, '15862_7');
INSERT INTO `collection` (id, serial, cardId) VALUES ('15862', 6, '15862_8');
INSERT INTO `collection` (id, serial, cardId) VALUES ('15862', 7, '15862_9');
INSERT INTO `collection` (id, serial, cardId) VALUES ('15862', 8, '15862_10');
INSERT INTO `collection` (id, serial, cardId) VALUES ('15862', 9, '15862_11');
INSERT INTO `collection` (id, serial, cardId) VALUES ('15862', 10, '15862_12');
INSERT INTO `collection` (id, serial, cardId) VALUES ('15862', 11, '15862_13');
INSERT INTO `collection` (id, serial, cardId) VALUES ('15862', 12, '15862_14');
INSERT INTO `collection` (id, serial, cardId) VALUES ('15862', 13, '15862_15');
INSERT INTO `collection` (id, serial, cardId) VALUES ('15862', 14, '15862_16');
INSERT INTO `collection` (id, serial, cardId) VALUES ('15862', 15, '15862_17');
INSERT INTO `collection` (id, serial, cardId) VALUES ('15862', 16, '15862_22');
INSERT INTO `collection` (id, serial, cardId) VALUES ('15862', 17, '15862_25');
INSERT INTO `collection` (id, serial, cardId) VALUES ('15862', 18, '15862_30');
INSERT INTO `collection` (id, serial, cardId) VALUES ('22560', 1, '22560_3');
INSERT INTO `collection` (id, serial, cardId) VALUES ('22560', 2, '22560_4');
INSERT INTO `collection` (id, serial, cardId) VALUES ('22560', 3, '22560_5');
INSERT INTO `collection` (id, serial, cardId) VALUES ('22560', 4, '22560_6');
INSERT INTO `collection` (id, serial, cardId) VALUES ('22560', 5, '22560_7');
INSERT INTO `collection` (id, serial, cardId) VALUES ('22560', 6, '22560_8');
INSERT INTO `collection` (id, serial, cardId) VALUES ('22560', 7, '22560_9');
INSERT INTO `collection` (id, serial, cardId) VALUES ('22560', 8, '22560_10');
INSERT INTO `collection` (id, serial, cardId) VALUES ('22560', 9, '22560_11');
INSERT INTO `collection` (id, serial, cardId) VALUES ('22560', 10, '22560_12');
INSERT INTO `collection` (id, serial, cardId) VALUES ('22560', 11, '22560_13');
INSERT INTO `collection` (id, serial, cardId) VALUES ('22560', 12, '22560_14');
INSERT INTO `collection` (id, serial, cardId) VALUES ('22560', 13, '22560_15');
INSERT INTO `collection` (id, serial, cardId) VALUES ('22560', 14, '22560_16');
INSERT INTO `collection` (id, serial, cardId) VALUES ('22560', 15, '22560_17');
INSERT INTO `collection` (id, serial, cardId) VALUES ('22560', 16, '22560_22');
INSERT INTO `collection` (id, serial, cardId) VALUES ('22560', 17, '22560_27');
INSERT INTO `collection` (id, serial, cardId) VALUES ('23908', 1, '23908_3');
INSERT INTO `collection` (id, serial, cardId) VALUES ('23908', 2, '23908_4');
INSERT INTO `collection` (id, serial, cardId) VALUES ('23908', 3, '23908_5');
INSERT INTO `collection` (id, serial, cardId) VALUES ('23908', 4, '23908_6');
INSERT INTO `collection` (id, serial, cardId) VALUES ('23908', 5, '23908_7');
INSERT INTO `collection` (id, serial, cardId) VALUES ('23908', 6, '23908_8');
INSERT INTO `collection` (id, serial, cardId) VALUES ('23908', 7, '23908_9');
INSERT INTO `collection` (id, serial, cardId) VALUES ('23908', 8, '23908_10');
INSERT INTO `collection` (id, serial, cardId) VALUES ('23908', 9, '23908_11');
INSERT INTO `collection` (id, serial, cardId) VALUES ('23908', 10, '23908_12');
INSERT INTO `collection` (id, serial, cardId) VALUES ('23908', 11, '23908_13');
INSERT INTO `collection` (id, serial, cardId) VALUES ('23908', 12, '23908_14');
INSERT INTO `collection` (id, serial, cardId) VALUES ('23908', 13, '23908_15');
INSERT INTO `collection` (id, serial, cardId) VALUES ('23908', 14, '23908_20');
INSERT INTO `collection` (id, serial, cardId) VALUES ('23908', 15, '23908_25');
INSERT INTO `collection` (id, serial, cardId) VALUES ('1978', 1, '1978_3');
INSERT INTO `collection` (id, serial, cardId) VALUES ('1978', 2, '1978_4');
INSERT INTO `collection` (id, serial, cardId) VALUES ('1978', 3, '1978_5');
INSERT INTO `collection` (id, serial, cardId) VALUES ('1978', 4, '1978_6');
INSERT INTO `collection` (id, serial, cardId) VALUES ('1978', 5, '1978_7');
INSERT INTO `collection` (id, serial, cardId) VALUES ('1978', 6, '1978_8');
INSERT INTO `collection` (id, serial, cardId) VALUES ('1978', 7, '1978_9');
INSERT INTO `collection` (id, serial, cardId) VALUES ('1978', 8, '1978_10');
INSERT INTO `collection` (id, serial, cardId) VALUES ('1978', 9, '1978_11');
INSERT INTO `collection` (id, serial, cardId) VALUES ('1978', 10, '1978_12');
INSERT INTO `collection` (id, serial, cardId) VALUES ('1978', 11, '1978_13');
INSERT INTO `collection` (id, serial, cardId) VALUES ('1978', 12, '1978_14');
INSERT INTO `collection` (id, serial, cardId) VALUES ('1978', 13, '1978_15');
INSERT INTO `collection` (id, serial, cardId) VALUES ('1978', 14, '1978_16');
INSERT INTO `collection` (id, serial, cardId) VALUES ('1978', 15, '1978_17');
INSERT INTO `collection` (id, serial, cardId) VALUES ('1978', 16, '1978_22');
INSERT INTO `collection` (id, serial, cardId) VALUES ('1978', 17, '1978_29');
INSERT INTO `collection` (id, serial, cardId) VALUES ('2234', 1, '2234_3');
INSERT INTO `collection` (id, serial, cardId) VALUES ('2234', 2, '2234_4');
INSERT INTO `collection` (id, serial, cardId) VALUES ('2234', 3, '2234_5');
INSERT INTO `collection` (id, serial, cardId) VALUES ('2234', 4, '2234_6');
INSERT INTO `collection` (id, serial, cardId) VALUES ('2234', 5, '2234_7');
INSERT INTO `collection` (id, serial, cardId) VALUES ('2234', 6, '2234_8');
INSERT INTO `collection` (id, serial, cardId) VALUES ('2234', 7, '2234_9');
INSERT INTO `collection` (id, serial, cardId) VALUES ('2234', 8, '2234_10');
INSERT INTO `collection` (id, serial, cardId) VALUES ('2234', 9, '2234_11');
INSERT INTO `collection` (id, serial, cardId) VALUES ('2234', 10, '2234_16');
INSERT INTO `collection` (id, serial, cardId) VALUES ('2234', 11, '2234_19');
INSERT INTO `collection` (id, serial, cardId) VALUES ('22000', 1, '22000_3');
INSERT INTO `collection` (id, serial, cardId) VALUES ('22000', 2, '22000_4');
INSERT INTO `collection` (id, serial, cardId) VALUES ('22000', 3, '22000_5');
INSERT INTO `collection` (id, serial, cardId) VALUES ('22000', 4, '22000_6');
INSERT INTO `collection` (id, serial, cardId) VALUES ('22000', 5, '22000_7');
INSERT INTO `collection` (id, serial, cardId) VALUES ('22000', 6, '22000_8');
INSERT INTO `collection` (id, serial, cardId) VALUES ('22000', 7, '22000_9');
INSERT INTO `collection` (id, serial, cardId) VALUES ('22000', 8, '22000_10');
INSERT INTO `collection` (id, serial, cardId) VALUES ('22000', 9, '22000_11');
INSERT INTO `collection` (id, serial, cardId) VALUES ('22000', 10, '22000_12');
INSERT INTO `collection` (id, serial, cardId) VALUES ('22000', 11, '22000_13');
INSERT INTO `collection` (id, serial, cardId) VALUES ('22000', 12, '22000_14');
INSERT INTO `collection` (id, serial, cardId) VALUES ('22000', 13, '22000_15');
INSERT INTO `collection` (id, serial, cardId) VALUES ('22000', 14, '22000_16');
INSERT INTO `collection` (id, serial, cardId) VALUES ('22000', 15, '22000_21');
INSERT INTO `collection` (id, serial, cardId) VALUES ('22000', 16, '22000_26');
INSERT INTO `collection` (id, serial, cardId) VALUES ('21995', 1, '21995_3');
INSERT INTO `collection` (id, serial, cardId) VALUES ('21995', 2, '21995_4');
INSERT INTO `collection` (id, serial, cardId) VALUES ('21995', 3, '21995_5');
INSERT INTO `collection` (id, serial, cardId) VALUES ('21995', 4, '21995_6');
INSERT INTO `collection` (id, serial, cardId) VALUES ('21995', 5, '21995_7');
INSERT INTO `collection` (id, serial, cardId) VALUES ('21995', 6, '21995_8');
INSERT INTO `collection` (id, serial, cardId) VALUES ('21995', 7, '21995_9');
INSERT INTO `collection` (id, serial, cardId) VALUES ('21995', 8, '21995_10');
INSERT INTO `collection` (id, serial, cardId) VALUES ('21995', 9, '21995_11');
INSERT INTO `collection` (id, serial, cardId) VALUES ('21995', 10, '21995_12');
INSERT INTO `collection` (id, serial, cardId) VALUES ('21995', 11, '21995_13');
INSERT INTO `collection` (id, serial, cardId) VALUES ('21995', 12, '21995_14');
INSERT INTO `collection` (id, serial, cardId) VALUES ('21995', 13, '21995_15');
INSERT INTO `collection` (id, serial, cardId) VALUES ('21995', 14, '21995_16');
INSERT INTO `collection` (id, serial, cardId) VALUES ('21995', 15, '21995_17');
INSERT INTO `collection` (id, serial, cardId) VALUES ('21995', 16, '21995_22');
INSERT INTO `collection` (id, serial, cardId) VALUES ('21995', 17, '21995_27');
INSERT INTO `collection` (id, serial, cardId) VALUES ('22806', 1, '22806_3');
INSERT INTO `collection` (id, serial, cardId) VALUES ('22806', 2, '22806_4');
INSERT INTO `collection` (id, serial, cardId) VALUES ('22806', 3, '22806_5');
INSERT INTO `collection` (id, serial, cardId) VALUES ('22806', 4, '22806_6');
INSERT INTO `collection` (id, serial, cardId) VALUES ('22806', 5, '22806_7');
INSERT INTO `collection` (id, serial, cardId) VALUES ('22806', 6, '22806_8');
INSERT INTO `collection` (id, serial, cardId) VALUES ('22806', 7, '22806_9');
INSERT INTO `collection` (id, serial, cardId) VALUES ('22806', 8, '22806_10');
INSERT INTO `collection` (id, serial, cardId) VALUES ('22806', 9, '22806_11');
INSERT INTO `collection` (id, serial, cardId) VALUES ('22806', 10, '22806_12');
INSERT INTO `collection` (id, serial, cardId) VALUES ('22806', 11, '22806_13');
INSERT INTO `collection` (id, serial, cardId) VALUES ('22806', 12, '22806_18');
INSERT INTO `collection` (id, serial, cardId) VALUES ('22806', 13, '22806_21');
INSERT INTO `collection` (id, serial, cardId) VALUES ('22806', 14, '22806_26');
INSERT INTO `collection` (id, serial, cardId) VALUES ('21817', 1, '21817_3');
INSERT INTO `collection` (id, serial, cardId) VALUES ('21817', 2, '21817_4');
INSERT INTO `collection` (id, serial, cardId) VALUES ('21817', 3, '21817_5');
INSERT INTO `collection` (id, serial, cardId) VALUES ('21817', 4, '21817_6');
INSERT INTO `collection` (id, serial, cardId) VALUES ('21817', 5, '21817_7');
INSERT INTO `collection` (id, serial, cardId) VALUES ('21817', 6, '21817_8');
INSERT INTO `collection` (id, serial, cardId) VALUES ('21817', 7, '21817_9');
INSERT INTO `collection` (id, serial, cardId) VALUES ('21817', 8, '21817_10');
INSERT INTO `collection` (id, serial, cardId) VALUES ('21817', 9, '21817_11');
INSERT INTO `collection` (id, serial, cardId) VALUES ('21817', 10, '21817_12');
INSERT INTO `collection` (id, serial, cardId) VALUES ('21817', 11, '21817_13');
INSERT INTO `collection` (id, serial, cardId) VALUES ('21817', 12, '21817_14');
INSERT INTO `collection` (id, serial, cardId) VALUES ('21817', 13, '21817_15');
INSERT INTO `collection` (id, serial, cardId) VALUES ('21817', 14, '21817_16');
INSERT INTO `collection` (id, serial, cardId) VALUES ('21817', 15, '21817_17');
INSERT INTO `collection` (id, serial, cardId) VALUES ('21817', 16, '21817_22');
INSERT INTO `collection` (id, serial, cardId) VALUES ('21817', 17, '21817_25');
INSERT INTO `collection` (id, serial, cardId) VALUES ('24734', 1, '24734_3');
INSERT INTO `collection` (id, serial, cardId) VALUES ('24734', 2, '24734_4');
INSERT INTO `collection` (id, serial, cardId) VALUES ('24734', 3, '24734_5');
INSERT INTO `collection` (id, serial, cardId) VALUES ('24734', 4, '24734_6');
INSERT INTO `collection` (id, serial, cardId) VALUES ('24734', 5, '24734_7');
INSERT INTO `collection` (id, serial, cardId) VALUES ('24734', 6, '24734_8');
INSERT INTO `collection` (id, serial, cardId) VALUES ('24734', 7, '24734_9');
INSERT INTO `collection` (id, serial, cardId) VALUES ('24734', 8, '24734_10');
INSERT INTO `collection` (id, serial, cardId) VALUES ('24734', 9, '24734_11');
INSERT INTO `collection` (id, serial, cardId) VALUES ('24734', 10, '24734_12');
INSERT INTO `collection` (id, serial, cardId) VALUES ('24734', 11, '24734_13');
INSERT INTO `collection` (id, serial, cardId) VALUES ('24734', 12, '24734_14');
INSERT INTO `collection` (id, serial, cardId) VALUES ('24734', 13, '24734_15');
INSERT INTO `collection` (id, serial, cardId) VALUES ('24734', 14, '24734_16');
INSERT INTO `collection` (id, serial, cardId) VALUES ('24734', 15, '24734_17');
INSERT INTO `collection` (id, serial, cardId) VALUES ('24734', 16, '24734_20');
INSERT INTO `collection` (id, serial, cardId) VALUES ('24734', 17, '24734_23');
INSERT INTO `collection` (id, serial, cardId) VALUES ('24734', 18, '24734_28');
INSERT INTO `collection` (id, serial, cardId) VALUES ('30269', 1, '30269_3');
INSERT INTO `collection` (id, serial, cardId) VALUES ('30269', 2, '30269_4');
INSERT INTO `collection` (id, serial, cardId) VALUES ('30269', 3, '30269_5');
INSERT INTO `collection` (id, serial, cardId) VALUES ('30269', 4, '30269_6');
INSERT INTO `collection` (id, serial, cardId) VALUES ('30269', 5, '30269_7');
INSERT INTO `collection` (id, serial, cardId) VALUES ('30269', 6, '30269_8');
INSERT INTO `collection` (id, serial, cardId) VALUES ('30269', 7, '30269_9');
INSERT INTO `collection` (id, serial, cardId) VALUES ('30269', 8, '30269_10');
INSERT INTO `collection` (id, serial, cardId) VALUES ('30269', 9, '30269_11');
INSERT INTO `collection` (id, serial, cardId) VALUES ('30269', 10, '30269_12');
INSERT INTO `collection` (id, serial, cardId) VALUES ('30269', 11, '30269_13');
INSERT INTO `collection` (id, serial, cardId) VALUES ('30269', 12, '30269_14');
INSERT INTO `collection` (id, serial, cardId) VALUES ('30269', 13, '30269_15');
INSERT INTO `collection` (id, serial, cardId) VALUES ('30269', 14, '30269_16');
INSERT INTO `collection` (id, serial, cardId) VALUES ('30269', 15, '30269_21');
INSERT INTO `collection` (id, serial, cardId) VALUES ('30269', 16, '30269_28');
INSERT INTO `collection` (id, serial, cardId) VALUES ('31354', 1, '31354_3');
INSERT INTO `collection` (id, serial, cardId) VALUES ('31354', 2, '31354_4');
INSERT INTO `collection` (id, serial, cardId) VALUES ('31354', 3, '31354_5');
INSERT INTO `collection` (id, serial, cardId) VALUES ('31354', 4, '31354_6');
INSERT INTO `collection` (id, serial, cardId) VALUES ('31354', 5, '31354_7');
INSERT INTO `collection` (id, serial, cardId) VALUES ('31354', 6, '31354_8');
INSERT INTO `collection` (id, serial, cardId) VALUES ('31354', 7, '31354_9');
INSERT INTO `collection` (id, serial, cardId) VALUES ('31354', 8, '31354_10');
INSERT INTO `collection` (id, serial, cardId) VALUES ('31354', 9, '31354_11');
INSERT INTO `collection` (id, serial, cardId) VALUES ('31354', 10, '31354_12');
INSERT INTO `collection` (id, serial, cardId) VALUES ('31354', 11, '31354_13');
INSERT INTO `collection` (id, serial, cardId) VALUES ('31354', 12, '31354_14');
INSERT INTO `collection` (id, serial, cardId) VALUES ('31354', 13, '31354_15');
INSERT INTO `collection` (id, serial, cardId) VALUES ('31354', 14, '31354_22');
INSERT INTO `collection` (id, serial, cardId) VALUES ('31354', 15, '31354_31');
INSERT INTO `collection` (id, serial, cardId) VALUES ('21143', 1, '21143_3');
INSERT INTO `collection` (id, serial, cardId) VALUES ('21143', 2, '21143_4');
INSERT INTO `collection` (id, serial, cardId) VALUES ('21143', 3, '21143_5');
INSERT INTO `collection` (id, serial, cardId) VALUES ('21143', 4, '21143_6');
INSERT INTO `collection` (id, serial, cardId) VALUES ('21143', 5, '21143_7');
INSERT INTO `collection` (id, serial, cardId) VALUES ('21143', 6, '21143_8');
INSERT INTO `collection` (id, serial, cardId) VALUES ('21143', 7, '21143_9');
INSERT INTO `collection` (id, serial, cardId) VALUES ('21143', 8, '21143_14');
INSERT INTO `collection` (id, serial, cardId) VALUES ('21143', 9, '21143_19');
INSERT INTO `collection` (id, serial, cardId) VALUES ('2830', 1, '2830_3');
INSERT INTO `collection` (id, serial, cardId) VALUES ('2830', 2, '2830_4');
INSERT INTO `collection` (id, serial, cardId) VALUES ('2830', 3, '2830_5');
INSERT INTO `collection` (id, serial, cardId) VALUES ('2830', 4, '2830_6');
INSERT INTO `collection` (id, serial, cardId) VALUES ('2830', 5, '2830_7');
INSERT INTO `collection` (id, serial, cardId) VALUES ('2830', 6, '2830_8');
INSERT INTO `collection` (id, serial, cardId) VALUES ('2830', 7, '2830_9');
INSERT INTO `collection` (id, serial, cardId) VALUES ('2830', 8, '2830_10');
INSERT INTO `collection` (id, serial, cardId) VALUES ('2830', 9, '2830_11');
INSERT INTO `collection` (id, serial, cardId) VALUES ('2830', 10, '2830_12');
INSERT INTO `collection` (id, serial, cardId) VALUES ('2830', 11, '2830_13');
INSERT INTO `collection` (id, serial, cardId) VALUES ('2830', 12, '2830_14');
INSERT INTO `collection` (id, serial, cardId) VALUES ('2830', 13, '2830_15');
INSERT INTO `collection` (id, serial, cardId) VALUES ('2830', 14, '2830_16');
INSERT INTO `collection` (id, serial, cardId) VALUES ('2830', 15, '2830_24');
INSERT INTO `collection` (id, serial, cardId) VALUES ('2830', 16, '2830_27');
INSERT INTO `collection` (id, serial, cardId) VALUES ('2830', 17, '2830_30');
INSERT INTO `collection` (id, serial, cardId) VALUES ('2912', 1, '2912_3');
INSERT INTO `collection` (id, serial, cardId) VALUES ('2912', 2, '2912_4');
INSERT INTO `collection` (id, serial, cardId) VALUES ('2912', 3, '2912_5');
INSERT INTO `collection` (id, serial, cardId) VALUES ('2912', 4, '2912_6');
INSERT INTO `collection` (id, serial, cardId) VALUES ('2912', 5, '2912_7');
INSERT INTO `collection` (id, serial, cardId) VALUES ('2912', 6, '2912_8');
INSERT INTO `collection` (id, serial, cardId) VALUES ('2912', 7, '2912_9');
INSERT INTO `collection` (id, serial, cardId) VALUES ('2912', 8, '2912_10');
INSERT INTO `collection` (id, serial, cardId) VALUES ('2912', 9, '2912_11');
INSERT INTO `collection` (id, serial, cardId) VALUES ('2912', 10, '2912_12');
INSERT INTO `collection` (id, serial, cardId) VALUES ('2912', 11, '2912_13');
INSERT INTO `collection` (id, serial, cardId) VALUES ('2912', 12, '2912_18');
INSERT INTO `collection` (id, serial, cardId) VALUES ('2912', 13, '2912_21');
INSERT INTO `collection` (id, serial, cardId) VALUES ('2526', 1, '2526_3');
INSERT INTO `collection` (id, serial, cardId) VALUES ('2526', 2, '2526_4');
INSERT INTO `collection` (id, serial, cardId) VALUES ('2526', 3, '2526_5');
INSERT INTO `collection` (id, serial, cardId) VALUES ('2526', 4, '2526_6');
INSERT INTO `collection` (id, serial, cardId) VALUES ('2526', 5, '2526_7');
INSERT INTO `collection` (id, serial, cardId) VALUES ('2526', 6, '2526_8');
INSERT INTO `collection` (id, serial, cardId) VALUES ('2526', 7, '2526_9');
INSERT INTO `collection` (id, serial, cardId) VALUES ('2526', 8, '2526_10');
INSERT INTO `collection` (id, serial, cardId) VALUES ('2526', 9, '2526_11');
INSERT INTO `collection` (id, serial, cardId) VALUES ('2526', 10, '2526_12');
INSERT INTO `collection` (id, serial, cardId) VALUES ('2526', 11, '2526_13');
INSERT INTO `collection` (id, serial, cardId) VALUES ('2526', 12, '2526_14');
INSERT INTO `collection` (id, serial, cardId) VALUES ('2526', 13, '2526_15');
INSERT INTO `collection` (id, serial, cardId) VALUES ('2526', 14, '2526_16');
INSERT INTO `collection` (id, serial, cardId) VALUES ('2526', 15, '2526_17');
INSERT INTO `collection` (id, serial, cardId) VALUES ('2526', 16, '2526_18');
INSERT INTO `collection` (id, serial, cardId) VALUES ('2526', 17, '2526_19');
INSERT INTO `collection` (id, serial, cardId) VALUES ('2526', 18, '2526_20');
INSERT INTO `collection` (id, serial, cardId) VALUES ('2526', 19, '2526_21');
INSERT INTO `collection` (id, serial, cardId) VALUES ('2526', 20, '2526_22');
INSERT INTO `collection` (id, serial, cardId) VALUES ('2526', 21, '2526_23');
INSERT INTO `collection` (id, serial, cardId) VALUES ('2526', 22, '2526_28');
INSERT INTO `collection` (id, serial, cardId) VALUES ('2526', 23, '2526_31');
INSERT INTO `collection` (id, serial, cardId) VALUES ('12428', 1, '12428_3');
INSERT INTO `collection` (id, serial, cardId) VALUES ('12428', 2, '12428_4');
INSERT INTO `collection` (id, serial, cardId) VALUES ('12428', 3, '12428_5');
INSERT INTO `collection` (id, serial, cardId) VALUES ('12428', 4, '12428_6');
INSERT INTO `collection` (id, serial, cardId) VALUES ('12428', 5, '12428_7');
INSERT INTO `collection` (id, serial, cardId) VALUES ('12428', 6, '12428_8');
INSERT INTO `collection` (id, serial, cardId) VALUES ('12428', 7, '12428_9');
INSERT INTO `collection` (id, serial, cardId) VALUES ('12428', 8, '12428_10');
INSERT INTO `collection` (id, serial, cardId) VALUES ('12428', 9, '12428_11');
INSERT INTO `collection` (id, serial, cardId) VALUES ('12428', 10, '12428_12');
INSERT INTO `collection` (id, serial, cardId) VALUES ('12428', 11, '12428_13');
INSERT INTO `collection` (id, serial, cardId) VALUES ('12428', 12, '12428_14');
INSERT INTO `collection` (id, serial, cardId) VALUES ('12428', 13, '12428_15');
INSERT INTO `collection` (id, serial, cardId) VALUES ('12428', 14, '12428_16');
INSERT INTO `collection` (id, serial, cardId) VALUES ('12428', 15, '12428_17');
INSERT INTO `collection` (id, serial, cardId) VALUES ('12428', 16, '12428_18');
INSERT INTO `collection` (id, serial, cardId) VALUES ('12428', 17, '12428_19');
INSERT INTO `collection` (id, serial, cardId) VALUES ('12428', 18, '12428_20');
INSERT INTO `collection` (id, serial, cardId) VALUES ('12428', 19, '12428_21');
INSERT INTO `collection` (id, serial, cardId) VALUES ('12428', 20, '12428_26');
INSERT INTO `collection` (id, serial, cardId) VALUES ('12428', 21, '12428_31');
INSERT INTO `collection` (id, serial, cardId) VALUES ('14419', 1, '14419_3');
INSERT INTO `collection` (id, serial, cardId) VALUES ('14419', 2, '14419_4');
INSERT INTO `collection` (id, serial, cardId) VALUES ('14419', 3, '14419_5');
INSERT INTO `collection` (id, serial, cardId) VALUES ('14419', 4, '14419_6');
INSERT INTO `collection` (id, serial, cardId) VALUES ('14419', 5, '14419_7');
INSERT INTO `collection` (id, serial, cardId) VALUES ('14419', 6, '14419_8');
INSERT INTO `collection` (id, serial, cardId) VALUES ('14419', 7, '14419_9');
INSERT INTO `collection` (id, serial, cardId) VALUES ('14419', 8, '14419_10');
INSERT INTO `collection` (id, serial, cardId) VALUES ('14419', 9, '14419_11');
INSERT INTO `collection` (id, serial, cardId) VALUES ('14419', 10, '14419_12');
INSERT INTO `collection` (id, serial, cardId) VALUES ('14419', 11, '14419_13');
INSERT INTO `collection` (id, serial, cardId) VALUES ('14419', 12, '14419_14');
INSERT INTO `collection` (id, serial, cardId) VALUES ('14419', 13, '14419_15');
INSERT INTO `collection` (id, serial, cardId) VALUES ('14419', 14, '14419_16');
INSERT INTO `collection` (id, serial, cardId) VALUES ('14419', 15, '14419_17');
INSERT INTO `collection` (id, serial, cardId) VALUES ('14419', 16, '14419_22');
INSERT INTO `collection` (id, serial, cardId) VALUES ('14419', 17, '14419_31');
INSERT INTO `collection` (id, serial, cardId) VALUES ('21610', 1, '21610_3');
INSERT INTO `collection` (id, serial, cardId) VALUES ('21610', 2, '21610_4');
INSERT INTO `collection` (id, serial, cardId) VALUES ('21610', 3, '21610_5');
INSERT INTO `collection` (id, serial, cardId) VALUES ('21610', 4, '21610_6');
INSERT INTO `collection` (id, serial, cardId) VALUES ('21610', 5, '21610_7');
INSERT INTO `collection` (id, serial, cardId) VALUES ('21610', 6, '21610_8');
INSERT INTO `collection` (id, serial, cardId) VALUES ('21610', 7, '21610_9');
INSERT INTO `collection` (id, serial, cardId) VALUES ('21610', 8, '21610_10');
INSERT INTO `collection` (id, serial, cardId) VALUES ('21610', 9, '21610_11');
INSERT INTO `collection` (id, serial, cardId) VALUES ('21610', 10, '21610_12');
INSERT INTO `collection` (id, serial, cardId) VALUES ('21610', 11, '21610_13');
INSERT INTO `collection` (id, serial, cardId) VALUES ('21610', 12, '21610_14');
INSERT INTO `collection` (id, serial, cardId) VALUES ('21610', 13, '21610_15');
INSERT INTO `collection` (id, serial, cardId) VALUES ('21610', 14, '21610_16');
INSERT INTO `collection` (id, serial, cardId) VALUES ('21610', 15, '21610_17');
INSERT INTO `collection` (id, serial, cardId) VALUES ('21610', 16, '21610_18');
INSERT INTO `collection` (id, serial, cardId) VALUES ('21610', 17, '21610_23');
INSERT INTO `collection` (id, serial, cardId) VALUES ('21610', 18, '21610_26');
INSERT INTO `collection` (id, serial, cardId) VALUES ('31503', 1, '31503_3');
INSERT INTO `collection` (id, serial, cardId) VALUES ('31503', 2, '31503_4');
INSERT INTO `collection` (id, serial, cardId) VALUES ('31503', 3, '31503_5');
INSERT INTO `collection` (id, serial, cardId) VALUES ('31503', 4, '31503_6');
INSERT INTO `collection` (id, serial, cardId) VALUES ('31503', 5, '31503_7');
INSERT INTO `collection` (id, serial, cardId) VALUES ('31503', 6, '31503_8');
INSERT INTO `collection` (id, serial, cardId) VALUES ('31503', 7, '31503_9');
INSERT INTO `collection` (id, serial, cardId) VALUES ('31503', 8, '31503_10');
INSERT INTO `collection` (id, serial, cardId) VALUES ('31503', 9, '31503_11');
INSERT INTO `collection` (id, serial, cardId) VALUES ('31503', 10, '31503_12');
INSERT INTO `collection` (id, serial, cardId) VALUES ('31503', 11, '31503_13');
INSERT INTO `collection` (id, serial, cardId) VALUES ('31503', 12, '31503_14');
INSERT INTO `collection` (id, serial, cardId) VALUES ('31503', 13, '31503_15');
INSERT INTO `collection` (id, serial, cardId) VALUES ('31503', 14, '31503_16');
INSERT INTO `collection` (id, serial, cardId) VALUES ('31503', 15, '31503_21');
INSERT INTO `collection` (id, serial, cardId) VALUES ('31503', 16, '31503_24');
INSERT INTO `collection` (id, serial, cardId) VALUES ('19110', 1, '19110_3');
INSERT INTO `collection` (id, serial, cardId) VALUES ('19110', 2, '19110_4');
INSERT INTO `collection` (id, serial, cardId) VALUES ('19110', 3, '19110_5');
INSERT INTO `collection` (id, serial, cardId) VALUES ('19110', 4, '19110_6');
INSERT INTO `collection` (id, serial, cardId) VALUES ('19110', 5, '19110_7');
INSERT INTO `collection` (id, serial, cardId) VALUES ('19110', 6, '19110_8');
INSERT INTO `collection` (id, serial, cardId) VALUES ('19110', 7, '19110_9');
INSERT INTO `collection` (id, serial, cardId) VALUES ('19110', 8, '19110_10');
INSERT INTO `collection` (id, serial, cardId) VALUES ('19110', 9, '19110_11');
INSERT INTO `collection` (id, serial, cardId) VALUES ('19110', 10, '19110_12');
INSERT INTO `collection` (id, serial, cardId) VALUES ('19110', 11, '19110_13');
INSERT INTO `collection` (id, serial, cardId) VALUES ('19110', 12, '19110_14');
INSERT INTO `collection` (id, serial, cardId) VALUES ('19110', 13, '19110_15');
INSERT INTO `collection` (id, serial, cardId) VALUES ('19110', 14, '19110_16');
INSERT INTO `collection` (id, serial, cardId) VALUES ('19110', 15, '19110_17');
INSERT INTO `collection` (id, serial, cardId) VALUES ('19110', 16, '19110_20');
INSERT INTO `collection` (id, serial, cardId) VALUES ('19110', 17, '19110_25');
INSERT INTO `collection` (id, serial, cardId) VALUES ('20431', 1, '20431_3');
INSERT INTO `collection` (id, serial, cardId) VALUES ('20431', 2, '20431_4');
INSERT INTO `collection` (id, serial, cardId) VALUES ('20431', 3, '20431_5');
INSERT INTO `collection` (id, serial, cardId) VALUES ('20431', 4, '20431_6');
INSERT INTO `collection` (id, serial, cardId) VALUES ('20431', 5, '20431_7');
INSERT INTO `collection` (id, serial, cardId) VALUES ('20431', 6, '20431_8');
INSERT INTO `collection` (id, serial, cardId) VALUES ('20431', 7, '20431_9');
INSERT INTO `collection` (id, serial, cardId) VALUES ('20431', 8, '20431_10');
INSERT INTO `collection` (id, serial, cardId) VALUES ('20431', 9, '20431_11');
INSERT INTO `collection` (id, serial, cardId) VALUES ('20431', 10, '20431_12');
INSERT INTO `collection` (id, serial, cardId) VALUES ('20431', 11, '20431_13');
INSERT INTO `collection` (id, serial, cardId) VALUES ('20431', 12, '20431_14');
INSERT INTO `collection` (id, serial, cardId) VALUES ('20431', 13, '20431_15');
INSERT INTO `collection` (id, serial, cardId) VALUES ('20431', 14, '20431_16');
INSERT INTO `collection` (id, serial, cardId) VALUES ('20431', 15, '20431_17');
INSERT INTO `collection` (id, serial, cardId) VALUES ('20431', 16, '20431_22');
INSERT INTO `collection` (id, serial, cardId) VALUES ('20431', 17, '20431_25');
INSERT INTO `collection` (id, serial, cardId) VALUES ('12899', 1, '12899_3');
INSERT INTO `collection` (id, serial, cardId) VALUES ('12899', 2, '12899_4');
INSERT INTO `collection` (id, serial, cardId) VALUES ('12899', 3, '12899_5');
INSERT INTO `collection` (id, serial, cardId) VALUES ('12899', 4, '12899_6');
INSERT INTO `collection` (id, serial, cardId) VALUES ('12899', 5, '12899_7');
INSERT INTO `collection` (id, serial, cardId) VALUES ('12899', 6, '12899_8');
INSERT INTO `collection` (id, serial, cardId) VALUES ('12899', 7, '12899_9');
INSERT INTO `collection` (id, serial, cardId) VALUES ('12899', 8, '12899_10');
INSERT INTO `collection` (id, serial, cardId) VALUES ('12899', 9, '12899_11');
INSERT INTO `collection` (id, serial, cardId) VALUES ('12899', 10, '12899_12');
INSERT INTO `collection` (id, serial, cardId) VALUES ('12899', 11, '12899_13');
INSERT INTO `collection` (id, serial, cardId) VALUES ('12899', 12, '12899_14');
INSERT INTO `collection` (id, serial, cardId) VALUES ('12899', 13, '12899_15');
INSERT INTO `collection` (id, serial, cardId) VALUES ('12899', 14, '12899_16');
INSERT INTO `collection` (id, serial, cardId) VALUES ('12899', 15, '12899_17');
INSERT INTO `collection` (id, serial, cardId) VALUES ('12899', 16, '12899_18');
INSERT INTO `collection` (id, serial, cardId) VALUES ('12899', 17, '12899_19');
INSERT INTO `collection` (id, serial, cardId) VALUES ('12899', 18, '12899_20');
INSERT INTO `collection` (id, serial, cardId) VALUES ('12899', 19, '12899_21');
INSERT INTO `collection` (id, serial, cardId) VALUES ('12899', 20, '12899_26');
INSERT INTO `collection` (id, serial, cardId) VALUES ('12899', 21, '12899_29');
INSERT INTO `collection` (id, serial, cardId) VALUES ('18417', 1, '18417_3');
INSERT INTO `collection` (id, serial, cardId) VALUES ('18417', 2, '18417_4');
INSERT INTO `collection` (id, serial, cardId) VALUES ('18417', 3, '18417_5');
INSERT INTO `collection` (id, serial, cardId) VALUES ('18417', 4, '18417_6');
INSERT INTO `collection` (id, serial, cardId) VALUES ('18417', 5, '18417_7');
INSERT INTO `collection` (id, serial, cardId) VALUES ('18417', 6, '18417_8');
INSERT INTO `collection` (id, serial, cardId) VALUES ('18417', 7, '18417_9');
INSERT INTO `collection` (id, serial, cardId) VALUES ('18417', 8, '18417_10');
INSERT INTO `collection` (id, serial, cardId) VALUES ('18417', 9, '18417_11');
INSERT INTO `collection` (id, serial, cardId) VALUES ('18417', 10, '18417_12');
INSERT INTO `collection` (id, serial, cardId) VALUES ('18417', 11, '18417_13');
INSERT INTO `collection` (id, serial, cardId) VALUES ('18417', 12, '18417_14');
INSERT INTO `collection` (id, serial, cardId) VALUES ('18417', 13, '18417_15');
INSERT INTO `collection` (id, serial, cardId) VALUES ('18417', 14, '18417_16');
INSERT INTO `collection` (id, serial, cardId) VALUES ('18417', 15, '18417_17');
INSERT INTO `collection` (id, serial, cardId) VALUES ('18417', 16, '18417_18');
INSERT INTO `collection` (id, serial, cardId) VALUES ('18417', 17, '18417_19');
INSERT INTO `collection` (id, serial, cardId) VALUES ('18417', 18, '18417_20');
INSERT INTO `collection` (id, serial, cardId) VALUES ('18417', 19, '18417_21');
INSERT INTO `collection` (id, serial, cardId) VALUES ('18417', 20, '18417_24');
INSERT INTO `collection` (id, serial, cardId) VALUES ('18417', 21, '18417_29');
INSERT INTO `collection` (id, serial, cardId) VALUES ('18417', 22, '18417_34');
INSERT INTO `collection` (id, serial, cardId) VALUES ('22084', 1, '22084_3');
INSERT INTO `collection` (id, serial, cardId) VALUES ('22084', 2, '22084_4');
INSERT INTO `collection` (id, serial, cardId) VALUES ('22084', 3, '22084_5');
INSERT INTO `collection` (id, serial, cardId) VALUES ('22084', 4, '22084_6');
INSERT INTO `collection` (id, serial, cardId) VALUES ('22084', 5, '22084_7');
INSERT INTO `collection` (id, serial, cardId) VALUES ('22084', 6, '22084_8');
INSERT INTO `collection` (id, serial, cardId) VALUES ('22084', 7, '22084_9');
INSERT INTO `collection` (id, serial, cardId) VALUES ('22084', 8, '22084_10');
INSERT INTO `collection` (id, serial, cardId) VALUES ('22084', 9, '22084_11');
INSERT INTO `collection` (id, serial, cardId) VALUES ('22084', 10, '22084_12');
INSERT INTO `collection` (id, serial, cardId) VALUES ('22084', 11, '22084_13');
INSERT INTO `collection` (id, serial, cardId) VALUES ('22084', 12, '22084_14');
INSERT INTO `collection` (id, serial, cardId) VALUES ('22084', 13, '22084_15');
INSERT INTO `collection` (id, serial, cardId) VALUES ('22084', 14, '22084_16');
INSERT INTO `collection` (id, serial, cardId) VALUES ('22084', 15, '22084_21');
INSERT INTO `collection` (id, serial, cardId) VALUES ('22084', 16, '22084_24');
INSERT INTO `collection` (id, serial, cardId) VALUES ('20434', 1, '20434_3');
INSERT INTO `collection` (id, serial, cardId) VALUES ('20434', 2, '20434_4');
INSERT INTO `collection` (id, serial, cardId) VALUES ('20434', 3, '20434_5');
INSERT INTO `collection` (id, serial, cardId) VALUES ('20434', 4, '20434_6');
INSERT INTO `collection` (id, serial, cardId) VALUES ('20434', 5, '20434_7');
INSERT INTO `collection` (id, serial, cardId) VALUES ('20434', 6, '20434_8');
INSERT INTO `collection` (id, serial, cardId) VALUES ('20434', 7, '20434_9');
INSERT INTO `collection` (id, serial, cardId) VALUES ('20434', 8, '20434_10');
INSERT INTO `collection` (id, serial, cardId) VALUES ('20434', 9, '20434_11');
INSERT INTO `collection` (id, serial, cardId) VALUES ('20434', 10, '20434_12');
INSERT INTO `collection` (id, serial, cardId) VALUES ('20434', 11, '20434_13');
INSERT INTO `collection` (id, serial, cardId) VALUES ('20434', 12, '20434_14');
INSERT INTO `collection` (id, serial, cardId) VALUES ('20434', 13, '20434_15');
INSERT INTO `collection` (id, serial, cardId) VALUES ('20434', 14, '20434_16');
INSERT INTO `collection` (id, serial, cardId) VALUES ('20434', 15, '20434_17');
INSERT INTO `collection` (id, serial, cardId) VALUES ('20434', 16, '20434_18');
INSERT INTO `collection` (id, serial, cardId) VALUES ('20434', 17, '20434_19');
INSERT INTO `collection` (id, serial, cardId) VALUES ('20434', 18, '20434_20');
INSERT INTO `collection` (id, serial, cardId) VALUES ('20434', 19, '20434_21');
INSERT INTO `collection` (id, serial, cardId) VALUES ('20434', 20, '20434_26');
INSERT INTO `collection` (id, serial, cardId) VALUES ('20434', 21, '20434_29');
INSERT INTO `collection` (id, serial, cardId) VALUES ('22086', 1, '22086_3');
INSERT INTO `collection` (id, serial, cardId) VALUES ('22086', 2, '22086_4');
INSERT INTO `collection` (id, serial, cardId) VALUES ('22086', 3, '22086_5');
INSERT INTO `collection` (id, serial, cardId) VALUES ('22086', 4, '22086_6');
INSERT INTO `collection` (id, serial, cardId) VALUES ('22086', 5, '22086_7');
INSERT INTO `collection` (id, serial, cardId) VALUES ('22086', 6, '22086_8');
INSERT INTO `collection` (id, serial, cardId) VALUES ('22086', 7, '22086_9');
INSERT INTO `collection` (id, serial, cardId) VALUES ('22086', 8, '22086_10');
INSERT INTO `collection` (id, serial, cardId) VALUES ('22086', 9, '22086_11');
INSERT INTO `collection` (id, serial, cardId) VALUES ('22086', 10, '22086_12');
INSERT INTO `collection` (id, serial, cardId) VALUES ('22086', 11, '22086_13');
INSERT INTO `collection` (id, serial, cardId) VALUES ('22086', 12, '22086_14');
INSERT INTO `collection` (id, serial, cardId) VALUES ('22086', 13, '22086_15');
INSERT INTO `collection` (id, serial, cardId) VALUES ('22086', 14, '22086_16');
INSERT INTO `collection` (id, serial, cardId) VALUES ('22086', 15, '22086_17');
INSERT INTO `collection` (id, serial, cardId) VALUES ('22086', 16, '22086_22');
INSERT INTO `collection` (id, serial, cardId) VALUES ('22086', 17, '22086_25');
INSERT INTO `collection` (id, serial, cardId) VALUES ('10680', 1, '10680_3');
INSERT INTO `collection` (id, serial, cardId) VALUES ('10680', 2, '10680_4');
INSERT INTO `collection` (id, serial, cardId) VALUES ('10680', 3, '10680_5');
INSERT INTO `collection` (id, serial, cardId) VALUES ('10680', 4, '10680_6');
INSERT INTO `collection` (id, serial, cardId) VALUES ('10680', 5, '10680_7');
INSERT INTO `collection` (id, serial, cardId) VALUES ('10680', 6, '10680_8');
INSERT INTO `collection` (id, serial, cardId) VALUES ('10680', 7, '10680_9');
INSERT INTO `collection` (id, serial, cardId) VALUES ('10680', 8, '10680_10');
INSERT INTO `collection` (id, serial, cardId) VALUES ('10680', 9, '10680_11');
INSERT INTO `collection` (id, serial, cardId) VALUES ('10680', 10, '10680_12');
INSERT INTO `collection` (id, serial, cardId) VALUES ('10680', 11, '10680_13');
INSERT INTO `collection` (id, serial, cardId) VALUES ('10680', 12, '10680_14');
INSERT INTO `collection` (id, serial, cardId) VALUES ('10680', 13, '10680_15');
INSERT INTO `collection` (id, serial, cardId) VALUES ('10680', 14, '10680_16');
INSERT INTO `collection` (id, serial, cardId) VALUES ('10680', 15, '10680_17');
INSERT INTO `collection` (id, serial, cardId) VALUES ('10680', 16, '10680_18');
INSERT INTO `collection` (id, serial, cardId) VALUES ('10680', 17, '10680_19');
INSERT INTO `collection` (id, serial, cardId) VALUES ('10680', 18, '10680_20');
INSERT INTO `collection` (id, serial, cardId) VALUES ('10680', 19, '10680_21');
INSERT INTO `collection` (id, serial, cardId) VALUES ('10680', 20, '10680_22');
INSERT INTO `collection` (id, serial, cardId) VALUES ('10680', 21, '10680_23');
INSERT INTO `collection` (id, serial, cardId) VALUES ('10680', 22, '10680_24');
INSERT INTO `collection` (id, serial, cardId) VALUES ('10680', 23, '10680_25');
INSERT INTO `collection` (id, serial, cardId) VALUES ('10680', 24, '10680_26');
INSERT INTO `collection` (id, serial, cardId) VALUES ('10680', 25, '10680_27');
INSERT INTO `collection` (id, serial, cardId) VALUES ('10680', 26, '10680_28');
INSERT INTO `collection` (id, serial, cardId) VALUES ('10680', 27, '10680_29');
INSERT INTO `collection` (id, serial, cardId) VALUES ('10680', 28, '10680_30');
INSERT INTO `collection` (id, serial, cardId) VALUES ('10680', 29, '10680_31');
INSERT INTO `collection` (id, serial, cardId) VALUES ('10680', 30, '10680_32');
INSERT INTO `collection` (id, serial, cardId) VALUES ('10680', 31, '10680_33');
INSERT INTO `collection` (id, serial, cardId) VALUES ('10680', 32, '10680_34');
INSERT INTO `collection` (id, serial, cardId) VALUES ('10680', 33, '10680_35');
INSERT INTO `collection` (id, serial, cardId) VALUES ('10680', 34, '10680_36');
INSERT INTO `collection` (id, serial, cardId) VALUES ('10680', 35, '10680_41');
INSERT INTO `collection` (id, serial, cardId) VALUES ('10680', 36, '10680_46');
INSERT INTO `collection` (id, serial, cardId) VALUES ('21445', 1, '21445_3');
INSERT INTO `collection` (id, serial, cardId) VALUES ('21445', 2, '21445_4');
INSERT INTO `collection` (id, serial, cardId) VALUES ('21445', 3, '21445_5');
INSERT INTO `collection` (id, serial, cardId) VALUES ('21445', 4, '21445_6');
INSERT INTO `collection` (id, serial, cardId) VALUES ('21445', 5, '21445_7');
INSERT INTO `collection` (id, serial, cardId) VALUES ('21445', 6, '21445_8');
INSERT INTO `collection` (id, serial, cardId) VALUES ('21445', 7, '21445_9');
INSERT INTO `collection` (id, serial, cardId) VALUES ('21445', 8, '21445_10');
INSERT INTO `collection` (id, serial, cardId) VALUES ('21445', 9, '21445_11');
INSERT INTO `collection` (id, serial, cardId) VALUES ('21445', 10, '21445_12');
INSERT INTO `collection` (id, serial, cardId) VALUES ('21445', 11, '21445_13');
INSERT INTO `collection` (id, serial, cardId) VALUES ('21445', 12, '21445_18');
INSERT INTO `collection` (id, serial, cardId) VALUES ('21445', 13, '21445_21');
INSERT INTO `collection` (id, serial, cardId) VALUES ('30807', 1, '30807_3');
INSERT INTO `collection` (id, serial, cardId) VALUES ('30807', 2, '30807_4');
INSERT INTO `collection` (id, serial, cardId) VALUES ('30807', 3, '30807_5');
INSERT INTO `collection` (id, serial, cardId) VALUES ('30807', 4, '30807_6');
INSERT INTO `collection` (id, serial, cardId) VALUES ('30807', 5, '30807_7');
INSERT INTO `collection` (id, serial, cardId) VALUES ('30807', 6, '30807_8');
INSERT INTO `collection` (id, serial, cardId) VALUES ('30807', 7, '30807_9');
INSERT INTO `collection` (id, serial, cardId) VALUES ('30807', 8, '30807_10');
INSERT INTO `collection` (id, serial, cardId) VALUES ('30807', 9, '30807_11');
INSERT INTO `collection` (id, serial, cardId) VALUES ('30807', 10, '30807_12');
INSERT INTO `collection` (id, serial, cardId) VALUES ('30807', 11, '30807_13');
INSERT INTO `collection` (id, serial, cardId) VALUES ('30807', 12, '30807_18');
INSERT INTO `collection` (id, serial, cardId) VALUES ('30807', 13, '30807_21');
INSERT INTO `collection` (id, serial, cardId) VALUES ('30271', 1, '30271_3');
INSERT INTO `collection` (id, serial, cardId) VALUES ('30271', 2, '30271_4');
INSERT INTO `collection` (id, serial, cardId) VALUES ('30271', 3, '30271_5');
INSERT INTO `collection` (id, serial, cardId) VALUES ('30271', 4, '30271_6');
INSERT INTO `collection` (id, serial, cardId) VALUES ('30271', 5, '30271_7');
INSERT INTO `collection` (id, serial, cardId) VALUES ('30271', 6, '30271_8');
INSERT INTO `collection` (id, serial, cardId) VALUES ('30271', 7, '30271_9');
INSERT INTO `collection` (id, serial, cardId) VALUES ('30271', 8, '30271_10');
INSERT INTO `collection` (id, serial, cardId) VALUES ('30271', 9, '30271_11');
INSERT INTO `collection` (id, serial, cardId) VALUES ('30271', 10, '30271_12');
INSERT INTO `collection` (id, serial, cardId) VALUES ('30271', 11, '30271_13');
INSERT INTO `collection` (id, serial, cardId) VALUES ('30271', 12, '30271_14');
INSERT INTO `collection` (id, serial, cardId) VALUES ('30271', 13, '30271_15');
INSERT INTO `collection` (id, serial, cardId) VALUES ('30271', 14, '30271_16');
INSERT INTO `collection` (id, serial, cardId) VALUES ('30271', 15, '30271_21');
INSERT INTO `collection` (id, serial, cardId) VALUES ('30271', 16, '30271_28');
INSERT INTO `collection` (id, serial, cardId) VALUES ('15612', 1, '15612_3');
INSERT INTO `collection` (id, serial, cardId) VALUES ('15612', 2, '15612_4');
INSERT INTO `collection` (id, serial, cardId) VALUES ('15612', 3, '15612_5');
INSERT INTO `collection` (id, serial, cardId) VALUES ('15612', 4, '15612_6');
INSERT INTO `collection` (id, serial, cardId) VALUES ('15612', 5, '15612_7');
INSERT INTO `collection` (id, serial, cardId) VALUES ('15612', 6, '15612_8');
INSERT INTO `collection` (id, serial, cardId) VALUES ('15612', 7, '15612_9');
INSERT INTO `collection` (id, serial, cardId) VALUES ('15612', 8, '15612_10');
INSERT INTO `collection` (id, serial, cardId) VALUES ('15612', 9, '15612_11');
INSERT INTO `collection` (id, serial, cardId) VALUES ('15612', 10, '15612_12');
INSERT INTO `collection` (id, serial, cardId) VALUES ('15612', 11, '15612_13');
INSERT INTO `collection` (id, serial, cardId) VALUES ('15612', 12, '15612_14');
INSERT INTO `collection` (id, serial, cardId) VALUES ('15612', 13, '15612_15');
INSERT INTO `collection` (id, serial, cardId) VALUES ('15612', 14, '15612_16');
INSERT INTO `collection` (id, serial, cardId) VALUES ('15612', 15, '15612_17');
INSERT INTO `collection` (id, serial, cardId) VALUES ('15612', 16, '15612_22');
INSERT INTO `collection` (id, serial, cardId) VALUES ('15612', 17, '15612_27');
INSERT INTO `collection` (id, serial, cardId) VALUES ('21985', 1, '21985_3');
INSERT INTO `collection` (id, serial, cardId) VALUES ('21985', 2, '21985_4');
INSERT INTO `collection` (id, serial, cardId) VALUES ('21985', 3, '21985_5');
INSERT INTO `collection` (id, serial, cardId) VALUES ('21985', 4, '21985_6');
INSERT INTO `collection` (id, serial, cardId) VALUES ('21985', 5, '21985_7');
INSERT INTO `collection` (id, serial, cardId) VALUES ('21985', 6, '21985_8');
INSERT INTO `collection` (id, serial, cardId) VALUES ('21985', 7, '21985_9');
INSERT INTO `collection` (id, serial, cardId) VALUES ('21985', 8, '21985_10');
INSERT INTO `collection` (id, serial, cardId) VALUES ('21985', 9, '21985_11');
INSERT INTO `collection` (id, serial, cardId) VALUES ('21985', 10, '21985_12');
INSERT INTO `collection` (id, serial, cardId) VALUES ('21985', 11, '21985_13');
INSERT INTO `collection` (id, serial, cardId) VALUES ('21985', 12, '21985_14');
INSERT INTO `collection` (id, serial, cardId) VALUES ('21985', 13, '21985_15');
INSERT INTO `collection` (id, serial, cardId) VALUES ('21985', 14, '21985_16');
INSERT INTO `collection` (id, serial, cardId) VALUES ('21985', 15, '21985_17');
INSERT INTO `collection` (id, serial, cardId) VALUES ('21985', 16, '21985_18');
INSERT INTO `collection` (id, serial, cardId) VALUES ('21985', 17, '21985_19');
INSERT INTO `collection` (id, serial, cardId) VALUES ('21985', 18, '21985_20');
INSERT INTO `collection` (id, serial, cardId) VALUES ('21985', 19, '21985_21');
INSERT INTO `collection` (id, serial, cardId) VALUES ('21985', 20, '21985_26');
INSERT INTO `collection` (id, serial, cardId) VALUES ('21985', 21, '21985_29');
INSERT INTO `collection` (id, serial, cardId) VALUES ('21998', 1, '21998_3');
INSERT INTO `collection` (id, serial, cardId) VALUES ('21998', 2, '21998_4');
INSERT INTO `collection` (id, serial, cardId) VALUES ('21998', 3, '21998_5');
INSERT INTO `collection` (id, serial, cardId) VALUES ('21998', 4, '21998_6');
INSERT INTO `collection` (id, serial, cardId) VALUES ('21998', 5, '21998_7');
INSERT INTO `collection` (id, serial, cardId) VALUES ('21998', 6, '21998_8');
INSERT INTO `collection` (id, serial, cardId) VALUES ('21998', 7, '21998_9');
INSERT INTO `collection` (id, serial, cardId) VALUES ('21998', 8, '21998_10');
INSERT INTO `collection` (id, serial, cardId) VALUES ('21998', 9, '21998_11');
INSERT INTO `collection` (id, serial, cardId) VALUES ('21998', 10, '21998_12');
INSERT INTO `collection` (id, serial, cardId) VALUES ('21998', 11, '21998_13');
INSERT INTO `collection` (id, serial, cardId) VALUES ('21998', 12, '21998_21');
INSERT INTO `collection` (id, serial, cardId) VALUES ('21998', 13, '21998_26');
INSERT INTO `collection` (id, serial, cardId) VALUES ('15613', 1, '15613_3');
INSERT INTO `collection` (id, serial, cardId) VALUES ('15613', 2, '15613_4');
INSERT INTO `collection` (id, serial, cardId) VALUES ('15613', 3, '15613_5');
INSERT INTO `collection` (id, serial, cardId) VALUES ('15613', 4, '15613_6');
INSERT INTO `collection` (id, serial, cardId) VALUES ('15613', 5, '15613_7');
INSERT INTO `collection` (id, serial, cardId) VALUES ('15613', 6, '15613_8');
INSERT INTO `collection` (id, serial, cardId) VALUES ('15613', 7, '15613_9');
INSERT INTO `collection` (id, serial, cardId) VALUES ('15613', 8, '15613_10');
INSERT INTO `collection` (id, serial, cardId) VALUES ('15613', 9, '15613_11');
INSERT INTO `collection` (id, serial, cardId) VALUES ('15613', 10, '15613_12');
INSERT INTO `collection` (id, serial, cardId) VALUES ('15613', 11, '15613_13');
INSERT INTO `collection` (id, serial, cardId) VALUES ('15613', 12, '15613_14');
INSERT INTO `collection` (id, serial, cardId) VALUES ('15613', 13, '15613_15');
INSERT INTO `collection` (id, serial, cardId) VALUES ('15613', 14, '15613_16');
INSERT INTO `collection` (id, serial, cardId) VALUES ('15613', 15, '15613_17');
INSERT INTO `collection` (id, serial, cardId) VALUES ('15613', 16, '15613_18');
INSERT INTO `collection` (id, serial, cardId) VALUES ('15613', 17, '15613_19');
INSERT INTO `collection` (id, serial, cardId) VALUES ('15613', 18, '15613_20');
INSERT INTO `collection` (id, serial, cardId) VALUES ('15613', 19, '15613_21');
INSERT INTO `collection` (id, serial, cardId) VALUES ('15613', 20, '15613_26');
INSERT INTO `collection` (id, serial, cardId) VALUES ('15613', 21, '15613_29');
INSERT INTO `collection` (id, serial, cardId) VALUES ('8698', 1, '8698_3');
INSERT INTO `collection` (id, serial, cardId) VALUES ('8698', 2, '8698_4');
INSERT INTO `collection` (id, serial, cardId) VALUES ('8698', 3, '8698_5');
INSERT INTO `collection` (id, serial, cardId) VALUES ('8698', 4, '8698_6');
INSERT INTO `collection` (id, serial, cardId) VALUES ('8698', 5, '8698_7');
INSERT INTO `collection` (id, serial, cardId) VALUES ('8698', 6, '8698_8');
INSERT INTO `collection` (id, serial, cardId) VALUES ('8698', 7, '8698_9');
INSERT INTO `collection` (id, serial, cardId) VALUES ('8698', 8, '8698_10');
INSERT INTO `collection` (id, serial, cardId) VALUES ('8698', 9, '8698_11');
INSERT INTO `collection` (id, serial, cardId) VALUES ('8698', 10, '8698_12');
INSERT INTO `collection` (id, serial, cardId) VALUES ('8698', 11, '8698_13');
INSERT INTO `collection` (id, serial, cardId) VALUES ('8698', 12, '8698_14');
INSERT INTO `collection` (id, serial, cardId) VALUES ('8698', 13, '8698_15');
INSERT INTO `collection` (id, serial, cardId) VALUES ('8698', 14, '8698_16');
INSERT INTO `collection` (id, serial, cardId) VALUES ('8698', 15, '8698_17');
INSERT INTO `collection` (id, serial, cardId) VALUES ('8698', 16, '8698_22');
INSERT INTO `collection` (id, serial, cardId) VALUES ('8698', 17, '8698_25');
INSERT INTO `collection` (id, serial, cardId) VALUES ('19193', 1, '19193_3');
INSERT INTO `collection` (id, serial, cardId) VALUES ('19193', 2, '19193_4');
INSERT INTO `collection` (id, serial, cardId) VALUES ('19193', 3, '19193_5');
INSERT INTO `collection` (id, serial, cardId) VALUES ('19193', 4, '19193_6');
INSERT INTO `collection` (id, serial, cardId) VALUES ('19193', 5, '19193_7');
INSERT INTO `collection` (id, serial, cardId) VALUES ('19193', 6, '19193_8');
INSERT INTO `collection` (id, serial, cardId) VALUES ('19193', 7, '19193_9');
INSERT INTO `collection` (id, serial, cardId) VALUES ('19193', 8, '19193_10');
INSERT INTO `collection` (id, serial, cardId) VALUES ('19193', 9, '19193_11');
INSERT INTO `collection` (id, serial, cardId) VALUES ('19193', 10, '19193_12');
INSERT INTO `collection` (id, serial, cardId) VALUES ('19193', 11, '19193_13');
INSERT INTO `collection` (id, serial, cardId) VALUES ('19193', 12, '19193_18');
INSERT INTO `collection` (id, serial, cardId) VALUES ('19193', 13, '19193_21');
INSERT INTO `collection` (id, serial, cardId) VALUES ('16199', 1, '16199_3');
INSERT INTO `collection` (id, serial, cardId) VALUES ('16199', 2, '16199_4');
INSERT INTO `collection` (id, serial, cardId) VALUES ('16199', 3, '16199_5');
INSERT INTO `collection` (id, serial, cardId) VALUES ('16199', 4, '16199_6');
INSERT INTO `collection` (id, serial, cardId) VALUES ('16199', 5, '16199_7');
INSERT INTO `collection` (id, serial, cardId) VALUES ('16199', 6, '16199_8');
INSERT INTO `collection` (id, serial, cardId) VALUES ('16199', 7, '16199_9');
INSERT INTO `collection` (id, serial, cardId) VALUES ('16199', 8, '16199_10');
INSERT INTO `collection` (id, serial, cardId) VALUES ('16199', 9, '16199_11');
INSERT INTO `collection` (id, serial, cardId) VALUES ('16199', 10, '16199_12');
INSERT INTO `collection` (id, serial, cardId) VALUES ('16199', 11, '16199_13');
INSERT INTO `collection` (id, serial, cardId) VALUES ('16199', 12, '16199_14');
INSERT INTO `collection` (id, serial, cardId) VALUES ('16199', 13, '16199_15');
INSERT INTO `collection` (id, serial, cardId) VALUES ('16199', 14, '16199_16');
INSERT INTO `collection` (id, serial, cardId) VALUES ('16199', 15, '16199_17');
INSERT INTO `collection` (id, serial, cardId) VALUES ('16199', 16, '16199_20');
INSERT INTO `collection` (id, serial, cardId) VALUES ('16199', 17, '16199_29');
INSERT INTO `collection` (id, serial, cardId) VALUES ('9911', 1, '9911_3');
INSERT INTO `collection` (id, serial, cardId) VALUES ('9911', 2, '9911_4');
INSERT INTO `collection` (id, serial, cardId) VALUES ('9911', 3, '9911_5');
INSERT INTO `collection` (id, serial, cardId) VALUES ('9911', 4, '9911_6');
INSERT INTO `collection` (id, serial, cardId) VALUES ('9911', 5, '9911_7');
INSERT INTO `collection` (id, serial, cardId) VALUES ('9911', 6, '9911_8');
INSERT INTO `collection` (id, serial, cardId) VALUES ('9911', 7, '9911_9');
INSERT INTO `collection` (id, serial, cardId) VALUES ('9911', 8, '9911_10');
INSERT INTO `collection` (id, serial, cardId) VALUES ('9911', 9, '9911_11');
INSERT INTO `collection` (id, serial, cardId) VALUES ('9911', 10, '9911_12');
INSERT INTO `collection` (id, serial, cardId) VALUES ('9911', 11, '9911_13');
INSERT INTO `collection` (id, serial, cardId) VALUES ('9911', 12, '9911_14');
INSERT INTO `collection` (id, serial, cardId) VALUES ('9911', 13, '9911_15');
INSERT INTO `collection` (id, serial, cardId) VALUES ('9911', 14, '9911_20');
INSERT INTO `collection` (id, serial, cardId) VALUES ('9911', 15, '9911_23');
INSERT INTO `collection` (id, serial, cardId) VALUES ('9911', 16, '9911_26');
INSERT INTO `collection` (id, serial, cardId) VALUES ('23107', 1, '23107_3');
INSERT INTO `collection` (id, serial, cardId) VALUES ('23107', 2, '23107_4');
INSERT INTO `collection` (id, serial, cardId) VALUES ('23107', 3, '23107_5');
INSERT INTO `collection` (id, serial, cardId) VALUES ('23107', 4, '23107_6');
INSERT INTO `collection` (id, serial, cardId) VALUES ('23107', 5, '23107_7');
INSERT INTO `collection` (id, serial, cardId) VALUES ('23107', 6, '23107_8');
INSERT INTO `collection` (id, serial, cardId) VALUES ('23107', 7, '23107_9');
INSERT INTO `collection` (id, serial, cardId) VALUES ('23107', 8, '23107_10');
INSERT INTO `collection` (id, serial, cardId) VALUES ('23107', 9, '23107_11');
INSERT INTO `collection` (id, serial, cardId) VALUES ('23107', 10, '23107_12');
INSERT INTO `collection` (id, serial, cardId) VALUES ('23107', 11, '23107_13');
INSERT INTO `collection` (id, serial, cardId) VALUES ('23107', 12, '23107_14');
INSERT INTO `collection` (id, serial, cardId) VALUES ('23107', 13, '23107_15');
INSERT INTO `collection` (id, serial, cardId) VALUES ('23107', 14, '23107_16');
INSERT INTO `collection` (id, serial, cardId) VALUES ('23107', 15, '23107_17');
INSERT INTO `collection` (id, serial, cardId) VALUES ('23107', 16, '23107_18');
INSERT INTO `collection` (id, serial, cardId) VALUES ('23107', 17, '23107_19');
INSERT INTO `collection` (id, serial, cardId) VALUES ('23107', 18, '23107_20');
INSERT INTO `collection` (id, serial, cardId) VALUES ('23107', 19, '23107_21');
INSERT INTO `collection` (id, serial, cardId) VALUES ('23107', 20, '23107_26');
INSERT INTO `collection` (id, serial, cardId) VALUES ('23107', 21, '23107_29');
INSERT INTO `collection` (id, serial, cardId) VALUES ('17135', 1, '17135_3');
INSERT INTO `collection` (id, serial, cardId) VALUES ('17135', 2, '17135_4');
INSERT INTO `collection` (id, serial, cardId) VALUES ('17135', 3, '17135_5');
INSERT INTO `collection` (id, serial, cardId) VALUES ('17135', 4, '17135_6');
INSERT INTO `collection` (id, serial, cardId) VALUES ('17135', 5, '17135_7');
INSERT INTO `collection` (id, serial, cardId) VALUES ('17135', 6, '17135_8');
INSERT INTO `collection` (id, serial, cardId) VALUES ('17135', 7, '17135_9');
INSERT INTO `collection` (id, serial, cardId) VALUES ('17135', 8, '17135_10');
INSERT INTO `collection` (id, serial, cardId) VALUES ('17135', 9, '17135_11');
INSERT INTO `collection` (id, serial, cardId) VALUES ('17135', 10, '17135_12');
INSERT INTO `collection` (id, serial, cardId) VALUES ('17135', 11, '17135_13');
INSERT INTO `collection` (id, serial, cardId) VALUES ('17135', 12, '17135_14');
INSERT INTO `collection` (id, serial, cardId) VALUES ('17135', 13, '17135_15');
INSERT INTO `collection` (id, serial, cardId) VALUES ('17135', 14, '17135_16');
INSERT INTO `collection` (id, serial, cardId) VALUES ('17135', 15, '17135_17');
INSERT INTO `collection` (id, serial, cardId) VALUES ('17135', 16, '17135_18');
INSERT INTO `collection` (id, serial, cardId) VALUES ('17135', 17, '17135_19');
INSERT INTO `collection` (id, serial, cardId) VALUES ('17135', 18, '17135_20');
INSERT INTO `collection` (id, serial, cardId) VALUES ('17135', 19, '17135_21');
INSERT INTO `collection` (id, serial, cardId) VALUES ('17135', 20, '17135_22');
INSERT INTO `collection` (id, serial, cardId) VALUES ('17135', 21, '17135_23');
INSERT INTO `collection` (id, serial, cardId) VALUES ('17135', 22, '17135_24');
INSERT INTO `collection` (id, serial, cardId) VALUES ('17135', 23, '17135_25');
INSERT INTO `collection` (id, serial, cardId) VALUES ('17135', 24, '17135_30');
INSERT INTO `collection` (id, serial, cardId) VALUES ('17135', 25, '17135_33');
INSERT INTO `collection` (id, serial, cardId) VALUES ('8040', 1, '8040_3');
INSERT INTO `collection` (id, serial, cardId) VALUES ('8040', 2, '8040_4');
INSERT INTO `collection` (id, serial, cardId) VALUES ('8040', 3, '8040_5');
INSERT INTO `collection` (id, serial, cardId) VALUES ('8040', 4, '8040_6');
INSERT INTO `collection` (id, serial, cardId) VALUES ('8040', 5, '8040_7');
INSERT INTO `collection` (id, serial, cardId) VALUES ('8040', 6, '8040_8');
INSERT INTO `collection` (id, serial, cardId) VALUES ('8040', 7, '8040_9');
INSERT INTO `collection` (id, serial, cardId) VALUES ('8040', 8, '8040_10');
INSERT INTO `collection` (id, serial, cardId) VALUES ('8040', 9, '8040_11');
INSERT INTO `collection` (id, serial, cardId) VALUES ('8040', 10, '8040_12');
INSERT INTO `collection` (id, serial, cardId) VALUES ('8040', 11, '8040_13');
INSERT INTO `collection` (id, serial, cardId) VALUES ('8040', 12, '8040_18');
INSERT INTO `collection` (id, serial, cardId) VALUES ('8040', 13, '8040_21');
INSERT INTO `collection` (id, serial, cardId) VALUES ('19386', 1, '19386_3');
INSERT INTO `collection` (id, serial, cardId) VALUES ('19386', 2, '19386_4');
INSERT INTO `collection` (id, serial, cardId) VALUES ('19386', 3, '19386_5');
INSERT INTO `collection` (id, serial, cardId) VALUES ('19386', 4, '19386_6');
INSERT INTO `collection` (id, serial, cardId) VALUES ('19386', 5, '19386_7');
INSERT INTO `collection` (id, serial, cardId) VALUES ('19386', 6, '19386_8');
INSERT INTO `collection` (id, serial, cardId) VALUES ('19386', 7, '19386_9');
INSERT INTO `collection` (id, serial, cardId) VALUES ('19386', 8, '19386_10');
INSERT INTO `collection` (id, serial, cardId) VALUES ('19386', 9, '19386_11');
INSERT INTO `collection` (id, serial, cardId) VALUES ('19386', 10, '19386_12');
INSERT INTO `collection` (id, serial, cardId) VALUES ('19386', 11, '19386_13');
INSERT INTO `collection` (id, serial, cardId) VALUES ('19386', 12, '19386_14');
INSERT INTO `collection` (id, serial, cardId) VALUES ('19386', 13, '19386_15');
INSERT INTO `collection` (id, serial, cardId) VALUES ('19386', 14, '19386_16');
INSERT INTO `collection` (id, serial, cardId) VALUES ('19386', 15, '19386_17');
INSERT INTO `collection` (id, serial, cardId) VALUES ('19386', 16, '19386_18');
INSERT INTO `collection` (id, serial, cardId) VALUES ('19386', 17, '19386_19');
INSERT INTO `collection` (id, serial, cardId) VALUES ('19386', 18, '19386_20');
INSERT INTO `collection` (id, serial, cardId) VALUES ('19386', 19, '19386_21');
INSERT INTO `collection` (id, serial, cardId) VALUES ('19386', 20, '19386_26');
INSERT INTO `collection` (id, serial, cardId) VALUES ('19386', 21, '19386_31');
INSERT INTO `collection` (id, serial, cardId) VALUES ('21838', 1, '21838_3');
INSERT INTO `collection` (id, serial, cardId) VALUES ('21838', 2, '21838_4');
INSERT INTO `collection` (id, serial, cardId) VALUES ('21838', 3, '21838_5');
INSERT INTO `collection` (id, serial, cardId) VALUES ('21838', 4, '21838_6');
INSERT INTO `collection` (id, serial, cardId) VALUES ('21838', 5, '21838_7');
INSERT INTO `collection` (id, serial, cardId) VALUES ('21838', 6, '21838_8');
INSERT INTO `collection` (id, serial, cardId) VALUES ('21838', 7, '21838_9');
INSERT INTO `collection` (id, serial, cardId) VALUES ('21838', 8, '21838_10');
INSERT INTO `collection` (id, serial, cardId) VALUES ('21838', 9, '21838_11');
INSERT INTO `collection` (id, serial, cardId) VALUES ('21838', 10, '21838_12');
INSERT INTO `collection` (id, serial, cardId) VALUES ('21838', 11, '21838_13');
INSERT INTO `collection` (id, serial, cardId) VALUES ('21838', 12, '21838_14');
INSERT INTO `collection` (id, serial, cardId) VALUES ('21838', 13, '21838_15');
INSERT INTO `collection` (id, serial, cardId) VALUES ('21838', 14, '21838_16');
INSERT INTO `collection` (id, serial, cardId) VALUES ('21838', 15, '21838_17');
INSERT INTO `collection` (id, serial, cardId) VALUES ('21838', 16, '21838_22');
INSERT INTO `collection` (id, serial, cardId) VALUES ('21838', 17, '21838_29');
INSERT INTO `collection` (id, serial, cardId) VALUES ('12609', 1, '12609_3');
INSERT INTO `collection` (id, serial, cardId) VALUES ('12609', 2, '12609_4');
INSERT INTO `collection` (id, serial, cardId) VALUES ('12609', 3, '12609_5');
INSERT INTO `collection` (id, serial, cardId) VALUES ('12609', 4, '12609_6');
INSERT INTO `collection` (id, serial, cardId) VALUES ('12609', 5, '12609_7');
INSERT INTO `collection` (id, serial, cardId) VALUES ('12609', 6, '12609_8');
INSERT INTO `collection` (id, serial, cardId) VALUES ('12609', 7, '12609_9');
INSERT INTO `collection` (id, serial, cardId) VALUES ('12609', 8, '12609_10');
INSERT INTO `collection` (id, serial, cardId) VALUES ('12609', 9, '12609_11');
INSERT INTO `collection` (id, serial, cardId) VALUES ('12609', 10, '12609_12');
INSERT INTO `collection` (id, serial, cardId) VALUES ('12609', 11, '12609_13');
INSERT INTO `collection` (id, serial, cardId) VALUES ('12609', 12, '12609_18');
INSERT INTO `collection` (id, serial, cardId) VALUES ('12609', 13, '12609_21');
INSERT INTO `collection` (id, serial, cardId) VALUES ('20439', 1, '20439_3');
INSERT INTO `collection` (id, serial, cardId) VALUES ('20439', 2, '20439_4');
INSERT INTO `collection` (id, serial, cardId) VALUES ('20439', 3, '20439_5');
INSERT INTO `collection` (id, serial, cardId) VALUES ('20439', 4, '20439_6');
INSERT INTO `collection` (id, serial, cardId) VALUES ('20439', 5, '20439_7');
INSERT INTO `collection` (id, serial, cardId) VALUES ('20439', 6, '20439_8');
INSERT INTO `collection` (id, serial, cardId) VALUES ('20439', 7, '20439_9');
INSERT INTO `collection` (id, serial, cardId) VALUES ('20439', 8, '20439_10');
INSERT INTO `collection` (id, serial, cardId) VALUES ('20439', 9, '20439_11');
INSERT INTO `collection` (id, serial, cardId) VALUES ('20439', 10, '20439_12');
INSERT INTO `collection` (id, serial, cardId) VALUES ('20439', 11, '20439_13');
INSERT INTO `collection` (id, serial, cardId) VALUES ('20439', 12, '20439_14');
INSERT INTO `collection` (id, serial, cardId) VALUES ('20439', 13, '20439_15');
INSERT INTO `collection` (id, serial, cardId) VALUES ('20439', 14, '20439_16');
INSERT INTO `collection` (id, serial, cardId) VALUES ('20439', 15, '20439_17');
INSERT INTO `collection` (id, serial, cardId) VALUES ('20439', 16, '20439_22');
INSERT INTO `collection` (id, serial, cardId) VALUES ('20439', 17, '20439_27');
INSERT INTO `collection` (id, serial, cardId) VALUES ('20436', 1, '20436_3');
INSERT INTO `collection` (id, serial, cardId) VALUES ('20436', 2, '20436_4');
INSERT INTO `collection` (id, serial, cardId) VALUES ('20436', 3, '20436_5');
INSERT INTO `collection` (id, serial, cardId) VALUES ('20436', 4, '20436_6');
INSERT INTO `collection` (id, serial, cardId) VALUES ('20436', 5, '20436_7');
INSERT INTO `collection` (id, serial, cardId) VALUES ('20436', 6, '20436_8');
INSERT INTO `collection` (id, serial, cardId) VALUES ('20436', 7, '20436_9');
INSERT INTO `collection` (id, serial, cardId) VALUES ('20436', 8, '20436_10');
INSERT INTO `collection` (id, serial, cardId) VALUES ('20436', 9, '20436_11');
INSERT INTO `collection` (id, serial, cardId) VALUES ('20436', 10, '20436_12');
INSERT INTO `collection` (id, serial, cardId) VALUES ('20436', 11, '20436_13');
INSERT INTO `collection` (id, serial, cardId) VALUES ('20436', 12, '20436_18');
INSERT INTO `collection` (id, serial, cardId) VALUES ('20436', 13, '20436_21');
INSERT INTO `collection` (id, serial, cardId) VALUES ('22557', 1, '22557_3');
INSERT INTO `collection` (id, serial, cardId) VALUES ('22557', 2, '22557_4');
INSERT INTO `collection` (id, serial, cardId) VALUES ('22557', 3, '22557_5');
INSERT INTO `collection` (id, serial, cardId) VALUES ('22557', 4, '22557_6');
INSERT INTO `collection` (id, serial, cardId) VALUES ('22557', 5, '22557_7');
INSERT INTO `collection` (id, serial, cardId) VALUES ('22557', 6, '22557_8');
INSERT INTO `collection` (id, serial, cardId) VALUES ('22557', 7, '22557_9');
INSERT INTO `collection` (id, serial, cardId) VALUES ('22557', 8, '22557_10');
INSERT INTO `collection` (id, serial, cardId) VALUES ('22557', 9, '22557_11');
INSERT INTO `collection` (id, serial, cardId) VALUES ('22557', 10, '22557_12');
INSERT INTO `collection` (id, serial, cardId) VALUES ('22557', 11, '22557_13');
INSERT INTO `collection` (id, serial, cardId) VALUES ('22557', 12, '22557_14');
INSERT INTO `collection` (id, serial, cardId) VALUES ('22557', 13, '22557_15');
INSERT INTO `collection` (id, serial, cardId) VALUES ('22557', 14, '22557_16');
INSERT INTO `collection` (id, serial, cardId) VALUES ('22557', 15, '22557_17');
INSERT INTO `collection` (id, serial, cardId) VALUES ('22557', 16, '22557_22');
INSERT INTO `collection` (id, serial, cardId) VALUES ('22557', 17, '22557_25');
INSERT INTO `collection` (id, serial, cardId) VALUES ('16587', 1, '16587_3');
INSERT INTO `collection` (id, serial, cardId) VALUES ('16587', 2, '16587_4');
INSERT INTO `collection` (id, serial, cardId) VALUES ('16587', 3, '16587_5');
INSERT INTO `collection` (id, serial, cardId) VALUES ('16587', 4, '16587_6');
INSERT INTO `collection` (id, serial, cardId) VALUES ('16587', 5, '16587_7');
INSERT INTO `collection` (id, serial, cardId) VALUES ('16587', 6, '16587_8');
INSERT INTO `collection` (id, serial, cardId) VALUES ('16587', 7, '16587_9');
INSERT INTO `collection` (id, serial, cardId) VALUES ('16587', 8, '16587_10');
INSERT INTO `collection` (id, serial, cardId) VALUES ('16587', 9, '16587_11');
INSERT INTO `collection` (id, serial, cardId) VALUES ('16587', 10, '16587_12');
INSERT INTO `collection` (id, serial, cardId) VALUES ('16587', 11, '16587_13');
INSERT INTO `collection` (id, serial, cardId) VALUES ('16587', 12, '16587_14');
INSERT INTO `collection` (id, serial, cardId) VALUES ('16587', 13, '16587_15');
INSERT INTO `collection` (id, serial, cardId) VALUES ('16587', 14, '16587_20');
INSERT INTO `collection` (id, serial, cardId) VALUES ('16587', 15, '16587_23');
INSERT INTO `collection` (id, serial, cardId) VALUES ('22081', 1, '22081_3');
INSERT INTO `collection` (id, serial, cardId) VALUES ('22081', 2, '22081_4');
INSERT INTO `collection` (id, serial, cardId) VALUES ('22081', 3, '22081_5');
INSERT INTO `collection` (id, serial, cardId) VALUES ('22081', 4, '22081_6');
INSERT INTO `collection` (id, serial, cardId) VALUES ('22081', 5, '22081_7');
INSERT INTO `collection` (id, serial, cardId) VALUES ('22081', 6, '22081_8');
INSERT INTO `collection` (id, serial, cardId) VALUES ('22081', 7, '22081_9');
INSERT INTO `collection` (id, serial, cardId) VALUES ('22081', 8, '22081_10');
INSERT INTO `collection` (id, serial, cardId) VALUES ('22081', 9, '22081_11');
INSERT INTO `collection` (id, serial, cardId) VALUES ('22081', 10, '22081_12');
INSERT INTO `collection` (id, serial, cardId) VALUES ('22081', 11, '22081_13');
INSERT INTO `collection` (id, serial, cardId) VALUES ('22081', 12, '22081_14');
INSERT INTO `collection` (id, serial, cardId) VALUES ('22081', 13, '22081_15');
INSERT INTO `collection` (id, serial, cardId) VALUES ('22081', 14, '22081_16');
INSERT INTO `collection` (id, serial, cardId) VALUES ('22081', 15, '22081_17');
INSERT INTO `collection` (id, serial, cardId) VALUES ('22081', 16, '22081_22');
INSERT INTO `collection` (id, serial, cardId) VALUES ('22081', 17, '22081_25');
INSERT INTO `collection` (id, serial, cardId) VALUES ('22062', 1, '22062_3');
INSERT INTO `collection` (id, serial, cardId) VALUES ('22062', 2, '22062_4');
INSERT INTO `collection` (id, serial, cardId) VALUES ('22062', 3, '22062_5');
INSERT INTO `collection` (id, serial, cardId) VALUES ('22062', 4, '22062_6');
INSERT INTO `collection` (id, serial, cardId) VALUES ('22062', 5, '22062_7');
INSERT INTO `collection` (id, serial, cardId) VALUES ('22062', 6, '22062_8');
INSERT INTO `collection` (id, serial, cardId) VALUES ('22062', 7, '22062_9');
INSERT INTO `collection` (id, serial, cardId) VALUES ('22062', 8, '22062_10');
INSERT INTO `collection` (id, serial, cardId) VALUES ('22062', 9, '22062_11');
INSERT INTO `collection` (id, serial, cardId) VALUES ('22062', 10, '22062_12');
INSERT INTO `collection` (id, serial, cardId) VALUES ('22062', 11, '22062_13');
INSERT INTO `collection` (id, serial, cardId) VALUES ('22062', 12, '22062_14');
INSERT INTO `collection` (id, serial, cardId) VALUES ('22062', 13, '22062_15');
INSERT INTO `collection` (id, serial, cardId) VALUES ('22062', 14, '22062_16');
INSERT INTO `collection` (id, serial, cardId) VALUES ('22062', 15, '22062_17');
INSERT INTO `collection` (id, serial, cardId) VALUES ('22062', 16, '22062_18');
INSERT INTO `collection` (id, serial, cardId) VALUES ('22062', 17, '22062_19');
INSERT INTO `collection` (id, serial, cardId) VALUES ('22062', 18, '22062_20');
INSERT INTO `collection` (id, serial, cardId) VALUES ('22062', 19, '22062_21');
INSERT INTO `collection` (id, serial, cardId) VALUES ('22062', 20, '22062_22');
INSERT INTO `collection` (id, serial, cardId) VALUES ('22062', 21, '22062_23');
INSERT INTO `collection` (id, serial, cardId) VALUES ('22062', 22, '22062_24');
INSERT INTO `collection` (id, serial, cardId) VALUES ('22062', 23, '22062_25');
INSERT INTO `collection` (id, serial, cardId) VALUES ('22062', 24, '22062_30');
INSERT INTO `collection` (id, serial, cardId) VALUES ('22062', 25, '22062_33');
INSERT INTO `collection` (id, serial, cardId) VALUES ('2632', 1, '2632_3');
INSERT INTO `collection` (id, serial, cardId) VALUES ('2632', 2, '2632_4');
INSERT INTO `collection` (id, serial, cardId) VALUES ('2632', 3, '2632_5');
INSERT INTO `collection` (id, serial, cardId) VALUES ('2632', 4, '2632_6');
INSERT INTO `collection` (id, serial, cardId) VALUES ('2632', 5, '2632_7');
INSERT INTO `collection` (id, serial, cardId) VALUES ('2632', 6, '2632_8');
INSERT INTO `collection` (id, serial, cardId) VALUES ('2632', 7, '2632_9');
INSERT INTO `collection` (id, serial, cardId) VALUES ('2632', 8, '2632_10');
INSERT INTO `collection` (id, serial, cardId) VALUES ('2632', 9, '2632_11');
INSERT INTO `collection` (id, serial, cardId) VALUES ('2632', 10, '2632_12');
INSERT INTO `collection` (id, serial, cardId) VALUES ('2632', 11, '2632_13');
INSERT INTO `collection` (id, serial, cardId) VALUES ('2632', 12, '2632_14');
INSERT INTO `collection` (id, serial, cardId) VALUES ('2632', 13, '2632_15');
INSERT INTO `collection` (id, serial, cardId) VALUES ('2632', 14, '2632_16');
INSERT INTO `collection` (id, serial, cardId) VALUES ('2632', 15, '2632_31');
INSERT INTO `collection` (id, serial, cardId) VALUES ('2632', 16, '2632_34');
INSERT INTO `collection` (id, serial, cardId) VALUES ('22468', 1, '22468_3');
INSERT INTO `collection` (id, serial, cardId) VALUES ('22468', 2, '22468_4');
INSERT INTO `collection` (id, serial, cardId) VALUES ('22468', 3, '22468_5');
INSERT INTO `collection` (id, serial, cardId) VALUES ('22468', 4, '22468_6');
INSERT INTO `collection` (id, serial, cardId) VALUES ('22468', 5, '22468_7');
INSERT INTO `collection` (id, serial, cardId) VALUES ('22468', 6, '22468_8');
INSERT INTO `collection` (id, serial, cardId) VALUES ('22468', 7, '22468_9');
INSERT INTO `collection` (id, serial, cardId) VALUES ('22468', 8, '22468_10');
INSERT INTO `collection` (id, serial, cardId) VALUES ('22468', 9, '22468_11');
INSERT INTO `collection` (id, serial, cardId) VALUES ('22468', 10, '22468_12');
INSERT INTO `collection` (id, serial, cardId) VALUES ('22468', 11, '22468_13');
INSERT INTO `collection` (id, serial, cardId) VALUES ('22468', 12, '22468_14');
INSERT INTO `collection` (id, serial, cardId) VALUES ('22468', 13, '22468_15');
INSERT INTO `collection` (id, serial, cardId) VALUES ('22468', 14, '22468_16');
INSERT INTO `collection` (id, serial, cardId) VALUES ('22468', 15, '22468_17');
INSERT INTO `collection` (id, serial, cardId) VALUES ('22468', 16, '22468_18');
INSERT INTO `collection` (id, serial, cardId) VALUES ('22468', 17, '22468_19');
INSERT INTO `collection` (id, serial, cardId) VALUES ('22468', 18, '22468_20');
INSERT INTO `collection` (id, serial, cardId) VALUES ('22468', 19, '22468_21');
INSERT INTO `collection` (id, serial, cardId) VALUES ('22468', 20, '22468_22');
INSERT INTO `collection` (id, serial, cardId) VALUES ('22468', 21, '22468_27');
INSERT INTO `collection` (id, serial, cardId) VALUES ('22468', 22, '22468_30');
INSERT INTO `collection` (id, serial, cardId) VALUES ('3127', 1, '3127_3');
INSERT INTO `collection` (id, serial, cardId) VALUES ('3127', 2, '3127_4');
INSERT INTO `collection` (id, serial, cardId) VALUES ('3127', 3, '3127_5');
INSERT INTO `collection` (id, serial, cardId) VALUES ('3127', 4, '3127_6');
INSERT INTO `collection` (id, serial, cardId) VALUES ('3127', 5, '3127_7');
INSERT INTO `collection` (id, serial, cardId) VALUES ('3127', 6, '3127_8');
INSERT INTO `collection` (id, serial, cardId) VALUES ('3127', 7, '3127_9');
INSERT INTO `collection` (id, serial, cardId) VALUES ('3127', 8, '3127_10');
INSERT INTO `collection` (id, serial, cardId) VALUES ('3127', 9, '3127_11');
INSERT INTO `collection` (id, serial, cardId) VALUES ('3127', 10, '3127_12');
INSERT INTO `collection` (id, serial, cardId) VALUES ('3127', 11, '3127_13');
INSERT INTO `collection` (id, serial, cardId) VALUES ('3127', 12, '3127_14');
INSERT INTO `collection` (id, serial, cardId) VALUES ('3127', 13, '3127_15');
INSERT INTO `collection` (id, serial, cardId) VALUES ('3127', 14, '3127_16');
INSERT INTO `collection` (id, serial, cardId) VALUES ('3127', 15, '3127_17');
INSERT INTO `collection` (id, serial, cardId) VALUES ('3127', 16, '3127_22');
INSERT INTO `collection` (id, serial, cardId) VALUES ('3127', 17, '3127_27');
INSERT INTO `collection` (id, serial, cardId) VALUES ('13544', 1, '13544_3');
INSERT INTO `collection` (id, serial, cardId) VALUES ('13544', 2, '13544_4');
INSERT INTO `collection` (id, serial, cardId) VALUES ('13544', 3, '13544_5');
INSERT INTO `collection` (id, serial, cardId) VALUES ('13544', 4, '13544_6');
INSERT INTO `collection` (id, serial, cardId) VALUES ('13544', 5, '13544_7');
INSERT INTO `collection` (id, serial, cardId) VALUES ('13544', 6, '13544_8');
INSERT INTO `collection` (id, serial, cardId) VALUES ('13544', 7, '13544_9');
INSERT INTO `collection` (id, serial, cardId) VALUES ('13544', 8, '13544_10');
INSERT INTO `collection` (id, serial, cardId) VALUES ('13544', 9, '13544_11');
INSERT INTO `collection` (id, serial, cardId) VALUES ('13544', 10, '13544_12');
INSERT INTO `collection` (id, serial, cardId) VALUES ('13544', 11, '13544_13');
INSERT INTO `collection` (id, serial, cardId) VALUES ('13544', 12, '13544_16');
INSERT INTO `collection` (id, serial, cardId) VALUES ('13544', 13, '13544_19');
INSERT INTO `collection` (id, serial, cardId) VALUES ('22567', 1, '22567_3');
INSERT INTO `collection` (id, serial, cardId) VALUES ('22567', 2, '22567_4');
INSERT INTO `collection` (id, serial, cardId) VALUES ('22567', 3, '22567_5');
INSERT INTO `collection` (id, serial, cardId) VALUES ('22567', 4, '22567_6');
INSERT INTO `collection` (id, serial, cardId) VALUES ('22567', 5, '22567_7');
INSERT INTO `collection` (id, serial, cardId) VALUES ('22567', 6, '22567_8');
INSERT INTO `collection` (id, serial, cardId) VALUES ('22567', 7, '22567_9');
INSERT INTO `collection` (id, serial, cardId) VALUES ('22567', 8, '22567_10');
INSERT INTO `collection` (id, serial, cardId) VALUES ('22567', 9, '22567_11');
INSERT INTO `collection` (id, serial, cardId) VALUES ('22567', 10, '22567_12');
INSERT INTO `collection` (id, serial, cardId) VALUES ('22567', 11, '22567_13');
INSERT INTO `collection` (id, serial, cardId) VALUES ('22567', 12, '22567_14');
INSERT INTO `collection` (id, serial, cardId) VALUES ('22567', 13, '22567_15');
INSERT INTO `collection` (id, serial, cardId) VALUES ('22567', 14, '22567_16');
INSERT INTO `collection` (id, serial, cardId) VALUES ('22567', 15, '22567_17');
INSERT INTO `collection` (id, serial, cardId) VALUES ('22567', 16, '22567_26');
INSERT INTO `collection` (id, serial, cardId) VALUES ('22567', 17, '22567_29');
INSERT INTO `collection` (id, serial, cardId) VALUES ('23308', 1, '23308_3');
INSERT INTO `collection` (id, serial, cardId) VALUES ('23308', 2, '23308_4');
INSERT INTO `collection` (id, serial, cardId) VALUES ('23308', 3, '23308_5');
INSERT INTO `collection` (id, serial, cardId) VALUES ('23308', 4, '23308_6');
INSERT INTO `collection` (id, serial, cardId) VALUES ('23308', 5, '23308_7');
INSERT INTO `collection` (id, serial, cardId) VALUES ('23308', 6, '23308_8');
INSERT INTO `collection` (id, serial, cardId) VALUES ('23308', 7, '23308_9');
INSERT INTO `collection` (id, serial, cardId) VALUES ('23308', 8, '23308_10');
INSERT INTO `collection` (id, serial, cardId) VALUES ('23308', 9, '23308_11');
INSERT INTO `collection` (id, serial, cardId) VALUES ('23308', 10, '23308_12');
INSERT INTO `collection` (id, serial, cardId) VALUES ('23308', 11, '23308_13');
INSERT INTO `collection` (id, serial, cardId) VALUES ('23308', 12, '23308_22');
INSERT INTO `collection` (id, serial, cardId) VALUES ('23308', 13, '23308_27');
INSERT INTO `collection` (id, serial, cardId) VALUES ('21841', 1, '21841_3');
INSERT INTO `collection` (id, serial, cardId) VALUES ('21841', 2, '21841_4');
INSERT INTO `collection` (id, serial, cardId) VALUES ('21841', 3, '21841_5');
INSERT INTO `collection` (id, serial, cardId) VALUES ('21841', 4, '21841_6');
INSERT INTO `collection` (id, serial, cardId) VALUES ('21841', 5, '21841_7');
INSERT INTO `collection` (id, serial, cardId) VALUES ('21841', 6, '21841_8');
INSERT INTO `collection` (id, serial, cardId) VALUES ('21841', 7, '21841_9');
INSERT INTO `collection` (id, serial, cardId) VALUES ('21841', 8, '21841_10');
INSERT INTO `collection` (id, serial, cardId) VALUES ('21841', 9, '21841_11');
INSERT INTO `collection` (id, serial, cardId) VALUES ('21841', 10, '21841_12');
INSERT INTO `collection` (id, serial, cardId) VALUES ('21841', 11, '21841_13');
INSERT INTO `collection` (id, serial, cardId) VALUES ('21841', 12, '21841_14');
INSERT INTO `collection` (id, serial, cardId) VALUES ('21841', 13, '21841_15');
INSERT INTO `collection` (id, serial, cardId) VALUES ('21841', 14, '21841_16');
INSERT INTO `collection` (id, serial, cardId) VALUES ('21841', 15, '21841_17');
INSERT INTO `collection` (id, serial, cardId) VALUES ('21841', 16, '21841_20');
INSERT INTO `collection` (id, serial, cardId) VALUES ('21841', 17, '21841_23');
INSERT INTO `collection` (id, serial, cardId) VALUES ('20440', 1, '20440_3');
INSERT INTO `collection` (id, serial, cardId) VALUES ('20440', 2, '20440_4');
INSERT INTO `collection` (id, serial, cardId) VALUES ('20440', 3, '20440_5');
INSERT INTO `collection` (id, serial, cardId) VALUES ('20440', 4, '20440_6');
INSERT INTO `collection` (id, serial, cardId) VALUES ('20440', 5, '20440_7');
INSERT INTO `collection` (id, serial, cardId) VALUES ('20440', 6, '20440_8');
INSERT INTO `collection` (id, serial, cardId) VALUES ('20440', 7, '20440_9');
INSERT INTO `collection` (id, serial, cardId) VALUES ('20440', 8, '20440_10');
INSERT INTO `collection` (id, serial, cardId) VALUES ('20440', 9, '20440_11');
INSERT INTO `collection` (id, serial, cardId) VALUES ('20440', 10, '20440_12');
INSERT INTO `collection` (id, serial, cardId) VALUES ('20440', 11, '20440_13');
INSERT INTO `collection` (id, serial, cardId) VALUES ('20440', 12, '20440_14');
INSERT INTO `collection` (id, serial, cardId) VALUES ('20440', 13, '20440_15');
INSERT INTO `collection` (id, serial, cardId) VALUES ('20440', 14, '20440_16');
INSERT INTO `collection` (id, serial, cardId) VALUES ('20440', 15, '20440_17');
INSERT INTO `collection` (id, serial, cardId) VALUES ('20440', 16, '20440_18');
INSERT INTO `collection` (id, serial, cardId) VALUES ('20440', 17, '20440_19');
INSERT INTO `collection` (id, serial, cardId) VALUES ('20440', 18, '20440_20');
INSERT INTO `collection` (id, serial, cardId) VALUES ('20440', 19, '20440_21');
INSERT INTO `collection` (id, serial, cardId) VALUES ('20440', 20, '20440_26');
INSERT INTO `collection` (id, serial, cardId) VALUES ('20440', 21, '20440_29');
INSERT INTO `collection` (id, serial, cardId) VALUES ('21140', 1, '21140_3');
INSERT INTO `collection` (id, serial, cardId) VALUES ('21140', 2, '21140_4');
INSERT INTO `collection` (id, serial, cardId) VALUES ('21140', 3, '21140_5');
INSERT INTO `collection` (id, serial, cardId) VALUES ('21140', 4, '21140_6');
INSERT INTO `collection` (id, serial, cardId) VALUES ('21140', 5, '21140_7');
INSERT INTO `collection` (id, serial, cardId) VALUES ('21140', 6, '21140_8');
INSERT INTO `collection` (id, serial, cardId) VALUES ('21140', 7, '21140_9');
INSERT INTO `collection` (id, serial, cardId) VALUES ('21140', 8, '21140_10');
INSERT INTO `collection` (id, serial, cardId) VALUES ('21140', 9, '21140_11');
INSERT INTO `collection` (id, serial, cardId) VALUES ('21140', 10, '21140_12');
INSERT INTO `collection` (id, serial, cardId) VALUES ('21140', 11, '21140_13');
INSERT INTO `collection` (id, serial, cardId) VALUES ('21140', 12, '21140_14');
INSERT INTO `collection` (id, serial, cardId) VALUES ('21140', 13, '21140_15');
INSERT INTO `collection` (id, serial, cardId) VALUES ('21140', 14, '21140_16');
INSERT INTO `collection` (id, serial, cardId) VALUES ('21140', 15, '21140_17');
INSERT INTO `collection` (id, serial, cardId) VALUES ('21140', 16, '21140_18');
INSERT INTO `collection` (id, serial, cardId) VALUES ('21140', 17, '21140_19');
INSERT INTO `collection` (id, serial, cardId) VALUES ('21140', 18, '21140_20');
INSERT INTO `collection` (id, serial, cardId) VALUES ('21140', 19, '21140_21');
INSERT INTO `collection` (id, serial, cardId) VALUES ('21140', 20, '21140_26');
INSERT INTO `collection` (id, serial, cardId) VALUES ('21140', 21, '21140_33');
INSERT INTO `collection` (id, serial, cardId) VALUES ('23158', 1, '23158_3');
INSERT INTO `collection` (id, serial, cardId) VALUES ('23158', 2, '23158_4');
INSERT INTO `collection` (id, serial, cardId) VALUES ('23158', 3, '23158_5');
INSERT INTO `collection` (id, serial, cardId) VALUES ('23158', 4, '23158_6');
INSERT INTO `collection` (id, serial, cardId) VALUES ('23158', 5, '23158_7');
INSERT INTO `collection` (id, serial, cardId) VALUES ('23158', 6, '23158_8');
INSERT INTO `collection` (id, serial, cardId) VALUES ('23158', 7, '23158_9');
INSERT INTO `collection` (id, serial, cardId) VALUES ('23158', 8, '23158_10');
INSERT INTO `collection` (id, serial, cardId) VALUES ('23158', 9, '23158_11');
INSERT INTO `collection` (id, serial, cardId) VALUES ('23158', 10, '23158_12');
INSERT INTO `collection` (id, serial, cardId) VALUES ('23158', 11, '23158_13');
INSERT INTO `collection` (id, serial, cardId) VALUES ('23158', 12, '23158_14');
INSERT INTO `collection` (id, serial, cardId) VALUES ('23158', 13, '23158_15');
INSERT INTO `collection` (id, serial, cardId) VALUES ('23158', 14, '23158_20');
INSERT INTO `collection` (id, serial, cardId) VALUES ('23158', 15, '23158_23');
INSERT INTO `collection` (id, serial, cardId) VALUES ('2209', 1, '2209_3');
INSERT INTO `collection` (id, serial, cardId) VALUES ('2209', 2, '2209_4');
INSERT INTO `collection` (id, serial, cardId) VALUES ('2209', 3, '2209_5');
INSERT INTO `collection` (id, serial, cardId) VALUES ('2209', 4, '2209_6');
INSERT INTO `collection` (id, serial, cardId) VALUES ('2209', 5, '2209_7');
INSERT INTO `collection` (id, serial, cardId) VALUES ('2209', 6, '2209_8');
INSERT INTO `collection` (id, serial, cardId) VALUES ('2209', 7, '2209_9');
INSERT INTO `collection` (id, serial, cardId) VALUES ('2209', 8, '2209_10');
INSERT INTO `collection` (id, serial, cardId) VALUES ('2209', 9, '2209_11');
INSERT INTO `collection` (id, serial, cardId) VALUES ('2209', 10, '2209_12');
INSERT INTO `collection` (id, serial, cardId) VALUES ('2209', 11, '2209_13');
INSERT INTO `collection` (id, serial, cardId) VALUES ('2209', 12, '2209_16');
INSERT INTO `collection` (id, serial, cardId) VALUES ('2209', 13, '2209_19');
INSERT INTO `collection` (id, serial, cardId) VALUES ('20022', 1, '20022_3');
INSERT INTO `collection` (id, serial, cardId) VALUES ('20022', 2, '20022_4');
INSERT INTO `collection` (id, serial, cardId) VALUES ('20022', 3, '20022_5');
INSERT INTO `collection` (id, serial, cardId) VALUES ('20022', 4, '20022_6');
INSERT INTO `collection` (id, serial, cardId) VALUES ('20022', 5, '20022_7');
INSERT INTO `collection` (id, serial, cardId) VALUES ('20022', 6, '20022_8');
INSERT INTO `collection` (id, serial, cardId) VALUES ('20022', 7, '20022_9');
INSERT INTO `collection` (id, serial, cardId) VALUES ('20022', 8, '20022_10');
INSERT INTO `collection` (id, serial, cardId) VALUES ('20022', 9, '20022_11');
INSERT INTO `collection` (id, serial, cardId) VALUES ('20022', 10, '20022_12');
INSERT INTO `collection` (id, serial, cardId) VALUES ('20022', 11, '20022_13');
INSERT INTO `collection` (id, serial, cardId) VALUES ('20022', 12, '20022_14');
INSERT INTO `collection` (id, serial, cardId) VALUES ('20022', 13, '20022_15');
INSERT INTO `collection` (id, serial, cardId) VALUES ('20022', 14, '20022_16');
INSERT INTO `collection` (id, serial, cardId) VALUES ('20022', 15, '20022_17');
INSERT INTO `collection` (id, serial, cardId) VALUES ('20022', 16, '20022_22');
INSERT INTO `collection` (id, serial, cardId) VALUES ('20022', 17, '20022_25');
INSERT INTO `collection` (id, serial, cardId) VALUES ('22004', 1, '22004_3');
INSERT INTO `collection` (id, serial, cardId) VALUES ('22004', 2, '22004_4');
INSERT INTO `collection` (id, serial, cardId) VALUES ('22004', 3, '22004_5');
INSERT INTO `collection` (id, serial, cardId) VALUES ('22004', 4, '22004_6');
INSERT INTO `collection` (id, serial, cardId) VALUES ('22004', 5, '22004_7');
INSERT INTO `collection` (id, serial, cardId) VALUES ('22004', 6, '22004_8');
INSERT INTO `collection` (id, serial, cardId) VALUES ('22004', 7, '22004_9');
INSERT INTO `collection` (id, serial, cardId) VALUES ('22004', 8, '22004_10');
INSERT INTO `collection` (id, serial, cardId) VALUES ('22004', 9, '22004_11');
INSERT INTO `collection` (id, serial, cardId) VALUES ('22004', 10, '22004_12');
INSERT INTO `collection` (id, serial, cardId) VALUES ('22004', 11, '22004_13');
INSERT INTO `collection` (id, serial, cardId) VALUES ('22004', 12, '22004_14');
INSERT INTO `collection` (id, serial, cardId) VALUES ('22004', 13, '22004_15');
INSERT INTO `collection` (id, serial, cardId) VALUES ('22004', 14, '22004_16');
INSERT INTO `collection` (id, serial, cardId) VALUES ('22004', 15, '22004_17');
INSERT INTO `collection` (id, serial, cardId) VALUES ('22004', 16, '22004_18');
INSERT INTO `collection` (id, serial, cardId) VALUES ('22004', 17, '22004_19');
INSERT INTO `collection` (id, serial, cardId) VALUES ('22004', 18, '22004_20');
INSERT INTO `collection` (id, serial, cardId) VALUES ('22004', 19, '22004_23');
INSERT INTO `collection` (id, serial, cardId) VALUES ('22004', 20, '22004_26');
INSERT INTO `collection` (id, serial, cardId) VALUES ('24751', 1, '24751_3');
INSERT INTO `collection` (id, serial, cardId) VALUES ('24751', 2, '24751_4');
INSERT INTO `collection` (id, serial, cardId) VALUES ('24751', 3, '24751_5');
INSERT INTO `collection` (id, serial, cardId) VALUES ('24751', 4, '24751_6');
INSERT INTO `collection` (id, serial, cardId) VALUES ('24751', 5, '24751_7');
INSERT INTO `collection` (id, serial, cardId) VALUES ('24751', 6, '24751_8');
INSERT INTO `collection` (id, serial, cardId) VALUES ('24751', 7, '24751_9');
INSERT INTO `collection` (id, serial, cardId) VALUES ('24751', 8, '24751_10');
INSERT INTO `collection` (id, serial, cardId) VALUES ('24751', 9, '24751_11');
INSERT INTO `collection` (id, serial, cardId) VALUES ('24751', 10, '24751_12');
INSERT INTO `collection` (id, serial, cardId) VALUES ('24751', 11, '24751_13');
INSERT INTO `collection` (id, serial, cardId) VALUES ('24751', 12, '24751_14');
INSERT INTO `collection` (id, serial, cardId) VALUES ('24751', 13, '24751_15');
INSERT INTO `collection` (id, serial, cardId) VALUES ('24751', 14, '24751_16');
INSERT INTO `collection` (id, serial, cardId) VALUES ('24751', 15, '24751_17');
INSERT INTO `collection` (id, serial, cardId) VALUES ('24751', 16, '24751_22');
INSERT INTO `collection` (id, serial, cardId) VALUES ('24751', 17, '24751_27');
INSERT INTO `collection` (id, serial, cardId) VALUES ('21863', 1, '21863_3');
INSERT INTO `collection` (id, serial, cardId) VALUES ('21863', 2, '21863_4');
INSERT INTO `collection` (id, serial, cardId) VALUES ('21863', 3, '21863_5');
INSERT INTO `collection` (id, serial, cardId) VALUES ('21863', 4, '21863_6');
INSERT INTO `collection` (id, serial, cardId) VALUES ('21863', 5, '21863_7');
INSERT INTO `collection` (id, serial, cardId) VALUES ('21863', 6, '21863_8');
INSERT INTO `collection` (id, serial, cardId) VALUES ('21863', 7, '21863_9');
INSERT INTO `collection` (id, serial, cardId) VALUES ('21863', 8, '21863_10');
INSERT INTO `collection` (id, serial, cardId) VALUES ('21863', 9, '21863_11');
INSERT INTO `collection` (id, serial, cardId) VALUES ('21863', 10, '21863_12');
INSERT INTO `collection` (id, serial, cardId) VALUES ('21863', 11, '21863_13');
INSERT INTO `collection` (id, serial, cardId) VALUES ('21863', 12, '21863_14');
INSERT INTO `collection` (id, serial, cardId) VALUES ('21863', 13, '21863_15');
INSERT INTO `collection` (id, serial, cardId) VALUES ('21863', 14, '21863_16');
INSERT INTO `collection` (id, serial, cardId) VALUES ('21863', 15, '21863_17');
INSERT INTO `collection` (id, serial, cardId) VALUES ('21863', 16, '21863_18');
INSERT INTO `collection` (id, serial, cardId) VALUES ('21863', 17, '21863_19');
INSERT INTO `collection` (id, serial, cardId) VALUES ('21863', 18, '21863_20');
INSERT INTO `collection` (id, serial, cardId) VALUES ('21863', 19, '21863_21');
INSERT INTO `collection` (id, serial, cardId) VALUES ('21863', 20, '21863_24');
INSERT INTO `collection` (id, serial, cardId) VALUES ('21863', 21, '21863_29');
INSERT INTO `collection` (id, serial, cardId) VALUES ('23035', 1, '23035_3');
INSERT INTO `collection` (id, serial, cardId) VALUES ('23035', 2, '23035_4');
INSERT INTO `collection` (id, serial, cardId) VALUES ('23035', 3, '23035_5');
INSERT INTO `collection` (id, serial, cardId) VALUES ('23035', 4, '23035_6');
INSERT INTO `collection` (id, serial, cardId) VALUES ('23035', 5, '23035_7');
INSERT INTO `collection` (id, serial, cardId) VALUES ('23035', 6, '23035_8');
INSERT INTO `collection` (id, serial, cardId) VALUES ('23035', 7, '23035_9');
INSERT INTO `collection` (id, serial, cardId) VALUES ('23035', 8, '23035_10');
INSERT INTO `collection` (id, serial, cardId) VALUES ('23035', 9, '23035_11');
INSERT INTO `collection` (id, serial, cardId) VALUES ('23035', 10, '23035_12');
INSERT INTO `collection` (id, serial, cardId) VALUES ('23035', 11, '23035_13');
INSERT INTO `collection` (id, serial, cardId) VALUES ('23035', 12, '23035_18');
INSERT INTO `collection` (id, serial, cardId) VALUES ('23035', 13, '23035_21');
INSERT INTO `collection` (id, serial, cardId) VALUES ('22536', 1, '22536_3');
INSERT INTO `collection` (id, serial, cardId) VALUES ('22536', 2, '22536_4');
INSERT INTO `collection` (id, serial, cardId) VALUES ('22536', 3, '22536_5');
INSERT INTO `collection` (id, serial, cardId) VALUES ('22536', 4, '22536_6');
INSERT INTO `collection` (id, serial, cardId) VALUES ('22536', 5, '22536_7');
INSERT INTO `collection` (id, serial, cardId) VALUES ('22536', 6, '22536_8');
INSERT INTO `collection` (id, serial, cardId) VALUES ('22536', 7, '22536_9');
INSERT INTO `collection` (id, serial, cardId) VALUES ('22536', 8, '22536_10');
INSERT INTO `collection` (id, serial, cardId) VALUES ('22536', 9, '22536_11');
INSERT INTO `collection` (id, serial, cardId) VALUES ('22536', 10, '22536_12');
INSERT INTO `collection` (id, serial, cardId) VALUES ('22536', 11, '22536_13');
INSERT INTO `collection` (id, serial, cardId) VALUES ('22536', 12, '22536_14');
INSERT INTO `collection` (id, serial, cardId) VALUES ('22536', 13, '22536_15');
INSERT INTO `collection` (id, serial, cardId) VALUES ('22536', 14, '22536_16');
INSERT INTO `collection` (id, serial, cardId) VALUES ('22536', 15, '22536_17');
INSERT INTO `collection` (id, serial, cardId) VALUES ('22536', 16, '22536_20');
INSERT INTO `collection` (id, serial, cardId) VALUES ('22536', 17, '22536_25');
INSERT INTO `collection` (id, serial, cardId) VALUES ('21837', 1, '21837_3');
INSERT INTO `collection` (id, serial, cardId) VALUES ('21837', 2, '21837_4');
INSERT INTO `collection` (id, serial, cardId) VALUES ('21837', 3, '21837_5');
INSERT INTO `collection` (id, serial, cardId) VALUES ('21837', 4, '21837_6');
INSERT INTO `collection` (id, serial, cardId) VALUES ('21837', 5, '21837_7');
INSERT INTO `collection` (id, serial, cardId) VALUES ('21837', 6, '21837_8');
INSERT INTO `collection` (id, serial, cardId) VALUES ('21837', 7, '21837_9');
INSERT INTO `collection` (id, serial, cardId) VALUES ('21837', 8, '21837_10');
INSERT INTO `collection` (id, serial, cardId) VALUES ('21837', 9, '21837_11');
INSERT INTO `collection` (id, serial, cardId) VALUES ('21837', 10, '21837_12');
INSERT INTO `collection` (id, serial, cardId) VALUES ('21837', 11, '21837_13');
INSERT INTO `collection` (id, serial, cardId) VALUES ('21837', 12, '21837_14');
INSERT INTO `collection` (id, serial, cardId) VALUES ('21837', 13, '21837_15');
INSERT INTO `collection` (id, serial, cardId) VALUES ('21837', 14, '21837_16');
INSERT INTO `collection` (id, serial, cardId) VALUES ('21837', 15, '21837_17');
INSERT INTO `collection` (id, serial, cardId) VALUES ('21837', 16, '21837_18');
INSERT INTO `collection` (id, serial, cardId) VALUES ('21837', 17, '21837_19');
INSERT INTO `collection` (id, serial, cardId) VALUES ('21837', 18, '21837_20');
INSERT INTO `collection` (id, serial, cardId) VALUES ('21837', 19, '21837_21');
INSERT INTO `collection` (id, serial, cardId) VALUES ('21837', 20, '21837_30');
INSERT INTO `collection` (id, serial, cardId) VALUES ('21837', 21, '21837_39');
INSERT INTO `collection` (id, serial, cardId) VALUES ('15934', 1, '15934_3');
INSERT INTO `collection` (id, serial, cardId) VALUES ('15934', 2, '15934_4');
INSERT INTO `collection` (id, serial, cardId) VALUES ('15934', 3, '15934_5');
INSERT INTO `collection` (id, serial, cardId) VALUES ('15934', 4, '15934_6');
INSERT INTO `collection` (id, serial, cardId) VALUES ('15934', 5, '15934_7');
INSERT INTO `collection` (id, serial, cardId) VALUES ('15934', 6, '15934_8');
INSERT INTO `collection` (id, serial, cardId) VALUES ('15934', 7, '15934_9');
INSERT INTO `collection` (id, serial, cardId) VALUES ('15934', 8, '15934_10');
INSERT INTO `collection` (id, serial, cardId) VALUES ('15934', 9, '15934_11');
INSERT INTO `collection` (id, serial, cardId) VALUES ('15934', 10, '15934_12');
INSERT INTO `collection` (id, serial, cardId) VALUES ('15934', 11, '15934_13');
INSERT INTO `collection` (id, serial, cardId) VALUES ('15934', 12, '15934_14');
INSERT INTO `collection` (id, serial, cardId) VALUES ('15934', 13, '15934_15');
INSERT INTO `collection` (id, serial, cardId) VALUES ('15934', 14, '15934_16');
INSERT INTO `collection` (id, serial, cardId) VALUES ('15934', 15, '15934_17');
INSERT INTO `collection` (id, serial, cardId) VALUES ('15934', 16, '15934_18');
INSERT INTO `collection` (id, serial, cardId) VALUES ('15934', 17, '15934_19');
INSERT INTO `collection` (id, serial, cardId) VALUES ('15934', 18, '15934_20');
INSERT INTO `collection` (id, serial, cardId) VALUES ('15934', 19, '15934_21');
INSERT INTO `collection` (id, serial, cardId) VALUES ('15934', 20, '15934_22');
INSERT INTO `collection` (id, serial, cardId) VALUES ('15934', 21, '15934_23');
INSERT INTO `collection` (id, serial, cardId) VALUES ('15934', 22, '15934_24');
INSERT INTO `collection` (id, serial, cardId) VALUES ('15934', 23, '15934_25');
INSERT INTO `collection` (id, serial, cardId) VALUES ('15934', 24, '15934_30');
INSERT INTO `collection` (id, serial, cardId) VALUES ('15934', 25, '15934_33');
INSERT INTO `collection` (id, serial, cardId) VALUES ('21149', 1, '21149_3');
INSERT INTO `collection` (id, serial, cardId) VALUES ('21149', 2, '21149_4');
INSERT INTO `collection` (id, serial, cardId) VALUES ('21149', 3, '21149_5');
INSERT INTO `collection` (id, serial, cardId) VALUES ('21149', 4, '21149_6');
INSERT INTO `collection` (id, serial, cardId) VALUES ('21149', 5, '21149_7');
INSERT INTO `collection` (id, serial, cardId) VALUES ('21149', 6, '21149_8');
INSERT INTO `collection` (id, serial, cardId) VALUES ('21149', 7, '21149_9');
INSERT INTO `collection` (id, serial, cardId) VALUES ('21149', 8, '21149_10');
INSERT INTO `collection` (id, serial, cardId) VALUES ('21149', 9, '21149_11');
INSERT INTO `collection` (id, serial, cardId) VALUES ('21149', 10, '21149_12');
INSERT INTO `collection` (id, serial, cardId) VALUES ('21149', 11, '21149_13');
INSERT INTO `collection` (id, serial, cardId) VALUES ('21149', 12, '21149_14');
INSERT INTO `collection` (id, serial, cardId) VALUES ('21149', 13, '21149_15');
INSERT INTO `collection` (id, serial, cardId) VALUES ('21149', 14, '21149_16');
INSERT INTO `collection` (id, serial, cardId) VALUES ('21149', 15, '21149_17');
INSERT INTO `collection` (id, serial, cardId) VALUES ('21149', 16, '21149_22');
INSERT INTO `collection` (id, serial, cardId) VALUES ('21149', 17, '21149_25');
INSERT INTO `collection` (id, serial, cardId) VALUES ('17534', 1, '17534_3');
INSERT INTO `collection` (id, serial, cardId) VALUES ('17534', 2, '17534_4');
INSERT INTO `collection` (id, serial, cardId) VALUES ('17534', 3, '17534_5');
INSERT INTO `collection` (id, serial, cardId) VALUES ('17534', 4, '17534_6');
INSERT INTO `collection` (id, serial, cardId) VALUES ('17534', 5, '17534_7');
INSERT INTO `collection` (id, serial, cardId) VALUES ('17534', 6, '17534_8');
INSERT INTO `collection` (id, serial, cardId) VALUES ('17534', 7, '17534_9');
INSERT INTO `collection` (id, serial, cardId) VALUES ('17534', 8, '17534_10');
INSERT INTO `collection` (id, serial, cardId) VALUES ('17534', 9, '17534_11');
INSERT INTO `collection` (id, serial, cardId) VALUES ('17534', 10, '17534_12');
INSERT INTO `collection` (id, serial, cardId) VALUES ('17534', 11, '17534_13');
INSERT INTO `collection` (id, serial, cardId) VALUES ('17534', 12, '17534_18');
INSERT INTO `collection` (id, serial, cardId) VALUES ('17534', 13, '17534_21');
INSERT INTO `collection` (id, serial, cardId) VALUES ('17031', 1, '17031_3');
INSERT INTO `collection` (id, serial, cardId) VALUES ('17031', 2, '17031_4');
INSERT INTO `collection` (id, serial, cardId) VALUES ('17031', 3, '17031_5');
INSERT INTO `collection` (id, serial, cardId) VALUES ('17031', 4, '17031_6');
INSERT INTO `collection` (id, serial, cardId) VALUES ('17031', 5, '17031_7');
INSERT INTO `collection` (id, serial, cardId) VALUES ('17031', 6, '17031_8');
INSERT INTO `collection` (id, serial, cardId) VALUES ('17031', 7, '17031_9');
INSERT INTO `collection` (id, serial, cardId) VALUES ('17031', 8, '17031_10');
INSERT INTO `collection` (id, serial, cardId) VALUES ('17031', 9, '17031_11');
INSERT INTO `collection` (id, serial, cardId) VALUES ('17031', 10, '17031_12');
INSERT INTO `collection` (id, serial, cardId) VALUES ('17031', 11, '17031_13');
INSERT INTO `collection` (id, serial, cardId) VALUES ('17031', 12, '17031_14');
INSERT INTO `collection` (id, serial, cardId) VALUES ('17031', 13, '17031_15');
INSERT INTO `collection` (id, serial, cardId) VALUES ('17031', 14, '17031_16');
INSERT INTO `collection` (id, serial, cardId) VALUES ('17031', 15, '17031_17');
INSERT INTO `collection` (id, serial, cardId) VALUES ('17031', 16, '17031_22');
INSERT INTO `collection` (id, serial, cardId) VALUES ('17031', 17, '17031_25');
INSERT INTO `collection` (id, serial, cardId) VALUES ('2069', 1, '2069_3');
INSERT INTO `collection` (id, serial, cardId) VALUES ('2069', 2, '2069_4');
INSERT INTO `collection` (id, serial, cardId) VALUES ('2069', 3, '2069_5');
INSERT INTO `collection` (id, serial, cardId) VALUES ('2069', 4, '2069_6');
INSERT INTO `collection` (id, serial, cardId) VALUES ('2069', 5, '2069_7');
INSERT INTO `collection` (id, serial, cardId) VALUES ('2069', 6, '2069_8');
INSERT INTO `collection` (id, serial, cardId) VALUES ('2069', 7, '2069_9');
INSERT INTO `collection` (id, serial, cardId) VALUES ('2069', 8, '2069_10');
INSERT INTO `collection` (id, serial, cardId) VALUES ('2069', 9, '2069_11');
INSERT INTO `collection` (id, serial, cardId) VALUES ('2069', 10, '2069_12');
INSERT INTO `collection` (id, serial, cardId) VALUES ('2069', 11, '2069_13');
INSERT INTO `collection` (id, serial, cardId) VALUES ('2069', 12, '2069_20');
INSERT INTO `collection` (id, serial, cardId) VALUES ('2069', 13, '2069_23');
INSERT INTO `collection` (id, serial, cardId) VALUES ('22088', 1, '22088_3');
INSERT INTO `collection` (id, serial, cardId) VALUES ('22088', 2, '22088_4');
INSERT INTO `collection` (id, serial, cardId) VALUES ('22088', 3, '22088_5');
INSERT INTO `collection` (id, serial, cardId) VALUES ('22088', 4, '22088_6');
INSERT INTO `collection` (id, serial, cardId) VALUES ('22088', 5, '22088_7');
INSERT INTO `collection` (id, serial, cardId) VALUES ('22088', 6, '22088_8');
INSERT INTO `collection` (id, serial, cardId) VALUES ('22088', 7, '22088_9');
INSERT INTO `collection` (id, serial, cardId) VALUES ('22088', 8, '22088_10');
INSERT INTO `collection` (id, serial, cardId) VALUES ('22088', 9, '22088_11');
INSERT INTO `collection` (id, serial, cardId) VALUES ('22088', 10, '22088_12');
INSERT INTO `collection` (id, serial, cardId) VALUES ('22088', 11, '22088_13');
INSERT INTO `collection` (id, serial, cardId) VALUES ('22088', 12, '22088_14');
INSERT INTO `collection` (id, serial, cardId) VALUES ('22088', 13, '22088_15');
INSERT INTO `collection` (id, serial, cardId) VALUES ('22088', 14, '22088_20');
INSERT INTO `collection` (id, serial, cardId) VALUES ('22088', 15, '22088_23');
INSERT INTO `collection` (id, serial, cardId) VALUES ('15938', 1, '15938_3');
INSERT INTO `collection` (id, serial, cardId) VALUES ('15938', 2, '15938_4');
INSERT INTO `collection` (id, serial, cardId) VALUES ('15938', 3, '15938_5');
INSERT INTO `collection` (id, serial, cardId) VALUES ('15938', 4, '15938_6');
INSERT INTO `collection` (id, serial, cardId) VALUES ('15938', 5, '15938_7');
INSERT INTO `collection` (id, serial, cardId) VALUES ('15938', 6, '15938_8');
INSERT INTO `collection` (id, serial, cardId) VALUES ('15938', 7, '15938_9');
INSERT INTO `collection` (id, serial, cardId) VALUES ('15938', 8, '15938_10');
INSERT INTO `collection` (id, serial, cardId) VALUES ('15938', 9, '15938_11');
INSERT INTO `collection` (id, serial, cardId) VALUES ('15938', 10, '15938_12');
INSERT INTO `collection` (id, serial, cardId) VALUES ('15938', 11, '15938_13');
INSERT INTO `collection` (id, serial, cardId) VALUES ('15938', 12, '15938_18');
INSERT INTO `collection` (id, serial, cardId) VALUES ('15938', 13, '15938_21');
INSERT INTO `collection` (id, serial, cardId) VALUES ('8442', 1, '8442_3');
INSERT INTO `collection` (id, serial, cardId) VALUES ('8442', 2, '8442_4');
INSERT INTO `collection` (id, serial, cardId) VALUES ('8442', 3, '8442_5');
INSERT INTO `collection` (id, serial, cardId) VALUES ('8442', 4, '8442_6');
INSERT INTO `collection` (id, serial, cardId) VALUES ('8442', 5, '8442_7');
INSERT INTO `collection` (id, serial, cardId) VALUES ('8442', 6, '8442_8');
INSERT INTO `collection` (id, serial, cardId) VALUES ('8442', 7, '8442_9');
INSERT INTO `collection` (id, serial, cardId) VALUES ('8442', 8, '8442_10');
INSERT INTO `collection` (id, serial, cardId) VALUES ('8442', 9, '8442_11');
INSERT INTO `collection` (id, serial, cardId) VALUES ('8442', 10, '8442_12');
INSERT INTO `collection` (id, serial, cardId) VALUES ('8442', 11, '8442_13');
INSERT INTO `collection` (id, serial, cardId) VALUES ('8442', 12, '8442_14');
INSERT INTO `collection` (id, serial, cardId) VALUES ('8442', 13, '8442_15');
INSERT INTO `collection` (id, serial, cardId) VALUES ('8442', 14, '8442_16');
INSERT INTO `collection` (id, serial, cardId) VALUES ('8442', 15, '8442_17');
INSERT INTO `collection` (id, serial, cardId) VALUES ('8442', 16, '8442_22');
INSERT INTO `collection` (id, serial, cardId) VALUES ('8442', 17, '8442_27');
INSERT INTO `collection` (id, serial, cardId) VALUES ('24473', 1, '24473_3');
INSERT INTO `collection` (id, serial, cardId) VALUES ('24473', 2, '24473_4');
INSERT INTO `collection` (id, serial, cardId) VALUES ('24473', 3, '24473_5');
INSERT INTO `collection` (id, serial, cardId) VALUES ('24473', 4, '24473_6');
INSERT INTO `collection` (id, serial, cardId) VALUES ('24473', 5, '24473_7');
INSERT INTO `collection` (id, serial, cardId) VALUES ('24473', 6, '24473_8');
INSERT INTO `collection` (id, serial, cardId) VALUES ('24473', 7, '24473_9');
INSERT INTO `collection` (id, serial, cardId) VALUES ('24473', 8, '24473_10');
INSERT INTO `collection` (id, serial, cardId) VALUES ('24473', 9, '24473_11');
INSERT INTO `collection` (id, serial, cardId) VALUES ('24473', 10, '24473_12');
INSERT INTO `collection` (id, serial, cardId) VALUES ('24473', 11, '24473_13');
INSERT INTO `collection` (id, serial, cardId) VALUES ('24473', 12, '24473_14');
INSERT INTO `collection` (id, serial, cardId) VALUES ('24473', 13, '24473_15');
INSERT INTO `collection` (id, serial, cardId) VALUES ('24473', 14, '24473_16');
INSERT INTO `collection` (id, serial, cardId) VALUES ('24473', 15, '24473_17');
INSERT INTO `collection` (id, serial, cardId) VALUES ('24473', 16, '24473_20');
INSERT INTO `collection` (id, serial, cardId) VALUES ('24473', 17, '24473_25');
INSERT INTO `collection` (id, serial, cardId) VALUES ('21999', 1, '21999_3');
INSERT INTO `collection` (id, serial, cardId) VALUES ('21999', 2, '21999_4');
INSERT INTO `collection` (id, serial, cardId) VALUES ('21999', 3, '21999_5');
INSERT INTO `collection` (id, serial, cardId) VALUES ('21999', 4, '21999_6');
INSERT INTO `collection` (id, serial, cardId) VALUES ('21999', 5, '21999_7');
INSERT INTO `collection` (id, serial, cardId) VALUES ('21999', 6, '21999_8');
INSERT INTO `collection` (id, serial, cardId) VALUES ('21999', 7, '21999_9');
INSERT INTO `collection` (id, serial, cardId) VALUES ('21999', 8, '21999_10');
INSERT INTO `collection` (id, serial, cardId) VALUES ('21999', 9, '21999_11');
INSERT INTO `collection` (id, serial, cardId) VALUES ('21999', 10, '21999_12');
INSERT INTO `collection` (id, serial, cardId) VALUES ('21999', 11, '21999_13');
INSERT INTO `collection` (id, serial, cardId) VALUES ('21999', 12, '21999_14');
INSERT INTO `collection` (id, serial, cardId) VALUES ('21999', 13, '21999_15');
INSERT INTO `collection` (id, serial, cardId) VALUES ('21999', 14, '21999_16');
INSERT INTO `collection` (id, serial, cardId) VALUES ('21999', 15, '21999_17');
INSERT INTO `collection` (id, serial, cardId) VALUES ('21999', 16, '21999_18');
INSERT INTO `collection` (id, serial, cardId) VALUES ('21999', 17, '21999_19');
INSERT INTO `collection` (id, serial, cardId) VALUES ('21999', 18, '21999_20');
INSERT INTO `collection` (id, serial, cardId) VALUES ('21999', 19, '21999_21');
INSERT INTO `collection` (id, serial, cardId) VALUES ('21999', 20, '21999_26');
INSERT INTO `collection` (id, serial, cardId) VALUES ('21999', 21, '21999_29');
INSERT INTO `collection` (id, serial, cardId) VALUES ('22080', 1, '22080_3');
INSERT INTO `collection` (id, serial, cardId) VALUES ('22080', 2, '22080_4');
INSERT INTO `collection` (id, serial, cardId) VALUES ('22080', 3, '22080_5');
INSERT INTO `collection` (id, serial, cardId) VALUES ('22080', 4, '22080_6');
INSERT INTO `collection` (id, serial, cardId) VALUES ('22080', 5, '22080_7');
INSERT INTO `collection` (id, serial, cardId) VALUES ('22080', 6, '22080_8');
INSERT INTO `collection` (id, serial, cardId) VALUES ('22080', 7, '22080_9');
INSERT INTO `collection` (id, serial, cardId) VALUES ('22080', 8, '22080_10');
INSERT INTO `collection` (id, serial, cardId) VALUES ('22080', 9, '22080_11');
INSERT INTO `collection` (id, serial, cardId) VALUES ('22080', 10, '22080_12');
INSERT INTO `collection` (id, serial, cardId) VALUES ('22080', 11, '22080_13');
INSERT INTO `collection` (id, serial, cardId) VALUES ('22080', 12, '22080_14');
INSERT INTO `collection` (id, serial, cardId) VALUES ('22080', 13, '22080_15');
INSERT INTO `collection` (id, serial, cardId) VALUES ('22080', 14, '22080_16');
INSERT INTO `collection` (id, serial, cardId) VALUES ('22080', 15, '22080_17');
INSERT INTO `collection` (id, serial, cardId) VALUES ('22080', 16, '22080_18');
INSERT INTO `collection` (id, serial, cardId) VALUES ('22080', 17, '22080_19');
INSERT INTO `collection` (id, serial, cardId) VALUES ('22080', 18, '22080_20');
INSERT INTO `collection` (id, serial, cardId) VALUES ('22080', 19, '22080_21');
INSERT INTO `collection` (id, serial, cardId) VALUES ('22080', 20, '22080_26');
INSERT INTO `collection` (id, serial, cardId) VALUES ('22080', 21, '22080_29');
INSERT INTO `collection` (id, serial, cardId) VALUES ('22080', 22, '22080_32');
INSERT INTO `collection` (id, serial, cardId) VALUES ('12670', 1, '12670_3');
INSERT INTO `collection` (id, serial, cardId) VALUES ('12670', 2, '12670_4');
INSERT INTO `collection` (id, serial, cardId) VALUES ('12670', 3, '12670_5');
INSERT INTO `collection` (id, serial, cardId) VALUES ('12670', 4, '12670_6');
INSERT INTO `collection` (id, serial, cardId) VALUES ('12670', 5, '12670_7');
INSERT INTO `collection` (id, serial, cardId) VALUES ('12670', 6, '12670_8');
INSERT INTO `collection` (id, serial, cardId) VALUES ('12670', 7, '12670_9');
INSERT INTO `collection` (id, serial, cardId) VALUES ('12670', 8, '12670_10');
INSERT INTO `collection` (id, serial, cardId) VALUES ('12670', 9, '12670_11');
INSERT INTO `collection` (id, serial, cardId) VALUES ('12670', 10, '12670_12');
INSERT INTO `collection` (id, serial, cardId) VALUES ('12670', 11, '12670_13');
INSERT INTO `collection` (id, serial, cardId) VALUES ('12670', 12, '12670_14');
INSERT INTO `collection` (id, serial, cardId) VALUES ('12670', 13, '12670_15');
INSERT INTO `collection` (id, serial, cardId) VALUES ('12670', 14, '12670_16');
INSERT INTO `collection` (id, serial, cardId) VALUES ('12670', 15, '12670_17');
INSERT INTO `collection` (id, serial, cardId) VALUES ('12670', 16, '12670_18');
INSERT INTO `collection` (id, serial, cardId) VALUES ('12670', 17, '12670_19');
INSERT INTO `collection` (id, serial, cardId) VALUES ('12670', 18, '12670_20');
INSERT INTO `collection` (id, serial, cardId) VALUES ('12670', 19, '12670_21');
INSERT INTO `collection` (id, serial, cardId) VALUES ('12670', 20, '12670_22');
INSERT INTO `collection` (id, serial, cardId) VALUES ('12670', 21, '12670_23');
INSERT INTO `collection` (id, serial, cardId) VALUES ('12670', 22, '12670_24');
INSERT INTO `collection` (id, serial, cardId) VALUES ('12670', 23, '12670_25');
INSERT INTO `collection` (id, serial, cardId) VALUES ('12670', 24, '12670_28');
INSERT INTO `collection` (id, serial, cardId) VALUES ('12670', 25, '12670_31');
INSERT INTO `collection` (id, serial, cardId) VALUES ('12670', 26, '12670_34');
INSERT INTO `collection` (id, serial, cardId) VALUES ('19586', 1, '19586_3');
INSERT INTO `collection` (id, serial, cardId) VALUES ('19586', 2, '19586_4');
INSERT INTO `collection` (id, serial, cardId) VALUES ('19586', 3, '19586_5');
INSERT INTO `collection` (id, serial, cardId) VALUES ('19586', 4, '19586_6');
INSERT INTO `collection` (id, serial, cardId) VALUES ('19586', 5, '19586_7');
INSERT INTO `collection` (id, serial, cardId) VALUES ('19586', 6, '19586_8');
INSERT INTO `collection` (id, serial, cardId) VALUES ('19586', 7, '19586_9');
INSERT INTO `collection` (id, serial, cardId) VALUES ('19586', 8, '19586_10');
INSERT INTO `collection` (id, serial, cardId) VALUES ('19586', 9, '19586_11');
INSERT INTO `collection` (id, serial, cardId) VALUES ('19586', 10, '19586_12');
INSERT INTO `collection` (id, serial, cardId) VALUES ('19586', 11, '19586_13');
INSERT INTO `collection` (id, serial, cardId) VALUES ('19586', 12, '19586_14');
INSERT INTO `collection` (id, serial, cardId) VALUES ('19586', 13, '19586_15');
INSERT INTO `collection` (id, serial, cardId) VALUES ('19586', 14, '19586_16');
INSERT INTO `collection` (id, serial, cardId) VALUES ('19586', 15, '19586_17');
INSERT INTO `collection` (id, serial, cardId) VALUES ('19586', 16, '19586_22');
INSERT INTO `collection` (id, serial, cardId) VALUES ('19586', 17, '19586_27');
INSERT INTO `collection` (id, serial, cardId) VALUES ('19586', 18, '19586_30');
INSERT INTO `collection` (id, serial, cardId) VALUES ('21075', 1, '21075_3');
INSERT INTO `collection` (id, serial, cardId) VALUES ('21075', 2, '21075_4');
INSERT INTO `collection` (id, serial, cardId) VALUES ('21075', 3, '21075_5');
INSERT INTO `collection` (id, serial, cardId) VALUES ('21075', 4, '21075_6');
INSERT INTO `collection` (id, serial, cardId) VALUES ('21075', 5, '21075_7');
INSERT INTO `collection` (id, serial, cardId) VALUES ('21075', 6, '21075_8');
INSERT INTO `collection` (id, serial, cardId) VALUES ('21075', 7, '21075_9');
INSERT INTO `collection` (id, serial, cardId) VALUES ('21075', 8, '21075_10');
INSERT INTO `collection` (id, serial, cardId) VALUES ('21075', 9, '21075_11');
INSERT INTO `collection` (id, serial, cardId) VALUES ('21075', 10, '21075_12');
INSERT INTO `collection` (id, serial, cardId) VALUES ('21075', 11, '21075_13');
INSERT INTO `collection` (id, serial, cardId) VALUES ('21075', 12, '21075_14');
INSERT INTO `collection` (id, serial, cardId) VALUES ('21075', 13, '21075_15');
INSERT INTO `collection` (id, serial, cardId) VALUES ('21075', 14, '21075_16');
INSERT INTO `collection` (id, serial, cardId) VALUES ('21075', 15, '21075_17');
INSERT INTO `collection` (id, serial, cardId) VALUES ('21075', 16, '21075_18');
INSERT INTO `collection` (id, serial, cardId) VALUES ('21075', 17, '21075_19');
INSERT INTO `collection` (id, serial, cardId) VALUES ('21075', 18, '21075_20');
INSERT INTO `collection` (id, serial, cardId) VALUES ('21075', 19, '21075_21');
INSERT INTO `collection` (id, serial, cardId) VALUES ('21075', 20, '21075_22');
INSERT INTO `collection` (id, serial, cardId) VALUES ('21075', 21, '21075_23');
INSERT INTO `collection` (id, serial, cardId) VALUES ('21075', 22, '21075_24');
INSERT INTO `collection` (id, serial, cardId) VALUES ('21075', 23, '21075_25');
INSERT INTO `collection` (id, serial, cardId) VALUES ('21075', 24, '21075_28');
INSERT INTO `collection` (id, serial, cardId) VALUES ('21075', 25, '21075_34');
INSERT INTO `collection` (id, serial, cardId) VALUES ('21075', 26, '21075_37');
INSERT INTO `collection` (id, serial, cardId) VALUES ('18330', 1, '18330_3');
INSERT INTO `collection` (id, serial, cardId) VALUES ('18330', 2, '18330_4');
INSERT INTO `collection` (id, serial, cardId) VALUES ('18330', 3, '18330_5');
INSERT INTO `collection` (id, serial, cardId) VALUES ('18330', 4, '18330_6');
INSERT INTO `collection` (id, serial, cardId) VALUES ('18330', 5, '18330_7');
INSERT INTO `collection` (id, serial, cardId) VALUES ('18330', 6, '18330_8');
INSERT INTO `collection` (id, serial, cardId) VALUES ('18330', 7, '18330_9');
INSERT INTO `collection` (id, serial, cardId) VALUES ('18330', 8, '18330_10');
INSERT INTO `collection` (id, serial, cardId) VALUES ('18330', 9, '18330_11');
INSERT INTO `collection` (id, serial, cardId) VALUES ('18330', 10, '18330_12');
INSERT INTO `collection` (id, serial, cardId) VALUES ('18330', 11, '18330_13');
INSERT INTO `collection` (id, serial, cardId) VALUES ('18330', 12, '18330_14');
INSERT INTO `collection` (id, serial, cardId) VALUES ('18330', 13, '18330_15');
INSERT INTO `collection` (id, serial, cardId) VALUES ('18330', 14, '18330_16');
INSERT INTO `collection` (id, serial, cardId) VALUES ('18330', 15, '18330_17');
INSERT INTO `collection` (id, serial, cardId) VALUES ('18330', 16, '18330_18');
INSERT INTO `collection` (id, serial, cardId) VALUES ('18330', 17, '18330_19');
INSERT INTO `collection` (id, serial, cardId) VALUES ('18330', 18, '18330_20');
INSERT INTO `collection` (id, serial, cardId) VALUES ('18330', 19, '18330_21');
INSERT INTO `collection` (id, serial, cardId) VALUES ('18330', 20, '18330_26');
INSERT INTO `collection` (id, serial, cardId) VALUES ('18330', 21, '18330_29');
INSERT INTO `collection` (id, serial, cardId) VALUES ('18330', 22, '18330_32');
INSERT INTO `collection` (id, serial, cardId) VALUES ('18330', 23, '18330_35');
INSERT INTO `collection` (id, serial, cardId) VALUES ('14412', 1, '14412_3');
INSERT INTO `collection` (id, serial, cardId) VALUES ('14412', 2, '14412_4');
INSERT INTO `collection` (id, serial, cardId) VALUES ('14412', 3, '14412_5');
INSERT INTO `collection` (id, serial, cardId) VALUES ('14412', 4, '14412_6');
INSERT INTO `collection` (id, serial, cardId) VALUES ('14412', 5, '14412_7');
INSERT INTO `collection` (id, serial, cardId) VALUES ('14412', 6, '14412_8');
INSERT INTO `collection` (id, serial, cardId) VALUES ('14412', 7, '14412_9');
INSERT INTO `collection` (id, serial, cardId) VALUES ('14412', 8, '14412_10');
INSERT INTO `collection` (id, serial, cardId) VALUES ('14412', 9, '14412_11');
INSERT INTO `collection` (id, serial, cardId) VALUES ('14412', 10, '14412_12');
INSERT INTO `collection` (id, serial, cardId) VALUES ('14412', 11, '14412_13');
INSERT INTO `collection` (id, serial, cardId) VALUES ('14412', 12, '14412_14');
INSERT INTO `collection` (id, serial, cardId) VALUES ('14412', 13, '14412_15');
INSERT INTO `collection` (id, serial, cardId) VALUES ('14412', 14, '14412_16');
INSERT INTO `collection` (id, serial, cardId) VALUES ('14412', 15, '14412_17');
INSERT INTO `collection` (id, serial, cardId) VALUES ('14412', 16, '14412_18');
INSERT INTO `collection` (id, serial, cardId) VALUES ('14412', 17, '14412_19');
INSERT INTO `collection` (id, serial, cardId) VALUES ('14412', 18, '14412_20');
INSERT INTO `collection` (id, serial, cardId) VALUES ('14412', 19, '14412_21');
INSERT INTO `collection` (id, serial, cardId) VALUES ('14412', 20, '14412_26');
INSERT INTO `collection` (id, serial, cardId) VALUES ('14412', 21, '14412_29');
INSERT INTO `collection` (id, serial, cardId) VALUES ('14412', 22, '14412_32');
INSERT INTO `collection` (id, serial, cardId) VALUES ('2405', 1, '2405_3');
INSERT INTO `collection` (id, serial, cardId) VALUES ('2405', 2, '2405_4');
INSERT INTO `collection` (id, serial, cardId) VALUES ('2405', 3, '2405_5');
INSERT INTO `collection` (id, serial, cardId) VALUES ('2405', 4, '2405_6');
INSERT INTO `collection` (id, serial, cardId) VALUES ('2405', 5, '2405_7');
INSERT INTO `collection` (id, serial, cardId) VALUES ('2405', 6, '2405_8');
INSERT INTO `collection` (id, serial, cardId) VALUES ('2405', 7, '2405_9');
INSERT INTO `collection` (id, serial, cardId) VALUES ('2405', 8, '2405_10');
INSERT INTO `collection` (id, serial, cardId) VALUES ('2405', 9, '2405_11');
INSERT INTO `collection` (id, serial, cardId) VALUES ('2405', 10, '2405_12');
INSERT INTO `collection` (id, serial, cardId) VALUES ('2405', 11, '2405_15');
INSERT INTO `collection` (id, serial, cardId) VALUES ('2405', 12, '2405_18');
INSERT INTO `collection` (id, serial, cardId) VALUES ('2405', 13, '2405_23');
INSERT INTO `collection` (id, serial, cardId) VALUES ('21126', 1, '21126_3');
INSERT INTO `collection` (id, serial, cardId) VALUES ('21126', 2, '21126_4');
INSERT INTO `collection` (id, serial, cardId) VALUES ('21126', 3, '21126_5');
INSERT INTO `collection` (id, serial, cardId) VALUES ('21126', 4, '21126_6');
INSERT INTO `collection` (id, serial, cardId) VALUES ('21126', 5, '21126_7');
INSERT INTO `collection` (id, serial, cardId) VALUES ('21126', 6, '21126_8');
INSERT INTO `collection` (id, serial, cardId) VALUES ('21126', 7, '21126_9');
INSERT INTO `collection` (id, serial, cardId) VALUES ('21126', 8, '21126_10');
INSERT INTO `collection` (id, serial, cardId) VALUES ('21126', 9, '21126_11');
INSERT INTO `collection` (id, serial, cardId) VALUES ('21126', 10, '21126_12');
INSERT INTO `collection` (id, serial, cardId) VALUES ('21126', 11, '21126_13');
INSERT INTO `collection` (id, serial, cardId) VALUES ('21126', 12, '21126_14');
INSERT INTO `collection` (id, serial, cardId) VALUES ('21126', 13, '21126_15');
INSERT INTO `collection` (id, serial, cardId) VALUES ('21126', 14, '21126_16');
INSERT INTO `collection` (id, serial, cardId) VALUES ('21126', 15, '21126_17');
INSERT INTO `collection` (id, serial, cardId) VALUES ('21126', 16, '21126_18');
INSERT INTO `collection` (id, serial, cardId) VALUES ('21126', 17, '21126_23');
INSERT INTO `collection` (id, serial, cardId) VALUES ('21126', 18, '21126_29');
INSERT INTO `collection` (id, serial, cardId) VALUES ('12652', 1, '12652_3');
INSERT INTO `collection` (id, serial, cardId) VALUES ('12652', 2, '12652_4');
INSERT INTO `collection` (id, serial, cardId) VALUES ('12652', 3, '12652_5');
INSERT INTO `collection` (id, serial, cardId) VALUES ('12652', 4, '12652_6');
INSERT INTO `collection` (id, serial, cardId) VALUES ('12652', 5, '12652_7');
INSERT INTO `collection` (id, serial, cardId) VALUES ('12652', 6, '12652_8');
INSERT INTO `collection` (id, serial, cardId) VALUES ('12652', 7, '12652_9');
INSERT INTO `collection` (id, serial, cardId) VALUES ('12652', 8, '12652_10');
INSERT INTO `collection` (id, serial, cardId) VALUES ('12652', 9, '12652_11');
INSERT INTO `collection` (id, serial, cardId) VALUES ('12652', 10, '12652_12');
INSERT INTO `collection` (id, serial, cardId) VALUES ('12652', 11, '12652_13');
INSERT INTO `collection` (id, serial, cardId) VALUES ('12652', 12, '12652_18');
INSERT INTO `collection` (id, serial, cardId) VALUES ('12652', 13, '12652_21');
INSERT INTO `collection` (id, serial, cardId) VALUES ('15746', 1, '15746_3');
INSERT INTO `collection` (id, serial, cardId) VALUES ('15746', 2, '15746_4');
INSERT INTO `collection` (id, serial, cardId) VALUES ('15746', 3, '15746_5');
INSERT INTO `collection` (id, serial, cardId) VALUES ('15746', 4, '15746_6');
INSERT INTO `collection` (id, serial, cardId) VALUES ('15746', 5, '15746_7');
INSERT INTO `collection` (id, serial, cardId) VALUES ('15746', 6, '15746_8');
INSERT INTO `collection` (id, serial, cardId) VALUES ('15746', 7, '15746_9');
INSERT INTO `collection` (id, serial, cardId) VALUES ('15746', 8, '15746_10');
INSERT INTO `collection` (id, serial, cardId) VALUES ('15746', 9, '15746_11');
INSERT INTO `collection` (id, serial, cardId) VALUES ('15746', 10, '15746_12');
INSERT INTO `collection` (id, serial, cardId) VALUES ('15746', 11, '15746_13');
INSERT INTO `collection` (id, serial, cardId) VALUES ('15746', 12, '15746_14');
INSERT INTO `collection` (id, serial, cardId) VALUES ('15746', 13, '15746_15');
INSERT INTO `collection` (id, serial, cardId) VALUES ('15746', 14, '15746_16');
INSERT INTO `collection` (id, serial, cardId) VALUES ('15746', 15, '15746_21');
INSERT INTO `collection` (id, serial, cardId) VALUES ('15746', 16, '15746_24');
INSERT INTO `collection` (id, serial, cardId) VALUES ('15746', 17, '15746_27');
INSERT INTO `collection` (id, serial, cardId) VALUES ('12602', 1, '12602_3');
INSERT INTO `collection` (id, serial, cardId) VALUES ('12602', 2, '12602_4');
INSERT INTO `collection` (id, serial, cardId) VALUES ('12602', 3, '12602_5');
INSERT INTO `collection` (id, serial, cardId) VALUES ('12602', 4, '12602_6');
INSERT INTO `collection` (id, serial, cardId) VALUES ('12602', 5, '12602_7');
INSERT INTO `collection` (id, serial, cardId) VALUES ('12602', 6, '12602_8');
INSERT INTO `collection` (id, serial, cardId) VALUES ('12602', 7, '12602_9');
INSERT INTO `collection` (id, serial, cardId) VALUES ('12602', 8, '12602_10');
INSERT INTO `collection` (id, serial, cardId) VALUES ('12602', 9, '12602_11');
INSERT INTO `collection` (id, serial, cardId) VALUES ('12602', 10, '12602_14');
INSERT INTO `collection` (id, serial, cardId) VALUES ('12602', 11, '12602_17');
INSERT INTO `collection` (id, serial, cardId) VALUES ('22087', 1, '22087_3');
INSERT INTO `collection` (id, serial, cardId) VALUES ('22087', 2, '22087_4');
INSERT INTO `collection` (id, serial, cardId) VALUES ('22087', 3, '22087_5');
INSERT INTO `collection` (id, serial, cardId) VALUES ('22087', 4, '22087_6');
INSERT INTO `collection` (id, serial, cardId) VALUES ('22087', 5, '22087_7');
INSERT INTO `collection` (id, serial, cardId) VALUES ('22087', 6, '22087_8');
INSERT INTO `collection` (id, serial, cardId) VALUES ('22087', 7, '22087_9');
INSERT INTO `collection` (id, serial, cardId) VALUES ('22087', 8, '22087_10');
INSERT INTO `collection` (id, serial, cardId) VALUES ('22087', 9, '22087_11');
INSERT INTO `collection` (id, serial, cardId) VALUES ('22087', 10, '22087_12');
INSERT INTO `collection` (id, serial, cardId) VALUES ('22087', 11, '22087_13');
INSERT INTO `collection` (id, serial, cardId) VALUES ('22087', 12, '22087_18');
INSERT INTO `collection` (id, serial, cardId) VALUES ('22087', 13, '22087_23');
INSERT INTO `collection` (id, serial, cardId) VALUES ('21151', 1, '21151_3');
INSERT INTO `collection` (id, serial, cardId) VALUES ('21151', 2, '21151_4');
INSERT INTO `collection` (id, serial, cardId) VALUES ('21151', 3, '21151_5');
INSERT INTO `collection` (id, serial, cardId) VALUES ('21151', 4, '21151_6');
INSERT INTO `collection` (id, serial, cardId) VALUES ('21151', 5, '21151_7');
INSERT INTO `collection` (id, serial, cardId) VALUES ('21151', 6, '21151_8');
INSERT INTO `collection` (id, serial, cardId) VALUES ('21151', 7, '21151_9');
INSERT INTO `collection` (id, serial, cardId) VALUES ('21151', 8, '21151_10');
INSERT INTO `collection` (id, serial, cardId) VALUES ('21151', 9, '21151_11');
INSERT INTO `collection` (id, serial, cardId) VALUES ('21151', 10, '21151_12');
INSERT INTO `collection` (id, serial, cardId) VALUES ('21151', 11, '21151_13');
INSERT INTO `collection` (id, serial, cardId) VALUES ('21151', 12, '21151_14');
INSERT INTO `collection` (id, serial, cardId) VALUES ('21151', 13, '21151_15');
INSERT INTO `collection` (id, serial, cardId) VALUES ('21151', 14, '21151_16');
INSERT INTO `collection` (id, serial, cardId) VALUES ('21151', 15, '21151_17');
INSERT INTO `collection` (id, serial, cardId) VALUES ('21151', 16, '21151_22');
INSERT INTO `collection` (id, serial, cardId) VALUES ('21151', 17, '21151_25');
INSERT INTO `collection` (id, serial, cardId) VALUES ('21151', 18, '21151_30');
INSERT INTO `collection` (id, serial, cardId) VALUES ('16742', 1, '16742_3');
INSERT INTO `collection` (id, serial, cardId) VALUES ('16742', 2, '16742_4');
INSERT INTO `collection` (id, serial, cardId) VALUES ('16742', 3, '16742_5');
INSERT INTO `collection` (id, serial, cardId) VALUES ('16742', 4, '16742_6');
INSERT INTO `collection` (id, serial, cardId) VALUES ('16742', 5, '16742_7');
INSERT INTO `collection` (id, serial, cardId) VALUES ('16742', 6, '16742_8');
INSERT INTO `collection` (id, serial, cardId) VALUES ('16742', 7, '16742_9');
INSERT INTO `collection` (id, serial, cardId) VALUES ('16742', 8, '16742_10');
INSERT INTO `collection` (id, serial, cardId) VALUES ('16742', 9, '16742_11');
INSERT INTO `collection` (id, serial, cardId) VALUES ('16742', 10, '16742_12');
INSERT INTO `collection` (id, serial, cardId) VALUES ('16742', 11, '16742_13');
INSERT INTO `collection` (id, serial, cardId) VALUES ('16742', 12, '16742_16');
INSERT INTO `collection` (id, serial, cardId) VALUES ('16742', 13, '16742_19');
INSERT INTO `collection` (id, serial, cardId) VALUES ('16742', 14, '16742_29');
INSERT INTO `collection` (id, serial, cardId) VALUES ('16084', 1, '16084_3');
INSERT INTO `collection` (id, serial, cardId) VALUES ('16084', 2, '16084_4');
INSERT INTO `collection` (id, serial, cardId) VALUES ('16084', 3, '16084_5');
INSERT INTO `collection` (id, serial, cardId) VALUES ('16084', 4, '16084_6');
INSERT INTO `collection` (id, serial, cardId) VALUES ('16084', 5, '16084_7');
INSERT INTO `collection` (id, serial, cardId) VALUES ('16084', 6, '16084_8');
INSERT INTO `collection` (id, serial, cardId) VALUES ('16084', 7, '16084_9');
INSERT INTO `collection` (id, serial, cardId) VALUES ('16084', 8, '16084_10');
INSERT INTO `collection` (id, serial, cardId) VALUES ('16084', 9, '16084_11');
INSERT INTO `collection` (id, serial, cardId) VALUES ('16084', 10, '16084_12');
INSERT INTO `collection` (id, serial, cardId) VALUES ('16084', 11, '16084_13');
INSERT INTO `collection` (id, serial, cardId) VALUES ('16084', 12, '16084_14');
INSERT INTO `collection` (id, serial, cardId) VALUES ('16084', 13, '16084_15');
INSERT INTO `collection` (id, serial, cardId) VALUES ('16084', 14, '16084_16');
INSERT INTO `collection` (id, serial, cardId) VALUES ('16084', 15, '16084_17');
INSERT INTO `collection` (id, serial, cardId) VALUES ('16084', 16, '16084_18');
INSERT INTO `collection` (id, serial, cardId) VALUES ('16084', 17, '16084_19');
INSERT INTO `collection` (id, serial, cardId) VALUES ('16084', 18, '16084_20');
INSERT INTO `collection` (id, serial, cardId) VALUES ('16084', 19, '16084_21');
INSERT INTO `collection` (id, serial, cardId) VALUES ('16084', 20, '16084_26');
INSERT INTO `collection` (id, serial, cardId) VALUES ('16084', 21, '16084_29');
INSERT INTO `collection` (id, serial, cardId) VALUES ('16084', 22, '16084_32');
INSERT INTO `collection` (id, serial, cardId) VALUES ('19404', 1, '19404_3');
INSERT INTO `collection` (id, serial, cardId) VALUES ('19404', 2, '19404_4');
INSERT INTO `collection` (id, serial, cardId) VALUES ('19404', 3, '19404_5');
INSERT INTO `collection` (id, serial, cardId) VALUES ('19404', 4, '19404_6');
INSERT INTO `collection` (id, serial, cardId) VALUES ('19404', 5, '19404_7');
INSERT INTO `collection` (id, serial, cardId) VALUES ('19404', 6, '19404_8');
INSERT INTO `collection` (id, serial, cardId) VALUES ('19404', 7, '19404_9');
INSERT INTO `collection` (id, serial, cardId) VALUES ('19404', 8, '19404_10');
INSERT INTO `collection` (id, serial, cardId) VALUES ('19404', 9, '19404_11');
INSERT INTO `collection` (id, serial, cardId) VALUES ('19404', 10, '19404_12');
INSERT INTO `collection` (id, serial, cardId) VALUES ('19404', 11, '19404_13');
INSERT INTO `collection` (id, serial, cardId) VALUES ('19404', 12, '19404_14');
INSERT INTO `collection` (id, serial, cardId) VALUES ('19404', 13, '19404_15');
INSERT INTO `collection` (id, serial, cardId) VALUES ('19404', 14, '19404_16');
INSERT INTO `collection` (id, serial, cardId) VALUES ('19404', 15, '19404_17');
INSERT INTO `collection` (id, serial, cardId) VALUES ('19404', 16, '19404_22');
INSERT INTO `collection` (id, serial, cardId) VALUES ('19404', 17, '19404_25');
INSERT INTO `collection` (id, serial, cardId) VALUES ('19404', 18, '19404_28');
INSERT INTO `collection` (id, serial, cardId) VALUES ('22462', 1, '22462_3');
INSERT INTO `collection` (id, serial, cardId) VALUES ('22462', 2, '22462_4');
INSERT INTO `collection` (id, serial, cardId) VALUES ('22462', 3, '22462_5');
INSERT INTO `collection` (id, serial, cardId) VALUES ('22462', 4, '22462_6');
INSERT INTO `collection` (id, serial, cardId) VALUES ('22462', 5, '22462_7');
INSERT INTO `collection` (id, serial, cardId) VALUES ('22462', 6, '22462_8');
INSERT INTO `collection` (id, serial, cardId) VALUES ('22462', 7, '22462_9');
INSERT INTO `collection` (id, serial, cardId) VALUES ('22462', 8, '22462_10');
INSERT INTO `collection` (id, serial, cardId) VALUES ('22462', 9, '22462_11');
INSERT INTO `collection` (id, serial, cardId) VALUES ('22462', 10, '22462_12');
INSERT INTO `collection` (id, serial, cardId) VALUES ('22462', 11, '22462_13');
INSERT INTO `collection` (id, serial, cardId) VALUES ('22462', 12, '22462_14');
INSERT INTO `collection` (id, serial, cardId) VALUES ('22462', 13, '22462_15');
INSERT INTO `collection` (id, serial, cardId) VALUES ('22462', 14, '22462_16');
INSERT INTO `collection` (id, serial, cardId) VALUES ('22462', 15, '22462_17');
INSERT INTO `collection` (id, serial, cardId) VALUES ('22462', 16, '22462_22');
INSERT INTO `collection` (id, serial, cardId) VALUES ('22462', 17, '22462_25');
INSERT INTO `collection` (id, serial, cardId) VALUES ('22582', 1, '22582_3');
INSERT INTO `collection` (id, serial, cardId) VALUES ('22582', 2, '22582_4');
INSERT INTO `collection` (id, serial, cardId) VALUES ('22582', 3, '22582_5');
INSERT INTO `collection` (id, serial, cardId) VALUES ('22582', 4, '22582_6');
INSERT INTO `collection` (id, serial, cardId) VALUES ('22582', 5, '22582_7');
INSERT INTO `collection` (id, serial, cardId) VALUES ('22582', 6, '22582_8');
INSERT INTO `collection` (id, serial, cardId) VALUES ('22582', 7, '22582_9');
INSERT INTO `collection` (id, serial, cardId) VALUES ('22582', 8, '22582_10');
INSERT INTO `collection` (id, serial, cardId) VALUES ('22582', 9, '22582_11');
INSERT INTO `collection` (id, serial, cardId) VALUES ('22582', 10, '22582_12');
INSERT INTO `collection` (id, serial, cardId) VALUES ('22582', 11, '22582_13');
INSERT INTO `collection` (id, serial, cardId) VALUES ('22582', 12, '22582_14');
INSERT INTO `collection` (id, serial, cardId) VALUES ('22582', 13, '22582_15');
INSERT INTO `collection` (id, serial, cardId) VALUES ('22582', 14, '22582_16');
INSERT INTO `collection` (id, serial, cardId) VALUES ('22582', 15, '22582_17');
INSERT INTO `collection` (id, serial, cardId) VALUES ('22582', 16, '22582_22');
INSERT INTO `collection` (id, serial, cardId) VALUES ('22582', 17, '22582_25');
INSERT INTO `collection` (id, serial, cardId) VALUES ('19403', 1, '19403_3');
INSERT INTO `collection` (id, serial, cardId) VALUES ('19403', 2, '19403_4');
INSERT INTO `collection` (id, serial, cardId) VALUES ('19403', 3, '19403_5');
INSERT INTO `collection` (id, serial, cardId) VALUES ('19403', 4, '19403_6');
INSERT INTO `collection` (id, serial, cardId) VALUES ('19403', 5, '19403_7');
INSERT INTO `collection` (id, serial, cardId) VALUES ('19403', 6, '19403_8');
INSERT INTO `collection` (id, serial, cardId) VALUES ('19403', 7, '19403_9');
INSERT INTO `collection` (id, serial, cardId) VALUES ('19403', 8, '19403_10');
INSERT INTO `collection` (id, serial, cardId) VALUES ('19403', 9, '19403_11');
INSERT INTO `collection` (id, serial, cardId) VALUES ('19403', 10, '19403_12');
INSERT INTO `collection` (id, serial, cardId) VALUES ('19403', 11, '19403_13');
INSERT INTO `collection` (id, serial, cardId) VALUES ('19403', 12, '19403_14');
INSERT INTO `collection` (id, serial, cardId) VALUES ('19403', 13, '19403_15');
INSERT INTO `collection` (id, serial, cardId) VALUES ('19403', 14, '19403_16');
INSERT INTO `collection` (id, serial, cardId) VALUES ('19403', 15, '19403_17');
INSERT INTO `collection` (id, serial, cardId) VALUES ('19403', 16, '19403_22');
INSERT INTO `collection` (id, serial, cardId) VALUES ('19403', 17, '19403_25');
INSERT INTO `collection` (id, serial, cardId) VALUES ('22043', 1, '22043_3');
INSERT INTO `collection` (id, serial, cardId) VALUES ('22043', 2, '22043_4');
INSERT INTO `collection` (id, serial, cardId) VALUES ('22043', 3, '22043_5');
INSERT INTO `collection` (id, serial, cardId) VALUES ('22043', 4, '22043_6');
INSERT INTO `collection` (id, serial, cardId) VALUES ('22043', 5, '22043_7');
INSERT INTO `collection` (id, serial, cardId) VALUES ('22043', 6, '22043_8');
INSERT INTO `collection` (id, serial, cardId) VALUES ('22043', 7, '22043_9');
INSERT INTO `collection` (id, serial, cardId) VALUES ('22043', 8, '22043_10');
INSERT INTO `collection` (id, serial, cardId) VALUES ('22043', 9, '22043_11');
INSERT INTO `collection` (id, serial, cardId) VALUES ('22043', 10, '22043_12');
INSERT INTO `collection` (id, serial, cardId) VALUES ('22043', 11, '22043_13');
INSERT INTO `collection` (id, serial, cardId) VALUES ('22043', 12, '22043_14');
INSERT INTO `collection` (id, serial, cardId) VALUES ('22043', 13, '22043_15');
INSERT INTO `collection` (id, serial, cardId) VALUES ('22043', 14, '22043_16');
INSERT INTO `collection` (id, serial, cardId) VALUES ('22043', 15, '22043_17');
INSERT INTO `collection` (id, serial, cardId) VALUES ('22043', 16, '22043_18');
INSERT INTO `collection` (id, serial, cardId) VALUES ('22043', 17, '22043_19');
INSERT INTO `collection` (id, serial, cardId) VALUES ('22043', 18, '22043_20');
INSERT INTO `collection` (id, serial, cardId) VALUES ('22043', 19, '22043_21');
INSERT INTO `collection` (id, serial, cardId) VALUES ('22043', 20, '22043_24');
INSERT INTO `collection` (id, serial, cardId) VALUES ('22043', 21, '22043_27');
INSERT INTO `collection` (id, serial, cardId) VALUES ('3101', 1, '3101_3');
INSERT INTO `collection` (id, serial, cardId) VALUES ('3101', 2, '3101_4');
INSERT INTO `collection` (id, serial, cardId) VALUES ('3101', 3, '3101_5');
INSERT INTO `collection` (id, serial, cardId) VALUES ('3101', 4, '3101_6');
INSERT INTO `collection` (id, serial, cardId) VALUES ('3101', 5, '3101_7');
INSERT INTO `collection` (id, serial, cardId) VALUES ('3101', 6, '3101_8');
INSERT INTO `collection` (id, serial, cardId) VALUES ('3101', 7, '3101_9');
INSERT INTO `collection` (id, serial, cardId) VALUES ('3101', 8, '3101_10');
INSERT INTO `collection` (id, serial, cardId) VALUES ('3101', 9, '3101_11');
INSERT INTO `collection` (id, serial, cardId) VALUES ('3101', 10, '3101_12');
INSERT INTO `collection` (id, serial, cardId) VALUES ('3101', 11, '3101_13');
INSERT INTO `collection` (id, serial, cardId) VALUES ('3101', 12, '3101_14');
INSERT INTO `collection` (id, serial, cardId) VALUES ('3101', 13, '3101_15');
INSERT INTO `collection` (id, serial, cardId) VALUES ('3101', 14, '3101_18');
INSERT INTO `collection` (id, serial, cardId) VALUES ('3101', 15, '3101_21');
INSERT INTO `collection` (id, serial, cardId) VALUES ('3101', 16, '3101_24');
INSERT INTO `collection` (id, serial, cardId) VALUES ('19877', 1, '19877_3');
INSERT INTO `collection` (id, serial, cardId) VALUES ('19877', 2, '19877_4');
INSERT INTO `collection` (id, serial, cardId) VALUES ('19877', 3, '19877_5');
INSERT INTO `collection` (id, serial, cardId) VALUES ('19877', 4, '19877_6');
INSERT INTO `collection` (id, serial, cardId) VALUES ('19877', 5, '19877_7');
INSERT INTO `collection` (id, serial, cardId) VALUES ('19877', 6, '19877_8');
INSERT INTO `collection` (id, serial, cardId) VALUES ('19877', 7, '19877_9');
INSERT INTO `collection` (id, serial, cardId) VALUES ('19877', 8, '19877_10');
INSERT INTO `collection` (id, serial, cardId) VALUES ('19877', 9, '19877_11');
INSERT INTO `collection` (id, serial, cardId) VALUES ('19877', 10, '19877_12');
INSERT INTO `collection` (id, serial, cardId) VALUES ('19877', 11, '19877_13');
INSERT INTO `collection` (id, serial, cardId) VALUES ('19877', 12, '19877_14');
INSERT INTO `collection` (id, serial, cardId) VALUES ('19877', 13, '19877_15');
INSERT INTO `collection` (id, serial, cardId) VALUES ('19877', 14, '19877_16');
INSERT INTO `collection` (id, serial, cardId) VALUES ('19877', 15, '19877_17');
INSERT INTO `collection` (id, serial, cardId) VALUES ('19877', 16, '19877_18');
INSERT INTO `collection` (id, serial, cardId) VALUES ('19877', 17, '19877_19');
INSERT INTO `collection` (id, serial, cardId) VALUES ('19877', 18, '19877_20');
INSERT INTO `collection` (id, serial, cardId) VALUES ('19877', 19, '19877_21');
INSERT INTO `collection` (id, serial, cardId) VALUES ('19877', 20, '19877_26');
INSERT INTO `collection` (id, serial, cardId) VALUES ('19877', 21, '19877_29');
INSERT INTO `collection` (id, serial, cardId) VALUES ('19877', 22, '19877_32');
INSERT INTO `collection` (id, serial, cardId) VALUES ('21635', 1, '21635_3');
INSERT INTO `collection` (id, serial, cardId) VALUES ('21635', 2, '21635_4');
INSERT INTO `collection` (id, serial, cardId) VALUES ('21635', 3, '21635_5');
INSERT INTO `collection` (id, serial, cardId) VALUES ('21635', 4, '21635_6');
INSERT INTO `collection` (id, serial, cardId) VALUES ('21635', 5, '21635_7');
INSERT INTO `collection` (id, serial, cardId) VALUES ('21635', 6, '21635_8');
INSERT INTO `collection` (id, serial, cardId) VALUES ('21635', 7, '21635_9');
INSERT INTO `collection` (id, serial, cardId) VALUES ('21635', 8, '21635_10');
INSERT INTO `collection` (id, serial, cardId) VALUES ('21635', 9, '21635_11');
INSERT INTO `collection` (id, serial, cardId) VALUES ('21635', 10, '21635_12');
INSERT INTO `collection` (id, serial, cardId) VALUES ('21635', 11, '21635_13');
INSERT INTO `collection` (id, serial, cardId) VALUES ('21635', 12, '21635_14');
INSERT INTO `collection` (id, serial, cardId) VALUES ('21635', 13, '21635_15');
INSERT INTO `collection` (id, serial, cardId) VALUES ('21635', 14, '21635_16');
INSERT INTO `collection` (id, serial, cardId) VALUES ('21635', 15, '21635_17');
INSERT INTO `collection` (id, serial, cardId) VALUES ('21635', 16, '21635_22');
INSERT INTO `collection` (id, serial, cardId) VALUES ('21635', 17, '21635_25');
INSERT INTO `collection` (id, serial, cardId) VALUES ('19401', 1, '19401_3');
INSERT INTO `collection` (id, serial, cardId) VALUES ('19401', 2, '19401_4');
INSERT INTO `collection` (id, serial, cardId) VALUES ('19401', 3, '19401_5');
INSERT INTO `collection` (id, serial, cardId) VALUES ('19401', 4, '19401_6');
INSERT INTO `collection` (id, serial, cardId) VALUES ('19401', 5, '19401_7');
INSERT INTO `collection` (id, serial, cardId) VALUES ('19401', 6, '19401_8');
INSERT INTO `collection` (id, serial, cardId) VALUES ('19401', 7, '19401_9');
INSERT INTO `collection` (id, serial, cardId) VALUES ('19401', 8, '19401_10');
INSERT INTO `collection` (id, serial, cardId) VALUES ('19401', 9, '19401_11');
INSERT INTO `collection` (id, serial, cardId) VALUES ('19401', 10, '19401_12');
INSERT INTO `collection` (id, serial, cardId) VALUES ('19401', 11, '19401_13');
INSERT INTO `collection` (id, serial, cardId) VALUES ('19401', 12, '19401_14');
INSERT INTO `collection` (id, serial, cardId) VALUES ('19401', 13, '19401_15');
INSERT INTO `collection` (id, serial, cardId) VALUES ('19401', 14, '19401_16');
INSERT INTO `collection` (id, serial, cardId) VALUES ('19401', 15, '19401_17');
INSERT INTO `collection` (id, serial, cardId) VALUES ('19401', 16, '19401_18');
INSERT INTO `collection` (id, serial, cardId) VALUES ('19401', 17, '19401_19');
INSERT INTO `collection` (id, serial, cardId) VALUES ('19401', 18, '19401_20');
INSERT INTO `collection` (id, serial, cardId) VALUES ('19401', 19, '19401_21');
INSERT INTO `collection` (id, serial, cardId) VALUES ('19401', 20, '19401_24');
INSERT INTO `collection` (id, serial, cardId) VALUES ('19401', 21, '19401_27');
INSERT INTO `collection` (id, serial, cardId) VALUES ('19401', 22, '19401_32');
INSERT INTO `collection` (id, serial, cardId) VALUES ('15611', 1, '15611_3');
INSERT INTO `collection` (id, serial, cardId) VALUES ('15611', 2, '15611_4');
INSERT INTO `collection` (id, serial, cardId) VALUES ('15611', 3, '15611_5');
INSERT INTO `collection` (id, serial, cardId) VALUES ('15611', 4, '15611_6');
INSERT INTO `collection` (id, serial, cardId) VALUES ('15611', 5, '15611_7');
INSERT INTO `collection` (id, serial, cardId) VALUES ('15611', 6, '15611_8');
INSERT INTO `collection` (id, serial, cardId) VALUES ('15611', 7, '15611_9');
INSERT INTO `collection` (id, serial, cardId) VALUES ('15611', 8, '15611_10');
INSERT INTO `collection` (id, serial, cardId) VALUES ('15611', 9, '15611_11');
INSERT INTO `collection` (id, serial, cardId) VALUES ('15611', 10, '15611_12');
INSERT INTO `collection` (id, serial, cardId) VALUES ('15611', 11, '15611_13');
INSERT INTO `collection` (id, serial, cardId) VALUES ('15611', 12, '15611_18');
INSERT INTO `collection` (id, serial, cardId) VALUES ('15611', 13, '15611_21');
INSERT INTO `collection` (id, serial, cardId) VALUES ('7868', 1, '7868_3');
INSERT INTO `collection` (id, serial, cardId) VALUES ('7868', 2, '7868_4');
INSERT INTO `collection` (id, serial, cardId) VALUES ('7868', 3, '7868_5');
INSERT INTO `collection` (id, serial, cardId) VALUES ('7868', 4, '7868_6');
INSERT INTO `collection` (id, serial, cardId) VALUES ('7868', 5, '7868_7');
INSERT INTO `collection` (id, serial, cardId) VALUES ('7868', 6, '7868_8');
INSERT INTO `collection` (id, serial, cardId) VALUES ('7868', 7, '7868_9');
INSERT INTO `collection` (id, serial, cardId) VALUES ('7868', 8, '7868_10');
INSERT INTO `collection` (id, serial, cardId) VALUES ('7868', 9, '7868_11');
INSERT INTO `collection` (id, serial, cardId) VALUES ('7868', 10, '7868_12');
INSERT INTO `collection` (id, serial, cardId) VALUES ('7868', 11, '7868_13');
INSERT INTO `collection` (id, serial, cardId) VALUES ('7868', 12, '7868_18');
INSERT INTO `collection` (id, serial, cardId) VALUES ('7868', 13, '7868_21');
INSERT INTO `collection` (id, serial, cardId) VALUES ('22059', 1, '22059_3');
INSERT INTO `collection` (id, serial, cardId) VALUES ('22059', 2, '22059_4');
INSERT INTO `collection` (id, serial, cardId) VALUES ('22059', 3, '22059_5');
INSERT INTO `collection` (id, serial, cardId) VALUES ('22059', 4, '22059_6');
INSERT INTO `collection` (id, serial, cardId) VALUES ('22059', 5, '22059_7');
INSERT INTO `collection` (id, serial, cardId) VALUES ('22059', 6, '22059_8');
INSERT INTO `collection` (id, serial, cardId) VALUES ('22059', 7, '22059_9');
INSERT INTO `collection` (id, serial, cardId) VALUES ('22059', 8, '22059_10');
INSERT INTO `collection` (id, serial, cardId) VALUES ('22059', 9, '22059_11');
INSERT INTO `collection` (id, serial, cardId) VALUES ('22059', 10, '22059_12');
INSERT INTO `collection` (id, serial, cardId) VALUES ('22059', 11, '22059_13');
INSERT INTO `collection` (id, serial, cardId) VALUES ('22059', 12, '22059_14');
INSERT INTO `collection` (id, serial, cardId) VALUES ('22059', 13, '22059_15');
INSERT INTO `collection` (id, serial, cardId) VALUES ('22059', 14, '22059_16');
INSERT INTO `collection` (id, serial, cardId) VALUES ('22059', 15, '22059_17');
INSERT INTO `collection` (id, serial, cardId) VALUES ('22059', 16, '22059_18');
INSERT INTO `collection` (id, serial, cardId) VALUES ('22059', 17, '22059_19');
INSERT INTO `collection` (id, serial, cardId) VALUES ('22059', 18, '22059_20');
INSERT INTO `collection` (id, serial, cardId) VALUES ('22059', 19, '22059_21');
INSERT INTO `collection` (id, serial, cardId) VALUES ('22059', 20, '22059_22');
INSERT INTO `collection` (id, serial, cardId) VALUES ('22059', 21, '22059_23');
INSERT INTO `collection` (id, serial, cardId) VALUES ('22059', 22, '22059_28');
INSERT INTO `collection` (id, serial, cardId) VALUES ('22059', 23, '22059_31');
INSERT INTO `collection` (id, serial, cardId) VALUES ('23851', 1, '23851_3');
INSERT INTO `collection` (id, serial, cardId) VALUES ('23851', 2, '23851_4');
INSERT INTO `collection` (id, serial, cardId) VALUES ('23851', 3, '23851_5');
INSERT INTO `collection` (id, serial, cardId) VALUES ('23851', 4, '23851_6');
INSERT INTO `collection` (id, serial, cardId) VALUES ('23851', 5, '23851_7');
INSERT INTO `collection` (id, serial, cardId) VALUES ('23851', 6, '23851_8');
INSERT INTO `collection` (id, serial, cardId) VALUES ('23851', 7, '23851_9');
INSERT INTO `collection` (id, serial, cardId) VALUES ('23851', 8, '23851_10');
INSERT INTO `collection` (id, serial, cardId) VALUES ('23851', 9, '23851_11');
INSERT INTO `collection` (id, serial, cardId) VALUES ('23851', 10, '23851_12');
INSERT INTO `collection` (id, serial, cardId) VALUES ('23851', 11, '23851_17');
INSERT INTO `collection` (id, serial, cardId) VALUES ('23851', 12, '23851_20');
INSERT INTO `collection` (id, serial, cardId) VALUES ('21124', 1, '21124_3');
INSERT INTO `collection` (id, serial, cardId) VALUES ('21124', 2, '21124_4');
INSERT INTO `collection` (id, serial, cardId) VALUES ('21124', 3, '21124_5');
INSERT INTO `collection` (id, serial, cardId) VALUES ('21124', 4, '21124_6');
INSERT INTO `collection` (id, serial, cardId) VALUES ('21124', 5, '21124_7');
INSERT INTO `collection` (id, serial, cardId) VALUES ('21124', 6, '21124_8');
INSERT INTO `collection` (id, serial, cardId) VALUES ('21124', 7, '21124_9');
INSERT INTO `collection` (id, serial, cardId) VALUES ('21124', 8, '21124_10');
INSERT INTO `collection` (id, serial, cardId) VALUES ('21124', 9, '21124_11');
INSERT INTO `collection` (id, serial, cardId) VALUES ('21124', 10, '21124_12');
INSERT INTO `collection` (id, serial, cardId) VALUES ('21124', 11, '21124_13');
INSERT INTO `collection` (id, serial, cardId) VALUES ('21124', 12, '21124_14');
INSERT INTO `collection` (id, serial, cardId) VALUES ('21124', 13, '21124_15');
INSERT INTO `collection` (id, serial, cardId) VALUES ('21124', 14, '21124_16');
INSERT INTO `collection` (id, serial, cardId) VALUES ('21124', 15, '21124_17');
INSERT INTO `collection` (id, serial, cardId) VALUES ('21124', 16, '21124_18');
INSERT INTO `collection` (id, serial, cardId) VALUES ('21124', 17, '21124_19');
INSERT INTO `collection` (id, serial, cardId) VALUES ('21124', 18, '21124_20');
INSERT INTO `collection` (id, serial, cardId) VALUES ('21124', 19, '21124_21');
INSERT INTO `collection` (id, serial, cardId) VALUES ('21124', 20, '21124_26');
INSERT INTO `collection` (id, serial, cardId) VALUES ('21124', 21, '21124_29');
INSERT INTO `collection` (id, serial, cardId) VALUES ('7881', 1, '7881_3');
INSERT INTO `collection` (id, serial, cardId) VALUES ('7881', 2, '7881_4');
INSERT INTO `collection` (id, serial, cardId) VALUES ('7881', 3, '7881_5');
INSERT INTO `collection` (id, serial, cardId) VALUES ('7881', 4, '7881_6');
INSERT INTO `collection` (id, serial, cardId) VALUES ('7881', 5, '7881_7');
INSERT INTO `collection` (id, serial, cardId) VALUES ('7881', 6, '7881_8');
INSERT INTO `collection` (id, serial, cardId) VALUES ('7881', 7, '7881_9');
INSERT INTO `collection` (id, serial, cardId) VALUES ('7881', 8, '7881_10');
INSERT INTO `collection` (id, serial, cardId) VALUES ('7881', 9, '7881_11');
INSERT INTO `collection` (id, serial, cardId) VALUES ('7881', 10, '7881_12');
INSERT INTO `collection` (id, serial, cardId) VALUES ('7881', 11, '7881_13');
INSERT INTO `collection` (id, serial, cardId) VALUES ('7881', 12, '7881_14');
INSERT INTO `collection` (id, serial, cardId) VALUES ('7881', 13, '7881_15');
INSERT INTO `collection` (id, serial, cardId) VALUES ('7881', 14, '7881_18');
INSERT INTO `collection` (id, serial, cardId) VALUES ('7881', 15, '7881_23');
INSERT INTO `collection` (id, serial, cardId) VALUES ('7865', 1, '7865_3');
INSERT INTO `collection` (id, serial, cardId) VALUES ('7865', 2, '7865_4');
INSERT INTO `collection` (id, serial, cardId) VALUES ('7865', 3, '7865_5');
INSERT INTO `collection` (id, serial, cardId) VALUES ('7865', 4, '7865_6');
INSERT INTO `collection` (id, serial, cardId) VALUES ('7865', 5, '7865_7');
INSERT INTO `collection` (id, serial, cardId) VALUES ('7865', 6, '7865_8');
INSERT INTO `collection` (id, serial, cardId) VALUES ('7865', 7, '7865_9');
INSERT INTO `collection` (id, serial, cardId) VALUES ('7865', 8, '7865_10');
INSERT INTO `collection` (id, serial, cardId) VALUES ('7865', 9, '7865_11');
INSERT INTO `collection` (id, serial, cardId) VALUES ('7865', 10, '7865_12');
INSERT INTO `collection` (id, serial, cardId) VALUES ('7865', 11, '7865_13');
INSERT INTO `collection` (id, serial, cardId) VALUES ('7865', 12, '7865_18');
INSERT INTO `collection` (id, serial, cardId) VALUES ('7865', 13, '7865_21');
INSERT INTO `collection` (id, serial, cardId) VALUES ('22085', 1, '22085_3');
INSERT INTO `collection` (id, serial, cardId) VALUES ('22085', 2, '22085_4');
INSERT INTO `collection` (id, serial, cardId) VALUES ('22085', 3, '22085_5');
INSERT INTO `collection` (id, serial, cardId) VALUES ('22085', 4, '22085_6');
INSERT INTO `collection` (id, serial, cardId) VALUES ('22085', 5, '22085_7');
INSERT INTO `collection` (id, serial, cardId) VALUES ('22085', 6, '22085_8');
INSERT INTO `collection` (id, serial, cardId) VALUES ('22085', 7, '22085_9');
INSERT INTO `collection` (id, serial, cardId) VALUES ('22085', 8, '22085_10');
INSERT INTO `collection` (id, serial, cardId) VALUES ('22085', 9, '22085_11');
INSERT INTO `collection` (id, serial, cardId) VALUES ('22085', 10, '22085_12');
INSERT INTO `collection` (id, serial, cardId) VALUES ('22085', 11, '22085_13');
INSERT INTO `collection` (id, serial, cardId) VALUES ('22085', 12, '22085_14');
INSERT INTO `collection` (id, serial, cardId) VALUES ('22085', 13, '22085_15');
INSERT INTO `collection` (id, serial, cardId) VALUES ('22085', 14, '22085_22');
INSERT INTO `collection` (id, serial, cardId) VALUES ('22085', 15, '22085_25');
INSERT INTO `collection` (id, serial, cardId) VALUES ('24750', 1, '24750_3');
INSERT INTO `collection` (id, serial, cardId) VALUES ('24750', 2, '24750_4');
INSERT INTO `collection` (id, serial, cardId) VALUES ('24750', 3, '24750_5');
INSERT INTO `collection` (id, serial, cardId) VALUES ('24750', 4, '24750_6');
INSERT INTO `collection` (id, serial, cardId) VALUES ('24750', 5, '24750_7');
INSERT INTO `collection` (id, serial, cardId) VALUES ('24750', 6, '24750_8');
INSERT INTO `collection` (id, serial, cardId) VALUES ('24750', 7, '24750_9');
INSERT INTO `collection` (id, serial, cardId) VALUES ('24750', 8, '24750_10');
INSERT INTO `collection` (id, serial, cardId) VALUES ('24750', 9, '24750_11');
INSERT INTO `collection` (id, serial, cardId) VALUES ('24750', 10, '24750_12');
INSERT INTO `collection` (id, serial, cardId) VALUES ('24750', 11, '24750_13');
INSERT INTO `collection` (id, serial, cardId) VALUES ('24750', 12, '24750_14');
INSERT INTO `collection` (id, serial, cardId) VALUES ('24750', 13, '24750_15');
INSERT INTO `collection` (id, serial, cardId) VALUES ('24750', 14, '24750_16');
INSERT INTO `collection` (id, serial, cardId) VALUES ('24750', 15, '24750_17');
INSERT INTO `collection` (id, serial, cardId) VALUES ('24750', 16, '24750_20');
INSERT INTO `collection` (id, serial, cardId) VALUES ('24750', 17, '24750_25');
INSERT INTO `collection` (id, serial, cardId) VALUES ('24750', 18, '24750_28');
INSERT INTO `collection` (id, serial, cardId) VALUES ('10152', 1, '10152_3');
INSERT INTO `collection` (id, serial, cardId) VALUES ('10152', 2, '10152_4');
INSERT INTO `collection` (id, serial, cardId) VALUES ('10152', 3, '10152_5');
INSERT INTO `collection` (id, serial, cardId) VALUES ('10152', 4, '10152_6');
INSERT INTO `collection` (id, serial, cardId) VALUES ('10152', 5, '10152_7');
INSERT INTO `collection` (id, serial, cardId) VALUES ('10152', 6, '10152_8');
INSERT INTO `collection` (id, serial, cardId) VALUES ('10152', 7, '10152_9');
INSERT INTO `collection` (id, serial, cardId) VALUES ('10152', 8, '10152_10');
INSERT INTO `collection` (id, serial, cardId) VALUES ('10152', 9, '10152_11');
INSERT INTO `collection` (id, serial, cardId) VALUES ('10152', 10, '10152_12');
INSERT INTO `collection` (id, serial, cardId) VALUES ('10152', 11, '10152_13');
INSERT INTO `collection` (id, serial, cardId) VALUES ('10152', 12, '10152_16');
INSERT INTO `collection` (id, serial, cardId) VALUES ('10152', 13, '10152_19');
INSERT INTO `collection` (id, serial, cardId) VALUES ('10152', 14, '10152_22');
INSERT INTO `collection` (id, serial, cardId) VALUES ('22469', 1, '22469_3');
INSERT INTO `collection` (id, serial, cardId) VALUES ('22469', 2, '22469_4');
INSERT INTO `collection` (id, serial, cardId) VALUES ('22469', 3, '22469_5');
INSERT INTO `collection` (id, serial, cardId) VALUES ('22469', 4, '22469_6');
INSERT INTO `collection` (id, serial, cardId) VALUES ('22469', 5, '22469_7');
INSERT INTO `collection` (id, serial, cardId) VALUES ('22469', 6, '22469_8');
INSERT INTO `collection` (id, serial, cardId) VALUES ('22469', 7, '22469_9');
INSERT INTO `collection` (id, serial, cardId) VALUES ('22469', 8, '22469_10');
INSERT INTO `collection` (id, serial, cardId) VALUES ('22469', 9, '22469_11');
INSERT INTO `collection` (id, serial, cardId) VALUES ('22469', 10, '22469_12');
INSERT INTO `collection` (id, serial, cardId) VALUES ('22469', 11, '22469_13');
INSERT INTO `collection` (id, serial, cardId) VALUES ('22469', 12, '22469_14');
INSERT INTO `collection` (id, serial, cardId) VALUES ('22469', 13, '22469_15');
INSERT INTO `collection` (id, serial, cardId) VALUES ('22469', 14, '22469_16');
INSERT INTO `collection` (id, serial, cardId) VALUES ('22469', 15, '22469_17');
INSERT INTO `collection` (id, serial, cardId) VALUES ('22469', 16, '22469_18');
INSERT INTO `collection` (id, serial, cardId) VALUES ('22469', 17, '22469_19');
INSERT INTO `collection` (id, serial, cardId) VALUES ('22469', 18, '22469_20');
INSERT INTO `collection` (id, serial, cardId) VALUES ('22469', 19, '22469_21');
INSERT INTO `collection` (id, serial, cardId) VALUES ('22469', 20, '22469_26');
INSERT INTO `collection` (id, serial, cardId) VALUES ('22469', 21, '22469_29');
INSERT INTO `collection` (id, serial, cardId) VALUES ('7871', 1, '7871_3');
INSERT INTO `collection` (id, serial, cardId) VALUES ('7871', 2, '7871_4');
INSERT INTO `collection` (id, serial, cardId) VALUES ('7871', 3, '7871_5');
INSERT INTO `collection` (id, serial, cardId) VALUES ('7871', 4, '7871_6');
INSERT INTO `collection` (id, serial, cardId) VALUES ('7871', 5, '7871_7');
INSERT INTO `collection` (id, serial, cardId) VALUES ('7871', 6, '7871_8');
INSERT INTO `collection` (id, serial, cardId) VALUES ('7871', 7, '7871_9');
INSERT INTO `collection` (id, serial, cardId) VALUES ('7871', 8, '7871_10');
INSERT INTO `collection` (id, serial, cardId) VALUES ('7871', 9, '7871_11');
INSERT INTO `collection` (id, serial, cardId) VALUES ('7871', 10, '7871_12');
INSERT INTO `collection` (id, serial, cardId) VALUES ('7871', 11, '7871_13');
INSERT INTO `collection` (id, serial, cardId) VALUES ('7871', 12, '7871_14');
INSERT INTO `collection` (id, serial, cardId) VALUES ('7871', 13, '7871_17');
INSERT INTO `collection` (id, serial, cardId) VALUES ('7871', 14, '7871_20');
INSERT INTO `collection` (id, serial, cardId) VALUES ('22082', 1, '22082_3');
INSERT INTO `collection` (id, serial, cardId) VALUES ('22082', 2, '22082_4');
INSERT INTO `collection` (id, serial, cardId) VALUES ('22082', 3, '22082_5');
INSERT INTO `collection` (id, serial, cardId) VALUES ('22082', 4, '22082_6');
INSERT INTO `collection` (id, serial, cardId) VALUES ('22082', 5, '22082_7');
INSERT INTO `collection` (id, serial, cardId) VALUES ('22082', 6, '22082_8');
INSERT INTO `collection` (id, serial, cardId) VALUES ('22082', 7, '22082_9');
INSERT INTO `collection` (id, serial, cardId) VALUES ('22082', 8, '22082_10');
INSERT INTO `collection` (id, serial, cardId) VALUES ('22082', 9, '22082_11');
INSERT INTO `collection` (id, serial, cardId) VALUES ('22082', 10, '22082_12');
INSERT INTO `collection` (id, serial, cardId) VALUES ('22082', 11, '22082_13');
INSERT INTO `collection` (id, serial, cardId) VALUES ('22082', 12, '22082_16');
INSERT INTO `collection` (id, serial, cardId) VALUES ('22082', 13, '22082_19');
INSERT INTO `collection` (id, serial, cardId) VALUES ('3140', 1, '3140_3');
INSERT INTO `collection` (id, serial, cardId) VALUES ('3140', 2, '3140_4');
INSERT INTO `collection` (id, serial, cardId) VALUES ('3140', 3, '3140_5');
INSERT INTO `collection` (id, serial, cardId) VALUES ('3140', 4, '3140_6');
INSERT INTO `collection` (id, serial, cardId) VALUES ('3140', 5, '3140_7');
INSERT INTO `collection` (id, serial, cardId) VALUES ('3140', 6, '3140_8');
INSERT INTO `collection` (id, serial, cardId) VALUES ('3140', 7, '3140_9');
INSERT INTO `collection` (id, serial, cardId) VALUES ('3140', 8, '3140_10');
INSERT INTO `collection` (id, serial, cardId) VALUES ('3140', 9, '3140_11');
INSERT INTO `collection` (id, serial, cardId) VALUES ('3140', 10, '3140_12');
INSERT INTO `collection` (id, serial, cardId) VALUES ('3140', 11, '3140_13');
INSERT INTO `collection` (id, serial, cardId) VALUES ('3140', 12, '3140_14');
INSERT INTO `collection` (id, serial, cardId) VALUES ('3140', 13, '3140_15');
INSERT INTO `collection` (id, serial, cardId) VALUES ('3140', 14, '3140_16');
INSERT INTO `collection` (id, serial, cardId) VALUES ('3140', 15, '3140_17');
INSERT INTO `collection` (id, serial, cardId) VALUES ('3140', 16, '3140_18');
INSERT INTO `collection` (id, serial, cardId) VALUES ('3140', 17, '3140_19');
INSERT INTO `collection` (id, serial, cardId) VALUES ('3140', 18, '3140_22');
INSERT INTO `collection` (id, serial, cardId) VALUES ('3140', 19, '3140_27');
INSERT INTO `collection` (id, serial, cardId) VALUES ('22079', 1, '22079_3');
INSERT INTO `collection` (id, serial, cardId) VALUES ('22079', 2, '22079_4');
INSERT INTO `collection` (id, serial, cardId) VALUES ('22079', 3, '22079_5');
INSERT INTO `collection` (id, serial, cardId) VALUES ('22079', 4, '22079_6');
INSERT INTO `collection` (id, serial, cardId) VALUES ('22079', 5, '22079_7');
INSERT INTO `collection` (id, serial, cardId) VALUES ('22079', 6, '22079_8');
INSERT INTO `collection` (id, serial, cardId) VALUES ('22079', 7, '22079_9');
INSERT INTO `collection` (id, serial, cardId) VALUES ('22079', 8, '22079_10');
INSERT INTO `collection` (id, serial, cardId) VALUES ('22079', 9, '22079_11');
INSERT INTO `collection` (id, serial, cardId) VALUES ('22079', 10, '22079_12');
INSERT INTO `collection` (id, serial, cardId) VALUES ('22079', 11, '22079_13');
INSERT INTO `collection` (id, serial, cardId) VALUES ('22079', 12, '22079_14');
INSERT INTO `collection` (id, serial, cardId) VALUES ('22079', 13, '22079_15');
INSERT INTO `collection` (id, serial, cardId) VALUES ('7860', 1, '7860_3');
INSERT INTO `collection` (id, serial, cardId) VALUES ('7860', 2, '7860_4');
INSERT INTO `collection` (id, serial, cardId) VALUES ('7860', 3, '7860_5');
INSERT INTO `collection` (id, serial, cardId) VALUES ('7860', 4, '7860_6');
INSERT INTO `collection` (id, serial, cardId) VALUES ('7860', 5, '7860_7');
INSERT INTO `collection` (id, serial, cardId) VALUES ('7860', 6, '7860_8');
INSERT INTO `collection` (id, serial, cardId) VALUES ('7860', 7, '7860_9');
INSERT INTO `collection` (id, serial, cardId) VALUES ('7860', 8, '7860_10');
INSERT INTO `collection` (id, serial, cardId) VALUES ('7860', 9, '7860_11');
INSERT INTO `collection` (id, serial, cardId) VALUES ('7860', 10, '7860_12');
INSERT INTO `collection` (id, serial, cardId) VALUES ('7860', 11, '7860_13');
INSERT INTO `collection` (id, serial, cardId) VALUES ('7860', 12, '7860_14');
INSERT INTO `collection` (id, serial, cardId) VALUES ('7860', 13, '7860_15');
INSERT INTO `collection` (id, serial, cardId) VALUES ('7860', 14, '7860_16');
INSERT INTO `collection` (id, serial, cardId) VALUES ('7860', 15, '7860_17');
INSERT INTO `collection` (id, serial, cardId) VALUES ('7860', 16, '7860_18');
INSERT INTO `collection` (id, serial, cardId) VALUES ('2530', 1, '2530_3');
INSERT INTO `collection` (id, serial, cardId) VALUES ('2530', 2, '2530_4');
INSERT INTO `collection` (id, serial, cardId) VALUES ('2530', 3, '2530_5');
INSERT INTO `collection` (id, serial, cardId) VALUES ('2530', 4, '2530_6');
INSERT INTO `collection` (id, serial, cardId) VALUES ('2530', 5, '2530_7');
INSERT INTO `collection` (id, serial, cardId) VALUES ('2530', 6, '2530_8');
INSERT INTO `collection` (id, serial, cardId) VALUES ('2530', 7, '2530_9');
INSERT INTO `collection` (id, serial, cardId) VALUES ('2530', 8, '2530_10');
INSERT INTO `collection` (id, serial, cardId) VALUES ('2530', 9, '2530_11');
INSERT INTO `collection` (id, serial, cardId) VALUES ('13026', 1, '13026_3');
INSERT INTO `collection` (id, serial, cardId) VALUES ('13026', 2, '13026_4');
INSERT INTO `collection` (id, serial, cardId) VALUES ('13026', 3, '13026_5');
INSERT INTO `collection` (id, serial, cardId) VALUES ('13026', 4, '13026_6');
INSERT INTO `collection` (id, serial, cardId) VALUES ('13026', 5, '13026_7');
INSERT INTO `collection` (id, serial, cardId) VALUES ('13026', 6, '13026_8');
INSERT INTO `collection` (id, serial, cardId) VALUES ('13026', 7, '13026_9');
INSERT INTO `collection` (id, serial, cardId) VALUES ('13026', 8, '13026_10');
INSERT INTO `collection` (id, serial, cardId) VALUES ('13026', 9, '13026_11');
INSERT INTO `collection` (id, serial, cardId) VALUES ('13026', 10, '13026_12');
INSERT INTO `collection` (id, serial, cardId) VALUES ('13026', 11, '13026_13');
INSERT INTO `collection` (id, serial, cardId) VALUES ('13026', 12, '13026_14');
INSERT INTO `collection` (id, serial, cardId) VALUES ('13026', 13, '13026_15');
INSERT INTO `collection` (id, serial, cardId) VALUES ('13026', 14, '13026_16');
INSERT INTO `collection` (id, serial, cardId) VALUES ('13026', 15, '13026_17');
INSERT INTO `collection` (id, serial, cardId) VALUES ('13026', 16, '13026_18');
INSERT INTO `collection` (id, serial, cardId) VALUES ('13026', 17, '13026_19');
INSERT INTO `collection` (id, serial, cardId) VALUES ('13026', 18, '13026_20');
INSERT INTO `collection` (id, serial, cardId) VALUES ('13026', 19, '13026_21');
INSERT INTO `collection` (id, serial, cardId) VALUES ('13026', 20, '13026_22');
INSERT INTO `collection` (id, serial, cardId) VALUES ('13026', 21, '13026_23');
INSERT INTO `collection` (id, serial, cardId) VALUES ('24771', 1, '24771_3');
INSERT INTO `collection` (id, serial, cardId) VALUES ('24771', 2, '24771_4');
INSERT INTO `collection` (id, serial, cardId) VALUES ('24771', 3, '24771_5');
INSERT INTO `collection` (id, serial, cardId) VALUES ('24771', 4, '24771_6');
INSERT INTO `collection` (id, serial, cardId) VALUES ('24771', 5, '24771_7');
INSERT INTO `collection` (id, serial, cardId) VALUES ('24771', 6, '24771_8');
INSERT INTO `collection` (id, serial, cardId) VALUES ('24771', 7, '24771_9');
INSERT INTO `collection` (id, serial, cardId) VALUES ('24771', 8, '24771_10');
INSERT INTO `collection` (id, serial, cardId) VALUES ('24771', 9, '24771_11');
INSERT INTO `collection` (id, serial, cardId) VALUES ('18419', 1, '18419_3');
INSERT INTO `collection` (id, serial, cardId) VALUES ('18419', 2, '18419_4');
INSERT INTO `collection` (id, serial, cardId) VALUES ('18419', 3, '18419_5');
INSERT INTO `collection` (id, serial, cardId) VALUES ('18419', 4, '18419_6');
INSERT INTO `collection` (id, serial, cardId) VALUES ('18419', 5, '18419_7');
INSERT INTO `collection` (id, serial, cardId) VALUES ('18419', 6, '18419_8');
INSERT INTO `collection` (id, serial, cardId) VALUES ('18419', 7, '18419_9');
INSERT INTO `collection` (id, serial, cardId) VALUES ('18419', 8, '18419_10');
INSERT INTO `collection` (id, serial, cardId) VALUES ('18419', 9, '18419_11');
INSERT INTO `collection` (id, serial, cardId) VALUES ('18419', 10, '18419_12');
INSERT INTO `collection` (id, serial, cardId) VALUES ('18419', 11, '18419_13');
INSERT INTO `collection` (id, serial, cardId) VALUES ('18419', 12, '18419_14');
INSERT INTO `collection` (id, serial, cardId) VALUES ('18419', 13, '18419_15');
INSERT INTO `collection` (id, serial, cardId) VALUES ('18419', 14, '18419_16');
INSERT INTO `collection` (id, serial, cardId) VALUES ('18419', 15, '18419_17');
INSERT INTO `collection` (id, serial, cardId) VALUES ('18419', 16, '18419_18');
INSERT INTO `collection` (id, serial, cardId) VALUES ('18419', 17, '18419_19');
INSERT INTO `collection` (id, serial, cardId) VALUES ('2994', 1, '2994_3');
INSERT INTO `collection` (id, serial, cardId) VALUES ('2994', 2, '2994_4');
INSERT INTO `collection` (id, serial, cardId) VALUES ('2994', 3, '2994_5');
INSERT INTO `collection` (id, serial, cardId) VALUES ('2994', 4, '2994_6');
INSERT INTO `collection` (id, serial, cardId) VALUES ('2994', 5, '2994_7');
INSERT INTO `collection` (id, serial, cardId) VALUES ('13309', 1, '13309_3');
INSERT INTO `collection` (id, serial, cardId) VALUES ('13309', 2, '13309_4');
INSERT INTO `collection` (id, serial, cardId) VALUES ('13309', 3, '13309_5');
INSERT INTO `collection` (id, serial, cardId) VALUES ('13309', 4, '13309_6');
INSERT INTO `collection` (id, serial, cardId) VALUES ('13309', 5, '13309_7');
INSERT INTO `collection` (id, serial, cardId) VALUES ('13309', 6, '13309_8');
INSERT INTO `collection` (id, serial, cardId) VALUES ('13309', 7, '13309_9');
INSERT INTO `collection` (id, serial, cardId) VALUES ('13309', 8, '13309_10');
INSERT INTO `collection` (id, serial, cardId) VALUES ('13309', 9, '13309_11');
INSERT INTO `collection` (id, serial, cardId) VALUES ('13309', 10, '13309_12');
INSERT INTO `collection` (id, serial, cardId) VALUES ('13309', 11, '13309_13');
INSERT INTO `collection` (id, serial, cardId) VALUES ('13309', 12, '13309_14');
INSERT INTO `collection` (id, serial, cardId) VALUES ('13309', 13, '13309_15');
INSERT INTO `collection` (id, serial, cardId) VALUES ('15861', 1, '15861_3');
INSERT INTO `collection` (id, serial, cardId) VALUES ('15861', 2, '15861_4');
INSERT INTO `collection` (id, serial, cardId) VALUES ('15861', 3, '15861_5');
INSERT INTO `collection` (id, serial, cardId) VALUES ('15861', 4, '15861_6');
INSERT INTO `collection` (id, serial, cardId) VALUES ('15861', 5, '15861_7');
INSERT INTO `collection` (id, serial, cardId) VALUES ('15861', 6, '15861_8');
INSERT INTO `collection` (id, serial, cardId) VALUES ('15861', 7, '15861_9');
INSERT INTO `collection` (id, serial, cardId) VALUES ('15861', 8, '15861_10');
INSERT INTO `collection` (id, serial, cardId) VALUES ('15861', 9, '15861_11');
INSERT INTO `collection` (id, serial, cardId) VALUES ('15861', 10, '15861_12');
INSERT INTO `collection` (id, serial, cardId) VALUES ('15861', 11, '15861_13');
INSERT INTO `collection` (id, serial, cardId) VALUES ('15861', 12, '15861_14');
INSERT INTO `collection` (id, serial, cardId) VALUES ('15861', 13, '15861_15');
INSERT INTO `collection` (id, serial, cardId) VALUES ('23300', 1, '23300_3');
INSERT INTO `collection` (id, serial, cardId) VALUES ('23300', 2, '23300_4');
INSERT INTO `collection` (id, serial, cardId) VALUES ('23300', 3, '23300_5');
INSERT INTO `collection` (id, serial, cardId) VALUES ('23300', 4, '23300_6');
INSERT INTO `collection` (id, serial, cardId) VALUES ('23300', 5, '23300_7');
INSERT INTO `collection` (id, serial, cardId) VALUES ('23300', 6, '23300_8');
INSERT INTO `collection` (id, serial, cardId) VALUES ('23300', 7, '23300_9');
INSERT INTO `collection` (id, serial, cardId) VALUES ('23300', 8, '23300_10');
INSERT INTO `collection` (id, serial, cardId) VALUES ('23300', 9, '23300_11');
INSERT INTO `collection` (id, serial, cardId) VALUES ('15865', 1, '15865_3');
INSERT INTO `collection` (id, serial, cardId) VALUES ('15865', 2, '15865_4');
INSERT INTO `collection` (id, serial, cardId) VALUES ('15865', 3, '15865_5');
INSERT INTO `collection` (id, serial, cardId) VALUES ('15865', 4, '15865_6');
INSERT INTO `collection` (id, serial, cardId) VALUES ('15865', 5, '15865_7');
INSERT INTO `collection` (id, serial, cardId) VALUES ('15865', 6, '15865_8');
INSERT INTO `collection` (id, serial, cardId) VALUES ('15865', 7, '15865_9');
INSERT INTO `collection` (id, serial, cardId) VALUES ('15865', 8, '15865_10');
INSERT INTO `collection` (id, serial, cardId) VALUES ('15865', 9, '15865_11');
INSERT INTO `collection` (id, serial, cardId) VALUES ('15865', 10, '15865_12');
INSERT INTO `collection` (id, serial, cardId) VALUES ('15865', 11, '15865_13');
INSERT INTO `collection` (id, serial, cardId) VALUES ('15865', 12, '15865_14');
INSERT INTO `collection` (id, serial, cardId) VALUES ('15865', 13, '15865_15');
INSERT INTO `collection` (id, serial, cardId) VALUES ('15865', 14, '15865_16');
INSERT INTO `collection` (id, serial, cardId) VALUES ('15865', 15, '15865_17');
INSERT INTO `collection` (id, serial, cardId) VALUES ('15865', 16, '15865_18');
INSERT INTO `collection` (id, serial, cardId) VALUES ('15865', 17, '15865_19');
INSERT INTO `collection` (id, serial, cardId) VALUES ('15865', 18, '15865_20');
INSERT INTO `collection` (id, serial, cardId) VALUES ('15865', 19, '15865_21');
INSERT INTO `collection` (id, serial, cardId) VALUES ('15865', 20, '15865_22');
INSERT INTO `collection` (id, serial, cardId) VALUES ('15865', 21, '15865_23');
INSERT INTO `collection` (id, serial, cardId) VALUES ('12915', 1, '12915_3');
INSERT INTO `collection` (id, serial, cardId) VALUES ('12915', 2, '12915_4');
INSERT INTO `collection` (id, serial, cardId) VALUES ('12915', 3, '12915_5');
INSERT INTO `collection` (id, serial, cardId) VALUES ('12915', 4, '12915_6');
INSERT INTO `collection` (id, serial, cardId) VALUES ('12915', 5, '12915_7');
INSERT INTO `collection` (id, serial, cardId) VALUES ('12915', 6, '12915_8');
INSERT INTO `collection` (id, serial, cardId) VALUES ('12915', 7, '12915_9');
INSERT INTO `collection` (id, serial, cardId) VALUES ('12915', 8, '12915_10');
INSERT INTO `collection` (id, serial, cardId) VALUES ('12915', 9, '12915_11');
INSERT INTO `collection` (id, serial, cardId) VALUES ('12915', 10, '12915_12');
INSERT INTO `collection` (id, serial, cardId) VALUES ('12915', 11, '12915_13');
INSERT INTO `collection` (id, serial, cardId) VALUES ('12915', 12, '12915_14');
INSERT INTO `collection` (id, serial, cardId) VALUES ('12915', 13, '12915_15');
INSERT INTO `collection` (id, serial, cardId) VALUES ('14812', 1, '14812_3');
INSERT INTO `collection` (id, serial, cardId) VALUES ('14812', 2, '14812_4');
INSERT INTO `collection` (id, serial, cardId) VALUES ('14812', 3, '14812_5');
INSERT INTO `collection` (id, serial, cardId) VALUES ('14812', 4, '14812_6');
INSERT INTO `collection` (id, serial, cardId) VALUES ('14812', 5, '14812_7');
INSERT INTO `collection` (id, serial, cardId) VALUES ('14812', 6, '14812_8');
INSERT INTO `collection` (id, serial, cardId) VALUES ('14812', 7, '14812_9');
INSERT INTO `collection` (id, serial, cardId) VALUES ('14812', 8, '14812_10');
INSERT INTO `collection` (id, serial, cardId) VALUES ('14812', 9, '14812_11');
INSERT INTO `collection` (id, serial, cardId) VALUES ('14812', 10, '14812_12');
INSERT INTO `collection` (id, serial, cardId) VALUES ('14812', 11, '14812_13');
INSERT INTO `collection` (id, serial, cardId) VALUES ('14812', 12, '14812_14');
INSERT INTO `collection` (id, serial, cardId) VALUES ('14812', 13, '14812_15');
INSERT INTO `collection` (id, serial, cardId) VALUES ('14812', 14, '14812_16');
INSERT INTO `collection` (id, serial, cardId) VALUES ('14812', 15, '14812_17');
INSERT INTO `collection` (id, serial, cardId) VALUES ('14812', 16, '14812_18');
INSERT INTO `collection` (id, serial, cardId) VALUES ('24769', 1, '24769_3');
INSERT INTO `collection` (id, serial, cardId) VALUES ('24769', 2, '24769_4');
INSERT INTO `collection` (id, serial, cardId) VALUES ('24769', 3, '24769_5');
INSERT INTO `collection` (id, serial, cardId) VALUES ('24769', 4, '24769_6');
INSERT INTO `collection` (id, serial, cardId) VALUES ('24769', 5, '24769_7');
INSERT INTO `collection` (id, serial, cardId) VALUES ('24769', 6, '24769_8');
INSERT INTO `collection` (id, serial, cardId) VALUES ('24769', 7, '24769_9');
INSERT INTO `collection` (id, serial, cardId) VALUES ('24769', 8, '24769_10');
INSERT INTO `collection` (id, serial, cardId) VALUES ('24769', 9, '24769_11');
INSERT INTO `collection` (id, serial, cardId) VALUES ('24769', 10, '24769_12');
INSERT INTO `collection` (id, serial, cardId) VALUES ('24769', 11, '24769_13');
INSERT INTO `collection` (id, serial, cardId) VALUES ('24769', 12, '24769_14');
INSERT INTO `collection` (id, serial, cardId) VALUES ('12689', 1, '12689_3');
INSERT INTO `collection` (id, serial, cardId) VALUES ('12689', 2, '12689_4');
INSERT INTO `collection` (id, serial, cardId) VALUES ('12689', 3, '12689_5');
INSERT INTO `collection` (id, serial, cardId) VALUES ('12689', 4, '12689_6');
INSERT INTO `collection` (id, serial, cardId) VALUES ('12689', 5, '12689_7');
INSERT INTO `collection` (id, serial, cardId) VALUES ('12689', 6, '12689_8');
INSERT INTO `collection` (id, serial, cardId) VALUES ('12689', 7, '12689_9');
INSERT INTO `collection` (id, serial, cardId) VALUES ('12689', 8, '12689_10');
INSERT INTO `collection` (id, serial, cardId) VALUES ('12689', 9, '12689_11');
INSERT INTO `collection` (id, serial, cardId) VALUES ('12689', 10, '12689_12');
INSERT INTO `collection` (id, serial, cardId) VALUES ('12689', 11, '12689_13');
INSERT INTO `collection` (id, serial, cardId) VALUES ('12689', 12, '12689_14');
INSERT INTO `collection` (id, serial, cardId) VALUES ('2340', 1, '2340_3');
INSERT INTO `collection` (id, serial, cardId) VALUES ('2340', 2, '2340_4');
INSERT INTO `collection` (id, serial, cardId) VALUES ('2340', 3, '2340_5');
INSERT INTO `collection` (id, serial, cardId) VALUES ('2340', 4, '2340_6');
INSERT INTO `collection` (id, serial, cardId) VALUES ('2340', 5, '2340_7');
INSERT INTO `collection` (id, serial, cardId) VALUES ('2340', 6, '2340_8');
INSERT INTO `collection` (id, serial, cardId) VALUES ('2340', 7, '2340_9');
INSERT INTO `collection` (id, serial, cardId) VALUES ('2340', 8, '2340_10');
INSERT INTO `collection` (id, serial, cardId) VALUES ('2340', 9, '2340_11');
INSERT INTO `collection` (id, serial, cardId) VALUES ('2340', 10, '2340_12');
INSERT INTO `collection` (id, serial, cardId) VALUES ('2340', 11, '2340_13');
INSERT INTO `collection` (id, serial, cardId) VALUES ('2340', 12, '2340_14');
INSERT INTO `collection` (id, serial, cardId) VALUES ('2340', 13, '2340_15');
INSERT INTO `collection` (id, serial, cardId) VALUES ('2340', 14, '2340_16');
INSERT INTO `collection` (id, serial, cardId) VALUES ('2340', 15, '2340_17');
INSERT INTO `collection` (id, serial, cardId) VALUES ('2340', 16, '2340_18');
INSERT INTO `collection` (id, serial, cardId) VALUES ('22352', 1, '22352_3');
INSERT INTO `collection` (id, serial, cardId) VALUES ('22352', 2, '22352_4');
INSERT INTO `collection` (id, serial, cardId) VALUES ('22352', 3, '22352_5');
INSERT INTO `collection` (id, serial, cardId) VALUES ('22352', 4, '22352_6');
INSERT INTO `collection` (id, serial, cardId) VALUES ('22352', 5, '22352_7');
INSERT INTO `collection` (id, serial, cardId) VALUES ('22352', 6, '22352_8');
INSERT INTO `collection` (id, serial, cardId) VALUES ('22352', 7, '22352_9');
INSERT INTO `collection` (id, serial, cardId) VALUES ('22352', 8, '22352_10');
INSERT INTO `collection` (id, serial, cardId) VALUES ('22352', 9, '22352_11');
INSERT INTO `collection` (id, serial, cardId) VALUES ('12600', 1, '12600_3');
INSERT INTO `collection` (id, serial, cardId) VALUES ('12600', 2, '12600_4');
INSERT INTO `collection` (id, serial, cardId) VALUES ('12600', 3, '12600_5');
INSERT INTO `collection` (id, serial, cardId) VALUES ('12600', 4, '12600_6');
INSERT INTO `collection` (id, serial, cardId) VALUES ('12600', 5, '12600_7');
INSERT INTO `collection` (id, serial, cardId) VALUES ('12600', 6, '12600_8');
INSERT INTO `collection` (id, serial, cardId) VALUES ('12600', 7, '12600_9');
INSERT INTO `collection` (id, serial, cardId) VALUES ('12600', 8, '12600_10');
INSERT INTO `collection` (id, serial, cardId) VALUES ('12600', 9, '12600_11');
INSERT INTO `collection` (id, serial, cardId) VALUES ('12600', 10, '12600_12');
INSERT INTO `collection` (id, serial, cardId) VALUES ('12600', 11, '12600_13');
INSERT INTO `collection` (id, serial, cardId) VALUES ('12600', 12, '12600_14');
INSERT INTO `collection` (id, serial, cardId) VALUES ('12600', 13, '12600_15');
INSERT INTO `collection` (id, serial, cardId) VALUES ('12600', 14, '12600_16');
INSERT INTO `collection` (id, serial, cardId) VALUES ('12600', 15, '12600_17');
INSERT INTO `collection` (id, serial, cardId) VALUES ('12600', 16, '12600_18');
INSERT INTO `collection` (id, serial, cardId) VALUES ('12600', 17, '12600_19');
INSERT INTO `collection` (id, serial, cardId) VALUES ('15609', 1, '15609_3');
INSERT INTO `collection` (id, serial, cardId) VALUES ('15609', 2, '15609_4');
INSERT INTO `collection` (id, serial, cardId) VALUES ('15609', 3, '15609_5');
INSERT INTO `collection` (id, serial, cardId) VALUES ('15609', 4, '15609_6');
INSERT INTO `collection` (id, serial, cardId) VALUES ('15609', 5, '15609_7');
INSERT INTO `collection` (id, serial, cardId) VALUES ('15609', 6, '15609_8');
INSERT INTO `collection` (id, serial, cardId) VALUES ('15609', 7, '15609_9');
INSERT INTO `collection` (id, serial, cardId) VALUES ('15609', 8, '15609_10');
INSERT INTO `collection` (id, serial, cardId) VALUES ('15609', 9, '15609_11');
INSERT INTO `collection` (id, serial, cardId) VALUES ('10166', 1, '10166_3');
INSERT INTO `collection` (id, serial, cardId) VALUES ('10166', 2, '10166_4');
INSERT INTO `collection` (id, serial, cardId) VALUES ('10166', 3, '10166_5');
INSERT INTO `collection` (id, serial, cardId) VALUES ('10166', 4, '10166_6');
INSERT INTO `collection` (id, serial, cardId) VALUES ('10166', 5, '10166_7');
INSERT INTO `collection` (id, serial, cardId) VALUES ('10166', 6, '10166_8');
INSERT INTO `collection` (id, serial, cardId) VALUES ('10166', 7, '10166_9');
INSERT INTO `collection` (id, serial, cardId) VALUES ('10166', 8, '10166_10');
INSERT INTO `collection` (id, serial, cardId) VALUES ('10166', 9, '10166_11');
INSERT INTO `collection` (id, serial, cardId) VALUES ('10166', 10, '10166_12');
INSERT INTO `collection` (id, serial, cardId) VALUES ('10166', 11, '10166_13');
INSERT INTO `collection` (id, serial, cardId) VALUES ('10166', 12, '10166_14');
INSERT INTO `collection` (id, serial, cardId) VALUES ('10166', 13, '10166_15');
INSERT INTO `collection` (id, serial, cardId) VALUES ('22068', 1, '22068_3');
INSERT INTO `collection` (id, serial, cardId) VALUES ('22068', 2, '22068_4');
INSERT INTO `collection` (id, serial, cardId) VALUES ('22068', 3, '22068_5');
INSERT INTO `collection` (id, serial, cardId) VALUES ('22068', 4, '22068_6');
INSERT INTO `collection` (id, serial, cardId) VALUES ('22068', 5, '22068_7');
INSERT INTO `collection` (id, serial, cardId) VALUES ('22068', 6, '22068_8');
INSERT INTO `collection` (id, serial, cardId) VALUES ('22068', 7, '22068_9');
INSERT INTO `collection` (id, serial, cardId) VALUES ('22068', 8, '22068_10');
INSERT INTO `collection` (id, serial, cardId) VALUES ('22068', 9, '22068_11');
INSERT INTO `collection` (id, serial, cardId) VALUES ('22068', 10, '22068_12');
INSERT INTO `collection` (id, serial, cardId) VALUES ('22068', 11, '22068_13');
INSERT INTO `collection` (id, serial, cardId) VALUES ('22068', 12, '22068_14');
INSERT INTO `collection` (id, serial, cardId) VALUES ('22068', 13, '22068_15');
INSERT INTO `collection` (id, serial, cardId) VALUES ('22068', 14, '22068_16');
INSERT INTO `collection` (id, serial, cardId) VALUES ('22068', 15, '22068_17');
INSERT INTO `collection` (id, serial, cardId) VALUES ('22068', 16, '22068_18');
INSERT INTO `collection` (id, serial, cardId) VALUES ('22068', 17, '22068_19');
INSERT INTO `collection` (id, serial, cardId) VALUES ('1176', 1, '1176_3');
INSERT INTO `collection` (id, serial, cardId) VALUES ('1176', 2, '1176_4');
INSERT INTO `collection` (id, serial, cardId) VALUES ('1176', 3, '1176_5');
INSERT INTO `collection` (id, serial, cardId) VALUES ('1176', 4, '1176_6');
INSERT INTO `collection` (id, serial, cardId) VALUES ('1176', 5, '1176_7');
INSERT INTO `collection` (id, serial, cardId) VALUES ('1176', 6, '1176_8');
INSERT INTO `collection` (id, serial, cardId) VALUES ('1176', 7, '1176_9');
INSERT INTO `collection` (id, serial, cardId) VALUES ('1176', 8, '1176_10');
INSERT INTO `collection` (id, serial, cardId) VALUES ('1176', 9, '1176_11');
INSERT INTO `collection` (id, serial, cardId) VALUES ('1176', 10, '1176_12');
INSERT INTO `collection` (id, serial, cardId) VALUES ('1176', 11, '1176_13');
INSERT INTO `collection` (id, serial, cardId) VALUES ('1176', 12, '1176_14');
INSERT INTO `collection` (id, serial, cardId) VALUES ('19600', 1, '19600_3');
INSERT INTO `collection` (id, serial, cardId) VALUES ('19600', 2, '19600_4');
INSERT INTO `collection` (id, serial, cardId) VALUES ('19600', 3, '19600_5');
INSERT INTO `collection` (id, serial, cardId) VALUES ('19600', 4, '19600_6');
INSERT INTO `collection` (id, serial, cardId) VALUES ('19600', 5, '19600_7');
INSERT INTO `collection` (id, serial, cardId) VALUES ('19600', 6, '19600_8');
INSERT INTO `collection` (id, serial, cardId) VALUES ('19600', 7, '19600_9');
INSERT INTO `collection` (id, serial, cardId) VALUES ('19600', 8, '19600_10');
INSERT INTO `collection` (id, serial, cardId) VALUES ('19600', 9, '19600_11');
INSERT INTO `collection` (id, serial, cardId) VALUES ('19600', 10, '19600_12');
INSERT INTO `collection` (id, serial, cardId) VALUES ('19600', 11, '19600_13');
INSERT INTO `collection` (id, serial, cardId) VALUES ('19600', 12, '19600_14');
INSERT INTO `collection` (id, serial, cardId) VALUES ('19600', 13, '19600_15');
INSERT INTO `collection` (id, serial, cardId) VALUES ('19600', 14, '19600_16');
INSERT INTO `collection` (id, serial, cardId) VALUES ('19600', 15, '19600_17');
INSERT INTO `collection` (id, serial, cardId) VALUES ('19600', 16, '19600_18');
INSERT INTO `collection` (id, serial, cardId) VALUES ('19600', 17, '19600_19');
INSERT INTO `collection` (id, serial, cardId) VALUES ('19400', 1, '19400_3');
INSERT INTO `collection` (id, serial, cardId) VALUES ('19400', 2, '19400_4');
INSERT INTO `collection` (id, serial, cardId) VALUES ('19400', 3, '19400_5');
INSERT INTO `collection` (id, serial, cardId) VALUES ('19400', 4, '19400_6');
INSERT INTO `collection` (id, serial, cardId) VALUES ('19400', 5, '19400_7');
INSERT INTO `collection` (id, serial, cardId) VALUES ('19400', 6, '19400_8');
INSERT INTO `collection` (id, serial, cardId) VALUES ('19400', 7, '19400_9');
INSERT INTO `collection` (id, serial, cardId) VALUES ('19400', 8, '19400_10');
INSERT INTO `collection` (id, serial, cardId) VALUES ('19400', 9, '19400_11');
INSERT INTO `collection` (id, serial, cardId) VALUES ('19400', 10, '19400_12');
INSERT INTO `collection` (id, serial, cardId) VALUES ('19400', 11, '19400_13');
INSERT INTO `collection` (id, serial, cardId) VALUES ('19400', 12, '19400_14');
INSERT INTO `collection` (id, serial, cardId) VALUES ('19400', 13, '19400_15');
INSERT INTO `collection` (id, serial, cardId) VALUES ('2229', 1, '2229_3');
INSERT INTO `collection` (id, serial, cardId) VALUES ('2229', 2, '2229_4');
INSERT INTO `collection` (id, serial, cardId) VALUES ('2229', 3, '2229_5');
INSERT INTO `collection` (id, serial, cardId) VALUES ('2229', 4, '2229_6');
INSERT INTO `collection` (id, serial, cardId) VALUES ('2229', 5, '2229_7');
INSERT INTO `collection` (id, serial, cardId) VALUES ('2229', 6, '2229_8');
INSERT INTO `collection` (id, serial, cardId) VALUES ('2229', 7, '2229_9');
INSERT INTO `collection` (id, serial, cardId) VALUES ('2229', 8, '2229_10');
INSERT INTO `collection` (id, serial, cardId) VALUES ('2229', 9, '2229_11');
INSERT INTO `collection` (id, serial, cardId) VALUES ('2229', 10, '2229_12');
INSERT INTO `collection` (id, serial, cardId) VALUES ('2229', 11, '2229_13');
INSERT INTO `collection` (id, serial, cardId) VALUES ('2229', 12, '2229_14');
INSERT INTO `collection` (id, serial, cardId) VALUES ('31282', 1, '31282_3');
INSERT INTO `collection` (id, serial, cardId) VALUES ('31282', 2, '31282_4');
INSERT INTO `collection` (id, serial, cardId) VALUES ('31282', 3, '31282_5');
INSERT INTO `collection` (id, serial, cardId) VALUES ('31282', 4, '31282_6');
INSERT INTO `collection` (id, serial, cardId) VALUES ('31282', 5, '31282_7');
INSERT INTO `collection` (id, serial, cardId) VALUES ('31282', 6, '31282_8');
INSERT INTO `collection` (id, serial, cardId) VALUES ('31282', 7, '31282_9');
INSERT INTO `collection` (id, serial, cardId) VALUES ('31282', 8, '31282_10');
INSERT INTO `collection` (id, serial, cardId) VALUES ('31282', 9, '31282_11');
INSERT INTO `collection` (id, serial, cardId) VALUES ('31282', 10, '31282_12');
INSERT INTO `collection` (id, serial, cardId) VALUES ('31282', 11, '31282_13');
INSERT INTO `collection` (id, serial, cardId) VALUES ('12632', 1, '12632_3');
INSERT INTO `collection` (id, serial, cardId) VALUES ('12632', 2, '12632_4');
INSERT INTO `collection` (id, serial, cardId) VALUES ('12632', 3, '12632_5');
INSERT INTO `collection` (id, serial, cardId) VALUES ('12632', 4, '12632_6');
INSERT INTO `collection` (id, serial, cardId) VALUES ('12632', 5, '12632_7');
INSERT INTO `collection` (id, serial, cardId) VALUES ('12632', 6, '12632_8');
INSERT INTO `collection` (id, serial, cardId) VALUES ('12632', 7, '12632_9');
INSERT INTO `collection` (id, serial, cardId) VALUES ('12632', 8, '12632_10');
INSERT INTO `collection` (id, serial, cardId) VALUES ('12632', 9, '12632_11');
INSERT INTO `collection` (id, serial, cardId) VALUES ('22061', 1, '22061_3');
INSERT INTO `collection` (id, serial, cardId) VALUES ('22061', 2, '22061_4');
INSERT INTO `collection` (id, serial, cardId) VALUES ('22061', 3, '22061_5');
INSERT INTO `collection` (id, serial, cardId) VALUES ('22061', 4, '22061_6');
INSERT INTO `collection` (id, serial, cardId) VALUES ('22061', 5, '22061_7');
INSERT INTO `collection` (id, serial, cardId) VALUES ('22061', 6, '22061_8');
INSERT INTO `collection` (id, serial, cardId) VALUES ('22061', 7, '22061_9');
INSERT INTO `collection` (id, serial, cardId) VALUES ('22061', 8, '22061_10');
INSERT INTO `collection` (id, serial, cardId) VALUES ('22061', 9, '22061_11');
INSERT INTO `collection` (id, serial, cardId) VALUES ('22061', 10, '22061_12');
INSERT INTO `collection` (id, serial, cardId) VALUES ('22061', 11, '22061_13');
INSERT INTO `collection` (id, serial, cardId) VALUES ('22061', 12, '22061_14');
INSERT INTO `collection` (id, serial, cardId) VALUES ('22061', 13, '22061_15');
INSERT INTO `collection` (id, serial, cardId) VALUES ('15863', 1, '15863_3');
INSERT INTO `collection` (id, serial, cardId) VALUES ('15863', 2, '15863_4');
INSERT INTO `collection` (id, serial, cardId) VALUES ('15863', 3, '15863_5');
INSERT INTO `collection` (id, serial, cardId) VALUES ('15863', 4, '15863_6');
INSERT INTO `collection` (id, serial, cardId) VALUES ('15863', 5, '15863_7');
INSERT INTO `collection` (id, serial, cardId) VALUES ('15863', 6, '15863_8');
INSERT INTO `collection` (id, serial, cardId) VALUES ('15863', 7, '15863_9');
INSERT INTO `collection` (id, serial, cardId) VALUES ('15863', 8, '15863_10');
INSERT INTO `collection` (id, serial, cardId) VALUES ('15863', 9, '15863_11');
INSERT INTO `collection` (id, serial, cardId) VALUES ('15863', 10, '15863_12');
INSERT INTO `collection` (id, serial, cardId) VALUES ('15863', 11, '15863_13');
INSERT INTO `collection` (id, serial, cardId) VALUES ('15863', 12, '15863_14');
INSERT INTO `collection` (id, serial, cardId) VALUES ('15863', 13, '15863_15');
INSERT INTO `collection` (id, serial, cardId) VALUES ('7874', 1, '7874_3');
INSERT INTO `collection` (id, serial, cardId) VALUES ('7874', 2, '7874_4');
INSERT INTO `collection` (id, serial, cardId) VALUES ('7874', 3, '7874_5');
INSERT INTO `collection` (id, serial, cardId) VALUES ('7874', 4, '7874_6');
INSERT INTO `collection` (id, serial, cardId) VALUES ('7874', 5, '7874_7');
INSERT INTO `collection` (id, serial, cardId) VALUES ('7874', 6, '7874_8');
INSERT INTO `collection` (id, serial, cardId) VALUES ('7874', 7, '7874_9');
INSERT INTO `collection` (id, serial, cardId) VALUES ('7874', 8, '7874_10');
INSERT INTO `collection` (id, serial, cardId) VALUES ('7874', 9, '7874_11');
INSERT INTO `collection` (id, serial, cardId) VALUES ('7874', 10, '7874_12');
INSERT INTO `collection` (id, serial, cardId) VALUES ('7874', 11, '7874_13');
INSERT INTO `collection` (id, serial, cardId) VALUES ('7874', 12, '7874_14');
INSERT INTO `collection` (id, serial, cardId) VALUES ('7874', 13, '7874_15');
INSERT INTO `collection` (id, serial, cardId) VALUES ('7874', 14, '7874_16');
INSERT INTO `collection` (id, serial, cardId) VALUES ('7874', 15, '7874_17');
INSERT INTO `collection` (id, serial, cardId) VALUES ('22049', 1, '22049_3');
INSERT INTO `collection` (id, serial, cardId) VALUES ('22049', 2, '22049_4');
INSERT INTO `collection` (id, serial, cardId) VALUES ('22049', 3, '22049_5');
INSERT INTO `collection` (id, serial, cardId) VALUES ('22049', 4, '22049_6');
INSERT INTO `collection` (id, serial, cardId) VALUES ('22049', 5, '22049_7');
INSERT INTO `collection` (id, serial, cardId) VALUES ('22049', 6, '22049_8');
INSERT INTO `collection` (id, serial, cardId) VALUES ('22049', 7, '22049_9');
INSERT INTO `collection` (id, serial, cardId) VALUES ('22049', 8, '22049_10');
INSERT INTO `collection` (id, serial, cardId) VALUES ('22049', 9, '22049_11');
INSERT INTO `collection` (id, serial, cardId) VALUES ('22049', 10, '22049_12');
INSERT INTO `collection` (id, serial, cardId) VALUES ('22049', 11, '22049_13');
INSERT INTO `collection` (id, serial, cardId) VALUES ('22049', 12, '22049_14');
INSERT INTO `collection` (id, serial, cardId) VALUES ('22049', 13, '22049_15');
INSERT INTO `collection` (id, serial, cardId) VALUES ('22049', 14, '22049_16');
INSERT INTO `collection` (id, serial, cardId) VALUES ('22049', 15, '22049_17');
INSERT INTO `collection` (id, serial, cardId) VALUES ('22049', 16, '22049_18');
INSERT INTO `collection` (id, serial, cardId) VALUES ('22049', 17, '22049_19');
INSERT INTO `collection` (id, serial, cardId) VALUES ('23747', 1, '23747_3');
INSERT INTO `collection` (id, serial, cardId) VALUES ('23747', 2, '23747_4');
INSERT INTO `collection` (id, serial, cardId) VALUES ('23747', 3, '23747_5');
INSERT INTO `collection` (id, serial, cardId) VALUES ('23747', 4, '23747_6');
INSERT INTO `collection` (id, serial, cardId) VALUES ('23747', 5, '23747_7');
INSERT INTO `collection` (id, serial, cardId) VALUES ('23747', 6, '23747_8');
INSERT INTO `collection` (id, serial, cardId) VALUES ('23747', 7, '23747_9');
INSERT INTO `collection` (id, serial, cardId) VALUES ('23747', 8, '23747_10');
INSERT INTO `collection` (id, serial, cardId) VALUES ('23747', 9, '23747_11');
INSERT INTO `collection` (id, serial, cardId) VALUES ('23747', 10, '23747_12');
INSERT INTO `collection` (id, serial, cardId) VALUES ('23747', 11, '23747_13');
INSERT INTO `collection` (id, serial, cardId) VALUES ('23747', 12, '23747_14');
INSERT INTO `collection` (id, serial, cardId) VALUES ('23747', 13, '23747_15');
INSERT INTO `collection` (id, serial, cardId) VALUES ('23747', 14, '23747_16');
INSERT INTO `collection` (id, serial, cardId) VALUES ('23747', 15, '23747_17');
INSERT INTO `collection` (id, serial, cardId) VALUES ('23747', 16, '23747_18');
INSERT INTO `collection` (id, serial, cardId) VALUES ('23747', 17, '23747_19');
INSERT INTO `collection` (id, serial, cardId) VALUES ('23747', 18, '23747_20');
INSERT INTO `collection` (id, serial, cardId) VALUES ('23747', 19, '23747_21');
INSERT INTO `collection` (id, serial, cardId) VALUES ('23747', 20, '23747_22');
INSERT INTO `collection` (id, serial, cardId) VALUES ('23747', 21, '23747_23');
INSERT INTO `collection` (id, serial, cardId) VALUES ('23747', 22, '23747_24');
INSERT INTO `collection` (id, serial, cardId) VALUES ('22750', 1, '22750_3');
INSERT INTO `collection` (id, serial, cardId) VALUES ('22750', 2, '22750_4');
INSERT INTO `collection` (id, serial, cardId) VALUES ('22750', 3, '22750_5');
INSERT INTO `collection` (id, serial, cardId) VALUES ('22750', 4, '22750_6');
INSERT INTO `collection` (id, serial, cardId) VALUES ('22750', 5, '22750_7');
INSERT INTO `collection` (id, serial, cardId) VALUES ('22750', 6, '22750_8');
INSERT INTO `collection` (id, serial, cardId) VALUES ('22750', 7, '22750_9');
INSERT INTO `collection` (id, serial, cardId) VALUES ('22750', 8, '22750_10');
INSERT INTO `collection` (id, serial, cardId) VALUES ('22750', 9, '22750_11');
INSERT INTO `collection` (id, serial, cardId) VALUES ('22750', 10, '22750_12');
INSERT INTO `collection` (id, serial, cardId) VALUES ('22750', 11, '22750_13');
INSERT INTO `collection` (id, serial, cardId) VALUES ('22750', 12, '22750_14');
INSERT INTO `collection` (id, serial, cardId) VALUES ('22750', 13, '22750_15');
INSERT INTO `collection` (id, serial, cardId) VALUES ('21747', 1, '21747_3');
INSERT INTO `collection` (id, serial, cardId) VALUES ('21747', 2, '21747_4');
INSERT INTO `collection` (id, serial, cardId) VALUES ('21747', 3, '21747_5');
INSERT INTO `collection` (id, serial, cardId) VALUES ('21747', 4, '21747_6');
INSERT INTO `collection` (id, serial, cardId) VALUES ('21747', 5, '21747_7');
INSERT INTO `collection` (id, serial, cardId) VALUES ('21747', 6, '21747_8');
INSERT INTO `collection` (id, serial, cardId) VALUES ('21747', 7, '21747_9');
INSERT INTO `collection` (id, serial, cardId) VALUES ('21747', 8, '21747_10');
INSERT INTO `collection` (id, serial, cardId) VALUES ('21747', 9, '21747_11');
INSERT INTO `collection` (id, serial, cardId) VALUES ('21747', 10, '21747_12');
INSERT INTO `collection` (id, serial, cardId) VALUES ('21747', 11, '21747_13');
INSERT INTO `collection` (id, serial, cardId) VALUES ('21747', 12, '21747_14');
INSERT INTO `collection` (id, serial, cardId) VALUES ('21747', 13, '21747_15');
INSERT INTO `collection` (id, serial, cardId) VALUES ('2344', 1, '2344_3');
INSERT INTO `collection` (id, serial, cardId) VALUES ('2344', 2, '2344_4');
INSERT INTO `collection` (id, serial, cardId) VALUES ('2344', 3, '2344_5');
INSERT INTO `collection` (id, serial, cardId) VALUES ('2344', 4, '2344_6');
INSERT INTO `collection` (id, serial, cardId) VALUES ('2344', 5, '2344_7');
INSERT INTO `collection` (id, serial, cardId) VALUES ('2344', 6, '2344_8');
INSERT INTO `collection` (id, serial, cardId) VALUES ('2344', 7, '2344_9');
INSERT INTO `collection` (id, serial, cardId) VALUES ('2344', 8, '2344_10');
INSERT INTO `collection` (id, serial, cardId) VALUES ('2344', 9, '2344_11');
INSERT INTO `collection` (id, serial, cardId) VALUES ('2344', 10, '2344_12');
INSERT INTO `collection` (id, serial, cardId) VALUES ('2344', 11, '2344_13');
INSERT INTO `collection` (id, serial, cardId) VALUES ('2344', 12, '2344_14');
INSERT INTO `collection` (id, serial, cardId) VALUES ('2344', 13, '2344_15');
INSERT INTO `collection` (id, serial, cardId) VALUES ('2344', 14, '2344_16');
INSERT INTO `collection` (id, serial, cardId) VALUES ('2344', 15, '2344_17');
INSERT INTO `collection` (id, serial, cardId) VALUES ('2344', 16, '2344_18');
INSERT INTO `collection` (id, serial, cardId) VALUES ('15942', 1, '15942_3');
INSERT INTO `collection` (id, serial, cardId) VALUES ('15942', 2, '15942_4');
INSERT INTO `collection` (id, serial, cardId) VALUES ('15942', 3, '15942_5');
INSERT INTO `collection` (id, serial, cardId) VALUES ('15942', 4, '15942_6');
INSERT INTO `collection` (id, serial, cardId) VALUES ('15942', 5, '15942_7');
INSERT INTO `collection` (id, serial, cardId) VALUES ('15942', 6, '15942_8');
INSERT INTO `collection` (id, serial, cardId) VALUES ('15942', 7, '15942_9');
INSERT INTO `collection` (id, serial, cardId) VALUES ('15942', 8, '15942_10');
INSERT INTO `collection` (id, serial, cardId) VALUES ('15942', 9, '15942_11');
INSERT INTO `collection` (id, serial, cardId) VALUES ('15942', 10, '15942_12');
INSERT INTO `collection` (id, serial, cardId) VALUES ('15942', 11, '15942_13');
INSERT INTO `collection` (id, serial, cardId) VALUES ('7877', 1, '7877_3');
INSERT INTO `collection` (id, serial, cardId) VALUES ('7877', 2, '7877_4');
INSERT INTO `collection` (id, serial, cardId) VALUES ('7877', 3, '7877_5');
INSERT INTO `collection` (id, serial, cardId) VALUES ('7877', 4, '7877_6');
INSERT INTO `collection` (id, serial, cardId) VALUES ('7877', 5, '7877_7');
INSERT INTO `collection` (id, serial, cardId) VALUES ('7877', 6, '7877_8');
INSERT INTO `collection` (id, serial, cardId) VALUES ('7877', 7, '7877_9');
INSERT INTO `collection` (id, serial, cardId) VALUES ('7877', 8, '7877_10');
INSERT INTO `collection` (id, serial, cardId) VALUES ('7877', 9, '7877_11');
INSERT INTO `collection` (id, serial, cardId) VALUES ('7877', 10, '7877_12');
INSERT INTO `collection` (id, serial, cardId) VALUES ('9684', 1, '9684_3');
INSERT INTO `collection` (id, serial, cardId) VALUES ('9684', 2, '9684_4');
INSERT INTO `collection` (id, serial, cardId) VALUES ('9684', 3, '9684_5');
INSERT INTO `collection` (id, serial, cardId) VALUES ('9684', 4, '9684_6');
INSERT INTO `collection` (id, serial, cardId) VALUES ('9684', 5, '9684_7');
INSERT INTO `collection` (id, serial, cardId) VALUES ('9684', 6, '9684_8');
INSERT INTO `collection` (id, serial, cardId) VALUES ('9684', 7, '9684_9');
INSERT INTO `collection` (id, serial, cardId) VALUES ('9684', 8, '9684_10');
INSERT INTO `collection` (id, serial, cardId) VALUES ('9684', 9, '9684_11');
INSERT INTO `collection` (id, serial, cardId) VALUES ('9684', 10, '9684_12');
INSERT INTO `collection` (id, serial, cardId) VALUES ('9684', 11, '9684_13');
INSERT INTO `collection` (id, serial, cardId) VALUES ('9684', 12, '9684_14');
INSERT INTO `collection` (id, serial, cardId) VALUES ('9684', 13, '9684_15');
INSERT INTO `collection` (id, serial, cardId) VALUES ('15616', 1, '15616_3');
INSERT INTO `collection` (id, serial, cardId) VALUES ('15616', 2, '15616_4');
INSERT INTO `collection` (id, serial, cardId) VALUES ('15616', 3, '15616_5');
INSERT INTO `collection` (id, serial, cardId) VALUES ('15616', 4, '15616_6');
INSERT INTO `collection` (id, serial, cardId) VALUES ('15616', 5, '15616_7');
INSERT INTO `collection` (id, serial, cardId) VALUES ('15616', 6, '15616_8');
INSERT INTO `collection` (id, serial, cardId) VALUES ('15616', 7, '15616_9');
INSERT INTO `collection` (id, serial, cardId) VALUES ('15616', 8, '15616_10');
INSERT INTO `collection` (id, serial, cardId) VALUES ('15616', 9, '15616_11');
INSERT INTO `collection` (id, serial, cardId) VALUES ('9480', 1, '9480_3');
INSERT INTO `collection` (id, serial, cardId) VALUES ('9480', 2, '9480_4');
INSERT INTO `collection` (id, serial, cardId) VALUES ('9480', 3, '9480_5');
INSERT INTO `collection` (id, serial, cardId) VALUES ('9480', 4, '9480_6');
INSERT INTO `collection` (id, serial, cardId) VALUES ('9480', 5, '9480_7');
INSERT INTO `collection` (id, serial, cardId) VALUES ('9480', 6, '9480_8');
INSERT INTO `collection` (id, serial, cardId) VALUES ('9480', 7, '9480_9');
INSERT INTO `collection` (id, serial, cardId) VALUES ('9480', 8, '9480_10');
INSERT INTO `collection` (id, serial, cardId) VALUES ('9480', 9, '9480_11');
INSERT INTO `collection` (id, serial, cardId) VALUES ('9480', 10, '9480_12');
INSERT INTO `collection` (id, serial, cardId) VALUES ('9480', 11, '9480_13');
INSERT INTO `collection` (id, serial, cardId) VALUES ('21621', 1, '21621_3');
INSERT INTO `collection` (id, serial, cardId) VALUES ('21621', 2, '21621_4');
INSERT INTO `collection` (id, serial, cardId) VALUES ('21621', 3, '21621_5');
INSERT INTO `collection` (id, serial, cardId) VALUES ('21621', 4, '21621_6');
INSERT INTO `collection` (id, serial, cardId) VALUES ('21621', 5, '21621_7');
INSERT INTO `collection` (id, serial, cardId) VALUES ('21621', 6, '21621_8');
INSERT INTO `collection` (id, serial, cardId) VALUES ('21621', 7, '21621_9');
INSERT INTO `collection` (id, serial, cardId) VALUES ('21621', 8, '21621_10');
INSERT INTO `collection` (id, serial, cardId) VALUES ('21621', 9, '21621_11');
INSERT INTO `collection` (id, serial, cardId) VALUES ('21621', 10, '21621_12');
INSERT INTO `collection` (id, serial, cardId) VALUES ('21621', 11, '21621_13');
INSERT INTO `collection` (id, serial, cardId) VALUES ('21621', 12, '21621_14');
INSERT INTO `collection` (id, serial, cardId) VALUES ('21621', 13, '21621_15');
INSERT INTO `collection` (id, serial, cardId) VALUES ('12687', 1, '12687_3');
INSERT INTO `collection` (id, serial, cardId) VALUES ('12687', 2, '12687_4');
INSERT INTO `collection` (id, serial, cardId) VALUES ('12687', 3, '12687_5');
INSERT INTO `collection` (id, serial, cardId) VALUES ('12687', 4, '12687_6');
INSERT INTO `collection` (id, serial, cardId) VALUES ('12687', 5, '12687_7');
INSERT INTO `collection` (id, serial, cardId) VALUES ('12687', 6, '12687_8');
INSERT INTO `collection` (id, serial, cardId) VALUES ('12687', 7, '12687_9');
INSERT INTO `collection` (id, serial, cardId) VALUES ('12687', 8, '12687_10');
INSERT INTO `collection` (id, serial, cardId) VALUES ('12687', 9, '12687_11');
INSERT INTO `collection` (id, serial, cardId) VALUES ('12687', 10, '12687_12');
INSERT INTO `collection` (id, serial, cardId) VALUES ('12687', 11, '12687_13');
INSERT INTO `collection` (id, serial, cardId) VALUES ('12687', 12, '12687_14');
INSERT INTO `collection` (id, serial, cardId) VALUES ('12687', 13, '12687_15');
INSERT INTO `collection` (id, serial, cardId) VALUES ('15712', 1, '15712_3');
INSERT INTO `collection` (id, serial, cardId) VALUES ('15712', 2, '15712_4');
INSERT INTO `collection` (id, serial, cardId) VALUES ('15712', 3, '15712_5');
INSERT INTO `collection` (id, serial, cardId) VALUES ('15712', 4, '15712_6');
INSERT INTO `collection` (id, serial, cardId) VALUES ('15712', 5, '15712_7');
INSERT INTO `collection` (id, serial, cardId) VALUES ('15712', 6, '15712_8');
INSERT INTO `collection` (id, serial, cardId) VALUES ('15712', 7, '15712_9');
INSERT INTO `collection` (id, serial, cardId) VALUES ('15712', 8, '15712_10');
INSERT INTO `collection` (id, serial, cardId) VALUES ('15712', 9, '15712_11');
INSERT INTO `collection` (id, serial, cardId) VALUES ('24042', 1, '24042_3');
INSERT INTO `collection` (id, serial, cardId) VALUES ('24042', 2, '24042_4');
INSERT INTO `collection` (id, serial, cardId) VALUES ('24042', 3, '24042_5');
INSERT INTO `collection` (id, serial, cardId) VALUES ('24042', 4, '24042_6');
INSERT INTO `collection` (id, serial, cardId) VALUES ('24042', 5, '24042_7');
INSERT INTO `collection` (id, serial, cardId) VALUES ('3003', 1, '3003_3');
INSERT INTO `collection` (id, serial, cardId) VALUES ('3003', 2, '3003_4');
INSERT INTO `collection` (id, serial, cardId) VALUES ('3003', 3, '3003_5');
INSERT INTO `collection` (id, serial, cardId) VALUES ('3003', 4, '3003_6');
INSERT INTO `collection` (id, serial, cardId) VALUES ('3003', 5, '3003_7');
INSERT INTO `collection` (id, serial, cardId) VALUES ('3003', 6, '3003_8');
INSERT INTO `collection` (id, serial, cardId) VALUES ('3003', 7, '3003_9');
INSERT INTO `collection` (id, serial, cardId) VALUES ('3003', 8, '3003_10');
INSERT INTO `collection` (id, serial, cardId) VALUES ('3003', 9, '3003_11');
INSERT INTO `collection` (id, serial, cardId) VALUES ('3003', 10, '3003_12');
INSERT INTO `collection` (id, serial, cardId) VALUES ('3003', 11, '3003_13');
INSERT INTO `collection` (id, serial, cardId) VALUES ('3003', 12, '3003_14');
INSERT INTO `collection` (id, serial, cardId) VALUES ('3003', 13, '3003_15');
INSERT INTO `collection` (id, serial, cardId) VALUES ('3003', 14, '3003_16');
INSERT INTO `collection` (id, serial, cardId) VALUES ('3003', 15, '3003_17');
INSERT INTO `collection` (id, serial, cardId) VALUES ('3003', 16, '3003_18');
INSERT INTO `collection` (id, serial, cardId) VALUES ('3003', 17, '3003_19');
INSERT INTO `collection` (id, serial, cardId) VALUES ('22531', 1, '22531_3');
INSERT INTO `collection` (id, serial, cardId) VALUES ('22531', 2, '22531_4');
INSERT INTO `collection` (id, serial, cardId) VALUES ('22531', 3, '22531_5');
INSERT INTO `collection` (id, serial, cardId) VALUES ('22531', 4, '22531_6');
INSERT INTO `collection` (id, serial, cardId) VALUES ('22531', 5, '22531_7');
INSERT INTO `collection` (id, serial, cardId) VALUES ('22531', 6, '22531_8');
INSERT INTO `collection` (id, serial, cardId) VALUES ('22531', 7, '22531_9');
INSERT INTO `collection` (id, serial, cardId) VALUES ('22531', 8, '22531_10');
INSERT INTO `collection` (id, serial, cardId) VALUES ('22531', 9, '22531_11');
INSERT INTO `collection` (id, serial, cardId) VALUES ('21141', 1, '21141_3');
INSERT INTO `collection` (id, serial, cardId) VALUES ('21141', 2, '21141_4');
INSERT INTO `collection` (id, serial, cardId) VALUES ('21141', 3, '21141_5');
INSERT INTO `collection` (id, serial, cardId) VALUES ('21141', 4, '21141_6');
INSERT INTO `collection` (id, serial, cardId) VALUES ('21141', 5, '21141_7');
INSERT INTO `collection` (id, serial, cardId) VALUES ('21141', 6, '21141_8');
INSERT INTO `collection` (id, serial, cardId) VALUES ('21141', 7, '21141_9');
INSERT INTO `collection` (id, serial, cardId) VALUES ('21141', 8, '21141_10');
INSERT INTO `collection` (id, serial, cardId) VALUES ('21141', 9, '21141_11');
INSERT INTO `collection` (id, serial, cardId) VALUES ('21141', 10, '21141_12');
INSERT INTO `collection` (id, serial, cardId) VALUES ('21141', 11, '21141_13');
INSERT INTO `collection` (id, serial, cardId) VALUES ('21141', 12, '21141_14');
INSERT INTO `collection` (id, serial, cardId) VALUES ('21141', 13, '21141_15');
INSERT INTO `collection` (id, serial, cardId) VALUES ('12653', 1, '12653_3');
INSERT INTO `collection` (id, serial, cardId) VALUES ('12653', 2, '12653_4');
INSERT INTO `collection` (id, serial, cardId) VALUES ('12653', 3, '12653_5');
INSERT INTO `collection` (id, serial, cardId) VALUES ('12653', 4, '12653_6');
INSERT INTO `collection` (id, serial, cardId) VALUES ('12653', 5, '12653_7');
INSERT INTO `collection` (id, serial, cardId) VALUES ('12653', 6, '12653_8');
INSERT INTO `collection` (id, serial, cardId) VALUES ('12653', 7, '12653_9');
INSERT INTO `collection` (id, serial, cardId) VALUES ('12653', 8, '12653_10');
INSERT INTO `collection` (id, serial, cardId) VALUES ('12653', 9, '12653_11');
INSERT INTO `collection` (id, serial, cardId) VALUES ('20433', 1, '20433_3');
INSERT INTO `collection` (id, serial, cardId) VALUES ('20433', 2, '20433_4');
INSERT INTO `collection` (id, serial, cardId) VALUES ('20433', 3, '20433_5');
INSERT INTO `collection` (id, serial, cardId) VALUES ('20433', 4, '20433_6');
INSERT INTO `collection` (id, serial, cardId) VALUES ('20433', 5, '20433_7');
INSERT INTO `collection` (id, serial, cardId) VALUES ('20433', 6, '20433_8');
INSERT INTO `collection` (id, serial, cardId) VALUES ('20433', 7, '20433_9');
INSERT INTO `collection` (id, serial, cardId) VALUES ('20433', 8, '20433_10');
INSERT INTO `collection` (id, serial, cardId) VALUES ('20433', 9, '20433_11');
INSERT INTO `collection` (id, serial, cardId) VALUES ('21842', 1, '21842_3');
INSERT INTO `collection` (id, serial, cardId) VALUES ('21842', 2, '21842_4');
INSERT INTO `collection` (id, serial, cardId) VALUES ('21842', 3, '21842_5');
INSERT INTO `collection` (id, serial, cardId) VALUES ('21842', 4, '21842_6');
INSERT INTO `collection` (id, serial, cardId) VALUES ('21842', 5, '21842_7');
INSERT INTO `collection` (id, serial, cardId) VALUES ('21842', 6, '21842_8');
INSERT INTO `collection` (id, serial, cardId) VALUES ('21842', 7, '21842_9');
INSERT INTO `collection` (id, serial, cardId) VALUES ('21842', 8, '21842_10');
INSERT INTO `collection` (id, serial, cardId) VALUES ('21842', 9, '21842_11');
INSERT INTO `collection` (id, serial, cardId) VALUES ('21842', 10, '21842_12');
INSERT INTO `collection` (id, serial, cardId) VALUES ('21842', 11, '21842_13');
INSERT INTO `collection` (id, serial, cardId) VALUES ('21842', 12, '21842_14');
INSERT INTO `collection` (id, serial, cardId) VALUES ('21842', 13, '21842_15');
INSERT INTO `collection` (id, serial, cardId) VALUES ('21842', 14, '21842_16');
INSERT INTO `collection` (id, serial, cardId) VALUES ('21842', 15, '21842_17');
INSERT INTO `collection` (id, serial, cardId) VALUES ('21842', 16, '21842_18');
INSERT INTO `collection` (id, serial, cardId) VALUES ('21842', 17, '21842_19');
INSERT INTO `collection` (id, serial, cardId) VALUES ('9529', 1, '9529_3');
INSERT INTO `collection` (id, serial, cardId) VALUES ('9529', 2, '9529_4');
INSERT INTO `collection` (id, serial, cardId) VALUES ('9529', 3, '9529_5');
INSERT INTO `collection` (id, serial, cardId) VALUES ('9529', 4, '9529_6');
INSERT INTO `collection` (id, serial, cardId) VALUES ('9529', 5, '9529_7');
INSERT INTO `collection` (id, serial, cardId) VALUES ('9529', 6, '9529_8');
INSERT INTO `collection` (id, serial, cardId) VALUES ('9529', 7, '9529_9');
INSERT INTO `collection` (id, serial, cardId) VALUES ('9529', 8, '9529_10');
INSERT INTO `collection` (id, serial, cardId) VALUES ('9529', 9, '9529_11');
INSERT INTO `collection` (id, serial, cardId) VALUES ('21836', 1, '21836_3');
INSERT INTO `collection` (id, serial, cardId) VALUES ('21836', 2, '21836_4');
INSERT INTO `collection` (id, serial, cardId) VALUES ('21836', 3, '21836_5');
INSERT INTO `collection` (id, serial, cardId) VALUES ('21836', 4, '21836_6');
INSERT INTO `collection` (id, serial, cardId) VALUES ('21836', 5, '21836_7');
INSERT INTO `collection` (id, serial, cardId) VALUES ('21836', 6, '21836_8');
INSERT INTO `collection` (id, serial, cardId) VALUES ('21836', 7, '21836_9');
INSERT INTO `collection` (id, serial, cardId) VALUES ('21836', 8, '21836_10');
INSERT INTO `collection` (id, serial, cardId) VALUES ('21836', 9, '21836_11');
INSERT INTO `collection` (id, serial, cardId) VALUES ('21836', 10, '21836_12');
INSERT INTO `collection` (id, serial, cardId) VALUES ('21836', 11, '21836_13');
INSERT INTO `collection` (id, serial, cardId) VALUES ('2106', 1, '2106_3');
INSERT INTO `collection` (id, serial, cardId) VALUES ('2106', 2, '2106_4');
INSERT INTO `collection` (id, serial, cardId) VALUES ('2106', 3, '2106_5');
INSERT INTO `collection` (id, serial, cardId) VALUES ('2106', 4, '2106_6');
INSERT INTO `collection` (id, serial, cardId) VALUES ('2106', 5, '2106_7');
INSERT INTO `collection` (id, serial, cardId) VALUES ('2106', 6, '2106_8');
INSERT INTO `collection` (id, serial, cardId) VALUES ('2106', 7, '2106_9');
INSERT INTO `collection` (id, serial, cardId) VALUES ('2106', 8, '2106_10');
INSERT INTO `collection` (id, serial, cardId) VALUES ('2106', 9, '2106_11');
INSERT INTO `collection` (id, serial, cardId) VALUES ('2106', 10, '2106_12');
INSERT INTO `collection` (id, serial, cardId) VALUES ('2106', 11, '2106_13');
INSERT INTO `collection` (id, serial, cardId) VALUES ('2106', 12, '2106_14');
INSERT INTO `collection` (id, serial, cardId) VALUES ('31301', 1, '31301_3');
INSERT INTO `collection` (id, serial, cardId) VALUES ('31301', 2, '31301_4');
INSERT INTO `collection` (id, serial, cardId) VALUES ('31301', 3, '31301_5');
INSERT INTO `collection` (id, serial, cardId) VALUES ('31301', 4, '31301_6');
INSERT INTO `collection` (id, serial, cardId) VALUES ('31301', 5, '31301_7');
INSERT INTO `collection` (id, serial, cardId) VALUES ('31301', 6, '31301_8');
INSERT INTO `collection` (id, serial, cardId) VALUES ('31301', 7, '31301_9');
INSERT INTO `collection` (id, serial, cardId) VALUES ('31301', 8, '31301_10');
INSERT INTO `collection` (id, serial, cardId) VALUES ('31301', 9, '31301_11');
INSERT INTO `collection` (id, serial, cardId) VALUES ('2878', 1, '2878_3');
INSERT INTO `collection` (id, serial, cardId) VALUES ('2878', 2, '2878_4');
INSERT INTO `collection` (id, serial, cardId) VALUES ('2878', 3, '2878_5');
INSERT INTO `collection` (id, serial, cardId) VALUES ('2878', 4, '2878_6');
INSERT INTO `collection` (id, serial, cardId) VALUES ('2878', 5, '2878_7');
INSERT INTO `collection` (id, serial, cardId) VALUES ('2878', 6, '2878_8');
INSERT INTO `collection` (id, serial, cardId) VALUES ('2878', 7, '2878_9');
INSERT INTO `collection` (id, serial, cardId) VALUES ('2878', 8, '2878_10');
INSERT INTO `collection` (id, serial, cardId) VALUES ('2878', 9, '2878_11');
INSERT INTO `collection` (id, serial, cardId) VALUES ('3159', 1, '3159_3');
INSERT INTO `collection` (id, serial, cardId) VALUES ('3159', 2, '3159_4');
INSERT INTO `collection` (id, serial, cardId) VALUES ('3159', 3, '3159_5');
INSERT INTO `collection` (id, serial, cardId) VALUES ('3159', 4, '3159_6');
INSERT INTO `collection` (id, serial, cardId) VALUES ('3159', 5, '3159_7');
INSERT INTO `collection` (id, serial, cardId) VALUES ('3159', 6, '3159_8');
INSERT INTO `collection` (id, serial, cardId) VALUES ('3159', 7, '3159_9');
INSERT INTO `collection` (id, serial, cardId) VALUES ('3159', 8, '3159_10');
INSERT INTO `collection` (id, serial, cardId) VALUES ('3159', 9, '3159_11');
INSERT INTO `collection` (id, serial, cardId) VALUES ('3159', 10, '3159_12');
INSERT INTO `collection` (id, serial, cardId) VALUES ('3159', 11, '3159_13');
INSERT INTO `collection` (id, serial, cardId) VALUES ('3159', 12, '3159_14');
INSERT INTO `collection` (id, serial, cardId) VALUES ('3159', 13, '3159_15');
INSERT INTO `collection` (id, serial, cardId) VALUES ('3159', 14, '3159_16');
INSERT INTO `collection` (id, serial, cardId) VALUES ('21994', 1, '21994_3');
INSERT INTO `collection` (id, serial, cardId) VALUES ('21994', 2, '21994_4');
INSERT INTO `collection` (id, serial, cardId) VALUES ('21994', 3, '21994_5');
INSERT INTO `collection` (id, serial, cardId) VALUES ('21994', 4, '21994_6');
INSERT INTO `collection` (id, serial, cardId) VALUES ('21994', 5, '21994_7');
INSERT INTO `collection` (id, serial, cardId) VALUES ('21994', 6, '21994_8');
INSERT INTO `collection` (id, serial, cardId) VALUES ('21994', 7, '21994_9');
INSERT INTO `collection` (id, serial, cardId) VALUES ('21994', 8, '21994_10');
INSERT INTO `collection` (id, serial, cardId) VALUES ('21994', 9, '21994_11');
INSERT INTO `collection` (id, serial, cardId) VALUES ('21994', 10, '21994_12');
INSERT INTO `collection` (id, serial, cardId) VALUES ('21994', 11, '21994_13');
INSERT INTO `collection` (id, serial, cardId) VALUES ('21994', 12, '21994_14');
INSERT INTO `collection` (id, serial, cardId) VALUES ('21994', 13, '21994_15');
INSERT INTO `collection` (id, serial, cardId) VALUES ('2987', 1, '2987_3');
INSERT INTO `collection` (id, serial, cardId) VALUES ('2987', 2, '2987_4');
INSERT INTO `collection` (id, serial, cardId) VALUES ('2987', 3, '2987_5');
INSERT INTO `collection` (id, serial, cardId) VALUES ('2987', 4, '2987_6');
INSERT INTO `collection` (id, serial, cardId) VALUES ('2987', 5, '2987_7');
INSERT INTO `collection` (id, serial, cardId) VALUES ('2987', 6, '2987_8');
INSERT INTO `collection` (id, serial, cardId) VALUES ('2987', 7, '2987_9');
INSERT INTO `collection` (id, serial, cardId) VALUES ('2987', 8, '2987_10');
INSERT INTO `collection` (id, serial, cardId) VALUES ('2987', 9, '2987_11');
INSERT INTO `collection` (id, serial, cardId) VALUES ('2987', 10, '2987_12');
INSERT INTO `collection` (id, serial, cardId) VALUES ('2987', 11, '2987_13');
INSERT INTO `collection` (id, serial, cardId) VALUES ('2987', 12, '2987_14');
INSERT INTO `collection` (id, serial, cardId) VALUES ('2987', 13, '2987_15');
INSERT INTO `collection` (id, serial, cardId) VALUES ('2987', 14, '2987_16');
INSERT INTO `collection` (id, serial, cardId) VALUES ('2987', 15, '2987_17');
INSERT INTO `collection` (id, serial, cardId) VALUES ('2987', 16, '2987_18');
INSERT INTO `collection` (id, serial, cardId) VALUES ('12692', 1, '12692_3');
INSERT INTO `collection` (id, serial, cardId) VALUES ('12692', 2, '12692_4');
INSERT INTO `collection` (id, serial, cardId) VALUES ('12692', 3, '12692_5');
INSERT INTO `collection` (id, serial, cardId) VALUES ('12692', 4, '12692_6');
INSERT INTO `collection` (id, serial, cardId) VALUES ('12692', 5, '12692_7');
INSERT INTO `collection` (id, serial, cardId) VALUES ('12692', 6, '12692_8');
INSERT INTO `collection` (id, serial, cardId) VALUES ('12692', 7, '12692_9');
INSERT INTO `collection` (id, serial, cardId) VALUES ('12692', 8, '12692_10');
INSERT INTO `collection` (id, serial, cardId) VALUES ('12692', 9, '12692_11');
INSERT INTO `collection` (id, serial, cardId) VALUES ('12692', 10, '12692_12');
INSERT INTO `collection` (id, serial, cardId) VALUES ('12692', 11, '12692_13');
INSERT INTO `collection` (id, serial, cardId) VALUES ('12692', 12, '12692_14');
INSERT INTO `collection` (id, serial, cardId) VALUES ('12692', 13, '12692_15');
INSERT INTO `collection` (id, serial, cardId) VALUES ('12692', 14, '12692_16');
INSERT INTO `collection` (id, serial, cardId) VALUES ('12692', 15, '12692_17');
INSERT INTO `collection` (id, serial, cardId) VALUES ('12692', 16, '12692_18');
INSERT INTO `collection` (id, serial, cardId) VALUES ('21073', 1, '21073_3');
INSERT INTO `collection` (id, serial, cardId) VALUES ('21073', 2, '21073_4');
INSERT INTO `collection` (id, serial, cardId) VALUES ('21073', 3, '21073_5');
INSERT INTO `collection` (id, serial, cardId) VALUES ('21073', 4, '21073_6');
INSERT INTO `collection` (id, serial, cardId) VALUES ('21073', 5, '21073_7');
INSERT INTO `collection` (id, serial, cardId) VALUES ('21073', 6, '21073_8');
INSERT INTO `collection` (id, serial, cardId) VALUES ('21073', 7, '21073_9');
INSERT INTO `collection` (id, serial, cardId) VALUES ('21073', 8, '21073_10');
INSERT INTO `collection` (id, serial, cardId) VALUES ('21073', 9, '21073_11');
INSERT INTO `collection` (id, serial, cardId) VALUES ('21073', 10, '21073_12');
INSERT INTO `collection` (id, serial, cardId) VALUES ('21073', 11, '21073_13');
INSERT INTO `collection` (id, serial, cardId) VALUES ('21073', 12, '21073_14');
INSERT INTO `collection` (id, serial, cardId) VALUES ('21073', 13, '21073_15');
INSERT INTO `collection` (id, serial, cardId) VALUES ('21073', 14, '21073_16');
INSERT INTO `collection` (id, serial, cardId) VALUES ('21073', 15, '21073_17');
INSERT INTO `collection` (id, serial, cardId) VALUES ('21073', 16, '21073_18');
INSERT INTO `collection` (id, serial, cardId) VALUES ('21073', 17, '21073_19');
INSERT INTO `collection` (id, serial, cardId) VALUES ('30270', 1, '30270_3');
INSERT INTO `collection` (id, serial, cardId) VALUES ('30270', 2, '30270_4');
INSERT INTO `collection` (id, serial, cardId) VALUES ('30270', 3, '30270_5');
INSERT INTO `collection` (id, serial, cardId) VALUES ('30270', 4, '30270_6');
INSERT INTO `collection` (id, serial, cardId) VALUES ('30270', 5, '30270_7');
INSERT INTO `collection` (id, serial, cardId) VALUES ('30270', 6, '30270_8');
INSERT INTO `collection` (id, serial, cardId) VALUES ('30270', 7, '30270_9');
INSERT INTO `collection` (id, serial, cardId) VALUES ('30270', 8, '30270_10');
INSERT INTO `collection` (id, serial, cardId) VALUES ('30270', 9, '30270_11');
INSERT INTO `collection` (id, serial, cardId) VALUES ('30270', 10, '30270_12');
INSERT INTO `collection` (id, serial, cardId) VALUES ('30270', 11, '30270_13');
INSERT INTO `collection` (id, serial, cardId) VALUES ('23775', 1, '23775_3');
INSERT INTO `collection` (id, serial, cardId) VALUES ('23775', 2, '23775_4');
INSERT INTO `collection` (id, serial, cardId) VALUES ('23775', 3, '23775_5');
INSERT INTO `collection` (id, serial, cardId) VALUES ('23775', 4, '23775_6');
INSERT INTO `collection` (id, serial, cardId) VALUES ('23775', 5, '23775_7');
INSERT INTO `collection` (id, serial, cardId) VALUES ('23775', 6, '23775_8');
INSERT INTO `collection` (id, serial, cardId) VALUES ('23775', 7, '23775_9');
INSERT INTO `collection` (id, serial, cardId) VALUES ('23775', 8, '23775_10');
INSERT INTO `collection` (id, serial, cardId) VALUES ('23775', 9, '23775_11');
INSERT INTO `collection` (id, serial, cardId) VALUES ('23775', 10, '23775_12');
INSERT INTO `collection` (id, serial, cardId) VALUES ('23775', 11, '23775_13');
INSERT INTO `collection` (id, serial, cardId) VALUES ('22530', 1, '22530_3');
INSERT INTO `collection` (id, serial, cardId) VALUES ('22530', 2, '22530_4');
INSERT INTO `collection` (id, serial, cardId) VALUES ('22530', 3, '22530_5');
INSERT INTO `collection` (id, serial, cardId) VALUES ('22530', 4, '22530_6');
INSERT INTO `collection` (id, serial, cardId) VALUES ('22530', 5, '22530_7');
INSERT INTO `collection` (id, serial, cardId) VALUES ('22530', 6, '22530_8');
INSERT INTO `collection` (id, serial, cardId) VALUES ('22530', 7, '22530_9');
INSERT INTO `collection` (id, serial, cardId) VALUES ('22530', 8, '22530_10');
INSERT INTO `collection` (id, serial, cardId) VALUES ('22530', 9, '22530_11');
INSERT INTO `collection` (id, serial, cardId) VALUES ('22530', 10, '22530_12');
INSERT INTO `collection` (id, serial, cardId) VALUES ('22530', 11, '22530_13');
INSERT INTO `collection` (id, serial, cardId) VALUES ('22530', 12, '22530_14');
INSERT INTO `collection` (id, serial, cardId) VALUES ('22530', 13, '22530_15');
INSERT INTO `collection` (id, serial, cardId) VALUES ('8877', 1, '8877_3');
INSERT INTO `collection` (id, serial, cardId) VALUES ('8877', 2, '8877_4');
INSERT INTO `collection` (id, serial, cardId) VALUES ('8877', 3, '8877_5');
INSERT INTO `collection` (id, serial, cardId) VALUES ('8877', 4, '8877_6');
INSERT INTO `collection` (id, serial, cardId) VALUES ('8877', 5, '8877_7');
INSERT INTO `collection` (id, serial, cardId) VALUES ('8877', 6, '8877_8');
INSERT INTO `collection` (id, serial, cardId) VALUES ('8877', 7, '8877_9');
INSERT INTO `collection` (id, serial, cardId) VALUES ('8877', 8, '8877_10');
INSERT INTO `collection` (id, serial, cardId) VALUES ('8877', 9, '8877_11');
INSERT INTO `collection` (id, serial, cardId) VALUES ('8877', 10, '8877_12');
INSERT INTO `collection` (id, serial, cardId) VALUES ('8877', 11, '8877_13');
INSERT INTO `collection` (id, serial, cardId) VALUES ('8877', 12, '8877_14');
INSERT INTO `collection` (id, serial, cardId) VALUES ('8877', 13, '8877_15');
INSERT INTO `collection` (id, serial, cardId) VALUES ('22065', 1, '22065_3');
INSERT INTO `collection` (id, serial, cardId) VALUES ('22065', 2, '22065_4');
INSERT INTO `collection` (id, serial, cardId) VALUES ('22065', 3, '22065_5');
INSERT INTO `collection` (id, serial, cardId) VALUES ('22065', 4, '22065_6');
INSERT INTO `collection` (id, serial, cardId) VALUES ('22065', 5, '22065_7');
INSERT INTO `collection` (id, serial, cardId) VALUES ('22065', 6, '22065_8');
INSERT INTO `collection` (id, serial, cardId) VALUES ('22065', 7, '22065_9');
INSERT INTO `collection` (id, serial, cardId) VALUES ('22065', 8, '22065_10');
INSERT INTO `collection` (id, serial, cardId) VALUES ('22065', 9, '22065_11');
INSERT INTO `collection` (id, serial, cardId) VALUES ('22065', 10, '22065_12');
INSERT INTO `collection` (id, serial, cardId) VALUES ('22065', 11, '22065_13');
INSERT INTO `collection` (id, serial, cardId) VALUES ('22065', 12, '22065_14');
INSERT INTO `collection` (id, serial, cardId) VALUES ('22065', 13, '22065_15');
INSERT INTO `collection` (id, serial, cardId) VALUES ('19402', 1, '19402_3');
INSERT INTO `collection` (id, serial, cardId) VALUES ('19402', 2, '19402_4');
INSERT INTO `collection` (id, serial, cardId) VALUES ('19402', 3, '19402_5');
INSERT INTO `collection` (id, serial, cardId) VALUES ('19402', 4, '19402_6');
INSERT INTO `collection` (id, serial, cardId) VALUES ('19402', 5, '19402_7');
INSERT INTO `collection` (id, serial, cardId) VALUES ('19402', 6, '19402_8');
INSERT INTO `collection` (id, serial, cardId) VALUES ('19402', 7, '19402_9');
INSERT INTO `collection` (id, serial, cardId) VALUES ('19402', 8, '19402_10');
INSERT INTO `collection` (id, serial, cardId) VALUES ('19402', 9, '19402_11');
INSERT INTO `collection` (id, serial, cardId) VALUES ('19402', 10, '19402_12');
INSERT INTO `collection` (id, serial, cardId) VALUES ('19402', 11, '19402_13');
INSERT INTO `collection` (id, serial, cardId) VALUES ('19402', 12, '19402_14');
INSERT INTO `collection` (id, serial, cardId) VALUES ('19402', 13, '19402_15');
INSERT INTO `collection` (id, serial, cardId) VALUES ('19402', 14, '19402_16');
INSERT INTO `collection` (id, serial, cardId) VALUES ('19402', 15, '19402_17');
INSERT INTO `collection` (id, serial, cardId) VALUES ('19402', 16, '19402_18');
INSERT INTO `collection` (id, serial, cardId) VALUES ('19402', 17, '19402_19');
INSERT INTO `collection` (id, serial, cardId) VALUES ('15558', 1, '15558_3');
INSERT INTO `collection` (id, serial, cardId) VALUES ('15558', 2, '15558_4');
INSERT INTO `collection` (id, serial, cardId) VALUES ('15558', 3, '15558_5');
INSERT INTO `collection` (id, serial, cardId) VALUES ('15558', 4, '15558_6');
INSERT INTO `collection` (id, serial, cardId) VALUES ('15558', 5, '15558_7');
INSERT INTO `collection` (id, serial, cardId) VALUES ('15558', 6, '15558_8');
INSERT INTO `collection` (id, serial, cardId) VALUES ('15558', 7, '15558_9');
INSERT INTO `collection` (id, serial, cardId) VALUES ('15558', 8, '15558_10');
INSERT INTO `collection` (id, serial, cardId) VALUES ('15558', 9, '15558_11');
INSERT INTO `collection` (id, serial, cardId) VALUES ('15558', 10, '15558_12');
INSERT INTO `collection` (id, serial, cardId) VALUES ('15558', 11, '15558_13');
INSERT INTO `collection` (id, serial, cardId) VALUES ('15558', 12, '15558_14');
INSERT INTO `collection` (id, serial, cardId) VALUES ('15558', 13, '15558_15');
INSERT INTO `collection` (id, serial, cardId) VALUES ('15558', 14, '15558_16');
INSERT INTO `collection` (id, serial, cardId) VALUES ('22083', 1, '22083_3');
INSERT INTO `collection` (id, serial, cardId) VALUES ('22083', 2, '22083_4');
INSERT INTO `collection` (id, serial, cardId) VALUES ('22083', 3, '22083_5');
INSERT INTO `collection` (id, serial, cardId) VALUES ('22083', 4, '22083_6');
INSERT INTO `collection` (id, serial, cardId) VALUES ('22083', 5, '22083_7');
INSERT INTO `collection` (id, serial, cardId) VALUES ('22083', 6, '22083_8');
INSERT INTO `collection` (id, serial, cardId) VALUES ('22083', 7, '22083_9');
INSERT INTO `collection` (id, serial, cardId) VALUES ('22083', 8, '22083_10');
INSERT INTO `collection` (id, serial, cardId) VALUES ('22083', 9, '22083_11');
INSERT INTO `collection` (id, serial, cardId) VALUES ('22083', 10, '22083_12');
INSERT INTO `collection` (id, serial, cardId) VALUES ('22083', 11, '22083_13');
INSERT INTO `collection` (id, serial, cardId) VALUES ('22083', 12, '22083_14');
INSERT INTO `collection` (id, serial, cardId) VALUES ('22083', 13, '22083_15');
INSERT INTO `collection` (id, serial, cardId) VALUES ('21127', 1, '21127_3');
INSERT INTO `collection` (id, serial, cardId) VALUES ('21127', 2, '21127_4');
INSERT INTO `collection` (id, serial, cardId) VALUES ('21127', 3, '21127_5');
INSERT INTO `collection` (id, serial, cardId) VALUES ('21127', 4, '21127_6');
INSERT INTO `collection` (id, serial, cardId) VALUES ('21127', 5, '21127_7');
INSERT INTO `collection` (id, serial, cardId) VALUES ('21127', 6, '21127_8');
INSERT INTO `collection` (id, serial, cardId) VALUES ('21127', 7, '21127_9');
INSERT INTO `collection` (id, serial, cardId) VALUES ('21127', 8, '21127_10');
INSERT INTO `collection` (id, serial, cardId) VALUES ('21127', 9, '21127_11');
INSERT INTO `collection` (id, serial, cardId) VALUES ('21127', 10, '21127_12');
INSERT INTO `collection` (id, serial, cardId) VALUES ('21127', 11, '21127_13');
INSERT INTO `collection` (id, serial, cardId) VALUES ('21127', 12, '21127_14');
INSERT INTO `collection` (id, serial, cardId) VALUES ('21127', 13, '21127_15');
INSERT INTO `collection` (id, serial, cardId) VALUES ('21127', 14, '21127_16');
INSERT INTO `collection` (id, serial, cardId) VALUES ('21127', 15, '21127_17');
INSERT INTO `collection` (id, serial, cardId) VALUES ('21127', 16, '21127_18');
INSERT INTO `collection` (id, serial, cardId) VALUES ('21127', 17, '21127_19');
INSERT INTO `collection` (id, serial, cardId) VALUES ('31418', 1, '31418_3');
INSERT INTO `collection` (id, serial, cardId) VALUES ('31418', 2, '31418_4');
INSERT INTO `collection` (id, serial, cardId) VALUES ('31418', 3, '31418_5');
INSERT INTO `collection` (id, serial, cardId) VALUES ('31418', 4, '31418_6');
INSERT INTO `collection` (id, serial, cardId) VALUES ('31418', 5, '31418_7');
INSERT INTO `collection` (id, serial, cardId) VALUES ('31418', 6, '31418_8');
INSERT INTO `collection` (id, serial, cardId) VALUES ('31418', 7, '31418_9');
INSERT INTO `collection` (id, serial, cardId) VALUES ('31418', 8, '31418_10');
INSERT INTO `collection` (id, serial, cardId) VALUES ('31418', 9, '31418_11');
INSERT INTO `collection` (id, serial, cardId) VALUES ('31418', 10, '31418_12');
INSERT INTO `collection` (id, serial, cardId) VALUES ('31418', 11, '31418_13');
INSERT INTO `collection` (id, serial, cardId) VALUES ('31418', 12, '31418_14');
INSERT INTO `collection` (id, serial, cardId) VALUES ('31418', 13, '31418_15');
INSERT INTO `collection` (id, serial, cardId) VALUES ('21809', 1, '21809_3');
INSERT INTO `collection` (id, serial, cardId) VALUES ('21809', 2, '21809_4');
INSERT INTO `collection` (id, serial, cardId) VALUES ('21809', 3, '21809_5');
INSERT INTO `collection` (id, serial, cardId) VALUES ('21809', 4, '21809_6');
INSERT INTO `collection` (id, serial, cardId) VALUES ('21809', 5, '21809_7');
INSERT INTO `collection` (id, serial, cardId) VALUES ('21809', 6, '21809_8');
INSERT INTO `collection` (id, serial, cardId) VALUES ('21809', 7, '21809_9');
INSERT INTO `collection` (id, serial, cardId) VALUES ('21809', 8, '21809_10');
INSERT INTO `collection` (id, serial, cardId) VALUES ('21809', 9, '21809_11');
INSERT INTO `collection` (id, serial, cardId) VALUES ('21809', 10, '21809_12');
INSERT INTO `collection` (id, serial, cardId) VALUES ('21809', 11, '21809_13');
INSERT INTO `collection` (id, serial, cardId) VALUES ('21809', 12, '21809_14');
INSERT INTO `collection` (id, serial, cardId) VALUES ('21809', 13, '21809_15');
INSERT INTO `collection` (id, serial, cardId) VALUES ('29688', 1, '29688_3');
INSERT INTO `collection` (id, serial, cardId) VALUES ('29688', 2, '29688_4');
INSERT INTO `collection` (id, serial, cardId) VALUES ('29688', 3, '29688_5');
INSERT INTO `collection` (id, serial, cardId) VALUES ('29688', 4, '29688_6');
INSERT INTO `collection` (id, serial, cardId) VALUES ('29688', 5, '29688_7');
INSERT INTO `collection` (id, serial, cardId) VALUES ('29688', 6, '29688_8');
INSERT INTO `collection` (id, serial, cardId) VALUES ('29688', 7, '29688_9');
INSERT INTO `collection` (id, serial, cardId) VALUES ('29688', 8, '29688_10');
INSERT INTO `collection` (id, serial, cardId) VALUES ('29688', 9, '29688_11');
INSERT INTO `collection` (id, serial, cardId) VALUES ('29688', 10, '29688_12');
INSERT INTO `collection` (id, serial, cardId) VALUES ('29688', 11, '29688_13');
INSERT INTO `collection` (id, serial, cardId) VALUES ('29688', 12, '29688_14');
INSERT INTO `collection` (id, serial, cardId) VALUES ('24422', 1, '24422_3');
INSERT INTO `collection` (id, serial, cardId) VALUES ('24422', 2, '24422_4');
INSERT INTO `collection` (id, serial, cardId) VALUES ('24422', 3, '24422_5');
INSERT INTO `collection` (id, serial, cardId) VALUES ('24422', 4, '24422_6');
INSERT INTO `collection` (id, serial, cardId) VALUES ('24422', 5, '24422_7');
INSERT INTO `collection` (id, serial, cardId) VALUES ('24422', 6, '24422_8');
INSERT INTO `collection` (id, serial, cardId) VALUES ('24422', 7, '24422_9');
INSERT INTO `collection` (id, serial, cardId) VALUES ('24422', 8, '24422_10');
INSERT INTO `collection` (id, serial, cardId) VALUES ('24422', 9, '24422_11');
INSERT INTO `collection` (id, serial, cardId) VALUES ('24422', 10, '24422_12');
INSERT INTO `collection` (id, serial, cardId) VALUES ('24422', 11, '24422_13');
INSERT INTO `collection` (id, serial, cardId) VALUES ('9527', 1, '9527_3');
INSERT INTO `collection` (id, serial, cardId) VALUES ('9527', 2, '9527_4');
INSERT INTO `collection` (id, serial, cardId) VALUES ('9527', 3, '9527_5');
INSERT INTO `collection` (id, serial, cardId) VALUES ('9527', 4, '9527_6');
INSERT INTO `collection` (id, serial, cardId) VALUES ('9527', 5, '9527_7');
INSERT INTO `collection` (id, serial, cardId) VALUES ('9527', 6, '9527_8');
INSERT INTO `collection` (id, serial, cardId) VALUES ('9527', 7, '9527_9');
INSERT INTO `collection` (id, serial, cardId) VALUES ('9527', 8, '9527_10');
INSERT INTO `collection` (id, serial, cardId) VALUES ('9527', 9, '9527_11');
INSERT INTO `collection` (id, serial, cardId) VALUES ('9527', 10, '9527_12');
INSERT INTO `collection` (id, serial, cardId) VALUES ('9527', 11, '9527_13');
INSERT INTO `collection` (id, serial, cardId) VALUES ('9527', 12, '9527_14');
INSERT INTO `collection` (id, serial, cardId) VALUES ('31547', 1, '31547_3');
INSERT INTO `collection` (id, serial, cardId) VALUES ('31547', 2, '31547_4');
INSERT INTO `collection` (id, serial, cardId) VALUES ('31547', 3, '31547_5');
INSERT INTO `collection` (id, serial, cardId) VALUES ('31547', 4, '31547_6');
INSERT INTO `collection` (id, serial, cardId) VALUES ('31547', 5, '31547_7');
INSERT INTO `collection` (id, serial, cardId) VALUES ('31547', 6, '31547_8');
INSERT INTO `collection` (id, serial, cardId) VALUES ('31547', 7, '31547_9');
INSERT INTO `collection` (id, serial, cardId) VALUES ('31547', 8, '31547_10');
INSERT INTO `collection` (id, serial, cardId) VALUES ('31547', 9, '31547_11');
INSERT INTO `collection` (id, serial, cardId) VALUES ('31547', 10, '31547_12');
INSERT INTO `collection` (id, serial, cardId) VALUES ('31547', 11, '31547_13');
INSERT INTO `collection` (id, serial, cardId) VALUES ('31547', 12, '31547_14');
INSERT INTO `collection` (id, serial, cardId) VALUES ('31547', 13, '31547_15');
INSERT INTO `collection` (id, serial, cardId) VALUES ('6718', 1, '6718_3');
INSERT INTO `collection` (id, serial, cardId) VALUES ('6718', 2, '6718_4');
INSERT INTO `collection` (id, serial, cardId) VALUES ('6718', 3, '6718_5');
INSERT INTO `collection` (id, serial, cardId) VALUES ('6718', 4, '6718_6');
INSERT INTO `collection` (id, serial, cardId) VALUES ('6718', 5, '6718_7');
INSERT INTO `collection` (id, serial, cardId) VALUES ('6718', 6, '6718_8');
INSERT INTO `collection` (id, serial, cardId) VALUES ('6718', 7, '6718_9');
INSERT INTO `collection` (id, serial, cardId) VALUES ('6718', 8, '6718_10');
INSERT INTO `collection` (id, serial, cardId) VALUES ('6718', 9, '6718_11');
INSERT INTO `collection` (id, serial, cardId) VALUES ('6718', 10, '6718_12');
INSERT INTO `collection` (id, serial, cardId) VALUES ('6718', 11, '6718_13');
INSERT INTO `collection` (id, serial, cardId) VALUES ('6718', 12, '6718_14');
INSERT INTO `collection` (id, serial, cardId) VALUES ('22078', 1, '22078_3');
INSERT INTO `collection` (id, serial, cardId) VALUES ('22078', 2, '22078_4');
INSERT INTO `collection` (id, serial, cardId) VALUES ('22078', 3, '22078_5');
INSERT INTO `collection` (id, serial, cardId) VALUES ('22078', 4, '22078_6');
INSERT INTO `collection` (id, serial, cardId) VALUES ('22078', 5, '22078_7');
INSERT INTO `collection` (id, serial, cardId) VALUES ('22078', 6, '22078_8');
INSERT INTO `collection` (id, serial, cardId) VALUES ('22078', 7, '22078_9');
INSERT INTO `collection` (id, serial, cardId) VALUES ('22078', 8, '22078_10');
INSERT INTO `collection` (id, serial, cardId) VALUES ('22078', 9, '22078_11');
INSERT INTO `collection` (id, serial, cardId) VALUES ('10202', 1, '10202_3');
INSERT INTO `collection` (id, serial, cardId) VALUES ('10202', 2, '10202_4');
INSERT INTO `collection` (id, serial, cardId) VALUES ('10202', 3, '10202_5');
INSERT INTO `collection` (id, serial, cardId) VALUES ('10202', 4, '10202_6');
INSERT INTO `collection` (id, serial, cardId) VALUES ('10202', 5, '10202_7');
INSERT INTO `collection` (id, serial, cardId) VALUES ('10202', 6, '10202_8');
INSERT INTO `collection` (id, serial, cardId) VALUES ('10202', 7, '10202_9');
INSERT INTO `collection` (id, serial, cardId) VALUES ('10202', 8, '10202_10');
INSERT INTO `collection` (id, serial, cardId) VALUES ('10202', 9, '10202_11');
INSERT INTO `collection` (id, serial, cardId) VALUES ('10202', 10, '10202_12');
INSERT INTO `collection` (id, serial, cardId) VALUES ('10202', 11, '10202_13');
INSERT INTO `collection` (id, serial, cardId) VALUES ('10202', 12, '10202_14');
INSERT INTO `collection` (id, serial, cardId) VALUES ('10202', 13, '10202_15');
INSERT INTO `collection` (id, serial, cardId) VALUES ('10442', 1, '10442_3');
INSERT INTO `collection` (id, serial, cardId) VALUES ('10442', 2, '10442_4');
INSERT INTO `collection` (id, serial, cardId) VALUES ('10442', 3, '10442_5');
INSERT INTO `collection` (id, serial, cardId) VALUES ('10442', 4, '10442_6');
INSERT INTO `collection` (id, serial, cardId) VALUES ('10442', 5, '10442_7');
INSERT INTO `collection` (id, serial, cardId) VALUES ('10442', 6, '10442_8');
INSERT INTO `collection` (id, serial, cardId) VALUES ('10442', 7, '10442_9');
INSERT INTO `collection` (id, serial, cardId) VALUES ('10442', 8, '10442_10');
INSERT INTO `collection` (id, serial, cardId) VALUES ('10442', 9, '10442_11');
INSERT INTO `collection` (id, serial, cardId) VALUES ('10442', 10, '10442_12');
INSERT INTO `collection` (id, serial, cardId) VALUES ('10442', 11, '10442_13');
INSERT INTO `collection` (id, serial, cardId) VALUES ('10442', 12, '10442_14');
INSERT INTO `collection` (id, serial, cardId) VALUES ('10442', 13, '10442_15');
INSERT INTO `collection` (id, serial, cardId) VALUES ('10442', 14, '10442_16');
INSERT INTO `collection` (id, serial, cardId) VALUES ('10442', 15, '10442_17');
INSERT INTO `collection` (id, serial, cardId) VALUES ('10442', 16, '10442_18');
INSERT INTO `collection` (id, serial, cardId) VALUES ('10442', 17, '10442_19');
INSERT INTO `collection` (id, serial, cardId) VALUES ('2574', 1, '2574_3');
INSERT INTO `collection` (id, serial, cardId) VALUES ('2574', 2, '2574_4');
INSERT INTO `collection` (id, serial, cardId) VALUES ('2574', 3, '2574_5');
INSERT INTO `collection` (id, serial, cardId) VALUES ('2574', 4, '2574_6');
INSERT INTO `collection` (id, serial, cardId) VALUES ('2574', 5, '2574_7');
INSERT INTO `collection` (id, serial, cardId) VALUES ('2574', 6, '2574_8');
INSERT INTO `collection` (id, serial, cardId) VALUES ('2574', 7, '2574_9');
INSERT INTO `collection` (id, serial, cardId) VALUES ('2574', 8, '2574_10');
INSERT INTO `collection` (id, serial, cardId) VALUES ('2574', 9, '2574_11');
INSERT INTO `collection` (id, serial, cardId) VALUES ('2574', 10, '2574_12');
INSERT INTO `collection` (id, serial, cardId) VALUES ('2574', 11, '2574_13');
INSERT INTO `collection` (id, serial, cardId) VALUES ('2574', 12, '2574_14');
INSERT INTO `collection` (id, serial, cardId) VALUES ('2574', 13, '2574_15');
INSERT INTO `collection` (id, serial, cardId) VALUES ('2574', 14, '2574_16');
INSERT INTO `collection` (id, serial, cardId) VALUES ('2574', 15, '2574_17');
INSERT INTO `collection` (id, serial, cardId) VALUES ('2574', 16, '2574_18');
INSERT INTO `collection` (id, serial, cardId) VALUES ('2574', 17, '2574_19');
INSERT INTO `collection` (id, serial, cardId) VALUES ('2574', 18, '2574_20');
INSERT INTO `collection` (id, serial, cardId) VALUES ('2574', 19, '2574_21');
INSERT INTO `collection` (id, serial, cardId) VALUES ('2574', 20, '2574_22');
INSERT INTO `collection` (id, serial, cardId) VALUES ('2574', 21, '2574_23');
INSERT INTO `collection` (id, serial, cardId) VALUES ('2574', 22, '2574_24');
INSERT INTO `collection` (id, serial, cardId) VALUES ('2574', 23, '2574_25');
INSERT INTO `collection` (id, serial, cardId) VALUES ('2574', 24, '2574_26');
INSERT INTO `collection` (id, serial, cardId) VALUES ('22747', 1, '22747_3');
INSERT INTO `collection` (id, serial, cardId) VALUES ('22747', 2, '22747_4');
INSERT INTO `collection` (id, serial, cardId) VALUES ('22747', 3, '22747_5');
INSERT INTO `collection` (id, serial, cardId) VALUES ('22747', 4, '22747_6');
INSERT INTO `collection` (id, serial, cardId) VALUES ('22747', 5, '22747_7');
INSERT INTO `collection` (id, serial, cardId) VALUES ('22747', 6, '22747_8');
INSERT INTO `collection` (id, serial, cardId) VALUES ('22747', 7, '22747_9');
INSERT INTO `collection` (id, serial, cardId) VALUES ('22747', 8, '22747_10');
INSERT INTO `collection` (id, serial, cardId) VALUES ('22747', 9, '22747_11');
INSERT INTO `collection` (id, serial, cardId) VALUES ('22747', 10, '22747_12');
INSERT INTO `collection` (id, serial, cardId) VALUES ('22747', 11, '22747_13');
INSERT INTO `collection` (id, serial, cardId) VALUES ('22747', 12, '22747_14');
INSERT INTO `collection` (id, serial, cardId) VALUES ('22747', 13, '22747_15');
INSERT INTO `collection` (id, serial, cardId) VALUES ('22747', 14, '22747_16');
INSERT INTO `collection` (id, serial, cardId) VALUES ('22747', 15, '22747_17');
INSERT INTO `collection` (id, serial, cardId) VALUES ('22747', 16, '22747_18');
INSERT INTO `collection` (id, serial, cardId) VALUES ('22747', 17, '22747_19');
INSERT INTO `collection` (id, serial, cardId) VALUES ('8712', 1, '8712_3');
INSERT INTO `collection` (id, serial, cardId) VALUES ('8712', 2, '8712_4');
INSERT INTO `collection` (id, serial, cardId) VALUES ('8712', 3, '8712_5');
INSERT INTO `collection` (id, serial, cardId) VALUES ('8712', 4, '8712_6');
INSERT INTO `collection` (id, serial, cardId) VALUES ('8712', 5, '8712_7');
INSERT INTO `collection` (id, serial, cardId) VALUES ('8712', 6, '8712_8');
INSERT INTO `collection` (id, serial, cardId) VALUES ('8712', 7, '8712_9');
INSERT INTO `collection` (id, serial, cardId) VALUES ('8712', 8, '8712_10');
INSERT INTO `collection` (id, serial, cardId) VALUES ('8712', 9, '8712_11');
INSERT INTO `collection` (id, serial, cardId) VALUES ('8712', 10, '8712_12');
INSERT INTO `collection` (id, serial, cardId) VALUES ('2197', 1, '2197_3');
INSERT INTO `collection` (id, serial, cardId) VALUES ('2197', 2, '2197_4');
INSERT INTO `collection` (id, serial, cardId) VALUES ('2197', 3, '2197_5');
INSERT INTO `collection` (id, serial, cardId) VALUES ('2197', 4, '2197_6');
INSERT INTO `collection` (id, serial, cardId) VALUES ('2197', 5, '2197_7');
INSERT INTO `collection` (id, serial, cardId) VALUES ('2197', 6, '2197_8');
INSERT INTO `collection` (id, serial, cardId) VALUES ('2197', 7, '2197_9');
INSERT INTO `collection` (id, serial, cardId) VALUES ('2197', 8, '2197_10');
INSERT INTO `collection` (id, serial, cardId) VALUES ('2197', 9, '2197_11');
INSERT INTO `collection` (id, serial, cardId) VALUES ('2197', 10, '2197_12');
INSERT INTO `collection` (id, serial, cardId) VALUES ('2197', 11, '2197_13');
INSERT INTO `collection` (id, serial, cardId) VALUES ('2197', 12, '2197_14');
INSERT INTO `collection` (id, serial, cardId) VALUES ('2197', 13, '2197_15');
INSERT INTO `collection` (id, serial, cardId) VALUES ('2197', 14, '2197_16');
INSERT INTO `collection` (id, serial, cardId) VALUES ('2197', 15, '2197_17');
INSERT INTO `collection` (id, serial, cardId) VALUES ('2197', 16, '2197_18');
INSERT INTO `collection` (id, serial, cardId) VALUES ('2197', 17, '2197_19');
INSERT INTO `collection` (id, serial, cardId) VALUES ('2974', 1, '2974_3');
INSERT INTO `collection` (id, serial, cardId) VALUES ('2974', 2, '2974_4');
INSERT INTO `collection` (id, serial, cardId) VALUES ('2974', 3, '2974_5');
INSERT INTO `collection` (id, serial, cardId) VALUES ('2974', 4, '2974_6');
INSERT INTO `collection` (id, serial, cardId) VALUES ('2974', 5, '2974_7');
INSERT INTO `collection` (id, serial, cardId) VALUES ('2974', 6, '2974_8');
INSERT INTO `collection` (id, serial, cardId) VALUES ('2974', 7, '2974_9');
INSERT INTO `collection` (id, serial, cardId) VALUES ('2974', 8, '2974_10');
INSERT INTO `collection` (id, serial, cardId) VALUES ('2974', 9, '2974_11');
INSERT INTO `collection` (id, serial, cardId) VALUES ('2397', 1, '2397_3');
INSERT INTO `collection` (id, serial, cardId) VALUES ('2397', 2, '2397_4');
INSERT INTO `collection` (id, serial, cardId) VALUES ('2397', 3, '2397_5');
INSERT INTO `collection` (id, serial, cardId) VALUES ('2397', 4, '2397_6');
INSERT INTO `collection` (id, serial, cardId) VALUES ('2397', 5, '2397_7');
INSERT INTO `collection` (id, serial, cardId) VALUES ('2397', 6, '2397_8');
INSERT INTO `collection` (id, serial, cardId) VALUES ('2397', 7, '2397_9');
INSERT INTO `collection` (id, serial, cardId) VALUES ('2397', 8, '2397_10');
INSERT INTO `collection` (id, serial, cardId) VALUES ('2397', 9, '2397_11');
INSERT INTO `collection` (id, serial, cardId) VALUES ('2397', 10, '2397_12');
INSERT INTO `collection` (id, serial, cardId) VALUES ('2397', 11, '2397_13');
INSERT INTO `collection` (id, serial, cardId) VALUES ('2397', 12, '2397_14');
INSERT INTO `collection` (id, serial, cardId) VALUES ('23109', 1, '23109_3');
INSERT INTO `collection` (id, serial, cardId) VALUES ('23109', 2, '23109_4');
INSERT INTO `collection` (id, serial, cardId) VALUES ('23109', 3, '23109_5');
INSERT INTO `collection` (id, serial, cardId) VALUES ('23109', 4, '23109_6');
INSERT INTO `collection` (id, serial, cardId) VALUES ('23109', 5, '23109_7');
INSERT INTO `collection` (id, serial, cardId) VALUES ('23109', 6, '23109_8');
INSERT INTO `collection` (id, serial, cardId) VALUES ('23109', 7, '23109_9');
INSERT INTO `collection` (id, serial, cardId) VALUES ('23109', 8, '23109_10');
INSERT INTO `collection` (id, serial, cardId) VALUES ('23109', 9, '23109_11');
INSERT INTO `collection` (id, serial, cardId) VALUES ('23109', 10, '23109_12');
INSERT INTO `collection` (id, serial, cardId) VALUES ('23109', 11, '23109_13');
INSERT INTO `collection` (id, serial, cardId) VALUES ('23109', 12, '23109_14');
INSERT INTO `collection` (id, serial, cardId) VALUES ('23109', 13, '23109_15');
INSERT INTO `collection` (id, serial, cardId) VALUES ('23109', 14, '23109_16');
INSERT INTO `collection` (id, serial, cardId) VALUES ('23109', 15, '23109_17');
INSERT INTO `collection` (id, serial, cardId) VALUES ('23109', 16, '23109_18');
INSERT INTO `collection` (id, serial, cardId) VALUES ('23109', 17, '23109_19');
INSERT INTO `collection` (id, serial, cardId) VALUES ('8707', 1, '8707_3');
INSERT INTO `collection` (id, serial, cardId) VALUES ('8707', 2, '8707_4');
INSERT INTO `collection` (id, serial, cardId) VALUES ('8707', 3, '8707_5');
INSERT INTO `collection` (id, serial, cardId) VALUES ('8707', 4, '8707_6');
INSERT INTO `collection` (id, serial, cardId) VALUES ('8707', 5, '8707_7');
INSERT INTO `collection` (id, serial, cardId) VALUES ('8707', 6, '8707_8');
INSERT INTO `collection` (id, serial, cardId) VALUES ('8707', 7, '8707_9');
INSERT INTO `collection` (id, serial, cardId) VALUES ('8707', 8, '8707_10');
INSERT INTO `collection` (id, serial, cardId) VALUES ('8707', 9, '8707_11');
INSERT INTO `collection` (id, serial, cardId) VALUES ('8707', 10, '8707_12');
INSERT INTO `collection` (id, serial, cardId) VALUES ('8707', 11, '8707_13');
INSERT INTO `collection` (id, serial, cardId) VALUES ('8707', 12, '8707_14');
INSERT INTO `collection` (id, serial, cardId) VALUES ('8707', 13, '8707_15');
INSERT INTO `collection` (id, serial, cardId) VALUES ('8707', 14, '8707_16');
INSERT INTO `collection` (id, serial, cardId) VALUES ('8707', 15, '8707_17');
INSERT INTO `collection` (id, serial, cardId) VALUES ('8707', 16, '8707_18');
INSERT INTO `collection` (id, serial, cardId) VALUES ('8707', 17, '8707_19');
INSERT INTO `collection` (id, serial, cardId) VALUES ('8707', 18, '8707_20');
INSERT INTO `collection` (id, serial, cardId) VALUES ('8707', 19, '8707_21');
INSERT INTO `collection` (id, serial, cardId) VALUES ('8707', 20, '8707_22');
INSERT INTO `collection` (id, serial, cardId) VALUES ('8707', 21, '8707_23');
INSERT INTO `collection` (id, serial, cardId) VALUES ('8707', 22, '8707_24');
INSERT INTO `collection` (id, serial, cardId) VALUES ('8707', 23, '8707_25');
INSERT INTO `collection` (id, serial, cardId) VALUES ('8707', 24, '8707_26');
INSERT INTO `collection` (id, serial, cardId) VALUES ('8707', 25, '8707_27');
INSERT INTO `collection` (id, serial, cardId) VALUES ('8707', 26, '8707_28');
INSERT INTO `collection` (id, serial, cardId) VALUES ('8707', 27, '8707_29');
INSERT INTO `collection` (id, serial, cardId) VALUES ('8707', 28, '8707_30');
INSERT INTO `collection` (id, serial, cardId) VALUES ('8707', 29, '8707_31');
INSERT INTO `collection` (id, serial, cardId) VALUES ('15615', 1, '15615_3');
INSERT INTO `collection` (id, serial, cardId) VALUES ('15615', 2, '15615_4');
INSERT INTO `collection` (id, serial, cardId) VALUES ('15615', 3, '15615_5');
INSERT INTO `collection` (id, serial, cardId) VALUES ('15615', 4, '15615_6');
INSERT INTO `collection` (id, serial, cardId) VALUES ('15615', 5, '15615_7');
INSERT INTO `collection` (id, serial, cardId) VALUES ('15615', 6, '15615_8');
INSERT INTO `collection` (id, serial, cardId) VALUES ('15615', 7, '15615_9');
INSERT INTO `collection` (id, serial, cardId) VALUES ('15615', 8, '15615_10');
INSERT INTO `collection` (id, serial, cardId) VALUES ('15615', 9, '15615_11');
INSERT INTO `collection` (id, serial, cardId) VALUES ('15615', 10, '15615_12');
INSERT INTO `collection` (id, serial, cardId) VALUES ('15615', 11, '15615_13');
INSERT INTO `collection` (id, serial, cardId) VALUES ('15615', 12, '15615_14');
INSERT INTO `collection` (id, serial, cardId) VALUES ('15615', 13, '15615_15');
INSERT INTO `collection` (id, serial, cardId) VALUES ('15032', 1, '15032_3');
INSERT INTO `collection` (id, serial, cardId) VALUES ('15032', 2, '15032_4');
INSERT INTO `collection` (id, serial, cardId) VALUES ('15032', 3, '15032_5');
INSERT INTO `collection` (id, serial, cardId) VALUES ('15032', 4, '15032_6');
INSERT INTO `collection` (id, serial, cardId) VALUES ('15032', 5, '15032_7');
INSERT INTO `collection` (id, serial, cardId) VALUES ('15032', 6, '15032_8');
INSERT INTO `collection` (id, serial, cardId) VALUES ('15032', 7, '15032_9');
INSERT INTO `collection` (id, serial, cardId) VALUES ('15032', 8, '15032_10');
INSERT INTO `collection` (id, serial, cardId) VALUES ('15032', 9, '15032_11');
INSERT INTO `collection` (id, serial, cardId) VALUES ('15032', 10, '15032_12');
INSERT INTO `collection` (id, serial, cardId) VALUES ('15032', 11, '15032_13');
INSERT INTO `collection` (id, serial, cardId) VALUES ('15032', 12, '15032_14');
INSERT INTO `collection` (id, serial, cardId) VALUES ('15032', 13, '15032_15');
INSERT INTO `collection` (id, serial, cardId) VALUES ('15032', 14, '15032_16');
INSERT INTO `collection` (id, serial, cardId) VALUES ('15032', 15, '15032_17');
INSERT INTO `collection` (id, serial, cardId) VALUES ('15032', 16, '15032_18');
INSERT INTO `collection` (id, serial, cardId) VALUES ('15032', 17, '15032_19');
INSERT INTO `collection` (id, serial, cardId) VALUES ('8433', 1, '8433_3');
INSERT INTO `collection` (id, serial, cardId) VALUES ('8433', 2, '8433_4');
INSERT INTO `collection` (id, serial, cardId) VALUES ('8433', 3, '8433_5');
INSERT INTO `collection` (id, serial, cardId) VALUES ('8433', 4, '8433_6');
INSERT INTO `collection` (id, serial, cardId) VALUES ('8433', 5, '8433_7');
INSERT INTO `collection` (id, serial, cardId) VALUES ('8433', 6, '8433_8');
INSERT INTO `collection` (id, serial, cardId) VALUES ('8433', 7, '8433_9');
INSERT INTO `collection` (id, serial, cardId) VALUES ('8433', 8, '8433_10');
INSERT INTO `collection` (id, serial, cardId) VALUES ('8433', 9, '8433_11');
INSERT INTO `collection` (id, serial, cardId) VALUES ('8433', 10, '8433_12');
INSERT INTO `collection` (id, serial, cardId) VALUES ('8433', 11, '8433_13');
INSERT INTO `collection` (id, serial, cardId) VALUES ('8433', 12, '8433_14');
INSERT INTO `collection` (id, serial, cardId) VALUES ('8433', 13, '8433_15');
INSERT INTO `collection` (id, serial, cardId) VALUES ('8433', 14, '8433_16');
INSERT INTO `collection` (id, serial, cardId) VALUES ('8433', 15, '8433_17');
INSERT INTO `collection` (id, serial, cardId) VALUES ('11139', 1, '11139_3');
INSERT INTO `collection` (id, serial, cardId) VALUES ('11139', 2, '11139_4');
INSERT INTO `collection` (id, serial, cardId) VALUES ('11139', 3, '11139_5');
INSERT INTO `collection` (id, serial, cardId) VALUES ('11139', 4, '11139_6');
INSERT INTO `collection` (id, serial, cardId) VALUES ('11139', 5, '11139_7');
INSERT INTO `collection` (id, serial, cardId) VALUES ('11139', 6, '11139_8');
INSERT INTO `collection` (id, serial, cardId) VALUES ('11139', 7, '11139_9');
INSERT INTO `collection` (id, serial, cardId) VALUES ('11139', 8, '11139_10');
INSERT INTO `collection` (id, serial, cardId) VALUES ('11139', 9, '11139_11');
INSERT INTO `collection` (id, serial, cardId) VALUES ('11139', 10, '11139_12');
INSERT INTO `collection` (id, serial, cardId) VALUES ('11139', 11, '11139_13');
INSERT INTO `collection` (id, serial, cardId) VALUES ('11139', 12, '11139_14');
INSERT INTO `collection` (id, serial, cardId) VALUES ('11139', 13, '11139_15');
INSERT INTO `collection` (id, serial, cardId) VALUES ('21059', 1, '21059_3');
INSERT INTO `collection` (id, serial, cardId) VALUES ('21059', 2, '21059_4');
INSERT INTO `collection` (id, serial, cardId) VALUES ('21059', 3, '21059_5');
INSERT INTO `collection` (id, serial, cardId) VALUES ('21059', 4, '21059_6');
INSERT INTO `collection` (id, serial, cardId) VALUES ('21059', 5, '21059_7');
INSERT INTO `collection` (id, serial, cardId) VALUES ('21059', 6, '21059_8');
INSERT INTO `collection` (id, serial, cardId) VALUES ('21059', 7, '21059_9');
INSERT INTO `collection` (id, serial, cardId) VALUES ('21059', 8, '21059_10');
INSERT INTO `collection` (id, serial, cardId) VALUES ('21059', 9, '21059_11');
INSERT INTO `collection` (id, serial, cardId) VALUES ('21059', 10, '21059_12');
INSERT INTO `collection` (id, serial, cardId) VALUES ('21059', 11, '21059_13');
INSERT INTO `collection` (id, serial, cardId) VALUES ('21059', 12, '21059_14');
INSERT INTO `collection` (id, serial, cardId) VALUES ('21059', 13, '21059_15');
INSERT INTO `collection` (id, serial, cardId) VALUES ('21059', 14, '21059_16');
INSERT INTO `collection` (id, serial, cardId) VALUES ('21059', 15, '21059_17');
INSERT INTO `collection` (id, serial, cardId) VALUES ('21059', 16, '21059_18');
INSERT INTO `collection` (id, serial, cardId) VALUES ('21059', 17, '21059_19');
INSERT INTO `collection` (id, serial, cardId) VALUES ('22002', 1, '22002_3');
INSERT INTO `collection` (id, serial, cardId) VALUES ('22002', 2, '22002_4');
INSERT INTO `collection` (id, serial, cardId) VALUES ('22002', 3, '22002_5');
INSERT INTO `collection` (id, serial, cardId) VALUES ('22002', 4, '22002_6');
INSERT INTO `collection` (id, serial, cardId) VALUES ('22002', 5, '22002_7');
INSERT INTO `collection` (id, serial, cardId) VALUES ('22002', 6, '22002_8');
INSERT INTO `collection` (id, serial, cardId) VALUES ('22002', 7, '22002_9');
INSERT INTO `collection` (id, serial, cardId) VALUES ('22002', 8, '22002_10');
INSERT INTO `collection` (id, serial, cardId) VALUES ('22002', 9, '22002_11');
INSERT INTO `collection` (id, serial, cardId) VALUES ('22002', 10, '22002_12');
INSERT INTO `collection` (id, serial, cardId) VALUES ('22002', 11, '22002_13');
INSERT INTO `collection` (id, serial, cardId) VALUES ('22002', 12, '22002_14');
INSERT INTO `collection` (id, serial, cardId) VALUES ('22002', 13, '22002_15');
INSERT INTO `collection` (id, serial, cardId) VALUES ('22002', 14, '22002_16');
INSERT INTO `collection` (id, serial, cardId) VALUES ('22002', 15, '22002_17');
INSERT INTO `collection` (id, serial, cardId) VALUES ('22002', 16, '22002_18');
INSERT INTO `collection` (id, serial, cardId) VALUES ('22002', 17, '22002_19');
INSERT INTO `collection` (id, serial, cardId) VALUES ('20374', 1, '20374_3');
INSERT INTO `collection` (id, serial, cardId) VALUES ('20374', 2, '20374_4');
INSERT INTO `collection` (id, serial, cardId) VALUES ('20374', 3, '20374_5');
INSERT INTO `collection` (id, serial, cardId) VALUES ('20374', 4, '20374_6');
INSERT INTO `collection` (id, serial, cardId) VALUES ('20374', 5, '20374_7');
INSERT INTO `collection` (id, serial, cardId) VALUES ('20374', 6, '20374_8');
INSERT INTO `collection` (id, serial, cardId) VALUES ('20374', 7, '20374_9');
INSERT INTO `collection` (id, serial, cardId) VALUES ('20374', 8, '20374_10');
INSERT INTO `collection` (id, serial, cardId) VALUES ('20374', 9, '20374_11');
INSERT INTO `collection` (id, serial, cardId) VALUES ('20374', 10, '20374_12');
INSERT INTO `collection` (id, serial, cardId) VALUES ('20374', 11, '20374_13');
INSERT INTO `collection` (id, serial, cardId) VALUES ('20374', 12, '20374_14');
INSERT INTO `collection` (id, serial, cardId) VALUES ('20374', 13, '20374_15');
INSERT INTO `collection` (id, serial, cardId) VALUES ('20374', 14, '20374_16');
INSERT INTO `collection` (id, serial, cardId) VALUES ('20374', 15, '20374_17');
INSERT INTO `collection` (id, serial, cardId) VALUES ('20374', 16, '20374_18');
INSERT INTO `collection` (id, serial, cardId) VALUES ('20374', 17, '20374_19');
INSERT INTO `collection` (id, serial, cardId) VALUES ('18342', 1, '18342_3');
INSERT INTO `collection` (id, serial, cardId) VALUES ('18342', 2, '18342_4');
INSERT INTO `collection` (id, serial, cardId) VALUES ('18342', 3, '18342_5');
INSERT INTO `collection` (id, serial, cardId) VALUES ('18342', 4, '18342_6');
INSERT INTO `collection` (id, serial, cardId) VALUES ('18342', 5, '18342_7');
INSERT INTO `collection` (id, serial, cardId) VALUES ('18342', 6, '18342_8');
INSERT INTO `collection` (id, serial, cardId) VALUES ('18342', 7, '18342_9');
INSERT INTO `collection` (id, serial, cardId) VALUES ('18342', 8, '18342_10');
INSERT INTO `collection` (id, serial, cardId) VALUES ('18342', 9, '18342_11');
INSERT INTO `collection` (id, serial, cardId) VALUES ('18342', 10, '18342_12');
INSERT INTO `collection` (id, serial, cardId) VALUES ('18342', 11, '18342_13');
INSERT INTO `collection` (id, serial, cardId) VALUES ('18342', 12, '18342_14');
INSERT INTO `collection` (id, serial, cardId) VALUES ('18342', 13, '18342_15');
INSERT INTO `collection` (id, serial, cardId) VALUES ('18342', 14, '18342_16');
INSERT INTO `collection` (id, serial, cardId) VALUES ('18342', 15, '18342_17');
INSERT INTO `collection` (id, serial, cardId) VALUES ('8438', 1, '8438_3');
INSERT INTO `collection` (id, serial, cardId) VALUES ('8438', 2, '8438_4');
INSERT INTO `collection` (id, serial, cardId) VALUES ('8438', 3, '8438_5');
INSERT INTO `collection` (id, serial, cardId) VALUES ('8438', 4, '8438_6');
INSERT INTO `collection` (id, serial, cardId) VALUES ('8438', 5, '8438_7');
INSERT INTO `collection` (id, serial, cardId) VALUES ('8438', 6, '8438_8');
INSERT INTO `collection` (id, serial, cardId) VALUES ('8438', 7, '8438_9');
INSERT INTO `collection` (id, serial, cardId) VALUES ('8438', 8, '8438_10');
INSERT INTO `collection` (id, serial, cardId) VALUES ('8438', 9, '8438_11');
INSERT INTO `collection` (id, serial, cardId) VALUES ('8438', 10, '8438_12');
INSERT INTO `collection` (id, serial, cardId) VALUES ('8438', 11, '8438_13');
INSERT INTO `collection` (id, serial, cardId) VALUES ('8438', 12, '8438_14');
INSERT INTO `collection` (id, serial, cardId) VALUES ('8438', 13, '8438_15');
INSERT INTO `collection` (id, serial, cardId) VALUES ('8438', 14, '8438_16');
INSERT INTO `collection` (id, serial, cardId) VALUES ('8438', 15, '8438_17');
INSERT INTO `collection` (id, serial, cardId) VALUES ('8438', 16, '8438_18');
INSERT INTO `collection` (id, serial, cardId) VALUES ('8438', 17, '8438_19');
INSERT INTO `collection` (id, serial, cardId) VALUES ('17533', 1, '17533_3');
INSERT INTO `collection` (id, serial, cardId) VALUES ('17533', 2, '17533_4');
INSERT INTO `collection` (id, serial, cardId) VALUES ('17533', 3, '17533_5');
INSERT INTO `collection` (id, serial, cardId) VALUES ('17533', 4, '17533_6');
INSERT INTO `collection` (id, serial, cardId) VALUES ('17533', 5, '17533_7');
INSERT INTO `collection` (id, serial, cardId) VALUES ('17533', 6, '17533_8');
INSERT INTO `collection` (id, serial, cardId) VALUES ('17533', 7, '17533_9');
INSERT INTO `collection` (id, serial, cardId) VALUES ('17533', 8, '17533_10');
INSERT INTO `collection` (id, serial, cardId) VALUES ('17533', 9, '17533_11');
INSERT INTO `collection` (id, serial, cardId) VALUES ('17533', 10, '17533_12');
INSERT INTO `collection` (id, serial, cardId) VALUES ('17533', 11, '17533_13');
INSERT INTO `collection` (id, serial, cardId) VALUES ('17533', 12, '17533_14');
INSERT INTO `collection` (id, serial, cardId) VALUES ('17533', 13, '17533_15');
INSERT INTO `collection` (id, serial, cardId) VALUES ('17533', 14, '17533_16');
INSERT INTO `collection` (id, serial, cardId) VALUES ('17533', 15, '17533_17');
INSERT INTO `collection` (id, serial, cardId) VALUES ('17533', 16, '17533_18');
INSERT INTO `collection` (id, serial, cardId) VALUES ('17533', 17, '17533_19');
INSERT INTO `collection` (id, serial, cardId) VALUES ('21134', 1, '21134_3');
INSERT INTO `collection` (id, serial, cardId) VALUES ('21134', 2, '21134_4');
INSERT INTO `collection` (id, serial, cardId) VALUES ('21134', 3, '21134_5');
INSERT INTO `collection` (id, serial, cardId) VALUES ('21134', 4, '21134_6');
INSERT INTO `collection` (id, serial, cardId) VALUES ('21134', 5, '21134_7');
INSERT INTO `collection` (id, serial, cardId) VALUES ('21134', 6, '21134_8');
INSERT INTO `collection` (id, serial, cardId) VALUES ('21134', 7, '21134_9');
INSERT INTO `collection` (id, serial, cardId) VALUES ('21134', 8, '21134_10');
INSERT INTO `collection` (id, serial, cardId) VALUES ('21134', 9, '21134_11');
INSERT INTO `collection` (id, serial, cardId) VALUES ('21134', 10, '21134_12');
INSERT INTO `collection` (id, serial, cardId) VALUES ('21134', 11, '21134_13');
INSERT INTO `collection` (id, serial, cardId) VALUES ('21134', 12, '21134_14');
INSERT INTO `collection` (id, serial, cardId) VALUES ('21134', 13, '21134_15');
INSERT INTO `collection` (id, serial, cardId) VALUES ('21134', 14, '21134_16');
INSERT INTO `collection` (id, serial, cardId) VALUES ('21134', 15, '21134_17');
INSERT INTO `collection` (id, serial, cardId) VALUES ('21134', 16, '21134_18');
INSERT INTO `collection` (id, serial, cardId) VALUES ('21134', 17, '21134_19');
INSERT INTO `collection` (id, serial, cardId) VALUES ('3083', 1, '3083_3');
INSERT INTO `collection` (id, serial, cardId) VALUES ('3083', 2, '3083_4');
INSERT INTO `collection` (id, serial, cardId) VALUES ('3083', 3, '3083_5');
INSERT INTO `collection` (id, serial, cardId) VALUES ('3083', 4, '3083_6');
INSERT INTO `collection` (id, serial, cardId) VALUES ('3083', 5, '3083_7');
INSERT INTO `collection` (id, serial, cardId) VALUES ('3083', 6, '3083_8');
INSERT INTO `collection` (id, serial, cardId) VALUES ('3083', 7, '3083_9');
INSERT INTO `collection` (id, serial, cardId) VALUES ('3083', 8, '3083_10');
INSERT INTO `collection` (id, serial, cardId) VALUES ('3083', 9, '3083_11');
INSERT INTO `collection` (id, serial, cardId) VALUES ('3083', 10, '3083_12');
INSERT INTO `collection` (id, serial, cardId) VALUES ('3083', 11, '3083_13');
INSERT INTO `collection` (id, serial, cardId) VALUES ('3083', 12, '3083_14');
INSERT INTO `collection` (id, serial, cardId) VALUES ('3083', 13, '3083_15');
INSERT INTO `collection` (id, serial, cardId) VALUES ('3083', 14, '3083_16');
INSERT INTO `collection` (id, serial, cardId) VALUES ('3083', 15, '3083_17');
INSERT INTO `collection` (id, serial, cardId) VALUES ('3083', 16, '3083_18');
INSERT INTO `collection` (id, serial, cardId) VALUES ('13092', 1, '13092_3');
INSERT INTO `collection` (id, serial, cardId) VALUES ('13092', 2, '13092_4');
INSERT INTO `collection` (id, serial, cardId) VALUES ('13092', 3, '13092_5');
INSERT INTO `collection` (id, serial, cardId) VALUES ('13092', 4, '13092_6');
INSERT INTO `collection` (id, serial, cardId) VALUES ('13092', 5, '13092_7');
INSERT INTO `collection` (id, serial, cardId) VALUES ('13092', 6, '13092_8');
INSERT INTO `collection` (id, serial, cardId) VALUES ('13092', 7, '13092_9');
INSERT INTO `collection` (id, serial, cardId) VALUES ('13092', 8, '13092_10');
INSERT INTO `collection` (id, serial, cardId) VALUES ('13092', 9, '13092_11');
INSERT INTO `collection` (id, serial, cardId) VALUES ('13092', 10, '13092_12');
INSERT INTO `collection` (id, serial, cardId) VALUES ('13092', 11, '13092_13');
INSERT INTO `collection` (id, serial, cardId) VALUES ('13092', 12, '13092_14');
INSERT INTO `collection` (id, serial, cardId) VALUES ('13092', 13, '13092_15');
INSERT INTO `collection` (id, serial, cardId) VALUES ('13092', 14, '13092_16');
INSERT INTO `collection` (id, serial, cardId) VALUES ('13092', 15, '13092_17');
INSERT INTO `collection` (id, serial, cardId) VALUES ('16197', 1, '16197_3');
INSERT INTO `collection` (id, serial, cardId) VALUES ('16197', 2, '16197_4');
INSERT INTO `collection` (id, serial, cardId) VALUES ('16197', 3, '16197_5');
INSERT INTO `collection` (id, serial, cardId) VALUES ('16197', 4, '16197_6');
INSERT INTO `collection` (id, serial, cardId) VALUES ('16197', 5, '16197_7');
INSERT INTO `collection` (id, serial, cardId) VALUES ('16197', 6, '16197_8');
INSERT INTO `collection` (id, serial, cardId) VALUES ('16197', 7, '16197_9');
INSERT INTO `collection` (id, serial, cardId) VALUES ('16197', 8, '16197_10');
INSERT INTO `collection` (id, serial, cardId) VALUES ('16197', 9, '16197_11');
INSERT INTO `collection` (id, serial, cardId) VALUES ('16197', 10, '16197_12');
INSERT INTO `collection` (id, serial, cardId) VALUES ('16197', 11, '16197_13');
INSERT INTO `collection` (id, serial, cardId) VALUES ('16197', 12, '16197_14');
INSERT INTO `collection` (id, serial, cardId) VALUES ('16197', 13, '16197_15');
INSERT INTO `collection` (id, serial, cardId) VALUES ('21631', 1, '21631_3');
INSERT INTO `collection` (id, serial, cardId) VALUES ('21631', 2, '21631_4');
INSERT INTO `collection` (id, serial, cardId) VALUES ('21631', 3, '21631_5');
INSERT INTO `collection` (id, serial, cardId) VALUES ('21631', 4, '21631_6');
INSERT INTO `collection` (id, serial, cardId) VALUES ('21631', 5, '21631_7');
INSERT INTO `collection` (id, serial, cardId) VALUES ('21631', 6, '21631_8');
INSERT INTO `collection` (id, serial, cardId) VALUES ('21631', 7, '21631_9');
INSERT INTO `collection` (id, serial, cardId) VALUES ('21631', 8, '21631_10');
INSERT INTO `collection` (id, serial, cardId) VALUES ('21631', 9, '21631_11');
INSERT INTO `collection` (id, serial, cardId) VALUES ('21631', 10, '21631_12');
INSERT INTO `collection` (id, serial, cardId) VALUES ('21631', 11, '21631_13');
INSERT INTO `collection` (id, serial, cardId) VALUES ('21631', 12, '21631_14');
INSERT INTO `collection` (id, serial, cardId) VALUES ('21631', 13, '21631_15');
INSERT INTO `collection` (id, serial, cardId) VALUES ('22003', 1, '22003_3');
INSERT INTO `collection` (id, serial, cardId) VALUES ('22003', 2, '22003_4');
INSERT INTO `collection` (id, serial, cardId) VALUES ('22003', 3, '22003_5');
INSERT INTO `collection` (id, serial, cardId) VALUES ('22003', 4, '22003_6');
INSERT INTO `collection` (id, serial, cardId) VALUES ('22003', 5, '22003_7');
INSERT INTO `collection` (id, serial, cardId) VALUES ('22003', 6, '22003_8');
INSERT INTO `collection` (id, serial, cardId) VALUES ('22003', 7, '22003_9');
INSERT INTO `collection` (id, serial, cardId) VALUES ('22003', 8, '22003_10');
INSERT INTO `collection` (id, serial, cardId) VALUES ('22003', 9, '22003_11');
INSERT INTO `collection` (id, serial, cardId) VALUES ('22003', 10, '22003_12');
INSERT INTO `collection` (id, serial, cardId) VALUES ('22003', 11, '22003_13');
INSERT INTO `collection` (id, serial, cardId) VALUES ('22003', 12, '22003_14');
INSERT INTO `collection` (id, serial, cardId) VALUES ('22003', 13, '22003_15');
INSERT INTO `collection` (id, serial, cardId) VALUES ('8713', 1, '8713_3');
INSERT INTO `collection` (id, serial, cardId) VALUES ('8713', 2, '8713_4');
INSERT INTO `collection` (id, serial, cardId) VALUES ('8713', 3, '8713_5');
INSERT INTO `collection` (id, serial, cardId) VALUES ('8713', 4, '8713_6');
INSERT INTO `collection` (id, serial, cardId) VALUES ('8713', 5, '8713_7');
INSERT INTO `collection` (id, serial, cardId) VALUES ('8713', 6, '8713_8');
INSERT INTO `collection` (id, serial, cardId) VALUES ('8713', 7, '8713_9');
INSERT INTO `collection` (id, serial, cardId) VALUES ('8713', 8, '8713_10');
INSERT INTO `collection` (id, serial, cardId) VALUES ('8713', 9, '8713_11');
INSERT INTO `collection` (id, serial, cardId) VALUES ('8713', 10, '8713_12');
INSERT INTO `collection` (id, serial, cardId) VALUES ('8713', 11, '8713_13');
INSERT INTO `collection` (id, serial, cardId) VALUES ('8713', 12, '8713_14');
INSERT INTO `collection` (id, serial, cardId) VALUES ('8713', 13, '8713_15');
INSERT INTO `collection` (id, serial, cardId) VALUES ('8713', 14, '8713_16');
INSERT INTO `collection` (id, serial, cardId) VALUES ('8713', 15, '8713_17');
INSERT INTO `collection` (id, serial, cardId) VALUES ('8713', 16, '8713_18');
INSERT INTO `collection` (id, serial, cardId) VALUES ('8713', 17, '8713_19');
INSERT INTO `collection` (id, serial, cardId) VALUES ('24748', 1, '24748_3');
INSERT INTO `collection` (id, serial, cardId) VALUES ('24748', 2, '24748_4');
INSERT INTO `collection` (id, serial, cardId) VALUES ('24748', 3, '24748_5');
INSERT INTO `collection` (id, serial, cardId) VALUES ('24748', 4, '24748_6');
INSERT INTO `collection` (id, serial, cardId) VALUES ('24748', 5, '24748_7');
INSERT INTO `collection` (id, serial, cardId) VALUES ('24748', 6, '24748_8');
INSERT INTO `collection` (id, serial, cardId) VALUES ('24748', 7, '24748_9');
INSERT INTO `collection` (id, serial, cardId) VALUES ('24748', 8, '24748_10');
INSERT INTO `collection` (id, serial, cardId) VALUES ('24748', 9, '24748_11');
INSERT INTO `collection` (id, serial, cardId) VALUES ('24748', 10, '24748_12');
INSERT INTO `collection` (id, serial, cardId) VALUES ('24748', 11, '24748_13');
INSERT INTO `collection` (id, serial, cardId) VALUES ('24748', 12, '24748_14');
INSERT INTO `collection` (id, serial, cardId) VALUES ('24748', 13, '24748_15');
INSERT INTO `collection` (id, serial, cardId) VALUES ('23143', 1, '23143_3');
INSERT INTO `collection` (id, serial, cardId) VALUES ('23143', 2, '23143_4');
INSERT INTO `collection` (id, serial, cardId) VALUES ('23143', 3, '23143_5');
INSERT INTO `collection` (id, serial, cardId) VALUES ('23143', 4, '23143_6');
INSERT INTO `collection` (id, serial, cardId) VALUES ('23143', 5, '23143_7');
INSERT INTO `collection` (id, serial, cardId) VALUES ('23143', 6, '23143_8');
INSERT INTO `collection` (id, serial, cardId) VALUES ('23143', 7, '23143_9');
INSERT INTO `collection` (id, serial, cardId) VALUES ('23143', 8, '23143_10');
INSERT INTO `collection` (id, serial, cardId) VALUES ('23143', 9, '23143_11');
INSERT INTO `collection` (id, serial, cardId) VALUES ('23143', 10, '23143_12');
INSERT INTO `collection` (id, serial, cardId) VALUES ('23143', 11, '23143_13');
INSERT INTO `collection` (id, serial, cardId) VALUES ('23143', 12, '23143_14');
INSERT INTO `collection` (id, serial, cardId) VALUES ('3914', 1, '3914_3');
INSERT INTO `collection` (id, serial, cardId) VALUES ('3914', 2, '3914_4');
INSERT INTO `collection` (id, serial, cardId) VALUES ('3914', 3, '3914_5');
INSERT INTO `collection` (id, serial, cardId) VALUES ('3914', 4, '3914_6');
INSERT INTO `collection` (id, serial, cardId) VALUES ('3914', 5, '3914_7');
INSERT INTO `collection` (id, serial, cardId) VALUES ('3914', 6, '3914_8');
INSERT INTO `collection` (id, serial, cardId) VALUES ('3914', 7, '3914_9');
INSERT INTO `collection` (id, serial, cardId) VALUES ('3914', 8, '3914_10');
INSERT INTO `collection` (id, serial, cardId) VALUES ('13303', 1, '13303_3');
INSERT INTO `collection` (id, serial, cardId) VALUES ('13303', 2, '13303_4');
INSERT INTO `collection` (id, serial, cardId) VALUES ('13303', 3, '13303_5');
INSERT INTO `collection` (id, serial, cardId) VALUES ('13303', 4, '13303_6');
INSERT INTO `collection` (id, serial, cardId) VALUES ('13303', 5, '13303_7');
INSERT INTO `collection` (id, serial, cardId) VALUES ('13303', 6, '13303_8');
INSERT INTO `collection` (id, serial, cardId) VALUES ('13303', 7, '13303_9');
INSERT INTO `collection` (id, serial, cardId) VALUES ('13303', 8, '13303_10');
INSERT INTO `collection` (id, serial, cardId) VALUES ('13303', 9, '13303_11');
INSERT INTO `collection` (id, serial, cardId) VALUES ('13303', 10, '13303_12');
INSERT INTO `collection` (id, serial, cardId) VALUES ('13303', 11, '13303_13');
INSERT INTO `collection` (id, serial, cardId) VALUES ('13303', 12, '13303_14');
INSERT INTO `collection` (id, serial, cardId) VALUES ('13303', 13, '13303_15');
INSERT INTO `collection` (id, serial, cardId) VALUES ('13303', 14, '13303_16');
INSERT INTO `collection` (id, serial, cardId) VALUES ('13303', 15, '13303_17');
INSERT INTO `collection` (id, serial, cardId) VALUES ('13303', 16, '13303_18');
INSERT INTO `collection` (id, serial, cardId) VALUES ('13303', 17, '13303_19');
INSERT INTO `collection` (id, serial, cardId) VALUES ('30267', 1, '30267_3');
INSERT INTO `collection` (id, serial, cardId) VALUES ('30267', 2, '30267_4');
INSERT INTO `collection` (id, serial, cardId) VALUES ('30267', 3, '30267_5');
INSERT INTO `collection` (id, serial, cardId) VALUES ('30267', 4, '30267_6');
INSERT INTO `collection` (id, serial, cardId) VALUES ('30267', 5, '30267_7');
INSERT INTO `collection` (id, serial, cardId) VALUES ('30267', 6, '30267_8');
INSERT INTO `collection` (id, serial, cardId) VALUES ('30267', 7, '30267_9');
INSERT INTO `collection` (id, serial, cardId) VALUES ('30267', 8, '30267_10');
INSERT INTO `collection` (id, serial, cardId) VALUES ('30267', 9, '30267_11');
INSERT INTO `collection` (id, serial, cardId) VALUES ('30267', 10, '30267_12');
INSERT INTO `collection` (id, serial, cardId) VALUES ('30267', 11, '30267_13');
INSERT INTO `collection` (id, serial, cardId) VALUES ('23156', 1, '23156_3');
INSERT INTO `collection` (id, serial, cardId) VALUES ('23156', 2, '23156_4');
INSERT INTO `collection` (id, serial, cardId) VALUES ('23156', 3, '23156_5');
INSERT INTO `collection` (id, serial, cardId) VALUES ('23156', 4, '23156_6');
INSERT INTO `collection` (id, serial, cardId) VALUES ('23156', 5, '23156_7');
INSERT INTO `collection` (id, serial, cardId) VALUES ('23156', 6, '23156_8');
INSERT INTO `collection` (id, serial, cardId) VALUES ('23156', 7, '23156_9');
INSERT INTO `collection` (id, serial, cardId) VALUES ('23156', 8, '23156_10');
INSERT INTO `collection` (id, serial, cardId) VALUES ('16210', 1, '16210_3');
INSERT INTO `collection` (id, serial, cardId) VALUES ('16210', 2, '16210_4');
INSERT INTO `collection` (id, serial, cardId) VALUES ('16210', 3, '16210_5');
INSERT INTO `collection` (id, serial, cardId) VALUES ('16210', 4, '16210_6');
INSERT INTO `collection` (id, serial, cardId) VALUES ('16210', 5, '16210_7');
INSERT INTO `collection` (id, serial, cardId) VALUES ('16210', 6, '16210_8');
INSERT INTO `collection` (id, serial, cardId) VALUES ('16210', 7, '16210_9');
INSERT INTO `collection` (id, serial, cardId) VALUES ('16210', 8, '16210_10');
INSERT INTO `collection` (id, serial, cardId) VALUES ('16210', 9, '16210_11');
INSERT INTO `collection` (id, serial, cardId) VALUES ('16210', 10, '16210_12');
INSERT INTO `collection` (id, serial, cardId) VALUES ('16210', 11, '16210_13');
INSERT INTO `collection` (id, serial, cardId) VALUES ('16210', 12, '16210_14');
INSERT INTO `collection` (id, serial, cardId) VALUES ('16210', 13, '16210_15');
INSERT INTO `collection` (id, serial, cardId) VALUES ('15614', 1, '15614_3');
INSERT INTO `collection` (id, serial, cardId) VALUES ('15614', 2, '15614_4');
INSERT INTO `collection` (id, serial, cardId) VALUES ('15614', 3, '15614_5');
INSERT INTO `collection` (id, serial, cardId) VALUES ('15614', 4, '15614_6');
INSERT INTO `collection` (id, serial, cardId) VALUES ('15614', 5, '15614_7');
INSERT INTO `collection` (id, serial, cardId) VALUES ('15614', 6, '15614_8');
INSERT INTO `collection` (id, serial, cardId) VALUES ('15614', 7, '15614_9');
INSERT INTO `collection` (id, serial, cardId) VALUES ('15614', 8, '15614_10');
INSERT INTO `collection` (id, serial, cardId) VALUES ('15614', 9, '15614_11');
INSERT INTO `collection` (id, serial, cardId) VALUES ('15614', 10, '15614_12');
INSERT INTO `collection` (id, serial, cardId) VALUES ('15614', 11, '15614_13');
INSERT INTO `collection` (id, serial, cardId) VALUES ('15614', 12, '15614_14');
INSERT INTO `collection` (id, serial, cardId) VALUES ('15614', 13, '15614_15');
INSERT INTO `collection` (id, serial, cardId) VALUES ('21138', 1, '21138_3');
INSERT INTO `collection` (id, serial, cardId) VALUES ('21138', 2, '21138_4');
INSERT INTO `collection` (id, serial, cardId) VALUES ('21138', 3, '21138_5');
INSERT INTO `collection` (id, serial, cardId) VALUES ('21138', 4, '21138_6');
INSERT INTO `collection` (id, serial, cardId) VALUES ('21138', 5, '21138_7');
INSERT INTO `collection` (id, serial, cardId) VALUES ('21138', 6, '21138_8');
INSERT INTO `collection` (id, serial, cardId) VALUES ('21138', 7, '21138_9');
INSERT INTO `collection` (id, serial, cardId) VALUES ('21138', 8, '21138_10');
INSERT INTO `collection` (id, serial, cardId) VALUES ('21138', 9, '21138_11');
INSERT INTO `collection` (id, serial, cardId) VALUES ('21138', 10, '21138_12');
INSERT INTO `collection` (id, serial, cardId) VALUES ('21138', 11, '21138_13');
INSERT INTO `collection` (id, serial, cardId) VALUES ('21138', 12, '21138_14');
INSERT INTO `collection` (id, serial, cardId) VALUES ('21138', 13, '21138_15');
INSERT INTO `collection` (id, serial, cardId) VALUES ('23033', 1, '23033_3');
INSERT INTO `collection` (id, serial, cardId) VALUES ('23033', 2, '23033_4');
INSERT INTO `collection` (id, serial, cardId) VALUES ('23033', 3, '23033_5');
INSERT INTO `collection` (id, serial, cardId) VALUES ('23033', 4, '23033_6');
INSERT INTO `collection` (id, serial, cardId) VALUES ('23033', 5, '23033_7');
INSERT INTO `collection` (id, serial, cardId) VALUES ('23033', 6, '23033_8');
INSERT INTO `collection` (id, serial, cardId) VALUES ('23033', 7, '23033_9');
INSERT INTO `collection` (id, serial, cardId) VALUES ('23033', 8, '23033_10');
INSERT INTO `collection` (id, serial, cardId) VALUES ('23033', 9, '23033_11');
INSERT INTO `collection` (id, serial, cardId) VALUES ('18344', 1, '18344_3');
INSERT INTO `collection` (id, serial, cardId) VALUES ('18344', 2, '18344_4');
INSERT INTO `collection` (id, serial, cardId) VALUES ('18344', 3, '18344_5');
INSERT INTO `collection` (id, serial, cardId) VALUES ('18344', 4, '18344_6');
INSERT INTO `collection` (id, serial, cardId) VALUES ('18344', 5, '18344_7');
INSERT INTO `collection` (id, serial, cardId) VALUES ('18344', 6, '18344_8');
INSERT INTO `collection` (id, serial, cardId) VALUES ('18344', 7, '18344_9');
INSERT INTO `collection` (id, serial, cardId) VALUES ('18344', 8, '18344_10');
INSERT INTO `collection` (id, serial, cardId) VALUES ('18344', 9, '18344_11');
INSERT INTO `collection` (id, serial, cardId) VALUES ('18344', 10, '18344_12');
INSERT INTO `collection` (id, serial, cardId) VALUES ('18344', 11, '18344_13');
INSERT INTO `collection` (id, serial, cardId) VALUES ('18344', 12, '18344_14');
INSERT INTO `collection` (id, serial, cardId) VALUES ('18344', 13, '18344_15');
INSERT INTO `collection` (id, serial, cardId) VALUES ('18344', 14, '18344_16');
INSERT INTO `collection` (id, serial, cardId) VALUES ('18344', 15, '18344_17');
INSERT INTO `collection` (id, serial, cardId) VALUES ('18344', 16, '18344_18');
INSERT INTO `collection` (id, serial, cardId) VALUES ('18344', 17, '18344_19');
INSERT INTO `collection` (id, serial, cardId) VALUES ('15864', 1, '15864_3');
INSERT INTO `collection` (id, serial, cardId) VALUES ('15864', 2, '15864_4');
INSERT INTO `collection` (id, serial, cardId) VALUES ('15864', 3, '15864_5');
INSERT INTO `collection` (id, serial, cardId) VALUES ('15864', 4, '15864_6');
INSERT INTO `collection` (id, serial, cardId) VALUES ('15864', 5, '15864_7');
INSERT INTO `collection` (id, serial, cardId) VALUES ('15864', 6, '15864_8');
INSERT INTO `collection` (id, serial, cardId) VALUES ('15864', 7, '15864_9');
INSERT INTO `collection` (id, serial, cardId) VALUES ('15864', 8, '15864_10');
INSERT INTO `collection` (id, serial, cardId) VALUES ('15864', 9, '15864_11');
INSERT INTO `collection` (id, serial, cardId) VALUES ('18345', 1, '18345_3');
INSERT INTO `collection` (id, serial, cardId) VALUES ('18345', 2, '18345_4');
INSERT INTO `collection` (id, serial, cardId) VALUES ('18345', 3, '18345_5');
INSERT INTO `collection` (id, serial, cardId) VALUES ('18345', 4, '18345_6');
INSERT INTO `collection` (id, serial, cardId) VALUES ('18345', 5, '18345_7');
INSERT INTO `collection` (id, serial, cardId) VALUES ('18345', 6, '18345_8');
INSERT INTO `collection` (id, serial, cardId) VALUES ('18345', 7, '18345_9');
INSERT INTO `collection` (id, serial, cardId) VALUES ('18345', 8, '18345_10');
INSERT INTO `collection` (id, serial, cardId) VALUES ('18345', 9, '18345_11');
INSERT INTO `collection` (id, serial, cardId) VALUES ('18345', 10, '18345_12');
INSERT INTO `collection` (id, serial, cardId) VALUES ('18345', 11, '18345_13');
INSERT INTO `collection` (id, serial, cardId) VALUES ('18345', 12, '18345_14');
INSERT INTO `collection` (id, serial, cardId) VALUES ('18345', 13, '18345_15');
INSERT INTO `collection` (id, serial, cardId) VALUES ('22572', 1, '22572_3');
INSERT INTO `collection` (id, serial, cardId) VALUES ('22572', 2, '22572_4');
INSERT INTO `collection` (id, serial, cardId) VALUES ('22572', 3, '22572_5');
INSERT INTO `collection` (id, serial, cardId) VALUES ('22572', 4, '22572_6');
INSERT INTO `collection` (id, serial, cardId) VALUES ('22572', 5, '22572_7');
INSERT INTO `collection` (id, serial, cardId) VALUES ('22572', 6, '22572_8');
INSERT INTO `collection` (id, serial, cardId) VALUES ('22572', 7, '22572_9');
INSERT INTO `collection` (id, serial, cardId) VALUES ('22572', 8, '22572_10');
INSERT INTO `collection` (id, serial, cardId) VALUES ('22572', 9, '22572_11');
INSERT INTO `collection` (id, serial, cardId) VALUES ('22572', 10, '22572_12');
INSERT INTO `collection` (id, serial, cardId) VALUES ('22572', 11, '22572_13');
INSERT INTO `collection` (id, serial, cardId) VALUES ('22572', 12, '22572_14');
INSERT INTO `collection` (id, serial, cardId) VALUES ('22572', 13, '22572_15');
INSERT INTO `collection` (id, serial, cardId) VALUES ('23751', 1, '23751_3');
INSERT INTO `collection` (id, serial, cardId) VALUES ('23751', 2, '23751_4');
INSERT INTO `collection` (id, serial, cardId) VALUES ('23751', 3, '23751_5');
INSERT INTO `collection` (id, serial, cardId) VALUES ('23751', 4, '23751_6');
INSERT INTO `collection` (id, serial, cardId) VALUES ('23751', 5, '23751_7');
INSERT INTO `collection` (id, serial, cardId) VALUES ('23751', 6, '23751_8');
INSERT INTO `collection` (id, serial, cardId) VALUES ('23751', 7, '23751_9');
INSERT INTO `collection` (id, serial, cardId) VALUES ('23751', 8, '23751_10');
INSERT INTO `collection` (id, serial, cardId) VALUES ('23751', 9, '23751_11');
INSERT INTO `collection` (id, serial, cardId) VALUES ('23751', 10, '23751_12');
INSERT INTO `collection` (id, serial, cardId) VALUES ('23751', 11, '23751_13');
INSERT INTO `collection` (id, serial, cardId) VALUES ('23751', 12, '23751_14');
INSERT INTO `collection` (id, serial, cardId) VALUES ('23751', 13, '23751_15');
INSERT INTO `collection` (id, serial, cardId) VALUES ('23751', 14, '23751_16');
INSERT INTO `collection` (id, serial, cardId) VALUES ('23751', 15, '23751_17');
INSERT INTO `collection` (id, serial, cardId) VALUES ('23751', 16, '23751_18');
INSERT INTO `collection` (id, serial, cardId) VALUES ('23751', 17, '23751_19');
INSERT INTO `collection` (id, serial, cardId) VALUES ('17937', 1, '17937_3');
INSERT INTO `collection` (id, serial, cardId) VALUES ('17937', 2, '17937_4');
INSERT INTO `collection` (id, serial, cardId) VALUES ('17937', 3, '17937_5');
INSERT INTO `collection` (id, serial, cardId) VALUES ('17937', 4, '17937_6');
INSERT INTO `collection` (id, serial, cardId) VALUES ('17937', 5, '17937_7');
INSERT INTO `collection` (id, serial, cardId) VALUES ('17937', 6, '17937_8');
INSERT INTO `collection` (id, serial, cardId) VALUES ('17937', 7, '17937_9');
INSERT INTO `collection` (id, serial, cardId) VALUES ('17937', 8, '17937_10');
INSERT INTO `collection` (id, serial, cardId) VALUES ('17937', 9, '17937_11');
INSERT INTO `collection` (id, serial, cardId) VALUES ('17937', 10, '17937_12');
INSERT INTO `collection` (id, serial, cardId) VALUES ('17937', 11, '17937_13');
INSERT INTO `collection` (id, serial, cardId) VALUES ('17937', 12, '17937_14');
INSERT INTO `collection` (id, serial, cardId) VALUES ('17937', 13, '17937_15');
INSERT INTO `collection` (id, serial, cardId) VALUES ('21816', 1, '21816_3');
INSERT INTO `collection` (id, serial, cardId) VALUES ('21816', 2, '21816_4');
INSERT INTO `collection` (id, serial, cardId) VALUES ('21816', 3, '21816_5');
INSERT INTO `collection` (id, serial, cardId) VALUES ('21816', 4, '21816_6');
INSERT INTO `collection` (id, serial, cardId) VALUES ('21816', 5, '21816_7');
INSERT INTO `collection` (id, serial, cardId) VALUES ('21816', 6, '21816_8');
INSERT INTO `collection` (id, serial, cardId) VALUES ('21816', 7, '21816_9');
INSERT INTO `collection` (id, serial, cardId) VALUES ('21816', 8, '21816_10');
INSERT INTO `collection` (id, serial, cardId) VALUES ('21816', 9, '21816_11');
INSERT INTO `collection` (id, serial, cardId) VALUES ('21816', 10, '21816_12');
INSERT INTO `collection` (id, serial, cardId) VALUES ('21816', 11, '21816_13');
INSERT INTO `collection` (id, serial, cardId) VALUES ('21816', 12, '21816_14');
INSERT INTO `collection` (id, serial, cardId) VALUES ('21816', 13, '21816_15');
INSERT INTO `collection` (id, serial, cardId) VALUES ('21816', 14, '21816_16');
INSERT INTO `collection` (id, serial, cardId) VALUES ('21816', 15, '21816_17');
INSERT INTO `collection` (id, serial, cardId) VALUES ('21816', 16, '21816_18');
INSERT INTO `collection` (id, serial, cardId) VALUES ('21816', 17, '21816_19');
INSERT INTO `collection` (id, serial, cardId) VALUES ('21816', 18, '21816_20');
INSERT INTO `collection` (id, serial, cardId) VALUES ('21816', 19, '21816_21');
INSERT INTO `collection` (id, serial, cardId) VALUES ('21816', 20, '21816_22');
INSERT INTO `collection` (id, serial, cardId) VALUES ('21816', 21, '21816_23');
INSERT INTO `collection` (id, serial, cardId) VALUES ('8690', 1, '8690_3');
INSERT INTO `collection` (id, serial, cardId) VALUES ('8690', 2, '8690_4');
INSERT INTO `collection` (id, serial, cardId) VALUES ('8690', 3, '8690_5');
INSERT INTO `collection` (id, serial, cardId) VALUES ('8690', 4, '8690_6');
INSERT INTO `collection` (id, serial, cardId) VALUES ('8690', 5, '8690_7');
INSERT INTO `collection` (id, serial, cardId) VALUES ('8690', 6, '8690_8');
INSERT INTO `collection` (id, serial, cardId) VALUES ('8690', 7, '8690_9');
INSERT INTO `collection` (id, serial, cardId) VALUES ('8690', 8, '8690_10');
INSERT INTO `collection` (id, serial, cardId) VALUES ('8690', 9, '8690_11');
INSERT INTO `collection` (id, serial, cardId) VALUES ('8690', 10, '8690_12');
INSERT INTO `collection` (id, serial, cardId) VALUES ('8690', 11, '8690_13');
INSERT INTO `collection` (id, serial, cardId) VALUES ('29975', 1, '29975_3');
INSERT INTO `collection` (id, serial, cardId) VALUES ('29975', 2, '29975_4');
INSERT INTO `collection` (id, serial, cardId) VALUES ('29975', 3, '29975_5');
INSERT INTO `collection` (id, serial, cardId) VALUES ('29975', 4, '29975_6');
INSERT INTO `collection` (id, serial, cardId) VALUES ('29975', 5, '29975_7');
INSERT INTO `collection` (id, serial, cardId) VALUES ('29975', 6, '29975_8');
INSERT INTO `collection` (id, serial, cardId) VALUES ('29975', 7, '29975_9');
INSERT INTO `collection` (id, serial, cardId) VALUES ('29975', 8, '29975_10');
INSERT INTO `collection` (id, serial, cardId) VALUES ('29975', 9, '29975_11');
INSERT INTO `collection` (id, serial, cardId) VALUES ('29975', 10, '29975_12');
INSERT INTO `collection` (id, serial, cardId) VALUES ('29975', 11, '29975_13');
INSERT INTO `collection` (id, serial, cardId) VALUES ('22067', 1, '22067_3');
INSERT INTO `collection` (id, serial, cardId) VALUES ('22067', 2, '22067_4');
INSERT INTO `collection` (id, serial, cardId) VALUES ('22067', 3, '22067_5');
INSERT INTO `collection` (id, serial, cardId) VALUES ('22067', 4, '22067_6');
INSERT INTO `collection` (id, serial, cardId) VALUES ('22067', 5, '22067_7');
INSERT INTO `collection` (id, serial, cardId) VALUES ('22067', 6, '22067_8');
INSERT INTO `collection` (id, serial, cardId) VALUES ('22067', 7, '22067_9');
INSERT INTO `collection` (id, serial, cardId) VALUES ('22067', 8, '22067_10');
INSERT INTO `collection` (id, serial, cardId) VALUES ('22067', 9, '22067_11');
INSERT INTO `collection` (id, serial, cardId) VALUES ('2611', 1, '2611_3');
INSERT INTO `collection` (id, serial, cardId) VALUES ('2611', 2, '2611_4');
INSERT INTO `collection` (id, serial, cardId) VALUES ('2611', 3, '2611_5');
INSERT INTO `collection` (id, serial, cardId) VALUES ('2611', 4, '2611_6');
INSERT INTO `collection` (id, serial, cardId) VALUES ('2611', 5, '2611_7');
INSERT INTO `collection` (id, serial, cardId) VALUES ('2611', 6, '2611_8');
INSERT INTO `collection` (id, serial, cardId) VALUES ('2611', 7, '2611_9');
INSERT INTO `collection` (id, serial, cardId) VALUES ('2611', 8, '2611_10');
INSERT INTO `collection` (id, serial, cardId) VALUES ('2611', 9, '2611_11');
INSERT INTO `collection` (id, serial, cardId) VALUES ('2611', 10, '2611_12');
INSERT INTO `collection` (id, serial, cardId) VALUES ('2611', 11, '2611_13');
INSERT INTO `collection` (id, serial, cardId) VALUES ('10440', 1, '10440_3');
INSERT INTO `collection` (id, serial, cardId) VALUES ('10440', 2, '10440_4');
INSERT INTO `collection` (id, serial, cardId) VALUES ('10440', 3, '10440_5');
INSERT INTO `collection` (id, serial, cardId) VALUES ('10440', 4, '10440_6');
INSERT INTO `collection` (id, serial, cardId) VALUES ('10440', 5, '10440_7');
INSERT INTO `collection` (id, serial, cardId) VALUES ('10440', 6, '10440_8');
INSERT INTO `collection` (id, serial, cardId) VALUES ('10440', 7, '10440_9');
INSERT INTO `collection` (id, serial, cardId) VALUES ('10440', 8, '10440_10');
INSERT INTO `collection` (id, serial, cardId) VALUES ('10440', 9, '10440_11');
INSERT INTO `collection` (id, serial, cardId) VALUES ('10440', 10, '10440_12');
INSERT INTO `collection` (id, serial, cardId) VALUES ('10440', 11, '10440_13');
INSERT INTO `collection` (id, serial, cardId) VALUES ('10440', 12, '10440_14');
INSERT INTO `collection` (id, serial, cardId) VALUES ('10440', 13, '10440_15');
INSERT INTO `collection` (id, serial, cardId) VALUES ('3135', 1, '3135_3');
INSERT INTO `collection` (id, serial, cardId) VALUES ('3135', 2, '3135_4');
INSERT INTO `collection` (id, serial, cardId) VALUES ('3135', 3, '3135_5');
INSERT INTO `collection` (id, serial, cardId) VALUES ('3135', 4, '3135_6');
INSERT INTO `collection` (id, serial, cardId) VALUES ('3135', 5, '3135_7');
INSERT INTO `collection` (id, serial, cardId) VALUES ('3135', 6, '3135_8');
INSERT INTO `collection` (id, serial, cardId) VALUES ('3135', 7, '3135_9');
INSERT INTO `collection` (id, serial, cardId) VALUES ('3135', 8, '3135_10');
INSERT INTO `collection` (id, serial, cardId) VALUES ('3135', 9, '3135_11');
INSERT INTO `collection` (id, serial, cardId) VALUES ('3135', 10, '3135_12');
INSERT INTO `collection` (id, serial, cardId) VALUES ('3135', 11, '3135_13');
INSERT INTO `collection` (id, serial, cardId) VALUES ('5314', 1, '5314_3');
INSERT INTO `collection` (id, serial, cardId) VALUES ('5314', 2, '5314_4');
INSERT INTO `collection` (id, serial, cardId) VALUES ('5314', 3, '5314_5');
INSERT INTO `collection` (id, serial, cardId) VALUES ('5314', 4, '5314_6');
INSERT INTO `collection` (id, serial, cardId) VALUES ('5314', 5, '5314_7');
INSERT INTO `collection` (id, serial, cardId) VALUES ('5314', 6, '5314_8');
INSERT INTO `collection` (id, serial, cardId) VALUES ('5314', 7, '5314_9');
INSERT INTO `collection` (id, serial, cardId) VALUES ('5314', 8, '5314_10');
INSERT INTO `collection` (id, serial, cardId) VALUES ('5314', 9, '5314_11');
INSERT INTO `collection` (id, serial, cardId) VALUES ('5314', 10, '5314_12');
INSERT INTO `collection` (id, serial, cardId) VALUES ('5314', 11, '5314_13');
INSERT INTO `collection` (id, serial, cardId) VALUES ('22637', 1, '22637_3');
INSERT INTO `collection` (id, serial, cardId) VALUES ('22637', 2, '22637_4');
INSERT INTO `collection` (id, serial, cardId) VALUES ('22637', 3, '22637_5');
INSERT INTO `collection` (id, serial, cardId) VALUES ('22637', 4, '22637_6');
INSERT INTO `collection` (id, serial, cardId) VALUES ('22637', 5, '22637_7');
INSERT INTO `collection` (id, serial, cardId) VALUES ('22637', 6, '22637_8');
INSERT INTO `collection` (id, serial, cardId) VALUES ('22637', 7, '22637_9');
INSERT INTO `collection` (id, serial, cardId) VALUES ('22637', 8, '22637_10');
INSERT INTO `collection` (id, serial, cardId) VALUES ('22637', 9, '22637_11');
INSERT INTO `collection` (id, serial, cardId) VALUES ('22637', 10, '22637_12');
INSERT INTO `collection` (id, serial, cardId) VALUES ('22637', 11, '22637_13');
INSERT INTO `collection` (id, serial, cardId) VALUES ('22637', 12, '22637_14');
INSERT INTO `collection` (id, serial, cardId) VALUES ('22637', 13, '22637_15');
INSERT INTO `collection` (id, serial, cardId) VALUES ('22637', 14, '22637_16');
INSERT INTO `collection` (id, serial, cardId) VALUES ('22637', 15, '22637_17');
INSERT INTO `collection` (id, serial, cardId) VALUES ('22637', 16, '22637_18');
INSERT INTO `collection` (id, serial, cardId) VALUES ('22637', 17, '22637_19');
INSERT INTO `collection` (id, serial, cardId) VALUES ('22533', 1, '22533_3');
INSERT INTO `collection` (id, serial, cardId) VALUES ('22533', 2, '22533_4');
INSERT INTO `collection` (id, serial, cardId) VALUES ('22533', 3, '22533_5');
INSERT INTO `collection` (id, serial, cardId) VALUES ('22533', 4, '22533_6');
INSERT INTO `collection` (id, serial, cardId) VALUES ('22533', 5, '22533_7');
INSERT INTO `collection` (id, serial, cardId) VALUES ('22533', 6, '22533_8');
INSERT INTO `collection` (id, serial, cardId) VALUES ('22533', 7, '22533_9');
INSERT INTO `collection` (id, serial, cardId) VALUES ('22533', 8, '22533_10');
INSERT INTO `collection` (id, serial, cardId) VALUES ('22533', 9, '22533_11');
INSERT INTO `collection` (id, serial, cardId) VALUES ('19384', 1, '19384_3');
INSERT INTO `collection` (id, serial, cardId) VALUES ('19384', 2, '19384_4');
INSERT INTO `collection` (id, serial, cardId) VALUES ('19384', 3, '19384_5');
INSERT INTO `collection` (id, serial, cardId) VALUES ('19384', 4, '19384_6');
INSERT INTO `collection` (id, serial, cardId) VALUES ('19384', 5, '19384_7');
INSERT INTO `collection` (id, serial, cardId) VALUES ('19384', 6, '19384_8');
INSERT INTO `collection` (id, serial, cardId) VALUES ('19384', 7, '19384_9');
INSERT INTO `collection` (id, serial, cardId) VALUES ('19384', 8, '19384_10');
INSERT INTO `collection` (id, serial, cardId) VALUES ('19384', 9, '19384_11');
INSERT INTO `collection` (id, serial, cardId) VALUES ('19384', 10, '19384_12');
INSERT INTO `collection` (id, serial, cardId) VALUES ('19384', 11, '19384_13');
INSERT INTO `collection` (id, serial, cardId) VALUES ('19384', 12, '19384_14');
INSERT INTO `collection` (id, serial, cardId) VALUES ('19384', 13, '19384_15');
INSERT INTO `collection` (id, serial, cardId) VALUES ('19384', 14, '19384_16');
INSERT INTO `collection` (id, serial, cardId) VALUES ('19384', 15, '19384_17');
INSERT INTO `collection` (id, serial, cardId) VALUES ('19384', 16, '19384_18');
INSERT INTO `collection` (id, serial, cardId) VALUES ('19384', 17, '19384_19');
INSERT INTO `collection` (id, serial, cardId) VALUES ('9681', 1, '9681_3');
INSERT INTO `collection` (id, serial, cardId) VALUES ('9681', 2, '9681_4');
INSERT INTO `collection` (id, serial, cardId) VALUES ('9681', 3, '9681_5');
INSERT INTO `collection` (id, serial, cardId) VALUES ('9681', 4, '9681_6');
INSERT INTO `collection` (id, serial, cardId) VALUES ('9681', 5, '9681_7');
INSERT INTO `collection` (id, serial, cardId) VALUES ('9681', 6, '9681_8');
INSERT INTO `collection` (id, serial, cardId) VALUES ('9681', 7, '9681_9');
INSERT INTO `collection` (id, serial, cardId) VALUES ('9681', 8, '9681_10');
INSERT INTO `collection` (id, serial, cardId) VALUES ('9681', 9, '9681_11');
INSERT INTO `collection` (id, serial, cardId) VALUES ('21074', 1, '21074_3');
INSERT INTO `collection` (id, serial, cardId) VALUES ('21074', 2, '21074_4');
INSERT INTO `collection` (id, serial, cardId) VALUES ('21074', 3, '21074_5');
INSERT INTO `collection` (id, serial, cardId) VALUES ('21074', 4, '21074_6');
INSERT INTO `collection` (id, serial, cardId) VALUES ('21074', 5, '21074_7');
INSERT INTO `collection` (id, serial, cardId) VALUES ('21074', 6, '21074_8');
INSERT INTO `collection` (id, serial, cardId) VALUES ('21074', 7, '21074_9');
INSERT INTO `collection` (id, serial, cardId) VALUES ('21074', 8, '21074_10');
INSERT INTO `collection` (id, serial, cardId) VALUES ('21074', 9, '21074_11');
INSERT INTO `collection` (id, serial, cardId) VALUES ('21074', 10, '21074_12');
INSERT INTO `collection` (id, serial, cardId) VALUES ('21074', 11, '21074_13');
INSERT INTO `collection` (id, serial, cardId) VALUES ('21074', 12, '21074_14');
INSERT INTO `collection` (id, serial, cardId) VALUES ('21074', 13, '21074_15');
INSERT INTO `collection` (id, serial, cardId) VALUES ('21130', 1, '21130_3');
INSERT INTO `collection` (id, serial, cardId) VALUES ('21130', 2, '21130_4');
INSERT INTO `collection` (id, serial, cardId) VALUES ('21130', 3, '21130_5');
INSERT INTO `collection` (id, serial, cardId) VALUES ('21130', 4, '21130_6');
INSERT INTO `collection` (id, serial, cardId) VALUES ('21130', 5, '21130_7');
INSERT INTO `collection` (id, serial, cardId) VALUES ('21130', 6, '21130_8');
INSERT INTO `collection` (id, serial, cardId) VALUES ('21130', 7, '21130_9');
INSERT INTO `collection` (id, serial, cardId) VALUES ('21130', 8, '21130_10');
INSERT INTO `collection` (id, serial, cardId) VALUES ('21130', 9, '21130_11');
INSERT INTO `collection` (id, serial, cardId) VALUES ('21130', 10, '21130_12');
INSERT INTO `collection` (id, serial, cardId) VALUES ('21130', 11, '21130_13');
INSERT INTO `collection` (id, serial, cardId) VALUES ('21130', 12, '21130_14');
INSERT INTO `collection` (id, serial, cardId) VALUES ('21130', 13, '21130_15');
INSERT INTO `collection` (id, serial, cardId) VALUES ('21130', 14, '21130_16');
INSERT INTO `collection` (id, serial, cardId) VALUES ('21130', 15, '21130_17');
INSERT INTO `collection` (id, serial, cardId) VALUES ('21130', 16, '21130_18');
INSERT INTO `collection` (id, serial, cardId) VALUES ('21130', 17, '21130_19');
INSERT INTO `collection` (id, serial, cardId) VALUES ('23407', 1, '23407_3');
INSERT INTO `collection` (id, serial, cardId) VALUES ('23407', 2, '23407_4');
INSERT INTO `collection` (id, serial, cardId) VALUES ('23407', 3, '23407_5');
INSERT INTO `collection` (id, serial, cardId) VALUES ('23407', 4, '23407_6');
INSERT INTO `collection` (id, serial, cardId) VALUES ('23407', 5, '23407_7');
INSERT INTO `collection` (id, serial, cardId) VALUES ('23407', 6, '23407_8');
INSERT INTO `collection` (id, serial, cardId) VALUES ('23407', 7, '23407_9');
INSERT INTO `collection` (id, serial, cardId) VALUES ('23407', 8, '23407_10');
INSERT INTO `collection` (id, serial, cardId) VALUES ('23407', 9, '23407_11');
INSERT INTO `collection` (id, serial, cardId) VALUES ('23407', 10, '23407_12');
INSERT INTO `collection` (id, serial, cardId) VALUES ('23407', 11, '23407_13');
INSERT INTO `collection` (id, serial, cardId) VALUES ('23407', 12, '23407_14');
INSERT INTO `collection` (id, serial, cardId) VALUES ('23407', 13, '23407_15');
INSERT INTO `collection` (id, serial, cardId) VALUES ('2758', 1, '2758_3');
INSERT INTO `collection` (id, serial, cardId) VALUES ('2758', 2, '2758_4');
INSERT INTO `collection` (id, serial, cardId) VALUES ('2758', 3, '2758_5');
INSERT INTO `collection` (id, serial, cardId) VALUES ('2758', 4, '2758_6');
INSERT INTO `collection` (id, serial, cardId) VALUES ('2758', 5, '2758_7');
INSERT INTO `collection` (id, serial, cardId) VALUES ('2758', 6, '2758_8');
INSERT INTO `collection` (id, serial, cardId) VALUES ('2758', 7, '2758_9');
INSERT INTO `collection` (id, serial, cardId) VALUES ('2758', 8, '2758_10');
INSERT INTO `collection` (id, serial, cardId) VALUES ('2758', 9, '2758_11');
INSERT INTO `collection` (id, serial, cardId) VALUES ('1970', 1, '1970_3');
INSERT INTO `collection` (id, serial, cardId) VALUES ('1970', 2, '1970_4');
INSERT INTO `collection` (id, serial, cardId) VALUES ('1970', 3, '1970_5');
INSERT INTO `collection` (id, serial, cardId) VALUES ('1970', 4, '1970_6');
INSERT INTO `collection` (id, serial, cardId) VALUES ('1970', 5, '1970_7');
INSERT INTO `collection` (id, serial, cardId) VALUES ('1970', 6, '1970_8');
INSERT INTO `collection` (id, serial, cardId) VALUES ('1970', 7, '1970_9');
INSERT INTO `collection` (id, serial, cardId) VALUES ('1970', 8, '1970_10');
INSERT INTO `collection` (id, serial, cardId) VALUES ('1970', 9, '1970_11');
INSERT INTO `collection` (id, serial, cardId) VALUES ('9479', 1, '9479_3');
INSERT INTO `collection` (id, serial, cardId) VALUES ('9479', 2, '9479_4');
INSERT INTO `collection` (id, serial, cardId) VALUES ('9479', 3, '9479_5');
INSERT INTO `collection` (id, serial, cardId) VALUES ('9479', 4, '9479_6');
INSERT INTO `collection` (id, serial, cardId) VALUES ('9479', 5, '9479_7');
INSERT INTO `collection` (id, serial, cardId) VALUES ('9479', 6, '9479_8');
INSERT INTO `collection` (id, serial, cardId) VALUES ('9479', 7, '9479_9');
INSERT INTO `collection` (id, serial, cardId) VALUES ('9479', 8, '9479_10');
INSERT INTO `collection` (id, serial, cardId) VALUES ('9479', 9, '9479_11');
INSERT INTO `collection` (id, serial, cardId) VALUES ('2505', 1, '2505_3');
INSERT INTO `collection` (id, serial, cardId) VALUES ('2505', 2, '2505_4');
INSERT INTO `collection` (id, serial, cardId) VALUES ('2505', 3, '2505_5');
INSERT INTO `collection` (id, serial, cardId) VALUES ('2505', 4, '2505_6');
INSERT INTO `collection` (id, serial, cardId) VALUES ('2505', 5, '2505_7');
INSERT INTO `collection` (id, serial, cardId) VALUES ('2505', 6, '2505_8');
INSERT INTO `collection` (id, serial, cardId) VALUES ('2505', 7, '2505_9');
INSERT INTO `collection` (id, serial, cardId) VALUES ('2505', 8, '2505_10');
INSERT INTO `collection` (id, serial, cardId) VALUES ('2505', 9, '2505_11');
INSERT INTO `collection` (id, serial, cardId) VALUES ('2505', 10, '2505_12');
INSERT INTO `collection` (id, serial, cardId) VALUES ('2505', 11, '2505_13');
INSERT INTO `collection` (id, serial, cardId) VALUES ('2505', 12, '2505_14');
INSERT INTO `collection` (id, serial, cardId) VALUES ('2505', 13, '2505_15');
INSERT INTO `collection` (id, serial, cardId) VALUES ('24746', 1, '24746_3');
INSERT INTO `collection` (id, serial, cardId) VALUES ('24746', 2, '24746_4');
INSERT INTO `collection` (id, serial, cardId) VALUES ('24746', 3, '24746_5');
INSERT INTO `collection` (id, serial, cardId) VALUES ('24746', 4, '24746_6');
INSERT INTO `collection` (id, serial, cardId) VALUES ('24746', 5, '24746_7');
INSERT INTO `collection` (id, serial, cardId) VALUES ('24746', 6, '24746_8');
INSERT INTO `collection` (id, serial, cardId) VALUES ('24746', 7, '24746_9');
INSERT INTO `collection` (id, serial, cardId) VALUES ('24746', 8, '24746_10');
INSERT INTO `collection` (id, serial, cardId) VALUES ('24746', 9, '24746_11');
INSERT INTO `collection` (id, serial, cardId) VALUES ('24746', 10, '24746_12');
INSERT INTO `collection` (id, serial, cardId) VALUES ('24746', 11, '24746_13');
INSERT INTO `collection` (id, serial, cardId) VALUES ('24746', 12, '24746_14');
INSERT INTO `collection` (id, serial, cardId) VALUES ('24746', 13, '24746_15');
INSERT INTO `collection` (id, serial, cardId) VALUES ('14814', 1, '14814_3');
INSERT INTO `collection` (id, serial, cardId) VALUES ('14814', 2, '14814_4');
INSERT INTO `collection` (id, serial, cardId) VALUES ('14814', 3, '14814_5');
INSERT INTO `collection` (id, serial, cardId) VALUES ('14814', 4, '14814_6');
INSERT INTO `collection` (id, serial, cardId) VALUES ('14814', 5, '14814_7');
INSERT INTO `collection` (id, serial, cardId) VALUES ('14814', 6, '14814_8');
INSERT INTO `collection` (id, serial, cardId) VALUES ('14814', 7, '14814_9');
INSERT INTO `collection` (id, serial, cardId) VALUES ('14814', 8, '14814_10');
INSERT INTO `collection` (id, serial, cardId) VALUES ('14814', 9, '14814_11');
INSERT INTO `collection` (id, serial, cardId) VALUES ('22111', 1, '22111_3');
INSERT INTO `collection` (id, serial, cardId) VALUES ('22111', 2, '22111_4');
INSERT INTO `collection` (id, serial, cardId) VALUES ('22111', 3, '22111_5');
INSERT INTO `collection` (id, serial, cardId) VALUES ('22111', 4, '22111_6');
INSERT INTO `collection` (id, serial, cardId) VALUES ('22111', 5, '22111_7');
INSERT INTO `collection` (id, serial, cardId) VALUES ('22111', 6, '22111_8');
INSERT INTO `collection` (id, serial, cardId) VALUES ('22111', 7, '22111_9');
INSERT INTO `collection` (id, serial, cardId) VALUES ('22111', 8, '22111_10');
INSERT INTO `collection` (id, serial, cardId) VALUES ('22111', 9, '22111_11');
INSERT INTO `collection` (id, serial, cardId) VALUES ('22111', 10, '22111_12');
INSERT INTO `collection` (id, serial, cardId) VALUES ('22111', 11, '22111_13');
INSERT INTO `collection` (id, serial, cardId) VALUES ('22111', 12, '22111_14');
INSERT INTO `collection` (id, serial, cardId) VALUES ('22111', 13, '22111_15');
INSERT INTO `collection` (id, serial, cardId) VALUES ('22111', 14, '22111_16');
INSERT INTO `collection` (id, serial, cardId) VALUES ('22111', 15, '22111_17');
INSERT INTO `collection` (id, serial, cardId) VALUES ('22111', 16, '22111_18');
INSERT INTO `collection` (id, serial, cardId) VALUES ('22111', 17, '22111_19');
INSERT INTO `collection` (id, serial, cardId) VALUES ('story', 0, '24752');
INSERT INTO `collection` (id, serial, cardId) VALUES ('story', 1, '8074');
INSERT INTO `collection` (id, serial, cardId) VALUES ('story', 2, '15403');
INSERT INTO `collection` (id, serial, cardId) VALUES ('story', 3, '18218');
INSERT INTO `collection` (id, serial, cardId) VALUES ('story', 4, '12925');
INSERT INTO `collection` (id, serial, cardId) VALUES ('story', 5, '10555');
INSERT INTO `collection` (id, serial, cardId) VALUES ('story', 6, '19094');
INSERT INTO `collection` (id, serial, cardId) VALUES ('story', 7, '15862');
INSERT INTO `collection` (id, serial, cardId) VALUES ('story', 8, '22560');
INSERT INTO `collection` (id, serial, cardId) VALUES ('story', 9, '23908');
INSERT INTO `collection` (id, serial, cardId) VALUES ('story', 10, '1978');
INSERT INTO `collection` (id, serial, cardId) VALUES ('story', 11, '2234');
INSERT INTO `collection` (id, serial, cardId) VALUES ('story', 12, '22000');
INSERT INTO `collection` (id, serial, cardId) VALUES ('story', 13, '21995');
INSERT INTO `collection` (id, serial, cardId) VALUES ('story', 14, '22806');
INSERT INTO `collection` (id, serial, cardId) VALUES ('story', 15, '21817');
INSERT INTO `collection` (id, serial, cardId) VALUES ('story', 16, '24734');
INSERT INTO `collection` (id, serial, cardId) VALUES ('story', 17, '30269');
INSERT INTO `collection` (id, serial, cardId) VALUES ('story', 18, '31354');
INSERT INTO `collection` (id, serial, cardId) VALUES ('story', 19, '21143');
INSERT INTO `collection` (id, serial, cardId) VALUES ('story', 20, '2830');
INSERT INTO `collection` (id, serial, cardId) VALUES ('story', 21, '2912');
INSERT INTO `collection` (id, serial, cardId) VALUES ('story', 22, '2526');
INSERT INTO `collection` (id, serial, cardId) VALUES ('story', 23, '12428');
INSERT INTO `collection` (id, serial, cardId) VALUES ('story', 24, '14419');
INSERT INTO `collection` (id, serial, cardId) VALUES ('story', 25, '21610');
INSERT INTO `collection` (id, serial, cardId) VALUES ('story', 26, '31503');
INSERT INTO `collection` (id, serial, cardId) VALUES ('story', 27, '19110');
INSERT INTO `collection` (id, serial, cardId) VALUES ('story', 28, '20431');
INSERT INTO `collection` (id, serial, cardId) VALUES ('story', 29, '12899');
INSERT INTO `collection` (id, serial, cardId) VALUES ('story', 30, '18417');
INSERT INTO `collection` (id, serial, cardId) VALUES ('story', 31, '22084');
INSERT INTO `collection` (id, serial, cardId) VALUES ('story', 32, '20434');
INSERT INTO `collection` (id, serial, cardId) VALUES ('story', 33, '22086');
INSERT INTO `collection` (id, serial, cardId) VALUES ('story', 34, '10680');
INSERT INTO `collection` (id, serial, cardId) VALUES ('story', 35, '21445');
INSERT INTO `collection` (id, serial, cardId) VALUES ('story', 36, '30807');
INSERT INTO `collection` (id, serial, cardId) VALUES ('story', 37, '30271');
INSERT INTO `collection` (id, serial, cardId) VALUES ('story', 38, '15612');
INSERT INTO `collection` (id, serial, cardId) VALUES ('story', 39, '21985');
INSERT INTO `collection` (id, serial, cardId) VALUES ('story', 40, '21998');
INSERT INTO `collection` (id, serial, cardId) VALUES ('story', 41, '15613');
INSERT INTO `collection` (id, serial, cardId) VALUES ('story', 42, '8698');
INSERT INTO `collection` (id, serial, cardId) VALUES ('story', 43, '19193');
INSERT INTO `collection` (id, serial, cardId) VALUES ('story', 44, '16199');
INSERT INTO `collection` (id, serial, cardId) VALUES ('story', 45, '9911');
INSERT INTO `collection` (id, serial, cardId) VALUES ('story', 46, '23107');
INSERT INTO `collection` (id, serial, cardId) VALUES ('story', 47, '17135');
INSERT INTO `collection` (id, serial, cardId) VALUES ('story', 48, '8040');
INSERT INTO `collection` (id, serial, cardId) VALUES ('story', 49, '19386');
INSERT INTO `collection` (id, serial, cardId) VALUES ('story', 50, '21838');
INSERT INTO `collection` (id, serial, cardId) VALUES ('story', 51, '12609');
INSERT INTO `collection` (id, serial, cardId) VALUES ('story', 52, '20439');
INSERT INTO `collection` (id, serial, cardId) VALUES ('story', 53, '20436');
INSERT INTO `collection` (id, serial, cardId) VALUES ('story', 54, '22557');
INSERT INTO `collection` (id, serial, cardId) VALUES ('story', 55, '16587');
INSERT INTO `collection` (id, serial, cardId) VALUES ('story', 56, '22081');
INSERT INTO `collection` (id, serial, cardId) VALUES ('story', 57, '22062');
INSERT INTO `collection` (id, serial, cardId) VALUES ('story', 58, '2632');
INSERT INTO `collection` (id, serial, cardId) VALUES ('story', 59, '22468');
INSERT INTO `collection` (id, serial, cardId) VALUES ('story', 60, '3127');
INSERT INTO `collection` (id, serial, cardId) VALUES ('story', 61, '13544');
INSERT INTO `collection` (id, serial, cardId) VALUES ('story', 62, '22567');
INSERT INTO `collection` (id, serial, cardId) VALUES ('story', 63, '23308');
INSERT INTO `collection` (id, serial, cardId) VALUES ('story', 64, '21841');
INSERT INTO `collection` (id, serial, cardId) VALUES ('story', 65, '20440');
INSERT INTO `collection` (id, serial, cardId) VALUES ('story', 66, '21140');
INSERT INTO `collection` (id, serial, cardId) VALUES ('story', 67, '23158');
INSERT INTO `collection` (id, serial, cardId) VALUES ('story', 68, '2209');
INSERT INTO `collection` (id, serial, cardId) VALUES ('story', 69, '20022');
INSERT INTO `collection` (id, serial, cardId) VALUES ('story', 70, '22004');
INSERT INTO `collection` (id, serial, cardId) VALUES ('story', 71, '24751');
INSERT INTO `collection` (id, serial, cardId) VALUES ('story', 72, '21863');
INSERT INTO `collection` (id, serial, cardId) VALUES ('story', 73, '23035');
INSERT INTO `collection` (id, serial, cardId) VALUES ('story', 74, '22536');
INSERT INTO `collection` (id, serial, cardId) VALUES ('story', 75, '21837');
INSERT INTO `collection` (id, serial, cardId) VALUES ('story', 76, '15934');
INSERT INTO `collection` (id, serial, cardId) VALUES ('story', 77, '21149');
INSERT INTO `collection` (id, serial, cardId) VALUES ('story', 78, '17534');
INSERT INTO `collection` (id, serial, cardId) VALUES ('story', 79, '17031');
INSERT INTO `collection` (id, serial, cardId) VALUES ('story', 80, '2069');
INSERT INTO `collection` (id, serial, cardId) VALUES ('story', 81, '22088');
INSERT INTO `collection` (id, serial, cardId) VALUES ('story', 82, '15938');
INSERT INTO `collection` (id, serial, cardId) VALUES ('story', 83, '8442');
INSERT INTO `collection` (id, serial, cardId) VALUES ('story', 84, '24473');
INSERT INTO `collection` (id, serial, cardId) VALUES ('story', 85, '21999');
INSERT INTO `collection` (id, serial, cardId) VALUES ('story', 86, '22080');
INSERT INTO `collection` (id, serial, cardId) VALUES ('story', 87, '12670');
INSERT INTO `collection` (id, serial, cardId) VALUES ('story', 88, '19586');
INSERT INTO `collection` (id, serial, cardId) VALUES ('story', 89, '21075');
INSERT INTO `collection` (id, serial, cardId) VALUES ('story', 90, '18330');
INSERT INTO `collection` (id, serial, cardId) VALUES ('story', 91, '14412');
INSERT INTO `collection` (id, serial, cardId) VALUES ('story', 92, '2405');
INSERT INTO `collection` (id, serial, cardId) VALUES ('story', 93, '21126');
INSERT INTO `collection` (id, serial, cardId) VALUES ('story', 94, '12652');
INSERT INTO `collection` (id, serial, cardId) VALUES ('story', 95, '15746');
INSERT INTO `collection` (id, serial, cardId) VALUES ('story', 96, '12602');
INSERT INTO `collection` (id, serial, cardId) VALUES ('story', 97, '22087');
INSERT INTO `collection` (id, serial, cardId) VALUES ('story', 98, '21151');
INSERT INTO `collection` (id, serial, cardId) VALUES ('story', 99, '16742');
INSERT INTO `collection` (id, serial, cardId) VALUES ('story', 100, '16084');
INSERT INTO `collection` (id, serial, cardId) VALUES ('story', 101, '19404');
INSERT INTO `collection` (id, serial, cardId) VALUES ('story', 102, '22462');
INSERT INTO `collection` (id, serial, cardId) VALUES ('story', 103, '22582');
INSERT INTO `collection` (id, serial, cardId) VALUES ('story', 104, '19403');
INSERT INTO `collection` (id, serial, cardId) VALUES ('story', 105, '22043');
INSERT INTO `collection` (id, serial, cardId) VALUES ('story', 106, '3101');
INSERT INTO `collection` (id, serial, cardId) VALUES ('story', 107, '19877');
INSERT INTO `collection` (id, serial, cardId) VALUES ('story', 108, '21635');
INSERT INTO `collection` (id, serial, cardId) VALUES ('story', 109, '19401');
INSERT INTO `collection` (id, serial, cardId) VALUES ('story', 110, '15611');
INSERT INTO `collection` (id, serial, cardId) VALUES ('story', 111, '7868');
INSERT INTO `collection` (id, serial, cardId) VALUES ('story', 112, '22059');
INSERT INTO `collection` (id, serial, cardId) VALUES ('story', 113, '23851');
INSERT INTO `collection` (id, serial, cardId) VALUES ('story', 114, '21124');
INSERT INTO `collection` (id, serial, cardId) VALUES ('story', 115, '7881');
INSERT INTO `collection` (id, serial, cardId) VALUES ('story', 116, '7865');
INSERT INTO `collection` (id, serial, cardId) VALUES ('story', 117, '22085');
INSERT INTO `collection` (id, serial, cardId) VALUES ('story', 118, '24750');
INSERT INTO `collection` (id, serial, cardId) VALUES ('story', 119, '10152');
INSERT INTO `collection` (id, serial, cardId) VALUES ('story', 120, '22469');
INSERT INTO `collection` (id, serial, cardId) VALUES ('story', 121, '7871');
INSERT INTO `collection` (id, serial, cardId) VALUES ('story', 122, '22082');
INSERT INTO `collection` (id, serial, cardId) VALUES ('story', 123, '3140');
INSERT INTO `collection` (id, serial, cardId) VALUES ('story', 124, '22079');
INSERT INTO `collection` (id, serial, cardId) VALUES ('story', 125, '7860');
INSERT INTO `collection` (id, serial, cardId) VALUES ('story', 126, '2530');
INSERT INTO `collection` (id, serial, cardId) VALUES ('story', 127, '13026');
INSERT INTO `collection` (id, serial, cardId) VALUES ('story', 128, '24771');
INSERT INTO `collection` (id, serial, cardId) VALUES ('story', 129, '18419');
INSERT INTO `collection` (id, serial, cardId) VALUES ('story', 130, '2994');
INSERT INTO `collection` (id, serial, cardId) VALUES ('story', 131, '13309');
INSERT INTO `collection` (id, serial, cardId) VALUES ('story', 132, '15861');
INSERT INTO `collection` (id, serial, cardId) VALUES ('story', 133, '23300');
INSERT INTO `collection` (id, serial, cardId) VALUES ('story', 134, '15865');
INSERT INTO `collection` (id, serial, cardId) VALUES ('story', 135, '12915');
INSERT INTO `collection` (id, serial, cardId) VALUES ('story', 136, '14812');
INSERT INTO `collection` (id, serial, cardId) VALUES ('story', 137, '24769');
INSERT INTO `collection` (id, serial, cardId) VALUES ('story', 138, '12689');
INSERT INTO `collection` (id, serial, cardId) VALUES ('story', 139, '2340');
INSERT INTO `collection` (id, serial, cardId) VALUES ('story', 140, '22352');
INSERT INTO `collection` (id, serial, cardId) VALUES ('story', 141, '12600');
INSERT INTO `collection` (id, serial, cardId) VALUES ('story', 142, '15609');
INSERT INTO `collection` (id, serial, cardId) VALUES ('story', 143, '10166');
INSERT INTO `collection` (id, serial, cardId) VALUES ('story', 144, '22068');
INSERT INTO `collection` (id, serial, cardId) VALUES ('story', 145, '1176');
INSERT INTO `collection` (id, serial, cardId) VALUES ('story', 146, '19600');
INSERT INTO `collection` (id, serial, cardId) VALUES ('story', 147, '19400');
INSERT INTO `collection` (id, serial, cardId) VALUES ('story', 148, '2229');
INSERT INTO `collection` (id, serial, cardId) VALUES ('story', 149, '31282');
INSERT INTO `collection` (id, serial, cardId) VALUES ('story', 150, '12632');
INSERT INTO `collection` (id, serial, cardId) VALUES ('story', 151, '22061');
INSERT INTO `collection` (id, serial, cardId) VALUES ('story', 152, '15863');
INSERT INTO `collection` (id, serial, cardId) VALUES ('story', 153, '7874');
INSERT INTO `collection` (id, serial, cardId) VALUES ('story', 154, '22049');
INSERT INTO `collection` (id, serial, cardId) VALUES ('story', 155, '23747');
INSERT INTO `collection` (id, serial, cardId) VALUES ('story', 156, '22750');
INSERT INTO `collection` (id, serial, cardId) VALUES ('story', 157, '21747');
INSERT INTO `collection` (id, serial, cardId) VALUES ('story', 158, '2344');
INSERT INTO `collection` (id, serial, cardId) VALUES ('story', 159, '15942');
INSERT INTO `collection` (id, serial, cardId) VALUES ('story', 160, '7877');
INSERT INTO `collection` (id, serial, cardId) VALUES ('story', 161, '9684');
INSERT INTO `collection` (id, serial, cardId) VALUES ('story', 162, '15616');
INSERT INTO `collection` (id, serial, cardId) VALUES ('story', 163, '9480');
INSERT INTO `collection` (id, serial, cardId) VALUES ('story', 164, '21621');
INSERT INTO `collection` (id, serial, cardId) VALUES ('story', 165, '12687');
INSERT INTO `collection` (id, serial, cardId) VALUES ('story', 166, '15712');
INSERT INTO `collection` (id, serial, cardId) VALUES ('story', 167, '24042');
INSERT INTO `collection` (id, serial, cardId) VALUES ('story', 168, '3003');
INSERT INTO `collection` (id, serial, cardId) VALUES ('story', 169, '22531');
INSERT INTO `collection` (id, serial, cardId) VALUES ('story', 170, '21141');
INSERT INTO `collection` (id, serial, cardId) VALUES ('story', 171, '12653');
INSERT INTO `collection` (id, serial, cardId) VALUES ('story', 172, '20433');
INSERT INTO `collection` (id, serial, cardId) VALUES ('story', 173, '21842');
INSERT INTO `collection` (id, serial, cardId) VALUES ('story', 174, '9529');
INSERT INTO `collection` (id, serial, cardId) VALUES ('story', 175, '21836');
INSERT INTO `collection` (id, serial, cardId) VALUES ('story', 176, '2106');
INSERT INTO `collection` (id, serial, cardId) VALUES ('story', 177, '31301');
INSERT INTO `collection` (id, serial, cardId) VALUES ('story', 178, '2878');
INSERT INTO `collection` (id, serial, cardId) VALUES ('story', 179, '3159');
INSERT INTO `collection` (id, serial, cardId) VALUES ('story', 180, '21994');
INSERT INTO `collection` (id, serial, cardId) VALUES ('story', 181, '2987');
INSERT INTO `collection` (id, serial, cardId) VALUES ('story', 182, '12692');
INSERT INTO `collection` (id, serial, cardId) VALUES ('story', 183, '21073');
INSERT INTO `collection` (id, serial, cardId) VALUES ('story', 184, '30270');
INSERT INTO `collection` (id, serial, cardId) VALUES ('story', 185, '23775');
INSERT INTO `collection` (id, serial, cardId) VALUES ('story', 186, '22530');
INSERT INTO `collection` (id, serial, cardId) VALUES ('story', 187, '8877');
INSERT INTO `collection` (id, serial, cardId) VALUES ('story', 188, '22065');
INSERT INTO `collection` (id, serial, cardId) VALUES ('story', 189, '19402');
INSERT INTO `collection` (id, serial, cardId) VALUES ('story', 190, '15558');
INSERT INTO `collection` (id, serial, cardId) VALUES ('story', 191, '22083');
INSERT INTO `collection` (id, serial, cardId) VALUES ('story', 192, '21127');
INSERT INTO `collection` (id, serial, cardId) VALUES ('story', 193, '31418');
INSERT INTO `collection` (id, serial, cardId) VALUES ('story', 194, '21809');
INSERT INTO `collection` (id, serial, cardId) VALUES ('story', 195, '29688');
INSERT INTO `collection` (id, serial, cardId) VALUES ('story', 196, '24422');
INSERT INTO `collection` (id, serial, cardId) VALUES ('story', 197, '9527');
INSERT INTO `collection` (id, serial, cardId) VALUES ('story', 198, '31547');
INSERT INTO `collection` (id, serial, cardId) VALUES ('story', 199, '6718');
INSERT INTO `collection` (id, serial, cardId) VALUES ('story', 200, '22078');
INSERT INTO `collection` (id, serial, cardId) VALUES ('story', 201, '10202');
INSERT INTO `collection` (id, serial, cardId) VALUES ('story', 202, '10442');
INSERT INTO `collection` (id, serial, cardId) VALUES ('story', 203, '2574');
INSERT INTO `collection` (id, serial, cardId) VALUES ('story', 204, '22747');
INSERT INTO `collection` (id, serial, cardId) VALUES ('story', 205, '8712');
INSERT INTO `collection` (id, serial, cardId) VALUES ('story', 206, '2197');
INSERT INTO `collection` (id, serial, cardId) VALUES ('story', 207, '2974');
INSERT INTO `collection` (id, serial, cardId) VALUES ('story', 208, '2397');
INSERT INTO `collection` (id, serial, cardId) VALUES ('story', 209, '23109');
INSERT INTO `collection` (id, serial, cardId) VALUES ('story', 210, '8707');
INSERT INTO `collection` (id, serial, cardId) VALUES ('story', 211, '15615');
INSERT INTO `collection` (id, serial, cardId) VALUES ('story', 212, '15032');
INSERT INTO `collection` (id, serial, cardId) VALUES ('story', 213, '8433');
INSERT INTO `collection` (id, serial, cardId) VALUES ('story', 214, '11139');
INSERT INTO `collection` (id, serial, cardId) VALUES ('story', 215, '21059');
INSERT INTO `collection` (id, serial, cardId) VALUES ('story', 216, '22002');
INSERT INTO `collection` (id, serial, cardId) VALUES ('story', 217, '20374');
INSERT INTO `collection` (id, serial, cardId) VALUES ('story', 218, '18342');
INSERT INTO `collection` (id, serial, cardId) VALUES ('story', 219, '8438');
INSERT INTO `collection` (id, serial, cardId) VALUES ('story', 220, '17533');
INSERT INTO `collection` (id, serial, cardId) VALUES ('story', 221, '21134');
INSERT INTO `collection` (id, serial, cardId) VALUES ('story', 222, '3083');
INSERT INTO `collection` (id, serial, cardId) VALUES ('story', 223, '13092');
INSERT INTO `collection` (id, serial, cardId) VALUES ('story', 224, '16197');
INSERT INTO `collection` (id, serial, cardId) VALUES ('story', 225, '21631');
INSERT INTO `collection` (id, serial, cardId) VALUES ('story', 226, '22003');
INSERT INTO `collection` (id, serial, cardId) VALUES ('story', 227, '8713');
INSERT INTO `collection` (id, serial, cardId) VALUES ('story', 228, '24748');
INSERT INTO `collection` (id, serial, cardId) VALUES ('story', 229, '23143');
INSERT INTO `collection` (id, serial, cardId) VALUES ('story', 230, '3914');
INSERT INTO `collection` (id, serial, cardId) VALUES ('story', 231, '13303');
INSERT INTO `collection` (id, serial, cardId) VALUES ('story', 232, '30267');
INSERT INTO `collection` (id, serial, cardId) VALUES ('story', 233, '23156');
INSERT INTO `collection` (id, serial, cardId) VALUES ('story', 234, '16210');
INSERT INTO `collection` (id, serial, cardId) VALUES ('story', 235, '15614');
INSERT INTO `collection` (id, serial, cardId) VALUES ('story', 236, '21138');
INSERT INTO `collection` (id, serial, cardId) VALUES ('story', 237, '23033');
INSERT INTO `collection` (id, serial, cardId) VALUES ('story', 238, '18344');
INSERT INTO `collection` (id, serial, cardId) VALUES ('story', 239, '15864');
INSERT INTO `collection` (id, serial, cardId) VALUES ('story', 240, '18345');
INSERT INTO `collection` (id, serial, cardId) VALUES ('story', 241, '22572');
INSERT INTO `collection` (id, serial, cardId) VALUES ('story', 242, '23751');
INSERT INTO `collection` (id, serial, cardId) VALUES ('story', 243, '17937');
INSERT INTO `collection` (id, serial, cardId) VALUES ('story', 244, '21816');
INSERT INTO `collection` (id, serial, cardId) VALUES ('story', 245, '8690');
INSERT INTO `collection` (id, serial, cardId) VALUES ('story', 246, '29975');
INSERT INTO `collection` (id, serial, cardId) VALUES ('story', 247, '22067');
INSERT INTO `collection` (id, serial, cardId) VALUES ('story', 248, '2611');
INSERT INTO `collection` (id, serial, cardId) VALUES ('story', 249, '10440');
INSERT INTO `collection` (id, serial, cardId) VALUES ('story', 250, '3135');
INSERT INTO `collection` (id, serial, cardId) VALUES ('story', 251, '5314');
INSERT INTO `collection` (id, serial, cardId) VALUES ('story', 252, '22637');
INSERT INTO `collection` (id, serial, cardId) VALUES ('story', 253, '22533');
INSERT INTO `collection` (id, serial, cardId) VALUES ('story', 254, '19384');
INSERT INTO `collection` (id, serial, cardId) VALUES ('story', 255, '9681');
INSERT INTO `collection` (id, serial, cardId) VALUES ('story', 256, '21074');
INSERT INTO `collection` (id, serial, cardId) VALUES ('story', 257, '21130');
INSERT INTO `collection` (id, serial, cardId) VALUES ('story', 258, '23407');
INSERT INTO `collection` (id, serial, cardId) VALUES ('story', 259, '2758');
INSERT INTO `collection` (id, serial, cardId) VALUES ('story', 260, '1970');
INSERT INTO `collection` (id, serial, cardId) VALUES ('story', 261, '9479');
INSERT INTO `collection` (id, serial, cardId) VALUES ('story', 262, '2505');
INSERT INTO `collection` (id, serial, cardId) VALUES ('story', 263, '24746');
INSERT INTO `collection` (id, serial, cardId) VALUES ('story', 264, '14814');
INSERT INTO `collection` (id, serial, cardId) VALUES ('story', 265, '22111');
